suite,configuration,method,window,workload_replay_id,energy_uncertainty,workload_uncertainty,sample_size,gamma,rho,effective_capacity_fraction,bess_degradation_cost_usd_per_mwh_throughput,solver_status,solve_wall_time_seconds,solver_runtime_seconds,mip_gap,decomposition_iterations,active_scenario_count,nominal_grid_cost_usd,nominal_bess_degradation_cost_usd,nominal_operating_cost_usd,actual_grid_cost_usd,actual_operating_cost_usd,actual_carbon_kg,actual_curtailment_mwh,batch_adjustment_mwh,workload_envelope_violation_mwh,grid_limit_violation_mw,ramp_violation_mw,workload_violation,grid_limit_violation,ramp_violation
main,deterministic,deterministic,2025-01-01,0,True,True,0,,,0.7,20.0,optimal,1.842229199988651,1.8422310999885667,0.0,0,0,15682.221731441778,168.14303716611622,15850.364768607893,14837.036888971264,15005.17992613738,170032.16786365915,0.49862956680233406,51.424824347331516,0.0,0.0,0.0,False,False,False
main,deterministic,deterministic,2025-01-01,1,True,True,0,,,0.7,20.0,optimal,1.842229199988651,1.8422310999885667,0.0,0,0,15682.221731441778,168.14303716611622,15850.364768607893,15844.77921640461,16012.922253570725,190430.52395851904,0.08684864855887026,57.01731503811697,0.0,0.0,0.0,False,False,False
main,deterministic,deterministic,2025-01-01,2,True,True,0,,,0.7,20.0,optimal,1.842229199988651,1.8422310999885667,0.0,0,0,15682.221731441778,168.14303716611622,15850.364768607893,15505.930592920537,15674.073630086652,180787.3792602168,0.08188014820472636,45.73078887131765,0.0,0.0,0.0,False,False,False
main,deterministic,deterministic,2025-01-01,3,True,True,0,,,0.7,20.0,optimal,1.842229199988651,1.8422310999885667,0.0,0,0,15682.221731441778,168.14303716611622,15850.364768607893,15730.983040771931,15899.126077938046,189756.67995066644,0.0,52.26711896698974,0.0,0.0,0.0,False,False,False
main,deterministic,deterministic,2025-01-01,4,True,True,0,,,0.7,20.0,optimal,1.842229199988651,1.8422310999885667,0.0,0,0,15682.221731441778,168.14303716611622,15850.364768607893,15648.033912917945,15816.17695008406,185385.78956779907,0.0632302808889269,49.013091423147756,0.0,0.0,0.0,False,False,False
main,deterministic,deterministic,2025-01-01,5,True,True,0,,,0.7,20.0,optimal,1.842229199988651,1.8422310999885667,0.0,0,0,15682.221731441778,168.14303716611622,15850.364768607893,16046.023224279785,16214.1662614459,200957.35554069365,0.0,52.87644776329772,0.0,0.0,0.0,False,False,False
main,deterministic,deterministic,2025-01-01,6,True,True,0,,,0.7,20.0,optimal,1.842229199988651,1.8422310999885667,0.0,0,0,15682.221731441778,168.14303716611622,15850.364768607893,15941.757664790674,16109.900701956789,194188.42715286533,0.0,46.64528440205097,0.0,0.0,0.0,False,False,False
main,deterministic,deterministic,2025-01-01,7,True,True,0,,,0.7,20.0,optimal,1.842229199988651,1.8422310999885667,0.0,0,0,15682.221731441778,168.14303716611622,15850.364768607893,15300.425282368018,15468.568319534133,175719.04688498846,0.020347979330290228,50.0841015477966,0.0,0.0,0.0,False,False,False
main,deterministic,deterministic,2025-01-01,8,True,True,0,,,0.7,20.0,optimal,1.842229199988651,1.8422310999885667,0.0,0,0,15682.221731441778,168.14303716611622,15850.364768607893,15839.727212368074,16007.87024953419,190229.09128491534,0.18882208138100798,51.742660878232954,0.0,0.0,0.0,False,False,False
main,deterministic,deterministic,2025-01-01,9,True,True,0,,,0.7,20.0,optimal,1.842229199988651,1.8422310999885667,0.0,0,0,15682.221731441778,168.14303716611622,15850.364768607893,15843.682342667002,16011.825379833117,192695.225933941,0.0,58.859206609061566,0.0,0.0,0.0,False,False,False
main,deterministic,deterministic,2025-01-01,10,True,True,0,,,0.7,20.0,optimal,1.842229199988651,1.8422310999885667,0.0,0,0,15682.221731441778,168.14303716611622,15850.364768607893,15514.072530025056,15682.215567191171,183407.24228916998,0.0833444608305064,51.870492977588746,0.0,0.0,0.0,False,False,False
main,deterministic,deterministic,2025-01-01,11,True,True,0,,,0.7,20.0,optimal,1.842229199988651,1.8422310999885667,0.0,0,0,15682.221731441778,168.14303716611622,15850.364768607893,15270.50949340652,15438.652530572635,183405.98472786276,0.0,42.916836983510564,0.0,0.0,0.0,False,False,False
main,deterministic,deterministic,2025-01-01,12,True,True,0,,,0.7,20.0,optimal,1.842229199988651,1.8422310999885667,0.0,0,0,15682.221731441778,168.14303716611622,15850.364768607893,15862.60970812224,16030.752745288355,195955.12776767314,0.0,45.1493339331526,0.0,0.0,0.0,False,False,False
main,deterministic,deterministic,2025-01-01,13,True,True,0,,,0.7,20.0,optimal,1.842229199988651,1.8422310999885667,0.0,0,0,15682.221731441778,168.14303716611622,15850.364768607893,16101.069561065084,16269.212598231199,198334.31744376293,0.1500523103175404,53.28065066862806,0.0,0.0,0.0,False,False,False
main,deterministic,deterministic,2025-01-01,14,True,True,0,,,0.7,20.0,optimal,1.842229199988651,1.8422310999885667,0.0,0,0,15682.221731441778,168.14303716611622,15850.364768607893,15344.167279225583,15512.310316391699,178111.40053177022,0.09179886107942825,50.386900810013636,0.0,0.0,0.0,False,False,False
main,deterministic,deterministic,2025-01-01,15,True,True,0,,,0.7,20.0,optimal,1.842229199988651,1.8422310999885667,0.0,0,0,15682.221731441778,168.14303716611622,15850.364768607893,15352.874356741988,15521.017393908103,174296.5801322229,0.028959327854007816,45.714038007768906,0.0,0.0,0.0,False,False,False
main,deterministic,deterministic,2025-01-01,16,True,True,0,,,0.7,20.0,optimal,1.842229199988651,1.8422310999885667,0.0,0,0,15682.221731441778,168.14303716611622,15850.364768607893,15078.336272816452,15246.479309982567,170869.83093262976,0.03606366855062573,46.4836090864729,0.0,0.0,0.0,False,False,False
main,deterministic,deterministic,2025-01-01,17,True,True,0,,,0.7,20.0,optimal,1.842229199988651,1.8422310999885667,0.0,0,0,15682.221731441778,168.14303716611622,15850.364768607893,15325.329503892866,15493.472541058982,177954.57329969326,0.10844012451355134,55.34839947192644,0.0,0.0,0.0,False,False,False
main,deterministic,deterministic,2025-01-01,18,True,True,0,,,0.7,20.0,optimal,1.842229199988651,1.8422310999885667,0.0,0,0,15682.221731441778,168.14303716611622,15850.364768607893,15712.073582802705,15880.21661996882,190264.50010942455,0.0,55.22498032115793,0.0,0.0,0.0,False,False,False
main,deterministic,deterministic,2025-01-01,19,True,True,0,,,0.7,20.0,optimal,1.842229199988651,1.8422310999885667,0.0,0,0,15682.221731441778,168.14303716611622,15850.364768607893,15576.306197834707,15744.449235000822,189476.44677442443,0.08097823354357891,52.2860897589386,0.0,0.0,0.0,False,False,False
main,deterministic,deterministic,2025-01-01,20,True,True,0,,,0.7,20.0,optimal,1.842229199988651,1.8422310999885667,0.0,0,0,15682.221731441778,168.14303716611622,15850.364768607893,16106.40751799809,16274.550555164205,193969.13815930425,0.0,45.835761161437546,0.0,0.0,0.0,False,False,False
main,deterministic,deterministic,2025-01-01,21,True,True,0,,,0.7,20.0,optimal,1.842229199988651,1.8422310999885667,0.0,0,0,15682.221731441778,168.14303716611622,15850.364768607893,15165.81622334407,15333.959260510186,174884.19270658295,0.14558437698452803,44.60618247564836,0.0,0.0,0.0,False,False,False
main,deterministic,deterministic,2025-01-01,22,True,True,0,,,0.7,20.0,optimal,1.842229199988651,1.8422310999885667,0.0,0,0,15682.221731441778,168.14303716611622,15850.364768607893,15834.017523527858,16002.160560693974,190395.305298626,0.02657784645702499,49.554842874331534,0.0,0.0,0.0,False,False,False
main,deterministic,deterministic,2025-01-01,23,True,True,0,,,0.7,20.0,optimal,1.842229199988651,1.8422310999885667,0.0,0,0,15682.221731441778,168.14303716611622,15850.364768607893,15921.513818620973,16089.656855787089,189994.54346096748,0.0,47.926791484960034,0.0,0.0,0.0,False,False,False
main,deterministic,deterministic,2025-01-01,24,True,True,0,,,0.7,20.0,optimal,1.842229199988651,1.8422310999885667,0.0,0,0,15682.221731441778,168.14303716611622,15850.364768607893,15319.73734430069,15487.880381466806,180435.49381733264,0.10567313604808662,52.150415330881025,0.0,0.0,0.0,False,False,False
main,deterministic,deterministic,2025-01-01,25,True,True,0,,,0.7,20.0,optimal,1.842229199988651,1.8422310999885667,0.0,0,0,15682.221731441778,168.14303716611622,15850.364768607893,16815.193229858967,16983.336267025083,221296.54748097277,0.0,46.083554739819355,0.0,0.0,0.0,False,False,False
main,deterministic,deterministic,2025-01-01,26,True,True,0,,,0.7,20.0,optimal,1.842229199988651,1.8422310999885667,0.0,0,0,15682.221731441778,168.14303716611622,15850.364768607893,15822.117355515602,15990.260392681717,186472.74828694438,0.187226738118524,55.264871522872795,0.0,0.0,0.0,False,False,False
main,deterministic,deterministic,2025-01-01,27,True,True,0,,,0.7,20.0,optimal,1.842229199988651,1.8422310999885667,0.0,0,0,15682.221731441778,168.14303716611622,15850.364768607893,14549.090334922957,14717.233372089073,168964.04003617712,0.14431034237662138,55.12889129093087,0.0,0.0,0.0,False,False,False
main,deterministic,deterministic,2025-01-01,28,True,True,0,,,0.7,20.0,optimal,1.842229199988651,1.8422310999885667,0.0,0,0,15682.221731441778,168.14303716611622,15850.364768607893,15621.435590263627,15789.578627429742,185813.99228428942,0.08763924473099674,40.7715749353501,0.0,0.0,0.0,False,False,False
main,deterministic,deterministic,2025-01-01,29,True,True,0,,,0.7,20.0,optimal,1.842229199988651,1.8422310999885667,0.0,0,0,15682.221731441778,168.14303716611622,15850.364768607893,15886.4418829823,16054.584920148416,195776.736761212,0.030916769877295164,39.035550414353274,0.0,0.0,0.0,False,False,False
main,deterministic,deterministic,2025-01-01,30,True,True,0,,,0.7,20.0,optimal,1.842229199988651,1.8422310999885667,0.0,0,0,15682.221731441778,168.14303716611622,15850.364768607893,15003.371523286225,15171.51456045234,165192.85414903294,0.0,46.41475466934594,0.0,0.0,0.0,False,False,False
main,deterministic,deterministic,2025-01-01,31,True,True,0,,,0.7,20.0,optimal,1.842229199988651,1.8422310999885667,0.0,0,0,15682.221731441778,168.14303716611622,15850.364768607893,15903.438972905305,16071.58201007142,202230.9519352975,0.1970049161446923,50.15738746331443,0.0,0.0,0.0,False,False,False
main,deterministic,deterministic,2025-01-01,32,True,True,0,,,0.7,20.0,optimal,1.842229199988651,1.8422310999885667,0.0,0,0,15682.221731441778,168.14303716611622,15850.364768607893,15680.071925774875,15848.21496294099,184417.09456943654,0.0,48.966432979231264,0.0,0.0,0.0,False,False,False
main,deterministic,deterministic,2025-01-01,33,True,True,0,,,0.7,20.0,optimal,1.842229199988651,1.8422310999885667,0.0,0,0,15682.221731441778,168.14303716611622,15850.364768607893,16911.371076972726,17079.51411413884,219909.21072009343,0.04697440711880671,61.69474421163488,0.0,0.0,0.0,False,False,False
main,deterministic,deterministic,2025-01-01,34,True,True,0,,,0.7,20.0,optimal,1.842229199988651,1.8422310999885667,0.0,0,0,15682.221731441778,168.14303716611622,15850.364768607893,16128.58400377819,16296.727040944306,194145.57985421494,0.10408902453550967,52.01519219644558,0.0,0.0,0.0,False,False,False
main,deterministic,deterministic,2025-01-01,35,True,True,0,,,0.7,20.0,optimal,1.842229199988651,1.8422310999885667,0.0,0,0,15682.221731441778,168.14303716611622,15850.364768607893,14902.640083724817,15070.783120890932,176501.89917499784,0.0,54.65777556091021,0.0,0.0,0.0,False,False,False
main,deterministic,deterministic,2025-01-01,36,True,True,0,,,0.7,20.0,optimal,1.842229199988651,1.8422310999885667,0.0,0,0,15682.221731441778,168.14303716611622,15850.364768607893,15205.193023971855,15373.33606113797,174601.49111984405,0.0,53.49880307403698,0.0,0.0,0.0,False,False,False
main,deterministic,deterministic,2025-01-01,37,True,True,0,,,0.7,20.0,optimal,1.842229199988651,1.8422310999885667,0.0,0,0,15682.221731441778,168.14303716611622,15850.364768607893,15487.147812231484,15655.2908493976,183234.83662243153,0.0,41.52287045859624,0.0,0.0,0.0,False,False,False
main,deterministic,deterministic,2025-01-01,38,True,True,0,,,0.7,20.0,optimal,1.842229199988651,1.8422310999885667,0.0,0,0,15682.221731441778,168.14303716611622,15850.364768607893,15445.302150962023,15613.445188128138,184906.5764575152,0.0,48.45538505083228,0.0,0.0,0.0,False,False,False
main,deterministic,deterministic,2025-01-01,39,True,True,0,,,0.7,20.0,optimal,1.842229199988651,1.8422310999885667,0.0,0,0,15682.221731441778,168.14303716611622,15850.364768607893,15668.674121889571,15836.817159055687,195315.6360318806,0.057814929904075885,40.34948232560855,0.0,0.0,0.0,False,False,False
main,deterministic,deterministic,2025-01-01,40,True,True,0,,,0.7,20.0,optimal,1.842229199988651,1.8422310999885667,0.0,0,0,15682.221731441778,168.14303716611622,15850.364768607893,16164.298883699177,16332.441920865293,196303.41982441928,0.0,43.83420802792446,0.0,0.0,0.0,False,False,False
main,deterministic,deterministic,2025-01-01,41,True,True,0,,,0.7,20.0,optimal,1.842229199988651,1.8422310999885667,0.0,0,0,15682.221731441778,168.14303716611622,15850.364768607893,15610.39580541916,15778.538842585276,191160.70423314592,0.007824836454047746,37.122902364069425,0.0,0.0,0.0,False,False,False
main,deterministic,deterministic,2025-01-01,42,True,True,0,,,0.7,20.0,optimal,1.842229199988651,1.8422310999885667,0.0,0,0,15682.221731441778,168.14303716611622,15850.364768607893,16267.854094977602,16435.99713214372,192150.84669442652,0.0,54.825780316600934,0.0,0.0,0.0,False,False,False
main,deterministic,deterministic,2025-01-01,43,True,True,0,,,0.7,20.0,optimal,1.842229199988651,1.8422310999885667,0.0,0,0,15682.221731441778,168.14303716611622,15850.364768607893,15076.406019093349,15244.549056259464,172297.4439973486,0.13724718452205356,52.43375913819632,0.0,0.0,0.0,False,False,False
main,deterministic,deterministic,2025-01-01,44,True,True,0,,,0.7,20.0,optimal,1.842229199988651,1.8422310999885667,0.0,0,0,15682.221731441778,168.14303716611622,15850.364768607893,15257.503038778214,15425.646075944329,180083.42027826322,0.14222632282577624,49.771006811247986,0.0,0.0,0.0,False,False,False
main,deterministic,deterministic,2025-01-01,45,True,True,0,,,0.7,20.0,optimal,1.842229199988651,1.8422310999885667,0.0,0,0,15682.221731441778,168.14303716611622,15850.364768607893,16338.115470501598,16506.258507667713,196701.3691075237,0.23614730013013718,54.628044509738736,0.0,0.0,0.0,False,False,False
main,deterministic,deterministic,2025-01-01,46,True,True,0,,,0.7,20.0,optimal,1.842229199988651,1.8422310999885667,0.0,0,0,15682.221731441778,168.14303716611622,15850.364768607893,15794.916477916624,15963.05951508274,188937.0189759679,0.1519928808573402,50.29426814223002,0.0,0.0,0.0,False,False,False
main,deterministic,deterministic,2025-01-01,47,True,True,0,,,0.7,20.0,optimal,1.842229199988651,1.8422310999885667,0.0,0,0,15682.221731441778,168.14303716611622,15850.364768607893,15736.835501490432,15904.978538656547,195764.36805946837,0.09147196532174307,51.54246585045585,0.0,0.0,0.0,False,False,False
main,deterministic,deterministic,2025-01-01,48,True,True,0,,,0.7,20.0,optimal,1.842229199988651,1.8422310999885667,0.0,0,0,15682.221731441778,168.14303716611622,15850.364768607893,16102.356713972802,16270.499751138917,206778.16365655456,0.0,48.04716947417581,0.0,0.0,0.0,False,False,False
main,deterministic,deterministic,2025-01-01,49,True,True,0,,,0.7,20.0,optimal,1.842229199988651,1.8422310999885667,0.0,0,0,15682.221731441778,168.14303716611622,15850.364768607893,16021.144135546252,16189.287172712367,200920.18530272826,0.04570459077504027,50.373430239619424,0.0,0.0,0.0,False,False,False
main,deterministic,deterministic,2025-01-01,50,True,True,0,,,0.7,20.0,optimal,1.842229199988651,1.8422310999885667,0.0,0,0,15682.221731441778,168.14303716611622,15850.364768607893,15658.879989095149,15827.023026261264,188866.90526762255,0.0,55.37016536499834,0.0,0.0,0.0,False,False,False
main,deterministic,deterministic,2025-01-01,51,True,True,0,,,0.7,20.0,optimal,1.842229199988651,1.8422310999885667,0.0,0,0,15682.221731441778,168.14303716611622,15850.364768607893,15587.412019103442,15755.555056269557,179714.93892844606,0.0,48.97429497381,0.0,0.0,0.0,False,False,False
main,deterministic,deterministic,2025-01-01,52,True,True,0,,,0.7,20.0,optimal,1.842229199988651,1.8422310999885667,0.0,0,0,15682.221731441778,168.14303716611622,15850.364768607893,16241.151195149823,16409.29423231594,201539.9132164419,0.19181086866860242,56.11912643807754,0.0,0.0,0.0,False,False,False
main,deterministic,deterministic,2025-01-01,53,True,True,0,,,0.7,20.0,optimal,1.842229199988651,1.8422310999885667,0.0,0,0,15682.221731441778,168.14303716611622,15850.364768607893,15451.937806313743,15620.080843479858,183051.46222582093,0.0,44.22098217469315,0.0,0.0,0.0,False,False,False
main,deterministic,deterministic,2025-01-01,54,True,True,0,,,0.7,20.0,optimal,1.842229199988651,1.8422310999885667,0.0,0,0,15682.221731441778,168.14303716611622,15850.364768607893,15997.782032581188,16165.925069747303,201216.35987115846,0.0,46.11063805393001,0.0,0.0,0.0,False,False,False
main,deterministic,deterministic,2025-01-01,55,True,True,0,,,0.7,20.0,optimal,1.842229199988651,1.8422310999885667,0.0,0,0,15682.221731441778,168.14303716611622,15850.364768607893,15642.291276470822,15810.434313636937,185329.34388579,0.14117829977204321,54.96929917147263,0.0,0.0,0.0,False,False,False
main,deterministic,deterministic,2025-01-01,56,True,True,0,,,0.7,20.0,optimal,1.842229199988651,1.8422310999885667,0.0,0,0,15682.221731441778,168.14303716611622,15850.364768607893,15957.974714496977,16126.117751663092,192527.35237062623,0.00531490235267737,39.10727946586994,0.0,0.0,0.0,False,False,False
main,deterministic,deterministic,2025-01-01,57,True,True,0,,,0.7,20.0,optimal,1.842229199988651,1.8422310999885667,0.0,0,0,15682.221731441778,168.14303716611622,15850.364768607893,15637.140498417693,15805.283535583809,184843.041432616,0.0,50.26711179476842,0.0,0.0,0.0,False,False,False
main,deterministic,deterministic,2025-01-01,58,True,True,0,,,0.7,20.0,optimal,1.842229199988651,1.8422310999885667,0.0,0,0,15682.221731441778,168.14303716611622,15850.364768607893,16235.909328642656,16404.052365808773,205820.73081966006,0.07916585203828941,57.197680825501806,0.0,0.0,0.0,False,False,False
main,deterministic,deterministic,2025-01-01,59,True,True,0,,,0.7,20.0,optimal,1.842229199988651,1.8422310999885667,0.0,0,0,15682.221731441778,168.14303716611622,15850.364768607893,16310.802756256737,16478.945793422852,206671.44994324658,0.10279625088264055,53.31896192094675,0.0,0.0,0.0,False,False,False
main,deterministic,deterministic,2025-01-01,60,True,True,0,,,0.7,20.0,optimal,1.842229199988651,1.8422310999885667,0.0,0,0,15682.221731441778,168.14303716611622,15850.364768607893,15722.674917251945,15890.81795441806,194522.10556224544,0.25827762814425215,51.39527485674758,0.0,0.0,0.0,False,False,False
main,deterministic,deterministic,2025-01-01,61,True,True,0,,,0.7,20.0,optimal,1.842229199988651,1.8422310999885667,0.0,0,0,15682.221731441778,168.14303716611622,15850.364768607893,15608.563502151545,15776.70653931766,190481.03596265105,0.03200460281438236,41.60810770473463,0.0,0.0,0.0,False,False,False
main,deterministic,deterministic,2025-01-01,62,True,True,0,,,0.7,20.0,optimal,1.842229199988651,1.8422310999885667,0.0,0,0,15682.221731441778,168.14303716611622,15850.364768607893,15037.722795932614,15205.86583309873,175714.44233070555,0.05913959462157936,55.39714271758041,0.0,0.0,0.0,False,False,False
main,deterministic,deterministic,2025-01-01,63,True,True,0,,,0.7,20.0,optimal,1.842229199988651,1.8422310999885667,0.0,0,0,15682.221731441778,168.14303716611622,15850.364768607893,15708.684890814904,15876.82792798102,184921.8280840998,0.030237710168281057,55.59082860092138,0.0,0.0,0.0,False,False,False
main,deterministic,deterministic,2025-01-01,64,True,True,0,,,0.7,20.0,optimal,1.842229199988651,1.8422310999885667,0.0,0,0,15682.221731441778,168.14303716611622,15850.364768607893,15414.625564271839,15582.768601437954,173843.22211824066,0.08285682387387142,50.09019463881525,0.0,0.0,0.0,False,False,False
main,deterministic,deterministic,2025-01-01,65,True,True,0,,,0.7,20.0,optimal,1.842229199988651,1.8422310999885667,0.0,0,0,15682.221731441778,168.14303716611622,15850.364768607893,15905.54203993618,16073.685077102295,189671.17746545988,0.05086932455584847,53.425484434182955,0.0,0.0,0.0,False,False,False
main,deterministic,deterministic,2025-01-01,66,True,True,0,,,0.7,20.0,optimal,1.842229199988651,1.8422310999885667,0.0,0,0,15682.221731441778,168.14303716611622,15850.364768607893,15810.490336162158,15978.633373328274,193234.70935036486,0.0,56.98143375356401,0.0,0.0,0.0,False,False,False
main,deterministic,deterministic,2025-01-01,67,True,True,0,,,0.7,20.0,optimal,1.842229199988651,1.8422310999885667,0.0,0,0,15682.221731441778,168.14303716611622,15850.364768607893,15114.381438928453,15282.524476094568,169675.24854105525,0.0,50.18741719579739,0.0,0.0,0.0,False,False,False
main,deterministic,deterministic,2025-01-01,68,True,True,0,,,0.7,20.0,optimal,1.842229199988651,1.8422310999885667,0.0,0,0,15682.221731441778,168.14303716611622,15850.364768607893,16874.44893260913,17042.591969775247,214177.3773473339,0.0,54.37283638735944,0.0,0.0,0.0,False,False,False
main,deterministic,deterministic,2025-01-01,69,True,True,0,,,0.7,20.0,optimal,1.842229199988651,1.8422310999885667,0.0,0,0,15682.221731441778,168.14303716611622,15850.364768607893,16156.844528348198,16324.987565514313,208043.99013291986,0.0,51.10197918996028,0.0,0.0,0.0,False,False,False
main,deterministic,deterministic,2025-01-01,70,True,True,0,,,0.7,20.0,optimal,1.842229199988651,1.8422310999885667,0.0,0,0,15682.221731441778,168.14303716611622,15850.364768607893,15975.509905860825,16143.65294302694,201959.55878983287,0.0,54.88662287670781,0.0,0.0,0.0,False,False,False
main,deterministic,deterministic,2025-01-01,71,True,True,0,,,0.7,20.0,optimal,1.842229199988651,1.8422310999885667,0.0,0,0,15682.221731441778,168.14303716611622,15850.364768607893,15667.541576722937,15835.684613889052,182069.9315327709,0.008352711610149222,56.60870497866327,0.0,0.0,0.0,False,False,False
main,deterministic,deterministic,2025-01-01,72,True,True,0,,,0.7,20.0,optimal,1.842229199988651,1.8422310999885667,0.0,0,0,15682.221731441778,168.14303716611622,15850.364768607893,15336.71995340483,15504.862990570946,181528.96762836754,0.0,58.28089571591897,0.0,0.0,0.0,False,False,False
main,deterministic,deterministic,2025-01-01,73,True,True,0,,,0.7,20.0,optimal,1.842229199988651,1.8422310999885667,0.0,0,0,15682.221731441778,168.14303716611622,15850.364768607893,15444.580177249563,15612.723214415679,184150.97548425474,0.04081604268760869,48.578264666025454,0.0,0.0,0.0,False,False,False
main,deterministic,deterministic,2025-01-01,74,True,True,0,,,0.7,20.0,optimal,1.842229199988651,1.8422310999885667,0.0,0,0,15682.221731441778,168.14303716611622,15850.364768607893,15228.692140635418,15396.835177801533,172689.2071518012,0.0,52.15559473687023,0.0,0.0,0.0,False,False,False
main,deterministic,deterministic,2025-01-01,75,True,True,0,,,0.7,20.0,optimal,1.842229199988651,1.8422310999885667,0.0,0,0,15682.221731441778,168.14303716611622,15850.364768607893,15665.342919248276,15833.485956414392,191029.14753279556,0.17896047596245424,50.566881897129406,0.0,0.0,0.0,False,False,False
main,deterministic,deterministic,2025-01-01,76,True,True,0,,,0.7,20.0,optimal,1.842229199988651,1.8422310999885667,0.0,0,0,15682.221731441778,168.14303716611622,15850.364768607893,15932.660654834122,16100.803692000238,210814.92266646898,0.0,50.768225396368834,0.0,0.0,0.0,False,False,False
main,deterministic,deterministic,2025-01-01,77,True,True,0,,,0.7,20.0,optimal,1.842229199988651,1.8422310999885667,0.0,0,0,15682.221731441778,168.14303716611622,15850.364768607893,15297.691851246256,15465.834888412372,173072.69680458878,0.0,45.605639755096924,0.0,0.0,0.0,False,False,False
main,deterministic,deterministic,2025-01-01,78,True,True,0,,,0.7,20.0,optimal,1.842229199988651,1.8422310999885667,0.0,0,0,15682.221731441778,168.14303716611622,15850.364768607893,15294.734840568788,15462.877877734903,178125.5305200047,0.0,49.907282203209704,0.0,0.0,0.0,False,False,False
main,deterministic,deterministic,2025-01-01,79,True,True,0,,,0.7,20.0,optimal,1.842229199988651,1.8422310999885667,0.0,0,0,15682.221731441778,168.14303716611622,15850.364768607893,16282.449532619537,16450.592569785655,199862.22773052775,0.0,47.33950014673561,0.0,0.0,0.0,False,False,False
main,deterministic,deterministic,2025-01-01,80,True,True,0,,,0.7,20.0,optimal,1.842229199988651,1.8422310999885667,0.0,0,0,15682.221731441778,168.14303716611622,15850.364768607893,16057.709514812139,16225.852551978254,201168.55940107,0.0,48.91668071410299,0.0,0.0,0.0,False,False,False
main,deterministic,deterministic,2025-01-01,81,True,True,0,,,0.7,20.0,optimal,1.842229199988651,1.8422310999885667,0.0,0,0,15682.221731441778,168.14303716611622,15850.364768607893,15671.49925204115,15839.642289207266,185251.3037376856,0.124687834387083,58.80497283321656,0.0,0.0,0.0,False,False,False
main,deterministic,deterministic,2025-01-01,82,True,True,0,,,0.7,20.0,optimal,1.842229199988651,1.8422310999885667,0.0,0,0,15682.221731441778,168.14303716611622,15850.364768607893,15357.229795441517,15525.372832607633,183166.60166595978,0.07305403701739724,44.57191568935527,0.0,0.0,0.0,False,False,False
main,deterministic,deterministic,2025-01-01,83,True,True,0,,,0.7,20.0,optimal,1.842229199988651,1.8422310999885667,0.0,0,0,15682.221731441778,168.14303716611622,15850.364768607893,16043.903891607895,16212.04692877401,202867.9140293662,0.04106225130651758,43.67289303628994,0.0,0.0,0.0,False,False,False
main,deterministic,deterministic,2025-01-01,84,True,True,0,,,0.7,20.0,optimal,1.842229199988651,1.8422310999885667,0.0,0,0,15682.221731441778,168.14303716611622,15850.364768607893,15893.531927543958,16061.674964710073,203521.6555631197,0.11651222011883869,41.61814478508996,0.0,0.0,0.0,False,False,False
main,deterministic,deterministic,2025-01-01,85,True,True,0,,,0.7,20.0,optimal,1.842229199988651,1.8422310999885667,0.0,0,0,15682.221731441778,168.14303716611622,15850.364768607893,15854.180452848532,16022.323490014647,192813.01138850348,0.0,54.06251291590092,0.0,0.0,0.0,False,False,False
main,deterministic,deterministic,2025-01-01,86,True,True,0,,,0.7,20.0,optimal,1.842229199988651,1.8422310999885667,0.0,0,0,15682.221731441778,168.14303716611622,15850.364768607893,16055.257633161527,16223.400670327643,195011.38652918438,0.07687092651645885,44.01487318088208,0.0,0.0,0.0,False,False,False
main,deterministic,deterministic,2025-01-01,87,True,True,0,,,0.7,20.0,optimal,1.842229199988651,1.8422310999885667,0.0,0,0,15682.221731441778,168.14303716611622,15850.364768607893,15155.64265474045,15323.785691906565,171240.67251416374,0.15755769463181557,49.381312725754746,0.0,0.0,0.0,False,False,False
main,deterministic,deterministic,2025-01-01,88,True,True,0,,,0.7,20.0,optimal,1.842229199988651,1.8422310999885667,0.0,0,0,15682.221731441778,168.14303716611622,15850.364768607893,15822.084503648897,15990.227540815013,171829.3451872183,0.367644595216792,58.5784225842752,0.0,0.0,0.0,False,False,False
main,deterministic,deterministic,2025-01-01,89,True,True,0,,,0.7,20.0,optimal,1.842229199988651,1.8422310999885667,0.0,0,0,15682.221731441778,168.14303716611622,15850.364768607893,16183.23175441216,16351.374791578275,190010.44818521864,0.0,50.171844331793125,0.0,0.0,0.0,False,False,False
main,deterministic,deterministic,2025-01-01,90,True,True,0,,,0.7,20.0,optimal,1.842229199988651,1.8422310999885667,0.0,0,0,15682.221731441778,168.14303716611622,15850.364768607893,15311.96640545261,15480.109442618725,184289.06461960298,0.14272223111062188,53.67806417481748,0.0,0.0,0.0,False,False,False
main,deterministic,deterministic,2025-01-01,91,True,True,0,,,0.7,20.0,optimal,1.842229199988651,1.8422310999885667,0.0,0,0,15682.221731441778,168.14303716611622,15850.364768607893,14937.543982036572,15105.687019202687,163169.1512488325,0.0,48.19122123685448,0.0,0.0,0.0,False,False,False
main,deterministic,deterministic,2025-01-01,92,True,True,0,,,0.7,20.0,optimal,1.842229199988651,1.8422310999885667,0.0,0,0,15682.221731441778,168.14303716611622,15850.364768607893,15796.917535299544,15965.06057246566,178308.5827610116,0.0,42.747222482164254,0.0,0.0,0.0,False,False,False
main,deterministic,deterministic,2025-01-01,93,True,True,0,,,0.7,20.0,optimal,1.842229199988651,1.8422310999885667,0.0,0,0,15682.221731441778,168.14303716611622,15850.364768607893,15559.465978689845,15727.60901585596,190443.97928037576,0.1428620950141007,50.594563295189936,0.0,0.0,0.0,False,False,False
main,deterministic,deterministic,2025-01-01,94,True,True,0,,,0.7,20.0,optimal,1.842229199988651,1.8422310999885667,0.0,0,0,15682.221731441778,168.14303716611622,15850.364768607893,15220.196694000977,15388.339731167092,181001.5437680811,0.021764084787162047,45.66376592076639,0.0,0.0,0.0,False,False,False
main,deterministic,deterministic,2025-01-01,95,True,True,0,,,0.7,20.0,optimal,1.842229199988651,1.8422310999885667,0.0,0,0,15682.221731441778,168.14303716611622,15850.364768607893,14976.217155929298,15144.360193095414,174686.6931546794,0.03120652959486822,51.076928798971274,0.0,0.0,0.0,False,False,False
main,deterministic,deterministic,2025-01-01,96,True,True,0,,,0.7,20.0,optimal,1.842229199988651,1.8422310999885667,0.0,0,0,15682.221731441778,168.14303716611622,15850.364768607893,15529.673436687677,15697.816473853793,182095.48351987617,0.07874070332594343,48.00490372995636,0.0,0.0,0.0,False,False,False
main,deterministic,deterministic,2025-01-01,97,True,True,0,,,0.7,20.0,optimal,1.842229199988651,1.8422310999885667,0.0,0,0,15682.221731441778,168.14303716611622,15850.364768607893,15558.290700943855,15726.43373810997,181128.42741969455,0.0,49.571076409919606,0.0,0.0,0.0,False,False,False
main,deterministic,deterministic,2025-01-01,98,True,True,0,,,0.7,20.0,optimal,1.842229199988651,1.8422310999885667,0.0,0,0,15682.221731441778,168.14303716611622,15850.364768607893,15703.168214192616,15871.311251358731,182413.20072924957,0.101202988710867,45.80609112743303,0.0,0.0,0.0,False,False,False
main,deterministic,deterministic,2025-01-01,99,True,True,0,,,0.7,20.0,optimal,1.842229199988651,1.8422310999885667,0.0,0,0,15682.221731441778,168.14303716611622,15850.364768607893,15552.941785503312,15721.084822669427,179255.2824975848,0.06784896363151327,52.21165270526045,0.0,0.0,0.0,False,False,False
main,deterministic,deterministic,2025-04-01,0,True,True,0,,,0.7,20.0,optimal,2.0388982000004034,2.0388986000034492,0.0,0,0,15494.70179464932,485.3868675732696,15980.08866222259,14864.690920624145,15350.077788197415,119971.99485272422,0.0,54.929698786726235,0.0,0.0,0.0,False,False,False
main,deterministic,deterministic,2025-04-01,1,True,True,0,,,0.7,20.0,optimal,2.0388982000004034,2.0388986000034492,0.0,0,0,15494.70179464932,485.3868675732696,15980.08866222259,15831.264955687062,16316.651823260332,134799.9575895814,0.0,61.73298461401025,0.0,0.0,0.0,False,False,False
main,deterministic,deterministic,2025-04-01,2,True,True,0,,,0.7,20.0,optimal,2.0388982000004034,2.0388986000034492,0.0,0,0,15494.70179464932,485.3868675732696,15980.08866222259,15344.664716046858,15830.051583620128,128683.95649842775,0.0,49.622133730509674,0.0,0.0,0.0,False,False,False
main,deterministic,deterministic,2025-04-01,3,True,True,0,,,0.7,20.0,optimal,2.0388982000004034,2.0388986000034492,0.0,0,0,15494.70179464932,485.3868675732696,15980.08866222259,15869.96977721725,16355.35664479052,135782.7220717599,0.0,54.68093378827881,0.0,0.0,0.0,False,False,False
main,deterministic,deterministic,2025-04-01,4,True,True,0,,,0.7,20.0,optimal,2.0388982000004034,2.0388986000034492,0.0,0,0,15494.70179464932,485.3868675732696,15980.08866222259,15600.672508650097,16086.059376223368,133145.55438609957,0.0,51.47869806622179,0.0,0.0,0.0,False,False,False
main,deterministic,deterministic,2025-04-01,5,True,True,0,,,0.7,20.0,optimal,2.0388982000004034,2.0388986000034492,0.0,0,0,15494.70179464932,485.3868675732696,15980.08866222259,16083.778356270484,16569.165223843753,146201.4583616401,0.012915340824131816,58.680230457103015,0.0,0.0,0.0,False,False,False
main,deterministic,deterministic,2025-04-01,6,True,True,0,,,0.7,20.0,optimal,2.0388982000004034,2.0388986000034492,0.0,0,0,15494.70179464932,485.3868675732696,15980.08866222259,15858.325452727753,16343.712320301023,138953.4371232237,0.0,52.54905089047613,0.0,0.0,0.0,False,False,False
main,deterministic,deterministic,2025-04-01,7,True,True,0,,,0.7,20.0,optimal,2.0388982000004034,2.0388986000034492,0.0,0,0,15494.70179464932,485.3868675732696,15980.08866222259,15315.109191691809,15800.496059265079,124596.00691424226,0.018986679404697393,52.36438873911942,0.0,0.0,0.0,False,False,False
main,deterministic,deterministic,2025-04-01,8,True,True,0,,,0.7,20.0,optimal,2.0388982000004034,2.0388986000034492,0.0,0,0,15494.70179464932,485.3868675732696,15980.08866222259,15951.130099209628,16436.516966782896,137527.8897022458,0.09496043739659998,53.57868473804535,0.0,0.0,0.0,False,False,False
main,deterministic,deterministic,2025-04-01,9,True,True,0,,,0.7,20.0,optimal,2.0388982000004034,2.0388986000034492,0.0,0,0,15494.70179464932,485.3868675732696,15980.08866222259,16078.804390907848,16564.191258481118,137947.8415496784,0.11220214035483589,60.05953771361357,0.0,0.0,0.0,False,False,False
main,deterministic,deterministic,2025-04-01,10,True,True,0,,,0.7,20.0,optimal,2.0388982000004034,2.0388986000034492,0.0,0,0,15494.70179464932,485.3868675732696,15980.08866222259,15580.806866891238,16066.193734464508,129606.333181525,0.0,50.54570996778034,0.0,0.0,0.0,False,False,False
main,deterministic,deterministic,2025-04-01,11,True,True,0,,,0.7,20.0,optimal,2.0388982000004034,2.0388986000034492,0.0,0,0,15494.70179464932,485.3868675732696,15980.08866222259,15584.590300144913,16069.977167718183,129224.5104090343,0.0,44.62850629258794,0.0,0.0,0.0,False,False,False
main,deterministic,deterministic,2025-04-01,12,True,True,0,,,0.7,20.0,optimal,2.0388982000004034,2.0388986000034492,0.0,0,0,15494.70179464932,485.3868675732696,15980.08866222259,15649.174789041313,16134.561656614584,142020.02874935017,0.0031623041412371933,46.72424476551356,0.0,0.0,0.0,False,False,False
main,deterministic,deterministic,2025-04-01,13,True,True,0,,,0.7,20.0,optimal,2.0388982000004034,2.0388986000034492,0.0,0,0,15494.70179464932,485.3868675732696,15980.08866222259,16105.197427520317,16590.584295093588,142395.91451232973,0.21547405198170017,54.6359936497263,0.0,0.0,0.0,False,False,False
main,deterministic,deterministic,2025-04-01,14,True,True,0,,,0.7,20.0,optimal,2.0388982000004034,2.0388986000034492,0.0,0,0,15494.70179464932,485.3868675732696,15980.08866222259,15249.684100614728,15735.070968187998,125506.96616065178,0.0,51.57779075265955,0.0,0.0,0.0,False,False,False
main,deterministic,deterministic,2025-04-01,15,True,True,0,,,0.7,20.0,optimal,2.0388982000004034,2.0388986000034492,0.0,0,0,15494.70179464932,485.3868675732696,15980.08866222259,15093.836200545853,15579.223068119123,123318.73803634544,0.0,49.7133962685783,0.0,0.0,0.0,False,False,False
main,deterministic,deterministic,2025-04-01,16,True,True,0,,,0.7,20.0,optimal,2.0388982000004034,2.0388986000034492,0.0,0,0,15494.70179464932,485.3868675732696,15980.08866222259,14978.896519609883,15464.283387183154,119391.92047839942,0.0,49.950978346206,0.0,0.0,0.0,False,False,False
main,deterministic,deterministic,2025-04-01,17,True,True,0,,,0.7,20.0,optimal,2.0388982000004034,2.0388986000034492,0.0,0,0,15494.70179464932,485.3868675732696,15980.08866222259,15510.390201838056,15995.777069411326,126531.68821726789,0.43102861031310846,62.52998336949168,0.0,0.0,0.0,False,False,False
main,deterministic,deterministic,2025-04-01,18,True,True,0,,,0.7,20.0,optimal,2.0388982000004034,2.0388986000034492,0.0,0,0,15494.70179464932,485.3868675732696,15980.08866222259,16025.827721054862,16511.214588628132,135305.51172556865,0.06241275428681081,57.63700249139467,0.0,0.0,0.0,False,False,False
main,deterministic,deterministic,2025-04-01,19,True,True,0,,,0.7,20.0,optimal,2.0388982000004034,2.0388986000034492,0.0,0,0,15494.70179464932,485.3868675732696,15980.08866222259,15543.030142170152,16028.417009743422,136003.8806239516,0.0,52.434963824705484,0.0,0.0,0.0,False,False,False
main,deterministic,deterministic,2025-04-01,20,True,True,0,,,0.7,20.0,optimal,2.0388982000004034,2.0388986000034492,0.0,0,0,15494.70179464932,485.3868675732696,15980.08866222259,15930.188247079484,16415.575114652755,139509.71600951388,0.0,49.42422736019664,0.0,0.0,0.0,False,False,False
main,deterministic,deterministic,2025-04-01,21,True,True,0,,,0.7,20.0,optimal,2.0388982000004034,2.0388986000034492,0.0,0,0,15494.70179464932,485.3868675732696,15980.08866222259,15545.123783041872,16030.510650615142,123507.87594343096,0.37786834795785706,48.237423099026415,0.0,0.0,0.0,False,False,False
main,deterministic,deterministic,2025-04-01,22,True,True,0,,,0.7,20.0,optimal,2.0388982000004034,2.0388986000034492,0.0,0,0,15494.70179464932,485.3868675732696,15980.08866222259,15768.034052309164,16253.420919882434,135888.49433980414,0.0,53.99294956181763,0.0,0.0,0.0,False,False,False
main,deterministic,deterministic,2025-04-01,23,True,True,0,,,0.7,20.0,optimal,2.0388982000004034,2.0388986000034492,0.0,0,0,15494.70179464932,485.3868675732696,15980.08866222259,15747.33040289861,16232.71727047188,134798.2829713535,0.0,50.96086055594495,0.0,0.0,0.0,False,False,False
main,deterministic,deterministic,2025-04-01,24,True,True,0,,,0.7,20.0,optimal,2.0388982000004034,2.0388986000034492,0.0,0,0,15494.70179464932,485.3868675732696,15980.08866222259,15225.67359307314,15711.06046064641,127874.8279295082,0.13542654384574804,60.176566937765415,0.0,0.0,0.0,False,False,False
main,deterministic,deterministic,2025-04-01,25,True,True,0,,,0.7,20.0,optimal,2.0388982000004034,2.0388986000034492,0.0,0,0,15494.70179464932,485.3868675732696,15980.08866222259,17076.880665977988,17562.267533551258,163258.49539428984,0.0,48.29292104270381,0.0,0.0,0.0,False,False,False
main,deterministic,deterministic,2025-04-01,26,True,True,0,,,0.7,20.0,optimal,2.0388982000004034,2.0388986000034492,0.0,0,0,15494.70179464932,485.3868675732696,15980.08866222259,15533.31853013506,16018.70539770833,133888.5601028019,0.09696529966471995,59.2466875160422,0.0,0.0,0.0,False,False,False
main,deterministic,deterministic,2025-04-01,27,True,True,0,,,0.7,20.0,optimal,2.0388982000004034,2.0388986000034492,0.0,0,0,15494.70179464932,485.3868675732696,15980.08866222259,14999.914036169996,15485.300903743266,118946.33636130785,0.10715046773267489,58.536137564912146,0.0,0.0,0.0,False,False,False
main,deterministic,deterministic,2025-04-01,28,True,True,0,,,0.7,20.0,optimal,2.0388982000004034,2.0388986000034492,0.0,0,0,15494.70179464932,485.3868675732696,15980.08866222259,15715.655687658744,16201.042555232014,132286.8320396484,0.0,44.463218170148764,0.0,0.0,0.0,False,False,False
main,deterministic,deterministic,2025-04-01,29,True,True,0,,,0.7,20.0,optimal,2.0388982000004034,2.0388986000034492,0.0,0,0,15494.70179464932,485.3868675732696,15980.08866222259,16134.47193501965,16619.85880259292,141664.3892733659,0.0,41.59468739471881,0.0,0.0,0.0,False,False,False
main,deterministic,deterministic,2025-04-01,30,True,True,0,,,0.7,20.0,optimal,2.0388982000004034,2.0388986000034492,0.0,0,0,15494.70179464932,485.3868675732696,15980.08866222259,14901.40022571469,15386.78709328796,113580.44359898275,0.0,47.036117341191726,0.0,0.0,0.0,False,False,False
main,deterministic,deterministic,2025-04-01,31,True,True,0,,,0.7,20.0,optimal,2.0388982000004034,2.0388986000034492,0.0,0,0,15494.70179464932,485.3868675732696,15980.08866222259,16004.145369445148,16489.53223701842,147718.39872830524,0.0,49.86958063009759,0.0,0.0,0.0,False,False,False
main,deterministic,deterministic,2025-04-01,32,True,True,0,,,0.7,20.0,optimal,2.0388982000004034,2.0388986000034492,0.0,0,0,15494.70179464932,485.3868675732696,15980.08866222259,15133.123863844496,15618.510731417766,131158.19164824655,0.0,49.23160888452941,0.0,0.0,0.0,False,False,False
main,deterministic,deterministic,2025-04-01,33,True,True,0,,,0.7,20.0,optimal,2.0388982000004034,2.0388986000034492,0.0,0,0,15494.70179464932,485.3868675732696,15980.08866222259,16972.82008534347,17458.20695291674,161748.18082778872,0.013920064195814374,65.28881873717003,0.0,0.0,0.0,False,False,False
main,deterministic,deterministic,2025-04-01,34,True,True,0,,,0.7,20.0,optimal,2.0388982000004034,2.0388986000034492,0.0,0,0,15494.70179464932,485.3868675732696,15980.08866222259,15984.09818776609,16469.48505533936,138719.03972068598,0.01335205579057086,55.672974542718045,0.0,0.0,0.0,False,False,False
main,deterministic,deterministic,2025-04-01,35,True,True,0,,,0.7,20.0,optimal,2.0388982000004034,2.0388986000034492,0.0,0,0,15494.70179464932,485.3868675732696,15980.08866222259,15414.019912384361,15899.406779957631,123922.16601387828,0.0,57.91788270509756,0.0,0.0,0.0,False,False,False
main,deterministic,deterministic,2025-04-01,36,True,True,0,,,0.7,20.0,optimal,2.0388982000004034,2.0388986000034492,0.0,0,0,15494.70179464932,485.3868675732696,15980.08866222259,15093.676131825092,15579.062999398362,123228.15574732848,0.0,62.91281005342392,0.0,0.0,0.0,False,False,False
main,deterministic,deterministic,2025-04-01,37,True,True,0,,,0.7,20.0,optimal,2.0388982000004034,2.0388986000034492,0.0,0,0,15494.70179464932,485.3868675732696,15980.08866222259,15257.128839679077,15742.515707252347,130874.42475465668,0.0,44.47685546892624,0.0,0.0,0.0,False,False,False
main,deterministic,deterministic,2025-04-01,38,True,True,0,,,0.7,20.0,optimal,2.0388982000004034,2.0388986000034492,0.0,0,0,15494.70179464932,485.3868675732696,15980.08866222259,15443.438497587002,15928.825365160272,131592.18362347988,0.0,50.09759454117723,0.0,0.0,0.0,False,False,False
main,deterministic,deterministic,2025-04-01,39,True,True,0,,,0.7,20.0,optimal,2.0388982000004034,2.0388986000034492,0.0,0,0,15494.70179464932,485.3868675732696,15980.08866222259,15889.47774432272,16374.86461189599,142037.4030459832,0.22635817934018032,46.85870053655161,0.0,0.0,0.0,False,False,False
main,deterministic,deterministic,2025-04-01,40,True,True,0,,,0.7,20.0,optimal,2.0388982000004034,2.0388986000034492,0.0,0,0,15494.70179464932,485.3868675732696,15980.08866222259,15900.580960018084,16385.967827591354,141328.34477013376,0.0,48.966957155521634,0.0,0.0,0.0,False,False,False
main,deterministic,deterministic,2025-04-01,41,True,True,0,,,0.7,20.0,optimal,2.0388982000004034,2.0388986000034492,0.0,0,0,15494.70179464932,485.3868675732696,15980.08866222259,16109.433713926659,16594.820581499927,138005.41248489323,0.7175267653424614,42.252653008828524,0.0,0.0,0.0,False,False,False
main,deterministic,deterministic,2025-04-01,42,True,True,0,,,0.7,20.0,optimal,2.0388982000004034,2.0388986000034492,0.0,0,0,15494.70179464932,485.3868675732696,15980.08866222259,15643.797119184886,16129.183986758157,137998.67157118343,0.29901526645311366,60.219182225487096,0.0,0.0,0.0,False,False,False
main,deterministic,deterministic,2025-04-01,43,True,True,0,,,0.7,20.0,optimal,2.0388982000004034,2.0388986000034492,0.0,0,0,15494.70179464932,485.3868675732696,15980.08866222259,15007.863718021565,15493.250585594835,120459.81755238502,0.0,52.5366259729832,0.0,0.0,0.0,False,False,False
main,deterministic,deterministic,2025-04-01,44,True,True,0,,,0.7,20.0,optimal,2.0388982000004034,2.0388986000034492,0.0,0,0,15494.70179464932,485.3868675732696,15980.08866222259,15517.88045160921,16003.26731918248,126244.85233925609,0.0,55.17508660910044,0.0,0.0,0.0,False,False,False
main,deterministic,deterministic,2025-04-01,45,True,True,0,,,0.7,20.0,optimal,2.0388982000004034,2.0388986000034492,0.0,0,0,15494.70179464932,485.3868675732696,15980.08866222259,16249.833426105084,16735.220293678354,142439.39623020653,0.018610904368556946,55.87554580638905,0.0,0.0,0.0,False,False,False
main,deterministic,deterministic,2025-04-01,46,True,True,0,,,0.7,20.0,optimal,2.0388982000004034,2.0388986000034492,0.0,0,0,15494.70179464932,485.3868675732696,15980.08866222259,15670.25077853108,16155.637646104351,135134.95943995717,0.3429553069432912,54.82568493723226,0.0,0.0,0.0,False,False,False
main,deterministic,deterministic,2025-04-01,47,True,True,0,,,0.7,20.0,optimal,2.0388982000004034,2.0388986000034492,0.0,0,0,15494.70179464932,485.3868675732696,15980.08866222259,15897.958198388786,16383.345065962056,141954.21215327518,0.037376821659673265,52.95908810907154,0.0,0.0,0.0,False,False,False
main,deterministic,deterministic,2025-04-01,48,True,True,0,,,0.7,20.0,optimal,2.0388982000004034,2.0388986000034492,0.0,0,0,15494.70179464932,485.3868675732696,15980.08866222259,16485.802185945537,16971.189053518807,149842.47208998643,0.0,48.537172916674116,0.0,0.0,0.0,False,False,False
main,deterministic,deterministic,2025-04-01,49,True,True,0,,,0.7,20.0,optimal,2.0388982000004034,2.0388986000034492,0.0,0,0,15494.70179464932,485.3868675732696,15980.08866222259,16132.47273702402,16617.859604597288,146012.05667537134,0.025907836437582432,58.50239186263315,0.0,0.0,0.0,False,False,False
main,deterministic,deterministic,2025-04-01,50,True,True,0,,,0.7,20.0,optimal,2.0388982000004034,2.0388986000034492,0.0,0,0,15494.70179464932,485.3868675732696,15980.08866222259,15327.80196202588,15813.18882959915,135669.44661305757,0.0,55.75243996855443,0.0,0.0,0.0,False,False,False
main,deterministic,deterministic,2025-04-01,51,True,True,0,,,0.7,20.0,optimal,2.0388982000004034,2.0388986000034492,0.0,0,0,15494.70179464932,485.3868675732696,15980.08866222259,15121.072217816618,15606.459085389888,126794.05735659899,0.0,52.08703581524273,0.0,0.0,0.0,False,False,False
main,deterministic,deterministic,2025-04-01,52,True,True,0,,,0.7,20.0,optimal,2.0388982000004034,2.0388986000034492,0.0,0,0,15494.70179464932,485.3868675732696,15980.08866222259,16248.189111747708,16733.575979320976,145042.3002908193,0.15173817199924367,55.45891558787266,0.0,0.0,0.0,False,False,False
main,deterministic,deterministic,2025-04-01,53,True,True,0,,,0.7,20.0,optimal,2.0388982000004034,2.0388986000034492,0.0,0,0,15494.70179464932,485.3868675732696,15980.08866222259,15630.26020411772,16115.64707169099,130561.90214963,0.032028212438604486,47.10145933269877,0.0,0.0,0.0,False,False,False
main,deterministic,deterministic,2025-04-01,54,True,True,0,,,0.7,20.0,optimal,2.0388982000004034,2.0388986000034492,0.0,0,0,15494.70179464932,485.3868675732696,15980.08866222259,16327.076917339538,16812.46378491281,144593.5268927724,0.0,51.42670391523062,0.0,0.0,0.0,False,False,False
main,deterministic,deterministic,2025-04-01,55,True,True,0,,,0.7,20.0,optimal,2.0388982000004034,2.0388986000034492,0.0,0,0,15494.70179464932,485.3868675732696,15980.08866222259,15532.246956342378,16017.633823915648,132371.48077534675,0.0,55.67090878640842,0.0,0.0,0.0,False,False,False
main,deterministic,deterministic,2025-04-01,56,True,True,0,,,0.7,20.0,optimal,2.0388982000004034,2.0388986000034492,0.0,0,0,15494.70179464932,485.3868675732696,15980.08866222259,15809.682915007583,16295.069782580853,137383.57367015368,0.0,40.58866274972005,0.0,0.0,0.0,False,False,False
main,deterministic,deterministic,2025-04-01,57,True,True,0,,,0.7,20.0,optimal,2.0388982000004034,2.0388986000034492,0.0,0,0,15494.70179464932,485.3868675732696,15980.08866222259,15443.049580451814,15928.436448025084,131444.2985118803,0.05242256017929403,51.60172564715596,0.0,0.0,0.0,False,False,False
main,deterministic,deterministic,2025-04-01,58,True,True,0,,,0.7,20.0,optimal,2.0388982000004034,2.0388986000034492,0.0,0,0,15494.70179464932,485.3868675732696,15980.08866222259,16557.376765697198,17042.763633270468,150144.44548587746,0.0,59.592638969596564,0.0,0.0,0.0,False,False,False
main,deterministic,deterministic,2025-04-01,59,True,True,0,,,0.7,20.0,optimal,2.0388982000004034,2.0388986000034492,0.0,0,0,15494.70179464932,485.3868675732696,15980.08866222259,16441.116182815236,16926.503050388506,150221.96060412587,0.0,54.80745574809161,0.0,0.0,0.0,False,False,False
main,deterministic,deterministic,2025-04-01,60,True,True,0,,,0.7,20.0,optimal,2.0388982000004034,2.0388986000034492,0.0,0,0,15494.70179464932,485.3868675732696,15980.08866222259,15792.661690045174,16278.048557618444,140262.0230952713,0.04757290739400466,54.38133816530967,0.0,0.0,0.0,False,False,False
main,deterministic,deterministic,2025-04-01,61,True,True,0,,,0.7,20.0,optimal,2.0388982000004034,2.0388986000034492,0.0,0,0,15494.70179464932,485.3868675732696,15980.08866222259,15751.47471936832,16236.86158694159,137690.99805186823,0.10159596977588378,43.65934019345234,0.0,0.0,0.0,False,False,False
main,deterministic,deterministic,2025-04-01,62,True,True,0,,,0.7,20.0,optimal,2.0388982000004034,2.0388986000034492,0.0,0,0,15494.70179464932,485.3868675732696,15980.08866222259,15101.757648066445,15587.144515639715,123424.31858315709,0.0,56.94502302964603,0.0,0.0,0.0,False,False,False
main,deterministic,deterministic,2025-04-01,63,True,True,0,,,0.7,20.0,optimal,2.0388982000004034,2.0388986000034492,0.0,0,0,15494.70179464932,485.3868675732696,15980.08866222259,15768.196333552516,16253.583201125786,130743.46463482204,0.0,62.49239026749507,0.0,0.0,0.0,False,False,False
main,deterministic,deterministic,2025-04-01,64,True,True,0,,,0.7,20.0,optimal,2.0388982000004034,2.0388986000034492,0.0,0,0,15494.70179464932,485.3868675732696,15980.08866222259,15384.366424957763,15869.753292531033,122527.16306113597,0.13811065627122932,48.65541899485607,0.0,0.0,0.0,False,False,False
main,deterministic,deterministic,2025-04-01,65,True,True,0,,,0.7,20.0,optimal,2.0388982000004034,2.0388986000034492,0.0,0,0,15494.70179464932,485.3868675732696,15980.08866222259,16028.700153718712,16514.08702129198,134813.1746161653,0.8619032977983634,57.0110016259127,0.0,0.0,0.0,False,False,False
main,deterministic,deterministic,2025-04-01,66,True,True,0,,,0.7,20.0,optimal,2.0388982000004034,2.0388986000034492,0.0,0,0,15494.70179464932,485.3868675732696,15980.08866222259,15930.35953917823,16415.7464067515,139405.75919063392,0.0,60.49947097155843,0.0,0.0,0.0,False,False,False
main,deterministic,deterministic,2025-04-01,67,True,True,0,,,0.7,20.0,optimal,2.0388982000004034,2.0388986000034492,0.0,0,0,15494.70179464932,485.3868675732696,15980.08866222259,14766.485411342366,15251.872278915636,119717.26785627633,0.0,55.357871167466676,0.0,0.0,0.0,False,False,False
main,deterministic,deterministic,2025-04-01,68,True,True,0,,,0.7,20.0,optimal,2.0388982000004034,2.0388986000034492,0.0,0,0,15494.70179464932,485.3868675732696,15980.08866222259,16726.218570070094,17211.605437643364,157609.3531612642,0.0,54.92856219396375,0.0,0.0,0.0,False,False,False
main,deterministic,deterministic,2025-04-01,69,True,True,0,,,0.7,20.0,optimal,2.0388982000004034,2.0388986000034492,0.0,0,0,15494.70179464932,485.3868675732696,15980.08866222259,16943.499236738837,17428.886104312107,152335.99914608736,0.01838280691113181,56.7838287889656,0.0,0.0,0.0,False,False,False
main,deterministic,deterministic,2025-04-01,70,True,True,0,,,0.7,20.0,optimal,2.0388982000004034,2.0388986000034492,0.0,0,0,15494.70179464932,485.3868675732696,15980.08866222259,16076.776280212041,16562.16314778531,145565.92371784645,0.008072638059885562,62.01870447972468,0.0,0.0,0.0,False,False,False
main,deterministic,deterministic,2025-04-01,71,True,True,0,,,0.7,20.0,optimal,2.0388982000004034,2.0388986000034492,0.0,0,0,15494.70179464932,485.3868675732696,15980.08866222259,15014.822542496804,15500.209410070074,129344.19272394529,0.10554830461897291,58.549926185508454,0.0,0.0,0.0,False,False,False
main,deterministic,deterministic,2025-04-01,72,True,True,0,,,0.7,20.0,optimal,2.0388982000004034,2.0388986000034492,0.0,0,0,15494.70179464932,485.3868675732696,15980.08866222259,15519.30411046403,16004.6909780373,129498.52377602644,0.050313932986440824,60.170169399100416,0.0,0.0,0.0,False,False,False
main,deterministic,deterministic,2025-04-01,73,True,True,0,,,0.7,20.0,optimal,2.0388982000004034,2.0388986000034492,0.0,0,0,15494.70179464932,485.3868675732696,15980.08866222259,15665.144082667903,16150.530950241173,130546.84757868813,0.034433474514896645,50.80863873910624,0.0,0.0,0.0,False,False,False
main,deterministic,deterministic,2025-04-01,74,True,True,0,,,0.7,20.0,optimal,2.0388982000004034,2.0388986000034492,0.0,0,0,15494.70179464932,485.3868675732696,15980.08866222259,15362.170037136695,15847.556904709965,121367.4589252017,0.0,54.31115577169007,0.0,0.0,0.0,False,False,False
main,deterministic,deterministic,2025-04-01,75,True,True,0,,,0.7,20.0,optimal,2.0388982000004034,2.0388986000034492,0.0,0,0,15494.70179464932,485.3868675732696,15980.08866222259,15903.8837658517,16389.27063342497,136113.91388076966,0.1255171252712322,47.96626301498312,0.0,0.0,0.0,False,False,False
main,deterministic,deterministic,2025-04-01,76,True,True,0,,,0.7,20.0,optimal,2.0388982000004034,2.0388986000034492,0.0,0,0,15494.70179464932,485.3868675732696,15980.08866222259,16426.048707343387,16911.435574916657,153517.08754083645,0.0,52.905557521580775,0.0,0.0,0.0,False,False,False
main,deterministic,deterministic,2025-04-01,77,True,True,0,,,0.7,20.0,optimal,2.0388982000004034,2.0388986000034492,0.0,0,0,15494.70179464932,485.3868675732696,15980.08866222259,14926.866125572244,15412.252993145514,121613.48902346063,0.019835883458424797,45.98587031427286,0.0,0.0,0.0,False,False,False
main,deterministic,deterministic,2025-04-01,78,True,True,0,,,0.7,20.0,optimal,2.0388982000004034,2.0388986000034492,0.0,0,0,15494.70179464932,485.3868675732696,15980.08866222259,15448.711185174596,15934.098052747866,126361.99316949447,0.6395833237167292,53.052911790517996,0.0,0.0,0.0,False,False,False
main,deterministic,deterministic,2025-04-01,79,True,True,0,,,0.7,20.0,optimal,2.0388982000004034,2.0388986000034492,0.0,0,0,15494.70179464932,485.3868675732696,15980.08866222259,16177.603303974103,16662.99017154737,144968.7544584811,0.0,48.93133114707425,0.0,0.0,0.0,False,False,False
main,deterministic,deterministic,2025-04-01,80,True,True,0,,,0.7,20.0,optimal,2.0388982000004034,2.0388986000034492,0.0,0,0,15494.70179464932,485.3868675732696,15980.08866222259,16304.58104689937,16789.96791447264,145684.7099347383,0.0,48.83245710157738,0.0,0.0,0.0,False,False,False
main,deterministic,deterministic,2025-04-01,81,True,True,0,,,0.7,20.0,optimal,2.0388982000004034,2.0388986000034492,0.0,0,0,15494.70179464932,485.3868675732696,15980.08866222259,15724.014867328628,16209.401734901898,131443.00207340304,0.06343668786753315,59.690486121984364,0.0,0.0,0.0,False,False,False
main,deterministic,deterministic,2025-04-01,82,True,True,0,,,0.7,20.0,optimal,2.0388982000004034,2.0388986000034492,0.0,0,0,15494.70179464932,485.3868675732696,15980.08866222259,15377.61443550621,15863.00130307948,130600.82216895418,0.0,48.08138147988368,0.0,0.0,0.0,False,False,False
main,deterministic,deterministic,2025-04-01,83,True,True,0,,,0.7,20.0,optimal,2.0388982000004034,2.0388986000034492,0.0,0,0,15494.70179464932,485.3868675732696,15980.08866222259,16254.085862668051,16739.47273024132,149233.49633664,0.3812538198173934,46.061147135412405,0.0,0.0,0.0,False,False,False
main,deterministic,deterministic,2025-04-01,84,True,True,0,,,0.7,20.0,optimal,2.0388982000004034,2.0388986000034492,0.0,0,0,15494.70179464932,485.3868675732696,15980.08866222259,16340.012101944229,16825.398969517497,148194.9762569665,0.06765639228037545,48.507601360899564,0.0,0.0,0.0,False,False,False
main,deterministic,deterministic,2025-04-01,85,True,True,0,,,0.7,20.0,optimal,2.0388982000004034,2.0388986000034492,0.0,0,0,15494.70179464932,485.3868675732696,15980.08866222259,16043.17968373858,16528.566551311847,137042.81982223075,0.0,62.70312258833049,0.0,0.0,0.0,False,False,False
main,deterministic,deterministic,2025-04-01,86,True,True,0,,,0.7,20.0,optimal,2.0388982000004034,2.0388986000034492,0.0,0,0,15494.70179464932,485.3868675732696,15980.08866222259,15890.3896952983,16375.77656287157,138045.25872716404,0.02992267805412735,44.64084429451544,0.0,0.0,0.0,False,False,False
main,deterministic,deterministic,2025-04-01,87,True,True,0,,,0.7,20.0,optimal,2.0388982000004034,2.0388986000034492,0.0,0,0,15494.70179464932,485.3868675732696,15980.08866222259,14788.557970977692,15273.944838550962,119002.53558436313,0.07976064178117048,50.02338191426164,0.0,0.0,0.0,False,False,False
main,deterministic,deterministic,2025-04-01,88,True,True,0,,,0.7,20.0,optimal,2.0388982000004034,2.0388986000034492,0.0,0,0,15494.70179464932,485.3868675732696,15980.08866222259,15203.599938860421,15688.986806433692,121198.73010173003,0.0,61.08616417121574,0.0,0.0,0.0,False,False,False
main,deterministic,deterministic,2025-04-01,89,True,True,0,,,0.7,20.0,optimal,2.0388982000004034,2.0388986000034492,0.0,0,0,15494.70179464932,485.3868675732696,15980.08866222259,16025.100140404571,16510.48700797784,136229.9329590857,0.0,51.17183194656753,0.0,0.0,0.0,False,False,False
main,deterministic,deterministic,2025-04-01,90,True,True,0,,,0.7,20.0,optimal,2.0388982000004034,2.0388986000034492,0.0,0,0,15494.70179464932,485.3868675732696,15980.08866222259,15696.704903369844,16182.091770943114,131300.9347519808,0.20379856198651797,58.80914860393632,0.0,0.0,0.0,False,False,False
main,deterministic,deterministic,2025-04-01,91,True,True,0,,,0.7,20.0,optimal,2.0388982000004034,2.0388986000034492,0.0,0,0,15494.70179464932,485.3868675732696,15980.08866222259,14849.388776010763,15334.775643584033,113328.18672107808,0.0,54.56541637815486,0.0,0.0,0.0,False,False,False
main,deterministic,deterministic,2025-04-01,92,True,True,0,,,0.7,20.0,optimal,2.0388982000004034,2.0388986000034492,0.0,0,0,15494.70179464932,485.3868675732696,15980.08866222259,15313.70958852802,15799.09645610129,125040.43233037014,0.0,45.16776993522648,0.0,0.0,0.0,False,False,False
main,deterministic,deterministic,2025-04-01,93,True,True,0,,,0.7,20.0,optimal,2.0388982000004034,2.0388986000034492,0.0,0,0,15494.70179464932,485.3868675732696,15980.08866222259,15400.280605523545,15885.667473096815,135524.1297626491,0.0,54.22158612208039,0.0,0.0,0.0,False,False,False
main,deterministic,deterministic,2025-04-01,94,True,True,0,,,0.7,20.0,optimal,2.0388982000004034,2.0388986000034492,0.0,0,0,15494.70179464932,485.3868675732696,15980.08866222259,15331.330525657784,15816.717393231054,127266.33754473137,0.0,49.1747383960064,0.0,0.0,0.0,False,False,False
main,deterministic,deterministic,2025-04-01,95,True,True,0,,,0.7,20.0,optimal,2.0388982000004034,2.0388986000034492,0.0,0,0,15494.70179464932,485.3868675732696,15980.08866222259,15089.522416996273,15574.909284569543,124265.51408023214,0.002875406538199732,55.09415212353179,0.0,0.0,0.0,False,False,False
main,deterministic,deterministic,2025-04-01,96,True,True,0,,,0.7,20.0,optimal,2.0388982000004034,2.0388986000034492,0.0,0,0,15494.70179464932,485.3868675732696,15980.08866222259,15202.605537684962,15687.992405258232,130770.20792056191,0.003249889230025338,54.1694165735401,0.0,0.0,0.0,False,False,False
main,deterministic,deterministic,2025-04-01,97,True,True,0,,,0.7,20.0,optimal,2.0388982000004034,2.0388986000034492,0.0,0,0,15494.70179464932,485.3868675732696,15980.08866222259,15404.123510256102,15889.510377829372,128206.2194607447,0.0,54.86154967051958,0.0,0.0,0.0,False,False,False
main,deterministic,deterministic,2025-04-01,98,True,True,0,,,0.7,20.0,optimal,2.0388982000004034,2.0388986000034492,0.0,0,0,15494.70179464932,485.3868675732696,15980.08866222259,15508.51579846878,15993.90266604205,129107.22276796855,0.023123517833912977,44.0856178652417,0.0,0.0,0.0,False,False,False
main,deterministic,deterministic,2025-04-01,99,True,True,0,,,0.7,20.0,optimal,2.0388982000004034,2.0388986000034492,0.0,0,0,15494.70179464932,485.3868675732696,15980.08866222259,15136.114864423549,15621.50173199682,125095.03657715379,0.0,56.33444748503012,0.0,0.0,0.0,False,False,False
main,deterministic,deterministic,2025-07-01,0,True,True,0,,,0.7,20.0,optimal,1.9850107999955071,1.9850114999862853,0.0,0,0,15892.509133609492,284.3502089019994,16176.859342511492,15031.30431942975,15315.65452833175,151578.71135418405,0.020643993979365116,58.7409872672643,0.0,0.0,0.0,False,False,False
main,deterministic,deterministic,2025-07-01,1,True,True,0,,,0.7,20.0,optimal,1.9850107999955071,1.9850114999862853,0.0,0,0,15892.509133609492,284.3502089019994,16176.859342511492,16312.927710452019,16597.27791935402,168787.12173344038,0.41649778387513103,67.14793917205219,0.0,0.0,0.0,False,False,False
main,deterministic,deterministic,2025-07-01,2,True,True,0,,,0.7,20.0,optimal,1.9850107999955071,1.9850114999862853,0.0,0,0,15892.509133609492,284.3502089019994,16176.859342511492,15598.628959341002,15882.979168243,161586.41959541503,0.25113110329276866,52.80322848462041,0.0,0.0,0.0,False,False,False
main,deterministic,deterministic,2025-07-01,3,True,True,0,,,0.7,20.0,optimal,1.9850107999955071,1.9850114999862853,0.0,0,0,15892.509133609492,284.3502089019994,16176.859342511492,16030.122166687153,16314.472375589154,169122.1743190782,0.0,60.05221297709384,0.0,0.0,0.0,False,False,False
main,deterministic,deterministic,2025-07-01,4,True,True,0,,,0.7,20.0,optimal,1.9850107999955071,1.9850114999862853,0.0,0,0,15892.509133609492,284.3502089019994,16176.859342511492,15742.728107455341,16027.07831635734,167224.9322154571,0.05693206874732104,52.31526236267531,0.0,0.0,0.0,False,False,False
main,deterministic,deterministic,2025-07-01,5,True,True,0,,,0.7,20.0,optimal,1.9850107999955071,1.9850114999862853,0.0,0,0,15892.509133609492,284.3502089019994,16176.859342511492,16251.722847105919,16536.073056007917,180125.74124061276,0.8511405473720274,59.57093459810332,0.0,0.0,0.0,False,False,False
main,deterministic,deterministic,2025-07-01,6,True,True,0,,,0.7,20.0,optimal,1.9850107999955071,1.9850114999862853,0.0,0,0,15892.509133609492,284.3502089019994,16176.859342511492,16628.38585632109,16912.73606522309,172666.9872144577,0.0,56.80890889533455,0.0,0.0,0.0,False,False,False
main,deterministic,deterministic,2025-07-01,7,True,True,0,,,0.7,20.0,optimal,1.9850107999955071,1.9850114999862853,0.0,0,0,15892.509133609492,284.3502089019994,16176.859342511492,15908.985596396318,16193.335805298317,156686.99635118296,0.1797318120788032,56.260086183917444,0.0,0.0,0.0,False,False,False
main,deterministic,deterministic,2025-07-01,8,True,True,0,,,0.7,20.0,optimal,1.9850107999955071,1.9850114999862853,0.0,0,0,15892.509133609492,284.3502089019994,16176.859342511492,16038.18702967605,16322.53723857805,169966.74333970435,0.18363706098935997,56.54987947111827,0.0,0.0,0.0,False,False,False
main,deterministic,deterministic,2025-07-01,9,True,True,0,,,0.7,20.0,optimal,1.9850107999955071,1.9850114999862853,0.0,0,0,15892.509133609492,284.3502089019994,16176.859342511492,15987.328770847562,16271.678979749562,172152.21970664227,0.0,113.98397645020464,0.0,0.0,0.7986772465179817,False,False,True
main,deterministic,deterministic,2025-07-01,10,True,True,0,,,0.7,20.0,optimal,1.9850107999955071,1.9850114999862853,0.0,0,0,15892.509133609492,284.3502089019994,16176.859342511492,15826.797382422505,16111.147591324505,163234.68146362103,0.0,56.42718079289556,0.0,0.0,0.0,False,False,False
main,deterministic,deterministic,2025-07-01,11,True,True,0,,,0.7,20.0,optimal,1.9850107999955071,1.9850114999862853,0.0,0,0,15892.509133609492,284.3502089019994,16176.859342511492,15916.461380942985,16200.811589844983,162732.6663143846,0.3650562295034822,52.80667395276479,0.0,0.0,0.0,False,False,False
main,deterministic,deterministic,2025-07-01,12,True,True,0,,,0.7,20.0,optimal,1.9850107999955071,1.9850114999862853,0.0,0,0,15892.509133609492,284.3502089019994,16176.859342511492,16304.559067752847,16588.909276654846,176086.41855348085,0.519944821446191,53.99748330192957,0.0,0.0,0.0,False,False,False
main,deterministic,deterministic,2025-07-01,13,True,True,0,,,0.7,20.0,optimal,1.9850107999955071,1.9850114999862853,0.0,0,0,15892.509133609492,284.3502089019994,16176.859342511492,16618.225562646367,16902.575771548367,176953.67494013923,0.3702433782559364,61.202147954554874,0.0,0.0,0.0,False,False,False
main,deterministic,deterministic,2025-07-01,14,True,True,0,,,0.7,20.0,optimal,1.9850107999955071,1.9850114999862853,0.0,0,0,15892.509133609492,284.3502089019994,16176.859342511492,15645.557040709193,15929.907249611191,159180.07441285046,0.7215525508655768,57.172291050434154,0.0,0.0,0.0,False,False,False
main,deterministic,deterministic,2025-07-01,15,True,True,0,,,0.7,20.0,optimal,1.9850107999955071,1.9850114999862853,0.0,0,0,15892.509133609492,284.3502089019994,16176.859342511492,15391.151844415976,15675.502053317974,154541.69334123688,0.03466797869458674,52.36930787528604,0.0,0.0,0.0,False,False,False
main,deterministic,deterministic,2025-07-01,16,True,True,0,,,0.7,20.0,optimal,1.9850107999955071,1.9850114999862853,0.0,0,0,15892.509133609492,284.3502089019994,16176.859342511492,15371.399062882674,15655.749271784673,151794.02475694314,0.43278933037703315,54.94433293044112,0.0,0.016069423766599034,0.0,False,True,False
main,deterministic,deterministic,2025-07-01,17,True,True,0,,,0.7,20.0,optimal,1.9850107999955071,1.9850114999862853,0.0,0,0,15892.509133609492,284.3502089019994,16176.859342511492,16051.2936677513,16335.6438766533,157798.6167736282,0.05761748655311183,65.61924140192525,0.0,0.0,0.0,False,False,False
main,deterministic,deterministic,2025-07-01,18,True,True,0,,,0.7,20.0,optimal,1.9850107999955071,1.9850114999862853,0.0,0,0,15892.509133609492,284.3502089019994,16176.859342511492,16559.831058907566,16844.181267809567,168317.50267344835,0.6816908505407404,61.1247567441883,0.0,0.0,0.0,False,False,False
main,deterministic,deterministic,2025-07-01,19,True,True,0,,,0.7,20.0,optimal,1.9850107999955071,1.9850114999862853,0.0,0,0,15892.509133609492,284.3502089019994,16176.859342511492,15728.86683664134,16013.21704554334,168225.42912887686,0.17617318997726417,55.48496615118314,0.0,0.0,0.0,False,False,False
main,deterministic,deterministic,2025-07-01,20,True,True,0,,,0.7,20.0,optimal,1.9850107999955071,1.9850114999862853,0.0,0,0,15892.509133609492,284.3502089019994,16176.859342511492,16521.432794071905,16805.783002973905,173478.00926088454,0.0,54.195269113893126,0.0,0.0,0.0,False,False,False
main,deterministic,deterministic,2025-07-01,21,True,True,0,,,0.7,20.0,optimal,1.9850107999955071,1.9850114999862853,0.0,0,0,15892.509133609492,284.3502089019994,16176.859342511492,15797.27387919369,16081.62408809569,155982.7421085151,0.1585736968356935,52.65271756574319,0.0,0.18223359134336437,0.0,False,True,False
main,deterministic,deterministic,2025-07-01,22,True,True,0,,,0.7,20.0,optimal,1.9850107999955071,1.9850114999862853,0.0,0,0,15892.509133609492,284.3502089019994,16176.859342511492,16275.300041029217,16559.650249931216,170108.56175488923,0.0,57.69509744093864,0.0,0.03536509237116725,0.0,False,True,False
main,deterministic,deterministic,2025-07-01,23,True,True,0,,,0.7,20.0,optimal,1.9850107999955071,1.9850114999862853,0.0,0,0,15892.509133609492,284.3502089019994,16176.859342511492,16071.756270879874,16356.106479781873,169396.3903911155,0.33879828738333495,58.64109403937804,0.0,0.0,0.0,False,False,False
main,deterministic,deterministic,2025-07-01,24,True,True,0,,,0.7,20.0,optimal,1.9850107999955071,1.9850114999862853,0.0,0,0,15892.509133609492,284.3502089019994,16176.859342511492,16130.541044567204,16414.891253469203,160871.24874683743,2.052080041357914,65.6245932255001,0.0,0.0,0.0,False,False,False
main,deterministic,deterministic,2025-07-01,25,True,True,0,,,0.7,20.0,optimal,1.9850107999955071,1.9850114999862853,0.0,0,0,15892.509133609492,284.3502089019994,16176.859342511492,17595.67838930482,17880.02859820682,199033.1818405695,0.09836553204093101,51.88289997314077,0.0,0.0,0.0,False,False,False
main,deterministic,deterministic,2025-07-01,26,True,True,0,,,0.7,20.0,optimal,1.9850107999955071,1.9850114999862853,0.0,0,0,15892.509133609492,284.3502089019994,16176.859342511492,15849.53883973231,16133.889048634308,166546.58240871032,0.16086259622729385,64.74703535795086,0.0,0.01052640914298264,0.0,False,True,False
main,deterministic,deterministic,2025-07-01,27,True,True,0,,,0.7,20.0,optimal,1.9850107999955071,1.9850114999862853,0.0,0,0,15892.509133609492,284.3502089019994,16176.859342511492,15208.713156299666,15493.063365201666,151433.05806230314,0.16644479710189564,63.88910891611119,0.0,0.0,0.0,False,False,False
main,deterministic,deterministic,2025-07-01,28,True,True,0,,,0.7,20.0,optimal,1.9850107999955071,1.9850114999862853,0.0,0,0,15892.509133609492,284.3502089019994,16176.859342511492,16147.298045803374,16431.648254705375,166064.63139691728,0.02631829184184256,48.97474334953512,0.0,0.0,0.0,False,False,False
main,deterministic,deterministic,2025-07-01,29,True,True,0,,,0.7,20.0,optimal,1.9850107999955071,1.9850114999862853,0.0,0,0,15892.509133609492,284.3502089019994,16176.859342511492,16189.640378741151,16473.99058764315,176042.41125551955,0.9044169833966241,48.253352775054665,0.0,0.0,0.0,False,False,False
main,deterministic,deterministic,2025-07-01,30,True,True,0,,,0.7,20.0,optimal,1.9850107999955071,1.9850114999862853,0.0,0,0,15892.509133609492,284.3502089019994,16176.859342511492,15459.685295293717,15744.035504195715,145519.76112935206,0.00944397633869834,53.58851449564423,0.0,0.0,0.0,False,False,False
main,deterministic,deterministic,2025-07-01,31,True,True,0,,,0.7,20.0,optimal,1.9850107999955071,1.9850114999862853,0.0,0,0,15892.509133609492,284.3502089019994,16176.859342511492,16561.30875204362,16845.65896094562,183288.17937881534,0.23139246461947197,55.82303184851697,0.0,0.0,0.0,False,False,False
main,deterministic,deterministic,2025-07-01,32,True,True,0,,,0.7,20.0,optimal,1.9850107999955071,1.9850114999862853,0.0,0,0,15892.509133609492,284.3502089019994,16176.859342511492,15679.42080830139,15963.771017203388,164041.09171753516,0.2512529299856553,63.89619570267696,0.0,0.0,0.0,False,False,False
main,deterministic,deterministic,2025-07-01,33,True,True,0,,,0.7,20.0,optimal,1.9850107999955071,1.9850114999862853,0.0,0,0,15892.509133609492,284.3502089019994,16176.859342511492,17118.96768187956,17403.31789078156,198584.4455438497,0.05996372696997207,71.19916206803636,0.0,0.0,0.0,False,False,False
main,deterministic,deterministic,2025-07-01,34,True,True,0,,,0.7,20.0,optimal,1.9850107999955071,1.9850114999862853,0.0,0,0,15892.509133609492,284.3502089019994,16176.859342511492,16504.782175025473,16789.132383927474,173413.94392526595,0.0,61.18395348620677,0.0,0.0,0.0,False,False,False
main,deterministic,deterministic,2025-07-01,35,True,True,0,,,0.7,20.0,optimal,1.9850107999955071,1.9850114999862853,0.0,0,0,15892.509133609492,284.3502089019994,16176.859342511492,16043.079575556072,16327.429784458072,155914.98197517692,0.0,60.87776679512239,0.0,0.0,0.0,False,False,False
main,deterministic,deterministic,2025-07-01,36,True,True,0,,,0.7,20.0,optimal,1.9850107999955071,1.9850114999862853,0.0,0,0,15892.509133609492,284.3502089019994,16176.859342511492,15400.277068720701,15684.627277622702,155296.21732156674,0.4633484661843554,65.36921805061394,0.0,0.0,0.0,False,False,False
main,deterministic,deterministic,2025-07-01,37,True,True,0,,,0.7,20.0,optimal,1.9850107999955071,1.9850114999862853,0.0,0,0,15892.509133609492,284.3502089019994,16176.859342511492,15683.400576902055,15967.750785804055,163004.18715552197,0.0,47.32902311070631,0.0,0.0,0.0,False,False,False
main,deterministic,deterministic,2025-07-01,38,True,True,0,,,0.7,20.0,optimal,1.9850107999955071,1.9850114999862853,0.0,0,0,15892.509133609492,284.3502089019994,16176.859342511492,15831.365790690448,16115.715999592448,165775.84745019933,0.4450076715792635,50.840774849326536,0.0,0.03560963007002571,0.0,False,True,False
main,deterministic,deterministic,2025-07-01,39,True,True,0,,,0.7,20.0,optimal,1.9850107999955071,1.9850114999862853,0.0,0,0,15892.509133609492,284.3502089019994,16176.859342511492,15995.67400001013,16280.024208912131,175080.54025345424,0.07080424975524136,49.9910970292331,0.0,0.0,0.0,False,False,False
main,deterministic,deterministic,2025-07-01,40,True,True,0,,,0.7,20.0,optimal,1.9850107999955071,1.9850114999862853,0.0,0,0,15892.509133609492,284.3502089019994,16176.859342511492,16043.584419089622,16327.93462799162,175849.60441098502,0.0,109.13043734565152,0.0,0.5461141700754104,1.236257714818326,False,True,True
main,deterministic,deterministic,2025-07-01,41,True,True,0,,,0.7,20.0,optimal,1.9850107999955071,1.9850114999862853,0.0,0,0,15892.509133609492,284.3502089019994,16176.859342511492,16022.90906240895,16307.259271310948,171156.4804060413,0.02061606322758258,41.800562224524334,0.0,0.0,0.0,False,False,False
main,deterministic,deterministic,2025-07-01,42,True,True,0,,,0.7,20.0,optimal,1.9850107999955071,1.9850114999862853,0.0,0,0,15892.509133609492,284.3502089019994,16176.859342511492,16417.015400014152,16701.365608916152,170928.765169401,0.4682100529807914,64.40126011264489,0.0,0.14727276124893862,0.0,False,True,False
main,deterministic,deterministic,2025-07-01,43,True,True,0,,,0.7,20.0,optimal,1.9850107999955071,1.9850114999862853,0.0,0,0,15892.509133609492,284.3502089019994,16176.859342511492,15282.711960380515,15567.062169282515,152685.02359439075,0.13141226435746692,58.084235048500766,0.0,0.0,0.0,False,False,False
main,deterministic,deterministic,2025-07-01,44,True,True,0,,,0.7,20.0,optimal,1.9850107999955071,1.9850114999862853,0.0,0,0,15892.509133609492,284.3502089019994,16176.859342511492,15836.873906232482,16121.224115134482,160265.52742550013,0.1736710786114385,56.940934398122764,0.0,0.0,0.0,False,False,False
main,deterministic,deterministic,2025-07-01,45,True,True,0,,,0.7,20.0,optimal,1.9850107999955071,1.9850114999862853,0.0,0,0,15892.509133609492,284.3502089019994,16176.859342511492,16415.141362634567,16699.491571536568,177592.80630097567,0.4591211798520229,65.85272257666391,0.0,0.003221911921345688,0.0,False,True,False
main,deterministic,deterministic,2025-07-01,46,True,True,0,,,0.7,20.0,optimal,1.9850107999955071,1.9850114999862853,0.0,0,0,15892.509133609492,284.3502089019994,16176.859342511492,16457.82336415357,16742.17357305557,168783.48071527225,0.37511478893535233,59.25157662097585,0.0,0.0005705127698425461,0.0,False,True,False
main,deterministic,deterministic,2025-07-01,47,True,True,0,,,0.7,20.0,optimal,1.9850107999955071,1.9850114999862853,0.0,0,0,15892.509133609492,284.3502089019994,16176.859342511492,16535.698601176868,16820.048810078868,175737.8661585191,0.7000153954404795,59.25585914733697,0.0,0.0,0.0,False,False,False
main,deterministic,deterministic,2025-07-01,48,True,True,0,,,0.7,20.0,optimal,1.9850107999955071,1.9850114999862853,0.0,0,0,15892.509133609492,284.3502089019994,16176.859342511492,16960.48171056891,17244.83191947091,184298.6007027475,0.0,55.201287970657035,0.0,0.0,0.0,False,False,False
main,deterministic,deterministic,2025-07-01,49,True,True,0,,,0.7,20.0,optimal,1.9850107999955071,1.9850114999862853,0.0,0,0,15892.509133609492,284.3502089019994,16176.859342511492,16693.946017713482,16978.296226615483,181020.75306323994,1.6651123857410275,65.43540653606138,0.0,0.0,0.0,False,False,False
main,deterministic,deterministic,2025-07-01,50,True,True,0,,,0.7,20.0,optimal,1.9850107999955071,1.9850114999862853,0.0,0,0,15892.509133609492,284.3502089019994,16176.859342511492,15700.419054445467,15984.769263347465,168949.8990972658,0.0,62.730875869619766,0.0,0.0,0.0,False,False,False
main,deterministic,deterministic,2025-07-01,51,True,True,0,,,0.7,20.0,optimal,1.9850107999955071,1.9850114999862853,0.0,0,0,15892.509133609492,284.3502089019994,16176.859342511492,15693.33942805903,15977.68963696103,159760.71158283576,0.1996494145398362,55.870560731743275,0.0,0.0,0.0,False,False,False
main,deterministic,deterministic,2025-07-01,52,True,True,0,,,0.7,20.0,optimal,1.9850107999955071,1.9850114999862853,0.0,0,0,15892.509133609492,284.3502089019994,16176.859342511492,16824.319264696176,17108.669473598176,181612.4383230878,0.7917442960068342,60.18549056774533,0.0,0.0,0.0,False,False,False
main,deterministic,deterministic,2025-07-01,53,True,True,0,,,0.7,20.0,optimal,1.9850107999955071,1.9850114999862853,0.0,0,0,15892.509133609492,284.3502089019994,16176.859342511492,15875.699919016786,16160.050127918785,162887.492404186,0.0,49.275377449594544,0.0,0.0,0.0,False,False,False
main,deterministic,deterministic,2025-07-01,54,True,True,0,,,0.7,20.0,optimal,1.9850107999955071,1.9850114999862853,0.0,0,0,15892.509133609492,284.3502089019994,16176.859342511492,16976.504051632357,17260.854260534357,178255.95139639924,0.0,55.62280680475518,0.0,0.0,0.0,False,False,False
main,deterministic,deterministic,2025-07-01,55,True,True,0,,,0.7,20.0,optimal,1.9850107999955071,1.9850114999862853,0.0,0,0,15892.509133609492,284.3502089019994,16176.859342511492,16023.947602676431,16308.297811578432,165685.8353721518,0.0,61.98988439749803,0.0,0.0,0.0,False,False,False
main,deterministic,deterministic,2025-07-01,56,True,True,0,,,0.7,20.0,optimal,1.9850107999955071,1.9850114999862853,0.0,0,0,15892.509133609492,284.3502089019994,16176.859342511492,16245.317370553372,16529.66757945537,169362.61024790225,0.01830422220384284,47.57438506084865,0.0,0.0,0.0,False,False,False
main,deterministic,deterministic,2025-07-01,57,True,True,0,,,0.7,20.0,optimal,1.9850107999955071,1.9850114999862853,0.0,0,0,15892.509133609492,284.3502089019994,16176.859342511492,16222.090541075615,16506.440749977613,163626.92205003425,0.19510575864277435,55.36976705382563,0.0,0.0,0.0,False,False,False
main,deterministic,deterministic,2025-07-01,58,True,True,0,,,0.7,20.0,optimal,1.9850107999955071,1.9850114999862853,0.0,0,0,15892.509133609492,284.3502089019994,16176.859342511492,16789.49358341877,17073.84379232077,185512.4447107677,0.0,64.7408191469732,0.0,0.0,0.0,False,False,False
main,deterministic,deterministic,2025-07-01,59,True,True,0,,,0.7,20.0,optimal,1.9850107999955071,1.9850114999862853,0.0,0,0,15892.509133609492,284.3502089019994,16176.859342511492,17102.47816371551,17386.82837261751,186051.00232479774,0.07018944629644941,60.67943109076409,0.0,0.0,0.0,False,False,False
main,deterministic,deterministic,2025-07-01,60,True,True,0,,,0.7,20.0,optimal,1.9850107999955071,1.9850114999862853,0.0,0,0,15892.509133609492,284.3502089019994,16176.859342511492,16041.127301242257,16325.477510144257,173534.76052926586,0.10603324292552163,57.72753372798915,0.0,0.0,0.0,False,False,False
main,deterministic,deterministic,2025-07-01,61,True,True,0,,,0.7,20.0,optimal,1.9850107999955071,1.9850114999862853,0.0,0,0,15892.509133609492,284.3502089019994,16176.859342511492,16140.52958483357,16424.87979373557,170789.5912170099,0.04499392266554772,44.739830959776896,0.0,0.0,0.0,False,False,False
main,deterministic,deterministic,2025-07-01,62,True,True,0,,,0.7,20.0,optimal,1.9850107999955071,1.9850114999862853,0.0,0,0,15892.509133609492,284.3502089019994,16176.859342511492,15470.625113554603,15754.975322456601,154919.76407398854,0.2139450635857043,61.96135933572614,0.0,0.0,0.0,False,False,False
main,deterministic,deterministic,2025-07-01,63,True,True,0,,,0.7,20.0,optimal,1.9850107999955071,1.9850114999862853,0.0,0,0,15892.509133609492,284.3502089019994,16176.859342511492,15744.468275131012,16028.81848403301,165685.68579363768,0.0,112.21873840303714,0.0,0.0,0.7523520955210543,False,False,True
main,deterministic,deterministic,2025-07-01,64,True,True,0,,,0.7,20.0,optimal,1.9850107999955071,1.9850114999862853,0.0,0,0,15892.509133609492,284.3502089019994,16176.859342511492,15855.921913600752,16140.272122502753,156242.38588853495,0.02805885575383152,54.633579038062884,0.0,0.0,0.0,False,False,False
main,deterministic,deterministic,2025-07-01,65,True,True,0,,,0.7,20.0,optimal,1.9850107999955071,1.9850114999862853,0.0,0,0,15892.509133609492,284.3502089019994,16176.859342511492,16650.416561603037,16934.766770505037,168597.0522849718,0.0,57.0342658402975,0.0,0.0,0.0,False,False,False
main,deterministic,deterministic,2025-07-01,66,True,True,0,,,0.7,20.0,optimal,1.9850107999955071,1.9850114999862853,0.0,0,0,15892.509133609492,284.3502089019994,16176.859342511492,16282.764961291481,16567.11517019348,174390.42990099508,0.4198294688150812,69.17009991790621,0.0,0.0,0.0,False,False,False
main,deterministic,deterministic,2025-07-01,67,True,True,0,,,0.7,20.0,optimal,1.9850107999955071,1.9850114999862853,0.0,0,0,15892.509133609492,284.3502089019994,16176.859342511492,15171.33261497448,15455.68282387648,151481.23106802435,0.010743778140169025,50.94097995441633,0.0,0.0,0.0,False,False,False
main,deterministic,deterministic,2025-07-01,68,True,True,0,,,0.7,20.0,optimal,1.9850107999955071,1.9850114999862853,0.0,0,0,15892.509133609492,284.3502089019994,16176.859342511492,17246.888728364625,17531.238937266626,192229.43185683805,0.32880299162168547,58.58237703111594,0.0,0.0,0.0,False,False,False
main,deterministic,deterministic,2025-07-01,69,True,True,0,,,0.7,20.0,optimal,1.9850107999955071,1.9850114999862853,0.0,0,0,15892.509133609492,284.3502089019994,16176.859342511492,17329.6430285451,17613.9932374471,187922.2780335057,0.19399011385268805,60.64036976550675,0.0,0.0,0.0,False,False,False
main,deterministic,deterministic,2025-07-01,70,True,True,0,,,0.7,20.0,optimal,1.9850107999955071,1.9850114999862853,0.0,0,0,15892.509133609492,284.3502089019994,16176.859342511492,16572.700418939483,16857.050627841483,180235.87236694124,0.7235385613053389,65.47135817590147,0.0,0.0,0.0,False,False,False
main,deterministic,deterministic,2025-07-01,71,True,True,0,,,0.7,20.0,optimal,1.9850107999955071,1.9850114999862853,0.0,0,0,15892.509133609492,284.3502089019994,16176.859342511492,15257.846944152114,15542.197153054112,162746.3421644242,0.2541990291980471,69.0704125639152,0.0,0.0,0.0,False,False,False
main,deterministic,deterministic,2025-07-01,72,True,True,0,,,0.7,20.0,optimal,1.9850107999955071,1.9850114999862853,0.0,0,0,15892.509133609492,284.3502089019994,16176.859342511492,15845.557832153365,16129.908041055365,162480.4356788445,0.5848304646250884,64.21985260573827,0.0,0.0,0.0,False,False,False
main,deterministic,deterministic,2025-07-01,73,True,True,0,,,0.7,20.0,optimal,1.9850107999955071,1.9850114999862853,0.0,0,0,15892.509133609492,284.3502089019994,16176.859342511492,16092.511693523118,16376.861902425117,164841.15080172743,0.03525021569448844,59.877916334175374,0.0,0.0,0.0,False,False,False
main,deterministic,deterministic,2025-07-01,74,True,True,0,,,0.7,20.0,optimal,1.9850107999955071,1.9850114999862853,0.0,0,0,15892.509133609492,284.3502089019994,16176.859342511492,15879.081753812572,16163.43196271457,153575.90781799372,0.49601415956721784,56.25873992092858,0.0,0.0,0.0,False,False,False
main,deterministic,deterministic,2025-07-01,75,True,True,0,,,0.7,20.0,optimal,1.9850107999955071,1.9850114999862853,0.0,0,0,15892.509133609492,284.3502089019994,16176.859342511492,16442.51757892244,16726.86778782444,170242.85761216134,0.4695290098698165,57.47998410043296,0.0,0.0,0.0,False,False,False
main,deterministic,deterministic,2025-07-01,76,True,True,0,,,0.7,20.0,optimal,1.9850107999955071,1.9850114999862853,0.0,0,0,15892.509133609492,284.3502089019994,16176.859342511492,16588.404031295235,16872.754240197235,187008.31576092102,0.7174685117201062,56.80199258386779,0.0,0.0,0.0,False,False,False
main,deterministic,deterministic,2025-07-01,77,True,True,0,,,0.7,20.0,optimal,1.9850107999955071,1.9850114999862853,0.0,0,0,15892.509133609492,284.3502089019994,16176.859342511492,15518.065484908753,15802.415693810752,153754.26982597917,0.0,54.52641809405541,0.0,0.0,0.0,False,False,False
main,deterministic,deterministic,2025-07-01,78,True,True,0,,,0.7,20.0,optimal,1.9850107999955071,1.9850114999862853,0.0,0,0,15892.509133609492,284.3502089019994,16176.859342511492,15515.53417731937,15799.884386221369,159663.94074809007,0.0,61.71474782101184,0.0,0.0019818386491128326,0.0,False,True,False
main,deterministic,deterministic,2025-07-01,79,True,True,0,,,0.7,20.0,optimal,1.9850107999955071,1.9850114999862853,0.0,0,0,15892.509133609492,284.3502089019994,16176.859342511492,16676.726286959434,16961.076495861435,180479.38501695718,0.0,54.29228549890585,0.0,0.0,0.0,False,False,False
main,deterministic,deterministic,2025-07-01,80,True,True,0,,,0.7,20.0,optimal,1.9850107999955071,1.9850114999862853,0.0,0,0,15892.509133609492,284.3502089019994,16176.859342511492,16834.403537949267,17118.753746851267,179581.50980223584,1.1860236258623953,57.050192294543834,0.0,0.02648247843707563,0.0,False,True,False
main,deterministic,deterministic,2025-07-01,81,True,True,0,,,0.7,20.0,optimal,1.9850107999955071,1.9850114999862853,0.0,0,0,15892.509133609492,284.3502089019994,16176.859342511492,16063.491794451416,16347.842003353417,165507.5219935813,0.6293369378934957,65.86597656103612,0.0,0.0,0.0,False,False,False
main,deterministic,deterministic,2025-07-01,82,True,True,0,,,0.7,20.0,optimal,1.9850107999955071,1.9850114999862853,0.0,0,0,15892.509133609492,284.3502089019994,16176.859342511492,15791.752309933781,16076.102518835782,163413.77185167267,0.08604335686856271,49.61867098069725,0.0,0.0,0.0,False,False,False
main,deterministic,deterministic,2025-07-01,83,True,True,0,,,0.7,20.0,optimal,1.9850107999955071,1.9850114999862853,0.0,0,0,15892.509133609492,284.3502089019994,16176.859342511492,16773.352782575137,17057.702991477137,183804.65561707268,0.16512440573422577,58.94851362207348,0.0,0.0,0.0,False,False,False
main,deterministic,deterministic,2025-07-01,84,True,True,0,,,0.7,20.0,optimal,1.9850107999955071,1.9850114999862853,0.0,0,0,15892.509133609492,284.3502089019994,16176.859342511492,16732.945746263882,17017.295955165882,183237.1801187079,0.1318168635436352,55.62591800537101,0.0,0.0,0.0,False,False,False
main,deterministic,deterministic,2025-07-01,85,True,True,0,,,0.7,20.0,optimal,1.9850107999955071,1.9850114999862853,0.0,0,0,15892.509133609492,284.3502089019994,16176.859342511492,16387.732503017007,16672.082711919007,171725.0375360146,0.0,67.15244044373604,0.0,0.0,0.0,False,False,False
main,deterministic,deterministic,2025-07-01,86,True,True,0,,,0.7,20.0,optimal,1.9850107999955071,1.9850114999862853,0.0,0,0,15892.509133609492,284.3502089019994,16176.859342511492,16213.71055753235,16498.060766434348,172183.66349030272,0.08986024636762432,51.965860630564414,0.0,0.0,0.0,False,False,False
main,deterministic,deterministic,2025-07-01,87,True,True,0,,,0.7,20.0,optimal,1.9850107999955071,1.9850114999862853,0.0,0,0,15892.509133609492,284.3502089019994,16176.859342511492,15597.13917303407,15881.48938193607,150678.93382148558,0.34134435023590814,56.32397228160606,0.0,0.0,0.0,False,False,False
main,deterministic,deterministic,2025-07-01,88,True,True,0,,,0.7,20.0,optimal,1.9850107999955071,1.9850114999862853,0.0,0,0,15892.509133609492,284.3502089019994,16176.859342511492,15350.224001758344,15634.574210660343,153874.34333947548,0.03250313558584894,64.94887448933193,0.0,0.0,0.0,False,False,False
main,deterministic,deterministic,2025-07-01,89,True,True,0,,,0.7,20.0,optimal,1.9850107999955071,1.9850114999862853,0.0,0,0,15892.509133609492,284.3502089019994,16176.859342511492,16343.14106768663,16627.49127658863,168842.56246777222,0.0,56.77585459845573,0.0,0.0,0.0,False,False,False
main,deterministic,deterministic,2025-07-01,90,True,True,0,,,0.7,20.0,optimal,1.9850107999955071,1.9850114999862853,0.0,0,0,15892.509133609492,284.3502089019994,16176.859342511492,15894.19971414517,16178.549923047169,164420.26865486865,0.6904530076751947,61.15735400534967,0.0,0.0,0.0,False,False,False
main,deterministic,deterministic,2025-07-01,91,True,True,0,,,0.7,20.0,optimal,1.9850107999955071,1.9850114999862853,0.0,0,0,15892.509133609492,284.3502089019994,16176.859342511492,14947.121053071662,15231.47126197366,143826.1712556712,0.0,55.38855426884827,0.0,0.0,0.0,False,False,False
main,deterministic,deterministic,2025-07-01,92,True,True,0,,,0.7,20.0,optimal,1.9850107999955071,1.9850114999862853,0.0,0,0,15892.509133609492,284.3502089019994,16176.859342511492,15603.57899688412,15887.92920578612,158021.90260655957,0.0,44.30040353416871,0.0,0.0,0.0,False,False,False
main,deterministic,deterministic,2025-07-01,93,True,True,0,,,0.7,20.0,optimal,1.9850107999955071,1.9850114999862853,0.0,0,0,15892.509133609492,284.3502089019994,16176.859342511492,15759.322523877852,16043.67273277985,168817.1610403969,0.3793041794083037,58.25021972170132,0.0,0.0,0.0,False,False,False
main,deterministic,deterministic,2025-07-01,94,True,True,0,,,0.7,20.0,optimal,1.9850107999955071,1.9850114999862853,0.0,0,0,15892.509133609492,284.3502089019994,16176.859342511492,15802.630273893308,16086.980482795308,160545.44515976252,0.03475340463832752,54.03538353266797,0.0,0.0,0.0,False,False,False
main,deterministic,deterministic,2025-07-01,95,True,True,0,,,0.7,20.0,optimal,1.9850107999955071,1.9850114999862853,0.0,0,0,15892.509133609492,284.3502089019994,16176.859342511492,15428.458351667083,15712.808560569083,157175.2844510769,0.04419584944603369,58.07003546224326,0.0,0.0,0.0,False,False,False
main,deterministic,deterministic,2025-07-01,96,True,True,0,,,0.7,20.0,optimal,1.9850107999955071,1.9850114999862853,0.0,0,0,15892.509133609492,284.3502089019994,16176.859342511492,15968.229560662663,16252.579769564662,163511.33245477953,0.0917300231771088,54.9251865854136,0.0,0.0,0.0,False,False,False
main,deterministic,deterministic,2025-07-01,97,True,True,0,,,0.7,20.0,optimal,1.9850107999955071,1.9850114999862853,0.0,0,0,15892.509133609492,284.3502089019994,16176.859342511492,15738.031454686334,16022.381663588334,160686.1028011553,0.005322452290698332,59.337208549274855,0.0,0.0,0.0,False,False,False
main,deterministic,deterministic,2025-07-01,98,True,True,0,,,0.7,20.0,optimal,1.9850107999955071,1.9850114999862853,0.0,0,0,15892.509133609492,284.3502089019994,16176.859342511492,15768.160800982465,16052.511009884463,162662.57812400564,0.11419230856203247,48.68268361420516,0.0,0.0,0.0,False,False,False
main,deterministic,deterministic,2025-07-01,99,True,True,0,,,0.7,20.0,optimal,1.9850107999955071,1.9850114999862853,0.0,0,0,15892.509133609492,284.3502089019994,16176.859342511492,15573.527340533024,15857.877549435023,157932.58163611952,0.08083828348267869,57.45612314099801,0.0,0.0,0.0,False,False,False
main,deterministic,deterministic,2025-10-01,0,True,True,0,,,0.7,20.0,optimal,2.003832699992927,2.003833399998257,0.0,0,0,16341.44927302646,516.750564959715,16858.199837986172,15401.832704714168,15918.583269673883,175803.70635113856,0.19248159792308384,57.04789390319292,0.0,0.0,0.0,False,False,False
main,deterministic,deterministic,2025-10-01,1,True,True,0,,,0.7,20.0,optimal,2.003832699992927,2.003833399998257,0.0,0,0,16341.44927302646,516.750564959715,16858.199837986172,16691.19511315372,17207.945678113436,196092.24603264753,0.1306667693748863,66.09952727710962,0.0,0.0,0.0,False,False,False
main,deterministic,deterministic,2025-10-01,2,True,True,0,,,0.7,20.0,optimal,2.003832699992927,2.003833399998257,0.0,0,0,16341.44927302646,516.750564959715,16858.199837986172,15875.175674968152,16391.926239927867,187397.6722720916,0.0,49.21855473024738,0.0,0.0,0.0,False,False,False
main,deterministic,deterministic,2025-10-01,3,True,True,0,,,0.7,20.0,optimal,2.003832699992927,2.003833399998257,0.0,0,0,16341.44927302646,516.750564959715,16858.199837986172,16556.82577392971,17073.576338889427,195942.53935458983,0.0,56.99434446820589,0.0,0.0,0.0,False,False,False
main,deterministic,deterministic,2025-10-01,4,True,True,0,,,0.7,20.0,optimal,2.003832699992927,2.003833399998257,0.0,0,0,16341.44927302646,516.750564959715,16858.199837986172,16161.829826016874,16678.58039097659,192189.37485272237,0.2399016676683472,51.51599491245278,0.0,0.0,0.0,False,False,False
main,deterministic,deterministic,2025-10-01,5,True,True,0,,,0.7,20.0,optimal,2.003832699992927,2.003833399998257,0.0,0,0,16341.44927302646,516.750564959715,16858.199837986172,16594.057367456648,17110.807932416363,206259.43350125977,0.0,61.36801625000785,0.0,0.0,0.0,False,False,False
main,deterministic,deterministic,2025-10-01,6,True,True,0,,,0.7,20.0,optimal,2.003832699992927,2.003833399998257,0.0,0,0,16341.44927302646,516.750564959715,16858.199837986172,16788.38904795481,17305.139612914525,197885.69879146802,0.04974458912041996,50.639307052424726,0.0,0.0,0.0,False,False,False
main,deterministic,deterministic,2025-10-01,7,True,True,0,,,0.7,20.0,optimal,2.003832699992927,2.003833399998257,0.0,0,0,16341.44927302646,516.750564959715,16858.199837986172,15836.869330699112,16353.619895658827,182182.83337017254,0.0,54.8369533994877,0.0,0.0,0.0,False,False,False
main,deterministic,deterministic,2025-10-01,8,True,True,0,,,0.7,20.0,optimal,2.003832699992927,2.003833399998257,0.0,0,0,16341.44927302646,516.750564959715,16858.199837986172,16293.683762137593,16810.434327097308,195763.49908702887,0.14023957260717218,52.447586665629245,0.0,0.0,0.0,False,False,False
main,deterministic,deterministic,2025-10-01,9,True,True,0,,,0.7,20.0,optimal,2.003832699992927,2.003833399998257,0.0,0,0,16341.44927302646,516.750564959715,16858.199837986172,16645.63922624985,17162.389791209564,198915.68707519915,0.0,62.704308782592115,0.0,0.0,0.0,False,False,False
main,deterministic,deterministic,2025-10-01,10,True,True,0,,,0.7,20.0,optimal,2.003832699992927,2.003833399998257,0.0,0,0,16341.44927302646,516.750564959715,16858.199837986172,16104.926470567163,16621.677035526878,189893.3424479982,0.0,54.574197975154014,0.0,0.0,0.0,False,False,False
main,deterministic,deterministic,2025-10-01,11,True,True,0,,,0.7,20.0,optimal,2.003832699992927,2.003833399998257,0.0,0,0,16341.44927302646,516.750564959715,16858.199837986172,16396.90421738144,16913.654782341157,188739.6080884369,0.11818882336742698,52.7589959057735,0.0,0.0,0.0,False,False,False
main,deterministic,deterministic,2025-10-01,12,True,True,0,,,0.7,20.0,optimal,2.003832699992927,2.003833399998257,0.0,0,0,16341.44927302646,516.750564959715,16858.199837986172,16418.919258428286,16935.669823388,201833.1571774078,0.2353095192807341,49.18480510617445,0.0,0.0,0.0,False,False,False
main,deterministic,deterministic,2025-10-01,13,True,True,0,,,0.7,20.0,optimal,2.003832699992927,2.003833399998257,0.0,0,0,16341.44927302646,516.750564959715,16858.199837986172,16909.225842425374,17425.97640738509,202720.4234204677,0.0,57.782538858936306,0.0,0.0,0.0,False,False,False
main,deterministic,deterministic,2025-10-01,14,True,True,0,,,0.7,20.0,optimal,2.003832699992927,2.003833399998257,0.0,0,0,16341.44927302646,516.750564959715,16858.199837986172,15937.908793912993,16454.65935887271,183269.64873174415,0.0,51.412269279088136,0.0,0.0,0.0,False,False,False
main,deterministic,deterministic,2025-10-01,15,True,True,0,,,0.7,20.0,optimal,2.003832699992927,2.003833399998257,0.0,0,0,16341.44927302646,516.750564959715,16858.199837986172,15723.009927683628,16239.760492643343,179437.10801127536,0.0,48.35244865898843,0.0,0.0,0.0,False,False,False
main,deterministic,deterministic,2025-10-01,16,True,True,0,,,0.7,20.0,optimal,2.003832699992927,2.003833399998257,0.0,0,0,16341.44927302646,516.750564959715,16858.199837986172,15623.940553064842,16140.691118024557,174977.63426092154,0.0,52.809844760428234,0.0,0.0,0.0,False,False,False
main,deterministic,deterministic,2025-10-01,17,True,True,0,,,0.7,20.0,optimal,2.003832699992927,2.003833399998257,0.0,0,0,16341.44927302646,516.750564959715,16858.199837986172,16147.20133476529,16663.951899725005,182643.74461389275,1.0149482223341946,62.507506079264815,0.0,0.0,0.0,False,False,False
main,deterministic,deterministic,2025-10-01,18,True,True,0,,,0.7,20.0,optimal,2.003832699992927,2.003833399998257,0.0,0,0,16341.44927302646,516.750564959715,16858.199837986172,16679.61280176193,17196.363366721645,194016.31277112843,0.12509345464388347,58.52954654065124,0.0,0.0,0.0,False,False,False
main,deterministic,deterministic,2025-10-01,19,True,True,0,,,0.7,20.0,optimal,2.003832699992927,2.003833399998257,0.0,0,0,16341.44927302646,516.750564959715,16858.199837986172,16024.903611351006,16541.65417631072,194163.03478066696,0.0,54.34366120738932,0.0,0.0,0.0,False,False,False
main,deterministic,deterministic,2025-10-01,20,True,True,0,,,0.7,20.0,optimal,2.003832699992927,2.003833399998257,0.0,0,0,16341.44927302646,516.750564959715,16858.199837986172,16602.864353940695,17119.61491890041,199967.51108476525,0.0,50.24627774835518,0.0,0.0,0.0,False,False,False
main,deterministic,deterministic,2025-10-01,21,True,True,0,,,0.7,20.0,optimal,2.003832699992927,2.003833399998257,0.0,0,0,16341.44927302646,516.750564959715,16858.199837986172,15938.37957093991,16455.130135899624,181298.01266176839,0.07119945715233289,49.6754514319132,0.0,0.0,0.0,False,False,False
main,deterministic,deterministic,2025-10-01,22,True,True,0,,,0.7,20.0,optimal,2.003832699992927,2.003833399998257,0.0,0,0,16341.44927302646,516.750564959715,16858.199837986172,16485.99295678614,17002.743521745855,195705.64761731314,0.0,53.14202750427143,0.0,0.0,0.0,False,False,False
main,deterministic,deterministic,2025-10-01,23,True,True,0,,,0.7,20.0,optimal,2.003832699992927,2.003833399998257,0.0,0,0,16341.44927302646,516.750564959715,16858.199837986172,16684.657439160954,17201.40800412067,194991.26967375382,0.0,53.15348814353509,0.0,0.0,0.0,False,False,False
main,deterministic,deterministic,2025-10-01,24,True,True,0,,,0.7,20.0,optimal,2.003832699992927,2.003833399998257,0.0,0,0,16341.44927302646,516.750564959715,16858.199837986172,16302.54350288957,16819.294067849285,186336.4943159618,0.0,61.697449439105355,0.0,0.0,0.0,False,False,False
main,deterministic,deterministic,2025-10-01,25,True,True,0,,,0.7,20.0,optimal,2.003832699992927,2.003833399998257,0.0,0,0,16341.44927302646,516.750564959715,16858.199837986172,17740.62400270099,18257.374567660707,226369.29980452202,0.0,50.33561731225684,0.0,0.0,0.0,False,False,False
main,deterministic,deterministic,2025-10-01,26,True,True,0,,,0.7,20.0,optimal,2.003832699992927,2.003833399998257,0.0,0,0,16341.44927302646,516.750564959715,16858.199837986172,16092.209430177714,16608.95999513743,192623.5912899446,0.0,62.289657554520055,0.0,0.0,0.0,False,False,False
main,deterministic,deterministic,2025-10-01,27,True,True,0,,,0.7,20.0,optimal,2.003832699992927,2.003833399998257,0.0,0,0,16341.44927302646,516.750564959715,16858.199837986172,15381.905211372794,15898.655776332509,176029.61275210785,0.28989663505163327,61.82750690106204,0.0,0.0,0.0,False,False,False
main,deterministic,deterministic,2025-10-01,28,True,True,0,,,0.7,20.0,optimal,2.003832699992927,2.003833399998257,0.0,0,0,16341.44927302646,516.750564959715,16858.199837986172,16476.55086906541,16993.301434025125,191598.0178979966,0.25410081285618014,45.761637128294076,0.0,0.0,0.0,False,False,False
main,deterministic,deterministic,2025-10-01,29,True,True,0,,,0.7,20.0,optimal,2.003832699992927,2.003833399998257,0.0,0,0,16341.44927302646,516.750564959715,16858.199837986172,16542.81685519091,17059.567420150626,202792.19134276322,0.0,42.6389631429565,0.0,0.0,0.0,False,False,False
main,deterministic,deterministic,2025-10-01,30,True,True,0,,,0.7,20.0,optimal,2.003832699992927,2.003833399998257,0.0,0,0,16341.44927302646,516.750564959715,16858.199837986172,15623.697921767254,16140.44848672697,169630.0459269779,0.19736464866174863,52.40315586342693,0.0,0.0,0.0,False,False,False
main,deterministic,deterministic,2025-10-01,31,True,True,0,,,0.7,20.0,optimal,2.003832699992927,2.003833399998257,0.0,0,0,16341.44927302646,516.750564959715,16858.199837986172,16821.770966605447,17338.521531565162,210294.81853599063,0.0,51.54108955166738,0.0,0.0,0.0,False,False,False
main,deterministic,deterministic,2025-10-01,32,True,True,0,,,0.7,20.0,optimal,2.003832699992927,2.003833399998257,0.0,0,0,16341.44927302646,516.750564959715,16858.199837986172,16213.996437811982,16730.747002771695,189473.5900439485,0.0,59.60833735499033,0.0,0.0,0.0,False,False,False
main,deterministic,deterministic,2025-10-01,33,True,True,0,,,0.7,20.0,optimal,2.003832699992927,2.003833399998257,0.0,0,0,16341.44927302646,516.750564959715,16858.199837986172,17632.185404021708,18148.935968981423,225372.04957995753,0.020447741754935356,68.29207517003199,0.0,0.0,0.0,False,False,False
main,deterministic,deterministic,2025-10-01,34,True,True,0,,,0.7,20.0,optimal,2.003832699992927,2.003833399998257,0.0,0,0,16341.44927302646,516.750564959715,16858.199837986172,16710.35025685088,17227.100821810596,199057.21080014695,0.060323374773612715,54.59485686254125,0.0,0.0,0.0,False,False,False
main,deterministic,deterministic,2025-10-01,35,True,True,0,,,0.7,20.0,optimal,2.003832699992927,2.003833399998257,0.0,0,0,16341.44927302646,516.750564959715,16858.199837986172,16066.906853166487,16583.6574181262,182319.93188542375,0.0,58.13405963565813,0.0,0.0,0.0,False,False,False
main,deterministic,deterministic,2025-10-01,36,True,True,0,,,0.7,20.0,optimal,2.003832699992927,2.003833399998257,0.0,0,0,16341.44927302646,516.750564959715,16858.199837986172,15814.406389918915,16331.15695487863,179916.32384568648,0.0,64.15387081893022,0.0,0.0,0.0,False,False,False
main,deterministic,deterministic,2025-10-01,37,True,True,0,,,0.7,20.0,optimal,2.003832699992927,2.003833399998257,0.0,0,0,16341.44927302646,516.750564959715,16858.199837986172,16178.379545128762,16695.130110088478,189617.98603422483,0.10316616464518047,43.84712235340871,0.0,0.0,0.0,False,False,False
main,deterministic,deterministic,2025-10-01,38,True,True,0,,,0.7,20.0,optimal,2.003832699992927,2.003833399998257,0.0,0,0,16341.44927302646,516.750564959715,16858.199837986172,16014.60303811443,16531.353603074145,189750.60786213368,0.0,51.5241523042152,0.0,0.0,0.0,False,False,False
main,deterministic,deterministic,2025-10-01,39,True,True,0,,,0.7,20.0,optimal,2.003832699992927,2.003833399998257,0.0,0,0,16341.44927302646,516.750564959715,16858.199837986172,16582.646084528773,17099.396649488488,200057.8281967177,0.0,43.79286984283592,0.0,0.0,0.0,False,False,False
main,deterministic,deterministic,2025-10-01,40,True,True,0,,,0.7,20.0,optimal,2.003832699992927,2.003833399998257,0.0,0,0,16341.44927302646,516.750564959715,16858.199837986172,16902.591458584007,17419.342023543722,201613.2167936011,0.06879182860769306,48.14889152180069,0.0,0.0,0.0,False,False,False
main,deterministic,deterministic,2025-10-01,41,True,True,0,,,0.7,20.0,optimal,2.003832699992927,2.003833399998257,0.0,0,0,16341.44927302646,516.750564959715,16858.199837986172,16433.467417115855,16950.21798207557,196897.91006560175,0.036333738729999565,41.46149808107811,0.0,0.0,0.0,False,False,False
main,deterministic,deterministic,2025-10-01,42,True,True,0,,,0.7,20.0,optimal,2.003832699992927,2.003833399998257,0.0,0,0,16341.44927302646,516.750564959715,16858.199837986172,16678.89790248525,17195.648467444964,197785.97755260658,0.09673313960838587,59.53626003216145,0.0,0.0,0.0,False,False,False
main,deterministic,deterministic,2025-10-01,43,True,True,0,,,0.7,20.0,optimal,2.003832699992927,2.003833399998257,0.0,0,0,16341.44927302646,516.750564959715,16858.199837986172,15674.880812230847,16191.631377190562,177574.08879890124,0.0,59.06795809763455,0.0,0.0,0.0,False,False,False
main,deterministic,deterministic,2025-10-01,44,True,True,0,,,0.7,20.0,optimal,2.003832699992927,2.003833399998257,0.0,0,0,16341.44927302646,516.750564959715,16858.199837986172,16130.074054723444,16646.824619683157,185520.68718733866,0.0,56.70265433589557,0.0,0.0,0.0,False,False,False
main,deterministic,deterministic,2025-10-01,45,True,True,0,,,0.7,20.0,optimal,2.003832699992927,2.003833399998257,0.0,0,0,16341.44927302646,516.750564959715,16858.199837986172,16823.63779481579,17340.388359775505,202993.98751375644,0.0,57.53110937690852,0.0,0.0,0.0,False,False,False
main,deterministic,deterministic,2025-10-01,46,True,True,0,,,0.7,20.0,optimal,2.003832699992927,2.003833399998257,0.0,0,0,16341.44927302646,516.750564959715,16858.199837986172,16445.55452464783,16962.305089607544,194731.5819317489,0.27946421388943365,55.3710362175214,0.0,0.0,0.0,False,False,False
main,deterministic,deterministic,2025-10-01,47,True,True,0,,,0.7,20.0,optimal,2.003832699992927,2.003833399998257,0.0,0,0,16341.44927302646,516.750564959715,16858.199837986172,16498.977999751438,17015.728564711153,202260.5883658259,0.005614080864519977,55.11268378358074,0.0,0.0,0.0,False,False,False
main,deterministic,deterministic,2025-10-01,48,True,True,0,,,0.7,20.0,optimal,2.003832699992927,2.003833399998257,0.0,0,0,16341.44927302646,516.750564959715,16858.199837986172,17151.62732305236,17668.377888012074,212191.00041207206,0.13135089089666163,54.95581159570999,0.0,0.0,0.0,False,False,False
main,deterministic,deterministic,2025-10-01,49,True,True,0,,,0.7,20.0,optimal,2.003832699992927,2.003833399998257,0.0,0,0,16341.44927302646,516.750564959715,16858.199837986172,16566.85248169825,17083.603046657965,206817.00471415283,0.012031061288732436,59.39705223001716,0.0,0.0,0.0,False,False,False
main,deterministic,deterministic,2025-10-01,50,True,True,0,,,0.7,20.0,optimal,2.003832699992927,2.003833399998257,0.0,0,0,16341.44927302646,516.750564959715,16858.199837986172,16224.99278747186,16741.743352431575,195018.18242041365,0.01680845847648227,60.79184928898719,0.0,0.0,0.0,False,False,False
main,deterministic,deterministic,2025-10-01,51,True,True,0,,,0.7,20.0,optimal,2.003832699992927,2.003833399998257,0.0,0,0,16341.44927302646,516.750564959715,16858.199837986172,15886.054883285286,16402.805448245,184696.57579705736,0.1582140686088988,56.26280101028685,0.0,0.0,0.0,False,False,False
main,deterministic,deterministic,2025-10-01,52,True,True,0,,,0.7,20.0,optimal,2.003832699992927,2.003833399998257,0.0,0,0,16341.44927302646,516.750564959715,16858.199837986172,17008.75695680275,17525.507521762465,208845.50032545612,0.0,59.20357856226968,0.0,0.0,0.0,False,False,False
main,deterministic,deterministic,2025-10-01,53,True,True,0,,,0.7,20.0,optimal,2.003832699992927,2.003833399998257,0.0,0,0,16341.44927302646,516.750564959715,16858.199837986172,16380.45729103029,16897.207855990004,189231.46882392882,0.0,50.76701230322806,0.0,0.0,0.0,False,False,False
main,deterministic,deterministic,2025-10-01,54,True,True,0,,,0.7,20.0,optimal,2.003832699992927,2.003833399998257,0.0,0,0,16341.44927302646,516.750564959715,16858.199837986172,16956.850377914943,17473.60094287466,205090.18436794466,0.0,53.95768436727129,0.0,0.0,0.0,False,False,False
main,deterministic,deterministic,2025-10-01,55,True,True,0,,,0.7,20.0,optimal,2.003832699992927,2.003833399998257,0.0,0,0,16341.44927302646,516.750564959715,16858.199837986172,16434.358873751902,16951.109438711617,192480.48186349394,0.0,60.41464553944624,0.0,0.0,0.0,False,False,False
main,deterministic,deterministic,2025-10-01,56,True,True,0,,,0.7,20.0,optimal,2.003832699992927,2.003833399998257,0.0,0,0,16341.44927302646,516.750564959715,16858.199837986172,16418.801364662788,16935.551929622503,196107.98601519692,0.0,44.21912856936148,0.0,0.0,0.0,False,False,False
main,deterministic,deterministic,2025-10-01,57,True,True,0,,,0.7,20.0,optimal,2.003832699992927,2.003833399998257,0.0,0,0,16341.44927302646,516.750564959715,16858.199837986172,16302.259324191802,16819.009889151515,190463.9975699427,0.0,51.95183953469553,0.0,0.0,0.0,False,False,False
main,deterministic,deterministic,2025-10-01,58,True,True,0,,,0.7,20.0,optimal,2.003832699992927,2.003833399998257,0.0,0,0,16341.44927302646,516.750564959715,16858.199837986172,17203.842861980007,17720.593426939722,212436.83067625697,0.10316617991517263,63.09549564512895,0.0,0.0,0.0,False,False,False
main,deterministic,deterministic,2025-10-01,59,True,True,0,,,0.7,20.0,optimal,2.003832699992927,2.003833399998257,0.0,0,0,16341.44927302646,516.750564959715,16858.199837986172,17187.734095906177,17704.48466086589,212329.87122371784,0.0,56.41188386503273,0.0,0.0,0.0,False,False,False
main,deterministic,deterministic,2025-10-01,60,True,True,0,,,0.7,20.0,optimal,2.003832699992927,2.003833399998257,0.0,0,0,16341.44927302646,516.750564959715,16858.199837986172,16377.522442205449,16894.273007165164,199375.53604312643,0.0,52.21993896615864,0.0,0.0,0.0,False,False,False
main,deterministic,deterministic,2025-10-01,61,True,True,0,,,0.7,20.0,optimal,2.003832699992927,2.003833399998257,0.0,0,0,16341.44927302646,516.750564959715,16858.199837986172,16424.377584424605,16941.12814938432,197194.99030390944,0.0,42.98368763559944,0.0,0.0,0.0,False,False,False
main,deterministic,deterministic,2025-10-01,62,True,True,0,,,0.7,20.0,optimal,2.003832699992927,2.003833399998257,0.0,0,0,16341.44927302646,516.750564959715,16858.199837986172,15787.617806366026,16304.368371325741,179671.00662071578,0.0,58.709556519915175,0.0,0.0,0.0,False,False,False
main,deterministic,deterministic,2025-10-01,63,True,True,0,,,0.7,20.0,optimal,2.003832699992927,2.003833399998257,0.0,0,0,16341.44927302646,516.750564959715,16858.199837986172,16717.132150032936,17233.88271499265,192183.34893346217,0.22889377633326347,64.47976780464484,0.0,0.0,0.0,False,False,False
main,deterministic,deterministic,2025-10-01,64,True,True,0,,,0.7,20.0,optimal,2.003832699992927,2.003833399998257,0.0,0,0,16341.44927302646,516.750564959715,16858.199837986172,15997.797654851116,16514.54821981083,181183.31914459393,0.0,50.58005297085019,0.0,0.0,0.0,False,False,False
main,deterministic,deterministic,2025-10-01,65,True,True,0,,,0.7,20.0,optimal,2.003832699992927,2.003833399998257,0.0,0,0,16341.44927302646,516.750564959715,16858.199837986172,16861.60290273673,17378.353467696445,194522.5867672288,0.0,58.4369881044009,0.0,0.0,0.0,False,False,False
main,deterministic,deterministic,2025-10-01,66,True,True,0,,,0.7,20.0,optimal,2.003832699992927,2.003833399998257,0.0,0,0,16341.44927302646,516.750564959715,16858.199837986172,16710.78373847676,17227.534303436474,202043.6325021247,0.0,65.85938871371131,0.0,0.0,0.0,False,False,False
main,deterministic,deterministic,2025-10-01,67,True,True,0,,,0.7,20.0,optimal,2.003832699992927,2.003833399998257,0.0,0,0,16341.44927302646,516.750564959715,16858.199837986172,15800.196477205356,16316.947042165071,175911.9306310056,0.0,54.60185953382838,0.0,0.0,0.0,False,False,False
main,deterministic,deterministic,2025-10-01,68,True,True,0,,,0.7,20.0,optimal,2.003832699992927,2.003833399998257,0.0,0,0,16341.44927302646,516.750564959715,16858.199837986172,17407.792797527578,17924.543362487293,219456.6954832333,0.019169947215785577,57.54269123938081,0.0,0.0,0.0,False,False,False
main,deterministic,deterministic,2025-10-01,69,True,True,0,,,0.7,20.0,optimal,2.003832699992927,2.003833399998257,0.0,0,0,16341.44927302646,516.750564959715,16858.199837986172,17168.70643436178,17685.456999321494,214954.44814469034,0.11211821044234306,60.343330585184006,0.0,0.0,0.0,False,False,False
main,deterministic,deterministic,2025-10-01,70,True,True,0,,,0.7,20.0,optimal,2.003832699992927,2.003833399998257,0.0,0,0,16341.44927302646,516.750564959715,16858.199837986172,16790.948932024265,17307.69949698398,206150.0902012908,0.0,58.06058099272775,0.0,0.0,0.0,False,False,False
main,deterministic,deterministic,2025-10-01,71,True,True,0,,,0.7,20.0,optimal,2.003832699992927,2.003833399998257,0.0,0,0,16341.44927302646,516.750564959715,16858.199837986172,15905.835505972937,16422.58607093265,186697.105473803,0.2918343409089792,63.30912889394341,0.0,0.0,0.0,False,False,False
main,deterministic,deterministic,2025-10-01,72,True,True,0,,,0.7,20.0,optimal,2.003832699992927,2.003833399998257,0.0,0,0,16341.44927302646,516.750564959715,16858.199837986172,16141.977080910294,16658.727645870007,188371.47869687434,0.0927699779645973,61.397831614508995,0.0,0.0,0.0,False,False,False
main,deterministic,deterministic,2025-10-01,73,True,True,0,,,0.7,20.0,optimal,2.003832699992927,2.003833399998257,0.0,0,0,16341.44927302646,516.750564959715,16858.199837986172,16413.341492111562,16930.092057071277,191267.45308147513,0.027631315571304826,53.24181895980036,0.0,0.0,0.0,False,False,False
main,deterministic,deterministic,2025-10-01,74,True,True,0,,,0.7,20.0,optimal,2.003832699992927,2.003833399998257,0.0,0,0,16341.44927302646,516.750564959715,16858.199837986172,16079.383380839019,16596.133945798734,179400.71273709,0.0,57.661219919390874,0.0,0.0,0.0,False,False,False
main,deterministic,deterministic,2025-10-01,75,True,True,0,,,0.7,20.0,optimal,2.003832699992927,2.003833399998257,0.0,0,0,16341.44927302646,516.750564959715,16858.199837986172,16574.57802571043,17091.328590670146,197137.7284053872,0.0348239181687289,54.6475230622019,0.0,0.0,0.0,False,False,False
main,deterministic,deterministic,2025-10-01,76,True,True,0,,,0.7,20.0,optimal,2.003832699992927,2.003833399998257,0.0,0,0,16341.44927302646,516.750564959715,16858.199837986172,17037.403545904355,17554.15411086407,213460.56139372836,0.0,56.5981171387793,0.0,0.0,0.0,False,False,False
main,deterministic,deterministic,2025-10-01,77,True,True,0,,,0.7,20.0,optimal,2.003832699992927,2.003833399998257,0.0,0,0,16341.44927302646,516.750564959715,16858.199837986172,16067.806877948964,16584.557442908677,179373.8363352774,0.04918064864920152,55.36455595034662,0.0,0.0,0.0,False,False,False
main,deterministic,deterministic,2025-10-01,78,True,True,0,,,0.7,20.0,optimal,2.003832699992927,2.003833399998257,0.0,0,0,16341.44927302646,516.750564959715,16858.199837986172,16000.68697744351,16517.437542403226,183923.3863628524,0.04395098623081206,53.57900473063208,0.0,0.0,0.0,False,False,False
main,deterministic,deterministic,2025-10-01,79,True,True,0,,,0.7,20.0,optimal,2.003832699992927,2.003833399998257,0.0,0,0,16341.44927302646,516.750564959715,16858.199837986172,17069.650731595826,17586.40129655554,207113.29060074672,0.0,53.043838812551165,0.0,0.0,0.0,False,False,False
main,deterministic,deterministic,2025-10-01,80,True,True,0,,,0.7,20.0,optimal,2.003832699992927,2.003833399998257,0.0,0,0,16341.44927302646,516.750564959715,16858.199837986172,16841.968071532032,17358.718636491747,206225.81700831297,0.0,52.40476532014075,0.0,0.0,0.0,False,False,False
main,deterministic,deterministic,2025-10-01,81,True,True,0,,,0.7,20.0,optimal,2.003832699992927,2.003833399998257,0.0,0,0,16341.44927302646,516.750564959715,16858.199837986172,16586.91523514212,17103.665800101837,192076.5252993015,0.13815605600948544,61.872547743882784,0.0,0.0,0.0,False,False,False
main,deterministic,deterministic,2025-10-01,82,True,True,0,,,0.7,20.0,optimal,2.003832699992927,2.003833399998257,0.0,0,0,16341.44927302646,516.750564959715,16858.199837986172,16064.69669954631,16581.447264506023,187319.3380435396,0.0,49.70088460840482,0.0,0.0,0.0,False,False,False
main,deterministic,deterministic,2025-10-01,83,True,True,0,,,0.7,20.0,optimal,2.003832699992927,2.003833399998257,0.0,0,0,16341.44927302646,516.750564959715,16858.199837986172,16942.561328467265,17459.31189342698,209535.0028216879,0.20995440734729848,52.57175273528667,0.0,0.0,0.0,False,False,False
main,deterministic,deterministic,2025-10-01,84,True,True,0,,,0.7,20.0,optimal,2.003832699992927,2.003833399998257,0.0,0,0,16341.44927302646,516.750564959715,16858.199837986172,17272.133711446575,17788.88427640629,209582.8800841648,0.4535193535295065,51.75677361371533,0.0,0.0,0.0,False,False,False
main,deterministic,deterministic,2025-10-01,85,True,True,0,,,0.7,20.0,optimal,2.003832699992927,2.003833399998257,0.0,0,0,16341.44927302646,516.750564959715,16858.199837986172,16683.181402418442,17199.931967378157,198931.0254961877,0.07749024424448814,60.62345993937274,0.0,0.0,0.0,False,False,False
main,deterministic,deterministic,2025-10-01,86,True,True,0,,,0.7,20.0,optimal,2.003832699992927,2.003833399998257,0.0,0,0,16341.44927302646,516.750564959715,16858.199837986172,16696.981081742255,17213.73164670197,197515.9030398786,0.0,48.90928118157392,0.0,0.0,0.0,False,False,False
main,deterministic,deterministic,2025-10-01,87,True,True,0,,,0.7,20.0,optimal,2.003832699992927,2.003833399998257,0.0,0,0,16341.44927302646,516.750564959715,16858.199837986172,15630.83237827803,16147.582943237745,174682.29930078483,0.0004878871265173168,54.405459809694925,0.0,0.0,0.0,False,False,False
main,deterministic,deterministic,2025-10-01,88,True,True,0,,,0.7,20.0,optimal,2.003832699992927,2.003833399998257,0.0,0,0,16341.44927302646,516.750564959715,16858.199837986172,16030.465068365957,16547.21563332567,177878.38363918837,0.05443924887394891,59.48772111511358,0.0,0.0,0.0,False,False,False
main,deterministic,deterministic,2025-10-01,89,True,True,0,,,0.7,20.0,optimal,2.003832699992927,2.003833399998257,0.0,0,0,16341.44927302646,516.750564959715,16858.199837986172,16460.431121710943,16977.181686670658,194335.50914774314,0.0,56.42367755909208,0.0,0.0,0.0,False,False,False
main,deterministic,deterministic,2025-10-01,90,True,True,0,,,0.7,20.0,optimal,2.003832699992927,2.003833399998257,0.0,0,0,16341.44927302646,516.750564959715,16858.199837986172,16235.821496059962,16752.572061019677,189697.86071796366,0.04684273450598009,59.0662858256042,0.0,0.0,0.0,False,False,False
main,deterministic,deterministic,2025-10-01,91,True,True,0,,,0.7,20.0,optimal,2.003832699992927,2.003833399998257,0.0,0,0,16341.44927302646,516.750564959715,16858.199837986172,15537.236042351313,16053.986607311028,167849.12667943406,0.32816275099805153,54.6332236497764,0.0,0.0,0.0,False,False,False
main,deterministic,deterministic,2025-10-01,92,True,True,0,,,0.7,20.0,optimal,2.003832699992927,2.003833399998257,0.0,0,0,16341.44927302646,516.750564959715,16858.199837986172,16333.58520835061,16850.335773310326,182797.9364827475,0.0,44.80147646559835,0.0,0.0,0.0,False,False,False
main,deterministic,deterministic,2025-10-01,93,True,True,0,,,0.7,20.0,optimal,2.003832699992927,2.003833399998257,0.0,0,0,16341.44927302646,516.750564959715,16858.199837986172,16227.133017984841,16743.883582944556,195333.5699230758,0.3092115722774382,56.820542561043666,0.0,0.0,0.0,False,False,False
main,deterministic,deterministic,2025-10-01,94,True,True,0,,,0.7,20.0,optimal,2.003832699992927,2.003833399998257,0.0,0,0,16341.44927302646,516.750564959715,16858.199837986172,16237.970722832182,16754.721287791897,186646.7878165012,0.39941816722262796,50.6378457162413,0.0,0.0,0.0,False,False,False
main,deterministic,deterministic,2025-10-01,95,True,True,0,,,0.7,20.0,optimal,2.003832699992927,2.003833399998257,0.0,0,0,16341.44927302646,516.750564959715,16858.199837986172,15957.233796654005,16473.98436161372,182780.4511027773,0.0,56.82007856960745,0.0,0.0,0.0,False,False,False
main,deterministic,deterministic,2025-10-01,96,True,True,0,,,0.7,20.0,optimal,2.003832699992927,2.003833399998257,0.0,0,0,16341.44927302646,516.750564959715,16858.199837986172,16156.026932067589,16672.777497027302,189085.99971459524,0.1014686356287866,52.96594539428117,0.0,0.0,0.0,False,False,False
main,deterministic,deterministic,2025-10-01,97,True,True,0,,,0.7,20.0,optimal,2.003832699992927,2.003833399998257,0.0,0,0,16341.44927302646,516.750564959715,16858.199837986172,16184.177684207652,16700.928249167366,187253.91651847228,0.0,56.56959299597565,0.0,0.0,0.0,False,False,False
main,deterministic,deterministic,2025-10-01,98,True,True,0,,,0.7,20.0,optimal,2.003832699992927,2.003833399998257,0.0,0,0,16341.44927302646,516.750564959715,16858.199837986172,16309.911092626695,16826.66165758641,187618.91845641765,0.0,47.76053169079988,0.0,0.0,0.0,False,False,False
main,deterministic,deterministic,2025-10-01,99,True,True,0,,,0.7,20.0,optimal,2.003832699992927,2.003833399998257,0.0,0,0,16341.44927302646,516.750564959715,16858.199837986172,16051.892633925065,16568.64319888478,184717.33102717556,0.20284941564191805,56.54833800411021,0.0,0.0,0.0,False,False,False
