suite,configuration,method,window,workload_replay_id,energy_uncertainty,workload_uncertainty,sample_size,gamma,rho,effective_capacity_fraction,bess_degradation_cost_usd_per_mwh_throughput,solver_status,solve_wall_time_seconds,solver_runtime_seconds,mip_gap,decomposition_iterations,active_scenario_count,nominal_grid_cost_usd,nominal_bess_degradation_cost_usd,nominal_operating_cost_usd,actual_grid_cost_usd,actual_operating_cost_usd,actual_carbon_kg,actual_curtailment_mwh,batch_adjustment_mwh,workload_envelope_violation_mwh,grid_limit_violation_mw,ramp_violation_mw,workload_violation,grid_limit_violation,ramp_violation
main,deterministic,deterministic,2025-01-01,0,True,True,0,,,0.7,20.0,optimal,1.812583100007032,1.8125837999978103,0.0,0,0,15699.809964398493,162.31612210104953,15862.126086499542,14844.374387372942,15006.69050947399,170046.47839072061,0.5715481935334525,51.5071006667342,0.0,0.0,0.0,False,False,False
main,deterministic,deterministic,2025-01-01,1,True,True,0,,,0.7,20.0,optimal,1.812583100007032,1.8125837999978103,0.0,0,0,15699.809964398493,162.31612210104953,15862.126086499542,15852.106762274361,16014.42288437541,190446.48363165878,0.08684864855887026,57.10219217687948,0.0,0.0,0.0,False,False,False
main,deterministic,deterministic,2025-01-01,2,True,True,0,,,0.7,20.0,optimal,1.812583100007032,1.8125837999978103,0.0,0,0,15699.809964398493,162.31612210104953,15862.126086499542,15514.08358576577,15676.399707866818,180817.2517213738,0.08188014820472636,46.33319215210078,0.0,0.0,0.0,False,False,False
main,deterministic,deterministic,2025-01-01,3,True,True,0,,,0.7,20.0,optimal,1.812583100007032,1.8125837999978103,0.0,0,0,15699.809964398493,162.31612210104953,15862.126086499542,15738.08040820837,15900.39653030942,189764.0810862773,0.0,52.29684224442868,0.0,0.0,0.0,False,False,False
main,deterministic,deterministic,2025-01-01,4,True,True,0,,,0.7,20.0,optimal,1.812583100007032,1.8125837999978103,0.0,0,0,15699.809964398493,162.31612210104953,15862.126086499542,15654.803914634955,15817.120036736003,185432.01760814848,0.0632302808889269,48.82429858846743,0.0,0.0,0.0,False,False,False
main,deterministic,deterministic,2025-01-01,5,True,True,0,,,0.7,20.0,optimal,1.812583100007032,1.8125837999978103,0.0,0,0,15699.809964398493,162.31612210104953,15862.126086499542,16053.7824700176,16216.09859211865,200963.77710622028,0.0,53.12290990306053,0.0,0.0,0.0,False,False,False
main,deterministic,deterministic,2025-01-01,6,True,True,0,,,0.7,20.0,optimal,1.812583100007032,1.8125837999978103,0.0,0,0,15699.809964398493,162.31612210104953,15862.126086499542,15949.07738695664,16111.393509057689,194196.15994078026,0.0,46.26475548238507,0.0,0.0,0.0,False,False,False
main,deterministic,deterministic,2025-01-01,7,True,True,0,,,0.7,20.0,optimal,1.812583100007032,1.8125837999978103,0.0,0,0,15699.809964398493,162.31612210104953,15862.126086499542,15309.687928791896,15472.004050892945,175743.496374817,0.03121743274892888,50.42673782773141,0.0,0.0,0.0,False,False,False
main,deterministic,deterministic,2025-01-01,8,True,True,0,,,0.7,20.0,optimal,1.812583100007032,1.8125837999978103,0.0,0,0,15699.809964398493,162.31612210104953,15862.126086499542,15845.416614227333,16007.732736328382,190217.73527821412,0.22630878639734453,51.3690112566002,0.0,0.0,0.0,False,False,False
main,deterministic,deterministic,2025-01-01,9,True,True,0,,,0.7,20.0,optimal,1.812583100007032,1.8125837999978103,0.0,0,0,15699.809964398493,162.31612210104953,15862.126086499542,15850.784082596578,16013.100204697626,192687.31291868773,0.0,58.670095223592604,0.0,0.0,0.0,False,False,False
main,deterministic,deterministic,2025-01-01,10,True,True,0,,,0.7,20.0,optimal,1.812583100007032,1.8125837999978103,0.0,0,0,15699.809964398493,162.31612210104953,15862.126086499542,15521.014719944538,15683.330842045587,183416.42328049708,0.12547462125793263,51.67844574288732,0.0,0.0,0.0,False,False,False
main,deterministic,deterministic,2025-01-01,11,True,True,0,,,0.7,20.0,optimal,1.812583100007032,1.8125837999978103,0.0,0,0,15699.809964398493,162.31612210104953,15862.126086499542,15278.96828268108,15441.284404782129,183389.19868806074,0.0,43.01380580603422,0.0,0.0,0.0,False,False,False
main,deterministic,deterministic,2025-01-01,12,True,True,0,,,0.7,20.0,optimal,1.812583100007032,1.8125837999978103,0.0,0,0,15699.809964398493,162.31612210104953,15862.126086499542,15870.382947587465,16032.699069688513,195989.0593762967,0.0,45.589306557790465,0.0,0.0,0.0,False,False,False
main,deterministic,deterministic,2025-01-01,13,True,True,0,,,0.7,20.0,optimal,1.812583100007032,1.8125837999978103,0.0,0,0,15699.809964398493,162.31612210104953,15862.126086499542,16107.437722326244,16269.753844427292,198336.83865515588,0.15005231031754085,53.51567250262105,0.0,0.0,0.0,False,False,False
main,deterministic,deterministic,2025-01-01,14,True,True,0,,,0.7,20.0,optimal,1.812583100007032,1.8125837999978103,0.0,0,0,15699.809964398493,162.31612210104953,15862.126086499542,15351.359292067937,15513.675414168985,178132.17490782088,0.11409901635691977,50.42211716740815,0.0,0.0,0.0,False,False,False
main,deterministic,deterministic,2025-01-01,15,True,True,0,,,0.7,20.0,optimal,1.812583100007032,1.8125837999978103,0.0,0,0,15699.809964398493,162.31612210104953,15862.126086499542,15360.530093448324,15522.846215549373,174310.0746478183,0.022578445292825627,46.14618602122387,0.0,0.0,0.0,False,False,False
main,deterministic,deterministic,2025-01-01,16,True,True,0,,,0.7,20.0,optimal,1.812583100007032,1.8125837999978103,0.0,0,0,15699.809964398493,162.31612210104953,15862.126086499542,15086.334509190834,15248.650631291883,170879.5801330642,0.03606366855062573,46.82498387616403,0.0,0.0,0.0,False,False,False
main,deterministic,deterministic,2025-01-01,17,True,True,0,,,0.7,20.0,optimal,1.812583100007032,1.8125837999978103,0.0,0,0,15699.809964398493,162.31612210104953,15862.126086499542,15330.883023837298,15493.199145938346,177936.61197430026,0.1016319032463242,55.54280195377329,0.0,0.0,0.0,False,False,False
main,deterministic,deterministic,2025-01-01,18,True,True,0,,,0.7,20.0,optimal,1.812583100007032,1.8125837999978103,0.0,0,0,15699.809964398493,162.31612210104953,15862.126086499542,15720.259355210115,15882.575477311164,190262.37197879833,0.0,55.51943378829212,0.0,0.0,0.0,False,False,False
main,deterministic,deterministic,2025-01-01,19,True,True,0,,,0.7,20.0,optimal,1.812583100007032,1.8125837999978103,0.0,0,0,15699.809964398493,162.31612210104953,15862.126086499542,15581.599696915566,15743.915819016614,189462.44578434285,0.08097823354357891,52.59574867175284,0.0,0.0,0.0,False,False,False
main,deterministic,deterministic,2025-01-01,20,True,True,0,,,0.7,20.0,optimal,1.812583100007032,1.8125837999978103,0.0,0,0,15699.809964398493,162.31612210104953,15862.126086499542,16112.688919676948,16275.005041777997,193992.5807294953,0.0,45.62519659260523,0.0,0.0,0.0,False,False,False
main,deterministic,deterministic,2025-01-01,21,True,True,0,,,0.7,20.0,optimal,1.812583100007032,1.8125837999978103,0.0,0,0,15699.809964398493,162.31612210104953,15862.126086499542,15172.408953580829,15334.725075681878,174872.46805239702,0.14558437698452803,44.57511142396355,0.0,0.0,0.0,False,False,False
main,deterministic,deterministic,2025-01-01,22,True,True,0,,,0.7,20.0,optimal,1.812583100007032,1.8125837999978103,0.0,0,0,15699.809964398493,162.31612210104953,15862.126086499542,15839.089984395781,16001.40610649683,190389.89212605762,0.02657784645708894,49.17167676222327,0.0,0.0,0.0,False,False,False
main,deterministic,deterministic,2025-01-01,23,True,True,0,,,0.7,20.0,optimal,1.812583100007032,1.8125837999978103,0.0,0,0,15699.809964398493,162.31612210104953,15862.126086499542,15928.824000773959,16091.140122875007,190017.1614469309,0.0,48.1964427170651,0.0,0.0,0.0,False,False,False
main,deterministic,deterministic,2025-01-01,24,True,True,0,,,0.7,20.0,optimal,1.812583100007032,1.8125837999978103,0.0,0,0,15699.809964398493,162.31612210104953,15862.126086499542,15326.454864350395,15488.770986451444,180432.5081734166,0.10567313604808662,51.921283303142395,0.0,0.0,0.0,False,False,False
main,deterministic,deterministic,2025-01-01,25,True,True,0,,,0.7,20.0,optimal,1.812583100007032,1.8125837999978103,0.0,0,0,15699.809964398493,162.31612210104953,15862.126086499542,16823.533908814385,16985.850030915433,221293.31460950171,0.0,46.122369018935274,0.0,0.0,0.0,False,False,False
main,deterministic,deterministic,2025-01-01,26,True,True,0,,,0.7,20.0,optimal,1.812583100007032,1.8125837999978103,0.0,0,0,15699.809964398493,162.31612210104953,15862.126086499542,15828.821619526947,15991.137741627996,186488.74244253058,0.23248576620478992,55.544344594398865,0.0,0.0,0.0,False,False,False
main,deterministic,deterministic,2025-01-01,27,True,True,0,,,0.7,20.0,optimal,1.812583100007032,1.8125837999978103,0.0,0,0,15699.809964398493,162.31612210104953,15862.126086499542,14555.535948540895,14717.852070641944,168950.69859387988,0.14431034237662138,55.22831970923788,0.0,0.0,0.0,False,False,False
main,deterministic,deterministic,2025-01-01,28,True,True,0,,,0.7,20.0,optimal,1.812583100007032,1.8125837999978103,0.0,0,0,15699.809964398493,162.31612210104953,15862.126086499542,15628.147683824795,15790.463805925843,185801.18551096224,0.07912936372838467,40.69620475634772,0.0,0.0,0.0,False,False,False
main,deterministic,deterministic,2025-01-01,29,True,True,0,,,0.7,20.0,optimal,1.812583100007032,1.8125837999978103,0.0,0,0,15699.809964398493,162.31612210104953,15862.126086499542,15893.505248928446,16055.821371029495,195793.86834196452,0.030916769877295164,39.0409487198231,0.0,0.0,0.0,False,False,False
main,deterministic,deterministic,2025-01-01,30,True,True,0,,,0.7,20.0,optimal,1.812583100007032,1.8125837999978103,0.0,0,0,15699.809964398493,162.31612210104953,15862.126086499542,15009.951792407363,15172.267914508411,165208.45836952986,0.0,46.61110937439981,0.0,0.0,0.0,False,False,False
main,deterministic,deterministic,2025-01-01,31,True,True,0,,,0.7,20.0,optimal,1.812583100007032,1.8125837999978103,0.0,0,0,15699.809964398493,162.31612210104953,15862.126086499542,15912.253399314297,16074.569521415346,202277.3289568035,0.22182372101925063,50.189373769155736,0.0,0.0,0.0,False,False,False
main,deterministic,deterministic,2025-01-01,32,True,True,0,,,0.7,20.0,optimal,1.812583100007032,1.8125837999978103,0.0,0,0,15699.809964398493,162.31612210104953,15862.126086499542,15687.275528290156,15849.591650391205,184387.81232156555,0.0,48.935815329728555,0.0,0.0,0.0,False,False,False
main,deterministic,deterministic,2025-01-01,33,True,True,0,,,0.7,20.0,optimal,1.812583100007032,1.8125837999978103,0.0,0,0,15699.809964398493,162.31612210104953,15862.126086499542,16917.522354409277,17079.838476510326,219908.91138131297,0.04697440711880671,61.78619640328576,0.0,0.0,0.0,False,False,False
main,deterministic,deterministic,2025-01-01,34,True,True,0,,,0.7,20.0,optimal,1.812583100007032,1.8125837999978103,0.0,0,0,15699.809964398493,162.31612210104953,15862.126086499542,16133.73961902332,16296.055741124368,194132.1574362206,0.15777137323215246,52.01286751997451,0.0,0.0,0.0,False,False,False
main,deterministic,deterministic,2025-01-01,35,True,True,0,,,0.7,20.0,optimal,1.812583100007032,1.8125837999978103,0.0,0,0,15699.809964398493,162.31612210104953,15862.126086499542,14910.060289176541,15072.37641127759,176493.69239546027,0.0,54.804022732727375,0.0,0.0,0.0,False,False,False
main,deterministic,deterministic,2025-01-01,36,True,True,0,,,0.7,20.0,optimal,1.812583100007032,1.8125837999978103,0.0,0,0,15699.809964398493,162.31612210104953,15862.126086499542,15211.905644657347,15374.221766758395,174596.23462578803,0.0,53.37401358161029,0.0,0.0,0.0,False,False,False
main,deterministic,deterministic,2025-01-01,37,True,True,0,,,0.7,20.0,optimal,1.812583100007032,1.8125837999978103,0.0,0,0,15699.809964398493,162.31612210104953,15862.126086499542,15493.276032536107,15655.592154637156,183250.82374471292,0.0,42.08403732216633,0.0,0.0,0.0,False,False,False
main,deterministic,deterministic,2025-01-01,38,True,True,0,,,0.7,20.0,optimal,1.812583100007032,1.8125837999978103,0.0,0,0,15699.809964398493,162.31612210104953,15862.126086499542,15451.589601705458,15613.905723806507,184933.1440865408,0.0,48.431762421865514,0.0,0.0,0.0,False,False,False
main,deterministic,deterministic,2025-01-01,39,True,True,0,,,0.7,20.0,optimal,1.812583100007032,1.8125837999978103,0.0,0,0,15699.809964398493,162.31612210104953,15862.126086499542,15676.692936586935,15839.009058687983,195334.00029135373,0.057814929904075885,39.92788265859338,0.0,0.0,0.0,False,False,False
main,deterministic,deterministic,2025-01-01,40,True,True,0,,,0.7,20.0,optimal,1.812583100007032,1.8125837999978103,0.0,0,0,15699.809964398493,162.31612210104953,15862.126086499542,16171.245454791975,16333.561576893024,196309.73586403328,0.0,44.486504440867805,0.0,0.0,0.0,False,False,False
main,deterministic,deterministic,2025-01-01,41,True,True,0,,,0.7,20.0,optimal,1.812583100007032,1.8125837999978103,0.0,0,0,15699.809964398493,162.31612210104953,15862.126086499542,15616.644202307252,15778.960324408301,191179.86274025735,0.007626743376417111,36.956445902388126,0.0,0.0,0.0,False,False,False
main,deterministic,deterministic,2025-01-01,42,True,True,0,,,0.7,20.0,optimal,1.812583100007032,1.8125837999978103,0.0,0,0,15699.809964398493,162.31612210104953,15862.126086499542,16275.148113180268,16437.464235281317,192141.65204536472,0.0,54.82757483279045,0.0,0.0,0.0,False,False,False
main,deterministic,deterministic,2025-01-01,43,True,True,0,,,0.7,20.0,optimal,1.812583100007032,1.8125837999978103,0.0,0,0,15699.809964398493,162.31612210104953,15862.126086499542,15082.313191859783,15244.629313960831,172304.80025933354,0.13724718452205356,52.328053181379715,0.0,0.0,0.0,False,False,False
main,deterministic,deterministic,2025-01-01,44,True,True,0,,,0.7,20.0,optimal,1.812583100007032,1.8125837999978103,0.0,0,0,15699.809964398493,162.31612210104953,15862.126086499542,15264.943426982118,15427.259549083166,180077.11381228492,0.14222632282577624,50.167041349719966,0.0,0.0,0.0,False,False,False
main,deterministic,deterministic,2025-01-01,45,True,True,0,,,0.7,20.0,optimal,1.812583100007032,1.8125837999978103,0.0,0,0,15699.809964398493,162.31612210104953,15862.126086499542,16345.091750512294,16507.407872613345,196717.65461070347,0.24997625552973357,54.876760769333636,0.0,0.0,0.0,False,False,False
main,deterministic,deterministic,2025-01-01,46,True,True,0,,,0.7,20.0,optimal,1.812583100007032,1.8125837999978103,0.0,0,0,15699.809964398493,162.31612210104953,15862.126086499542,15802.037387794491,15964.35350989554,188934.5632005003,0.15199288085733975,50.32900466445579,0.0,0.0,0.0,False,False,False
main,deterministic,deterministic,2025-01-01,47,True,True,0,,,0.7,20.0,optimal,1.812583100007032,1.8125837999978103,0.0,0,0,15699.809964398493,162.31612210104953,15862.126086499542,15744.36912240133,15906.685244502378,195771.6699000062,0.11629077019731415,51.721926919914665,0.0,0.0,0.0,False,False,False
main,deterministic,deterministic,2025-01-01,48,True,True,0,,,0.7,20.0,optimal,1.812583100007032,1.8125837999978103,0.0,0,0,15699.809964398493,162.31612210104953,15862.126086499542,16108.58862582139,16270.90474792244,206786.87574281305,0.0,48.2405323500294,0.0,0.0,0.0,False,False,False
main,deterministic,deterministic,2025-01-01,49,True,True,0,,,0.7,20.0,optimal,1.812583100007032,1.8125837999978103,0.0,0,0,15699.809964398493,162.31612210104953,15862.126086499542,16028.579005567775,16190.895127668824,200925.76035970845,0.04570459077504027,50.2604021786553,0.0,0.0,0.0,False,False,False
main,deterministic,deterministic,2025-01-01,50,True,True,0,,,0.7,20.0,optimal,1.812583100007032,1.8125837999978103,0.0,0,0,15699.809964398493,162.31612210104953,15862.126086499542,15663.270075292381,15825.58619739343,188857.90777721727,0.0,55.21714475620112,0.0,0.0,0.0,False,False,False
main,deterministic,deterministic,2025-01-01,51,True,True,0,,,0.7,20.0,optimal,1.812583100007032,1.8125837999978103,0.0,0,0,15699.809964398493,162.31612210104953,15862.126086499542,15595.546886164346,15757.863008265394,179741.76251990843,0.0,49.45623737489004,0.0,0.0,0.0,False,False,False
main,deterministic,deterministic,2025-01-01,52,True,True,0,,,0.7,20.0,optimal,1.812583100007032,1.8125837999978103,0.0,0,0,15699.809964398493,162.31612210104953,15862.126086499542,16248.939267890266,16411.255389991315,201555.15641732354,0.2556368166686342,56.016551544413396,0.0,0.0,0.0,False,False,False
main,deterministic,deterministic,2025-01-01,53,True,True,0,,,0.7,20.0,optimal,1.812583100007032,1.8125837999978103,0.0,0,0,15699.809964398493,162.31612210104953,15862.126086499542,15457.609800728476,15619.925922829525,183051.25706490868,0.0,44.61773782268347,0.0,0.0,0.0,False,False,False
main,deterministic,deterministic,2025-01-01,54,True,True,0,,,0.7,20.0,optimal,1.812583100007032,1.8125837999978103,0.0,0,0,15699.809964398493,162.31612210104953,15862.126086499542,16005.005678007294,16167.321800108342,201226.96516996188,0.0,46.09374032141548,0.0,0.0,0.0,False,False,False
main,deterministic,deterministic,2025-01-01,55,True,True,0,,,0.7,20.0,optimal,1.812583100007032,1.8125837999978103,0.0,0,0,15699.809964398493,162.31612210104953,15862.126086499542,15649.38408781802,15811.700209919069,185347.21004342657,0.13862408077900334,54.924061507035404,0.0,0.0,0.0,False,False,False
main,deterministic,deterministic,2025-01-01,56,True,True,0,,,0.7,20.0,optimal,1.812583100007032,1.8125837999978103,0.0,0,0,15699.809964398493,162.31612210104953,15862.126086499542,15963.105152453232,16125.42127455428,192555.0760397853,0.00531490235267737,38.927675161333646,0.0,0.0,0.0,False,False,False
main,deterministic,deterministic,2025-01-01,57,True,True,0,,,0.7,20.0,optimal,1.812583100007032,1.8125837999978103,0.0,0,0,15699.809964398493,162.31612210104953,15862.126086499542,15643.38718584711,15805.703307948159,184846.32249255784,0.0,50.47727732020126,0.0,0.0,0.0,False,False,False
main,deterministic,deterministic,2025-01-01,58,True,True,0,,,0.7,20.0,optimal,1.812583100007032,1.8125837999978103,0.0,0,0,15699.809964398493,162.31612210104953,15862.126086499542,16243.8061433866,16406.12226548765,205830.7255329746,0.07235775091980834,57.08869324218977,0.0,0.0,0.0,False,False,False
main,deterministic,deterministic,2025-01-01,59,True,True,0,,,0.7,20.0,optimal,1.812583100007032,1.8125837999978103,0.0,0,0,15699.809964398493,162.31612210104953,15862.126086499542,16319.681830677211,16481.99795277826,206712.297487203,0.2013667449620422,53.55339478059549,0.0,0.0,0.0,False,False,False
main,deterministic,deterministic,2025-01-01,60,True,True,0,,,0.7,20.0,optimal,1.812583100007032,1.8125837999978103,0.0,0,0,15699.809964398493,162.31612210104953,15862.126086499542,15728.931715539195,15891.247837640243,194533.26452134832,0.328780031830893,51.08067137756994,0.0,0.0,0.0,False,False,False
main,deterministic,deterministic,2025-01-01,61,True,True,0,,,0.7,20.0,optimal,1.812583100007032,1.8125837999978103,0.0,0,0,15699.809964398493,162.31612210104953,15862.126086499542,15613.585720264751,15775.9018423658,190472.56096025335,0.03200460281438236,41.485309145062786,0.0,0.0,0.0,False,False,False
main,deterministic,deterministic,2025-01-01,62,True,True,0,,,0.7,20.0,optimal,1.812583100007032,1.8125837999978103,0.0,0,0,15699.809964398493,162.31612210104953,15862.126086499542,15044.893660958925,15207.209783059974,175698.7519989863,0.05233149305803453,55.733111166408136,0.0,0.0,0.0,False,False,False
main,deterministic,deterministic,2025-01-01,63,True,True,0,,,0.7,20.0,optimal,1.812583100007032,1.8125837999978103,0.0,0,0,15699.809964398493,162.31612210104953,15862.126086499542,15714.561296800473,15876.877418901522,184933.03746410835,0.030237710168281057,55.6088263546985,0.0,0.0,0.0,False,False,False
main,deterministic,deterministic,2025-01-01,64,True,True,0,,,0.7,20.0,optimal,1.812583100007032,1.8125837999978103,0.0,0,0,15699.809964398493,162.31612210104953,15862.126086499542,15421.137254837811,15583.45337693886,173849.22388177706,0.07604872275301358,50.03284234694327,0.0,0.0,0.0,False,False,False
main,deterministic,deterministic,2025-01-01,65,True,True,0,,,0.7,20.0,optimal,1.812583100007032,1.8125837999978103,0.0,0,0,15699.809964398493,162.31612210104953,15862.126086499542,15911.86138017481,16074.17750227586,189676.94407540158,0.045195906953211296,53.64747988965384,0.0,0.0,0.0,False,False,False
main,deterministic,deterministic,2025-01-01,66,True,True,0,,,0.7,20.0,optimal,1.812583100007032,1.8125837999978103,0.0,0,0,15699.809964398493,162.31612210104953,15862.126086499542,15817.648391701376,15979.964513802424,193233.9998943884,0.0,57.27800724905225,0.0,0.0,0.0,False,False,False
main,deterministic,deterministic,2025-01-01,67,True,True,0,,,0.7,20.0,optimal,1.812583100007032,1.8125837999978103,0.0,0,0,15699.809964398493,162.31612210104953,15862.126086499542,15122.996699465757,15285.312821566806,169683.0823398771,0.0,50.19630374625106,0.0,0.0,0.0,False,False,False
main,deterministic,deterministic,2025-01-01,68,True,True,0,,,0.7,20.0,optimal,1.812583100007032,1.8125837999978103,0.0,0,0,15699.809964398493,162.31612210104953,15862.126086499542,16880.821446815506,17043.137568916554,214159.5401238216,0.0,54.0104296610844,0.0,0.0,0.0,False,False,False
main,deterministic,deterministic,2025-01-01,69,True,True,0,,,0.7,20.0,optimal,1.812583100007032,1.8125837999978103,0.0,0,0,15699.809964398493,162.31612210104953,15862.126086499542,16164.816326450768,16327.132448551816,208034.70233112393,0.0,51.140162615514896,0.0,0.0,0.0,False,False,False
main,deterministic,deterministic,2025-01-01,70,True,True,0,,,0.7,20.0,optimal,1.812583100007032,1.8125837999978103,0.0,0,0,15699.809964398493,162.31612210104953,15862.126086499542,15982.357461896396,16144.673583997444,201982.0041095146,0.0,54.543685611510995,0.0,0.0,0.0,False,False,False
main,deterministic,deterministic,2025-01-01,71,True,True,0,,,0.7,20.0,optimal,1.812583100007032,1.8125837999978103,0.0,0,0,15699.809964398493,162.31612210104953,15862.126086499542,15675.121832958122,15837.437955059171,182081.56755864862,0.008352711610149222,56.29526852078119,0.0,0.0,0.0,False,False,False
main,deterministic,deterministic,2025-01-01,72,True,True,0,,,0.7,20.0,optimal,1.812583100007032,1.8125837999978103,0.0,0,0,15699.809964398493,162.31612210104953,15862.126086499542,15345.116473166765,15507.432595267814,181547.48199058417,0.0,58.26434810715014,0.0,0.0,0.0,False,False,False
main,deterministic,deterministic,2025-01-01,73,True,True,0,,,0.7,20.0,optimal,1.812583100007032,1.8125837999978103,0.0,0,0,15699.809964398493,162.31612210104953,15862.126086499542,15452.17664078647,15614.49276288752,184158.72048324975,0.05710036703767635,48.65928025405177,0.0,0.0,0.0,False,False,False
main,deterministic,deterministic,2025-01-01,74,True,True,0,,,0.7,20.0,optimal,1.812583100007032,1.8125837999978103,0.0,0,0,15699.809964398493,162.31612210104953,15862.126086499542,15235.94315957983,15398.25928168088,172709.32937639504,0.0,52.1277676358501,0.0,0.0,0.0,False,False,False
main,deterministic,deterministic,2025-01-01,75,True,True,0,,,0.7,20.0,optimal,1.812583100007032,1.8125837999978103,0.0,0,0,15699.809964398493,162.31612210104953,15862.126086499542,15672.85979553123,15835.17591763228,191012.7667502072,0.17896047596245424,50.829366099502224,0.0,0.0,0.0,False,False,False
main,deterministic,deterministic,2025-01-01,76,True,True,0,,,0.7,20.0,optimal,1.812583100007032,1.8125837999978103,0.0,0,0,15699.809964398493,162.31612210104953,15862.126086499542,15939.154711151488,16101.470833252537,210805.950856205,0.0,50.79671108803766,0.0,0.0,0.0,False,False,False
main,deterministic,deterministic,2025-01-01,77,True,True,0,,,0.7,20.0,optimal,1.812583100007032,1.8125837999978103,0.0,0,0,15699.809964398493,162.31612210104953,15862.126086499542,15303.628539216768,15465.944661317817,173055.52940978546,0.0,45.981289573088645,0.0,0.0,0.0,False,False,False
main,deterministic,deterministic,2025-01-01,78,True,True,0,,,0.7,20.0,optimal,1.812583100007032,1.8125837999978103,0.0,0,0,15699.809964398493,162.31612210104953,15862.126086499542,15300.233592104103,15462.549714205152,178110.04758428084,0.0,50.02234673849985,0.0,0.0,0.0,False,False,False
main,deterministic,deterministic,2025-01-01,79,True,True,0,,,0.7,20.0,optimal,1.812583100007032,1.8125837999978103,0.0,0,0,15699.809964398493,162.31612210104953,15862.126086499542,16290.568981452316,16452.885103553366,199872.1391365654,0.0,47.05036397716078,0.0,0.0,0.0,False,False,False
main,deterministic,deterministic,2025-01-01,80,True,True,0,,,0.7,20.0,optimal,1.812583100007032,1.8125837999978103,0.0,0,0,15699.809964398493,162.31612210104953,15862.126086499542,16062.336104583428,16224.652226684477,201145.39189813004,0.0,49.16759267144107,0.0,0.0,0.0,False,False,False
main,deterministic,deterministic,2025-01-01,81,True,True,0,,,0.7,20.0,optimal,1.812583100007032,1.8125837999978103,0.0,0,0,15699.809964398493,162.31612210104953,15862.126086499542,15678.003654452195,15840.319776553244,185253.72652749825,0.124687834387083,58.80845894539076,0.0,0.0,0.0,False,False,False
main,deterministic,deterministic,2025-01-01,82,True,True,0,,,0.7,20.0,optimal,1.812583100007032,1.8125837999978103,0.0,0,0,15699.809964398493,162.31612210104953,15862.126086499542,15361.814045377703,15524.130167478752,183157.93745417972,0.07305403701739724,44.54875777093088,0.0,0.0,0.0,False,False,False
main,deterministic,deterministic,2025-01-01,83,True,True,0,,,0.7,20.0,optimal,1.812583100007032,1.8125837999978103,0.0,0,0,15699.809964398493,162.31612210104953,15862.126086499542,16049.929551391906,16212.245673492955,202879.3082255894,0.04106225130651758,43.58080867943924,0.0,0.0,0.0,False,False,False
main,deterministic,deterministic,2025-01-01,84,True,True,0,,,0.7,20.0,optimal,1.812583100007032,1.8125837999978103,0.0,0,0,15699.809964398493,162.31612210104953,15862.126086499542,15900.851880397528,16063.168002498576,203532.05754094405,0.11651222011883869,41.58313042613335,0.0,0.0,0.0,False,False,False
main,deterministic,deterministic,2025-01-01,85,True,True,0,,,0.7,20.0,optimal,1.812583100007032,1.8125837999978103,0.0,0,0,15699.809964398493,162.31612210104953,15862.126086499542,15859.811661441712,16022.12778354276,192804.0248723988,0.0,54.18347865219628,0.0,0.0,0.0,False,False,False
main,deterministic,deterministic,2025-01-01,86,True,True,0,,,0.7,20.0,optimal,1.812583100007032,1.8125837999978103,0.0,0,0,15699.809964398493,162.31612210104953,15862.126086499542,16062.433085376962,16224.749207478011,195030.0911239793,0.07687092651645885,43.839447045832905,0.0,0.0,0.0,False,False,False
main,deterministic,deterministic,2025-01-01,87,True,True,0,,,0.7,20.0,optimal,1.812583100007032,1.8125837999978103,0.0,0,0,15699.809964398493,162.31612210104953,15862.126086499542,15161.487219569388,15323.803341670437,171258.88900661797,0.15755769463181557,49.56544291309432,0.0,0.0,0.0,False,False,False
main,deterministic,deterministic,2025-01-01,88,True,True,0,,,0.7,20.0,optimal,1.812583100007032,1.8125837999978103,0.0,0,0,15699.809964398493,162.31612210104953,15862.126086499542,15830.037152419587,15992.353274520636,171861.39750034452,0.42189493878516215,58.71330422412656,0.0,0.0,0.0,False,False,False
main,deterministic,deterministic,2025-01-01,89,True,True,0,,,0.7,20.0,optimal,1.812583100007032,1.8125837999978103,0.0,0,0,15699.809964398493,162.31612210104953,15862.126086499542,16189.631045211212,16351.94716731226,190028.07085521397,0.0,50.05336320014298,0.0,0.0,0.0,False,False,False
main,deterministic,deterministic,2025-01-01,90,True,True,0,,,0.7,20.0,optimal,1.812583100007032,1.8125837999978103,0.0,0,0,15699.809964398493,162.31612210104953,15862.126086499542,15317.001866675322,15479.31798877637,184269.88798368018,0.14272223111062188,53.36706915883379,0.0,0.0,0.0,False,False,False
main,deterministic,deterministic,2025-01-01,91,True,True,0,,,0.7,20.0,optimal,1.812583100007032,1.8125837999978103,0.0,0,0,15699.809964398493,162.31612210104953,15862.126086499542,14944.323800894523,15106.639922995571,163194.8643684662,0.0,48.49765207939435,0.0,0.0,0.0,False,False,False
main,deterministic,deterministic,2025-01-01,92,True,True,0,,,0.7,20.0,optimal,1.812583100007032,1.8125837999978103,0.0,0,0,15699.809964398493,162.31612210104953,15862.126086499542,15801.83225851173,15964.148380612778,178322.23158844994,0.0,42.493864931525614,0.0,0.0,0.0,False,False,False
main,deterministic,deterministic,2025-01-01,93,True,True,0,,,0.7,20.0,optimal,1.812583100007032,1.8125837999978103,0.0,0,0,15699.809964398493,162.31612210104953,15862.126086499542,15565.130981703707,15727.447103804756,190462.61022289723,0.1907315558075824,50.74080350364821,0.0,0.0,0.0,False,False,False
main,deterministic,deterministic,2025-01-01,94,True,True,0,,,0.7,20.0,optimal,1.812583100007032,1.8125837999978103,0.0,0,0,15699.809964398493,162.31612210104953,15862.126086499542,15225.302494311172,15387.618616412221,180976.68646999102,0.021764084787162047,45.556324940283446,0.0,0.0,0.0,False,False,False
main,deterministic,deterministic,2025-01-01,95,True,True,0,,,0.7,20.0,optimal,1.812583100007032,1.8125837999978103,0.0,0,0,15699.809964398493,162.31612210104953,15862.126086499542,14982.321823483224,15144.637945584273,174684.15649335078,0.03120652959486822,51.0074551836596,0.0,0.0,0.0,False,False,False
main,deterministic,deterministic,2025-01-01,96,True,True,0,,,0.7,20.0,optimal,1.812583100007032,1.8125837999978103,0.0,0,0,15699.809964398493,162.31612210104953,15862.126086499542,15536.357097953374,15698.673220054423,182113.56347702266,0.08620158398185898,48.007600393173576,0.0,0.0,0.0,False,False,False
main,deterministic,deterministic,2025-01-01,97,True,True,0,,,0.7,20.0,optimal,1.812583100007032,1.8125837999978103,0.0,0,0,15699.809964398493,162.31612210104953,15862.126086499542,15565.255922539383,15727.572044640432,181123.90823856427,0.0,49.64708563387338,0.0,0.0,0.0,False,False,False
main,deterministic,deterministic,2025-01-01,98,True,True,0,,,0.7,20.0,optimal,1.812583100007032,1.8125837999978103,0.0,0,0,15699.809964398493,162.31612210104953,15862.126086499542,15711.424237704403,15873.740359805452,182429.8025813115,0.10633722044110264,45.42545506887097,0.0,0.0,0.0,False,False,False
main,deterministic,deterministic,2025-01-01,99,True,True,0,,,0.7,20.0,optimal,1.812583100007032,1.8125837999978103,0.0,0,0,15699.809964398493,162.31612210104953,15862.126086499542,15560.69888876692,15723.015010867968,179260.47294102042,0.06784896363151327,52.380447262664816,0.0,0.0,0.0,False,False,False
main,deterministic,deterministic,2025-04-01,0,True,True,0,,,0.7,20.0,optimal,1.7628913999942597,1.7628922000003513,0.0,0,0,15528.67970615627,471.50702765240254,16000.186733808672,14879.90797351417,15351.415001166572,120003.24574949997,0.0,54.82960242946142,0.0,0.0,0.0,False,False,False
main,deterministic,deterministic,2025-04-01,1,True,True,0,,,0.7,20.0,optimal,1.7628913999942597,1.7628922000003513,0.0,0,0,15528.67970615627,471.50702765240254,16000.186733808672,15846.537527522009,16318.04455517441,134811.62489610634,0.0,61.450733129283876,0.0,0.0,0.0,False,False,False
main,deterministic,deterministic,2025-04-01,2,True,True,0,,,0.7,20.0,optimal,1.7628913999942597,1.7628922000003513,0.0,0,0,15528.67970615627,471.50702765240254,16000.186733808672,15360.002597160323,15831.509624812725,128703.66464312859,0.0,49.648721297801096,0.0,0.0,0.0,False,False,False
main,deterministic,deterministic,2025-04-01,3,True,True,0,,,0.7,20.0,optimal,1.7628913999942597,1.7628922000003513,0.0,0,0,15528.67970615627,471.50702765240254,16000.186733808672,15885.75374721677,16357.260774869172,135793.6680778554,0.0,54.78978255533772,0.0,0.0,0.0,False,False,False
main,deterministic,deterministic,2025-04-01,4,True,True,0,,,0.7,20.0,optimal,1.7628913999942597,1.7628922000003513,0.0,0,0,15528.67970615627,471.50702765240254,16000.186733808672,15613.914905076224,16085.421932728626,133123.17784960833,0.0,51.13956740475057,0.0,0.0,0.0,False,False,False
main,deterministic,deterministic,2025-04-01,5,True,True,0,,,0.7,20.0,optimal,1.7628913999942597,1.7628922000003513,0.0,0,0,15528.67970615627,471.50702765240254,16000.186733808672,16094.58255354995,16566.089581202352,146163.21055942978,0.01986775695239662,58.088424228488265,0.0,0.0,0.0,False,False,False
main,deterministic,deterministic,2025-04-01,6,True,True,0,,,0.7,20.0,optimal,1.7628913999942597,1.7628922000003513,0.0,0,0,15528.67970615627,471.50702765240254,16000.186733808672,15868.967726049674,16340.474753702076,138952.7588790998,0.0,52.43669863857136,0.0,0.0,0.0,False,False,False
main,deterministic,deterministic,2025-04-01,7,True,True,0,,,0.7,20.0,optimal,1.7628913999942597,1.7628922000003513,0.0,0,0,15528.67970615627,471.50702765240254,16000.186733808672,15328.394734915593,15799.901762567995,124596.52225823098,0.0,52.11384637640874,0.0,0.0,0.0,False,False,False
main,deterministic,deterministic,2025-04-01,8,True,True,0,,,0.7,20.0,optimal,1.7628913999942597,1.7628922000003513,0.0,0,0,15528.67970615627,471.50702765240254,16000.186733808672,15967.868047392338,16439.37507504474,137520.0025219601,0.07794018459659989,53.078949781974295,0.0,0.0,0.0,False,False,False
main,deterministic,deterministic,2025-04-01,9,True,True,0,,,0.7,20.0,optimal,1.7628913999942597,1.7628922000003513,0.0,0,0,15528.67970615627,471.50702765240254,16000.186733808672,16096.577131867465,16568.08415951987,137973.51159259758,0.12496732995484128,59.58827755833004,0.0,0.0,0.0,False,False,False
main,deterministic,deterministic,2025-04-01,10,True,True,0,,,0.7,20.0,optimal,1.7628913999942597,1.7628922000003513,0.0,0,0,15528.67970615627,471.50702765240254,16000.186733808672,15598.302995437565,16069.810023089967,129610.70795266256,0.0,50.267596481978806,0.0,0.0,0.0,False,False,False
main,deterministic,deterministic,2025-04-01,11,True,True,0,,,0.7,20.0,optimal,1.7628913999942597,1.7628922000003513,0.0,0,0,15528.67970615627,471.50702765240254,16000.186733808672,15604.11013249591,16075.617160148313,129233.5143780825,0.0,44.45002783900951,0.0,0.0,0.0,False,False,False
main,deterministic,deterministic,2025-04-01,12,True,True,0,,,0.7,20.0,optimal,1.7628913999942597,1.7628922000003513,0.0,0,0,15528.67970615627,471.50702765240254,16000.186733808672,15662.818695049564,16134.325722701966,142052.86192889514,0.0,46.47306603104274,0.0,0.0,0.0,False,False,False
main,deterministic,deterministic,2025-04-01,13,True,True,0,,,0.7,20.0,optimal,1.7628913999942597,1.7628922000003513,0.0,0,0,15528.67970615627,471.50702765240254,16000.186733808672,16119.165124548917,16590.67215220132,142394.08523421257,0.22144111273507544,54.438291406649185,0.0,0.0,0.0,False,False,False
main,deterministic,deterministic,2025-04-01,14,True,True,0,,,0.7,20.0,optimal,1.7628913999942597,1.7628922000003513,0.0,0,0,15528.67970615627,471.50702765240254,16000.186733808672,15261.97164557978,15733.478673232183,125537.30602380283,0.0,51.78664804163943,0.0,0.0,0.0,False,False,False
main,deterministic,deterministic,2025-04-01,15,True,True,0,,,0.7,20.0,optimal,1.7628913999942597,1.7628922000003513,0.0,0,0,15528.67970615627,471.50702765240254,16000.186733808672,15108.01752835111,15579.524556003513,123319.4961160862,0.0,49.817626558939935,0.0,0.0,0.0,False,False,False
main,deterministic,deterministic,2025-04-01,16,True,True,0,,,0.7,20.0,optimal,1.7628913999942597,1.7628922000003513,0.0,0,0,15528.67970615627,471.50702765240254,16000.186733808672,14995.265832274461,15466.772859926863,119437.00518470649,0.0,49.895320934312444,0.0,0.0,0.0,False,False,False
main,deterministic,deterministic,2025-04-01,17,True,True,0,,,0.7,20.0,optimal,1.7628913999942597,1.7628922000003513,0.0,0,0,15528.67970615627,471.50702765240254,16000.186733808672,15496.45268702623,15967.959714678633,126525.13987112632,0.2213010398628134,62.438916884491974,0.0,0.0,0.0,False,False,False
main,deterministic,deterministic,2025-04-01,18,True,True,0,,,0.7,20.0,optimal,1.7628913999942597,1.7628922000003513,0.0,0,0,15528.67970615627,471.50702765240254,16000.186733808672,16040.325720649344,16511.832748301746,135362.68374968198,0.07163456339439189,57.56918231741762,0.0,0.0,0.0,False,False,False
main,deterministic,deterministic,2025-04-01,19,True,True,0,,,0.7,20.0,optimal,1.7628913999942597,1.7628922000003513,0.0,0,0,15528.67970615627,471.50702765240254,16000.186733808672,15556.32722030911,16027.834247961511,136012.24655256688,0.0,52.059476639953054,0.0,0.0,0.0,False,False,False
main,deterministic,deterministic,2025-04-01,20,True,True,0,,,0.7,20.0,optimal,1.7628913999942597,1.7628922000003513,0.0,0,0,15528.67970615627,471.50702765240254,16000.186733808672,15947.996660811634,16419.503688464036,139509.61081217532,0.0,48.98679900041011,0.0,0.0,0.0,False,False,False
main,deterministic,deterministic,2025-04-01,21,True,True,0,,,0.7,20.0,optimal,1.7628913999942597,1.7628922000003513,0.0,0,0,15528.67970615627,471.50702765240254,16000.186733808672,15557.767818879658,16029.27484653206,123506.23222537403,0.2800922385148847,48.12424084278031,0.0,0.0,0.0,False,False,False
main,deterministic,deterministic,2025-04-01,22,True,True,0,,,0.7,20.0,optimal,1.7628913999942597,1.7628922000003513,0.0,0,0,15528.67970615627,471.50702765240254,16000.186733808672,15780.686274077403,16252.193301729805,135921.4341822747,0.0,53.757054972157995,0.0,0.0,0.0,False,False,False
main,deterministic,deterministic,2025-04-01,23,True,True,0,,,0.7,20.0,optimal,1.7628913999942597,1.7628922000003513,0.0,0,0,15528.67970615627,471.50702765240254,16000.186733808672,15768.288360862345,16239.795388514747,134804.2604016265,0.0,51.27590823725557,0.0,0.0,0.0,False,False,False
main,deterministic,deterministic,2025-04-01,24,True,True,0,,,0.7,20.0,optimal,1.7628913999942597,1.7628922000003513,0.0,0,0,15528.67970615627,471.50702765240254,16000.186733808672,15241.200982179307,15712.70800983171,127915.78390367073,0.1481917334481213,59.77448300662181,0.0,0.0,0.0,False,False,False
main,deterministic,deterministic,2025-04-01,25,True,True,0,,,0.7,20.0,optimal,1.7628913999942597,1.7628922000003513,0.0,0,0,15528.67970615627,471.50702765240254,16000.186733808672,17092.73968001273,17564.246707665134,163284.59829107282,0.0,47.903438596974205,0.0,0.0,0.0,False,False,False
main,deterministic,deterministic,2025-04-01,26,True,True,0,,,0.7,20.0,optimal,1.7628913999942597,1.7628922000003513,0.0,0,0,15528.67970615627,471.50702765240254,16000.186733808672,15550.605316953799,16022.112344606201,133905.3808271263,0.07994504686471987,59.254517644698446,0.0,0.0,0.0,False,False,False
main,deterministic,deterministic,2025-04-01,27,True,True,0,,,0.7,20.0,optimal,1.7628913999942597,1.7628922000003513,0.0,0,0,15528.67970615627,471.50702765240254,16000.186733808672,15014.039589110766,15485.546616763168,118965.08199257673,0.09353426549267041,58.39378651056118,0.0,0.0,0.0,False,False,False
main,deterministic,deterministic,2025-04-01,28,True,True,0,,,0.7,20.0,optimal,1.7628913999942597,1.7628922000003513,0.0,0,0,15528.67970615627,471.50702765240254,16000.186733808672,15732.079632076431,16203.586659728833,132308.3652632807,0.0,44.400966388462244,0.0,0.0,0.0,False,False,False
main,deterministic,deterministic,2025-04-01,29,True,True,0,,,0.7,20.0,optimal,1.7628913999942597,1.7628922000003513,0.0,0,0,15528.67970615627,471.50702765240254,16000.186733808672,16142.723433739216,16614.23046139162,141616.99833136404,0.0,41.55525484742868,0.0,0.0,0.0,False,False,False
main,deterministic,deterministic,2025-04-01,30,True,True,0,,,0.7,20.0,optimal,1.7628913999942597,1.7628922000003513,0.0,0,0,15528.67970615627,471.50702765240254,16000.186733808672,14921.144492481644,15392.651520134046,113617.37799957069,0.0,47.03995478970663,0.0,0.0,0.0,False,False,False
main,deterministic,deterministic,2025-04-01,31,True,True,0,,,0.7,20.0,optimal,1.7628913999942597,1.7628922000003513,0.0,0,0,15528.67970615627,471.50702765240254,16000.186733808672,16021.323860184324,16492.830887836728,147715.23916610147,0.0,49.715440615678084,0.0,0.0,0.0,False,False,False
main,deterministic,deterministic,2025-04-01,32,True,True,0,,,0.7,20.0,optimal,1.7628913999942597,1.7628922000003513,0.0,0,0,15528.67970615627,471.50702765240254,16000.186733808672,15149.747671555511,15621.254699207913,131191.18296925531,0.0,49.34733022223488,0.0,0.0,0.0,False,False,False
main,deterministic,deterministic,2025-04-01,33,True,True,0,,,0.7,20.0,optimal,1.7628913999942597,1.7628922000003513,0.0,0,0,15528.67970615627,471.50702765240254,16000.186733808672,16973.622858884508,17445.12988653691,161765.76549817817,0.00787347184860665,65.08310397925653,0.0,0.0,0.0,False,False,False
main,deterministic,deterministic,2025-04-01,34,True,True,0,,,0.7,20.0,optimal,1.7628913999942597,1.7628922000003513,0.0,0,0,15528.67970615627,471.50702765240254,16000.186733808672,15998.541298959275,16470.04832661168,138753.65936103088,0.013352108424907305,55.3894016084201,0.0,0.0,0.0,False,False,False
main,deterministic,deterministic,2025-04-01,35,True,True,0,,,0.7,20.0,optimal,1.7628913999942597,1.7628922000003513,0.0,0,0,15528.67970615627,471.50702765240254,16000.186733808672,15428.648466885503,15900.155494537905,123918.10307580317,0.0,57.54075687209463,0.0,0.0,0.0,False,False,False
main,deterministic,deterministic,2025-04-01,36,True,True,0,,,0.7,20.0,optimal,1.7628913999942597,1.7628922000003513,0.0,0,0,15528.67970615627,471.50702765240254,16000.186733808672,15105.369171107692,15576.876198760094,123236.12426925726,0.0,62.57063822958398,0.0,0.0,0.0,False,False,False
main,deterministic,deterministic,2025-04-01,37,True,True,0,,,0.7,20.0,optimal,1.7628913999942597,1.7628922000003513,0.0,0,0,15528.67970615627,471.50702765240254,16000.186733808672,15273.538362226871,15745.045389879273,130892.2689294238,0.0,44.08489330023508,0.0,0.0,0.0,False,False,False
main,deterministic,deterministic,2025-04-01,38,True,True,0,,,0.7,20.0,optimal,1.7628913999942597,1.7628922000003513,0.0,0,0,15528.67970615627,471.50702765240254,16000.186733808672,15461.325967080873,15932.832994733275,131615.82030436362,0.0,49.94634665786364,0.0,0.0,0.0,False,False,False
main,deterministic,deterministic,2025-04-01,39,True,True,0,,,0.7,20.0,optimal,1.7628913999942597,1.7628922000003513,0.0,0,0,15528.67970615627,471.50702765240254,16000.186733808672,15900.276962848655,16371.783990501057,142048.5442931114,0.15295833914220242,47.161913578854985,0.0,0.0,0.0,False,False,False
main,deterministic,deterministic,2025-04-01,40,True,True,0,,,0.7,20.0,optimal,1.7628913999942597,1.7628922000003513,0.0,0,0,15528.67970615627,471.50702765240254,16000.186733808672,15918.369239006179,16389.876266658583,141336.3300359104,0.0,48.736351160582096,0.0,0.0,0.0,False,False,False
main,deterministic,deterministic,2025-04-01,41,True,True,0,,,0.7,20.0,optimal,1.7628913999942597,1.7628922000003513,0.0,0,0,15528.67970615627,471.50702765240254,16000.186733808672,16119.631319970335,16591.13834762274,137931.0481535781,0.5789651139686727,42.06742885007835,0.0,0.0,0.0,False,False,False
main,deterministic,deterministic,2025-04-01,42,True,True,0,,,0.7,20.0,optimal,1.7628913999942597,1.7628922000003513,0.0,0,0,15528.67970615627,471.50702765240254,16000.186733808672,15660.97692809191,16132.483955744312,138049.41096695437,0.31792665845303064,59.72262814848429,0.0,0.0,0.0,False,False,False
main,deterministic,deterministic,2025-04-01,43,True,True,0,,,0.7,20.0,optimal,1.7628913999942597,1.7628922000003513,0.0,0,0,15528.67970615627,471.50702765240254,16000.186733808672,15025.539137256434,15497.046164908836,120517.18707641402,0.0,52.71985290331727,0.0,0.0,0.0,False,False,False
main,deterministic,deterministic,2025-04-01,44,True,True,0,,,0.7,20.0,optimal,1.7628913999942597,1.7628922000003513,0.0,0,0,15528.67970615627,471.50702765240254,16000.186733808672,15534.658461562429,16006.16548921483,126278.91414240084,0.0,55.23108620208958,0.0,0.0,0.0,False,False,False
main,deterministic,deterministic,2025-04-01,45,True,True,0,,,0.7,20.0,optimal,1.7628913999942597,1.7628922000003513,0.0,0,0,15528.67970615627,471.50702765240254,16000.186733808672,16264.279034070976,16735.78606172338,142455.30186074294,0.03137609396639851,55.5556337303276,0.0,0.0,0.0,False,False,False
main,deterministic,deterministic,2025-04-01,46,True,True,0,,,0.7,20.0,optimal,1.7628913999942597,1.7628922000003513,0.0,0,0,15528.67970615627,471.50702765240254,16000.186733808672,15685.060052265986,16156.567079918388,135148.64472231644,0.3189862031301903,54.83156104115286,0.0,0.0,0.0,False,False,False
main,deterministic,deterministic,2025-04-01,47,True,True,0,,,0.7,20.0,optimal,1.7628913999942597,1.7628922000003513,0.0,0,0,15528.67970615627,471.50702765240254,16000.186733808672,15909.698699313738,16381.20572696614,141987.60848811583,0.022969344646254886,52.480181144134676,0.0,0.0,0.0,False,False,False
main,deterministic,deterministic,2025-04-01,48,True,True,0,,,0.7,20.0,optimal,1.7628913999942597,1.7628922000003513,0.0,0,0,15528.67970615627,471.50702765240254,16000.186733808672,16501.21679363852,16972.72382129092,149828.30283851834,0.0,48.115638335719005,0.0,0.0,0.0,False,False,False
main,deterministic,deterministic,2025-04-01,49,True,True,0,,,0.7,20.0,optimal,1.7628913999942597,1.7628922000003513,0.0,0,0,15528.67970615627,471.50702765240254,16000.186733808672,16145.241780523076,16616.74880817548,146042.61249665325,0.037733804580518004,58.083094555923516,0.0,0.0,0.0,False,False,False
main,deterministic,deterministic,2025-04-01,50,True,True,0,,,0.7,20.0,optimal,1.7628913999942597,1.7628922000003513,0.0,0,0,15528.67970615627,471.50702765240254,16000.186733808672,15342.932854566028,15814.43988221843,135679.72395695176,0.0,55.50140656325625,0.0,0.0,0.0,False,False,False
main,deterministic,deterministic,2025-04-01,51,True,True,0,,,0.7,20.0,optimal,1.7628913999942597,1.7628922000003513,0.0,0,0,15528.67970615627,471.50702765240254,16000.186733808672,15138.81140782051,15610.318435472913,126789.96233061812,0.0,52.186965194687204,0.0,0.0,0.0,False,False,False
main,deterministic,deterministic,2025-04-01,52,True,True,0,,,0.7,20.0,optimal,1.7628913999942597,1.7628922000003513,0.0,0,0,15528.67970615627,471.50702765240254,16000.186733808672,16264.041685770315,16735.54871342272,145063.3729316949,0.16450335698817065,55.16178859176991,0.0,0.0,0.0,False,False,False
main,deterministic,deterministic,2025-04-01,53,True,True,0,,,0.7,20.0,optimal,1.7628913999942597,1.7628922000003513,0.0,0,0,15528.67970615627,471.50702765240254,16000.186733808672,15646.937436841767,16118.444464494169,130589.0262790103,0.03628327563861056,46.6263681302249,0.0,0.0,0.0,False,False,False
main,deterministic,deterministic,2025-04-01,54,True,True,0,,,0.7,20.0,optimal,1.7628913999942597,1.7628922000003513,0.0,0,0,15528.67970615627,471.50702765240254,16000.186733808672,16342.919100073797,16814.4261277262,144591.67149844515,0.0,51.03326882134315,0.0,0.0,0.0,False,False,False
main,deterministic,deterministic,2025-04-01,55,True,True,0,,,0.7,20.0,optimal,1.7628913999942597,1.7628922000003513,0.0,0,0,15528.67970615627,471.50702765240254,16000.186733808672,15550.547769327868,16022.05479698027,132381.467354354,0.0,55.38285191404945,0.0,0.0,0.0,False,False,False
main,deterministic,deterministic,2025-04-01,56,True,True,0,,,0.7,20.0,optimal,1.7628913999942597,1.7628922000003513,0.0,0,0,15528.67970615627,471.50702765240254,16000.186733808672,15819.219614025647,16290.72664167805,137406.64071117277,0.0,40.46361595239868,0.0,0.0,0.0,False,False,False
main,deterministic,deterministic,2025-04-01,57,True,True,0,,,0.7,20.0,optimal,1.7628913999942597,1.7628922000003513,0.0,0,0,15528.67970615627,471.50702765240254,16000.186733808672,15457.022817286448,15928.52984493885,131477.1181823372,0.06518774977803532,51.48235843220095,0.0,0.0,0.0,False,False,False
main,deterministic,deterministic,2025-04-01,58,True,True,0,,,0.7,20.0,optimal,1.7628913999942597,1.7628922000003513,0.0,0,0,15528.67970615627,471.50702765240254,16000.186733808672,16572.348135945336,17043.85516359774,150168.35472486072,0.0,59.198223487246715,0.0,0.0,0.0,False,False,False
main,deterministic,deterministic,2025-04-01,59,True,True,0,,,0.7,20.0,optimal,1.7628913999942597,1.7628922000003513,0.0,0,0,15528.67970615627,471.50702765240254,16000.186733808672,16460.668006838743,16932.175034491145,150253.59191483175,0.0,54.82106587336682,0.0,0.0,0.0,False,False,False
main,deterministic,deterministic,2025-04-01,60,True,True,0,,,0.7,20.0,optimal,1.7628913999942597,1.7628922000003513,0.0,0,0,15528.67970615627,471.50702765240254,16000.186733808672,15808.248711784081,16279.755739436483,140249.1350232413,0.026297591394909836,53.88930615843637,0.0,0.0,0.0,False,False,False
main,deterministic,deterministic,2025-04-01,61,True,True,0,,,0.7,20.0,optimal,1.7628913999942597,1.7628922000003513,0.0,0,0,15528.67970615627,471.50702765240254,16000.186733808672,15763.029960408203,16234.536988060605,137676.20630973697,0.05904533777589732,43.079256460270095,0.0,0.0,0.0,False,False,False
main,deterministic,deterministic,2025-04-01,62,True,True,0,,,0.7,20.0,optimal,1.7628913999942597,1.7628922000003513,0.0,0,0,15528.67970615627,471.50702765240254,16000.186733808672,15113.280549349149,15584.78757700155,123470.864489581,0.0,56.57447776761581,0.0,0.0,0.0,False,False,False
main,deterministic,deterministic,2025-04-01,63,True,True,0,,,0.7,20.0,optimal,1.7628913999942597,1.7628922000003513,0.0,0,0,15528.67970615627,471.50702765240254,16000.186733808672,15783.399808425855,16254.906836078257,130793.15251062237,0.0,62.98725745172756,0.0,0.0,0.0,False,False,False
main,deterministic,deterministic,2025-04-01,64,True,True,0,,,0.7,20.0,optimal,1.7628913999942597,1.7628922000003513,0.0,0,0,15528.67970615627,471.50702765240254,16000.186733808672,15395.248005286188,15866.75503293859,122535.10883458475,0.1610979698276187,48.6266137499316,0.0,0.0,0.0,False,False,False
main,deterministic,deterministic,2025-04-01,65,True,True,0,,,0.7,20.0,optimal,1.7628913999942597,1.7628922000003513,0.0,0,0,15528.67970615627,471.50702765240254,16000.186733808672,16039.012009755206,16510.51903740761,134806.2237794338,0.7248042194819636,56.604219936860545,0.0,0.0,0.0,False,False,False
main,deterministic,deterministic,2025-04-01,66,True,True,0,,,0.7,20.0,optimal,1.7628913999942597,1.7628922000003513,0.0,0,0,15528.67970615627,471.50702765240254,16000.186733808672,15946.49338644055,16418.000414092952,139436.8667438709,0.0,60.57143214205928,0.0,0.0,0.0,False,False,False
main,deterministic,deterministic,2025-04-01,67,True,True,0,,,0.7,20.0,optimal,1.7628913999942597,1.7628922000003513,0.0,0,0,15528.67970615627,471.50702765240254,16000.186733808672,14783.970330400594,15255.477358052996,119741.93043138206,0.0,55.294804822393495,0.0,0.0,0.0,False,False,False
main,deterministic,deterministic,2025-04-01,68,True,True,0,,,0.7,20.0,optimal,1.7628913999942597,1.7628922000003513,0.0,0,0,15528.67970615627,471.50702765240254,16000.186733808672,16737.945733372784,17209.452761025186,157600.42251532653,0.0,54.61323907486885,0.0,0.0,0.0,False,False,False
main,deterministic,deterministic,2025-04-01,69,True,True,0,,,0.7,20.0,optimal,1.7628913999942597,1.7628922000003513,0.0,0,0,15528.67970615627,471.50702765240254,16000.186733808672,16960.755726523283,17432.262754175685,152384.7304823064,0.012333491982349898,56.867612863031695,0.0,0.0,0.0,False,False,False
main,deterministic,deterministic,2025-04-01,70,True,True,0,,,0.7,20.0,optimal,1.7628913999942597,1.7628922000003513,0.0,0,0,15528.67970615627,471.50702765240254,16000.186733808672,16074.306135130768,16545.81316278317,145601.79094210692,0.012030018714025759,62.30040644330503,0.0,0.0,0.0,False,False,False
main,deterministic,deterministic,2025-04-01,71,True,True,0,,,0.7,20.0,optimal,1.7628913999942597,1.7628922000003513,0.0,0,0,15528.67970615627,471.50702765240254,16000.186733808672,15032.726586194321,15504.233613846724,129355.97372964102,0.09065559289447878,57.94617720608837,0.0,0.0,0.0,False,False,False
main,deterministic,deterministic,2025-04-01,72,True,True,0,,,0.7,20.0,optimal,1.7628913999942597,1.7628922000003513,0.0,0,0,15528.67970615627,471.50702765240254,16000.186733808672,15530.000693094778,16001.50772074718,129479.73524824761,0.044264619993716,59.89598244674683,0.0,0.0,0.0,False,False,False
main,deterministic,deterministic,2025-04-01,73,True,True,0,,,0.7,20.0,optimal,1.7628913999942597,1.7628922000003513,0.0,0,0,15528.67970615627,471.50702765240254,16000.186733808672,15683.253168169651,16154.760195822053,130558.96180146774,0.028384159762026462,50.536684205071914,0.0,0.0,0.0,False,False,False
main,deterministic,deterministic,2025-04-01,74,True,True,0,,,0.7,20.0,optimal,1.7628913999942597,1.7628922000003513,0.0,0,0,15528.67970615627,471.50702765240254,16000.186733808672,15378.15471726007,15849.661744912471,121383.86883837501,0.0,54.31283881777733,0.0,0.0,0.0,False,False,False
main,deterministic,deterministic,2025-04-01,75,True,True,0,,,0.7,20.0,optimal,1.7628913999942597,1.7628922000003513,0.0,0,0,15528.67970615627,471.50702765240254,16000.186733808672,15917.07456832446,16388.581595976862,136147.72568139416,0.10849687247123213,47.82804594946177,0.0,0.0,0.0,False,False,False
main,deterministic,deterministic,2025-04-01,76,True,True,0,,,0.7,20.0,optimal,1.7628913999942597,1.7628922000003513,0.0,0,0,15528.67970615627,471.50702765240254,16000.186733808672,16442.660669283025,16914.167696935427,153498.41842553916,0.0,52.47214835251921,0.0,0.0,0.0,False,False,False
main,deterministic,deterministic,2025-04-01,77,True,True,0,,,0.7,20.0,optimal,1.7628913999942597,1.7628922000003513,0.0,0,0,15528.67970615627,471.50702765240254,16000.186733808672,14938.251188394577,15409.75821604698,121652.49397692602,0.010340734432362275,45.5180571798227,0.0,0.0,0.0,False,False,False
main,deterministic,deterministic,2025-04-01,78,True,True,0,,,0.7,20.0,optimal,1.7628913999942597,1.7628922000003513,0.0,0,0,15528.67970615627,471.50702765240254,16000.186733808672,15457.109630458317,15928.616658110719,126373.39963279918,0.5978837043567522,52.98054601099317,0.0,0.0,0.0,False,False,False
main,deterministic,deterministic,2025-04-01,79,True,True,0,,,0.7,20.0,optimal,1.7628913999942597,1.7628922000003513,0.0,0,0,15528.67970615627,471.50702765240254,16000.186733808672,16193.72031693906,16665.22734459146,144980.35447373654,0.0,48.65949231652184,0.0,0.0,0.0,False,False,False
main,deterministic,deterministic,2025-04-01,80,True,True,0,,,0.7,20.0,optimal,1.7628913999942597,1.7628922000003513,0.0,0,0,15528.67970615627,471.50702765240254,16000.186733808672,16320.332002477095,16791.839030129497,145731.8875843601,0.0,48.96710053227589,0.0,0.0,0.0,False,False,False
main,deterministic,deterministic,2025-04-01,81,True,True,0,,,0.7,20.0,optimal,1.7628913999942597,1.7628922000003513,0.0,0,0,15528.67970615627,471.50702765240254,16000.186733808672,15740.585355331403,16212.092382983805,131470.6780592569,0.04641643506753307,59.294226831927894,0.0,0.0,0.0,False,False,False
main,deterministic,deterministic,2025-04-01,82,True,True,0,,,0.7,20.0,optimal,1.7628913999942597,1.7628922000003513,0.0,0,0,15528.67970615627,471.50702765240254,16000.186733808672,15383.724049693757,15855.23107734616,130582.15334234132,0.0,47.82855683585127,0.0,0.0,0.0,False,False,False
main,deterministic,deterministic,2025-04-01,83,True,True,0,,,0.7,20.0,optimal,1.7628913999942597,1.7628922000003513,0.0,0,0,15528.67970615627,471.50702765240254,16000.186733808672,16266.618205804863,16738.125233457267,149197.99386912392,0.3216829350174121,45.518416493685734,0.0,0.0,0.0,False,False,False
main,deterministic,deterministic,2025-04-01,84,True,True,0,,,0.7,20.0,optimal,1.7628913999942597,1.7628922000003513,0.0,0,0,15528.67970615627,471.50702765240254,16000.186733808672,16355.378846492318,16826.885874144722,148241.59461670008,0.04922649862672135,48.589267170136274,0.0,0.0,0.0,False,False,False
main,deterministic,deterministic,2025-04-01,85,True,True,0,,,0.7,20.0,optimal,1.7628913999942597,1.7628922000003513,0.0,0,0,15528.67970615627,471.50702765240254,16000.186733808672,16057.515770092272,16529.022797744674,137060.4077541582,0.0,62.50904647919438,0.0,0.0,0.0,False,False,False
main,deterministic,deterministic,2025-04-01,86,True,True,0,,,0.7,20.0,optimal,1.7628913999942597,1.7628922000003513,0.0,0,0,15528.67970615627,471.50702765240254,16000.186733808672,15906.939338219801,16378.446365872203,138039.5951002991,0.01290242525412727,44.740624713582235,0.0,0.0,0.0,False,False,False
main,deterministic,deterministic,2025-04-01,87,True,True,0,,,0.7,20.0,optimal,1.7628913999942597,1.7628922000003513,0.0,0,0,15528.67970615627,471.50702765240254,16000.186733808672,14798.580767475863,15270.087795128265,119009.79234833039,0.06284165527000762,49.907225605648556,0.0,0.0,0.0,False,False,False
main,deterministic,deterministic,2025-04-01,88,True,True,0,,,0.7,20.0,optimal,1.7628913999942597,1.7628922000003513,0.0,0,0,15528.67970615627,471.50702765240254,16000.186733808672,15222.235416945965,15693.742444598367,121198.79699994499,0.0,60.96151311895608,0.0,0.0,0.0,False,False,False
main,deterministic,deterministic,2025-04-01,89,True,True,0,,,0.7,20.0,optimal,1.7628913999942597,1.7628922000003513,0.0,0,0,15528.67970615627,471.50702765240254,16000.186733808672,16042.706608302498,16514.2136359549,136227.77830670375,0.0,51.13352460060281,0.0,0.0,0.0,False,False,False
main,deterministic,deterministic,2025-04-01,90,True,True,0,,,0.7,20.0,optimal,1.7628913999942597,1.7628922000003513,0.0,0,0,15528.67970615627,471.50702765240254,16000.186733808672,15712.307155410117,16183.814183062519,131313.48023653473,0.2032788729473125,58.81012243575701,0.0,0.0,0.0,False,False,False
main,deterministic,deterministic,2025-04-01,91,True,True,0,,,0.7,20.0,optimal,1.7628913999942597,1.7628922000003513,0.0,0,0,15528.67970615627,471.50702765240254,16000.186733808672,14863.599184789373,15335.106212441775,113340.56122571495,0.0,54.7155309471838,0.0,0.0,0.0,False,False,False
main,deterministic,deterministic,2025-04-01,92,True,True,0,,,0.7,20.0,optimal,1.7628913999942597,1.7628922000003513,0.0,0,0,15528.67970615627,471.50702765240254,16000.186733808672,15330.444855563544,15801.951883215947,125053.08843654269,0.0,45.317938926918245,0.0,0.0,0.0,False,False,False
main,deterministic,deterministic,2025-04-01,93,True,True,0,,,0.7,20.0,optimal,1.7628913999942597,1.7628922000003513,0.0,0,0,15528.67970615627,471.50702765240254,16000.186733808672,15415.470837811787,15886.977865464189,135573.52106873502,0.0,54.21691517697438,0.0,0.0,0.0,False,False,False
main,deterministic,deterministic,2025-04-01,94,True,True,0,,,0.7,20.0,optimal,1.7628913999942597,1.7628922000003513,0.0,0,0,15528.67970615627,471.50702765240254,16000.186733808672,15347.766936280637,15819.27396393304,127298.02554303169,0.0,49.51686357999439,0.0,0.0,0.0,False,False,False
main,deterministic,deterministic,2025-04-01,95,True,True,0,,,0.7,20.0,optimal,1.7628913999942597,1.7628922000003513,0.0,0,0,15528.67970615627,471.50702765240254,16000.186733808672,15107.296997310837,15578.80402496324,124269.0791300265,0.002875340749701971,55.002388944832326,0.0,0.0,0.0,False,False,False
main,deterministic,deterministic,2025-04-01,96,True,True,0,,,0.7,20.0,optimal,1.7628913999942597,1.7628922000003513,0.0,0,0,15528.67970615627,471.50702765240254,16000.186733808672,15209.144037048618,15680.65106470102,130757.10281342837,0.0,53.6356766827552,0.0,0.0,0.0,False,False,False
main,deterministic,deterministic,2025-04-01,97,True,True,0,,,0.7,20.0,optimal,1.7628913999942597,1.7628922000003513,0.0,0,0,15528.67970615627,471.50702765240254,16000.186733808672,15421.67451479622,15893.181542448621,128252.15849852697,0.0,54.581892145591205,0.0,0.0,0.0,False,False,False
main,deterministic,deterministic,2025-04-01,98,True,True,0,,,0.7,20.0,optimal,1.7628913999942597,1.7628922000003513,0.0,0,0,15528.67970615627,471.50702765240254,16000.186733808672,15523.325282117965,15994.832309770367,129136.12482411595,0.006103265033912911,44.14267927779085,0.0,0.0,0.0,False,False,False
main,deterministic,deterministic,2025-04-01,99,True,True,0,,,0.7,20.0,optimal,1.7628913999942597,1.7628922000003513,0.0,0,0,15528.67970615627,471.50702765240254,16000.186733808672,15148.9782492425,15620.485276894902,125124.70732341641,0.0,56.232288169970495,0.0,0.0,0.0,False,False,False
main,deterministic,deterministic,2025-07-01,0,True,True,0,,,0.7,20.0,optimal,1.9233365999971284,1.9233377000055043,0.0,0,0,15920.242648136165,273.40421423874193,16193.646862374908,15038.274762946892,15311.678977185635,151599.96288741872,0.016388930779365096,58.91880563156454,0.0,0.0,0.0,False,False,False
main,deterministic,deterministic,2025-07-01,1,True,True,0,,,0.7,20.0,optimal,1.9233365999971284,1.9233377000055043,0.0,0,0,15920.242648136165,273.40421423874193,16193.646862374908,16321.045163230652,16594.449377469395,168802.04363135993,0.32864069188634487,67.60072221218819,0.0,0.0,0.0,False,False,False
main,deterministic,deterministic,2025-07-01,2,True,True,0,,,0.7,20.0,optimal,1.9233365999971284,1.9233377000055043,0.0,0,0,15920.242648136165,273.40421423874193,16193.646862374908,15602.088841982239,15875.493056220981,161590.26921234594,0.2341108504927669,52.96311630109642,0.0,0.0,0.0,False,False,False
main,deterministic,deterministic,2025-07-01,3,True,True,0,,,0.7,20.0,optimal,1.9233365999971284,1.9233377000055043,0.0,0,0,15920.242648136165,273.40421423874193,16193.646862374908,16040.977625171237,16314.38183940998,169122.3927565833,0.0,59.58727879907096,0.0,0.0,0.0,False,False,False
main,deterministic,deterministic,2025-07-01,4,True,True,0,,,0.7,20.0,optimal,1.9233365999971284,1.9233377000055043,0.0,0,0,15920.242648136165,273.40421423874193,16193.646862374908,15751.503015717066,16024.907229955808,167262.45356089255,0.04767051893505003,52.790685887902455,0.0,0.0,0.0,False,False,False
main,deterministic,deterministic,2025-07-01,5,True,True,0,,,0.7,20.0,optimal,1.9233365999971284,1.9233377000055043,0.0,0,0,15920.242648136165,273.40421423874193,16193.646862374908,16262.355237868283,16535.759452107024,180103.6249659372,0.7674576377720244,59.2737833039525,0.0,0.0,0.0,False,False,False
main,deterministic,deterministic,2025-07-01,6,True,True,0,,,0.7,20.0,optimal,1.9233365999971284,1.9233377000055043,0.0,0,0,15920.242648136165,273.40421423874193,16193.646862374908,16635.96314393919,16909.36735817793,172696.23618365318,0.0,56.73473753451095,0.0,0.0,0.0,False,False,False
main,deterministic,deterministic,2025-07-01,7,True,True,0,,,0.7,20.0,optimal,1.9233365999971284,1.9233377000055043,0.0,0,0,15920.242648136165,273.40421423874193,16193.646862374908,15919.690656337749,16193.094870576491,156686.274335657,0.11401038266303973,56.098689131340755,0.0,0.0,0.0,False,False,False
main,deterministic,deterministic,2025-07-01,8,True,True,0,,,0.7,20.0,optimal,1.9233365999971284,1.9233377000055043,0.0,0,0,15920.242648136165,273.40421423874193,16193.646862374908,16050.419832950412,16323.824047189155,169988.07252281354,0.17938199778935954,57.606874792542975,0.0,0.0,0.0,False,False,False
main,deterministic,deterministic,2025-07-01,9,True,True,0,,,0.7,20.0,optimal,1.9233365999971284,1.9233377000055043,0.0,0,0,15920.242648136165,273.40421423874193,16193.646862374908,16009.433698051022,16282.837912289764,172159.0394464814,0.0,115.00657151643087,0.0,0.0,0.7986772465179817,False,False,True
main,deterministic,deterministic,2025-07-01,10,True,True,0,,,0.7,20.0,optimal,1.9233365999971284,1.9233377000055043,0.0,0,0,15920.242648136165,273.40421423874193,16193.646862374908,15838.998178448963,16112.402392687705,163263.5276139264,0.0,56.4018438291725,0.0,0.0,0.0,False,False,False
main,deterministic,deterministic,2025-07-01,11,True,True,0,,,0.7,20.0,optimal,1.9233365999971284,1.9233377000055043,0.0,0,0,15920.242648136165,273.40421423874193,16193.646862374908,15928.454269696758,16201.8584839355,162751.38148145296,0.3893708763605783,52.993305238902046,0.0,0.0,0.0,False,False,False
main,deterministic,deterministic,2025-07-01,12,True,True,0,,,0.7,20.0,optimal,1.9233365999971284,1.9233377000055043,0.0,0,0,15920.242648136165,273.40421423874193,16193.646862374908,16316.039420837973,16589.443635076714,176073.63456528503,0.4804335203033412,54.01884642890856,0.0,0.0,0.0,False,False,False
main,deterministic,deterministic,2025-07-01,13,True,True,0,,,0.7,20.0,optimal,1.9233365999971284,1.9233377000055043,0.0,0,0,15920.242648136165,273.40421423874193,16193.646862374908,16625.95300472805,16899.35721896679,176954.78392207375,0.38422430019877235,60.941303537302325,0.0,0.0,0.0,False,False,False
main,deterministic,deterministic,2025-07-01,14,True,True,0,,,0.7,20.0,optimal,1.9233365999971284,1.9233377000055043,0.0,0,0,15920.242648136165,273.40421423874193,16193.646862374908,15658.97146136279,15932.375675601532,159194.4955066712,0.7519458594369738,57.1906554624395,0.0,0.0,0.0,False,False,False
main,deterministic,deterministic,2025-07-01,15,True,True,0,,,0.7,20.0,optimal,1.9233365999971284,1.9233377000055043,0.0,0,0,15920.242648136165,273.40421423874193,16193.646862374908,15405.116146469143,15678.520360707886,154560.68182196116,0.030412915494586718,52.868633824238415,0.0,0.0,0.0,False,False,False
main,deterministic,deterministic,2025-07-01,16,True,True,0,,,0.7,20.0,optimal,1.9233365999971284,1.9233377000055043,0.0,0,0,15920.242648136165,273.40421423874193,16193.646862374908,15380.204644729101,15653.608858967844,151845.49418621833,0.48324222260552774,55.44395855792329,0.0,0.022148085480876656,0.0,False,True,False
main,deterministic,deterministic,2025-07-01,17,True,True,0,,,0.7,20.0,optimal,1.9233365999971284,1.9233377000055043,0.0,0,0,15920.242648136165,273.40421423874193,16193.646862374908,16057.535264003218,16330.93947824196,157815.14968698076,0.0,66.03760945280332,0.0,0.0,0.0,False,False,False
main,deterministic,deterministic,2025-07-01,18,True,True,0,,,0.7,20.0,optimal,1.9233365999971284,1.9233377000055043,0.0,0,0,15920.242648136165,273.40421423874193,16193.646862374908,16561.301502575836,16834.705716814577,168221.39810745767,0.3775200575357941,61.25399907466932,0.0,0.0,0.0,False,False,False
main,deterministic,deterministic,2025-07-01,19,True,True,0,,,0.7,20.0,optimal,1.9233365999971284,1.9233377000055043,0.0,0,0,15920.242648136165,273.40421423874193,16193.646862374908,15734.699702036334,16008.103916275077,168215.09931512733,0.09816369797726121,55.183889979970985,0.0,0.0,0.0,False,False,False
main,deterministic,deterministic,2025-07-01,20,True,True,0,,,0.7,20.0,optimal,1.9233365999971284,1.9233377000055043,0.0,0,0,15920.242648136165,273.40421423874193,16193.646862374908,16525.949522661904,16799.353736900644,173470.80744177022,0.0,53.75087580532921,0.0,0.0,0.0,False,False,False
main,deterministic,deterministic,2025-07-01,21,True,True,0,,,0.7,20.0,optimal,1.9233365999971284,1.9233377000055043,0.0,0,0,15920.242648136165,273.40421423874193,16193.646862374908,15807.475905156538,16080.88011939528,156009.6095137104,0.15431863363569348,53.22322192193787,0.0,0.18223359134337147,0.0,False,True,False
main,deterministic,deterministic,2025-07-01,22,True,True,0,,,0.7,20.0,optimal,1.9233365999971284,1.9233377000055043,0.0,0,0,15920.242648136165,273.40421423874193,16193.646862374908,16282.256795822881,16555.661010061624,170128.1525605458,0.0,58.10511305999163,0.0,0.04144375408544487,0.0,False,True,False
main,deterministic,deterministic,2025-07-01,23,True,True,0,,,0.7,20.0,optimal,1.9233365999971284,1.9233377000055043,0.0,0,0,15920.242648136165,273.40421423874193,16193.646862374908,16082.719414830628,16356.12362906937,169424.70030915938,0.36261101584440136,58.75726646919395,0.0,0.0,0.0,False,False,False
main,deterministic,deterministic,2025-07-01,24,True,True,0,,,0.7,20.0,optimal,1.9233365999971284,1.9233377000055043,0.0,0,0,15920.242648136165,273.40421423874193,16193.646862374908,16131.696935185359,16405.1011494241,160891.1921048262,2.002842881472151,66.13315745936119,0.0,0.0,0.0,False,False,False
main,deterministic,deterministic,2025-07-01,25,True,True,0,,,0.7,20.0,optimal,1.9233365999971284,1.9233377000055043,0.0,0,0,15920.242648136165,273.40421423874193,16193.646862374908,17603.057718350974,17876.461932589715,199025.08165965308,0.0,52.38243617033516,0.0,0.0,0.0,False,False,False
main,deterministic,deterministic,2025-07-01,26,True,True,0,,,0.7,20.0,optimal,1.9233365999971284,1.9233377000055043,0.0,0,0,15920.242648136165,273.40421423874193,16193.646862374908,15862.589260083023,16135.993474321765,166608.10981842753,0.17717776163777157,64.45208230302511,0.0,0.01660507085726093,0.0,False,True,False
main,deterministic,deterministic,2025-07-01,27,True,True,0,,,0.7,20.0,optimal,1.9233365999971284,1.9233377000055043,0.0,0,0,15920.242648136165,273.40421423874193,16193.646862374908,15217.050662229982,15490.454876468724,151459.78446515038,0.16494805086210507,63.59703593100284,0.0,0.0,0.0,False,False,False
main,deterministic,deterministic,2025-07-01,28,True,True,0,,,0.7,20.0,optimal,1.9233365999971284,1.9233377000055043,0.0,0,0,15920.242648136165,273.40421423874193,16193.646862374908,16149.709570351843,16423.113784590583,166090.66138682546,0.02206322864184254,48.76550524881955,0.0,0.0,0.0,False,False,False
main,deterministic,deterministic,2025-07-01,29,True,True,0,,,0.7,20.0,optimal,1.9233365999971284,1.9233377000055043,0.0,0,0,15920.242648136165,273.40421423874193,16193.646862374908,16193.330402168227,16466.734616406968,176035.9379899977,0.8295003213566032,48.389609906839205,0.0,0.0,0.0,False,False,False
main,deterministic,deterministic,2025-07-01,30,True,True,0,,,0.7,20.0,optimal,1.9233365999971284,1.9233377000055043,0.0,0,0,15920.242648136165,273.40421423874193,16193.646862374908,15469.078357842769,15742.482572081512,145560.34059684034,0.013825442062425447,53.938837029914595,0.0,0.0,0.0,False,False,False
main,deterministic,deterministic,2025-07-01,31,True,True,0,,,0.7,20.0,optimal,1.9233365999971284,1.9233377000055043,0.0,0,0,15920.242648136165,273.40421423874193,16193.646862374908,16571.38471832814,16844.78893256688,183277.22637686617,0.255707111476584,55.78687833100021,0.0,0.0,0.0,False,False,False
main,deterministic,deterministic,2025-07-01,32,True,True,0,,,0.7,20.0,optimal,1.9233365999971284,1.9233377000055043,0.0,0,0,15920.242648136165,273.40421423874193,16193.646862374908,15686.414969336856,15959.819183575599,164018.57306073446,0.1774985011856674,63.85588280424482,0.0,0.0,0.0,False,False,False
main,deterministic,deterministic,2025-07-01,33,True,True,0,,,0.7,20.0,optimal,1.9233365999971284,1.9233377000055043,0.0,0,0,15920.242648136165,273.40421423874193,16193.646862374908,17128.12872832247,17401.53294256121,198634.8952373224,0.05570866376997205,71.45312603581093,0.0,0.0,0.0,False,False,False
main,deterministic,deterministic,2025-07-01,34,True,True,0,,,0.7,20.0,optimal,1.9233365999971284,1.9233377000055043,0.0,0,0,15920.242648136165,273.40421423874193,16193.646862374908,16516.278969069186,16789.683183307927,173450.1693431879,0.0,61.414115994707565,0.0,0.0,0.0,False,False,False
main,deterministic,deterministic,2025-07-01,35,True,True,0,,,0.7,20.0,optimal,1.9233365999971284,1.9233377000055043,0.0,0,0,15920.242648136165,273.40421423874193,16193.646862374908,16052.319558368861,16325.723772607604,155943.33555783925,0.0,61.242378658259085,0.0,0.0,0.0,False,False,False
main,deterministic,deterministic,2025-07-01,36,True,True,0,,,0.7,20.0,optimal,1.9233365999971284,1.9233377000055043,0.0,0,0,15920.242648136165,273.40421423874193,16193.646862374908,15406.564782435551,15679.968996674294,155299.60061324667,0.3895940373843432,65.04242456749078,0.0,0.0,0.0,False,False,False
main,deterministic,deterministic,2025-07-01,37,True,True,0,,,0.7,20.0,optimal,1.9233365999971284,1.9233377000055043,0.0,0,0,15920.242648136165,273.40421423874193,16193.646862374908,15693.937839669603,15967.342053908345,163037.98036853556,0.0,48.04773218846754,0.0,0.0,0.0,False,False,False
main,deterministic,deterministic,2025-07-01,38,True,True,0,,,0.7,20.0,optimal,1.9233365999971284,1.9233377000055043,0.0,0,0,15920.242648136165,273.40421423874193,16193.646862374908,15843.498024330325,16116.902238569068,165788.9300366933,0.4702213633716008,50.76789337117652,0.0,0.04168829178430333,0.0,False,True,False
main,deterministic,deterministic,2025-07-01,39,True,True,0,,,0.7,20.0,optimal,1.9233365999971284,1.9233377000055043,0.0,0,0,15920.242648136165,273.40421423874193,16193.646862374908,16001.420180006737,16274.82439424548,175106.27466794773,0.06654918655524134,49.808070828651644,0.0,0.0,0.0,False,False,False
main,deterministic,deterministic,2025-07-01,40,True,True,0,,,0.7,20.0,optimal,1.9233365999971284,1.9233377000055043,0.0,0,0,15920.242648136165,273.40421423874193,16193.646862374908,16066.605082256327,16340.009296495069,175863.69498793082,0.0,110.19329097177888,0.0,0.5892726682467992,1.1862375299551609,False,True,True
main,deterministic,deterministic,2025-07-01,41,True,True,0,,,0.7,20.0,optimal,1.9233365999971284,1.9233377000055043,0.0,0,0,15920.242648136165,273.40421423874193,16193.646862374908,16032.966736937666,16306.370951176408,171209.2813458744,0.016361000027582562,42.229686493686174,0.0,0.0,0.0,False,False,False
main,deterministic,deterministic,2025-07-01,42,True,True,0,,,0.7,20.0,optimal,1.9233365999971284,1.9233377000055043,0.0,0,0,15920.242648136165,273.40421423874193,16193.646862374908,16423.224343993945,16696.628558232685,170945.134248524,0.42869861764067163,64.97893423343294,0.0,0.1472726270517799,0.0,False,True,False
main,deterministic,deterministic,2025-07-01,43,True,True,0,,,0.7,20.0,optimal,1.9233365999971284,1.9233377000055043,0.0,0,0,15920.242648136165,273.40421423874193,16193.646862374908,15295.555267460368,15568.95948169911,152687.8865426944,0.14134074053632986,58.153060165412555,0.0,0.0,0.0,False,False,False
main,deterministic,deterministic,2025-07-01,44,True,True,0,,,0.7,20.0,optimal,1.9233365999971284,1.9233377000055043,0.0,0,0,15920.242648136165,273.40421423874193,16193.646862374908,15838.831364817803,16112.235579056545,160294.20346966738,0.12666656087189937,57.2928997019635,0.0,0.0,0.0,False,False,False
main,deterministic,deterministic,2025-07-01,45,True,True,0,,,0.7,20.0,optimal,1.9233365999971284,1.9233377000055043,0.0,0,0,15920.242648136165,273.40421423874193,16193.646862374908,16080.976324841477,16354.380539080219,176721.370760141,0.0,117.34291647913768,0.0,0.6006315105383384,1.1839727390947934,False,True,True
main,deterministic,deterministic,2025-07-01,46,True,True,0,,,0.7,20.0,optimal,1.9233365999971284,1.9233377000055043,0.0,0,0,15920.242648136165,273.40421423874193,16193.646862374908,16464.942367813255,16738.346582051996,168792.53210692998,0.30034724984963607,59.39544626555721,0.0,0.006649174484120168,0.0,False,True,False
main,deterministic,deterministic,2025-07-01,47,True,True,0,,,0.7,20.0,optimal,1.9233365999971284,1.9233377000055043,0.0,0,0,15920.242648136165,273.40421423874193,16193.646862374908,16545.392405747716,16818.796619986457,175723.81045369952,0.619574438754761,59.5283462429437,0.0,0.0,0.0,False,False,False
main,deterministic,deterministic,2025-07-01,48,True,True,0,,,0.7,20.0,optimal,1.9233365999971284,1.9233377000055043,0.0,0,0,15920.242648136165,273.40421423874193,16193.646862374908,16967.45388549428,17240.85809973302,184306.4055879865,0.012992726367811569,55.808171291073684,0.0,0.0,0.0,False,False,False
main,deterministic,deterministic,2025-07-01,49,True,True,0,,,0.7,20.0,optimal,1.9233365999971284,1.9233377000055043,0.0,0,0,15920.242648136165,273.40421423874193,16193.646862374908,16703.947826472286,16977.352040711026,181048.46949401876,1.707813081298065,65.52909760301773,0.0,0.0,0.0,False,False,False
main,deterministic,deterministic,2025-07-01,50,True,True,0,,,0.7,20.0,optimal,1.9233365999971284,1.9233377000055043,0.0,0,0,15920.242648136165,273.40421423874193,16193.646862374908,15711.295348098807,15984.69956233755,168953.11464619462,0.012372806350834376,62.72331964801999,0.0,0.0,0.0,False,False,False
main,deterministic,deterministic,2025-07-01,51,True,True,0,,,0.7,20.0,optimal,1.9233365999971284,1.9233377000055043,0.0,0,0,15920.242648136165,273.40421423874193,16193.646862374908,15703.016461352718,15976.42067559146,159788.08973005367,0.19904154836840443,56.08192915453426,0.0,0.0,0.0,False,False,False
main,deterministic,deterministic,2025-07-01,52,True,True,0,,,0.7,20.0,optimal,1.9233365999971284,1.9233377000055043,0.0,0,0,15920.242648136165,273.40421423874193,16193.646862374908,16838.557551481616,17111.961765720356,181606.43834928045,0.76661916092098,60.74544268567442,0.0,0.0,0.0,False,False,False
main,deterministic,deterministic,2025-07-01,53,True,True,0,,,0.7,20.0,optimal,1.9233365999971284,1.9233377000055043,0.0,0,0,15920.242648136165,273.40421423874193,16193.646862374908,15883.727403812272,16157.131618051015,162893.3479572734,0.0,49.787914377330495,0.0,0.0,0.0,False,False,False
main,deterministic,deterministic,2025-07-01,54,True,True,0,,,0.7,20.0,optimal,1.9233365999971284,1.9233377000055043,0.0,0,0,15920.242648136165,273.40421423874193,16193.646862374908,16985.620305011213,17259.024519249953,178279.09014739294,0.0,55.94221481052105,0.0,0.0,0.0,False,False,False
main,deterministic,deterministic,2025-07-01,55,True,True,0,,,0.7,20.0,optimal,1.9233365999971284,1.9233377000055043,0.0,0,0,15920.242648136165,273.40421423874193,16193.646862374908,16035.683683679648,16309.08789791839,165699.56604392003,0.0,61.8753769969868,0.0,0.0,0.0,False,False,False
main,deterministic,deterministic,2025-07-01,56,True,True,0,,,0.7,20.0,optimal,1.9233365999971284,1.9233377000055043,0.0,0,0,15920.242648136165,273.40421423874193,16193.646862374908,16251.425794429497,16524.83000866824,169364.03586073572,0.01404915900384282,47.26781422747924,0.0,0.0,0.0,False,False,False
main,deterministic,deterministic,2025-07-01,57,True,True,0,,,0.7,20.0,optimal,1.9233365999971284,1.9233377000055043,0.0,0,0,15920.242648136165,273.40421423874193,16193.646862374908,16235.96530977315,16509.36952401189,163638.2910784905,0.21334174378561677,55.859643355589704,0.0,0.0,0.0,False,False,False
main,deterministic,deterministic,2025-07-01,58,True,True,0,,,0.7,20.0,optimal,1.9233365999971284,1.9233377000055043,0.0,0,0,15920.242648136165,273.40421423874193,16193.646862374908,16798.218602369896,17071.622816608637,185518.37472938173,0.0,64.97525079325109,0.0,0.0,0.0,False,False,False
main,deterministic,deterministic,2025-07-01,59,True,True,0,,,0.7,20.0,optimal,1.9233365999971284,1.9233377000055043,0.0,0,0,15920.242648136165,273.40421423874193,16193.646862374908,17113.669624236965,17387.073838475706,186050.7851008182,0.006889135583418748,60.86175949726197,0.0,0.0,0.0,False,False,False
main,deterministic,deterministic,2025-07-01,60,True,True,0,,,0.7,20.0,optimal,1.9233365999971284,1.9233377000055043,0.0,0,0,15920.242648136165,273.40421423874193,16193.646862374908,16054.155050603704,16327.559264842446,173557.20830966372,0.11596179702311915,58.16156451835404,0.0,0.0,0.0,False,False,False
main,deterministic,deterministic,2025-07-01,61,True,True,0,,,0.7,20.0,optimal,1.9233365999971284,1.9233377000055043,0.0,0,0,15920.242648136165,273.40421423874193,16193.646862374908,16150.344837291757,16423.7490515305,170807.48214246504,0.0407388594655477,45.36453494142236,0.0,0.0,0.0,False,False,False
main,deterministic,deterministic,2025-07-01,62,True,True,0,,,0.7,20.0,optimal,1.9233365999971284,1.9233377000055043,0.0,0,0,15920.242648136165,273.40421423874193,16193.646862374908,15480.320373802564,15753.724588041307,154891.79383948582,0.14019063478574362,61.5963512809274,0.0,0.0,0.0,False,False,False
main,deterministic,deterministic,2025-07-01,63,True,True,0,,,0.7,20.0,optimal,1.9233365999971284,1.9233377000055043,0.0,0,0,15920.242648136165,273.40421423874193,16193.646862374908,15766.927508480434,16040.331722719176,165693.31331395128,0.0,113.019645313575,0.0,0.0,0.7523520955210543,False,False,True
main,deterministic,deterministic,2025-07-01,64,True,True,0,,,0.7,20.0,optimal,1.9233365999971284,1.9233377000055043,0.0,0,0,15920.242648136165,273.40421423874193,16193.646862374908,15868.573984028193,16141.978198266936,156234.68849518502,0.0238037925538315,54.93996615617969,0.0,0.0,0.0,False,False,False
main,deterministic,deterministic,2025-07-01,65,True,True,0,,,0.7,20.0,optimal,1.9233365999971284,1.9233377000055043,0.0,0,0,15920.242648136165,273.40421423874193,16193.646862374908,16660.79334311413,16934.19755735287,168603.4787395061,0.0,57.81635723816519,0.0,0.0,0.0,False,False,False
main,deterministic,deterministic,2025-07-01,66,True,True,0,,,0.7,20.0,optimal,1.9233365999971284,1.9233377000055043,0.0,0,0,15920.242648136165,273.40421423874193,16193.646862374908,16289.904085961138,16563.30830019988,174395.8403592536,0.4131429409293559,69.44769836366697,0.0,0.0,0.0,False,False,False
main,deterministic,deterministic,2025-07-01,67,True,True,0,,,0.7,20.0,optimal,1.9233365999971284,1.9233377000055043,0.0,0,0,15920.242648136165,273.40421423874193,16193.646862374908,15175.780285375457,15449.184499614199,151515.91835778696,0.0,51.43022705436515,0.0,0.0,0.0,False,False,False
main,deterministic,deterministic,2025-07-01,68,True,True,0,,,0.7,20.0,optimal,1.9233365999971284,1.9233377000055043,0.0,0,0,15920.242648136165,273.40421423874193,16193.646862374908,17249.258285724714,17522.662499963455,192211.291392312,0.2585912882680547,58.720465031027636,0.0,0.0,0.0,False,False,False
main,deterministic,deterministic,2025-07-01,69,True,True,0,,,0.7,20.0,optimal,1.9233365999971284,1.9233377000055043,0.0,0,0,15920.242648136165,273.40421423874193,16193.646862374908,17337.97907149394,17611.38328573268,187910.19377111344,0.12023568505269455,61.485631271874325,0.0,0.0,0.0,False,False,False
main,deterministic,deterministic,2025-07-01,70,True,True,0,,,0.7,20.0,optimal,1.9233365999971284,1.9233377000055043,0.0,0,0,15920.242648136165,273.40421423874193,16193.646862374908,16584.422145064964,16857.826359303705,180218.16949219815,0.6398556517053318,64.97087626432209,0.0,0.0,0.0,False,False,False
main,deterministic,deterministic,2025-07-01,71,True,True,0,,,0.7,20.0,optimal,1.9233365999971284,1.9233377000055043,0.0,0,0,15920.242648136165,273.40421423874193,16193.646862374908,15266.70646264814,15540.110676886883,162738.06765862353,0.1761895371980406,69.05404506337473,0.0,0.0,0.0,False,False,False
main,deterministic,deterministic,2025-07-01,72,True,True,0,,,0.7,20.0,optimal,1.9233365999971284,1.9233377000055043,0.0,0,0,15920.242648136165,273.40421423874193,16193.646862374908,15851.933385660315,16125.337599899058,162428.68583125982,0.5011475550251063,63.75180517166533,0.0,0.0,0.0,False,False,False
main,deterministic,deterministic,2025-07-01,73,True,True,0,,,0.7,20.0,optimal,1.9233365999971284,1.9233377000055043,0.0,0,0,15920.242648136165,273.40421423874193,16193.646862374908,16102.906174518983,16376.310388757725,164859.19037586742,0.03099515249448842,60.17143986252426,0.0,0.0,0.0,False,False,False
main,deterministic,deterministic,2025-07-01,74,True,True,0,,,0.7,20.0,optimal,1.9233365999971284,1.9233377000055043,0.0,0,0,15920.242648136165,273.40421423874193,16193.646862374908,15888.913738807953,16162.317953046695,153612.5451502627,0.526407468138621,56.619349592053126,0.0,0.0,0.0,False,False,False
main,deterministic,deterministic,2025-07-01,75,True,True,0,,,0.7,20.0,optimal,1.9233365999971284,1.9233377000055043,0.0,0,0,15920.242648136165,273.40421423874193,16193.646862374908,16444.819790290952,16718.224004529693,170208.7237408898,0.40367684129834097,58.02178557724805,0.0,0.0,0.0,False,False,False
main,deterministic,deterministic,2025-07-01,76,True,True,0,,,0.7,20.0,optimal,1.9233365999971284,1.9233377000055043,0.0,0,0,15920.242648136165,273.40421423874193,16193.646862374908,16593.822236067048,16867.22645030579,187004.1421571329,0.7107819838343808,56.48411652811193,0.0,0.0,0.0,False,False,False
main,deterministic,deterministic,2025-07-01,77,True,True,0,,,0.7,20.0,optimal,1.9233365999971284,1.9233377000055043,0.0,0,0,15920.242648136165,273.40421423874193,16193.646862374908,15520.663755218222,15794.067969456964,153787.53290610618,0.0,54.88550531316435,0.0,0.0,0.0,False,False,False
main,deterministic,deterministic,2025-07-01,78,True,True,0,,,0.7,20.0,optimal,1.9233365999971284,1.9233377000055043,0.0,0,0,15920.242648136165,273.40421423874193,16193.646862374908,15523.474002825591,15796.878217064334,159700.90750641542,0.012414313354915274,61.28400120162196,0.0,0.008060500363390455,0.0,False,True,False
main,deterministic,deterministic,2025-07-01,79,True,True,0,,,0.7,20.0,optimal,1.9233365999971284,1.9233377000055043,0.0,0,0,15920.242648136165,273.40421423874193,16193.646862374908,16684.06695387447,16957.47116811321,180466.73372758654,0.0,53.93140396626406,0.0,0.0,0.0,False,False,False
main,deterministic,deterministic,2025-07-01,80,True,True,0,,,0.7,20.0,optimal,1.9233365999971284,1.9233377000055043,0.0,0,0,15920.242648136165,273.40421423874193,16193.646862374908,16844.451000765086,17117.855215003827,179582.14035998477,1.1167268823195051,56.83536994737769,0.0,0.01655399763707277,0.0,False,True,False
main,deterministic,deterministic,2025-07-01,81,True,True,0,,,0.7,20.0,optimal,1.9233365999971284,1.9233377000055043,0.0,0,0,15920.242648136165,273.40421423874193,16193.646862374908,16073.166442242837,16346.57065648158,165520.32512044883,0.5513274458934816,66.01376821643483,0.0,0.0,0.0,False,False,False
main,deterministic,deterministic,2025-07-01,82,True,True,0,,,0.7,20.0,optimal,1.9233365999971284,1.9233377000055043,0.0,0,0,15920.242648136165,273.40421423874193,16193.646862374908,15800.382067592202,16073.786281830944,163403.73558490592,0.09095649625032523,49.45976528624633,0.0,0.0,0.0,False,False,False
main,deterministic,deterministic,2025-07-01,83,True,True,0,,,0.7,20.0,optimal,1.9233365999971284,1.9233377000055043,0.0,0,0,15920.242648136165,273.40421423874193,16193.646862374908,16783.954986790824,17057.359201029565,183789.9977532303,0.07151301533415139,59.05017371468185,0.0,0.0,0.0,False,False,False
main,deterministic,deterministic,2025-07-01,84,True,True,0,,,0.7,20.0,optimal,1.9233365999971284,1.9233377000055043,0.0,0,0,15920.242648136165,273.40421423874193,16193.646862374908,16743.698075168588,17017.10228940733,183273.25976224005,0.12756180034363518,55.79684727310736,0.0,0.0,0.0,False,False,False
main,deterministic,deterministic,2025-07-01,85,True,True,0,,,0.7,20.0,optimal,1.9233365999971284,1.9233377000055043,0.0,0,0,15920.242648136165,273.40421423874193,16193.646862374908,16394.34908480586,16667.7532990446,171736.9946917294,0.0,67.71174468959573,0.0,0.0,0.0,False,False,False
main,deterministic,deterministic,2025-07-01,86,True,True,0,,,0.7,20.0,optimal,1.9233365999971284,1.9233377000055043,0.0,0,0,15920.242648136165,273.40421423874193,16193.646862374908,16223.836263195813,16497.240477434556,172193.08072415562,0.0856051831676243,51.99185947412679,0.0,0.0,0.0,False,False,False
main,deterministic,deterministic,2025-07-01,87,True,True,0,,,0.7,20.0,optimal,1.9233365999971284,1.9233377000055043,0.0,0,0,15920.242648136165,273.40421423874193,16193.646862374908,15611.920267322002,15885.324481560745,150684.3729211048,0.3304027591501755,56.10113224385062,0.0,0.0,0.0,False,False,False
main,deterministic,deterministic,2025-07-01,88,True,True,0,,,0.7,20.0,optimal,1.9233365999971284,1.9233377000055043,0.0,0,0,15920.242648136165,273.40421423874193,16193.646862374908,15355.13665632104,15628.540870559782,153880.63645642818,0.02824807238584892,65.01637114208188,0.0,0.0,0.0,False,False,False
main,deterministic,deterministic,2025-07-01,89,True,True,0,,,0.7,20.0,optimal,1.9233365999971284,1.9233377000055043,0.0,0,0,15920.242648136165,273.40421423874193,16193.646862374908,16354.95360695132,16628.35782119006,168823.7228249325,0.0,56.40234622528857,0.0,0.0,0.0,False,False,False
main,deterministic,deterministic,2025-07-01,90,True,True,0,,,0.7,20.0,optimal,1.9233365999971284,1.9233377000055043,0.0,0,0,15920.242648136165,273.40421423874193,16193.646862374908,15894.955182434876,16168.359396673619,164371.12761737165,0.4700340325324358,61.26191820745171,0.0,0.0,0.0,False,False,False
main,deterministic,deterministic,2025-07-01,91,True,True,0,,,0.7,20.0,optimal,1.9233365999971284,1.9233377000055043,0.0,0,0,15920.242648136165,273.40421423874193,16193.646862374908,14955.187827210437,15228.59204144918,143837.75973803163,0.0,55.69904072690807,0.0,0.0,0.0,False,False,False
main,deterministic,deterministic,2025-07-01,92,True,True,0,,,0.7,20.0,optimal,1.9233365999971284,1.9233377000055043,0.0,0,0,15920.242648136165,273.40421423874193,16193.646862374908,15607.88597487761,15881.290189116353,158021.4247889421,0.0,44.51908438051119,0.0,0.0,0.0,False,False,False
main,deterministic,deterministic,2025-07-01,93,True,True,0,,,0.7,20.0,optimal,1.9233365999971284,1.9233377000055043,0.0,0,0,15920.242648136165,273.40421423874193,16193.646862374908,15770.350201252919,16043.754415491661,168794.77366216906,0.3095731966143133,58.14256815458881,0.0,0.0,0.0,False,False,False
main,deterministic,deterministic,2025-07-01,94,True,True,0,,,0.7,20.0,optimal,1.9233365999971284,1.9233377000055043,0.0,0,0,15920.242648136165,273.40421423874193,16193.646862374908,15813.836250646962,16087.240464885705,160529.47262619753,0.030498341438327498,54.25137217778084,0.0,0.0,0.0,False,False,False
main,deterministic,deterministic,2025-07-01,95,True,True,0,,,0.7,20.0,optimal,1.9233365999971284,1.9233377000055043,0.0,0,0,15920.242648136165,273.40421423874193,16193.646862374908,15432.191733727454,15705.595947966196,157173.13960097762,0.03994078624603367,58.14976871616734,0.0,0.0,0.0,False,False,False
main,deterministic,deterministic,2025-07-01,96,True,True,0,,,0.7,20.0,optimal,1.9233365999971284,1.9233377000055043,0.0,0,0,15920.242648136165,273.40421423874193,16193.646862374908,15974.693101155635,16248.097315394378,163514.44742673667,0.08747495997710877,54.80859977221484,0.0,0.0,0.0,False,False,False
main,deterministic,deterministic,2025-07-01,97,True,True,0,,,0.7,20.0,optimal,1.9233365999971284,1.9233377000055043,0.0,0,0,15920.242648136165,273.40421423874193,16193.646862374908,15741.907119640535,16015.311333879277,160686.66425097024,0.001067389090698312,59.11994581507405,0.0,0.0,0.0,False,False,False
main,deterministic,deterministic,2025-07-01,98,True,True,0,,,0.7,20.0,optimal,1.9233365999971284,1.9233377000055043,0.0,0,0,15920.242648136165,273.40421423874193,16193.646862374908,15779.473498087533,16052.877712326275,162682.38957364496,0.10993724536203245,48.79316776112904,0.0,0.0,0.0,False,False,False
main,deterministic,deterministic,2025-07-01,99,True,True,0,,,0.7,20.0,optimal,1.9233365999971284,1.9233377000055043,0.0,0,0,15920.242648136165,273.40421423874193,16193.646862374908,15580.374284038176,15853.778498276919,157937.07032675573,0.07658322028267867,58.304406822778645,0.0,0.0,0.0,False,False,False
main,deterministic,deterministic,2025-10-01,0,True,True,0,,,0.7,20.0,optimal,2.085881299994071,2.085881999999401,0.0,0,0,16373.37931846145,502.03369195012556,16875.413010411576,15414.729738421292,15916.763430371419,175835.7981856809,0.2027107044678833,56.90333463191463,0.0,0.0,0.0,False,False,False
main,deterministic,deterministic,2025-10-01,1,True,True,0,,,0.7,20.0,optimal,2.085881299994071,2.085881999999401,0.0,0,0,16373.37931846145,502.03369195012556,16875.413010411576,16706.18726895618,17208.220960906303,196050.49666233113,0.04885115663065642,66.55083419930243,0.0,0.0,0.0,False,False,False
main,deterministic,deterministic,2025-10-01,2,True,True,0,,,0.7,20.0,optimal,2.085881299994071,2.085881999999401,0.0,0,0,16373.37931846145,502.03369195012556,16875.413010411576,15890.900365964553,16392.934057914677,187383.5385378659,0.0,49.40695627068892,0.0,0.0,0.0,False,False,False
main,deterministic,deterministic,2025-10-01,3,True,True,0,,,0.7,20.0,optimal,2.085881299994071,2.085881999999401,0.0,0,0,16373.37931846145,502.03369195012556,16875.413010411576,16571.204943337052,17073.238635287176,195935.04859680912,0.0,57.19972043625125,0.0,0.0,0.0,False,False,False
main,deterministic,deterministic,2025-10-01,4,True,True,0,,,0.7,20.0,optimal,2.085881299994071,2.085881999999401,0.0,0,0,16373.37931846145,502.03369195012556,16875.413010411576,16174.966686855656,16677.00037880578,192177.92691562502,0.23990168624748964,51.430825581339334,0.0,0.0,0.0,False,False,False
main,deterministic,deterministic,2025-10-01,5,True,True,0,,,0.7,20.0,optimal,2.085881299994071,2.085881999999401,0.0,0,0,16373.37931846145,502.03369195012556,16875.413010411576,16608.110393911702,17110.144085861826,206268.68263678136,0.0,60.95105441866081,0.0,0.0,0.0,False,False,False
main,deterministic,deterministic,2025-10-01,6,True,True,0,,,0.7,20.0,optimal,2.085881299994071,2.085881999999401,0.0,0,0,16373.37931846145,502.03369195012556,16875.413010411576,16801.752554065133,17303.786246015257,197876.65041822995,0.0,50.80200393360285,0.0,0.0,0.0,False,False,False
main,deterministic,deterministic,2025-10-01,7,True,True,0,,,0.7,20.0,optimal,2.085881299994071,2.085881999999401,0.0,0,0,16373.37931846145,502.03369195012556,16875.413010411576,15849.51919368383,16351.552885633955,182198.2389203346,0.0,54.65171728610759,0.0,0.0,0.0,False,False,False
main,deterministic,deterministic,2025-10-01,8,True,True,0,,,0.7,20.0,optimal,2.085881299994071,2.085881999999401,0.0,0,0,16373.37931846145,502.03369195012556,16875.413010411576,16304.508590360521,16806.542282310646,195741.445517486,0.006456707707835019,53.02433467278566,0.0,0.0,0.0,False,False,False
main,deterministic,deterministic,2025-10-01,9,True,True,0,,,0.7,20.0,optimal,2.085881299994071,2.085881999999401,0.0,0,0,16373.37931846145,502.03369195012556,16875.413010411576,16660.296920156055,17162.33061210618,198951.62437438103,0.0,63.08384631040379,0.0,0.0,0.0,False,False,False
main,deterministic,deterministic,2025-10-01,10,True,True,0,,,0.7,20.0,optimal,2.085881299994071,2.085881999999401,0.0,0,0,16373.37931846145,502.03369195012556,16875.413010411576,16118.438941421766,16620.47263337189,189908.5292947749,0.0,54.559932047989676,0.0,0.0,0.0,False,False,False
main,deterministic,deterministic,2025-10-01,11,True,True,0,,,0.7,20.0,optimal,2.085881299994071,2.085881999999401,0.0,0,0,16373.37931846145,502.03369195012556,16875.413010411576,16412.874652282175,16914.9083442323,188752.29725962886,0.12948169570969437,52.733420698160884,0.0,0.0,0.0,False,False,False
main,deterministic,deterministic,2025-10-01,12,True,True,0,,,0.7,20.0,optimal,2.085881299994071,2.085881999999401,0.0,0,0,16373.37931846145,502.03369195012556,16875.413010411576,16432.411218748002,16934.444910698126,201792.3609526437,0.20156329368105289,50.005347590350915,0.0,0.0,0.0,False,False,False
main,deterministic,deterministic,2025-10-01,13,True,True,0,,,0.7,20.0,optimal,2.085881299994071,2.085881999999401,0.0,0,0,16373.37931846145,502.03369195012556,16875.413010411576,16922.055483940563,17424.089175890687,202740.15380665002,0.0,58.358995261041095,0.0,0.0,0.0,False,False,False
main,deterministic,deterministic,2025-10-01,14,True,True,0,,,0.7,20.0,optimal,2.085881299994071,2.085881999999401,0.0,0,0,16373.37931846145,502.03369195012556,16875.413010411576,15953.728666128292,16455.762358078417,183275.5059720614,0.0,51.524596173575375,0.0,0.0,0.0,False,False,False
main,deterministic,deterministic,2025-10-01,15,True,True,0,,,0.7,20.0,optimal,2.085881299994071,2.085881999999401,0.0,0,0,16373.37931846145,502.03369195012556,16875.413010411576,15737.408080971923,16239.44177292205,179416.8009584732,0.0,48.22428946603074,0.0,0.0,0.0,False,False,False
main,deterministic,deterministic,2025-10-01,16,True,True,0,,,0.7,20.0,optimal,2.085881299994071,2.085881999999401,0.0,0,0,16373.37931846145,502.03369195012556,16875.413010411576,15638.698888561816,16140.732580511942,174987.23522946806,0.0,52.94261497438417,0.0,0.0,0.0,False,False,False
main,deterministic,deterministic,2025-10-01,17,True,True,0,,,0.7,20.0,optimal,2.085881299994071,2.085881999999401,0.0,0,0,16373.37931846145,502.03369195012556,16875.413010411576,16156.418409421001,16658.452101371127,182573.5049985005,0.7369117574772007,62.573753398612546,0.0,0.0,0.0,False,False,False
main,deterministic,deterministic,2025-10-01,18,True,True,0,,,0.7,20.0,optimal,2.085881299994071,2.085881999999401,0.0,0,0,16373.37931846145,502.03369195012556,16875.413010411576,16691.65652013389,17193.690212084013,193955.7693984997,0.0,58.60330293516518,0.0,0.0,0.0,False,False,False
main,deterministic,deterministic,2025-10-01,19,True,True,0,,,0.7,20.0,optimal,2.085881299994071,2.085881999999401,0.0,0,0,16373.37931846145,502.03369195012556,16875.413010411576,16040.67429124675,16542.707983196877,194206.57612934127,0.004019169556329638,54.29511117988042,0.0,0.0,0.0,False,False,False
main,deterministic,deterministic,2025-10-01,20,True,True,0,,,0.7,20.0,optimal,2.085881299994071,2.085881999999401,0.0,0,0,16373.37931846145,502.03369195012556,16875.413010411576,16616.708381827655,17118.74207377778,199967.60874126537,0.0,50.43736520806501,0.0,0.0,0.0,False,False,False
main,deterministic,deterministic,2025-10-01,21,True,True,0,,,0.7,20.0,optimal,2.085881299994071,2.085881999999401,0.0,0,0,16373.37931846145,502.03369195012556,16875.413010411576,15953.03385538568,16455.067547335806,181275.52104422922,0.07119945690800034,49.2680830775535,0.0,0.0,0.0,False,False,False
main,deterministic,deterministic,2025-10-01,22,True,True,0,,,0.7,20.0,optimal,2.085881299994071,2.085881999999401,0.0,0,0,16373.37931846145,502.03369195012556,16875.413010411576,16501.921735705346,17003.95542765547,195747.08860899645,0.0,53.28665322744488,0.0,0.0,0.0,False,False,False
main,deterministic,deterministic,2025-10-01,23,True,True,0,,,0.7,20.0,optimal,2.085881299994071,2.085881999999401,0.0,0,0,16373.37931846145,502.03369195012556,16875.413010411576,16699.10663416032,17201.140326110442,195012.42088026332,0.0,53.12289538656081,0.0,0.0,0.0,False,False,False
main,deterministic,deterministic,2025-10-01,24,True,True,0,,,0.7,20.0,optimal,2.085881299994071,2.085881999999401,0.0,0,0,16373.37931846145,502.03369195012556,16875.413010411576,16319.145187580687,16821.178879530813,186357.5739436353,0.0,62.17687828284382,0.0,0.0,0.0,False,False,False
main,deterministic,deterministic,2025-10-01,25,True,True,0,,,0.7,20.0,optimal,2.085881299994071,2.085881999999401,0.0,0,0,16373.37931846145,502.03369195012556,16875.413010411576,17755.578280599144,18257.611972549268,226352.76272971157,0.0,50.65473931765655,0.0,0.0,0.0,False,False,False
main,deterministic,deterministic,2025-10-01,26,True,True,0,,,0.7,20.0,optimal,2.085881299994071,2.085881999999401,0.0,0,0,16373.37931846145,502.03369195012556,16875.413010411576,16107.83236836806,16609.866060318185,192645.3125575341,0.0,62.69708929498209,0.0,0.0,0.0,False,False,False
main,deterministic,deterministic,2025-10-01,27,True,True,0,,,0.7,20.0,optimal,2.085881299994071,2.085881999999401,0.0,0,0,16373.37931846145,502.03369195012556,16875.413010411576,15390.672596468536,15892.706288418662,175987.52307237763,0.0835595082654651,62.27313686208794,0.0,0.0,0.0,False,False,False
main,deterministic,deterministic,2025-10-01,28,True,True,0,,,0.7,20.0,optimal,2.085881299994071,2.085881999999401,0.0,0,0,16373.37931846145,502.03369195012556,16875.413010411576,16487.295179694378,16989.328871644502,191610.3192847825,0.19983862595333154,45.85607030714538,0.0,0.0,0.0,False,False,False
main,deterministic,deterministic,2025-10-01,29,True,True,0,,,0.7,20.0,optimal,2.085881299994071,2.085881999999401,0.0,0,0,16373.37931846145,502.03369195012556,16875.413010411576,16558.91352021915,17060.947212169274,202758.88642830987,0.0,42.252277086060516,0.0,0.0,0.0,False,False,False
main,deterministic,deterministic,2025-10-01,30,True,True,0,,,0.7,20.0,optimal,2.085881299994071,2.085881999999401,0.0,0,0,16373.37931846145,502.03369195012556,16875.413010411576,15638.04340481774,16140.077096767865,169634.3256670186,0.19448886588033276,52.803495757794764,0.0,0.0,0.0,False,False,False
main,deterministic,deterministic,2025-10-01,31,True,True,0,,,0.7,20.0,optimal,2.085881299994071,2.085881999999401,0.0,0,0,16373.37931846145,502.03369195012556,16875.413010411576,16836.702308875854,17338.73600082598,210293.10995579674,0.0,51.85650215287233,0.0,0.0,0.0,False,False,False
main,deterministic,deterministic,2025-10-01,32,True,True,0,,,0.7,20.0,optimal,2.085881299994071,2.085881999999401,0.0,0,0,16373.37931846145,502.03369195012556,16875.413010411576,16230.168012696126,16732.20170464625,189492.34050148592,0.0,59.519182374251145,0.0,0.0,0.0,False,False,False
main,deterministic,deterministic,2025-10-01,33,True,True,0,,,0.7,20.0,optimal,2.085881299994071,2.085881999999401,0.0,0,0,16373.37931846145,502.03369195012556,16875.413010411576,17645.63437239289,18147.668064343015,225374.90348913215,0.020447741752838366,68.14986756928303,0.0,0.0,0.0,False,False,False
main,deterministic,deterministic,2025-10-01,34,True,True,0,,,0.7,20.0,optimal,2.085881299994071,2.085881999999401,0.0,0,0,16373.37931846145,502.03369195012556,16875.413010411576,16724.783953133716,17226.81764508384,199066.6845512882,0.06032364789296896,54.710853958604154,0.0,0.0,0.0,False,False,False
main,deterministic,deterministic,2025-10-01,35,True,True,0,,,0.7,20.0,optimal,2.085881299994071,2.085881999999401,0.0,0,0,16373.37931846145,502.03369195012556,16875.413010411576,16084.615965071282,16586.649657021408,182335.19487729672,0.0,57.947602681813784,0.0,0.0,0.0,False,False,False
main,deterministic,deterministic,2025-10-01,36,True,True,0,,,0.7,20.0,optimal,2.085881299994071,2.085881999999401,0.0,0,0,16373.37931846145,502.03369195012556,16875.413010411576,15828.716569550603,16330.750261500729,179923.1304271857,0.0,63.64725025005549,0.0,0.0,0.0,False,False,False
main,deterministic,deterministic,2025-10-01,37,True,True,0,,,0.7,20.0,optimal,2.085881299994071,2.085881999999401,0.0,0,0,16373.37931846145,502.03369195012556,16875.413010411576,16195.381683366053,16697.415375316177,189650.33501201117,0.10316618868430627,44.13799801709155,0.0,0.0,0.0,False,False,False
main,deterministic,deterministic,2025-10-01,38,True,True,0,,,0.7,20.0,optimal,2.085881299994071,2.085881999999401,0.0,0,0,16373.37931846145,502.03369195012556,16875.413010411576,16029.748135474023,16531.781827424147,189778.44901830892,0.0,51.32083060981837,0.0,0.0,0.0,False,False,False
main,deterministic,deterministic,2025-10-01,39,True,True,0,,,0.7,20.0,optimal,2.085881299994071,2.085881999999401,0.0,0,0,16373.37931846145,502.03369195012556,16875.413010411576,16599.458061567908,17101.491753518032,200050.59633695477,0.0,44.31444077267184,0.0,0.0,0.0,False,False,False
main,deterministic,deterministic,2025-10-01,40,True,True,0,,,0.7,20.0,optimal,2.085881299994071,2.085881999999401,0.0,0,0,16373.37931846145,502.03369195012556,16875.413010411576,16915.058243891122,17417.091935841247,201622.37078916625,0.0,48.171518403203144,0.0,0.0,0.0,False,False,False
main,deterministic,deterministic,2025-10-01,41,True,True,0,,,0.7,20.0,optimal,2.085881299994071,2.085881999999401,0.0,0,0,16373.37931846145,502.03369195012556,16875.413010411576,16448.8395214789,16950.873213429026,196949.8964325372,0.036331501641490904,41.96639564055534,0.0,0.0,0.0,False,False,False
main,deterministic,deterministic,2025-10-01,42,True,True,0,,,0.7,20.0,optimal,2.085881299994071,2.085881999999401,0.0,0,0,16373.37931846145,502.03369195012556,16875.413010411576,16697.851018259727,17199.88471020985,197827.2667860678,0.15565896123189243,59.74361705020525,0.0,0.0,0.0,False,False,False
main,deterministic,deterministic,2025-10-01,43,True,True,0,,,0.7,20.0,optimal,2.085881299994071,2.085881999999401,0.0,0,0,16373.37931846145,502.03369195012556,16875.413010411576,15685.883808001303,16187.917499951429,177575.5588354178,0.0,59.06339920310162,0.0,0.0,0.0,False,False,False
main,deterministic,deterministic,2025-10-01,44,True,True,0,,,0.7,20.0,optimal,2.085881299994071,2.085881999999401,0.0,0,0,16373.37931846145,502.03369195012556,16875.413010411576,16144.88062584475,16646.914317794875,185579.9209710354,0.0,56.48076231855234,0.0,0.0,0.0,False,False,False
main,deterministic,deterministic,2025-10-01,45,True,True,0,,,0.7,20.0,optimal,2.085881299994071,2.085881999999401,0.0,0,0,16373.37931846145,502.03369195012556,16875.413010411576,16839.039199141756,17341.07289109188,203045.81005294624,0.0,58.148249231147695,0.0,0.0,0.0,False,False,False
main,deterministic,deterministic,2025-10-01,46,True,True,0,,,0.7,20.0,optimal,2.085881299994071,2.085881999999401,0.0,0,0,16373.37931846145,502.03369195012556,16875.413010411576,16458.51986350288,16960.553555453003,194747.0297185272,0.20647499766301974,55.19389854441071,0.0,0.0,0.0,False,False,False
main,deterministic,deterministic,2025-10-01,47,True,True,0,,,0.7,20.0,optimal,2.085881299994071,2.085881999999401,0.0,0,0,16373.37931846145,502.03369195012556,16875.413010411576,16515.96797035127,17018.001662301394,202264.22910523624,0.0013589952455870247,55.466876319963404,0.0,0.0,0.0,False,False,False
main,deterministic,deterministic,2025-10-01,48,True,True,0,,,0.7,20.0,optimal,2.085881299994071,2.085881999999401,0.0,0,0,16373.37931846145,502.03369195012556,16875.413010411576,17165.344089027258,17667.377780977382,212221.33266543518,0.13135089089952912,55.14151752610285,0.0,0.0,0.0,False,False,False
main,deterministic,deterministic,2025-10-01,49,True,True,0,,,0.7,20.0,optimal,2.085881299994071,2.085881999999401,0.0,0,0,16373.37931846145,502.03369195012556,16875.413010411576,16579.81978250241,17081.853474452535,206779.96160983722,0.006182755000965434,58.884737373771166,0.0,0.0,0.0,False,False,False
main,deterministic,deterministic,2025-10-01,50,True,True,0,,,0.7,20.0,optimal,2.085881299994071,2.085881999999401,0.0,0,0,16373.37931846145,502.03369195012556,16875.413010411576,16240.51512830744,16742.548820257565,195013.15559654072,0.024991743698636215,61.08808837654426,0.0,0.0,0.0,False,False,False
main,deterministic,deterministic,2025-10-01,51,True,True,0,,,0.7,20.0,optimal,2.085881299994071,2.085881999999401,0.0,0,0,16373.37931846145,502.03369195012556,16875.413010411576,15902.856919355334,16404.890611305458,184682.52197608873,0.06070730736619301,56.854219765679424,0.0,0.0,0.0,False,False,False
main,deterministic,deterministic,2025-10-01,52,True,True,0,,,0.7,20.0,optimal,2.085881299994071,2.085881999999401,0.0,0,0,16373.37931846145,502.03369195012556,16875.413010411576,17027.035115852897,17529.06880780302,208884.8419123376,0.0,59.340188668107764,0.0,0.0,0.0,False,False,False
main,deterministic,deterministic,2025-10-01,53,True,True,0,,,0.7,20.0,optimal,2.085881299994071,2.085881999999401,0.0,0,0,16373.37931846145,502.03369195012556,16875.413010411576,16393.580841563587,16895.61453351371,189284.24797003434,0.0,51.32302778824323,0.0,0.0,0.0,False,False,False
main,deterministic,deterministic,2025-10-01,54,True,True,0,,,0.7,20.0,optimal,2.085881299994071,2.085881999999401,0.0,0,0,16373.37931846145,502.03369195012556,16875.413010411576,16973.245753135543,17475.279445085667,205122.97422743984,0.0,54.21255682297666,0.0,0.0,0.0,False,False,False
main,deterministic,deterministic,2025-10-01,55,True,True,0,,,0.7,20.0,optimal,2.085881299994071,2.085881999999401,0.0,0,0,16373.37931846145,502.03369195012556,16875.413010411576,16448.356076973116,16950.38976892324,192462.56022727018,0.0,60.865204750268695,0.0,0.0,0.0,False,False,False
main,deterministic,deterministic,2025-10-01,56,True,True,0,,,0.7,20.0,optimal,2.085881299994071,2.085881999999401,0.0,0,0,16373.37931846145,502.03369195012556,16875.413010411576,16431.68125234646,16933.714944296586,196112.81458022475,0.0,44.448078411445294,0.0,0.0,0.0,False,False,False
main,deterministic,deterministic,2025-10-01,57,True,True,0,,,0.7,20.0,optimal,2.085881299994071,2.085881999999401,0.0,0,0,16373.37931846145,502.03369195012556,16875.413010411576,16317.797594766827,16819.83128671695,190477.29057591618,0.0,52.36473488672832,0.0,0.0,0.0,False,False,False
main,deterministic,deterministic,2025-10-01,58,True,True,0,,,0.7,20.0,optimal,2.085881299994071,2.085881999999401,0.0,0,0,16373.37931846145,502.03369195012556,16875.413010411576,17218.224770413348,17720.258462363472,212453.38357539996,0.10316617991580324,63.16649679582731,0.0,0.0,0.0,False,False,False
main,deterministic,deterministic,2025-10-01,59,True,True,0,,,0.7,20.0,optimal,2.085881299994071,2.085881999999401,0.0,0,0,16373.37931846145,502.03369195012556,16875.413010411576,17202.511033594583,17704.544725544707,212343.05469406594,0.0,56.6548444037525,0.0,0.0,0.0,False,False,False
main,deterministic,deterministic,2025-10-01,60,True,True,0,,,0.7,20.0,optimal,2.085881299994071,2.085881999999401,0.0,0,0,16373.37931846145,502.03369195012556,16875.413010411576,16393.811082267337,16895.84477421746,199421.92728325754,0.0,52.35187687280812,0.0,0.0,0.0,False,False,False
main,deterministic,deterministic,2025-10-01,61,True,True,0,,,0.7,20.0,optimal,2.085881299994071,2.085881999999401,0.0,0,0,16373.37931846145,502.03369195012556,16875.413010411576,16437.746762965286,16939.78045491541,197134.00303557806,0.0,42.90095779786917,0.0,0.0,0.0,False,False,False
main,deterministic,deterministic,2025-10-01,62,True,True,0,,,0.7,20.0,optimal,2.085881299994071,2.085881999999401,0.0,0,0,16373.37931846145,502.03369195012556,16875.413010411576,15801.359860178845,16303.393552128971,179703.72764746976,0.0,59.07896391030399,0.0,0.0,0.0,False,False,False
main,deterministic,deterministic,2025-10-01,63,True,True,0,,,0.7,20.0,optimal,2.085881299994071,2.085881999999401,0.0,0,0,16373.37931846145,502.03369195012556,16875.413010411576,16734.397949966253,17236.431641916377,192212.54881859757,0.19705489482641958,64.74382894770233,0.0,0.0,0.0,False,False,False
main,deterministic,deterministic,2025-10-01,64,True,True,0,,,0.7,20.0,optimal,2.085881299994071,2.085881999999401,0.0,0,0,16373.37931846145,502.03369195012556,16875.413010411576,16015.278768676799,16517.312460626923,181232.57332442547,0.0,50.565718019876265,0.0,0.0,0.0,False,False,False
main,deterministic,deterministic,2025-10-01,65,True,True,0,,,0.7,20.0,optimal,2.085881299994071,2.085881999999401,0.0,0,0,16373.37931846145,502.03369195012556,16875.413010411576,16873.071332953197,17375.10502490332,194533.494504957,0.0,57.8162437980325,0.0,0.0,0.0,False,False,False
main,deterministic,deterministic,2025-10-01,66,True,True,0,,,0.7,20.0,optimal,2.085881299994071,2.085881999999401,0.0,0,0,16373.37931846145,502.03369195012556,16875.413010411576,16727.383610825793,17229.417302775917,202072.24100182706,0.0,65.68959437850171,0.0,0.0,0.0,False,False,False
main,deterministic,deterministic,2025-10-01,67,True,True,0,,,0.7,20.0,optimal,2.085881299994071,2.085881999999401,0.0,0,0,16373.37931846145,502.03369195012556,16875.413010411576,15813.971954913088,16316.005646863214,175926.87176971836,0.0,54.24068004293948,0.0,0.0,0.0,False,False,False
main,deterministic,deterministic,2025-10-01,68,True,True,0,,,0.7,20.0,optimal,2.085881299994071,2.085881999999401,0.0,0,0,16373.37931846145,502.03369195012556,16875.413010411576,17419.265078061802,17921.298770011927,219469.9807929324,0.0,57.77907486753846,0.0,0.0,0.0,False,False,False
main,deterministic,deterministic,2025-10-01,69,True,True,0,,,0.7,20.0,optimal,2.085881299994071,2.085881999999401,0.0,0,0,16373.37931846145,502.03369195012556,16875.413010411576,17180.758873950188,17682.792565900312,214866.58707433907,0.0,60.75373207104512,0.0,0.0,0.0,False,False,False
main,deterministic,deterministic,2025-10-01,70,True,True,0,,,0.7,20.0,optimal,2.085881299994071,2.085881999999401,0.0,0,0,16373.37931846145,502.03369195012556,16875.413010411576,16805.825536757315,17307.85922870744,206176.25097041376,0.0,58.32448919598316,0.0,0.0,0.0,False,False,False
main,deterministic,deterministic,2025-10-01,71,True,True,0,,,0.7,20.0,optimal,2.085881299994071,2.085881999999401,0.0,0,0,16373.37931846145,502.03369195012556,16875.413010411576,15919.134345099148,16421.168037049272,186660.50993527693,0.22763047636477207,63.41625451124635,0.0,0.0,0.0,False,False,False
main,deterministic,deterministic,2025-10-01,72,True,True,0,,,0.7,20.0,optimal,2.085881299994071,2.085881999999401,0.0,0,0,16373.37931846145,502.03369195012556,16875.413010411576,16155.962848017658,16657.996539967782,188344.27101917745,0.0,61.38600881434503,0.0,0.0,0.0,False,False,False
main,deterministic,deterministic,2025-10-01,73,True,True,0,,,0.7,20.0,optimal,2.085881299994071,2.085881999999401,0.0,0,0,16373.37931846145,502.03369195012556,16875.413010411576,16429.98356954127,16932.017261491394,191288.2050460688,0.027304474582260818,53.76936408830067,0.0,0.0,0.0,False,False,False
main,deterministic,deterministic,2025-10-01,74,True,True,0,,,0.7,20.0,optimal,2.085881299994071,2.085881999999401,0.0,0,0,16373.37931846145,502.03369195012556,16875.413010411576,16094.513957722414,16596.54764967254,179391.26274886812,0.0,57.63344585883997,0.0,0.0,0.0,False,False,False
main,deterministic,deterministic,2025-10-01,75,True,True,0,,,0.7,20.0,optimal,2.085881299994071,2.085881999999401,0.0,0,0,16373.37931846145,502.03369195012556,16875.413010411576,16589.271707395157,17091.30539934528,197159.51681854992,0.03056885496872888,54.73232785382172,0.0,0.0,0.0,False,False,False
main,deterministic,deterministic,2025-10-01,76,True,True,0,,,0.7,20.0,optimal,2.085881299994071,2.085881999999401,0.0,0,0,16373.37931846145,502.03369195012556,16875.413010411576,17050.815973372337,17552.84966532246,213511.62088180322,0.0,56.46307898777213,0.0,0.0,0.0,False,False,False
main,deterministic,deterministic,2025-10-01,77,True,True,0,,,0.7,20.0,optimal,2.085881299994071,2.085881999999401,0.0,0,0,16373.37931846145,502.03369195012556,16875.413010411576,16084.187992357589,16586.221684307715,179406.16582677825,0.09040748320920372,55.261375518186725,0.0,0.0,0.0,False,False,False
main,deterministic,deterministic,2025-10-01,78,True,True,0,,,0.7,20.0,optimal,2.085881299994071,2.085881999999401,0.0,0,0,16373.37931846145,502.03369195012556,16875.413010411576,16016.593135185618,16518.626827135744,183931.53162169535,0.03715130996922045,53.33538520332873,0.0,0.0,0.0,False,False,False
main,deterministic,deterministic,2025-10-01,79,True,True,0,,,0.7,20.0,optimal,2.085881299994071,2.085881999999401,0.0,0,0,16373.37931846145,502.03369195012556,16875.413010411576,17084.79055356615,17586.824245516273,207141.11122194407,0.0,53.08319986751455,0.0,0.0,0.0,False,False,False
main,deterministic,deterministic,2025-10-01,80,True,True,0,,,0.7,20.0,optimal,2.085881299994071,2.085881999999401,0.0,0,0,16373.37931846145,502.03369195012556,16875.413010411576,16858.95568508826,17360.989377038386,206269.45975407804,0.0,52.47407489839362,0.0,0.0,0.0,False,False,False
main,deterministic,deterministic,2025-10-01,81,True,True,0,,,0.7,20.0,optimal,2.085881299994071,2.085881999999401,0.0,0,0,16373.37931846145,502.03369195012556,16875.413010411576,16601.957405865734,17103.99109781586,192086.30058834678,0.1381558816393358,61.19627152078625,0.0,0.0,0.0,False,False,False
main,deterministic,deterministic,2025-10-01,82,True,True,0,,,0.7,20.0,optimal,2.085881299994071,2.085881999999401,0.0,0,0,16373.37931846145,502.03369195012556,16875.413010411576,16076.329217050989,16578.362909001113,187322.56954303497,0.0,50.277920598829965,0.0,0.0,0.0,False,False,False
main,deterministic,deterministic,2025-10-01,83,True,True,0,,,0.7,20.0,optimal,2.085881299994071,2.085881999999401,0.0,0,0,16373.37931846145,502.03369195012556,16875.413010411576,16953.907897038436,17455.94158898856,209475.8269638914,0.06666545111839506,52.29106371042378,0.0,0.0,0.0,False,False,False
main,deterministic,deterministic,2025-10-01,84,True,True,0,,,0.7,20.0,optimal,2.085881299994071,2.085881999999401,0.0,0,0,16373.37931846145,502.03369195012556,16875.413010411576,17281.6844219535,17783.718113903626,209529.9425308334,0.24469431232687994,51.73557888133963,0.0,0.0,0.0,False,False,False
main,deterministic,deterministic,2025-10-01,85,True,True,0,,,0.7,20.0,optimal,2.085881299994071,2.085881999999401,0.0,0,0,16373.37931846145,502.03369195012556,16875.413010411576,16696.717777088474,17198.751469038598,198895.95198606479,0.0,60.77202187945461,0.0,0.0,0.0,False,False,False
main,deterministic,deterministic,2025-10-01,86,True,True,0,,,0.7,20.0,optimal,2.085881299994071,2.085881999999401,0.0,0,0,16373.37931846145,502.03369195012556,16875.413010411576,16712.112171485584,17214.145863435708,197546.4943500491,0.0,49.293027873691,0.0,0.0,0.0,False,False,False
main,deterministic,deterministic,2025-10-01,87,True,True,0,,,0.7,20.0,optimal,2.085881299994071,2.085881999999401,0.0,0,0,16373.37931846145,502.03369195012556,16875.413010411576,15641.35917713195,16143.392869082076,174685.428651317,0.0,54.84776552506244,0.0,0.0,0.0,False,False,False
main,deterministic,deterministic,2025-10-01,88,True,True,0,,,0.7,20.0,optimal,2.085881299994071,2.085881999999401,0.0,0,0,16373.37931846145,502.03369195012556,16875.413010411576,16045.390772118733,16547.42446406886,177908.3249397568,0.07362033018748493,59.53446476651823,0.0,0.0,0.0,False,False,False
main,deterministic,deterministic,2025-10-01,89,True,True,0,,,0.7,20.0,optimal,2.085881299994071,2.085881999999401,0.0,0,0,16373.37931846145,502.03369195012556,16875.413010411576,16477.27109140279,16979.304783352913,194346.1914509301,0.0,56.88327582668713,0.0,0.0,0.0,False,False,False
main,deterministic,deterministic,2025-10-01,90,True,True,0,,,0.7,20.0,optimal,2.085881299994071,2.085881999999401,0.0,0,0,16373.37931846145,502.03369195012556,16875.413010411576,16249.854357349479,16751.888049299603,189714.32677158754,0.046842734505838424,59.147365058963864,0.0,0.0,0.0,False,False,False
main,deterministic,deterministic,2025-10-01,91,True,True,0,,,0.7,20.0,optimal,2.085881299994071,2.085881999999401,0.0,0,0,16373.37931846145,502.03369195012556,16875.413010411576,15548.156473809671,16050.190165759797,167838.8636638964,0.1836198374688809,54.24157942641038,0.0,0.0,0.0,False,False,False
main,deterministic,deterministic,2025-10-01,92,True,True,0,,,0.7,20.0,optimal,2.085881299994071,2.085881999999401,0.0,0,0,16373.37931846145,502.03369195012556,16875.413010411576,16346.375948232311,16848.409640182435,182812.9345901463,0.0,44.640697762887136,0.0,0.0,0.0,False,False,False
main,deterministic,deterministic,2025-10-01,93,True,True,0,,,0.7,20.0,optimal,2.085881299994071,2.085881999999401,0.0,0,0,16373.37931846145,502.03369195012556,16875.413010411576,16236.252665142942,16738.286357093068,195217.6258123092,0.09220334907704097,57.17263990514185,0.0,0.0,0.0,False,False,False
main,deterministic,deterministic,2025-10-01,94,True,True,0,,,0.7,20.0,optimal,2.085881299994071,2.085881999999401,0.0,0,0,16373.37931846145,502.03369195012556,16875.413010411576,16245.639998873601,16747.673690823725,186500.8381027311,0.18240994402225522,50.83556940780473,0.0,0.0,0.0,False,False,False
main,deterministic,deterministic,2025-10-01,95,True,True,0,,,0.7,20.0,optimal,2.085881299994071,2.085881999999401,0.0,0,0,16373.37931846145,502.03369195012556,16875.413010411576,15971.30185806947,16473.335550019594,182810.15281917437,0.0,56.55362688570386,0.0,0.0,0.0,False,False,False
main,deterministic,deterministic,2025-10-01,96,True,True,0,,,0.7,20.0,optimal,2.085881299994071,2.085881999999401,0.0,0,0,16373.37931846145,502.03369195012556,16875.413010411576,16168.679954495685,16670.71364644581,189134.0617763492,0.12561319133453383,53.26895946673864,0.0,0.0,0.0,False,False,False
main,deterministic,deterministic,2025-10-01,97,True,True,0,,,0.7,20.0,optimal,2.085881299994071,2.085881999999401,0.0,0,0,16373.37931846145,502.03369195012556,16875.413010411576,16197.51298649102,16699.546678441144,187265.47576473464,0.0,57.48993321197902,0.0,0.0,0.0,False,False,False
main,deterministic,deterministic,2025-10-01,98,True,True,0,,,0.7,20.0,optimal,2.085881299994071,2.085881999999401,0.0,0,0,16373.37931846145,502.03369195012556,16875.413010411576,16324.161993829211,16826.195685779338,187661.8541443544,0.0,47.75603196960104,0.0,0.0,0.0,False,False,False
main,deterministic,deterministic,2025-10-01,99,True,True,0,,,0.7,20.0,optimal,2.085881299994071,2.085881999999401,0.0,0,0,16373.37931846145,502.03369195012556,16875.413010411576,16065.563360987191,16567.597052937315,184719.657721976,0.2028494156456142,56.54353555012725,0.0,0.0,0.0,False,False,False
