suite,configuration,method,window,workload_replay_id,energy_uncertainty,workload_uncertainty,sample_size,gamma,rho,effective_capacity_fraction,bess_degradation_cost_usd_per_mwh_throughput,solver_status,solve_wall_time_seconds,solver_runtime_seconds,mip_gap,decomposition_iterations,active_scenario_count,nominal_grid_cost_usd,nominal_bess_degradation_cost_usd,nominal_operating_cost_usd,actual_grid_cost_usd,actual_operating_cost_usd,actual_carbon_kg,actual_curtailment_mwh,batch_adjustment_mwh,workload_envelope_violation_mwh,grid_limit_violation_mw,ramp_violation_mw,workload_violation,grid_limit_violation,ramp_violation
main,deterministic,deterministic,2025-01-01,0,True,True,0,,,0.7,20.0,optimal,1.7323366000055103,1.7323385000054259,0.0,0,0,15664.811973990281,174.34157851920799,15839.15355250949,14829.95479885053,15004.296377369737,170040.15668327166,0.5019981229464744,51.33042987701873,0.0,0.0,0.0,False,False,False
main,deterministic,deterministic,2025-01-01,1,True,True,0,,,0.7,20.0,optimal,1.7323366000055103,1.7323385000054259,0.0,0,0,15664.811973990281,174.34157851920799,15839.15355250949,15837.477638864608,16011.819217383816,190440.90586107533,0.08684864855887026,57.075642366308486,0.0,0.0,0.0,False,False,False
main,deterministic,deterministic,2025-01-01,2,True,True,0,,,0.7,20.0,optimal,1.7323366000055103,1.7323385000054259,0.0,0,0,15664.811973990281,174.34157851920799,15839.15355250949,15497.964244017123,15672.305822536331,180757.6393236956,0.08188014820472636,45.78282859714329,0.0,0.0,0.0,False,False,False
main,deterministic,deterministic,2025-01-01,3,True,True,0,,,0.7,20.0,optimal,1.7323366000055103,1.7323385000054259,0.0,0,0,15664.811973990281,174.34157851920799,15839.15355250949,15722.888514900897,15897.230093420105,189741.43816631884,0.0,52.05022131616374,0.0,0.0,0.0,False,False,False
main,deterministic,deterministic,2025-01-01,4,True,True,0,,,0.7,20.0,optimal,1.7323366000055103,1.7323385000054259,0.0,0,0,15664.811973990281,174.34157851920799,15839.15355250949,15640.83585909562,15815.177437614828,185351.10138468293,0.0632302808889269,49.642477064388885,0.0,0.0,0.0,False,False,False
main,deterministic,deterministic,2025-01-01,5,True,True,0,,,0.7,20.0,optimal,1.7323366000055103,1.7323385000054259,0.0,0,0,15664.811973990281,174.34157851920799,15839.15355250949,16037.753836155523,16212.095414674732,200945.38160245464,0.0,53.078638310355466,0.0,0.0,0.0,False,False,False
main,deterministic,deterministic,2025-01-01,6,True,True,0,,,0.7,20.0,optimal,1.7323366000055103,1.7323385000054259,0.0,0,0,15664.811973990281,174.34157851920799,15839.15355250949,15935.011696516905,16109.353275036114,194173.2341654466,0.0,47.24362612407542,0.0,0.0,0.0,False,False,False
main,deterministic,deterministic,2025-01-01,7,True,True,0,,,0.7,20.0,optimal,1.7323366000055103,1.7323385000054259,0.0,0,0,15664.811973990281,174.34157851920799,15839.15355250949,15291.380334491823,15465.721913011032,175698.30475943926,0.019384031851351097,50.18719556279624,0.0,0.0,0.0,False,False,False
main,deterministic,deterministic,2025-01-01,8,True,True,0,,,0.7,20.0,optimal,1.7323366000055103,1.7323385000054259,0.0,0,0,15664.811973990281,174.34157851920799,15839.15355250949,15835.179760077066,16009.521338596274,190241.2421556419,0.17212938586790094,52.46683042684133,0.0,0.0,0.0,False,False,False
main,deterministic,deterministic,2025-01-01,9,True,True,0,,,0.7,20.0,optimal,1.7323366000055103,1.7323385000054259,0.0,0,0,15664.811973990281,174.34157851920799,15839.15355250949,15837.850559427345,16012.192137946553,192702.7316220727,0.0,59.157049216783186,0.0,0.0,0.0,False,False,False
main,deterministic,deterministic,2025-01-01,10,True,True,0,,,0.7,20.0,optimal,1.7323366000055103,1.7323385000054259,0.0,0,0,15664.811973990281,174.34157851920799,15839.15355250949,15507.638658874217,15681.980237393425,183420.3077747558,0.09395672971759247,52.10661908210849,0.0,0.0,0.0,False,False,False
main,deterministic,deterministic,2025-01-01,11,True,True,0,,,0.7,20.0,optimal,1.7323366000055103,1.7323385000054259,0.0,0,0,15664.811973990281,174.34157851920799,15839.15355250949,15262.893728077777,15437.235306596986,183428.9516258562,0.0,43.06643051140706,0.0,0.0,0.0,False,False,False
main,deterministic,deterministic,2025-01-01,12,True,True,0,,,0.7,20.0,optimal,1.7323366000055103,1.7323385000054259,0.0,0,0,15664.811973990281,174.34157851920799,15839.15355250949,15855.235445936354,16029.577024455562,195913.2384578549,0.0,44.976177388513726,0.0,0.0,0.0,False,False,False
main,deterministic,deterministic,2025-01-01,13,True,True,0,,,0.7,20.0,optimal,1.7323366000055103,1.7323385000054259,0.0,0,0,15664.811973990281,174.34157851920799,15839.15355250949,16094.457896452619,16268.799474971827,198323.7970033589,0.15005231031754085,53.44629059097105,0.0,0.0,0.0,False,False,False
main,deterministic,deterministic,2025-01-01,14,True,True,0,,,0.7,20.0,optimal,1.7323366000055103,1.7323385000054259,0.0,0,0,15664.811973990281,174.34157851920799,15839.15355250949,15337.51894905493,15511.860527574137,178123.11613613242,0.08652900007553677,50.73316526425598,0.0,0.0,0.0,False,False,False
main,deterministic,deterministic,2025-01-01,15,True,True,0,,,0.7,20.0,optimal,1.7323366000055103,1.7323385000054259,0.0,0,0,15664.811973990281,174.34157851920799,15839.15355250949,15345.807532608484,15520.149111127692,174284.90466406848,0.03422918886156437,45.276258215629795,0.0,0.0,0.0,False,False,False
main,deterministic,deterministic,2025-01-01,16,True,True,0,,,0.7,20.0,optimal,1.7323366000055103,1.7323385000054259,0.0,0,0,15664.811973990281,174.34157851920799,15839.15355250949,15071.890883054588,15246.232461573796,170866.69268393313,0.03606366855062573,46.65225778173138,0.0,0.0,0.0,False,False,False
main,deterministic,deterministic,2025-01-01,17,True,True,0,,,0.7,20.0,optimal,1.7323366000055103,1.7323385000054259,0.0,0,0,15664.811973990281,174.34157851920799,15839.15355250949,15320.643979511167,15494.985558030376,177975.58316979502,0.11524822563380788,55.751151543753444,0.0,0.0,0.0,False,False,False
main,deterministic,deterministic,2025-01-01,18,True,True,0,,,0.7,20.0,optimal,1.7323366000055103,1.7323385000054259,0.0,0,0,15664.811973990281,174.34157851920799,15839.15355250949,15704.396379786873,15878.737958306081,190263.64559605697,0.0,55.47153938072073,0.0,0.0,0.0,False,False,False
main,deterministic,deterministic,2025-01-01,19,True,True,0,,,0.7,20.0,optimal,1.7323366000055103,1.7323385000054259,0.0,0,0,15664.811973990281,174.34157851920799,15839.15355250949,15570.315566726304,15744.657145245512,189485.23074891188,0.08097823354357891,51.94607428350393,0.0,0.0,0.0,False,False,False
main,deterministic,deterministic,2025-01-01,20,True,True,0,,,0.7,20.0,optimal,1.7323366000055103,1.7323385000054259,0.0,0,0,15664.811973990281,174.34157851920799,15839.15355250949,16101.112477250086,16275.454055769294,193964.7432847365,0.0,46.38135574818626,0.0,0.0,0.0,False,False,False
main,deterministic,deterministic,2025-01-01,21,True,True,0,,,0.7,20.0,optimal,1.7323366000055103,1.7323385000054259,0.0,0,0,15664.811973990281,174.34157851920799,15839.15355250949,15159.25902800958,15333.600606528787,174900.98460178677,0.14558437698452803,44.77992493657617,0.0,0.0,0.0,False,False,False
main,deterministic,deterministic,2025-01-01,22,True,True,0,,,0.7,20.0,optimal,1.7323366000055103,1.7323385000054259,0.0,0,0,15664.811973990281,174.34157851920799,15839.15355250949,15830.138735081875,16004.480313601083,190402.90778104882,0.06061835022830464,49.63933057333312,0.0,0.0,0.0,False,False,False
main,deterministic,deterministic,2025-01-01,23,True,True,0,,,0.7,20.0,optimal,1.7323366000055103,1.7323385000054259,0.0,0,0,15664.811973990281,174.34157851920799,15839.15355250949,15914.294771191093,16088.636349710301,189975.26230225977,0.0,48.10860682423882,0.0,0.0,0.0,False,False,False
main,deterministic,deterministic,2025-01-01,24,True,True,0,,,0.7,20.0,optimal,1.7323366000055103,1.7323385000054259,0.0,0,0,15664.811973990281,174.34157851920799,15839.15355250949,15314.221295498724,15488.562874017933,180444.19496148342,0.10567313604808662,52.40515743780144,0.0,0.0,0.0,False,False,False
main,deterministic,deterministic,2025-01-01,25,True,True,0,,,0.7,20.0,optimal,1.7323366000055103,1.7323385000054259,0.0,0,0,15664.811973990281,174.34157851920799,15839.15355250949,16807.003959542377,16981.345538061585,221312.74974517533,0.0,46.30770809622776,0.0,0.0,0.0,False,False,False
main,deterministic,deterministic,2025-01-01,26,True,True,0,,,0.7,20.0,optimal,1.7323366000055103,1.7323385000054259,0.0,0,0,15664.811973990281,174.34157851920799,15839.15355250949,15815.77166623507,15990.113244754279,186470.43792502035,0.1619348980758242,55.57394220828199,0.0,0.0,0.0,False,False,False
main,deterministic,deterministic,2025-01-01,27,True,True,0,,,0.7,20.0,optimal,1.7323366000055103,1.7323385000054259,0.0,0,0,15664.811973990281,174.34157851920799,15839.15355250949,14543.177808292798,14717.519386812006,168962.93822746177,0.14431034237662138,55.48174340537979,0.0,0.0,0.0,False,False,False
main,deterministic,deterministic,2025-01-01,28,True,True,0,,,0.7,20.0,optimal,1.7323366000055103,1.7323385000054259,0.0,0,0,15664.811973990281,174.34157851920799,15839.15355250949,15616.526550906088,15790.868129425297,185829.57144666408,0.09614937114561042,41.057845084910035,0.0,0.0,0.0,False,False,False
main,deterministic,deterministic,2025-01-01,29,True,True,0,,,0.7,20.0,optimal,1.7323366000055103,1.7323385000054259,0.0,0,0,15664.811973990281,174.34157851920799,15839.15355250949,15879.676734334997,16054.018312854205,195763.56567568035,0.030916769877295164,39.573261892413726,0.0,0.0,0.0,False,False,False
main,deterministic,deterministic,2025-01-01,30,True,True,0,,,0.7,20.0,optimal,1.7323366000055103,1.7323385000054259,0.0,0,0,15664.811973990281,174.34157851920799,15839.15355250949,14997.319023755852,15171.66060227506,165201.7499355856,0.0,46.228452417167425,0.0,0.0,0.0,False,False,False
main,deterministic,deterministic,2025-01-01,31,True,True,0,,,0.7,20.0,optimal,1.7323366000055103,1.7323385000054259,0.0,0,0,15664.811973990281,174.34157851920799,15839.15355250949,15894.616570012706,16068.958148531914,202199.7165858857,0.20832997154687116,50.612037357065766,0.0,0.0,0.0,False,False,False
main,deterministic,deterministic,2025-01-01,32,True,True,0,,,0.7,20.0,optimal,1.7323366000055103,1.7323385000054259,0.0,0,0,15664.811973990281,174.34157851920799,15839.15355250949,15673.0010721432,15847.34265066241,184433.68812941122,0.0,49.08981174132823,0.0,0.0,0.0,False,False,False
main,deterministic,deterministic,2025-01-01,33,True,True,0,,,0.7,20.0,optimal,1.7323366000055103,1.7323385000054259,0.0,0,0,15664.811973990281,174.34157851920799,15839.15355250949,16905.56134622985,17079.902924749058,219908.4572033251,0.04697440711880671,61.643044516219156,0.0,0.0,0.0,False,False,False
main,deterministic,deterministic,2025-01-01,34,True,True,0,,,0.7,20.0,optimal,1.7323366000055103,1.7323385000054259,0.0,0,0,15664.811973990281,174.34157851920799,15839.15355250949,16124.752379894635,16299.093958413843,194168.56847909352,0.11022844204259158,52.08927150022747,0.0,0.0,0.0,False,False,False
main,deterministic,deterministic,2025-01-01,35,True,True,0,,,0.7,20.0,optimal,1.7323366000055103,1.7323385000054259,0.0,0,0,15664.811973990281,174.34157851920799,15839.15355250949,14896.064995336836,15070.406573856044,176514.85861942335,0.0,54.814508220396064,0.0,0.0,0.0,False,False,False
main,deterministic,deterministic,2025-01-01,36,True,True,0,,,0.7,20.0,optimal,1.7323366000055103,1.7323385000054259,0.0,0,0,15664.811973990281,174.34157851920799,15839.15355250949,15200.021582210267,15374.363160729476,174610.03919555055,0.0,53.93233321588931,0.0,0.0,0.0,False,False,False
main,deterministic,deterministic,2025-01-01,37,True,True,0,,,0.7,20.0,optimal,1.7323366000055103,1.7323385000054259,0.0,0,0,15664.811973990281,174.34157851920799,15839.15355250949,15480.87959963265,15655.221178151858,183219.00841562802,0.0,41.571847668788074,0.0,0.0,0.0,False,False,False
main,deterministic,deterministic,2025-01-01,38,True,True,0,,,0.7,20.0,optimal,1.7323366000055103,1.7323385000054259,0.0,0,0,15664.811973990281,174.34157851920799,15839.15355250949,15439.044137578094,15613.385716097302,184890.83242276928,0.0,48.73160210838423,0.0,0.0,0.0,False,False,False
main,deterministic,deterministic,2025-01-01,39,True,True,0,,,0.7,20.0,optimal,1.7323366000055103,1.7323385000054259,0.0,0,0,15664.811973990281,174.34157851920799,15839.15355250949,15660.95983095793,15835.301409477139,195304.9312011904,0.057814929904075885,40.80581785681221,0.0,0.0,0.0,False,False,False
main,deterministic,deterministic,2025-01-01,40,True,True,0,,,0.7,20.0,optimal,1.7323366000055103,1.7323385000054259,0.0,0,0,15664.811973990281,174.34157851920799,15839.15355250949,16157.87811995222,16332.219698471428,196310.8403004713,0.0,43.472389162439576,0.0,0.0,0.0,False,False,False
main,deterministic,deterministic,2025-01-01,41,True,True,0,,,0.7,20.0,optimal,1.7323366000055103,1.7323385000054259,0.0,0,0,15664.811973990281,174.34157851920799,15839.15355250949,15604.546886697333,15778.888465216542,191142.87681530212,0.012079899653602344,37.47210425894341,0.0,0.0,0.0,False,False,False
main,deterministic,deterministic,2025-01-01,42,True,True,0,,,0.7,20.0,optimal,1.7323366000055103,1.7323385000054259,0.0,0,0,15664.811973990281,174.34157851920799,15839.15355250949,16260.324222635676,16434.665801154883,192160.5558011589,0.0,55.11065770067082,0.0,0.0,0.0,False,False,False
main,deterministic,deterministic,2025-01-01,43,True,True,0,,,0.7,20.0,optimal,1.7323366000055103,1.7323385000054259,0.0,0,0,15664.811973990281,174.34157851920799,15839.15355250949,15069.677888120197,15244.019466639405,172285.96237679088,0.13724718452205356,52.58332844308288,0.0,0.0,0.0,False,False,False
main,deterministic,deterministic,2025-01-01,44,True,True,0,,,0.7,20.0,optimal,1.7323366000055103,1.7323385000054259,0.0,0,0,15664.811973990281,174.34157851920799,15839.15355250949,15250.006520417273,15424.348098936482,180082.9943642197,0.147375203170859,49.67987857411221,0.0,0.0,0.0,False,False,False
main,deterministic,deterministic,2025-01-01,45,True,True,0,,,0.7,20.0,optimal,1.7323366000055103,1.7323385000054259,0.0,0,0,15664.811973990281,174.34157851920799,15839.15355250949,16330.429420917368,16504.770999436576,196681.74962154933,0.22231834472800371,54.50052342016677,0.0,0.0,0.0,False,False,False
main,deterministic,deterministic,2025-01-01,46,True,True,0,,,0.7,20.0,optimal,1.7323366000055103,1.7323385000054259,0.0,0,0,15664.811973990281,174.34157851920799,15839.15355250949,15788.526241229803,15962.867819749012,188935.9434221633,0.15199288085733975,50.65113276806528,0.0,0.0,0.0,False,False,False
main,deterministic,deterministic,2025-01-01,47,True,True,0,,,0.7,20.0,optimal,1.7323366000055103,1.7323385000054259,0.0,0,0,15664.811973990281,174.34157851920799,15839.15355250949,15730.355692117446,15904.697270636654,195748.80744423234,0.07841260908549197,51.81579201991112,0.0,0.0,0.0,False,False,False
main,deterministic,deterministic,2025-01-01,48,True,True,0,,,0.7,20.0,optimal,1.7323366000055103,1.7323385000054259,0.0,0,0,15664.811973990281,174.34157851920799,15839.15355250949,16096.014465063628,16270.356043582837,206781.68010641477,0.0,48.26082952422297,0.0,0.0,0.0,False,False,False
main,deterministic,deterministic,2025-01-01,49,True,True,0,,,0.7,20.0,optimal,1.7323366000055103,1.7323385000054259,0.0,0,0,15664.811973990281,174.34157851920799,15839.15355250949,16014.259767130454,16188.601345649662,200916.45988569487,0.04570459077504027,50.846535644079076,0.0,0.0,0.0,False,False,False
main,deterministic,deterministic,2025-01-01,50,True,True,0,,,0.7,20.0,optimal,1.7323366000055103,1.7323385000054259,0.0,0,0,15664.811973990281,174.34157851920799,15839.15355250949,15654.391594603041,15828.73317312225,188873.41959280646,0.0,55.97962234773147,0.0,0.0,0.0,False,False,False
main,deterministic,deterministic,2025-01-01,51,True,True,0,,,0.7,20.0,optimal,1.7323366000055103,1.7323385000054259,0.0,0,0,15664.811973990281,174.34157851920799,15839.15355250949,15579.417035680022,15753.75861419923,179682.58572152583,0.0,48.72633207031304,0.0,0.0,0.0,False,False,False
main,deterministic,deterministic,2025-01-01,52,True,True,0,,,0.7,20.0,optimal,1.7323366000055103,1.7323385000054259,0.0,0,0,15664.811973990281,174.34157851920799,15839.15355250949,16233.277087827295,16407.6186663465,201540.40588153753,0.19999675867804684,56.56434447989168,0.0,0.0,0.0,False,False,False
main,deterministic,deterministic,2025-01-01,53,True,True,0,,,0.7,20.0,optimal,1.7323366000055103,1.7323385000054259,0.0,0,0,15664.811973990281,174.34157851920799,15839.15355250949,15446.75660225286,15621.09818077207,183051.271504716,0.0,44.05291666940521,0.0,0.0,0.0,False,False,False
main,deterministic,deterministic,2025-01-01,54,True,True,0,,,0.7,20.0,optimal,1.7323366000055103,1.7323385000054259,0.0,0,0,15664.811973990281,174.34157851920799,15839.15355250949,15991.722854914387,16166.064433433596,201208.72906182864,0.0,46.46940856861919,0.0,0.0,0.0,False,False,False
main,deterministic,deterministic,2025-01-01,55,True,True,0,,,0.7,20.0,optimal,1.7323366000055103,1.7323385000054259,0.0,0,0,15664.811973990281,174.34157851920799,15839.15355250949,15635.70674406253,15810.048322581739,185305.8636125223,0.14655144358029082,55.486803488388674,0.0,0.0,0.0,False,False,False
main,deterministic,deterministic,2025-01-01,56,True,True,0,,,0.7,20.0,optimal,1.7323366000055103,1.7323385000054259,0.0,0,0,15664.811973990281,174.34157851920799,15839.15355250949,15953.576060068179,16127.917638587387,192507.04140865107,0.00531490235267737,39.76490254990497,0.0,0.0,0.0,False,False,False
main,deterministic,deterministic,2025-01-01,57,True,True,0,,,0.7,20.0,optimal,1.7323366000055103,1.7323385000054259,0.0,0,0,15664.811973990281,174.34157851920799,15839.15355250949,15631.154368984302,15805.49594750351,184848.60571096756,0.0,50.358117436710955,0.0,0.0,0.0,False,False,False
main,deterministic,deterministic,2025-01-01,58,True,True,0,,,0.7,20.0,optimal,1.7323366000055103,1.7323385000054259,0.0,0,0,15664.811973990281,174.34157851920799,15839.15355250949,16229.190026657232,16403.53160517644,205815.0148991123,0.0825699025993154,57.20362947880548,0.0,0.0,0.0,False,False,False
main,deterministic,deterministic,2025-01-01,59,True,True,0,,,0.7,20.0,optimal,1.7323366000055103,1.7323385000054259,0.0,0,0,15664.811973990281,174.34157851920799,15839.15355250949,16301.927907544992,16476.2694860642,206643.16988079456,0.024293041857564424,53.139539817247794,0.0,0.0,0.0,False,False,False
main,deterministic,deterministic,2025-01-01,60,True,True,0,,,0.7,20.0,optimal,1.7323366000055103,1.7323385000054259,0.0,0,0,15664.811973990281,174.34157851920799,15839.15355250949,15716.188600062282,15890.53017858149,194504.127139864,0.1657798211738365,51.86593458831628,0.0,0.0,0.0,False,False,False
main,deterministic,deterministic,2025-01-01,61,True,True,0,,,0.7,20.0,optimal,1.7323366000055103,1.7323385000054259,0.0,0,0,15664.811973990281,174.34157851920799,15839.15355250949,15603.016043345557,15777.357621864765,190475.2185271614,0.03200460281438236,41.89736636334263,0.0,0.0,0.0,False,False,False
main,deterministic,deterministic,2025-01-01,62,True,True,0,,,0.7,20.0,optimal,1.7323366000055103,1.7323385000054259,0.0,0,0,15664.811973990281,174.34157851920799,15839.15355250949,15029.956236145194,15204.297814664402,175716.78712798163,0.06485982645952415,55.47472831629784,0.0,0.0,0.0,False,False,False
main,deterministic,deterministic,2025-01-01,63,True,True,0,,,0.7,20.0,optimal,1.7323366000055103,1.7323385000054259,0.0,0,0,15664.811973990281,174.34157851920799,15839.15355250949,15702.065510796516,15876.407089315724,184912.5370320882,0.030237710168281057,55.754981137763735,0.0,0.0,0.0,False,False,False
main,deterministic,deterministic,2025-01-01,64,True,True,0,,,0.7,20.0,optimal,1.7323366000055103,1.7323385000054259,0.0,0,0,15664.811973990281,174.34157851920799,15839.15355250949,15408.190210491603,15582.53178901081,173861.08875484383,0.08966492530742023,50.19842728687061,0.0,0.0,0.0,False,False,False
main,deterministic,deterministic,2025-01-01,65,True,True,0,,,0.7,20.0,optimal,1.7323366000055103,1.7323385000054259,0.0,0,0,15664.811973990281,174.34157851920799,15839.15355250949,15899.880318646725,16074.221897165933,189669.88920067673,0.05654274215261479,53.83444063849589,0.0,0.0,0.0,False,False,False
main,deterministic,deterministic,2025-01-01,66,True,True,0,,,0.7,20.0,optimal,1.7323366000055103,1.7323385000054259,0.0,0,0,15664.811973990281,174.34157851920799,15839.15355250949,15804.665556937096,15979.007135456304,193234.36555961485,0.0,56.96713512855365,0.0,0.0,0.0,False,False,False
main,deterministic,deterministic,2025-01-01,67,True,True,0,,,0.7,20.0,optimal,1.7323366000055103,1.7323385000054259,0.0,0,0,15664.811973990281,174.34157851920799,15839.15355250949,15108.174303122589,15282.515881641797,169669.25032916424,0.0,50.43586750515774,0.0,0.0,0.0,False,False,False
main,deterministic,deterministic,2025-01-01,68,True,True,0,,,0.7,20.0,optimal,1.7323366000055103,1.7323385000054259,0.0,0,0,15664.811973990281,174.34157851920799,15839.15355250949,16867.937342531084,17042.278921050292,214198.18160656834,0.0,55.106306721455674,0.0,0.0,0.0,False,False,False
main,deterministic,deterministic,2025-01-01,69,True,True,0,,,0.7,20.0,optimal,1.7323366000055103,1.7323385000054259,0.0,0,0,15664.811973990281,174.34157851920799,15839.15355250949,16149.271180533164,16323.612759052372,208057.07900535854,0.0,51.62149859231069,0.0,0.0,0.0,False,False,False
main,deterministic,deterministic,2025-01-01,70,True,True,0,,,0.7,20.0,optimal,1.7323366000055103,1.7323385000054259,0.0,0,0,15664.811973990281,174.34157851920799,15839.15355250949,15967.545933021349,16141.887511540557,201941.91136915958,0.0,54.83802415066195,0.0,0.0,0.0,False,False,False
main,deterministic,deterministic,2025-01-01,71,True,True,0,,,0.7,20.0,optimal,1.7323366000055103,1.7323385000054259,0.0,0,0,15664.811973990281,174.34157851920799,15839.15355250949,15659.905890130578,15834.247468649786,182063.8120207644,0.008352711610149222,57.25980461613265,0.0,0.0,0.0,False,False,False
main,deterministic,deterministic,2025-01-01,72,True,True,0,,,0.7,20.0,optimal,1.7323366000055103,1.7323385000054259,0.0,0,0,15664.811973990281,174.34157851920799,15839.15355250949,15328.463952334734,15502.805530853942,181510.1778207937,0.0,58.41487418518955,0.0,0.0,0.0,False,False,False
main,deterministic,deterministic,2025-01-01,73,True,True,0,,,0.7,20.0,optimal,1.7323366000055103,1.7323385000054259,0.0,0,0,15664.811973990281,174.34157851920799,15839.15355250949,15437.20321662891,15611.544795148118,184155.51113549687,0.035546133138481595,48.66064517722092,0.0,0.0,0.0,False,False,False
main,deterministic,deterministic,2025-01-01,74,True,True,0,,,0.7,20.0,optimal,1.7323366000055103,1.7323385000054259,0.0,0,0,15664.811973990281,174.34157851920799,15839.15355250949,15221.177516339794,15395.519094859003,172661.88776295737,0.0,52.48555942272013,0.0,0.0,0.0,False,False,False
main,deterministic,deterministic,2025-01-01,75,True,True,0,,,0.7,20.0,optimal,1.7323366000055103,1.7323385000054259,0.0,0,0,15664.811973990281,174.34157851920799,15839.15355250949,15657.947439026993,15832.289017546202,191039.7559213233,0.17896047596245424,50.51646119322947,0.0,0.0,0.0,False,False,False
main,deterministic,deterministic,2025-01-01,76,True,True,0,,,0.7,20.0,optimal,1.7323366000055103,1.7323385000054259,0.0,0,0,15664.811973990281,174.34157851920799,15839.15355250949,15926.097387729551,16100.43896624876,210818.13833477633,0.0,51.228368243683896,0.0,0.0,0.0,False,False,False
main,deterministic,deterministic,2025-01-01,77,True,True,0,,,0.7,20.0,optimal,1.7323366000055103,1.7323385000054259,0.0,0,0,15664.811973990281,174.34157851920799,15839.15355250949,15292.53880274342,15466.880381262628,173074.8831097548,0.0,45.72183611688054,0.0,0.0,0.0,False,False,False
main,deterministic,deterministic,2025-01-01,78,True,True,0,,,0.7,20.0,optimal,1.7323366000055103,1.7323385000054259,0.0,0,0,15664.811973990281,174.34157851920799,15839.15355250949,15288.360116254433,15462.701694773641,178130.9381980706,0.0,49.62116468909855,0.0,0.0,0.0,False,False,False
main,deterministic,deterministic,2025-01-01,79,True,True,0,,,0.7,20.0,optimal,1.7323366000055103,1.7323385000054259,0.0,0,0,15664.811973990281,174.34157851920799,15839.15355250949,16274.359401994136,16448.700980513342,199851.37462589983,0.0,47.839537006060304,0.0,0.0,0.0,False,False,False
main,deterministic,deterministic,2025-01-01,80,True,True,0,,,0.7,20.0,optimal,1.7323366000055103,1.7323385000054259,0.0,0,0,15664.811973990281,174.34157851920799,15839.15355250949,16053.16547691771,16227.507055436918,201186.74640549047,0.0,48.92856073009447,0.0,0.0,0.0,False,False,False
main,deterministic,deterministic,2025-01-01,81,True,True,0,,,0.7,20.0,optimal,1.7323366000055103,1.7323385000054259,0.0,0,0,15664.811973990281,174.34157851920799,15839.15355250949,15666.672570662302,15841.01414918151,185252.82810519147,0.124687834387083,58.952316846159576,0.0,0.0,0.0,False,False,False
main,deterministic,deterministic,2025-01-01,82,True,True,0,,,0.7,20.0,optimal,1.7323366000055103,1.7323385000054259,0.0,0,0,15664.811973990281,174.34157851920799,15839.15355250949,15352.100959044581,15526.44253756379,183186.36078527535,0.07305403701739724,44.84381927536195,0.0,0.0,0.0,False,False,False
main,deterministic,deterministic,2025-01-01,83,True,True,0,,,0.7,20.0,optimal,1.7323366000055103,1.7323385000054259,0.0,0,0,15664.811973990281,174.34157851920799,15839.15355250949,16038.163697746953,16212.505276266162,202855.97973195507,0.04106225130651758,43.76297061404136,0.0,0.0,0.0,False,False,False
main,deterministic,deterministic,2025-01-01,84,True,True,0,,,0.7,20.0,optimal,1.7323366000055103,1.7323385000054259,0.0,0,0,15664.811973990281,174.34157851920799,15839.15355250949,15886.304450992717,16060.646029511925,203515.13551403693,0.11651222011883869,41.5509166039456,0.0,0.0,0.0,False,False,False
main,deterministic,deterministic,2025-01-01,85,True,True,0,,,0.7,20.0,optimal,1.7323366000055103,1.7323385000054259,0.0,0,0,15664.811973990281,174.34157851920799,15839.15355250949,15847.901158213775,16022.242736732984,192817.73886168326,0.0,54.33514751653137,0.0,0.0,0.0,False,False,False
main,deterministic,deterministic,2025-01-01,86,True,True,0,,,0.7,20.0,optimal,1.7323366000055103,1.7323385000054259,0.0,0,0,15664.811973990281,174.34157851920799,15839.15355250949,16048.560513509561,16222.90209202877,194996.87429192927,0.07687092651645885,44.20809618578389,0.0,0.0,0.0,False,False,False
main,deterministic,deterministic,2025-01-01,87,True,True,0,,,0.7,20.0,optimal,1.7323366000055103,1.7323385000054259,0.0,0,0,15664.811973990281,174.34157851920799,15839.15355250949,15148.81779779482,15323.159376314028,171230.05957836856,0.15755769463181557,49.240127317372405,0.0,0.0,0.0,False,False,False
main,deterministic,deterministic,2025-01-01,88,True,True,0,,,0.7,20.0,optimal,1.7323366000055103,1.7323385000054259,0.0,0,0,15664.811973990281,174.34157851920799,15839.15355250949,15814.269249117975,15988.610827637183,171809.5308492616,0.28494219551700756,58.40170475806432,0.0,0.0,0.0,False,False,False
main,deterministic,deterministic,2025-01-01,89,True,True,0,,,0.7,20.0,optimal,1.7323366000055103,1.7323385000054259,0.0,0,0,15664.811973990281,174.34157851920799,15839.15355250949,16176.866235769738,16351.207814288946,190001.86258975553,0.0,50.43785932382575,0.0,0.0,0.0,False,False,False
main,deterministic,deterministic,2025-01-01,90,True,True,0,,,0.7,20.0,optimal,1.7323366000055103,1.7323385000054259,0.0,0,0,15664.811973990281,174.34157851920799,15839.15355250949,15306.371935983389,15480.713514502597,184304.37882280032,0.14272223111062188,54.037938836684404,0.0,0.0,0.0,False,False,False
main,deterministic,deterministic,2025-01-01,91,True,True,0,,,0.7,20.0,optimal,1.7323366000055103,1.7323385000054259,0.0,0,0,15664.811973990281,174.34157851920799,15839.15355250949,14932.670693535174,15107.012272054382,163147.5254356896,0.0,48.33652819603317,0.0,0.0,0.0,False,False,False
main,deterministic,deterministic,2025-01-01,92,True,True,0,,,0.7,20.0,optimal,1.7323366000055103,1.7323385000054259,0.0,0,0,15664.811973990281,174.34157851920799,15839.15355250949,15792.189826944745,15966.531405463953,178317.8455058503,0.0,43.164839528791255,0.0,0.0,0.0,False,False,False
main,deterministic,deterministic,2025-01-01,93,True,True,0,,,0.7,20.0,optimal,1.7323366000055103,1.7323385000054259,0.0,0,0,15664.811973990281,174.34157851920799,15839.15355250949,15554.14100518698,15728.482583706189,190434.64326095226,0.14900151275430712,50.76152412494673,0.0,0.0,0.0,False,False,False
main,deterministic,deterministic,2025-01-01,94,True,True,0,,,0.7,20.0,optimal,1.7323366000055103,1.7323385000054259,0.0,0,0,15664.811973990281,174.34157851920799,15839.15355250949,15214.96355923508,15389.305137754289,181019.68515128465,0.027970435857686188,46.25903611147912,0.0,0.0,0.0,False,False,False
main,deterministic,deterministic,2025-01-01,95,True,True,0,,,0.7,20.0,optimal,1.7323366000055103,1.7323385000054259,0.0,0,0,15664.811973990281,174.34157851920799,15839.15355250949,14970.154422157628,15144.496000676836,174691.6659565505,0.03120652959486822,51.389024432368316,0.0,0.0,0.0,False,False,False
main,deterministic,deterministic,2025-01-01,96,True,True,0,,,0.7,20.0,optimal,1.7323366000055103,1.7323385000054259,0.0,0,0,15664.811973990281,174.34157851920799,15839.15355250949,15523.836191837252,15698.17777035646,182082.80291101462,0.07874070332594343,48.2764500722265,0.0,0.0,0.0,False,False,False
main,deterministic,deterministic,2025-01-01,97,True,True,0,,,0.7,20.0,optimal,1.7323366000055103,1.7323385000054259,0.0,0,0,15664.811973990281,174.34157851920799,15839.15355250949,15551.512700202244,15725.854278721452,181134.32822955216,0.0,50.068530744234984,0.0,0.0,0.0,False,False,False
main,deterministic,deterministic,2025-01-01,98,True,True,0,,,0.7,20.0,optimal,1.7323366000055103,1.7323385000054259,0.0,0,0,15664.811973990281,174.34157851920799,15839.15355250949,15695.443598493885,15869.785177013093,182408.36714459554,0.101202988710867,46.46847184448738,0.0,0.0,0.0,False,False,False
main,deterministic,deterministic,2025-01-01,99,True,True,0,,,0.7,20.0,optimal,1.7323366000055103,1.7323385000054259,0.0,0,0,15664.811973990281,174.34157851920799,15839.15355250949,15546.102508857175,15720.444087376383,179253.7975350987,0.06784896363151327,52.23918974058857,0.0,0.0,0.0,False,False,False
main,deterministic,deterministic,2025-04-01,0,True,True,0,,,0.7,20.0,optimal,1.9987308999989182,1.9987317000050098,0.0,0,0,15462.571691668632,498.33225108842646,15960.903942757059,14852.116272656369,15350.448523744795,119951.90833149284,0.0,55.50673628882506,0.0,0.0,0.0,False,False,False
main,deterministic,deterministic,2025-04-01,1,True,True,0,,,0.7,20.0,optimal,1.9987308999989182,1.9987317000050098,0.0,0,0,15462.571691668632,498.33225108842646,15960.903942757059,15819.873597020533,16318.205848108959,134795.87228194208,0.0,61.78812621598816,0.0,0.0,0.0,False,False,False
main,deterministic,deterministic,2025-04-01,2,True,True,0,,,0.7,20.0,optimal,1.9987308999989182,1.9987317000050098,0.0,0,0,15462.571691668632,498.33225108842646,15960.903942757059,15331.048774197847,15829.381025286273,128676.50794467679,0.0,49.808129306775825,0.0,0.0,0.0,False,False,False
main,deterministic,deterministic,2025-04-01,3,True,True,0,,,0.7,20.0,optimal,1.9987308999989182,1.9987317000050098,0.0,0,0,15462.571691668632,498.33225108842646,15960.903942757059,15854.081214813492,16352.413465901918,135755.46491442464,0.0,54.817460690144294,0.0,0.0,0.0,False,False,False
main,deterministic,deterministic,2025-04-01,4,True,True,0,,,0.7,20.0,optimal,1.9987308999989182,1.9987317000050098,0.0,0,0,15462.571691668632,498.33225108842646,15960.903942757059,15590.697271251705,16089.029522340132,133148.3913625836,0.0,52.15263836639612,0.0,0.0,0.0,False,False,False
main,deterministic,deterministic,2025-04-01,5,True,True,0,,,0.7,20.0,optimal,1.9987308999989182,1.9987317000050098,0.0,0,0,15462.571691668632,498.33225108842646,15960.903942757059,16073.397255741058,16571.729506829484,146215.17655549516,0.012915346710441922,59.32899175892525,0.0,0.0,0.0,False,False,False
main,deterministic,deterministic,2025-04-01,6,True,True,0,,,0.7,20.0,optimal,1.9987308999989182,1.9987317000050098,0.0,0,0,15462.571691668632,498.33225108842646,15960.903942757059,15849.977862490628,16348.310113579055,138967.88550091567,0.1199879354531091,52.509839701666586,0.0,0.0,0.0,False,False,False
main,deterministic,deterministic,2025-04-01,7,True,True,0,,,0.7,20.0,optimal,1.9987308999989182,1.9987317000050098,0.0,0,0,15462.571691668632,498.33225108842646,15960.903942757059,15303.465208434862,15801.797459523288,124564.68878890503,0.040261995404697604,52.89197934014026,0.0,0.0,0.0,False,False,False
main,deterministic,deterministic,2025-04-01,8,True,True,0,,,0.7,20.0,optimal,1.9987308999989182,1.9987317000050098,0.0,0,0,15462.571691668632,498.33225108842646,15960.903942757059,15935.788869190523,16434.12112027895,137513.1980393368,0.11198069019660017,53.683556558986794,0.0,0.0,0.0,False,False,False
main,deterministic,deterministic,2025-04-01,9,True,True,0,,,0.7,20.0,optimal,1.9987308999989182,1.9987317000050098,0.0,0,0,15462.571691668632,498.33225108842646,15960.903942757059,16063.854317858864,16562.18656894729,137907.1778211617,0.09943699669631001,60.42754888040893,0.0,0.0,0.0,False,False,False
main,deterministic,deterministic,2025-04-01,10,True,True,0,,,0.7,20.0,optimal,1.9987308999989182,1.9987317000050098,0.0,0,0,15462.571691668632,498.33225108842646,15960.903942757059,15566.645557861586,16064.977808950012,129578.55269658213,0.0,50.43356554481194,0.0,0.0,0.0,False,False,False
main,deterministic,deterministic,2025-04-01,11,True,True,0,,,0.7,20.0,optimal,1.9987308999989182,1.9987317000050098,0.0,0,0,15462.571691668632,498.33225108842646,15960.903942757059,15565.897265663056,16064.229516751482,129213.27521514494,0.0,45.150634018530944,0.0,0.0,0.0,False,False,False
main,deterministic,deterministic,2025-04-01,12,True,True,0,,,0.7,20.0,optimal,1.9987308999989182,1.9987317000050098,0.0,0,0,15462.571691668632,498.33225108842646,15960.903942757059,15637.987048599885,16136.319299688312,141984.5646055643,0.016498247150632167,47.26092088000207,0.0,0.0,0.0,False,False,False
main,deterministic,deterministic,2025-04-01,13,True,True,0,,,0.7,20.0,optimal,1.9987308999989182,1.9987317000050098,0.0,0,0,15462.571691668632,498.33225108842646,15960.903942757059,16092.33060494171,16590.662856030136,142364.05709177547,0.18398634013600984,55.03494837144123,0.0,0.0,0.0,False,False,False
main,deterministic,deterministic,2025-04-01,14,True,True,0,,,0.7,20.0,optimal,1.9987308999989182,1.9987317000050098,0.0,0,0,15462.571691668632,498.33225108842646,15960.903942757059,15237.304723277812,15735.636974366238,125484.14190438078,0.0,51.63813976627102,0.0,0.0,0.0,False,False,False
main,deterministic,deterministic,2025-04-01,15,True,True,0,,,0.7,20.0,optimal,1.9987308999989182,1.9987317000050098,0.0,0,0,15462.571691668632,498.33225108842646,15960.903942757059,15080.076878134576,15578.409129223002,123299.8015132095,0.0024677303386717586,49.6088705579147,0.0,0.0,0.0,False,False,False
main,deterministic,deterministic,2025-04-01,16,True,True,0,,,0.7,20.0,optimal,1.9987308999989182,1.9987317000050098,0.0,0,0,15462.571691668632,498.33225108842646,15960.903942757059,14963.795548485174,15462.1277995736,119340.4356129444,0.0,49.91415795973474,0.0,0.0,0.0,False,False,False
main,deterministic,deterministic,2025-04-01,17,True,True,0,,,0.7,20.0,optimal,1.9987308999989182,1.9987317000050098,0.0,0,0,15462.571691668632,498.33225108842646,15960.903942757059,15502.432939179453,16000.765190267879,126495.64657398532,0.45655898951309787,62.944109481628956,0.0,0.0,0.0,False,False,False
main,deterministic,deterministic,2025-04-01,18,True,True,0,,,0.7,20.0,optimal,1.9987308999989182,1.9987317000050098,0.0,0,0,15462.571691668632,498.33225108842646,15960.903942757059,16012.800113867608,16511.132364956036,135282.86462784698,0.06723863429311139,57.33581438879602,0.0,0.0,0.0,False,False,False
main,deterministic,deterministic,2025-04-01,19,True,True,0,,,0.7,20.0,optimal,1.9987308999989182,1.9987317000050098,0.0,0,0,15462.571691668632,498.33225108842646,15960.903942757059,15532.696883216522,16031.029134304948,135984.0752224681,0.0,52.659174201331574,0.0,0.0,0.0,False,False,False
main,deterministic,deterministic,2025-04-01,20,True,True,0,,,0.7,20.0,optimal,1.9987308999989182,1.9987317000050098,0.0,0,0,15462.571691668632,498.33225108842646,15960.903942757059,15915.69799927194,16414.030250360367,139496.38481428864,0.009702796700821859,49.589255450079634,0.0,0.0,0.0,False,False,False
main,deterministic,deterministic,2025-04-01,21,True,True,0,,,0.7,20.0,optimal,1.9987308999989182,1.9987317000050098,0.0,0,0,15462.571691668632,498.33225108842646,15960.903942757059,15534.16257782126,16032.494828909686,123519.37107719856,0.4865177066472497,48.57045937813916,0.0,0.0,0.0,False,False,False
main,deterministic,deterministic,2025-04-01,22,True,True,0,,,0.7,20.0,optimal,1.9987308999989182,1.9987317000050098,0.0,0,0,15462.571691668632,498.33225108842646,15960.903942757059,15755.839877549184,16254.17212863761,135896.6228998751,0.0,54.19333534350898,0.0,0.0,0.0,False,False,False
main,deterministic,deterministic,2025-04-01,23,True,True,0,,,0.7,20.0,optimal,1.9987308999989182,1.9987317000050098,0.0,0,0,15462.571691668632,498.33225108842646,15960.903942757059,15728.965536161286,16227.297787249712,134791.8067221866,0.0,50.55735118430693,0.0,0.0,0.0,False,False,False
main,deterministic,deterministic,2025-04-01,24,True,True,0,,,0.7,20.0,optimal,1.9987308999989182,1.9987317000050098,0.0,0,0,15462.571691668632,498.33225108842646,15960.903942757059,15210.88871417997,15709.220965268396,127842.95722808891,0.12266138965415108,60.32520956890257,0.0,0.0,0.0,False,False,False
main,deterministic,deterministic,2025-04-01,25,True,True,0,,,0.7,20.0,optimal,1.9987308999989182,1.9987317000050098,0.0,0,0,15462.571691668632,498.33225108842646,15960.903942757059,17062.483541644302,17560.81579273273,163230.53877403925,0.0,48.7868817386527,0.0,0.0,0.0,False,False,False
main,deterministic,deterministic,2025-04-01,26,True,True,0,,,0.7,20.0,optimal,1.9987308999989182,1.9987317000050098,0.0,0,0,15462.571691668632,498.33225108842646,15960.903942757059,15518.8099966062,16017.142247694626,133855.17367782813,0.11398555246472014,59.28364354076613,0.0,0.0,0.0,False,False,False
main,deterministic,deterministic,2025-04-01,27,True,True,0,,,0.7,20.0,optimal,1.9987308999989182,1.9987317000050098,0.0,0,0,15462.571691668632,498.33225108842646,15960.903942757059,14989.59000118364,15487.922252272067,118919.20892986878,0.12076666997269742,59.01907532602118,0.0,0.0,0.0,False,False,False
main,deterministic,deterministic,2025-04-01,28,True,True,0,,,0.7,20.0,optimal,1.9987308999989182,1.9987317000050098,0.0,0,0,15462.571691668632,498.33225108842646,15960.903942757059,15702.64134852713,16200.973599615556,132262.5925752874,0.0,44.76275010403143,0.0,0.0,0.0,False,False,False
main,deterministic,deterministic,2025-04-01,29,True,True,0,,,0.7,20.0,optimal,1.9987308999989182,1.9987317000050098,0.0,0,0,15462.571691668632,498.33225108842646,15960.903942757059,16120.480651766404,16618.812902854832,141639.1918345341,0.0,41.67741793760318,0.0,0.0,0.0,False,False,False
main,deterministic,deterministic,2025-04-01,30,True,True,0,,,0.7,20.0,optimal,1.9987308999989182,1.9987317000050098,0.0,0,0,15462.571691668632,498.33225108842646,15960.903942757059,14883.197890875948,15381.530141964375,113528.65413129744,0.0,47.22352092875993,0.0,0.0,0.0,False,False,False
main,deterministic,deterministic,2025-04-01,31,True,True,0,,,0.7,20.0,optimal,1.9987308999989182,1.9987317000050098,0.0,0,0,15462.571691668632,498.33225108842646,15960.903942757059,15987.007596206196,16485.339847294625,147731.80791967406,0.0,50.08529904791176,0.0,0.0,0.0,False,False,False
main,deterministic,deterministic,2025-04-01,32,True,True,0,,,0.7,20.0,optimal,1.9987308999989182,1.9987317000050098,0.0,0,0,15462.571691668632,498.33225108842646,15960.903942757059,15119.122677530964,15617.45492861939,131142.2974449021,0.0,49.416320536310266,0.0,0.0,0.0,False,False,False
main,deterministic,deterministic,2025-04-01,33,True,True,0,,,0.7,20.0,optimal,1.9987308999989182,1.9987317000050098,0.0,0,0,15462.571691668632,498.33225108842646,15960.903942757059,16962.62292159771,17460.95517268614,161718.7714995375,0.00829409379275714,65.34745626862792,0.0,0.0,0.0,False,False,False
main,deterministic,deterministic,2025-04-01,34,True,True,0,,,0.7,20.0,optimal,1.9987308999989182,1.9987317000050098,0.0,0,0,15462.571691668632,498.33225108842646,15960.903942757059,15972.845873712151,16471.17812480058,138694.87041681318,0.013352020706937306,56.1274932026631,0.0,0.0,0.0,False,False,False
main,deterministic,deterministic,2025-04-01,35,True,True,0,,,0.7,20.0,optimal,1.9987308999989182,1.9987317000050098,0.0,0,0,15462.571691668632,498.33225108842646,15960.903942757059,15401.749281987313,15900.08153307574,123909.83265477342,0.0,58.58223615846999,0.0,0.0,0.0,False,False,False
main,deterministic,deterministic,2025-04-01,36,True,True,0,,,0.7,20.0,optimal,1.9987308999989182,1.9987317000050098,0.0,0,0,15462.571691668632,498.33225108842646,15960.903942757059,15083.266273115147,15581.598524203573,123229.66928448401,0.0,63.47160035642225,0.0,0.0,0.0,False,False,False
main,deterministic,deterministic,2025-04-01,37,True,True,0,,,0.7,20.0,optimal,1.9987308999989182,1.9987317000050098,0.0,0,0,15462.571691668632,498.33225108842646,15960.903942757059,15242.581527003325,15740.913778091752,130841.8813024097,0.0,44.891175136571015,0.0,0.0,0.0,False,False,False
main,deterministic,deterministic,2025-04-01,38,True,True,0,,,0.7,20.0,optimal,1.9987308999989182,1.9987317000050098,0.0,0,0,15462.571691668632,498.33225108842646,15960.903942757059,15427.367884253204,15925.70013534163,131570.99139356025,0.0,50.09085513523071,0.0,0.0,0.0,False,False,False
main,deterministic,deterministic,2025-04-01,39,True,True,0,,,0.7,20.0,optimal,1.9987308999989182,1.9987317000050098,0.0,0,0,15462.571691668632,498.33225108842646,15960.903942757059,15881.460330221815,16379.792581310241,142054.11360135223,0.3115737313786259,46.77811453601259,0.0,0.0,0.0,False,False,False
main,deterministic,deterministic,2025-04-01,40,True,True,0,,,0.7,20.0,optimal,1.9987308999989182,1.9987317000050098,0.0,0,0,15462.571691668632,498.33225108842646,15960.903942757059,15885.08457711725,16383.416828205676,141292.81062867976,0.0,49.33173765036547,0.0,0.0,0.0,False,False,False
main,deterministic,deterministic,2025-04-01,41,True,True,0,,,0.7,20.0,optimal,1.9987308999989182,1.9987317000050098,0.0,0,0,15462.571691668632,498.33225108842646,15960.903942757059,16101.53033169744,16599.862582785867,138038.53623576622,0.8383705602224736,42.37361407204765,0.0,0.0,0.0,False,False,False
main,deterministic,deterministic,2025-04-01,42,True,True,0,,,0.7,20.0,optimal,1.9987308999989182,1.9987317000050098,0.0,0,0,15462.571691668632,498.33225108842646,15960.903942757059,15628.867375692063,16127.19962678049,137977.59088625901,0.28010387445312906,60.505123746629685,0.0,0.0,0.0,False,False,False
main,deterministic,deterministic,2025-04-01,43,True,True,0,,,0.7,20.0,optimal,1.9987308999989182,1.9987317000050098,0.0,0,0,15462.571691668632,498.33225108842646,15960.903942757059,14992.499265935596,15490.831517024022,120424.98858342633,0.0,52.570897408649984,0.0,0.0,0.0,False,False,False
main,deterministic,deterministic,2025-04-01,44,True,True,0,,,0.7,20.0,optimal,1.9987308999989182,1.9987317000050098,0.0,0,0,15462.571691668632,498.33225108842646,15960.903942757059,15505.827223173997,16004.159474262424,126235.60155462261,0.0019256684169632887,55.37519257146901,0.0,0.0,0.0,False,False,False
main,deterministic,deterministic,2025-04-01,45,True,True,0,,,0.7,20.0,optimal,1.9987308999989182,1.9987317000050098,0.0,0,0,15462.571691668632,498.33225108842646,15960.903942757059,16237.406956047964,16735.73920713639,142450.11487293147,0.005845864360457531,56.10772572273075,0.0,0.0,0.0,False,False,False
main,deterministic,deterministic,2025-04-01,46,True,True,0,,,0.7,20.0,optimal,1.9987308999989182,1.9987317000050098,0.0,0,0,15462.571691668632,498.33225108842646,15960.903942757059,15658.212576506112,16156.544827594538,135143.83650806363,0.49014838259574933,55.0504801981554,0.0,0.0,0.0,False,False,False
main,deterministic,deterministic,2025-04-01,47,True,True,0,,,0.7,20.0,optimal,1.9987308999989182,1.9987317000050098,0.0,0,0,15462.571691668632,498.33225108842646,15960.903942757059,15887.77843155962,16386.110682648046,141951.18899173845,0.0642173489147157,53.57195072083193,0.0,0.0,0.0,False,False,False
main,deterministic,deterministic,2025-04-01,48,True,True,0,,,0.7,20.0,optimal,1.9987308999989182,1.9987317000050098,0.0,0,0,15462.571691668632,498.33225108842646,15960.903942757059,16473.558173714733,16971.89042480316,149845.93578959347,0.0014027902150288707,48.777856585104125,0.0,0.0,0.0,False,False,False
main,deterministic,deterministic,2025-04-01,49,True,True,0,,,0.7,20.0,optimal,1.9987308999989182,1.9987317000050098,0.0,0,0,15462.571691668632,498.33225108842646,15960.903942757059,16120.021873649244,16618.35412473767,146013.17474187218,0.022517637004448865,59.17357808195334,0.0,0.0,0.0,False,False,False
main,deterministic,deterministic,2025-04-01,50,True,True,0,,,0.7,20.0,optimal,1.9987308999989182,1.9987317000050098,0.0,0,0,15462.571691668632,498.33225108842646,15960.903942757059,15312.556048630418,15810.888299718845,135645.06493734982,0.0,56.252486844105626,0.0,0.0,0.0,False,False,False
main,deterministic,deterministic,2025-04-01,51,True,True,0,,,0.7,20.0,optimal,1.9987308999989182,1.9987317000050098,0.0,0,0,15462.571691668632,498.33225108842646,15960.903942757059,15103.316337531274,15601.6485886197,126767.50621467768,0.0,52.089101970540376,0.0,0.0,0.0,False,False,False
main,deterministic,deterministic,2025-04-01,52,True,True,0,,,0.7,20.0,optimal,1.9987308999989182,1.9987317000050098,0.0,0,0,15462.571691668632,498.33225108842646,15960.903942757059,16234.061657590382,16732.39390867881,145024.71123571927,0.13897298393633584,55.859634513132036,0.0,0.0,0.0,False,False,False
main,deterministic,deterministic,2025-04-01,53,True,True,0,,,0.7,20.0,optimal,1.9987308999989182,1.9987317000050098,0.0,0,0,15462.571691668632,498.33225108842646,15960.903942757059,15616.960682528015,16115.292933616442,130545.40487359172,0.027773149238644323,47.70604827750327,0.0,0.0,0.0,False,False,False
main,deterministic,deterministic,2025-04-01,54,True,True,0,,,0.7,20.0,optimal,1.9987308999989182,1.9987317000050098,0.0,0,0,15462.571691668632,498.33225108842646,15960.903942757059,16313.647120445217,16811.979371533645,144595.98821566236,0.0,51.916447283475264,0.0,0.0,0.0,False,False,False
main,deterministic,deterministic,2025-04-01,55,True,True,0,,,0.7,20.0,optimal,1.9987308999989182,1.9987317000050098,0.0,0,0,15462.571691668632,498.33225108842646,15960.903942757059,15516.759783376801,16015.092034465228,132334.40765185474,0.0,55.6536838120303,0.0,0.0,0.0,False,False,False
main,deterministic,deterministic,2025-04-01,56,True,True,0,,,0.7,20.0,optimal,1.9987308999989182,1.9987317000050098,0.0,0,0,15462.571691668632,498.33225108842646,15960.903942757059,15801.822905571744,16300.15515666017,137370.98595013778,0.0,41.30438407384379,0.0,0.0,0.0,False,False,False
main,deterministic,deterministic,2025-04-01,57,True,True,0,,,0.7,20.0,optimal,1.9987308999989182,1.9987317000050098,0.0,0,0,15462.571691668632,498.33225108842646,15960.903942757059,15431.829597461461,15930.161848549888,131429.25136669265,0.03965737563667315,52.03331318006182,0.0,0.0,0.0,False,False,False
main,deterministic,deterministic,2025-04-01,58,True,True,0,,,0.7,20.0,optimal,1.9987308999989182,1.9987317000050098,0.0,0,0,15462.571691668632,498.33225108842646,15960.903942757059,16543.201127543547,17041.533378631975,150135.76373996667,0.0,59.906967727458614,0.0,0.0,0.0,False,False,False
main,deterministic,deterministic,2025-04-01,59,True,True,0,,,0.7,20.0,optimal,1.9987308999989182,1.9987317000050098,0.0,0,0,15462.571691668632,498.33225108842646,15960.903942757059,16423.547977302653,16921.88022839108,150190.05207427326,0.0,55.02100897955171,0.0,0.0,0.0,False,False,False
main,deterministic,deterministic,2025-04-01,60,True,True,0,,,0.7,20.0,optimal,1.9987308999989182,1.9987317000050098,0.0,0,0,15462.571691668632,498.33225108842646,15960.903942757059,15778.926579513882,16277.258830602308,140236.85728590842,0.08586853266613304,54.935184911100656,0.0,0.0,0.0,False,False,False
main,deterministic,deterministic,2025-04-01,61,True,True,0,,,0.7,20.0,optimal,1.9987308999989182,1.9987317000050098,0.0,0,0,15462.571691668632,498.33225108842646,15960.903942757059,15743.200947477804,16241.53319856623,137684.43415933385,0.1636875519067348,44.24493692710982,0.0,0.0,0.0,False,False,False
main,deterministic,deterministic,2025-04-01,62,True,True,0,,,0.7,20.0,optimal,1.9987308999989182,1.9987317000050098,0.0,0,0,15462.571691668632,498.33225108842646,15960.903942757059,15093.10798576557,15591.440236853996,123387.64149959384,0.0,57.41092089697374,0.0,0.0,0.0,False,False,False
main,deterministic,deterministic,2025-04-01,63,True,True,0,,,0.7,20.0,optimal,1.9987308999989182,1.9987317000050098,0.0,0,0,15462.571691668632,498.33225108842646,15960.903942757059,15753.21743022886,16251.549681317287,130708.39055716647,0.0,62.40241130724437,0.0,0.0,0.0,False,False,False
main,deterministic,deterministic,2025-04-01,64,True,True,0,,,0.7,20.0,optimal,1.9987308999989182,1.9987317000050098,0.0,0,0,15462.571691668632,498.33225108842646,15960.903942757059,15371.57516042376,15869.907411512186,122508.57480074989,0.08960293579787537,48.90400825119908,0.0,0.0,0.0,False,False,False
main,deterministic,deterministic,2025-04-01,65,True,True,0,,,0.7,20.0,optimal,1.9987308999989182,1.9987317000050098,0.0,0,0,15462.571691668632,498.33225108842646,15960.903942757059,16019.757336176337,16518.089587264763,134811.7951347672,0.9853001305983774,57.43144514338796,0.0,0.0,0.0,False,False,False
main,deterministic,deterministic,2025-04-01,66,True,True,0,,,0.7,20.0,optimal,1.9987308999989182,1.9987317000050098,0.0,0,0,15462.571691668632,498.33225108842646,15960.903942757059,15917.202289949768,16415.534541038196,139381.46322089006,0.0,60.59851372268427,0.0,0.0,0.0,False,False,False
main,deterministic,deterministic,2025-04-01,67,True,True,0,,,0.7,20.0,optimal,1.9987308999989182,1.9987317000050098,0.0,0,0,15462.571691668632,498.33225108842646,15960.903942757059,14750.481155875248,15248.813406963674,119697.06330369269,0.0,55.65139932934719,0.0,0.0,0.0,False,False,False
main,deterministic,deterministic,2025-04-01,68,True,True,0,,,0.7,20.0,optimal,1.9987308999989182,1.9987317000050098,0.0,0,0,15462.571691668632,498.33225108842646,15960.903942757059,16716.14087309451,17214.47312418294,157608.2664227455,0.0,54.99588321737462,0.0,0.0,0.0,False,False,False
main,deterministic,deterministic,2025-04-01,69,True,True,0,,,0.7,20.0,optimal,1.9987308999989182,1.9987317000050098,0.0,0,0,15462.571691668632,498.33225108842646,15960.903942757059,16928.383443794362,17426.71569488279,152311.10608742305,0.023208636118730475,56.870325366611254,0.0,0.0,0.0,False,False,False
main,deterministic,deterministic,2025-04-01,70,True,True,0,,,0.7,20.0,optimal,1.9987308999989182,1.9987317000050098,0.0,0,0,15462.571691668632,498.33225108842646,15960.903942757059,16063.685027897249,16562.017278985677,145531.63131452067,0.029272857390582552,61.79964377291026,0.0,0.0,0.0,False,False,False
main,deterministic,deterministic,2025-04-01,71,True,True,0,,,0.7,20.0,optimal,1.9987308999989182,1.9987317000050098,0.0,0,0,15462.571691668632,498.33225108842646,15960.903942757059,14998.479761765399,15496.812012853825,129323.9734704878,0.10668833998156502,58.98010739607669,0.0,0.0,0.0,False,False,False
main,deterministic,deterministic,2025-04-01,72,True,True,0,,,0.7,20.0,optimal,1.9987308999989182,1.9987317000050098,0.0,0,0,15462.571691668632,498.33225108842646,15960.903942757059,15508.174035200309,16006.506286288735,129510.49721885873,0.05513974960005208,60.581505944703736,0.0,0.0,0.0,False,False,False
main,deterministic,deterministic,2025-04-01,73,True,True,0,,,0.7,20.0,optimal,1.9987308999989182,1.9987317000050098,0.0,0,0,15462.571691668632,498.33225108842646,15960.903942757059,15648.487745372458,16146.819996460885,130515.76498699597,0.039259298070895676,51.146328645099636,0.0,0.0,0.0,False,False,False
main,deterministic,deterministic,2025-04-01,74,True,True,0,,,0.7,20.0,optimal,1.9987308999989182,1.9987317000050098,0.0,0,0,15462.571691668632,498.33225108842646,15960.903942757059,15349.897515344572,15848.229766432998,121357.82244661043,0.0,54.452408701768356,0.0,0.0,0.0,False,False,False
main,deterministic,deterministic,2025-04-01,75,True,True,0,,,0.7,20.0,optimal,1.9987308999989182,1.9987317000050098,0.0,0,0,15462.571691668632,498.33225108842646,15960.903942757059,15890.190367576532,16388.52261866496,136114.46841890976,0.1425373780712324,48.19603113688985,0.0,0.0,0.0,False,False,False
main,deterministic,deterministic,2025-04-01,76,True,True,0,,,0.7,20.0,optimal,1.9987308999989182,1.9987317000050098,0.0,0,0,15462.571691668632,498.33225108842646,15960.903942757059,16411.3933265439,16909.72557763233,153523.83860005546,0.0,53.401672310473,0.0,0.0,0.0,False,False,False
main,deterministic,deterministic,2025-04-01,77,True,True,0,,,0.7,20.0,optimal,1.9987308999989182,1.9987317000050098,0.0,0,0,15462.571691668632,498.33225108842646,15960.903942757059,14917.398468527434,15415.73071961586,121585.78167075168,0.020205223217784285,46.57007682185667,0.0,0.0,0.0,False,False,False
main,deterministic,deterministic,2025-04-01,78,True,True,0,,,0.7,20.0,optimal,1.9987308999989182,1.9987317000050098,0.0,0,0,15462.571691668632,498.33225108842646,15960.903942757059,15439.95687333778,15938.289124426206,126371.36294674862,0.6871914754179427,53.268845319246225,0.0,0.0,0.0,False,False,False
main,deterministic,deterministic,2025-04-01,79,True,True,0,,,0.7,20.0,optimal,1.9987308999989182,1.9987317000050098,0.0,0,0,15462.571691668632,498.33225108842646,15960.903942757059,16163.36015845942,16661.692409547846,144969.18256882083,0.0,49.184320246332234,0.0,0.0,0.0,False,False,False
main,deterministic,deterministic,2025-04-01,80,True,True,0,,,0.7,20.0,optimal,1.9987308999989182,1.9987317000050098,0.0,0,0,15462.571691668632,498.33225108842646,15960.903942757059,16290.599293202089,16788.931544290517,145635.39551483706,0.0,48.918521003546935,0.0,0.0,0.0,False,False,False
main,deterministic,deterministic,2025-04-01,81,True,True,0,,,0.7,20.0,optimal,1.9987308999989182,1.9987317000050098,0.0,0,0,15462.571691668632,498.33225108842646,15960.903942757059,15708.16969454724,16206.501945635666,131408.98333687792,0.08045694066753334,59.59345013804934,0.0,0.0,0.0,False,False,False
main,deterministic,deterministic,2025-04-01,82,True,True,0,,,0.7,20.0,optimal,1.9987308999989182,1.9987317000050098,0.0,0,0,15462.571691668632,498.33225108842646,15960.903942757059,15370.45550312926,15868.787754217687,130593.98686739104,0.008226005783169621,48.45796843623401,0.0,0.0,0.0,False,False,False
main,deterministic,deterministic,2025-04-01,83,True,True,0,,,0.7,20.0,optimal,1.9987308999989182,1.9987317000050098,0.0,0,0,15462.571691668632,498.33225108842646,15960.903942757059,16244.556361639809,16742.888612728235,149264.18586825838,0.4419733758749795,46.62696120469715,0.0,0.0,0.0,False,False,False
main,deterministic,deterministic,2025-04-01,84,True,True,0,,,0.7,20.0,optimal,1.9987308999989182,1.9987317000050098,0.0,0,0,15462.571691668632,498.33225108842646,15960.903942757059,16324.994665267235,16823.32691635566,148185.7052780672,0.08978272092036721,48.674223425661914,0.0,0.0,0.0,False,False,False
main,deterministic,deterministic,2025-04-01,85,True,True,0,,,0.7,20.0,optimal,1.9987308999989182,1.9987317000050098,0.0,0,0,15462.571691668632,498.33225108842646,15960.903942757059,16031.19163448515,16529.523885573577,137013.91050328274,0.0,62.96484538068625,0.0,0.0,0.0,False,False,False
main,deterministic,deterministic,2025-04-01,86,True,True,0,,,0.7,20.0,optimal,1.9987308999989182,1.9987317000050098,0.0,0,0,15462.571691668632,498.33225108842646,15960.903942757059,15879.028301296,16377.360552384427,138044.50311392665,0.04694293085412765,44.673985167797625,0.0,0.0,0.0,False,False,False
main,deterministic,deterministic,2025-04-01,87,True,True,0,,,0.7,20.0,optimal,1.9987308999989182,1.9987317000050098,0.0,0,0,15462.571691668632,498.33225108842646,15960.903942757059,14779.322368260026,15277.654619348452,119016.04768290807,0.09678089458117067,50.18302641000879,0.0,0.0,0.0,False,False,False
main,deterministic,deterministic,2025-04-01,88,True,True,0,,,0.7,20.0,optimal,1.9987308999989182,1.9987317000050098,0.0,0,0,15462.571691668632,498.33225108842646,15960.903942757059,15187.230820752775,15685.563071841201,121181.01818875891,0.0,61.001629934248186,0.0,0.0,0.0,False,False,False
main,deterministic,deterministic,2025-04-01,89,True,True,0,,,0.7,20.0,optimal,1.9987308999989182,1.9987317000050098,0.0,0,0,15462.571691668632,498.33225108842646,15960.903942757059,16010.184214888037,16508.516465976463,136203.40517973955,0.0,51.127314824725886,0.0,0.0,0.0,False,False,False
main,deterministic,deterministic,2025-04-01,90,True,True,0,,,0.7,20.0,optimal,1.9987308999989182,1.9987317000050098,0.0,0,0,15462.571691668632,498.33225108842646,15960.903942757059,15684.247466345563,16182.57971743399,131284.3061294987,0.20805365173043006,58.987327159651585,0.0,0.0,0.0,False,False,False
main,deterministic,deterministic,2025-04-01,91,True,True,0,,,0.7,20.0,optimal,1.9987308999989182,1.9987317000050098,0.0,0,0,15462.571691668632,498.33225108842646,15960.903942757059,14837.427481892477,15335.759732980903,113318.11287614827,0.0,54.588749822606715,0.0,0.0,0.0,False,False,False
main,deterministic,deterministic,2025-04-01,92,True,True,0,,,0.7,20.0,optimal,1.9987308999989182,1.9987317000050098,0.0,0,0,15462.571691668632,498.33225108842646,15960.903942757059,15299.320411899756,15797.652662988183,125012.05458080364,0.0,45.20363547824032,0.0,0.0,0.0,False,False,False
main,deterministic,deterministic,2025-04-01,93,True,True,0,,,0.7,20.0,optimal,1.9987308999989182,1.9987317000050098,0.0,0,0,15462.571691668632,498.33225108842646,15960.903942757059,15389.069057433417,15887.401308521843,135504.4966988786,0.0,54.36408285891002,0.0,0.0,0.0,False,False,False
main,deterministic,deterministic,2025-04-01,94,True,True,0,,,0.7,20.0,optimal,1.9987308999989182,1.9987317000050098,0.0,0,0,15462.571691668632,498.33225108842646,15960.903942757059,15316.489984912034,15814.82223600046,127274.64577464381,0.0,48.916078935245075,0.0,0.0,0.0,False,False,False
main,deterministic,deterministic,2025-04-01,95,True,True,0,,,0.7,20.0,optimal,1.9987308999989182,1.9987317000050098,0.0,0,0,15462.571691668632,498.33225108842646,15960.903942757059,15074.857673572702,15573.189924661128,124260.91278574857,0.011997784974993708,55.00464468670371,0.0,0.0,0.0,False,False,False
main,deterministic,deterministic,2025-04-01,96,True,True,0,,,0.7,20.0,optimal,1.9987308999989182,1.9987317000050098,0.0,0,0,15462.571691668632,498.33225108842646,15960.903942757059,15193.5075667268,15691.839817815226,130736.86433617763,0.02452520523002555,54.22962638827166,0.0,0.0,0.0,False,False,False
main,deterministic,deterministic,2025-04-01,97,True,True,0,,,0.7,20.0,optimal,1.9987308999989182,1.9987317000050098,0.0,0,0,15462.571691668632,498.33225108842646,15960.903942757059,15387.989901402516,15886.322152490942,128164.87246463887,0.0,55.15163781151966,0.0,0.0,0.0,False,False,False
main,deterministic,deterministic,2025-04-01,98,True,True,0,,,0.7,20.0,optimal,1.9987308999989182,1.9987317000050098,0.0,0,0,15462.571691668632,498.33225108842646,15960.903942757059,15494.036704882696,15992.368955971122,129064.63098931422,0.04014377063391328,44.18985367045194,0.0,0.0,0.0,False,False,False
main,deterministic,deterministic,2025-04-01,99,True,True,0,,,0.7,20.0,optimal,1.9987308999989182,1.9987317000050098,0.0,0,0,15462.571691668632,498.33225108842646,15960.903942757059,15127.913360818644,15626.24561190707,125079.67054704798,0.0,56.6297362031239,0.0,0.0,0.0,False,False,False
main,deterministic,deterministic,2025-07-01,0,True,True,0,,,0.7,20.0,optimal,1.7479434999986552,1.7479443999909563,0.0,0,0,15865.460962360758,295.2709491819242,16160.731911542682,15029.50898538355,15324.779934565475,151622.67988040473,0.19883284107563015,59.13340693038198,0.0,0.0,0.0,False,False,False
main,deterministic,deterministic,2025-07-01,1,True,True,0,,,0.7,20.0,optimal,1.7479434999986552,1.7479443999909563,0.0,0,0,15865.460962360758,295.2709491819242,16160.731911542682,16304.049406690176,16599.3203558721,168765.50450204237,0.5015499753496047,66.8873540930015,0.0,0.0,0.0,False,False,False
main,deterministic,deterministic,2025-07-01,2,True,True,0,,,0.7,20.0,optimal,1.7479434999986552,1.7479443999909563,0.0,0,0,15865.460962360758,295.2709491819242,16160.731911542682,15596.34800219649,15891.618951378414,161571.828091785,0.24015853247336075,52.40915958577134,0.0,0.0,0.0,False,False,False
main,deterministic,deterministic,2025-07-01,3,True,True,0,,,0.7,20.0,optimal,1.7479434999986552,1.7479443999909563,0.0,0,0,15865.460962360758,295.2709491819242,16160.731911542682,16020.104668393691,16315.375617575615,169138.03565897307,0.0,60.57306104482886,0.0,0.0,0.0,False,False,False
main,deterministic,deterministic,2025-07-01,4,True,True,0,,,0.7,20.0,optimal,1.7479434999986552,1.7479443999909563,0.0,0,0,15865.460962360758,295.2709491819242,16160.731911542682,15736.677619804253,16031.948568986178,167216.09992863395,0.17147397671751846,51.64484654973543,0.0,0.0,0.0,False,False,False
main,deterministic,deterministic,2025-07-01,5,True,True,0,,,0.7,20.0,optimal,1.7479434999986552,1.7479443999909563,0.0,0,0,15865.460962360758,295.2709491819242,16160.731911542682,16243.934770040978,16539.205719222904,180154.14234895117,0.9348234569720547,59.971751180050276,0.0,0.0,0.0,False,False,False
main,deterministic,deterministic,2025-07-01,6,True,True,0,,,0.7,20.0,optimal,1.7479434999986552,1.7479443999909563,0.0,0,0,15865.460962360758,295.2709491819242,16160.731911542682,16621.386722407802,16916.657671589728,172629.15030155744,0.0,56.68396768847157,0.0,0.0,0.0,False,False,False
main,deterministic,deterministic,2025-07-01,7,True,True,0,,,0.7,20.0,optimal,1.7479434999986552,1.7479443999909563,0.0,0,0,15865.460962360758,295.2709491819242,16160.731911542682,15898.984582925135,16194.25553210706,156702.61959136865,0.2383998565322019,56.22329636341608,0.0,0.0,0.0,False,False,False
main,deterministic,deterministic,2025-07-01,8,True,True,0,,,0.7,20.0,optimal,1.7479434999986552,1.7479443999909563,0.0,0,0,15865.460962360758,295.2709491819242,16160.731911542682,16026.425409177793,16321.696358359717,169952.28705448314,0.18789212418935958,56.526861962331644,0.0,0.0,0.0,False,False,False
main,deterministic,deterministic,2025-07-01,9,True,True,0,,,0.7,20.0,optimal,1.7479434999986552,1.7479443999909563,0.0,0,0,15865.460962360758,295.2709491819242,16160.731911542682,15964.793750365965,16260.06469954789,172140.89632229382,0.0,113.37673424403854,0.0,0.0,0.7986772465179817,False,False,True
main,deterministic,deterministic,2025-07-01,10,True,True,0,,,0.7,20.0,optimal,1.7479434999986552,1.7479443999909563,0.0,0,0,15865.460962360758,295.2709491819242,16160.731911542682,15815.440676519012,16110.711625700937,163219.30500110253,0.0,56.17080178792914,0.0,0.0,0.0,False,False,False
main,deterministic,deterministic,2025-07-01,11,True,True,0,,,0.7,20.0,optimal,1.7479434999986552,1.7479443999909563,0.0,0,0,15865.460962360758,295.2709491819242,16160.731911542682,15906.007843640871,16201.278792822795,162720.62177566413,0.340741582646336,52.68361621150672,0.0,0.0,0.0,False,False,False
main,deterministic,deterministic,2025-07-01,12,True,True,0,,,0.7,20.0,optimal,1.7479434999986552,1.7479443999909563,0.0,0,0,15865.460962360758,295.2709491819242,16160.731911542682,16293.875451436788,16589.146400618713,176095.52589460975,0.5594561225890717,53.991021726656356,0.0,0.0,0.0,False,False,False
main,deterministic,deterministic,2025-07-01,13,True,True,0,,,0.7,20.0,optimal,1.7479434999986552,1.7479443999909563,0.0,0,0,15865.460962360758,295.2709491819242,16160.731911542682,16609.388356594296,16904.659305776222,176943.73958198595,0.3562624563130723,61.44309416219196,0.0,0.0,0.0,False,False,False
main,deterministic,deterministic,2025-07-01,14,True,True,0,,,0.7,20.0,optimal,1.7479434999986552,1.7479443999909563,0.0,0,0,15865.460962360758,295.2709491819242,16160.731911542682,15632.98936100944,15928.260310191365,159163.1800957706,0.6911592422941153,56.789923340453626,0.0,0.0,0.0,False,False,False
main,deterministic,deterministic,2025-07-01,15,True,True,0,,,0.7,20.0,optimal,1.7479434999986552,1.7479443999909563,0.0,0,0,15865.460962360758,295.2709491819242,16160.731911542682,15378.568733269423,15673.839682451347,154527.4586449926,0.03892304189458676,52.1870179020556,0.0,0.0,0.0,False,False,False
main,deterministic,deterministic,2025-07-01,16,True,True,0,,,0.7,20.0,optimal,1.7479434999986552,1.7479443999909563,0.0,0,0,15865.460962360758,295.2709491819242,16160.731911542682,15363.511242853467,15658.78219203539,151771.4203343303,0.38233643814843865,54.42812909740833,0.0,0.0,0.0,False,False,False
main,deterministic,deterministic,2025-07-01,17,True,True,0,,,0.7,20.0,optimal,1.7479434999986552,1.7479443999909563,0.0,0,0,15865.460962360758,295.2709491819242,16160.731911542682,16045.886083090612,16341.157032272537,157791.00428662467,0.1313719153531402,65.40096415664303,0.0,0.0,0.0,False,False,False
main,deterministic,deterministic,2025-07-01,18,True,True,0,,,0.7,20.0,optimal,1.7479434999986552,1.7479443999909563,0.0,0,0,15865.460962360758,295.2709491819242,16160.731911542682,16560.651642896257,16855.922592078183,168466.07738097222,1.0639209924980937,61.32928710358239,0.0,0.0,0.0,False,False,False
main,deterministic,deterministic,2025-07-01,19,True,True,0,,,0.7,20.0,optimal,1.7479434999986552,1.7479443999909563,0.0,0,0,15865.460962360758,295.2709491819242,16160.731911542682,15723.90012123682,16019.171070418744,168231.54771403127,0.2541826819772119,56.03716153761617,0.0,0.0,0.0,False,False,False
main,deterministic,deterministic,2025-07-01,20,True,True,0,,,0.7,20.0,optimal,1.7479434999986552,1.7479443999909563,0.0,0,0,15865.460962360758,295.2709491819242,16160.731911542682,16515.91254806898,16811.183497250906,173472.72686134945,0.0,54.21681521256313,0.0,0.0,0.0,False,False,False
main,deterministic,deterministic,2025-07-01,21,True,True,0,,,0.7,20.0,optimal,1.7479434999986552,1.7479443999909563,0.0,0,0,15865.460962360758,295.2709491819242,16160.731911542682,15788.056833085335,16083.327782267259,155953.46087551024,0.16282876003569352,52.216899404590436,0.0,0.1658496529166713,0.0,False,True,False
main,deterministic,deterministic,2025-07-01,22,True,True,0,,,0.7,20.0,optimal,1.7479434999986552,1.7479443999909563,0.0,0,0,15865.460962360758,295.2709491819242,16160.731911542682,16269.988192334746,16565.25914151667,170092.5811560819,0.0037261903763918247,57.46391493527281,0.0,0.012266177856878446,0.0,False,True,False
main,deterministic,deterministic,2025-07-01,23,True,True,0,,,0.7,20.0,optimal,1.7479434999986552,1.7479443999909563,0.0,0,0,15865.460962360758,295.2709491819242,16160.731911542682,16070.509260149734,16365.780209331659,169471.6733888261,0.6469594741348409,58.13271144072941,0.0,0.0,0.0,False,False,False
main,deterministic,deterministic,2025-07-01,24,True,True,0,,,0.7,20.0,optimal,1.7479434999986552,1.7479443999909563,0.0,0,0,15865.460962360758,295.2709491819242,16160.731911542682,16135.330277750772,16430.601226932697,160948.3625203644,2.3155078043846204,65.29883959386325,0.0,0.0,0.0,False,False,False
main,deterministic,deterministic,2025-07-01,25,True,True,0,,,0.7,20.0,optimal,1.7479434999986552,1.7479443999909563,0.0,0,0,15865.460962360758,295.2709491819242,16160.731911542682,17594.232831476747,17889.503780658673,199151.11370926152,0.42559171174514177,51.92095471258057,0.0,0.0,0.0,False,False,False
main,deterministic,deterministic,2025-07-01,26,True,True,0,,,0.7,20.0,optimal,1.7479434999986552,1.7479443999909563,0.0,0,0,15865.460962360758,295.2709491819242,16160.731911542682,15837.424649478866,16132.69559866079,166514.48756530424,0.17039621575910327,64.91532300599079,0.0,0.0,0.0,False,False,False
main,deterministic,deterministic,2025-07-01,27,True,True,0,,,0.7,20.0,optimal,1.7479434999986552,1.7479443999909563,0.0,0,0,15865.460962360758,295.2709491819242,16160.731911542682,15205.68764790308,15500.958597085004,151434.3791730382,0.18488358127105298,64.08592245104734,0.0,0.0,0.0,False,False,False
main,deterministic,deterministic,2025-07-01,28,True,True,0,,,0.7,20.0,optimal,1.7479434999986552,1.7479443999909563,0.0,0,0,15865.460962360758,295.2709491819242,16160.731911542682,16148.292914637768,16443.563863819694,166056.80867166395,0.08862823736268757,49.11786444271189,0.0,0.0,0.0,False,False,False
main,deterministic,deterministic,2025-07-01,29,True,True,0,,,0.7,20.0,optimal,1.7479434999986552,1.7479443999909563,0.0,0,0,15865.460962360758,295.2709491819242,16160.731911542682,16185.086301523355,16480.35725070528,176045.33491703033,0.960856185221455,48.08530731187912,0.0,0.0,0.0,False,False,False
main,deterministic,deterministic,2025-07-01,30,True,True,0,,,0.7,20.0,optimal,1.7479434999986552,1.7479443999909563,0.0,0,0,15865.460962360758,295.2709491819242,16160.731911542682,15452.407306553789,15747.678255735713,145478.7486034892,0.01369903953869836,53.29369279916244,0.0,0.0,0.0,False,False,False
main,deterministic,deterministic,2025-07-01,31,True,True,0,,,0.7,20.0,optimal,1.7479434999986552,1.7479443999909563,0.0,0,0,15865.460962360758,295.2709491819242,16160.731911542682,16552.516136952894,16847.78708613482,183289.86530378615,0.2070778177622983,56.26014402074723,0.0,0.0,0.0,False,False,False
main,deterministic,deterministic,2025-07-01,32,True,True,0,,,0.7,20.0,optimal,1.7479434999986552,1.7479443999909563,0.0,0,0,15865.460962360758,295.2709491819242,16160.731911542682,15674.874664304536,15970.14561348646,164051.41320534053,0.33825016429469806,63.91137347853077,0.0,0.0,0.0,False,False,False
main,deterministic,deterministic,2025-07-01,33,True,True,0,,,0.7,20.0,optimal,1.7479434999986552,1.7479443999909563,0.0,0,0,15865.460962360758,295.2709491819242,16160.731911542682,17109.034393383106,17404.305342565032,198556.09860687016,0.06421879016997209,71.06614594454847,0.0,0.0,0.0,False,False,False
main,deterministic,deterministic,2025-07-01,34,True,True,0,,,0.7,20.0,optimal,1.7479434999986552,1.7479443999909563,0.0,0,0,15865.460962360758,295.2709491819242,16160.731911542682,16494.795044975574,16790.0659941575,173392.88541172887,0.0,60.682448200498456,0.0,0.0,0.0,False,False,False
main,deterministic,deterministic,2025-07-01,35,True,True,0,,,0.7,20.0,optimal,1.7479434999986552,1.7479443999909563,0.0,0,0,15865.460962360758,295.2709491819242,16160.731911542682,16036.29818720124,16331.569136383165,155906.2387261301,0.0,60.237192644944955,0.0,0.0,0.0,False,False,False
main,deterministic,deterministic,2025-07-01,36,True,True,0,,,0.7,20.0,optimal,1.7479434999986552,1.7479443999909563,0.0,0,0,15865.460962360758,295.2709491819242,16160.731911542682,15405.350310471247,15700.621259653171,155420.32504412343,0.8492718695281609,65.77537397194722,0.0,0.0,0.0,False,False,False
main,deterministic,deterministic,2025-07-01,37,True,True,0,,,0.7,20.0,optimal,1.7479434999986552,1.7479443999909563,0.0,0,0,15865.460962360758,295.2709491819242,16160.731911542682,15674.556787394471,15969.827736576395,162962.5943588041,0.0,46.9316850893463,0.0,0.0,0.0,False,False,False
main,deterministic,deterministic,2025-07-01,38,True,True,0,,,0.7,20.0,optimal,1.7479434999986552,1.7479443999909563,0.0,0,0,15865.460962360758,295.2709491819242,16160.731911542682,15818.790710869125,16114.06166005105,165745.49581627,0.4206930247221117,51.06045829538226,0.0,0.012510715555736907,0.0,False,True,False
main,deterministic,deterministic,2025-07-01,39,True,True,0,,,0.7,20.0,optimal,1.7479434999986552,1.7479443999909563,0.0,0,0,15865.460962360758,295.2709491819242,16160.731911542682,15989.899515282026,16285.17046446395,175060.16603983694,0.07505931295524138,50.00931529073507,0.0,0.0,0.0,False,False,False
main,deterministic,deterministic,2025-07-01,40,True,True,0,,,0.7,20.0,optimal,1.7479434999986552,1.7479443999909563,0.0,0,0,15865.460962360758,295.2709491819242,16160.731911542682,16357.47354729728,16652.744496479205,176459.23156276523,0.5021100075795514,47.62196859136468,0.0,0.0,0.0,False,False,False
main,deterministic,deterministic,2025-07-01,41,True,True,0,,,0.7,20.0,optimal,1.7479434999986552,1.7479443999909563,0.0,0,0,15865.460962360758,295.2709491819242,16160.731911542682,16021.281713186057,16316.552662367982,171173.5538446154,0.26760259062612685,41.73981201655174,0.0,0.0,0.0,False,False,False
main,deterministic,deterministic,2025-07-01,42,True,True,0,,,0.7,20.0,optimal,1.7479434999986552,1.7479443999909563,0.0,0,0,15865.460962360758,295.2709491819242,16160.731911542682,16412.319419648313,16707.59036883024,170894.85803580814,0.4936324080747933,64.31721444533426,0.0,0.11616356239939596,0.0,False,True,False
main,deterministic,deterministic,2025-07-01,43,True,True,0,,,0.7,20.0,optimal,1.7479434999986552,1.7479443999909563,0.0,0,0,15865.460962360758,295.2709491819242,16160.731911542682,15270.239866790402,15565.510815972326,152690.58212626734,0.13019754896817673,58.16971347750088,0.0,0.0,0.0,False,False,False
main,deterministic,deterministic,2025-07-01,44,True,True,0,,,0.7,20.0,optimal,1.7479434999986552,1.7479443999909563,0.0,0,0,15865.460962360758,295.2709491819242,16160.731911542682,15843.426671916872,16138.697621098796,160334.78980934867,0.5251281633973484,57.10806383691068,0.0,0.0,0.0,False,False,False
main,deterministic,deterministic,2025-07-01,45,True,True,0,,,0.7,20.0,optimal,1.7479434999986552,1.7479443999909563,0.0,0,0,15865.460962360758,295.2709491819242,16160.731911542682,16404.48326493304,16699.754214114964,177551.34207209488,0.4509052904209399,65.66324925784143,0.0,0.0,0.0,False,False,False
main,deterministic,deterministic,2025-07-01,46,True,True,0,,,0.7,20.0,optimal,1.7479434999986552,1.7479443999909563,0.0,0,0,15865.460962360758,295.2709491819242,16160.731911542682,16452.207126037294,16747.47807521922,168775.69919680146,0.4216255099601811,59.351069758795695,0.0,0.0,0.0,False,False,False
main,deterministic,deterministic,2025-07-01,47,True,True,0,,,0.7,20.0,optimal,1.7479434999986552,1.7479443999909563,0.0,0,0,15865.460962360758,295.2709491819242,16160.731911542682,16527.57918434565,16822.850133527576,175745.83865367484,0.7521995340653398,59.02599804411754,0.0,0.0,0.0,False,False,False
main,deterministic,deterministic,2025-07-01,48,True,True,0,,,0.7,20.0,optimal,1.7479434999986552,1.7479443999909563,0.0,0,0,15865.460962360758,295.2709491819242,16160.731911542682,16952.623986650724,17247.89493583265,184305.0126615237,0.0,55.001572387640294,0.0,0.0,0.0,False,False,False
main,deterministic,deterministic,2025-07-01,49,True,True,0,,,0.7,20.0,optimal,1.7479434999986552,1.7479443999909563,0.0,0,0,15865.460962360758,295.2709491819242,16160.731911542682,16683.954170970737,16979.225120152663,180995.98159135718,1.6098811098185477,65.59831156304152,0.0,0.0,0.0,False,False,False
main,deterministic,deterministic,2025-07-01,50,True,True,0,,,0.7,20.0,optimal,1.7479434999986552,1.7479443999909563,0.0,0,0,15865.460962360758,295.2709491819242,16160.731911542682,15689.520845524326,15984.79179470625,168935.12687682261,0.0,62.97682484651626,0.0,0.0,0.0,False,False,False
main,deterministic,deterministic,2025-07-01,51,True,True,0,,,0.7,20.0,optimal,1.7479434999986552,1.7479443999909563,0.0,0,0,15865.460962360758,295.2709491819242,16160.731911542682,15683.034318327078,15978.305267509002,159715.77198243563,0.17200046265039415,55.72557712195964,0.0,0.0,0.0,False,False,False
main,deterministic,deterministic,2025-07-01,52,True,True,0,,,0.7,20.0,optimal,1.7479434999986552,1.7479443999909563,0.0,0,0,15865.460962360758,295.2709491819242,16160.731911542682,16811.793925708826,17107.06487489075,181617.46996437584,0.8264996159889407,59.70270320020705,0.0,0.0,0.0,False,False,False
main,deterministic,deterministic,2025-07-01,53,True,True,0,,,0.7,20.0,optimal,1.7479434999986552,1.7479443999909563,0.0,0,0,15865.460962360758,295.2709491819242,16160.731911542682,15868.138188682584,16163.409137864508,162879.53508589717,0.0,48.57270597420877,0.0,0.0,0.0,False,False,False
main,deterministic,deterministic,2025-07-01,54,True,True,0,,,0.7,20.0,optimal,1.7479434999986552,1.7479443999909563,0.0,0,0,15865.460962360758,295.2709491819242,16160.731911542682,16967.952816189598,17263.223765371524,178238.26378474102,0.0,54.96878385314512,0.0,0.0,0.0,False,False,False
main,deterministic,deterministic,2025-07-01,55,True,True,0,,,0.7,20.0,optimal,1.7479434999986552,1.7479443999909563,0.0,0,0,15865.460962360758,295.2709491819242,16160.731911542682,16010.839490775727,16306.11043995765,165686.90418089225,0.0,62.103546235826045,0.0,0.0,0.0,False,False,False
main,deterministic,deterministic,2025-07-01,56,True,True,0,,,0.7,20.0,optimal,1.7479434999986552,1.7479443999909563,0.0,0,0,15865.460962360758,295.2709491819242,16160.731911542682,16239.94485038875,16535.215799570677,169351.09718551746,0.02255928540384286,48.031254501675384,0.0,0.0,0.0,False,False,False
main,deterministic,deterministic,2025-07-01,57,True,True,0,,,0.7,20.0,optimal,1.7479434999986552,1.7479443999909563,0.0,0,0,15865.460962360758,295.2709491819242,16160.731911542682,16212.481724262281,16507.752673444207,163665.93050738392,0.2838917269544102,55.12621394840299,0.0,0.0,0.0,False,False,False
main,deterministic,deterministic,2025-07-01,58,True,True,0,,,0.7,20.0,optimal,1.7479434999986552,1.7479443999909563,0.0,0,0,15865.460962360758,295.2709491819242,16160.731911542682,16782.007796299047,17077.278745480973,185500.07807686995,0.0,64.51327445474746,0.0,0.0,0.0,False,False,False
main,deterministic,deterministic,2025-07-01,59,True,True,0,,,0.7,20.0,optimal,1.7479434999986552,1.7479443999909563,0.0,0,0,15865.460962360758,295.2709491819242,16160.731911542682,17094.268278847732,17389.53922802966,186083.1621453914,0.14394387509644413,60.42381818794722,0.0,0.0,0.0,False,False,False
main,deterministic,deterministic,2025-07-01,60,True,True,0,,,0.7,20.0,optimal,1.7479434999986552,1.7479443999909563,0.0,0,0,15865.460962360758,295.2709491819242,16160.731911542682,16028.93792516375,16324.208874345673,173519.58524971182,0.09610476213322772,57.52826907479391,0.0,0.0,0.0,False,False,False
main,deterministic,deterministic,2025-07-01,61,True,True,0,,,0.7,20.0,optimal,1.7479434999986552,1.7479443999909563,0.0,0,0,15865.460962360758,295.2709491819242,16160.731911542682,16132.105095754046,16427.376044935972,170786.4887148419,0.04924898586554774,44.49649196877457,0.0,0.0,0.0,False,False,False
main,deterministic,deterministic,2025-07-01,62,True,True,0,,,0.7,20.0,optimal,1.7479434999986552,1.7479443999909563,0.0,0,0,15865.460962360758,295.2709491819242,16160.731911542682,15460.10900157241,15755.379950754334,154929.7333971601,0.2876994923857106,62.0947319651537,0.0,0.0,0.0,False,False,False
main,deterministic,deterministic,2025-07-01,63,True,True,0,,,0.7,20.0,optimal,1.7479434999986552,1.7479443999909563,0.0,0,0,15865.460962360758,295.2709491819242,16160.731911542682,16098.344432151758,16393.615381333682,166028.13733859174,0.6626216505488071,65.25073579555804,0.0,0.0,0.0,False,False,False
main,deterministic,deterministic,2025-07-01,64,True,True,0,,,0.7,20.0,optimal,1.7479434999986552,1.7479443999909563,0.0,0,0,15865.460962360758,295.2709491819242,16160.731911542682,15843.579810683996,16138.85075986592,156231.78908984226,0.036291892228164896,54.476402422068155,0.0,0.0,0.0,False,False,False
main,deterministic,deterministic,2025-07-01,65,True,True,0,,,0.7,20.0,optimal,1.7479434999986552,1.7479443999909563,0.0,0,0,15865.460962360758,295.2709491819242,16160.731911542682,16642.946668370456,16938.217617552382,168590.40440979108,0.0,56.37705207422448,0.0,0.0,0.0,False,False,False
main,deterministic,deterministic,2025-07-01,66,True,True,0,,,0.7,20.0,optimal,1.7479434999986552,1.7479443999909563,0.0,0,0,15865.460962360758,295.2709491819242,16160.731911542682,16280.562039779292,16575.832988961218,174428.96801037632,0.5734572558821037,69.26702082786544,0.0,0.0,0.0,False,False,False
main,deterministic,deterministic,2025-07-01,67,True,True,0,,,0.7,20.0,optimal,1.7479434999986552,1.7479443999909563,0.0,0,0,15865.460962360758,295.2709491819242,16160.731911542682,15175.043100607787,15470.314049789711,151587.83997032038,0.3355500714299684,50.91079907410492,0.0,0.0,0.0,False,False,False
main,deterministic,deterministic,2025-07-01,68,True,True,0,,,0.7,20.0,optimal,1.7479434999986552,1.7479443999909563,0.0,0,0,15865.460962360758,295.2709491819242,16160.731911542682,17244.040669636164,17539.31161881809,192239.06037775247,0.3771373111608324,58.60970117863707,0.0,0.0,0.0,False,False,False
main,deterministic,deterministic,2025-07-01,69,True,True,0,,,0.7,20.0,optimal,1.7479434999986552,1.7479443999909563,0.0,0,0,15865.460962360758,295.2709491819242,16160.731911542682,17322.368093832574,17617.6390430145,187931.07836063256,0.28142320365906004,60.161654745030745,0.0,0.0,0.0,False,False,False
main,deterministic,deterministic,2025-07-01,70,True,True,0,,,0.7,20.0,optimal,1.7479434999986552,1.7479443999909563,0.0,0,0,15865.460962360758,295.2709491819242,16160.731911542682,16562.02345690188,16857.294406083805,180248.95711888844,0.8072214709053466,65.74331811455286,0.0,0.0,0.0,False,False,False
main,deterministic,deterministic,2025-07-01,71,True,True,0,,,0.7,20.0,optimal,1.7479434999986552,1.7479443999909563,0.0,0,0,15865.460962360758,295.2709491819242,16160.731911542682,15248.152709262207,15543.423658444131,162767.5006874331,0.3322085211980547,69.01261368666026,0.0,0.0,0.0,False,False,False
main,deterministic,deterministic,2025-07-01,72,True,True,0,,,0.7,20.0,optimal,1.7479434999986552,1.7479443999909563,0.0,0,0,15865.460962360758,295.2709491819242,16160.731911542682,15841.502760710533,16136.773709892457,162542.13520021472,0.676014039872772,64.75318938632118,0.0,0.0,0.0,False,False,False
main,deterministic,deterministic,2025-07-01,73,True,True,0,,,0.7,20.0,optimal,1.7479434999986552,1.7479443999909563,0.0,0,0,15865.460962360758,295.2709491819242,16160.731911542682,16082.955807366336,16378.22675654826,164810.99993806749,0.03950527889448846,59.89765605186612,0.0,0.0,0.0,False,False,False
main,deterministic,deterministic,2025-07-01,74,True,True,0,,,0.7,20.0,optimal,1.7479434999986552,1.7479443999909563,0.0,0,0,15865.460962360758,295.2709491819242,16160.731911542682,15868.391881248192,16163.662830430116,153549.19619533536,0.4696513345297113,56.24275186218023,0.0,0.0,0.0,False,False,False
main,deterministic,deterministic,2025-07-01,75,True,True,0,,,0.7,20.0,optimal,1.7479434999986552,1.7479443999909563,0.0,0,0,15865.460962360758,295.2709491819242,16160.731911542682,16440.314150126324,16735.58509930825,170274.12382376002,0.5353811784412377,57.27149984073237,0.0,0.0,0.0,False,False,False
main,deterministic,deterministic,2025-07-01,76,True,True,0,,,0.7,20.0,optimal,1.7479434999986552,1.7479443999909563,0.0,0,0,15865.460962360758,295.2709491819242,16160.731911542682,16586.489300323374,16881.7602495053,187042.58895064663,0.854427028248336,56.43893466749379,0.0,0.0,0.0,False,False,False
main,deterministic,deterministic,2025-07-01,77,True,True,0,,,0.7,20.0,optimal,1.7479434999986552,1.7479443999909563,0.0,0,0,15865.460962360758,295.2709491819242,16160.731911542682,15517.959738511205,15813.230687693129,153758.13297755196,0.10652814583314824,54.136993673604515,0.0,0.0,0.0,False,False,False
main,deterministic,deterministic,2025-07-01,78,True,True,0,,,0.7,20.0,optimal,1.7479434999986552,1.7479443999909563,0.0,0,0,15865.460962360758,295.2709491819242,16160.731911542682,15510.851167576937,15806.122116758861,159655.35537089495,0.0,61.92255087272075,0.0,0.0,0.0,False,False,False
main,deterministic,deterministic,2025-07-01,79,True,True,0,,,0.7,20.0,optimal,1.7479434999986552,1.7479443999909563,0.0,0,0,15865.460962360758,295.2709491819242,16160.731911542682,16670.1400248623,16965.410974044225,180479.9739563547,0.0,54.63015724253157,0.0,0.0,0.0,False,False,False
main,deterministic,deterministic,2025-07-01,80,True,True,0,,,0.7,20.0,optimal,1.7479434999986552,1.7479443999909563,0.0,0,0,15865.460962360758,295.2709491819242,16160.731911542682,16826.43394254347,17121.704891725396,179580.40135846945,1.2553203694052246,56.89622739991403,0.0,0.019390706437078853,0.0,False,True,False
main,deterministic,deterministic,2025-07-01,81,True,True,0,,,0.7,20.0,optimal,1.7479434999986552,1.7479443999909563,0.0,0,0,15865.460962360758,295.2709491819242,16160.731911542682,16056.52368273639,16351.794631918314,165517.19679442974,0.7351027909345983,65.6480680285513,0.0,0.0,0.0,False,False,False
main,deterministic,deterministic,2025-07-01,82,True,True,0,,,0.7,20.0,optimal,1.7479434999986552,1.7479443999909563,0.0,0,0,15865.460962360758,295.2709491819242,16160.731911542682,15782.452232683529,16077.723181865453,163435.03753651725,0.1091099409391704,49.94032312219214,0.0,0.0,0.0,False,False,False
main,deterministic,deterministic,2025-07-01,83,True,True,0,,,0.7,20.0,optimal,1.7479434999986552,1.7479443999909563,0.0,0,0,15865.460962360758,295.2709491819242,16160.731911542682,16764.514099698343,17059.78504888027,183809.92430834344,0.25873579613413383,59.02184055679108,0.0,0.0,0.0,False,False,False
main,deterministic,deterministic,2025-07-01,84,True,True,0,,,0.7,20.0,optimal,1.7479434999986552,1.7479443999909563,0.0,0,0,15865.460962360758,295.2709491819242,16160.731911542682,16724.174654959057,17019.445604140983,183227.10417653524,0.13607192674363522,55.41372589671167,0.0,0.0,0.0,False,False,False
main,deterministic,deterministic,2025-07-01,85,True,True,0,,,0.7,20.0,optimal,1.7479434999986552,1.7479443999909563,0.0,0,0,15865.460962360758,295.2709491819242,16160.731911542682,16384.19633253604,16679.467281717967,171736.87221383222,0.016204522003806454,66.85638595906254,0.0,0.0,0.0,False,False,False
main,deterministic,deterministic,2025-07-01,86,True,True,0,,,0.7,20.0,optimal,1.7479434999986552,1.7479443999909563,0.0,0,0,15865.460962360758,295.2709491819242,16160.731911542682,16208.03887109033,16503.309820272254,172204.52082480222,0.21043408399301142,51.85003475357168,0.0,0.0,0.0,False,False,False
main,deterministic,deterministic,2025-07-01,87,True,True,0,,,0.7,20.0,optimal,1.7479434999986552,1.7479443999909563,0.0,0,0,15865.460962360758,295.2709491819242,16160.731911542682,15584.364879605298,15879.635828787223,150666.43357348428,0.32402912326074074,56.743024342954236,0.0,0.0,0.0,False,False,False
main,deterministic,deterministic,2025-07-01,88,True,True,0,,,0.7,20.0,optimal,1.7479434999986552,1.7479443999909563,0.0,0,0,15865.460962360758,295.2709491819242,16160.731911542682,15347.467289743652,15642.738238925576,153879.84141208444,0.03675819878584896,64.87686366197367,0.0,0.0,0.0,False,False,False
main,deterministic,deterministic,2025-07-01,89,True,True,0,,,0.7,20.0,optimal,1.7479434999986552,1.7479443999909563,0.0,0,0,15865.460962360758,295.2709491819242,16160.731911542682,16333.441343350405,16628.71229253233,168839.85535633494,0.0,57.04177183543693,0.0,0.0,0.0,False,False,False
main,deterministic,deterministic,2025-07-01,90,True,True,0,,,0.7,20.0,optimal,1.7479434999986552,1.7479443999909563,0.0,0,0,15865.460962360758,295.2709491819242,16160.731911542682,15895.690591632283,16190.961540814207,164507.8136245074,0.9747321028567251,61.27444997438198,0.0,0.0,0.0,False,False,False
main,deterministic,deterministic,2025-07-01,91,True,True,0,,,0.7,20.0,optimal,1.7479434999986552,1.7479443999909563,0.0,0,0,15865.460962360758,295.2709491819242,16160.731911542682,14939.369232170859,15234.640181352783,143823.76255043517,0.0,55.18881437558858,0.0,0.0,0.0,False,False,False
main,deterministic,deterministic,2025-07-01,92,True,True,0,,,0.7,20.0,optimal,1.7479434999986552,1.7479443999909563,0.0,0,0,15865.460962360758,295.2709491819242,16160.731911542682,15599.731587986205,15895.00253716813,158020.6479058628,0.0,44.4296621575981,0.0,0.0,0.0,False,False,False
main,deterministic,deterministic,2025-07-01,93,True,True,0,,,0.7,20.0,optimal,1.7479434999986552,1.7479443999909563,0.0,0,0,15865.460962360758,295.2709491819242,16160.731911542682,15747.733293941106,16043.00424312303,168845.7358476113,0.44374337004459163,58.57402317441153,0.0,0.0,0.0,False,False,False
main,deterministic,deterministic,2025-07-01,94,True,True,0,,,0.7,20.0,optimal,1.7479434999986552,1.7479443999909563,0.0,0,0,15865.460962360758,295.2709491819242,16160.731911542682,15791.645328162353,16086.916277344277,160565.14932182943,0.03900846783832754,53.977046920112286,0.0,0.0,0.0,False,False,False
main,deterministic,deterministic,2025-07-01,95,True,True,0,,,0.7,20.0,optimal,1.7479434999986552,1.7479443999909563,0.0,0,0,15865.460962360758,295.2709491819242,16160.731911542682,15425.789007960922,15721.059957142847,157163.48552858646,0.04845091264603371,57.93884254671158,0.0,0.0,0.0,False,False,False
main,deterministic,deterministic,2025-07-01,96,True,True,0,,,0.7,20.0,optimal,1.7479434999986552,1.7479443999909563,0.0,0,0,15865.460962360758,295.2709491819242,16160.731911542682,15967.40407608842,16262.675025270344,163582.48801624478,0.3245929078699259,55.39101047615681,0.0,0.0,0.0,False,False,False
main,deterministic,deterministic,2025-07-01,97,True,True,0,,,0.7,20.0,optimal,1.7479434999986552,1.7479443999909563,0.0,0,0,15865.460962360758,295.2709491819242,16160.731911542682,15733.35830841866,16028.629257600584,160694.9814684576,0.017048037950357087,59.376778381977914,0.0,0.0,0.0,False,False,False
main,deterministic,deterministic,2025-07-01,98,True,True,0,,,0.7,20.0,optimal,1.7479434999986552,1.7479443999909563,0.0,0,0,15865.460962360758,295.2709491819242,16160.731911542682,15758.16276436629,16053.433713548215,162640.95095602996,0.11844737176203249,48.66071262912533,0.0,0.0,0.0,False,False,False
main,deterministic,deterministic,2025-07-01,99,True,True,0,,,0.7,20.0,optimal,1.7479434999986552,1.7479443999909563,0.0,0,0,15865.460962360758,295.2709491819242,16160.731911542682,15568.315294002912,15863.586243184836,157925.39508679372,0.0850933466826787,56.909654879715944,0.0,0.0,0.0,False,False,False
main,deterministic,deterministic,2025-10-01,0,True,True,0,,,0.7,20.0,optimal,1.9048679999978049,1.904868699988583,0.0,0,0,16307.56954841521,533.9055933035773,16841.475141718787,15386.24328705301,15920.148880356588,175778.6243870054,0.18184393992508707,57.13495935408413,0.0,0.0,0.0,False,False,False
main,deterministic,deterministic,2025-10-01,1,True,True,0,,,0.7,20.0,optimal,1.9048679999978049,1.904868699988583,0.0,0,0,16307.56954841521,533.9055933035773,16841.475141718787,16676.81650734741,17210.722100650986,196193.20701945326,0.34644584070809004,65.64501365316663,0.0,0.0,0.0,False,False,False
main,deterministic,deterministic,2025-10-01,2,True,True,0,,,0.7,20.0,optimal,1.9048679999978049,1.904868699988583,0.0,0,0,16307.56954841521,533.9055933035773,16841.475141718787,15858.251448580666,16392.157041884242,187407.96135724185,0.0,49.33165067931178,0.0,0.0,0.0,False,False,False
main,deterministic,deterministic,2025-10-01,3,True,True,0,,,0.7,20.0,optimal,1.9048679999978049,1.904868699988583,0.0,0,0,16307.56954841521,533.9055933035773,16841.475141718787,16541.065304331907,17074.970897635485,195915.8710936143,0.0,56.60458864035968,0.0,0.0,0.0,False,False,False
main,deterministic,deterministic,2025-10-01,4,True,True,0,,,0.7,20.0,optimal,1.9048679999978049,1.904868699988583,0.0,0,0,16307.56954841521,533.9055933035773,16841.475141718787,16148.002646677609,16681.908239981185,192225.1098385508,0.2569219223638666,52.41809397254686,0.0,0.0,0.0,False,False,False
main,deterministic,deterministic,2025-10-01,5,True,True,0,,,0.7,20.0,optimal,1.9048679999978049,1.904868699988583,0.0,0,0,16307.56954841521,533.9055933035773,16841.475141718787,16578.89553875386,17112.801132057437,206216.21170970294,0.05262920305558966,61.45948039791885,0.0,0.0,0.0,False,False,False
main,deterministic,deterministic,2025-10-01,6,True,True,0,,,0.7,20.0,optimal,1.9048679999978049,1.904868699988583,0.0,0,0,16307.56954841521,533.9055933035773,16841.475141718787,16771.75950791798,17305.66510122156,197876.96227311392,0.06250977872050273,50.53920548599277,0.0,0.0,0.0,False,False,False
main,deterministic,deterministic,2025-10-01,7,True,True,0,,,0.7,20.0,optimal,1.9048679999978049,1.904868699988583,0.0,0,0,16307.56954841521,533.9055933035773,16841.475141718787,15826.439458292658,16360.345051596236,182298.1800247153,0.16931323844116597,55.17396553309756,0.0,0.0,0.0,False,False,False
main,deterministic,deterministic,2025-10-01,8,True,True,0,,,0.7,20.0,optimal,1.9048679999978049,1.904868699988583,0.0,0,0,16307.56954841521,533.9055933035773,16841.475141718787,16283.243836473117,16817.149429776695,195872.5808671415,0.4639081556856963,51.880785070521036,0.0,0.0,0.0,False,False,False
main,deterministic,deterministic,2025-10-01,9,True,True,0,,,0.7,20.0,optimal,1.9048679999978049,1.904868699988583,0.0,0,0,16307.56954841521,533.9055933035773,16841.475141718787,16628.40956267359,17162.31515597717,198923.9095419413,0.0,62.79901990066472,0.0,0.0,0.0,False,False,False
main,deterministic,deterministic,2025-10-01,10,True,True,0,,,0.7,20.0,optimal,1.9048679999978049,1.904868699988583,0.0,0,0,16307.56954841521,533.9055933035773,16841.475141718787,16088.57214120032,16622.477734503896,189889.78102054287,0.0,54.250094329460765,0.0,0.0,0.0,False,False,False
main,deterministic,deterministic,2025-10-01,11,True,True,0,,,0.7,20.0,optimal,1.9048679999978049,1.904868699988583,0.0,0,0,16307.56954841521,533.9055933035773,16841.475141718787,16380.322461029391,16914.22805433297,188730.71482819924,0.10648739958086373,52.18178359404518,0.0,0.0,0.0,False,False,False
main,deterministic,deterministic,2025-10-01,12,True,True,0,,,0.7,20.0,optimal,1.9048679999978049,1.904868699988583,0.0,0,0,16307.56954841521,533.9055933035773,16841.475141718787,16405.833210027933,16939.73880333151,201831.42966981552,0.27219313442855264,49.957518473788106,0.0,0.0,0.0,False,False,False
main,deterministic,deterministic,2025-10-01,13,True,True,0,,,0.7,20.0,optimal,1.9048679999978049,1.904868699988583,0.0,0,0,16307.56954841521,533.9055933035773,16841.475141718787,16893.596186966202,17427.50178026978,202714.98708864357,0.001319816127437673,57.01856810969625,0.0,0.0,0.0,False,False,False
main,deterministic,deterministic,2025-10-01,14,True,True,0,,,0.7,20.0,optimal,1.9048679999978049,1.904868699988583,0.0,0,0,16307.56954841521,533.9055933035773,16841.475141718787,15921.394002225175,16455.29959552875,183294.96288114236,0.0,51.18272495673523,0.0,0.0,0.0,False,False,False
main,deterministic,deterministic,2025-10-01,15,True,True,0,,,0.7,20.0,optimal,1.9048679999978049,1.904868699988583,0.0,0,0,16307.56954841521,533.9055933035773,16841.475141718787,15710.537815810752,16244.44340911433,179479.38742857377,0.20470841427510333,48.51889684365566,0.0,0.0,0.0,False,False,False
main,deterministic,deterministic,2025-10-01,16,True,True,0,,,0.7,20.0,optimal,1.9048679999978049,1.904868699988583,0.0,0,0,16307.56954841521,533.9055933035773,16841.475141718787,15609.251160709624,16143.156754013202,175011.49230798334,0.09797909802893956,52.604435647083214,0.0,0.0,0.0,False,False,False
main,deterministic,deterministic,2025-10-01,17,True,True,0,,,0.7,20.0,optimal,1.9048679999978049,1.904868699988583,0.0,0,0,16307.56954841521,533.9055933035773,16841.475141718787,15805.970761080185,16339.876354383763,182155.58796306406,0.0,110.81142313901111,0.0,0.0,1.038344280257129,False,False,True
main,deterministic,deterministic,2025-10-01,18,True,True,0,,,0.7,20.0,optimal,1.9048679999978049,1.904868699988583,0.0,0,0,16307.56954841521,533.9055933035773,16841.475141718787,16669.43398546025,17203.33957876383,194167.39365058116,0.4445069745223746,58.42937117430797,0.0,0.0,0.0,False,False,False
main,deterministic,deterministic,2025-10-01,19,True,True,0,,,0.7,20.0,optimal,1.9048679999978049,1.904868699988583,0.0,0,0,16307.56954841521,533.9055933035773,16841.475141718787,16008.251890453386,16542.157483756964,194105.45004948037,0.0,54.4497037161062,0.0,0.0,0.0,False,False,False
main,deterministic,deterministic,2025-10-01,20,True,True,0,,,0.7,20.0,optimal,1.9048679999978049,1.904868699988583,0.0,0,0,16307.56954841521,533.9055933035773,16841.475141718787,16586.76781799541,17120.673411298987,200017.24591410725,0.0,50.10314173212312,0.0,0.0,0.0,False,False,False
main,deterministic,deterministic,2025-10-01,21,True,True,0,,,0.7,20.0,optimal,1.9048679999978049,1.904868699988583,0.0,0,0,16307.56954841521,533.9055933035773,16841.475141718787,15921.700485349607,16455.606078653185,181290.44296667827,0.0733293425660097,50.433937960829205,0.0,0.0,0.0,False,False,False
main,deterministic,deterministic,2025-10-01,22,True,True,0,,,0.7,20.0,optimal,1.9048679999978049,1.904868699988583,0.0,0,0,16307.56954841521,533.9055933035773,16841.475141718787,16468.65032208514,17002.55591538872,195693.152890044,0.0,52.857289961016434,0.0,0.0,0.0,False,False,False
main,deterministic,deterministic,2025-10-01,23,True,True,0,,,0.7,20.0,optimal,1.9048679999978049,1.904868699988583,0.0,0,0,16307.56954841521,533.9055933035773,16841.475141718787,16666.801485742566,17200.707079046144,194997.7742274874,0.0,53.2431098718815,0.0,0.0,0.0,False,False,False
main,deterministic,deterministic,2025-10-01,24,True,True,0,,,0.7,20.0,optimal,1.9048679999978049,1.904868699988583,0.0,0,0,16307.56954841521,533.9055933035773,16841.475141718787,16285.452386041881,16819.35797934546,186310.51608488426,0.0,60.8612686258672,0.0,0.0,0.0,False,False,False
main,deterministic,deterministic,2025-10-01,25,True,True,0,,,0.7,20.0,optimal,1.9048679999978049,1.904868699988583,0.0,0,0,16307.56954841521,533.9055933035773,16841.475141718787,17724.331874608277,18258.237467911855,226368.7318850178,0.0,49.85692927378407,0.0,0.0,0.0,False,False,False
main,deterministic,deterministic,2025-10-01,26,True,True,0,,,0.7,20.0,optimal,1.9048679999978049,1.904868699988583,0.0,0,0,16307.56954841521,533.9055933035773,16841.475141718787,16074.92788290305,16608.833476206626,192672.8551795468,0.06208031982655404,61.31084447313505,0.0,0.0,0.0,False,False,False
main,deterministic,deterministic,2025-10-01,27,True,True,0,,,0.7,20.0,optimal,1.9048679999978049,1.904868699988583,0.0,0,0,16307.56954841521,533.9055933035773,16841.475141718787,15373.285929508327,15907.191522811905,176179.2098814947,0.6042909164014505,61.52098166690015,0.0,0.0,0.0,False,False,False
main,deterministic,deterministic,2025-10-01,28,True,True,0,,,0.7,20.0,optimal,1.9048679999978049,1.904868699988583,0.0,0,0,16307.56954841521,533.9055933035773,16841.475141718787,16464.613652787168,16998.519246090746,191566.93722057046,0.3036819002578885,45.63932236310181,0.0,0.0,0.0,False,False,False
main,deterministic,deterministic,2025-10-01,29,True,True,0,,,0.7,20.0,optimal,1.9048679999978049,1.904868699988583,0.0,0,0,16307.56954841521,533.9055933035773,16841.475141718787,16523.953515636313,17057.85910893989,202788.03287565717,0.0,43.59205453710115,0.0,0.0,0.0,False,False,False
main,deterministic,deterministic,2025-10-01,30,True,True,0,,,0.7,20.0,optimal,1.9048679999978049,1.904868699988583,0.0,0,0,16307.56954841521,533.9055933035773,16841.475141718787,15608.096839252137,16142.002432555715,169606.72649488263,0.16844338117529611,52.27733492615628,0.0,0.0,0.0,False,False,False
main,deterministic,deterministic,2025-10-01,31,True,True,0,,,0.7,20.0,optimal,1.9048679999978049,1.904868699988583,0.0,0,0,16307.56954841521,533.9055933035773,16841.475141718787,16803.757356117385,17337.662949420963,210314.07351218857,0.0,50.74896949054195,0.0,0.0,0.0,False,False,False
main,deterministic,deterministic,2025-10-01,32,True,True,0,,,0.7,20.0,optimal,1.9048679999978049,1.904868699988583,0.0,0,0,16307.56954841521,533.9055933035773,16841.475141718787,16195.764589348502,16729.67018265208,189430.3406693407,0.0,59.86003298890291,0.0,0.0,0.0,False,False,False
main,deterministic,deterministic,2025-10-01,33,True,True,0,,,0.7,20.0,optimal,1.9048679999978049,1.904868699988583,0.0,0,0,16307.56954841521,533.9055933035773,16841.475141718787,17617.516637575904,18151.42223087948,225399.12764092878,0.0681518502016602,68.50551317390557,0.0,0.0,0.0,False,False,False
main,deterministic,deterministic,2025-10-01,34,True,True,0,,,0.7,20.0,optimal,1.9048679999978049,1.904868699988583,0.0,0,0,16307.56954841521,533.9055933035773,16841.475141718787,16693.820171279764,17227.72576458334,199085.81764619597,0.06032337477018679,54.605409777130966,0.0,0.0,0.0,False,False,False
main,deterministic,deterministic,2025-10-01,35,True,True,0,,,0.7,20.0,optimal,1.9048679999978049,1.904868699988583,0.0,0,0,16307.56954841521,533.9055933035773,16841.475141718787,16048.082820304808,16581.988413608386,182293.2388787561,0.0,57.75181549901108,0.0,0.0,0.0,False,False,False
main,deterministic,deterministic,2025-10-01,36,True,True,0,,,0.7,20.0,optimal,1.9048679999978049,1.904868699988583,0.0,0,0,16307.56954841521,533.9055933035773,16841.475141718787,15798.585612841061,16332.49120614464,179943.50222629303,0.0,64.39389063013355,0.0,0.0,0.0,False,False,False
main,deterministic,deterministic,2025-10-01,37,True,True,0,,,0.7,20.0,optimal,1.9048679999978049,1.904868699988583,0.0,0,0,16307.56954841521,533.9055933035773,16841.475141718787,16159.128962568244,16693.03455587182,189630.22942315892,0.13240681408464194,43.296031797219676,0.0,0.0,0.0,False,False,False
main,deterministic,deterministic,2025-10-01,38,True,True,0,,,0.7,20.0,optimal,1.9048679999978049,1.904868699988583,0.0,0,0,16307.56954841521,533.9055933035773,16841.475141718787,15999.876659595113,16533.78225289869,189759.74651383713,0.0,51.75414770611666,0.0,0.0,0.0,False,False,False
main,deterministic,deterministic,2025-10-01,39,True,True,0,,,0.7,20.0,optimal,1.9048679999978049,1.904868699988583,0.0,0,0,16307.56954841521,533.9055933035773,16841.475141718787,16563.884960640746,17097.790553944324,200055.6945660044,0.0,43.02506919903148,0.0,0.0,0.0,False,False,False
main,deterministic,deterministic,2025-10-01,40,True,True,0,,,0.7,20.0,optimal,1.9048679999978049,1.904868699988583,0.0,0,0,16307.56954841521,533.9055933035773,16841.475141718787,16892.941905115928,17426.847498419505,201745.87909370722,0.3882053484862331,47.78314630353322,0.0,0.0,0.0,False,False,False
main,deterministic,deterministic,2025-10-01,41,True,True,0,,,0.7,20.0,optimal,1.9048679999978049,1.904868699988583,0.0,0,0,16307.56954841521,533.9055933035773,16841.475141718787,16416.81814316665,16950.723736470227,196900.76538423987,0.053354155673519754,41.61996731487771,0.0,0.0,0.0,False,False,False
main,deterministic,deterministic,2025-10-01,42,True,True,0,,,0.7,20.0,optimal,1.9048679999978049,1.904868699988583,0.0,0,0,16307.56954841521,533.9055933035773,16841.475141718787,16661.68796086867,17195.593554172247,197762.18947716107,0.12103360304559241,59.56231703843858,0.0,0.0,0.0,False,False,False
main,deterministic,deterministic,2025-10-01,43,True,True,0,,,0.7,20.0,optimal,1.9048679999978049,1.904868699988583,0.0,0,0,16307.56954841521,533.9055933035773,16841.475141718787,15661.450581323234,16195.356174626811,177594.3208341981,0.0,59.10845501214403,0.0,0.0,0.0,False,False,False
main,deterministic,deterministic,2025-10-01,44,True,True,0,,,0.7,20.0,optimal,1.9048679999978049,1.904868699988583,0.0,0,0,16307.56954841521,533.9055933035773,16841.475141718787,16112.536917447864,16646.44251075144,185505.28244822499,0.0019256684169630667,57.60031824739811,0.0,0.0,0.0,False,False,False
main,deterministic,deterministic,2025-10-01,45,True,True,0,,,0.7,20.0,optimal,1.9048679999978049,1.904868699988583,0.0,0,0,16307.56954841521,533.9055933035773,16841.475141718787,16805.955264778382,17339.86085808196,202967.46241965683,0.0,57.32081281373847,0.0,0.0,0.0,False,False,False
main,deterministic,deterministic,2025-10-01,46,True,True,0,,,0.7,20.0,optimal,1.9048679999978049,1.904868699988583,0.0,0,0,16307.56954841521,533.9055933035773,16841.475141718787,16429.59795543771,16963.50354874129,194680.40365604058,0.2879743402978754,56.56342827874779,0.0,0.0,0.0,False,False,False
main,deterministic,deterministic,2025-10-01,47,True,True,0,,,0.7,20.0,optimal,1.9048679999978049,1.904868699988583,0.0,0,0,16307.56954841521,533.9055933035773,16841.475141718787,16481.60193378238,17015.507527085956,202247.2540190054,0.009869144052794931,55.18333864364601,0.0,0.0,0.0,False,False,False
main,deterministic,deterministic,2025-10-01,48,True,True,0,,,0.7,20.0,optimal,1.9048679999978049,1.904868699988583,0.0,0,0,16307.56954841521,533.9055933035773,16841.475141718787,17136.56783870796,17670.47343201154,212185.23240849798,0.1313510416313628,54.22794208045135,0.0,0.0,0.0,False,False,False
main,deterministic,deterministic,2025-10-01,49,True,True,0,,,0.7,20.0,optimal,1.9048679999978049,1.904868699988583,0.0,0,0,16307.56954841521,533.9055933035773,16841.475141718787,16552.550047408982,17086.45564071256,206831.61139304785,0.005094018825274382,59.88591383024458,0.0,0.0,0.0,False,False,False
main,deterministic,deterministic,2025-10-01,50,True,True,0,,,0.7,20.0,optimal,1.9048679999978049,1.904868699988583,0.0,0,0,16307.56954841521,533.9055933035773,16841.475141718787,16207.340364722999,16741.245958026575,194984.03941376574,0.025318575462274007,60.38413129513036,0.0,0.0,0.0,False,False,False
main,deterministic,deterministic,2025-10-01,51,True,True,0,,,0.7,20.0,optimal,1.9048679999978049,1.904868699988583,0.0,0,0,16307.56954841521,533.9055933035773,16841.475141718787,15870.218971328111,16404.12456463169,184767.38635636357,0.380362904755276,55.401349959431144,0.0,0.0,0.0,False,False,False
main,deterministic,deterministic,2025-10-01,52,True,True,0,,,0.7,20.0,optimal,1.9048679999978049,1.904868699988583,0.0,0,0,16307.56954841521,533.9055933035773,16841.475141718787,16990.152082078435,17524.057675382013,208832.06866228336,0.037449387136310464,59.3624440983132,0.0,0.0,0.0,False,False,False
main,deterministic,deterministic,2025-10-01,53,True,True,0,,,0.7,20.0,optimal,1.9048679999978049,1.904868699988583,0.0,0,0,16307.56954841521,533.9055933035773,16841.475141718787,16364.1760995508,16898.081692854375,189215.42559380297,0.0,50.78561244899385,0.0,0.0,0.0,False,False,False
main,deterministic,deterministic,2025-10-01,54,True,True,0,,,0.7,20.0,optimal,1.9048679999978049,1.904868699988583,0.0,0,0,16307.56954841521,533.9055933035773,16841.475141718787,16938.89556559113,17472.80115889471,205092.01853594644,0.0,52.767502836832314,0.0,0.0,0.0,False,False,False
main,deterministic,deterministic,2025-10-01,55,True,True,0,,,0.7,20.0,optimal,1.9048679999978049,1.904868699988583,0.0,0,0,16307.56954841521,533.9055933035773,16841.475141718787,16417.759604912706,16951.665198216284,192502.68177221218,0.0,60.32234407828527,0.0,0.0,0.0,False,False,False
main,deterministic,deterministic,2025-10-01,56,True,True,0,,,0.7,20.0,optimal,1.9048679999978049,1.904868699988583,0.0,0,0,16307.56954841521,533.9055933035773,16841.475141718787,16404.163207904094,16938.06880120767,196120.4810912523,0.0,44.37117189623512,0.0,0.0,0.0,False,False,False
main,deterministic,deterministic,2025-10-01,57,True,True,0,,,0.7,20.0,optimal,1.9048679999978049,1.904868699988583,0.0,0,0,16307.56954841521,533.9055933035773,16841.475141718787,16285.026129044049,16818.931722347625,190457.30219496327,0.0,51.683472824035995,0.0,0.0,0.0,False,False,False
main,deterministic,deterministic,2025-10-01,58,True,True,0,,,0.7,20.0,optimal,1.9048679999978049,1.904868699988583,0.0,0,0,16307.56954841521,533.9055933035773,16841.475141718787,17187.6852737495,17721.590867053077,212466.51562636072,0.12289979853354405,62.38511486813983,0.0,0.0,0.0,False,False,False
main,deterministic,deterministic,2025-10-01,59,True,True,0,,,0.7,20.0,optimal,1.9048679999978049,1.904868699988583,0.0,0,0,16307.56954841521,533.9055933035773,16841.475141718787,17171.10482256086,17705.01041586444,212367.16879748786,0.0,56.05232010345059,0.0,0.0,0.0,False,False,False
main,deterministic,deterministic,2025-10-01,60,True,True,0,,,0.7,20.0,optimal,1.9048679999978049,1.904868699988583,0.0,0,0,16307.56954841521,533.9055933035773,16841.475141718787,16362.631196284456,16896.536789588034,199358.02932399887,0.0,52.433660465151014,0.0,0.0,0.0,False,False,False
main,deterministic,deterministic,2025-10-01,61,True,True,0,,,0.7,20.0,optimal,1.9048679999978049,1.904868699988583,0.0,0,0,16307.56954841521,533.9055933035773,16841.475141718787,16409.966286203486,16943.871879507064,197191.6546955019,0.0,43.698183122314205,0.0,0.0,0.0,False,False,False
main,deterministic,deterministic,2025-10-01,62,True,True,0,,,0.7,20.0,optimal,1.9048679999978049,1.904868699988583,0.0,0,0,16307.56954841521,533.9055933035773,16841.475141718787,15772.482529259658,16306.388122563236,179684.09146407899,0.0,58.0402754268524,0.0,0.0,0.0,False,False,False
main,deterministic,deterministic,2025-10-01,63,True,True,0,,,0.7,20.0,optimal,1.9048679999978049,1.904868699988583,0.0,0,0,16307.56954841521,533.9055933035773,16841.475141718787,16701.2346831856,17235.14027648918,192243.08506737283,0.44401879992194443,63.38004357141657,0.0,0.0,0.0,False,False,False
main,deterministic,deterministic,2025-10-01,64,True,True,0,,,0.7,20.0,optimal,1.9048679999978049,1.904868699988583,0.0,0,0,16307.56954841521,533.9055933035773,16841.475141718787,15977.769437135572,16511.67503043915,181149.85509516878,0.0,50.4729341608075,0.0,0.0,0.0,False,False,False
main,deterministic,deterministic,2025-10-01,65,True,True,0,,,0.7,20.0,optimal,1.9048679999978049,1.904868699988583,0.0,0,0,16307.56954841521,533.9055933035773,16841.475141718787,16848.382116765464,17382.287710069042,194560.39587193416,0.0,59.082761902006716,0.0,0.0,0.0,False,False,False
main,deterministic,deterministic,2025-10-01,66,True,True,0,,,0.7,20.0,optimal,1.9048679999978049,1.904868699988583,0.0,0,0,16307.56954841521,533.9055933035773,16841.475141718787,16692.02090845641,17225.926501759986,202037.21983059315,0.0,65.7320538980041,0.0,0.0,0.0,False,False,False
main,deterministic,deterministic,2025-10-01,67,True,True,0,,,0.7,20.0,optimal,1.9048679999978049,1.904868699988583,0.0,0,0,16307.56954841521,533.9055933035773,16841.475141718787,15784.563194109469,16318.468787413047,175912.63823870945,0.0,55.12127719930207,0.0,0.0,0.0,False,False,False
main,deterministic,deterministic,2025-10-01,68,True,True,0,,,0.7,20.0,optimal,1.9048679999978049,1.904868699988583,0.0,0,0,16307.56954841521,533.9055933035773,16841.475141718787,17397.317593317097,17931.223186620675,219531.84130473345,0.23494900260150942,57.57633219583593,0.0,0.0,0.0,False,False,False
main,deterministic,deterministic,2025-10-01,69,True,True,0,,,0.7,20.0,optimal,1.9048679999978049,1.904868699988583,0.0,0,0,16307.56954841521,533.9055933035773,16841.475141718787,17158.01547197236,17691.92106527594,215149.1194633038,0.4315317303209009,60.11621998461863,0.0,0.0,0.0,False,False,False
main,deterministic,deterministic,2025-10-01,70,True,True,0,,,0.7,20.0,optimal,1.9048679999978049,1.904868699988583,0.0,0,0,16307.56954841521,533.9055933035773,16841.475141718787,16775.81918950968,17309.724782813257,206119.47741458102,0.0,57.62632138844143,0.0,0.0,0.0,False,False,False
main,deterministic,deterministic,2025-10-01,71,True,True,0,,,0.7,20.0,optimal,1.9048679999978049,1.904868699988583,0.0,0,0,16307.56954841521,533.9055933035773,16841.475141718787,15893.801051348491,16427.70664465207,186790.86436337576,0.5076133962863659,62.98504797881513,0.0,0.0,0.0,False,False,False
main,deterministic,deterministic,2025-10-01,72,True,True,0,,,0.7,20.0,optimal,1.9048679999978049,1.904868699988583,0.0,0,0,16307.56954841521,533.9055933035773,16841.475141718787,16128.688147633879,16662.593740937456,188409.71113358275,0.31759751268598274,61.33722201971271,0.0,0.0,0.0,False,False,False
main,deterministic,deterministic,2025-10-01,73,True,True,0,,,0.7,20.0,optimal,1.9048679999978049,1.904868699988583,0.0,0,0,16307.56954841521,533.9055933035773,16841.475141718787,16396.24797192068,16930.153565224256,191235.20997996404,0.027631315381638988,52.88800973297377,0.0,0.0,0.0,False,False,False
main,deterministic,deterministic,2025-10-01,74,True,True,0,,,0.7,20.0,optimal,1.9048679999978049,1.904868699988583,0.0,0,0,16307.56954841521,533.9055933035773,16841.475141718787,16063.597968196062,16597.503561499638,179401.2639601599,0.0,57.76559833257287,0.0,0.0,0.0,False,False,False
main,deterministic,deterministic,2025-10-01,75,True,True,0,,,0.7,20.0,optimal,1.9048679999978049,1.904868699988583,0.0,0,0,16307.56954841521,533.9055933035773,16841.475141718787,16558.43403131258,17092.339624616157,197127.17925788462,0.03907898136872892,54.168703152089265,0.0,0.0,0.0,False,False,False
main,deterministic,deterministic,2025-10-01,76,True,True,0,,,0.7,20.0,optimal,1.9048679999978049,1.904868699988583,0.0,0,0,16307.56954841521,533.9055933035773,16841.475141718787,17021.71625152153,17555.62184482511,213449.90457486108,0.0,56.701929089655486,0.0,0.0,0.0,False,False,False
main,deterministic,deterministic,2025-10-01,77,True,True,0,,,0.7,20.0,optimal,1.9048679999978049,1.904868699988583,0.0,0,0,16307.56954841521,533.9055933035773,16841.475141718787,16055.048958342495,16588.95455164607,179405.83706483047,0.1994801109266094,55.38529451583314,0.0,0.0,0.0,False,False,False
main,deterministic,deterministic,2025-10-01,78,True,True,0,,,0.7,20.0,optimal,1.9048679999978049,1.904868699988583,0.0,0,0,16307.56954841521,533.9055933035773,16841.475141718787,15983.247571328475,16517.15316463205,183917.4699197544,0.04097153470857595,54.185350084018694,0.0,0.0,0.0,False,False,False
main,deterministic,deterministic,2025-10-01,79,True,True,0,,,0.7,20.0,optimal,1.9048679999978049,1.904868699988583,0.0,0,0,16307.56954841521,533.9055933035773,16841.475141718787,17051.80113753241,17585.706730835987,207148.44171534298,0.0,52.338698844780716,0.0,0.0,0.0,False,False,False
main,deterministic,deterministic,2025-10-01,80,True,True,0,,,0.7,20.0,optimal,1.9048679999978049,1.904868699988583,0.0,0,0,16307.56954841521,533.9055933035773,16841.475141718787,16821.59714157437,17355.502734877948,206190.44900085186,0.0,52.59310244238933,0.0,0.0,0.0,False,False,False
main,deterministic,deterministic,2025-10-01,81,True,True,0,,,0.7,20.0,optimal,1.9048679999978049,1.904868699988583,0.0,0,0,16307.56954841521,533.9055933035773,16841.475141718787,16572.18512936362,17106.0907226672,192092.9693908446,0.18460219918048432,62.09237506871361,0.0,0.0,0.0,False,False,False
main,deterministic,deterministic,2025-10-01,82,True,True,0,,,0.7,20.0,optimal,1.9048679999978049,1.904868699988583,0.0,0,0,16307.56954841521,533.9055933035773,16841.475141718787,16050.196917071476,16584.102510375054,187301.8818106785,0.0,49.26841196420803,0.0,0.0,0.0,False,False,False
main,deterministic,deterministic,2025-10-01,83,True,True,0,,,0.7,20.0,optimal,1.9048679999978049,1.904868699988583,0.0,0,0,16307.56954841521,533.9055933035773,16841.475141718787,16932.313159945606,17466.218753249184,209697.9302296588,0.5152925753370596,53.13966189008195,0.0,0.0,0.0,False,False,False
main,deterministic,deterministic,2025-10-01,84,True,True,0,,,0.7,20.0,optimal,1.9048679999978049,1.904868699988583,0.0,0,0,16307.56954841521,533.9055933035773,16841.475141718787,17262.508657456914,17796.414250760492,209660.82561071316,0.7904885871597178,51.46412142440622,0.0,0.0,0.0,False,False,False
main,deterministic,deterministic,2025-10-01,85,True,True,0,,,0.7,20.0,optimal,1.9048679999978049,1.904868699988583,0.0,0,0,16307.56954841521,533.9055933035773,16841.475141718787,16670.560463163085,17204.466056466663,198967.4928446245,0.29326929963016374,60.6999012091694,0.0,0.0,0.0,False,False,False
main,deterministic,deterministic,2025-10-01,86,True,True,0,,,0.7,20.0,optimal,1.9048679999978049,1.904868699988583,0.0,0,0,16307.56954841521,533.9055933035773,16841.475141718787,16679.7508202312,17213.656413534776,197561.79472166623,0.0,48.45361011837169,0.0,0.0,0.0,False,False,False
main,deterministic,deterministic,2025-10-01,87,True,True,0,,,0.7,20.0,optimal,1.9048679999978049,1.904868699988583,0.0,0,0,16307.56954841521,533.9055933035773,16841.475141718787,15614.935968825363,16148.84156212894,174672.3968921661,0.004742950326517337,54.40541181979655,0.0,0.0,0.0,False,False,False
main,deterministic,deterministic,2025-10-01,88,True,True,0,,,0.7,20.0,optimal,1.9048679999978049,1.904868699988583,0.0,0,0,16307.56954841521,533.9055933035773,16841.475141718787,16013.507465695935,16547.41305899951,177854.49060693482,0.03486595812743842,59.09458709849915,0.0,0.0,0.0,False,False,False
main,deterministic,deterministic,2025-10-01,89,True,True,0,,,0.7,20.0,optimal,1.9048679999978049,1.904868699988583,0.0,0,0,16307.56954841521,533.9055933035773,16841.475141718787,16441.90660475163,16975.81219805521,194326.54564227554,0.0,56.06043964721181,0.0,0.0,0.0,False,False,False
main,deterministic,deterministic,2025-10-01,90,True,True,0,,,0.7,20.0,optimal,1.9048679999978049,1.904868699988583,0.0,0,0,16307.56954841521,533.9055933035773,16841.475141718787,16219.847673806948,16753.753267110525,189679.42638914814,0.04930372062533178,59.074472255664624,0.0,0.0,0.0,False,False,False
main,deterministic,deterministic,2025-10-01,91,True,True,0,,,0.7,20.0,optimal,1.9048679999978049,1.904868699988583,0.0,0,0,16307.56954841521,533.9055933035773,16841.475141718787,15526.500059749722,16060.4056530533,167892.11713539093,0.5831018618579706,54.98253683873557,0.0,0.0,0.0,False,False,False
main,deterministic,deterministic,2025-10-01,92,True,True,0,,,0.7,20.0,optimal,1.9048679999978049,1.904868699988583,0.0,0,0,16307.56954841521,533.9055933035773,16841.475141718787,16317.836006915992,16851.741600219568,182744.8827872324,0.0,44.37921275330336,0.0,0.0,0.0,False,False,False
main,deterministic,deterministic,2025-10-01,93,True,True,0,,,0.7,20.0,optimal,1.9048679999978049,1.904868699988583,0.0,0,0,16307.56954841521,533.9055933035773,16841.475141718787,16218.857669528254,16752.76326283183,195478.8080687814,0.628625092155967,56.635722075698546,0.0,0.0,0.0,False,False,False
main,deterministic,deterministic,2025-10-01,94,True,True,0,,,0.7,20.0,optimal,1.9048679999978049,1.904868699988583,0.0,0,0,16307.56954841521,533.9055933035773,16841.475141718787,15912.682911008123,16446.5885043117,185705.77589333107,0.0,101.44752951188363,0.0,0.0,0.9180079148082643,False,False,True
main,deterministic,deterministic,2025-10-01,95,True,True,0,,,0.7,20.0,optimal,1.9048679999978049,1.904868699988583,0.0,0,0,16307.56954841521,533.9055933035773,16841.475141718787,15942.5822718635,16476.487865167077,182787.10805623498,0.0,57.536703573775156,0.0,0.0,0.0,False,False,False
main,deterministic,deterministic,2025-10-01,96,True,True,0,,,0.7,20.0,optimal,1.9048679999978049,1.904868699988583,0.0,0,0,16307.56954841521,533.9055933035773,16841.475141718787,16142.785999682526,16676.691592986102,189110.65121100564,0.12406774906876539,52.54290680676069,0.0,0.0,0.0,False,False,False
main,deterministic,deterministic,2025-10-01,97,True,True,0,,,0.7,20.0,optimal,1.9048679999978049,1.904868699988583,0.0,0,0,16307.56954841521,533.9055933035773,16841.475141718787,16168.844325467648,16702.749918771224,187270.20194736045,0.0,56.292003067034,0.0,0.0,0.0,False,False,False
main,deterministic,deterministic,2025-10-01,98,True,True,0,,,0.7,20.0,optimal,1.9048679999978049,1.904868699988583,0.0,0,0,16307.56954841521,533.9055933035773,16841.475141718787,16294.132499945546,16828.038093249124,187612.45343922765,0.0,48.1669597386587,0.0,0.0,0.0,False,False,False
main,deterministic,deterministic,2025-10-01,99,True,True,0,,,0.7,20.0,optimal,1.9048679999978049,1.904868699988583,0.0,0,0,16307.56954841521,533.9055933035773,16841.475141718787,16035.863670734154,16569.76926403773,184716.10794456233,0.20284941617289465,55.934707604247485,0.0,0.0,0.0,False,False,False
main,tv_dro_rho_0p01,tv_dro,2025-01-01,0,True,True,20,,0.01,0.7,20.0,optimal_decomposed,70.52842059999239,70.52753439999651,0.0,1,2,15664.811973990278,174.34157851920872,15839.153552509486,14830.82006095519,15005.161639474398,170163.83591589378,0.7281137685400347,50.82010163768702,0.0,0.0,0.0,False,False,False
main,tv_dro_rho_0p01,tv_dro,2025-01-01,1,True,True,20,,0.01,0.7,20.0,optimal_decomposed,70.52842059999239,70.52753439999651,0.0,1,2,15664.811973990278,174.34157851920872,15839.153552509486,15839.143336478619,16013.484914997827,190451.00656004157,0.08684864855887026,57.052308043389345,0.0,0.0,0.0,False,False,False
main,tv_dro_rho_0p01,tv_dro,2025-01-01,2,True,True,20,,0.01,0.7,20.0,optimal_decomposed,70.52842059999239,70.52753439999651,0.0,1,2,15664.811973990278,174.34157851920872,15839.153552509486,15498.028017712968,15672.369596232176,180764.2513659428,0.08188014820472636,45.18504418972377,0.0,0.0,0.0,False,False,False
main,tv_dro_rho_0p01,tv_dro,2025-01-01,3,True,True,20,,0.01,0.7,20.0,optimal_decomposed,70.52842059999239,70.52753439999651,0.0,1,2,15664.811973990278,174.34157851920872,15839.153552509486,15721.553344804564,15895.894923323773,189707.73813670786,0.0,51.899790164718674,0.0,0.0,0.0,False,False,False
main,tv_dro_rho_0p01,tv_dro,2025-01-01,4,True,True,20,,0.01,0.7,20.0,optimal_decomposed,70.52842059999239,70.52753439999651,0.0,1,2,15664.811973990278,174.34157851920872,15839.153552509486,15642.412074586793,15816.753653106001,185357.3256253495,0.0632302808889269,49.14054815226026,0.0,0.0,0.0,False,False,False
main,tv_dro_rho_0p01,tv_dro,2025-01-01,5,True,True,20,,0.01,0.7,20.0,optimal_decomposed,70.52842059999239,70.52753439999651,0.0,1,2,15664.811973990278,174.34157851920872,15839.153552509486,16039.027613134147,16213.369191653355,200975.19173333954,0.0,53.27759307909372,0.0,0.0,0.0,False,False,False
main,tv_dro_rho_0p01,tv_dro,2025-01-01,6,True,True,20,,0.01,0.7,20.0,optimal_decomposed,70.52842059999239,70.52753439999651,0.0,1,2,15664.811973990278,174.34157851920872,15839.153552509486,15935.728017127127,16110.069595646335,194204.00647650345,0.1034594888768201,47.0754994992612,0.0,0.0,0.0,False,False,False
main,tv_dro_rho_0p01,tv_dro,2025-01-01,7,True,True,20,,0.01,0.7,20.0,optimal_decomposed,70.52842059999239,70.52753439999651,0.0,1,2,15664.811973990278,174.34157851920872,15839.153552509486,15293.039034220676,15467.380612739884,175693.92584724835,0.019384031851351097,49.885578081886194,0.0,0.0,0.0,False,False,False
main,tv_dro_rho_0p01,tv_dro,2025-01-01,8,True,True,20,,0.01,0.7,20.0,optimal_decomposed,70.52842059999239,70.52753439999651,0.0,1,2,15664.811973990278,174.34157851920872,15839.153552509486,15836.877240928852,16011.21881944806,190244.9845762056,0.15842303005788594,52.4637209658109,0.0,0.0,0.0,False,False,False
main,tv_dro_rho_0p01,tv_dro,2025-01-01,9,True,True,20,,0.01,0.7,20.0,optimal_decomposed,70.52842059999239,70.52753439999651,0.0,1,2,15664.811973990278,174.34157851920872,15839.153552509486,15838.816962069228,16013.158540588436,192742.07046912872,0.030484397281627162,59.15705021919341,0.0,0.0,0.0,False,False,False
main,tv_dro_rho_0p01,tv_dro,2025-01-01,10,True,True,20,,0.01,0.7,20.0,optimal_decomposed,70.52842059999239,70.52753439999651,0.0,1,2,15664.811973990278,174.34157851920872,15839.153552509486,15507.81580614813,15682.157384667338,183560.52591374773,0.34663200314335885,51.66099186805861,0.0,0.0,0.0,False,False,False
main,tv_dro_rho_0p01,tv_dro,2025-01-01,11,True,True,20,,0.01,0.7,20.0,optimal_decomposed,70.52842059999239,70.52753439999651,0.0,1,2,15664.811973990278,174.34157851920872,15839.153552509486,15263.799918581977,15438.141497101185,183466.98819839692,0.0031602619544766064,42.48441590758591,0.0,0.0,0.0,False,False,False
main,tv_dro_rho_0p01,tv_dro,2025-01-01,12,True,True,20,,0.01,0.7,20.0,optimal_decomposed,70.52842059999239,70.52753439999651,0.0,1,2,15664.811973990278,174.34157851920872,15839.153552509486,15855.421203114387,16029.762781633595,195918.1722902121,0.0,44.7087416666573,0.0,0.0,0.0,False,False,False
main,tv_dro_rho_0p01,tv_dro,2025-01-01,13,True,True,20,,0.01,0.7,20.0,optimal_decomposed,70.52842059999239,70.52753439999651,0.0,1,2,15664.811973990278,174.34157851920872,15839.153552509486,16095.751514552005,16270.093093071213,198429.51586292862,0.3410944810285027,53.03577311123502,0.0,0.0,0.0,False,False,False
main,tv_dro_rho_0p01,tv_dro,2025-01-01,14,True,True,20,,0.01,0.7,20.0,optimal_decomposed,70.52842059999239,70.52753439999651,0.0,1,2,15664.811973990278,174.34157851920872,15839.153552509486,15340.111624560406,15514.453203079614,178109.65392481786,0.0,50.75069242962008,0.0,0.0,0.0,False,False,False
main,tv_dro_rho_0p01,tv_dro,2025-01-01,15,True,True,20,,0.01,0.7,20.0,optimal_decomposed,70.52842059999239,70.52753439999651,0.0,1,2,15664.811973990278,174.34157851920872,15839.153552509486,15346.919492461313,15521.261070980521,174287.60134113065,0.021678658843421378,45.03807129156612,0.0,0.0,0.0,False,False,False
main,tv_dro_rho_0p01,tv_dro,2025-01-01,16,True,True,20,,0.01,0.7,20.0,optimal_decomposed,70.52842059999239,70.52753439999651,0.0,1,2,15664.811973990278,174.34157851920872,15839.153552509486,15071.687881723681,15246.02946024289,170863.62934105285,0.03606366855062573,46.818404346951304,0.0,0.0,0.0,False,False,False
main,tv_dro_rho_0p01,tv_dro,2025-01-01,17,True,True,20,,0.01,0.7,20.0,optimal_decomposed,70.52842059999239,70.52753439999651,0.0,1,2,15664.811973990278,174.34157851920872,15839.153552509486,15321.072819896039,15495.414398415247,177973.34004302652,0.11524822563318082,55.465231698733405,0.0,0.0,0.0,False,False,False
main,tv_dro_rho_0p01,tv_dro,2025-01-01,18,True,True,20,,0.01,0.7,20.0,optimal_decomposed,70.52842059999239,70.52753439999651,0.0,1,2,15664.811973990278,174.34157851920872,15839.153552509486,15705.392465551524,15879.734044070732,190243.80817818877,0.0,55.160630697302445,0.0,0.0,0.0,False,False,False
main,tv_dro_rho_0p01,tv_dro,2025-01-01,19,True,True,20,,0.01,0.7,20.0,optimal_decomposed,70.52842059999239,70.52753439999651,0.0,1,2,15664.811973990278,174.34157851920872,15839.153552509486,15571.430673990904,15745.772252510113,189491.5615126459,0.09807599087046825,52.015258232036665,0.0,0.0,0.0,False,False,False
main,tv_dro_rho_0p01,tv_dro,2025-01-01,20,True,True,20,,0.01,0.7,20.0,optimal_decomposed,70.52842059999239,70.52753439999651,0.0,1,2,15664.811973990278,174.34157851920872,15839.153552509486,16101.249843455322,16275.59142197453,193977.95236832122,0.0,46.29893346447911,0.0,0.0,0.0,False,False,False
main,tv_dro_rho_0p01,tv_dro,2025-01-01,21,True,True,20,,0.01,0.7,20.0,optimal_decomposed,70.52842059999239,70.52753439999651,0.0,1,2,15664.811973990278,174.34157851920872,15839.153552509486,15159.441403888191,15333.7829824074,174897.3149359725,0.14558437698452803,44.64097141287721,0.0,0.0,0.0,False,False,False
main,tv_dro_rho_0p01,tv_dro,2025-01-01,22,True,True,20,,0.01,0.7,20.0,optimal_decomposed,70.52842059999239,70.52753439999651,0.0,1,2,15664.811973990278,174.34157851920872,15839.153552509486,15831.294072630764,16005.635651149973,190420.16832304868,0.060618329472261534,49.488129944918605,0.0,0.0,0.0,False,False,False
main,tv_dro_rho_0p01,tv_dro,2025-01-01,23,True,True,20,,0.01,0.7,20.0,optimal_decomposed,70.52842059999239,70.52753439999651,0.0,1,2,15664.811973990278,174.34157851920872,15839.153552509486,15913.472084217961,16087.81366273717,189962.50137348007,0.0,48.232960951463504,0.0,0.0,0.0,False,False,False
main,tv_dro_rho_0p01,tv_dro,2025-01-01,24,True,True,20,,0.01,0.7,20.0,optimal_decomposed,70.52842059999239,70.52753439999651,0.0,1,2,15664.811973990278,174.34157851920872,15839.153552509486,15313.812524950805,15488.154103470013,180441.0295615059,0.10567313604808662,52.45171872948232,0.0,0.0,0.0,False,False,False
main,tv_dro_rho_0p01,tv_dro,2025-01-01,25,True,True,20,,0.01,0.7,20.0,optimal_decomposed,70.52842059999239,70.52753439999651,0.0,1,2,15664.811973990278,174.34157851920872,15839.153552509486,16807.02047876874,16981.362057287948,221330.3186437352,0.0,45.89772760179375,0.0,0.0,0.0,False,False,False
main,tv_dro_rho_0p01,tv_dro,2025-01-01,26,True,True,20,,0.01,0.7,20.0,optimal_decomposed,70.52842059999239,70.52753439999651,0.0,1,2,15664.811973990278,174.34157851920872,15839.153552509486,15817.07883714616,15991.420415665369,186469.79879946818,0.1413435859676442,55.49669640407744,0.0,0.0,0.0,False,False,False
main,tv_dro_rho_0p01,tv_dro,2025-01-01,27,True,True,20,,0.01,0.7,20.0,optimal_decomposed,70.52842059999239,70.52753439999651,0.0,1,2,15664.811973990278,174.34157851920872,15839.153552509486,14542.575893579311,14716.91747209852,169095.20709386506,0.4106204861720238,55.31979397713971,0.0,0.0,0.0,False,False,False
main,tv_dro_rho_0p01,tv_dro,2025-01-01,28,True,True,20,,0.01,0.7,20.0,optimal_decomposed,70.52842059999239,70.52753439999651,0.0,1,2,15664.811973990278,174.34157851920872,15839.153552509486,15618.501498414313,15792.843076933521,185843.86621822324,0.013328971990677202,40.69901024107929,0.0,0.0,0.0,False,False,False
main,tv_dro_rho_0p01,tv_dro,2025-01-01,29,True,True,20,,0.01,0.7,20.0,optimal_decomposed,70.52842059999239,70.52753439999651,0.0,1,2,15664.811973990278,174.34157851920872,15839.153552509486,15880.442036937548,16054.783615456756,195764.41475920126,0.030916769877295164,39.47911726869711,0.0,0.0,0.0,False,False,False
main,tv_dro_rho_0p01,tv_dro,2025-01-01,30,True,True,20,,0.01,0.7,20.0,optimal_decomposed,70.52842059999239,70.52753439999651,0.0,1,2,15664.811973990278,174.34157851920872,15839.153552509486,14996.410837890455,15170.752416409663,165182.8643157283,0.0,46.18201480263643,0.0,0.0,0.0,False,False,False
main,tv_dro_rho_0p01,tv_dro,2025-01-01,31,True,True,20,,0.01,0.7,20.0,optimal_decomposed,70.52842059999239,70.52753439999651,0.0,1,2,15664.811973990278,174.34157851920872,15839.153552509486,15895.16565260923,16069.507231128438,202175.04283556028,0.05050510424031596,50.419640269524734,0.0,0.0,0.0,False,False,False
main,tv_dro_rho_0p01,tv_dro,2025-01-01,32,True,True,20,,0.01,0.7,20.0,optimal_decomposed,70.52842059999239,70.52753439999651,0.0,1,2,15664.811973990278,174.34157851920872,15839.153552509486,15673.236118444143,15847.577696963352,184414.60602499548,0.0,48.77593194466993,0.0,0.0,0.0,False,False,False
main,tv_dro_rho_0p01,tv_dro,2025-01-01,33,True,True,20,,0.01,0.7,20.0,optimal_decomposed,70.52842059999239,70.52753439999651,0.0,1,2,15664.811973990278,174.34157851920872,15839.153552509486,16905.68608585975,17080.02766437896,219916.80618970166,0.04697440711880671,61.68074622728266,0.0,0.0,0.0,False,False,False
main,tv_dro_rho_0p01,tv_dro,2025-01-01,34,True,True,20,,0.01,0.7,20.0,optimal_decomposed,70.52842059999239,70.52753439999651,0.0,1,2,15664.811973990278,174.34157851920872,15839.153552509486,16126.369305957978,16300.710884477186,194306.9840664404,0.37953276652313384,51.5122714993219,0.0,0.0,0.0,False,False,False
main,tv_dro_rho_0p01,tv_dro,2025-01-01,35,True,True,20,,0.01,0.7,20.0,optimal_decomposed,70.52842059999239,70.52753439999651,0.0,1,2,15664.811973990278,174.34157851920872,15839.153552509486,14897.128107914625,15071.469686433833,176475.75457311075,0.0,55.25998188500927,0.0,0.0,0.0,False,False,False
main,tv_dro_rho_0p01,tv_dro,2025-01-01,36,True,True,20,,0.01,0.7,20.0,optimal_decomposed,70.52842059999239,70.52753439999651,0.0,1,2,15664.811973990278,174.34157851920872,15839.153552509486,15199.353609858608,15373.695188377817,174618.40668983955,0.0,54.36241635942012,0.0,0.0,0.0,False,False,False
main,tv_dro_rho_0p01,tv_dro,2025-01-01,37,True,True,20,,0.01,0.7,20.0,optimal_decomposed,70.52842059999239,70.52753439999651,0.0,1,2,15664.811973990278,174.34157851920872,15839.153552509486,15480.508886236725,15654.850464755933,183209.9380325008,0.0,41.57103294394984,0.0,0.0,0.0,False,False,False
main,tv_dro_rho_0p01,tv_dro,2025-01-01,38,True,True,20,,0.01,0.7,20.0,optimal_decomposed,70.52842059999239,70.52753439999651,0.0,1,2,15664.811973990278,174.34157851920872,15839.153552509486,15438.36387496367,15612.705453482879,184861.9077444028,0.0,48.62785537731419,0.0,0.0,0.0,False,False,False
main,tv_dro_rho_0p01,tv_dro,2025-01-01,39,True,True,20,,0.01,0.7,20.0,optimal_decomposed,70.52842059999239,70.52753439999651,0.0,1,2,15664.811973990278,174.34157851920872,15839.153552509486,15661.030662713316,15835.372241232524,195311.72136785462,0.057814929904075885,40.44908070461556,0.0,0.0,0.0,False,False,False
main,tv_dro_rho_0p01,tv_dro,2025-01-01,40,True,True,20,,0.01,0.7,20.0,optimal_decomposed,70.52842059999239,70.52753439999651,0.0,1,2,15664.811973990278,174.34157851920872,15839.153552509486,16158.109361122559,16332.450939641767,196294.40626560504,0.0,43.43751687613213,0.0,0.0,0.0,False,False,False
main,tv_dro_rho_0p01,tv_dro,2025-01-01,41,True,True,20,,0.01,0.7,20.0,optimal_decomposed,70.52842059999239,70.52753439999651,0.0,1,2,15664.811973990278,174.34157851920872,15839.153552509486,15604.441582742213,15778.78316126142,191153.29329254647,0.012079899653391624,37.24101061544682,0.0,0.0,0.0,False,False,False
main,tv_dro_rho_0p01,tv_dro,2025-01-01,42,True,True,20,,0.01,0.7,20.0,optimal_decomposed,70.52842059999239,70.52753439999651,0.0,1,2,15664.811973990278,174.34157851920872,15839.153552509486,16259.925177252595,16434.266755771805,192142.7287100289,0.0,55.033282830349464,0.0,0.0,0.0,False,False,False
main,tv_dro_rho_0p01,tv_dro,2025-01-01,43,True,True,20,,0.01,0.7,20.0,optimal_decomposed,70.52842059999239,70.52753439999651,0.0,1,2,15664.811973990278,174.34157851920872,15839.153552509486,15069.945487384519,15244.287065903727,172286.1779669445,0.13724718452205356,52.702467308065415,0.0,0.0,0.0,False,False,False
main,tv_dro_rho_0p01,tv_dro,2025-01-01,44,True,True,20,,0.01,0.7,20.0,optimal_decomposed,70.52842059999239,70.52753439999651,0.0,1,2,15664.811973990278,174.34157851920872,15839.153552509486,15249.630559521856,15423.972138041065,180081.85131950717,0.14222632282577624,49.61925645135242,0.0,0.0,0.0,False,False,False
main,tv_dro_rho_0p01,tv_dro,2025-01-01,45,True,True,20,,0.01,0.7,20.0,optimal_decomposed,70.52842059999239,70.52753439999651,0.0,1,2,15664.811973990278,174.34157851920872,15839.153552509486,16328.79918157814,16503.14076009735,196666.51807907745,0.16865020005828013,54.45812813673312,0.0,0.0,0.0,False,False,False
main,tv_dro_rho_0p01,tv_dro,2025-01-01,46,True,True,20,,0.01,0.7,20.0,optimal_decomposed,70.52842059999239,70.52753439999651,0.0,1,2,15664.811973990278,174.34157851920872,15839.153552509486,15788.358206843217,15962.699785362425,188954.85605279414,0.15199288085734108,50.715963452902635,0.0,0.0,0.0,False,False,False
main,tv_dro_rho_0p01,tv_dro,2025-01-01,47,True,True,20,,0.01,0.7,20.0,optimal_decomposed,70.52842059999239,70.52753439999651,0.0,1,2,15664.811973990278,174.34157851920872,15839.153552509486,15733.176773751016,15907.518352270225,195747.16669786564,0.0,51.75975589434501,0.0,0.0,0.0,False,False,False
main,tv_dro_rho_0p01,tv_dro,2025-01-01,48,True,True,20,,0.01,0.7,20.0,optimal_decomposed,70.52842059999239,70.52753439999651,0.0,1,2,15664.811973990278,174.34157851920872,15839.153552509486,16096.141774497257,16270.483353016465,206778.42753349553,0.0,47.68853705104984,0.0,0.0,0.0,False,False,False
main,tv_dro_rho_0p01,tv_dro,2025-01-01,49,True,True,20,,0.01,0.7,20.0,optimal_decomposed,70.52842059999239,70.52753439999651,0.0,1,2,15664.811973990278,174.34157851920872,15839.153552509486,16014.182187706343,16188.523766225551,200923.80855424123,0.04570459077504027,51.21964520941777,0.0,0.0,0.0,False,False,False
main,tv_dro_rho_0p01,tv_dro,2025-01-01,50,True,True,20,,0.01,0.7,20.0,optimal_decomposed,70.52842059999239,70.52753439999651,0.0,1,2,15664.811973990278,174.34157851920872,15839.153552509486,15653.887043033425,15828.228621552633,188858.51228298413,0.0,55.78457488876622,0.0,0.0,0.0,False,False,False
main,tv_dro_rho_0p01,tv_dro,2025-01-01,51,True,True,20,,0.01,0.7,20.0,optimal_decomposed,70.52842059999239,70.52753439999651,0.0,1,2,15664.811973990278,174.34157851920872,15839.153552509486,15580.846781759408,15755.188360278617,179683.72434997608,0.0,48.62621520678843,0.0,0.0,0.0,False,False,False
main,tv_dro_rho_0p01,tv_dro,2025-01-01,52,True,True,20,,0.01,0.7,20.0,optimal_decomposed,70.52842059999239,70.52753439999651,0.0,1,2,15664.811973990278,174.34157851920872,15839.153552509486,16234.651704279126,16408.993282798336,201657.20656574564,0.4611612649126249,55.88690558708011,0.0,0.0,0.0,False,False,False
main,tv_dro_rho_0p01,tv_dro,2025-01-01,53,True,True,20,,0.01,0.7,20.0,optimal_decomposed,70.52842059999239,70.52753439999651,0.0,1,2,15664.811973990278,174.34157851920872,15839.153552509486,15446.355762493291,15620.6973410125,183041.5827585607,0.0,44.31219926572889,0.0,0.0,0.0,False,False,False
main,tv_dro_rho_0p01,tv_dro,2025-01-01,54,True,True,20,,0.01,0.7,20.0,optimal_decomposed,70.52842059999239,70.52753439999651,0.0,1,2,15664.811973990278,174.34157851920872,15839.153552509486,15991.061291793576,16165.402870312784,201201.9881595023,0.0,46.4519159261496,0.0,0.0,0.0,False,False,False
main,tv_dro_rho_0p01,tv_dro,2025-01-01,55,True,True,20,,0.01,0.7,20.0,optimal_decomposed,70.52842059999239,70.52753439999651,0.0,1,2,15664.811973990278,174.34157851920872,15839.153552509486,15637.011876463865,15811.353454983073,185348.86845011316,0.14655144358059013,54.7571256884285,0.0,0.0,0.0,False,False,False
main,tv_dro_rho_0p01,tv_dro,2025-01-01,56,True,True,20,,0.01,0.7,20.0,optimal_decomposed,70.52842059999239,70.52753439999651,0.0,1,2,15664.811973990278,174.34157851920872,15839.153552509486,15952.60718490401,16126.94876342322,192503.46386403288,0.00531490235267737,39.72323952385278,0.0,0.0,0.0,False,False,False
main,tv_dro_rho_0p01,tv_dro,2025-01-01,57,True,True,20,,0.01,0.7,20.0,optimal_decomposed,70.52842059999239,70.52753439999651,0.0,1,2,15664.811973990278,174.34157851920872,15839.153552509486,15630.331895894713,15804.673474413921,184854.756488155,0.0,50.62954533506875,0.0,0.0,0.0,False,False,False
main,tv_dro_rho_0p01,tv_dro,2025-01-01,58,True,True,20,,0.01,0.7,20.0,optimal_decomposed,70.52842059999239,70.52753439999651,0.0,1,2,15664.811973990278,174.34157851920872,15839.153552509486,16230.519894615745,16404.861473134955,205803.06351108855,0.08256990260068031,57.011309295288655,0.0,0.0,0.0,False,False,False
main,tv_dro_rho_0p01,tv_dro,2025-01-01,59,True,True,20,,0.01,0.7,20.0,optimal_decomposed,70.52842059999239,70.52753439999651,0.0,1,2,15664.811973990278,174.34157851920872,15839.153552509486,16303.290536999102,16477.63211551831,206635.9196775233,0.0,52.972427361141804,0.0,0.0,0.0,False,False,False
main,tv_dro_rho_0p01,tv_dro,2025-01-01,60,True,True,20,,0.01,0.7,20.0,optimal_decomposed,70.52842059999239,70.52753439999651,0.0,1,2,15664.811973990278,174.34157851920872,15839.153552509486,15716.45459743571,15890.796175954918,194460.70672676226,0.07273788038766604,51.748398373013444,0.0,0.0,0.0,False,False,False
main,tv_dro_rho_0p01,tv_dro,2025-01-01,61,True,True,20,,0.01,0.7,20.0,optimal_decomposed,70.52842059999239,70.52753439999651,0.0,1,2,15664.811973990278,174.34157851920872,15839.153552509486,15602.822404399736,15777.163982918944,190452.83010600857,0.03200460281438236,41.61646067078498,0.0,0.0,0.0,False,False,False
main,tv_dro_rho_0p01,tv_dro,2025-01-01,62,True,True,20,,0.01,0.7,20.0,optimal_decomposed,70.52842059999239,70.52753439999651,0.0,1,2,15664.811973990278,174.34157851920872,15839.153552509486,15030.294965092142,15204.63654361135,175709.80349693957,0.06485982645921906,55.45147842092422,0.0,0.0,0.0,False,False,False
main,tv_dro_rho_0p01,tv_dro,2025-01-01,63,True,True,20,,0.01,0.7,20.0,optimal_decomposed,70.52842059999239,70.52753439999651,0.0,1,2,15664.811973990278,174.34157851920872,15839.153552509486,15701.430852978905,15875.772431498113,184961.2592507464,0.06944797394131755,55.89892116118411,0.0,0.0,0.0,False,False,False
main,tv_dro_rho_0p01,tv_dro,2025-01-01,64,True,True,20,,0.01,0.7,20.0,optimal_decomposed,70.52842059999239,70.52753439999651,0.0,1,2,15664.811973990278,174.34157851920872,15839.153552509486,15408.25263189577,15582.594210414978,173861.09183989634,0.08966490463046009,49.73927784920877,0.0,0.0,0.0,False,False,False
main,tv_dro_rho_0p01,tv_dro,2025-01-01,65,True,True,20,,0.01,0.7,20.0,optimal_decomposed,70.52842059999239,70.52753439999651,0.0,1,2,15664.811973990278,174.34157851920872,15839.153552509486,15899.495974825015,16073.837553344223,189651.63138200785,0.05654274215418553,54.217291083591114,0.0,0.0,0.0,False,False,False
main,tv_dro_rho_0p01,tv_dro,2025-01-01,66,True,True,20,,0.01,0.7,20.0,optimal_decomposed,70.52842059999239,70.52753439999651,0.0,1,2,15664.811973990278,174.34157851920872,15839.153552509486,15805.721302759659,15980.062881278867,193236.37788650164,0.0,56.97220428638543,0.0,0.0,0.0,False,False,False
main,tv_dro_rho_0p01,tv_dro,2025-01-01,67,True,True,20,,0.01,0.7,20.0,optimal_decomposed,70.52842059999239,70.52753439999651,0.0,1,2,15664.811973990278,174.34157851920872,15839.153552509486,15109.533793501134,15283.875372020342,169679.05543531253,0.0,50.16916482599182,0.0,0.0,0.0,False,False,False
main,tv_dro_rho_0p01,tv_dro,2025-01-01,68,True,True,20,,0.01,0.7,20.0,optimal_decomposed,70.52842059999239,70.52753439999651,0.0,1,2,15664.811973990278,174.34157851920872,15839.153552509486,16868.2365485701,17042.57812708931,214191.27968077146,0.0,54.90242698125153,0.0,0.0,0.0,False,False,False
main,tv_dro_rho_0p01,tv_dro,2025-01-01,69,True,True,20,,0.01,0.7,20.0,optimal_decomposed,70.52842059999239,70.52753439999651,0.0,1,2,15664.811973990278,174.34157851920872,15839.153552509486,16151.934356743044,16326.275935262252,208079.59045820104,0.0,51.66317268942745,0.0,0.0,0.0,False,False,False
main,tv_dro_rho_0p01,tv_dro,2025-01-01,70,True,True,20,,0.01,0.7,20.0,optimal_decomposed,70.52842059999239,70.52753439999651,0.0,1,2,15664.811973990278,174.34157851920872,15839.153552509486,15967.846914773967,16142.188493293175,201935.1440150911,0.0,54.943851969687046,0.0,0.0,0.0,False,False,False
main,tv_dro_rho_0p01,tv_dro,2025-01-01,71,True,True,20,,0.01,0.7,20.0,optimal_decomposed,70.52842059999239,70.52753439999651,0.0,1,2,15664.811973990278,174.34157851920872,15839.153552509486,15659.949542994884,15834.291121514092,182031.59152362222,0.008352711610149222,57.104455830919704,0.0,0.0,0.0,False,False,False
main,tv_dro_rho_0p01,tv_dro,2025-01-01,72,True,True,20,,0.01,0.7,20.0,optimal_decomposed,70.52842059999239,70.52753439999651,0.0,1,2,15664.811973990278,174.34157851920872,15839.153552509486,15329.366357834788,15503.707936353996,181502.53724567546,0.0,58.491845293534176,0.0,0.0,0.0,False,False,False
main,tv_dro_rho_0p01,tv_dro,2025-01-01,73,True,True,20,,0.01,0.7,20.0,optimal_decomposed,70.52842059999239,70.52753439999651,0.0,1,2,15664.811973990278,174.34157851920872,15839.153552509486,15439.130745803655,15613.472324322864,184139.59403800854,0.02226089584332297,48.67116920162852,0.0,0.0,0.0,False,False,False
main,tv_dro_rho_0p01,tv_dro,2025-01-01,74,True,True,20,,0.01,0.7,20.0,optimal_decomposed,70.52842059999239,70.52753439999651,0.0,1,2,15664.811973990278,174.34157851920872,15839.153552509486,15221.389763909136,15395.731342428344,172660.34278071948,0.0,52.46338434485884,0.0,0.0,0.0,False,False,False
main,tv_dro_rho_0p01,tv_dro,2025-01-01,75,True,True,20,,0.01,0.7,20.0,optimal_decomposed,70.52842059999239,70.52753439999651,0.0,1,2,15664.811973990278,174.34157851920872,15839.153552509486,15658.273464398448,15832.615042917656,191032.76391295413,0.17896047596245424,50.45308221654608,0.0,0.0,0.0,False,False,False
main,tv_dro_rho_0p01,tv_dro,2025-01-01,76,True,True,20,,0.01,0.7,20.0,optimal_decomposed,70.52842059999239,70.52753439999651,0.0,1,2,15664.811973990278,174.34157851920872,15839.153552509486,15926.279390629812,16100.62096914902,210812.73979622396,0.0,51.60329866834918,0.0,0.0,0.0,False,False,False
main,tv_dro_rho_0p01,tv_dro,2025-01-01,77,True,True,20,,0.01,0.7,20.0,optimal_decomposed,70.52842059999239,70.52753439999651,0.0,1,2,15664.811973990278,174.34157851920872,15839.153552509486,15292.022983697565,15466.364562216773,173037.46484168692,0.0,45.805065156678175,0.0,0.0,0.0,False,False,False
main,tv_dro_rho_0p01,tv_dro,2025-01-01,78,True,True,20,,0.01,0.7,20.0,optimal_decomposed,70.52842059999239,70.52753439999651,0.0,1,2,15664.811973990278,174.34157851920872,15839.153552509486,15287.854603438276,15462.196181957484,178135.31894830402,0.0,49.545758710208574,0.0,0.0,0.0,False,False,False
main,tv_dro_rho_0p01,tv_dro,2025-01-01,79,True,True,20,,0.01,0.7,20.0,optimal_decomposed,70.52842059999239,70.52753439999651,0.0,1,2,15664.811973990278,174.34157851920872,15839.153552509486,16275.031748260315,16449.373326779525,199972.31430927003,0.2038881907110529,47.89598952174765,0.0,0.0,0.0,False,False,False
main,tv_dro_rho_0p01,tv_dro,2025-01-01,80,True,True,20,,0.01,0.7,20.0,optimal_decomposed,70.52842059999239,70.52753439999651,0.0,1,2,15664.811973990278,174.34157851920872,15839.153552509486,16054.184765236798,16228.526343756006,201191.4899994776,0.0,48.87330962214222,0.0,0.0,0.0,False,False,False
main,tv_dro_rho_0p01,tv_dro,2025-01-01,81,True,True,20,,0.01,0.7,20.0,optimal_decomposed,70.52842059999239,70.52753439999651,0.0,1,2,15664.811973990278,174.34157851920872,15839.153552509486,15666.520994205153,15840.862572724362,185240.58955275567,0.124687834387083,58.83386551034114,0.0,0.0,0.0,False,False,False
main,tv_dro_rho_0p01,tv_dro,2025-01-01,82,True,True,20,,0.01,0.7,20.0,optimal_decomposed,70.52842059999239,70.52753439999651,0.0,1,2,15664.811973990278,174.34157851920872,15839.153552509486,15351.55816179485,15525.899740314058,183169.95044385153,0.07305403701739724,44.693004077979516,0.0,0.0,0.0,False,False,False
main,tv_dro_rho_0p01,tv_dro,2025-01-01,83,True,True,20,,0.01,0.7,20.0,optimal_decomposed,70.52842059999239,70.52753439999651,0.0,1,2,15664.811973990278,174.34157851920872,15839.153552509486,16037.59753585278,16211.939114371988,202853.97993587685,0.04106225130651758,43.56155154999953,0.0,0.0,0.0,False,False,False
main,tv_dro_rho_0p01,tv_dro,2025-01-01,84,True,True,20,,0.01,0.7,20.0,optimal_decomposed,70.52842059999239,70.52753439999651,0.0,1,2,15664.811973990278,174.34157851920872,15839.153552509486,15887.136991419344,16061.478569938552,203520.21073872983,0.11651222011883869,41.3418074382212,0.0,0.0,0.0,False,False,False
main,tv_dro_rho_0p01,tv_dro,2025-01-01,85,True,True,20,,0.01,0.7,20.0,optimal_decomposed,70.52842059999239,70.52753439999651,0.0,1,2,15664.811973990278,174.34157851920872,15839.153552509486,15846.370403913099,16020.711982432307,192808.49312906244,0.0,54.41326421737581,0.0,0.0,0.0,False,False,False
main,tv_dro_rho_0p01,tv_dro,2025-01-01,86,True,True,20,,0.01,0.7,20.0,optimal_decomposed,70.52842059999239,70.52753439999651,0.0,1,2,15664.811973990278,174.34157851920872,15839.153552509486,16049.372895788878,16223.714474308086,194998.39540105368,0.07687092651645885,44.18363395094716,0.0,0.0,0.0,False,False,False
main,tv_dro_rho_0p01,tv_dro,2025-01-01,87,True,True,20,,0.01,0.7,20.0,optimal_decomposed,70.52842059999239,70.52753439999651,0.0,1,2,15664.811973990278,174.34157851920872,15839.153552509486,15147.297736703218,15321.639315222426,171231.64198274296,0.15755769463181557,49.120288014464485,0.0,0.0,0.0,False,False,False
main,tv_dro_rho_0p01,tv_dro,2025-01-01,88,True,True,20,,0.01,0.7,20.0,optimal_decomposed,70.52842059999239,70.52753439999651,0.0,1,2,15664.811973990278,174.34157851920872,15839.153552509486,15814.895518076535,15989.237096595743,171891.55750365846,0.4424824812837239,57.884762897133996,0.0,0.0,0.0,False,False,False
main,tv_dro_rho_0p01,tv_dro,2025-01-01,89,True,True,20,,0.01,0.7,20.0,optimal_decomposed,70.52842059999239,70.52753439999651,0.0,1,2,15664.811973990278,174.34157851920872,15839.153552509486,16178.479384292501,16352.82096281171,190006.32683661883,0.0,49.87605933742948,0.0,0.0,0.0,False,False,False
main,tv_dro_rho_0p01,tv_dro,2025-01-01,90,True,True,20,,0.01,0.7,20.0,optimal_decomposed,70.52842059999239,70.52753439999651,0.0,1,2,15664.811973990278,174.34157851920872,15839.153552509486,15307.078150963487,15481.419729482695,184253.61298585945,0.14272223111062188,54.70126622811624,0.0,0.0,0.0,False,False,False
main,tv_dro_rho_0p01,tv_dro,2025-01-01,91,True,True,20,,0.01,0.7,20.0,optimal_decomposed,70.52842059999239,70.52753439999651,0.0,1,2,15664.811973990278,174.34157851920872,15839.153552509486,14934.637352447155,15108.978930966363,163162.2841478325,0.0,48.27673488481688,0.0,0.0,0.0,False,False,False
main,tv_dro_rho_0p01,tv_dro,2025-01-01,92,True,True,20,,0.01,0.7,20.0,optimal_decomposed,70.52842059999239,70.52753439999651,0.0,1,2,15664.811973990278,174.34157851920872,15839.153552509486,15792.58242438767,15966.924002906879,178302.58731000312,0.0,43.35017508482294,0.0,0.0,0.0,False,False,False
main,tv_dro_rho_0p01,tv_dro,2025-01-01,93,True,True,20,,0.01,0.7,20.0,optimal_decomposed,70.52842059999239,70.52753439999651,0.0,1,2,15664.811973990278,174.34157851920872,15839.153552509486,15554.607473491029,15728.949052010237,190591.1680733598,0.541884468037059,50.55927062802862,0.0,0.0,0.0,False,False,False
main,tv_dro_rho_0p01,tv_dro,2025-01-01,94,True,True,20,,0.01,0.7,20.0,optimal_decomposed,70.52842059999239,70.52753439999651,0.0,1,2,15664.811973990278,174.34157851920872,15839.153552509486,15214.612672810514,15388.954251329722,180978.40116850485,0.02797043585831524,46.00663982577685,0.0,0.0,0.0,False,False,False
main,tv_dro_rho_0p01,tv_dro,2025-01-01,95,True,True,20,,0.01,0.7,20.0,optimal_decomposed,70.52842059999239,70.52753439999651,0.0,1,2,15664.811973990278,174.34157851920872,15839.153552509486,14970.695468059832,15145.03704657904,174728.64755851094,0.03120652959486822,50.82406317346137,0.0,0.0,0.0,False,False,False
main,tv_dro_rho_0p01,tv_dro,2025-01-01,96,True,True,20,,0.01,0.7,20.0,optimal_decomposed,70.52842059999239,70.52753439999651,0.0,1,2,15664.811973990278,174.34157851920872,15839.153552509486,15523.202497812152,15697.54407633136,182058.88044380746,0.07874070332594343,48.67786098512117,0.0,0.0,0.0,False,False,False
main,tv_dro_rho_0p01,tv_dro,2025-01-01,97,True,True,20,,0.01,0.7,20.0,optimal_decomposed,70.52842059999239,70.52753439999651,0.0,1,2,15664.811973990278,174.34157851920872,15839.153552509486,15550.186241788324,15724.527820307532,181112.67713408964,0.003488051370048373,50.46420312129897,0.0,0.0,0.0,False,False,False
main,tv_dro_rho_0p01,tv_dro,2025-01-01,98,True,True,20,,0.01,0.7,20.0,optimal_decomposed,70.52842059999239,70.52753439999651,0.0,1,2,15664.811973990278,174.34157851920872,15839.153552509486,15695.53617972818,15869.877758247389,182407.5329388025,0.101202988710867,46.15844846881854,0.0,0.0,0.0,False,False,False
main,tv_dro_rho_0p01,tv_dro,2025-01-01,99,True,True,20,,0.01,0.7,20.0,optimal_decomposed,70.52842059999239,70.52753439999651,0.0,1,2,15664.811973990278,174.34157851920872,15839.153552509486,15545.655867555313,15719.997446074522,179251.20955535697,0.06784896363151327,52.143241991304905,0.0,0.0,0.0,False,False,False
main,tv_dro_rho_0p01,tv_dro,2025-04-01,0,True,True,20,,0.01,0.7,20.0,optimal_decomposed,73.66552799999772,73.66474770000787,0.0,1,2,15462.571691668607,498.3322510884204,15960.903942757028,14844.09811252899,15342.430363617412,119822.20020777188,0.06267343170732886,56.89591356484038,0.0,0.0,0.0,False,False,False
main,tv_dro_rho_0p01,tv_dro,2025-04-01,1,True,True,20,,0.01,0.7,20.0,optimal_decomposed,73.66552799999772,73.66474770000787,0.0,1,2,15462.571691668607,498.3322510884204,15960.903942757028,15816.176508348632,16314.508759437053,134800.92802557492,0.0,62.15761099657116,0.0,0.0,0.0,False,False,False
main,tv_dro_rho_0p01,tv_dro,2025-04-01,2,True,True,20,,0.01,0.7,20.0,optimal_decomposed,73.66552799999772,73.66474770000787,0.0,1,2,15462.571691668607,498.3322510884204,15960.903942757028,15328.116631744124,15826.448882832545,128626.0274361057,0.0,51.392563032073255,0.0,0.0,0.0,False,False,False
main,tv_dro_rho_0p01,tv_dro,2025-04-01,3,True,True,20,,0.01,0.7,20.0,optimal_decomposed,73.66552799999772,73.66474770000787,0.0,1,2,15462.571691668607,498.3322510884204,15960.903942757028,15847.725360254912,16346.057611343333,135639.36183508093,0.0,56.218542607079996,0.0,0.0,0.0,False,False,False
main,tv_dro_rho_0p01,tv_dro,2025-04-01,4,True,True,20,,0.01,0.7,20.0,optimal_decomposed,73.66552799999772,73.66474770000787,0.0,1,2,15462.571691668607,498.3322510884204,15960.903942757028,15593.638093332005,16091.970344420426,133017.574233266,0.0,52.316295121409084,0.0,0.0,0.0,False,False,False
main,tv_dro_rho_0p01,tv_dro,2025-04-01,5,True,True,20,,0.01,0.7,20.0,optimal_decomposed,73.66552799999772,73.66474770000787,0.0,1,2,15462.571691668607,498.3322510884204,15960.903942757028,16064.338478236068,16562.670729324487,146047.05460160066,0.0,59.95562000592085,0.0,0.0,0.0,False,False,False
main,tv_dro_rho_0p01,tv_dro,2025-04-01,6,True,True,20,,0.01,0.7,20.0,optimal_decomposed,73.66552799999772,73.66474770000787,0.0,1,2,15462.571691668607,498.3322510884204,15960.903942757028,15855.969257734427,16354.301508822848,138846.8558146647,0.0,54.005309584467454,0.0,0.0,0.0,False,False,False
main,tv_dro_rho_0p01,tv_dro,2025-04-01,7,True,True,20,,0.01,0.7,20.0,optimal_decomposed,73.66552799999772,73.66474770000787,0.0,1,2,15462.571691668607,498.3322510884204,15960.903942757028,15292.202142479524,15790.534393567945,124452.5478171269,0.006002441196324648,52.425226052323666,0.0,0.0,0.0,False,False,False
main,tv_dro_rho_0p01,tv_dro,2025-04-01,8,True,True,20,,0.01,0.7,20.0,optimal_decomposed,73.66552799999772,73.66474770000787,0.0,1,2,15462.571691668607,498.3322510884204,15960.903942757028,15930.203968161171,16428.536219249592,137457.1237728743,0.08129804047122924,53.6733822706439,0.0,0.0,0.0,False,False,False
main,tv_dro_rho_0p01,tv_dro,2025-04-01,9,True,True,20,,0.01,0.7,20.0,optimal_decomposed,73.66552799999772,73.66474770000787,0.0,1,2,15462.571691668607,498.3322510884204,15960.903942757028,16067.203935416597,16565.536186505018,137894.71165864333,0.2267513533956218,62.34991774679308,0.0,0.0,0.0,False,False,False
main,tv_dro_rho_0p01,tv_dro,2025-04-01,10,True,True,20,,0.01,0.7,20.0,optimal_decomposed,73.66552799999772,73.66474770000787,0.0,1,2,15462.571691668607,498.3322510884204,15960.903942757028,15571.654124666866,16069.986375755287,129504.22030049874,0.0,50.911974674909885,0.0,0.0,0.0,False,False,False
main,tv_dro_rho_0p01,tv_dro,2025-04-01,11,True,True,20,,0.01,0.7,20.0,optimal_decomposed,73.66552799999772,73.66474770000787,0.0,1,2,15462.571691668607,498.3322510884204,15960.903942757028,15567.946927844334,16066.279178932755,129173.48581241134,0.0,46.088645269760484,0.0,0.0,0.0,False,False,False
main,tv_dro_rho_0p01,tv_dro,2025-04-01,12,True,True,20,,0.01,0.7,20.0,optimal_decomposed,73.66552799999772,73.66474770000787,0.0,1,2,15462.571691668607,498.3322510884204,15960.903942757028,15626.669207229757,16125.001458318178,141920.27861818593,0.0,48.25258935413102,0.0,0.0,0.0,False,False,False
main,tv_dro_rho_0p01,tv_dro,2025-04-01,13,True,True,20,,0.01,0.7,20.0,optimal_decomposed,73.66552799999772,73.66474770000787,0.0,1,2,15462.571691668607,498.3322510884204,15960.903942757028,16078.442541530589,16576.77479261901,142220.79611495376,0.19491990788199107,56.13135591076995,0.0,0.0,0.0,False,False,False
main,tv_dro_rho_0p01,tv_dro,2025-04-01,14,True,True,20,,0.01,0.7,20.0,optimal_decomposed,73.66552799999772,73.66474770000787,0.0,1,2,15462.571691668607,498.3322510884204,15960.903942757028,15239.258623704367,15737.590874792788,125504.4293966344,0.0,50.78329679021031,0.0,0.0,0.0,False,False,False
main,tv_dro_rho_0p01,tv_dro,2025-04-01,15,True,True,20,,0.01,0.7,20.0,optimal_decomposed,73.66552799999772,73.66474770000787,0.0,1,2,15462.571691668607,498.3322510884204,15960.903942757028,15094.78115369761,15593.11340478603,123180.45788417874,0.0,49.16839802051429,0.0,0.0,0.0,False,False,False
main,tv_dro_rho_0p01,tv_dro,2025-04-01,16,True,True,20,,0.01,0.7,20.0,optimal_decomposed,73.66552799999772,73.66474770000787,0.0,1,2,15462.571691668607,498.3322510884204,15960.903942757028,14964.637231386178,15462.969482474598,119199.17578646567,0.0,50.649018867101816,0.0,0.0,0.0,False,False,False
main,tv_dro_rho_0p01,tv_dro,2025-04-01,17,True,True,20,,0.01,0.7,20.0,optimal_decomposed,73.66552799999772,73.66474770000787,0.0,1,2,15462.571691668607,498.3322510884204,15960.903942757028,15505.775631953626,16004.107883042047,126436.18607342354,0.4565589895130952,63.09864918738514,0.0,0.0,0.0,False,False,False
main,tv_dro_rho_0p01,tv_dro,2025-04-01,18,True,True,20,,0.01,0.7,20.0,optimal_decomposed,73.66552799999772,73.66474770000787,0.0,1,2,15462.571691668607,498.3322510884204,15960.903942757028,16008.757326033832,16507.089577122253,135229.15037160786,0.14514873894994973,57.60448504301517,0.0,0.0,0.0,False,False,False
main,tv_dro_rho_0p01,tv_dro,2025-04-01,19,True,True,20,,0.01,0.7,20.0,optimal_decomposed,73.66552799999772,73.66474770000787,0.0,1,2,15462.571691668607,498.3322510884204,15960.903942757028,15535.933270525027,16034.265521613448,135892.420321632,0.03357741706804973,52.482945723207216,0.0,0.0,0.0,False,False,False
main,tv_dro_rho_0p01,tv_dro,2025-04-01,20,True,True,20,,0.01,0.7,20.0,optimal_decomposed,73.66552799999772,73.66474770000787,0.0,1,2,15462.571691668607,498.3322510884204,15960.903942757028,15915.39187077305,16413.72412186147,139427.1896251759,0.0,49.58012517143518,0.0,0.0,0.0,False,False,False
main,tv_dro_rho_0p01,tv_dro,2025-04-01,21,True,True,20,,0.01,0.7,20.0,optimal_decomposed,73.66552799999772,73.66474770000787,0.0,1,2,15462.571691668607,498.3322510884204,15960.903942757028,15526.283664633858,16024.61591572228,123402.72349040036,0.002128181034477261,49.31125381133027,0.0,0.0,0.0,False,False,False
main,tv_dro_rho_0p01,tv_dro,2025-04-01,22,True,True,20,,0.01,0.7,20.0,optimal_decomposed,73.66552799999772,73.66474770000787,0.0,1,2,15462.571691668607,498.3322510884204,15960.903942757028,15760.77550426602,16259.10775535444,135838.48363346158,0.0,54.07560277643232,0.0,0.0,0.0,False,False,False
main,tv_dro_rho_0p01,tv_dro,2025-04-01,23,True,True,20,,0.01,0.7,20.0,optimal_decomposed,73.66552799999772,73.66474770000787,0.0,1,2,15462.571691668607,498.3322510884204,15960.903942757028,15730.740819726503,16229.073070814924,134718.354076363,0.010348792857132416,51.309790963065495,0.0,0.0,0.0,False,False,False
main,tv_dro_rho_0p01,tv_dro,2025-04-01,24,True,True,20,,0.01,0.7,20.0,optimal_decomposed,73.66552799999772,73.66474770000787,0.0,1,2,15462.571691668607,498.3322510884204,15960.903942757028,15213.815331434706,15712.147582523126,127803.59648117742,0.27753687679619987,61.52670568812887,0.0,0.0,0.0,False,False,False
main,tv_dro_rho_0p01,tv_dro,2025-04-01,25,True,True,20,,0.01,0.7,20.0,optimal_decomposed,73.66552799999772,73.66474770000787,0.0,1,2,15462.571691668607,498.3322510884204,15960.903942757028,17064.64972763398,17562.9819787224,163152.4258211686,0.0,49.358050123855925,0.0,0.0,0.0,False,False,False
main,tv_dro_rho_0p01,tv_dro,2025-04-01,26,True,True,20,,0.01,0.7,20.0,optimal_decomposed,73.66552799999772,73.66474770000787,0.0,1,2,15462.571691668607,498.3322510884204,15960.903942757028,15517.944159220326,16016.276410308747,133730.51554265985,0.0,60.14386822964507,0.0,0.0,0.0,False,False,False
main,tv_dro_rho_0p01,tv_dro,2025-04-01,27,True,True,20,,0.01,0.7,20.0,optimal_decomposed,73.66552799999772,73.66474770000787,0.0,1,2,15462.571691668607,498.3322510884204,15960.903942757028,14988.800075519637,15487.132326608058,118853.10550542471,0.11993636259856327,58.725064820373426,0.0,0.0,0.0,False,False,False
main,tv_dro_rho_0p01,tv_dro,2025-04-01,28,True,True,20,,0.01,0.7,20.0,optimal_decomposed,73.66552799999772,73.66474770000787,0.0,1,2,15462.571691668607,498.3322510884204,15960.903942757028,15694.081161628037,16192.413412716458,132309.79382278793,0.0,45.252019265190754,0.0,0.0,0.0,False,False,False
main,tv_dro_rho_0p01,tv_dro,2025-04-01,29,True,True,20,,0.01,0.7,20.0,optimal_decomposed,73.66552799999772,73.66474770000787,0.0,1,2,15462.571691668607,498.3322510884204,15960.903942757028,16120.4222333725,16618.75448446092,141509.64254202027,0.0,42.90319569026635,0.0,0.0,0.0,False,False,False
main,tv_dro_rho_0p01,tv_dro,2025-04-01,30,True,True,20,,0.01,0.7,20.0,optimal_decomposed,73.66552799999772,73.66474770000787,0.0,1,2,15462.571691668607,498.3322510884204,15960.903942757028,14873.098436368977,15371.430687457398,113468.23051739846,0.0,46.76298604524941,0.0,0.0,0.0,False,False,False
main,tv_dro_rho_0p01,tv_dro,2025-04-01,31,True,True,20,,0.01,0.7,20.0,optimal_decomposed,73.66552799999772,73.66474770000787,0.0,1,2,15462.571691668607,498.3322510884204,15960.903942757028,15995.259929220709,16493.59218030913,147631.18931258042,0.0,51.928257427625205,0.0,0.0,0.0,False,False,False
main,tv_dro_rho_0p01,tv_dro,2025-04-01,32,True,True,20,,0.01,0.7,20.0,optimal_decomposed,73.66552799999772,73.66474770000787,0.0,1,2,15462.571691668607,498.3322510884204,15960.903942757028,15125.592703827826,15623.924954916247,131150.28657716294,0.0,50.3092022342013,0.0,0.0,0.0,False,False,False
main,tv_dro_rho_0p01,tv_dro,2025-04-01,33,True,True,20,,0.01,0.7,20.0,optimal_decomposed,73.66552799999772,73.66474770000787,0.0,1,2,15462.571691668607,498.3322510884204,15960.903942757028,16950.723565131528,17449.05581621995,161653.25733739263,0.0,65.628411139334,0.0,0.0,0.0,False,False,False
main,tv_dro_rho_0p01,tv_dro,2025-04-01,34,True,True,20,,0.01,0.7,20.0,optimal_decomposed,73.66552799999772,73.66474770000787,0.0,1,2,15462.571691668607,498.3322510884204,15960.903942757028,15962.783211012891,16461.115462101312,138566.25684643796,0.0,56.60305636558138,0.0,0.0,0.0,False,False,False
main,tv_dro_rho_0p01,tv_dro,2025-04-01,35,True,True,20,,0.01,0.7,20.0,optimal_decomposed,73.66552799999772,73.66474770000787,0.0,1,2,15462.571691668607,498.3322510884204,15960.903942757028,15402.966963523568,15901.299214611989,123861.00501470415,0.0,58.215106381632275,0.0,0.0,0.0,False,False,False
main,tv_dro_rho_0p01,tv_dro,2025-04-01,36,True,True,20,,0.01,0.7,20.0,optimal_decomposed,73.66552799999772,73.66474770000787,0.0,1,2,15462.571691668607,498.3322510884204,15960.903942757028,15084.46294799506,15582.79519908348,123218.27634480235,0.0,63.839065645410045,0.0,0.0,0.0,False,False,False
main,tv_dro_rho_0p01,tv_dro,2025-04-01,37,True,True,20,,0.01,0.7,20.0,optimal_decomposed,73.66552799999772,73.66474770000787,0.0,1,2,15462.571691668607,498.3322510884204,15960.903942757028,15236.842396003865,15735.174647092286,130737.41067840208,0.0,45.255124342463354,0.0,0.0,0.0,False,False,False
main,tv_dro_rho_0p01,tv_dro,2025-04-01,38,True,True,20,,0.01,0.7,20.0,optimal_decomposed,73.66552799999772,73.66474770000787,0.0,1,2,15462.571691668607,498.3322510884204,15960.903942757028,15425.971434059451,15924.303685147872,131412.87128004595,0.0,50.77792538133536,0.0,0.0,0.0,False,False,False
main,tv_dro_rho_0p01,tv_dro,2025-04-01,39,True,True,20,,0.01,0.7,20.0,optimal_decomposed,73.66552799999772,73.66474770000787,0.0,1,2,15462.571691668607,498.3322510884204,15960.903942757028,15876.684911205135,16375.017162293556,141939.25707258782,0.0,47.73431847074708,0.0,0.0,0.0,False,False,False
main,tv_dro_rho_0p01,tv_dro,2025-04-01,40,True,True,20,,0.01,0.7,20.0,optimal_decomposed,73.66552799999772,73.66474770000787,0.0,1,2,15462.571691668607,498.3322510884204,15960.903942757028,15885.158670718174,16383.490921806595,141209.4682695349,0.0,49.78938715733828,0.0,0.0,0.0,False,False,False
main,tv_dro_rho_0p01,tv_dro,2025-04-01,41,True,True,20,,0.01,0.7,20.0,optimal_decomposed,73.66552799999772,73.66474770000787,0.0,1,2,15462.571691668607,498.3322510884204,15960.903942757028,16093.208800010325,16591.541051098746,137777.61409186994,0.4107092532294219,45.7576133023248,0.0,0.0,0.0,False,False,False
main,tv_dro_rho_0p01,tv_dro,2025-04-01,42,True,True,20,,0.01,0.7,20.0,optimal_decomposed,73.66552799999772,73.66474770000787,0.0,1,2,15462.571691668607,498.3322510884204,15960.903942757028,15608.001610607498,16106.333861695919,137819.11316506547,0.0027577636088178537,60.32236888747158,0.0,0.0,0.0,False,False,False
main,tv_dro_rho_0p01,tv_dro,2025-04-01,43,True,True,20,,0.01,0.7,20.0,optimal_decomposed,73.66552799999772,73.66474770000787,0.0,1,2,15462.571691668607,498.3322510884204,15960.903942757028,14989.087602167083,15487.419853255504,120479.43704102033,0.37436691767606095,54.32523419095614,0.0,0.0,0.0,False,False,False
main,tv_dro_rho_0p01,tv_dro,2025-04-01,44,True,True,20,,0.01,0.7,20.0,optimal_decomposed,73.66552799999772,73.66474770000787,0.0,1,2,15462.571691668607,498.3322510884204,15960.903942757028,15511.691678266996,16010.023929355417,126272.60172797053,0.21118655196572989,54.35250301700041,0.0,0.0,0.0,False,False,False
main,tv_dro_rho_0p01,tv_dro,2025-04-01,45,True,True,20,,0.01,0.7,20.0,optimal_decomposed,73.66552799999772,73.66474770000787,0.0,1,2,15462.571691668607,498.3322510884204,15960.903942757028,16245.239588583501,16743.57183967192,142370.09512134347,0.10536178818291408,57.62717921310969,0.0,0.0,0.0,False,False,False
main,tv_dro_rho_0p01,tv_dro,2025-04-01,46,True,True,20,,0.01,0.7,20.0,optimal_decomposed,73.66552799999772,73.66474770000787,0.0,1,2,15462.571691668607,498.3322510884204,15960.903942757028,15656.778384663532,16155.110635751953,135153.60641457385,0.556538192397245,54.80507694098312,0.0,0.0,0.0,False,False,False
main,tv_dro_rho_0p01,tv_dro,2025-04-01,47,True,True,20,,0.01,0.7,20.0,optimal_decomposed,73.66552799999772,73.66474770000787,0.0,1,2,15462.571691668607,498.3322510884204,15960.903942757028,15885.844617720706,16384.176868809125,142013.02506964377,0.20245962445362897,53.05952417050953,0.0,0.0,0.0,False,False,False
main,tv_dro_rho_0p01,tv_dro,2025-04-01,48,True,True,20,,0.01,0.7,20.0,optimal_decomposed,73.66552799999772,73.66474770000787,0.0,1,2,15462.571691668607,498.3322510884204,15960.903942757028,16469.130566715547,16967.462817803967,149862.08855052773,0.0014028264291716663,49.20701132997507,0.0,0.0,0.0,False,False,False
main,tv_dro_rho_0p01,tv_dro,2025-04-01,49,True,True,20,,0.01,0.7,20.0,optimal_decomposed,73.66552799999772,73.66474770000787,0.0,1,2,15462.571691668607,498.3322510884204,15960.903942757028,16110.311124975806,16608.643376064225,145888.7478682975,0.21224505547008965,60.71197295595979,0.0,0.0,0.0,False,False,False
main,tv_dro_rho_0p01,tv_dro,2025-04-01,50,True,True,20,,0.01,0.7,20.0,optimal_decomposed,73.66552799999772,73.66474770000787,0.0,1,2,15462.571691668607,498.3322510884204,15960.903942757028,15315.746033990708,15814.07828507913,135499.26411288825,0.0,56.61224070034406,0.0,0.0,0.0,False,False,False
main,tv_dro_rho_0p01,tv_dro,2025-04-01,51,True,True,20,,0.01,0.7,20.0,optimal_decomposed,73.66552799999772,73.66474770000787,0.0,1,2,15462.571691668607,498.3322510884204,15960.903942757028,15099.05257072278,15597.384821811202,126696.10053920528,0.0217909726405352,52.39890787604454,0.0,0.0,0.0,False,False,False
main,tv_dro_rho_0p01,tv_dro,2025-04-01,52,True,True,20,,0.01,0.7,20.0,optimal_decomposed,73.66552799999772,73.66474770000787,0.0,1,2,15462.571691668607,498.3322510884204,15960.903942757028,16240.547626407168,16738.879877495587,144978.92690557888,0.32051681140728605,56.90281315035013,0.0,0.0,0.0,False,False,False
main,tv_dro_rho_0p01,tv_dro,2025-04-01,53,True,True,20,,0.01,0.7,20.0,optimal_decomposed,73.66552799999772,73.66474770000787,0.0,1,2,15462.571691668607,498.3322510884204,15960.903942757028,15618.265987525314,16116.598238613735,130580.17824506044,0.0,47.3603607699111,0.0,0.0,0.0,False,False,False
main,tv_dro_rho_0p01,tv_dro,2025-04-01,54,True,True,20,,0.01,0.7,20.0,optimal_decomposed,73.66552799999772,73.66474770000787,0.0,1,2,15462.571691668607,498.3322510884204,15960.903942757028,16314.836777463372,16813.16902855179,144516.77033660366,0.0,51.92796396668121,0.0,0.0,0.0,False,False,False
main,tv_dro_rho_0p01,tv_dro,2025-04-01,55,True,True,20,,0.01,0.7,20.0,optimal_decomposed,73.66552799999772,73.66474770000787,0.0,1,2,15462.571691668607,498.3322510884204,15960.903942757028,15519.894057674117,16018.226308762538,132175.2819756466,0.0,56.079125104117566,0.0,0.0,0.0,False,False,False
main,tv_dro_rho_0p01,tv_dro,2025-04-01,56,True,True,20,,0.01,0.7,20.0,optimal_decomposed,73.66552799999772,73.66474770000787,0.0,1,2,15462.571691668607,498.3322510884204,15960.903942757028,15805.210172595285,16303.542423683706,137361.21042027907,0.0,40.74666124076089,0.0,0.0,0.0,False,False,False
main,tv_dro_rho_0p01,tv_dro,2025-04-01,57,True,True,20,,0.01,0.7,20.0,optimal_decomposed,73.66552799999772,73.66474770000787,0.0,1,2,15462.571691668607,498.3322510884204,15960.903942757028,15437.039842638755,15935.372093727176,131438.96725952785,0.2556731293790375,52.53298984401663,0.0,0.0,0.0,False,False,False
main,tv_dro_rho_0p01,tv_dro,2025-04-01,58,True,True,20,,0.01,0.7,20.0,optimal_decomposed,73.66552799999772,73.66474770000787,0.0,1,2,15462.571691668607,498.3322510884204,15960.903942757028,16534.341620093022,17032.673871181443,150021.73043611407,0.0,61.675694802806696,0.0,0.0,0.0,False,False,False
main,tv_dro_rho_0p01,tv_dro,2025-04-01,59,True,True,20,,0.01,0.7,20.0,optimal_decomposed,73.66552799999772,73.66474770000787,0.0,1,2,15462.571691668607,498.3322510884204,15960.903942757028,16426.593680961105,16924.925932049526,150107.76545624182,0.0,54.28854239606911,0.0,0.0,0.0,False,False,False
main,tv_dro_rho_0p01,tv_dro,2025-04-01,60,True,True,20,,0.01,0.7,20.0,optimal_decomposed,73.66552799999772,73.66474770000787,0.0,1,2,15462.571691668607,498.3322510884204,15960.903942757028,15780.472991980801,16278.805243069222,140094.43616183792,0.1149817372619506,56.037813730463945,0.0,0.0,0.0,False,False,False
main,tv_dro_rho_0p01,tv_dro,2025-04-01,61,True,True,20,,0.01,0.7,20.0,optimal_decomposed,73.66552799999772,73.66474770000787,0.0,1,2,15462.571691668607,498.3322510884204,15960.903942757028,15738.972809933626,16237.305061022047,137478.99954560547,0.0,44.574020237551,0.0,0.0,0.0,False,False,False
main,tv_dro_rho_0p01,tv_dro,2025-04-01,62,True,True,20,,0.01,0.7,20.0,optimal_decomposed,73.66552799999772,73.66474770000787,0.0,1,2,15462.571691668607,498.3322510884204,15960.903942757028,15095.775948886168,15594.10819997459,123382.15053137681,0.0,56.90505708507346,0.0,0.0,0.0,False,False,False
main,tv_dro_rho_0p01,tv_dro,2025-04-01,63,True,True,20,,0.01,0.7,20.0,optimal_decomposed,73.66552799999772,73.66474770000787,0.0,1,2,15462.571691668607,498.3322510884204,15960.903942757028,15754.632397021554,16252.964648109975,130613.05567152903,0.0,62.250586498750096,0.0,0.0,0.0,False,False,False
main,tv_dro_rho_0p01,tv_dro,2025-04-01,64,True,True,20,,0.01,0.7,20.0,optimal_decomposed,73.66552799999772,73.66474770000787,0.0,1,2,15462.571691668607,498.3322510884204,15960.903942757028,15378.836053547244,15877.168304635665,122477.33127195298,0.26750975972726243,49.92983462992897,0.0,0.0,0.0,False,False,False
main,tv_dro_rho_0p01,tv_dro,2025-04-01,65,True,True,20,,0.01,0.7,20.0,optimal_decomposed,73.66552799999772,73.66474770000787,0.0,1,2,15462.571691668607,498.3322510884204,15960.903942757028,15994.71952763981,16493.05177872823,134594.4237962563,0.0,59.15945726764404,0.0,0.0,0.0,False,False,False
main,tv_dro_rho_0p01,tv_dro,2025-04-01,66,True,True,20,,0.01,0.7,20.0,optimal_decomposed,73.66552799999772,73.66474770000787,0.0,1,2,15462.571691668607,498.3322510884204,15960.903942757028,15920.947983652311,16419.28023474073,139288.69873331147,0.0,61.57577695330831,0.0,0.0,0.0,False,False,False
main,tv_dro_rho_0p01,tv_dro,2025-04-01,67,True,True,20,,0.01,0.7,20.0,optimal_decomposed,73.66552799999772,73.66474770000787,0.0,1,2,15462.571691668607,498.3322510884204,15960.903942757028,14750.262860820412,15248.595111908833,119645.02077001108,0.0,57.197821699229685,0.0,0.0,0.0,False,False,False
main,tv_dro_rho_0p01,tv_dro,2025-04-01,68,True,True,20,,0.01,0.7,20.0,optimal_decomposed,73.66552799999772,73.66474770000787,0.0,1,2,15462.571691668607,498.3322510884204,15960.903942757028,16712.978895005057,17211.311146093478,157575.99954061507,0.051926476512146325,55.566671276051146,0.0,0.0,0.0,False,False,False
main,tv_dro_rho_0p01,tv_dro,2025-04-01,69,True,True,20,,0.01,0.7,20.0,optimal_decomposed,73.66552799999772,73.66474770000787,0.0,1,2,15462.571691668607,498.3322510884204,15960.903942757028,16930.72002161761,17429.05227270603,152330.21744312358,0.07724978725300274,57.65521036166859,0.0,0.0,0.0,False,False,False
main,tv_dro_rho_0p01,tv_dro,2025-04-01,70,True,True,20,,0.01,0.7,20.0,optimal_decomposed,73.66552799999772,73.66474770000787,0.0,1,2,15462.571691668607,498.3322510884204,15960.903942757028,16064.241145477434,16562.573396565855,145445.44488050084,0.02927285739058108,61.963003296877396,0.0,0.0,0.0,False,False,False
main,tv_dro_rho_0p01,tv_dro,2025-04-01,71,True,True,20,,0.01,0.7,20.0,optimal_decomposed,73.66552799999772,73.66474770000787,0.0,1,2,15462.571691668607,498.3322510884204,15960.903942757028,14996.383758196716,15494.716009285137,129286.15678510252,0.1315924875714931,59.43020006794908,0.0,0.0,0.0,False,False,False
main,tv_dro_rho_0p01,tv_dro,2025-04-01,72,True,True,20,,0.01,0.7,20.0,optimal_decomposed,73.66552799999772,73.66474770000787,0.0,1,2,15462.571691668607,498.3322510884204,15960.903942757028,15507.230081341482,16005.562332429903,129467.95117854586,0.06135904654348967,60.58855110956273,0.0,0.0,0.0,False,False,False
main,tv_dro_rho_0p01,tv_dro,2025-04-01,73,True,True,20,,0.01,0.7,20.0,optimal_decomposed,73.66552799999772,73.66474770000787,0.0,1,2,15462.571691668607,498.3322510884204,15960.903942757028,15648.919177682648,16147.25142877107,130417.11166538103,0.0,52.22741554574128,0.0,0.0,0.0,False,False,False
main,tv_dro_rho_0p01,tv_dro,2025-04-01,74,True,True,20,,0.01,0.7,20.0,optimal_decomposed,73.66552799999772,73.66474770000787,0.0,1,2,15462.571691668607,498.3322510884204,15960.903942757028,15352.29332423057,15850.62557531899,121347.65527818534,0.09269872859022721,55.12945337997129,0.0,0.0,0.0,False,False,False
main,tv_dro_rho_0p01,tv_dro,2025-04-01,75,True,True,20,,0.01,0.7,20.0,optimal_decomposed,73.66552799999772,73.66474770000787,0.0,1,2,15462.571691668607,498.3322510884204,15960.903942757028,15890.328790752912,16388.661041841333,136020.91759919227,0.06707832122676963,49.23851094240133,0.0,0.0,0.0,False,False,False
main,tv_dro_rho_0p01,tv_dro,2025-04-01,76,True,True,20,,0.01,0.7,20.0,optimal_decomposed,73.66552799999772,73.66474770000787,0.0,1,2,15462.571691668607,498.3322510884204,15960.903942757028,16410.289691491544,16908.621942579965,153436.92180384384,0.0,54.05142253146264,0.0,0.0,0.0,False,False,False
main,tv_dro_rho_0p01,tv_dro,2025-04-01,77,True,True,20,,0.01,0.7,20.0,optimal_decomposed,73.66552799999772,73.66474770000787,0.0,1,2,15462.571691668607,498.3322510884204,15960.903942757028,14917.437441325299,15415.76969241372,121505.31776733922,0.1125936476283731,48.69221655712133,0.0,0.0,0.0,False,False,False
main,tv_dro_rho_0p01,tv_dro,2025-04-01,78,True,True,20,,0.01,0.7,20.0,optimal_decomposed,73.66552799999772,73.66474770000787,0.0,1,2,15462.571691668607,498.3322510884204,15960.903942757028,15438.403575419687,15936.735826508107,126383.48449138558,0.7383821474890364,54.285448496680054,0.0,0.0,0.0,False,False,False
main,tv_dro_rho_0p01,tv_dro,2025-04-01,79,True,True,20,,0.01,0.7,20.0,optimal_decomposed,73.66552799999772,73.66474770000787,0.0,1,2,15462.571691668607,498.3322510884204,15960.903942757028,16156.810487454477,16655.142738542898,144868.49953915534,0.0,49.73914569748965,0.0,0.0,0.0,False,False,False
main,tv_dro_rho_0p01,tv_dro,2025-04-01,80,True,True,20,,0.01,0.7,20.0,optimal_decomposed,73.66552799999772,73.66474770000787,0.0,1,2,15462.571691668607,498.3322510884204,15960.903942757028,16296.237505798737,16794.56975688716,145593.9332370919,0.0,48.56676603511592,0.0,0.0,0.0,False,False,False
main,tv_dro_rho_0p01,tv_dro,2025-04-01,81,True,True,20,,0.01,0.7,20.0,optimal_decomposed,73.66552799999772,73.66474770000787,0.0,1,2,15462.571691668607,498.3322510884204,15960.903942757028,15700.983755175377,16199.316006263798,131346.90166650634,0.0,60.02004599838988,0.0,0.0,0.0,False,False,False
main,tv_dro_rho_0p01,tv_dro,2025-04-01,82,True,True,20,,0.01,0.7,20.0,optimal_decomposed,73.66552799999772,73.66474770000787,0.0,1,2,15462.571691668607,498.3322510884204,15960.903942757028,15353.429272481053,15851.761523569474,130468.09864049699,0.024667638234380673,47.986981522504486,0.0,0.0,0.0,False,False,False
main,tv_dro_rho_0p01,tv_dro,2025-04-01,83,True,True,20,,0.01,0.7,20.0,optimal_decomposed,73.66552799999772,73.66474770000787,0.0,1,2,15462.571691668607,498.3322510884204,15960.903942757028,16231.788213207863,16730.120464296284,149083.51259371362,0.0,47.756531065181875,0.0,0.01629768302856549,0.0,False,True,False
main,tv_dro_rho_0p01,tv_dro,2025-04-01,84,True,True,20,,0.01,0.7,20.0,optimal_decomposed,73.66552799999772,73.66474770000787,0.0,1,2,15462.571691668607,498.3322510884204,15960.903942757028,16325.906271294505,16824.238522382926,148140.63089852463,0.19813330840373755,49.966516995323126,0.0,0.0,0.0,False,False,False
main,tv_dro_rho_0p01,tv_dro,2025-04-01,85,True,True,20,,0.01,0.7,20.0,optimal_decomposed,73.66552799999772,73.66474770000787,0.0,1,2,15462.571691668607,498.3322510884204,15960.903942757028,16033.88940515775,16532.22165624617,136880.21123279445,0.0,63.702167262197875,0.0,0.0,0.0,False,False,False
main,tv_dro_rho_0p01,tv_dro,2025-04-01,86,True,True,20,,0.01,0.7,20.0,optimal_decomposed,73.66552799999772,73.66474770000787,0.0,1,2,15462.571691668607,498.3322510884204,15960.903942757028,15876.330753971157,16374.663005059578,137950.5848037353,0.0,45.70808398633311,0.0,0.0,0.0,False,False,False
main,tv_dro_rho_0p01,tv_dro,2025-04-01,87,True,True,20,,0.01,0.7,20.0,optimal_decomposed,73.66552799999772,73.66474770000787,0.0,1,2,15462.571691668607,498.3322510884204,15960.903942757028,14772.036044958426,15270.368296046847,118953.65758010873,0.1769035017891622,50.5699151860952,0.0,0.0,0.0,False,False,False
main,tv_dro_rho_0p01,tv_dro,2025-04-01,88,True,True,20,,0.01,0.7,20.0,optimal_decomposed,73.66552799999772,73.66474770000787,0.0,1,2,15462.571691668607,498.3322510884204,15960.903942757028,15188.802401703811,15687.134652792232,121052.32191510202,0.07371281183821277,62.3137368838832,0.0,0.035014517668540135,0.0,False,True,False
main,tv_dro_rho_0p01,tv_dro,2025-04-01,89,True,True,20,,0.01,0.7,20.0,optimal_decomposed,73.66552799999772,73.66474770000787,0.0,1,2,15462.571691668607,498.3322510884204,15960.903942757028,16011.112564228217,16509.444815316638,136138.83552313477,0.0,52.0572349129438,0.0,0.0,0.0,False,False,False
main,tv_dro_rho_0p01,tv_dro,2025-04-01,90,True,True,20,,0.01,0.7,20.0,optimal_decomposed,73.66552799999772,73.66474770000787,0.0,1,2,15462.571691668607,498.3322510884204,15960.903942757028,15691.326404108582,16189.658655197003,131250.65069268915,0.44069085931518565,59.39324181837708,0.0,0.0,0.0,False,False,False
main,tv_dro_rho_0p01,tv_dro,2025-04-01,91,True,True,20,,0.01,0.7,20.0,optimal_decomposed,73.66552799999772,73.66474770000787,0.0,1,2,15462.571691668607,498.3322510884204,15960.903942757028,14832.659562615552,15330.991813703973,113219.7508528981,0.0,54.60957522879558,0.0,0.0,0.0,False,False,False
main,tv_dro_rho_0p01,tv_dro,2025-04-01,92,True,True,20,,0.01,0.7,20.0,optimal_decomposed,73.66552799999772,73.66474770000787,0.0,1,2,15462.571691668607,498.3322510884204,15960.903942757028,15292.938026616936,15791.270277705356,124975.59145771358,0.0,44.41900540191496,0.0,0.0,0.0,False,False,False
main,tv_dro_rho_0p01,tv_dro,2025-04-01,93,True,True,20,,0.01,0.7,20.0,optimal_decomposed,73.66552799999772,73.66474770000787,0.0,1,2,15462.571691668607,498.3322510884204,15960.903942757028,15381.490975969002,15879.823227057423,135502.64101117526,0.0,54.73197976005351,0.0,0.0,0.0,False,False,False
main,tv_dro_rho_0p01,tv_dro,2025-04-01,94,True,True,20,,0.01,0.7,20.0,optimal_decomposed,73.66552799999772,73.66474770000787,0.0,1,2,15462.571691668607,498.3322510884204,15960.903942757028,15309.114677753398,15807.446928841819,127246.78523892807,0.0,49.23932304800367,0.0,0.0,0.0,False,False,False
main,tv_dro_rho_0p01,tv_dro,2025-04-01,95,True,True,20,,0.01,0.7,20.0,optimal_decomposed,73.66552799999772,73.66474770000787,0.0,1,2,15462.571691668607,498.3322510884204,15960.903942757028,15077.546169443085,15575.878420531506,124125.3351501236,0.0,55.19200677051479,0.0,0.0,0.0,False,False,False
main,tv_dro_rho_0p01,tv_dro,2025-04-01,96,True,True,20,,0.01,0.7,20.0,optimal_decomposed,73.66552799999772,73.66474770000787,0.0,1,2,15462.571691668607,498.3322510884204,15960.903942757028,15184.22605963571,15682.558310724131,130519.78178479659,0.0,55.23656175967,0.0,0.0,0.0,False,False,False
main,tv_dro_rho_0p01,tv_dro,2025-04-01,97,True,True,20,,0.01,0.7,20.0,optimal_decomposed,73.66552799999772,73.66474770000787,0.0,1,2,15462.571691668607,498.3322510884204,15960.903942757028,15386.31509712755,15884.64734821597,128024.07461717879,0.0,55.570760320414166,0.0,0.0,0.0,False,False,False
main,tv_dro_rho_0p01,tv_dro,2025-04-01,98,True,True,20,,0.01,0.7,20.0,optimal_decomposed,73.66552799999772,73.66474770000787,0.0,1,2,15462.571691668607,498.3322510884204,15960.903942757028,15493.096532664453,15991.428783752874,128945.7493282662,0.0095903391638259,45.23823100444163,0.0,0.0,0.0,False,False,False
main,tv_dro_rho_0p01,tv_dro,2025-04-01,99,True,True,20,,0.01,0.7,20.0,optimal_decomposed,73.66552799999772,73.66474770000787,0.0,1,2,15462.571691668607,498.3322510884204,15960.903942757028,15120.864534973589,15619.19678606201,125011.3344492573,0.0,55.827907568296304,0.0,0.0,0.0,False,False,False
main,tv_dro_rho_0p01,tv_dro,2025-07-01,0,True,True,20,,0.01,0.7,20.0,optimal_decomposed,75.92234010000539,75.92156280000927,0.0,1,2,15865.460962360707,295.27094918190426,16160.73191154261,14984.76210658398,15280.033055765884,151715.5062047951,0.0,60.71097435037855,0.0,0.0,0.0,False,False,False
main,tv_dro_rho_0p01,tv_dro,2025-07-01,1,True,True,20,,0.01,0.7,20.0,optimal_decomposed,75.92234010000539,75.92156280000927,0.0,1,2,15865.460962360707,295.27094918190426,16160.73191154261,16263.713690558874,16558.98463974078,168640.60291632012,0.009275080685223813,67.952470819193,0.0,0.0,0.0,False,False,False
main,tv_dro_rho_0p01,tv_dro,2025-07-01,2,True,True,20,,0.01,0.7,20.0,optimal_decomposed,75.92234010000539,75.92156280000927,0.0,1,2,15865.460962360707,295.27094918190426,16160.73191154261,15564.66942425835,15859.940373440255,161459.2704484313,0.004306580331079807,53.699799064202615,0.0,0.0,0.0,False,False,False
main,tv_dro_rho_0p01,tv_dro,2025-07-01,3,True,True,20,,0.01,0.7,20.0,optimal_decomposed,75.92234010000539,75.92156280000927,0.0,1,2,15865.460962360707,295.27094918190426,16160.73191154261,15976.223443213785,16271.494392395689,169031.73015035823,0.0,61.9329591919251,0.0,0.0,0.0,False,False,False
main,tv_dro_rho_0p01,tv_dro,2025-07-01,4,True,True,20,,0.01,0.7,20.0,optimal_decomposed,75.92234010000539,75.92156280000927,0.0,1,2,15865.460962360707,295.27094918190426,16160.73191154261,15677.127543357668,15972.398492539573,167388.7820634561,0.0,53.92481167423871,0.0,0.0,0.0,False,False,False
main,tv_dro_rho_0p01,tv_dro,2025-07-01,5,True,True,20,,0.01,0.7,20.0,optimal_decomposed,75.92234010000539,75.92156280000927,0.0,1,2,15865.460962360707,295.27094918190426,16160.73191154261,16197.215732619536,16492.48668180144,179928.5273225512,0.0,60.658596331572404,0.0,0.0,0.0,False,False,False
main,tv_dro_rho_0p01,tv_dro,2025-07-01,6,True,True,20,,0.01,0.7,20.0,optimal_decomposed,75.92234010000539,75.92156280000927,0.0,1,2,15865.460962360707,295.27094918190426,16160.73191154261,16617.719438633136,16912.99038781504,172651.8139259612,0.0,58.19616814793978,0.0,0.0,0.0,False,False,False
main,tv_dro_rho_0p01,tv_dro,2025-07-01,7,True,True,20,,0.01,0.7,20.0,optimal_decomposed,75.92234010000539,75.92156280000927,0.0,1,2,15865.460962360707,295.27094918190426,16160.73191154261,15872.178909022528,16167.449858204433,156538.91198805626,0.0,56.95412168008034,0.0,0.0,0.0,False,False,False
main,tv_dro_rho_0p01,tv_dro,2025-07-01,8,True,True,20,,0.01,0.7,20.0,optimal_decomposed,75.92234010000539,75.92156280000927,0.0,1,2,15865.460962360707,295.27094918190426,16160.73191154261,15999.662966599448,16294.933915781352,169751.91600085975,0.0770122414299278,58.901599270624395,0.0,0.0,0.0,False,False,False
main,tv_dro_rho_0p01,tv_dro,2025-07-01,9,True,True,20,,0.01,0.7,20.0,optimal_decomposed,75.92234010000539,75.92156280000927,0.0,1,2,15865.460962360707,295.27094918190426,16160.73191154261,16329.310814070037,16624.581763251943,172615.09571876345,0.0,66.30617261851681,0.0,0.0,0.0,False,False,False
main,tv_dro_rho_0p01,tv_dro,2025-07-01,10,True,True,20,,0.01,0.7,20.0,optimal_decomposed,75.92234010000539,75.92156280000927,0.0,1,2,15865.460962360707,295.27094918190426,16160.73191154261,15808.845988443916,16104.11693762582,163160.09067775714,0.0,57.57497100293429,0.0,0.0,0.0,False,False,False
main,tv_dro_rho_0p01,tv_dro,2025-07-01,11,True,True,20,,0.01,0.7,20.0,optimal_decomposed,75.92234010000539,75.92156280000927,0.0,1,2,15865.460962360707,295.27094918190426,16160.73191154261,15896.668317922453,16191.939267104357,162614.05191861207,0.0,53.42706493314444,0.0,0.0,0.0,False,False,False
main,tv_dro_rho_0p01,tv_dro,2025-07-01,12,True,True,20,,0.01,0.7,20.0,optimal_decomposed,75.92234010000539,75.92156280000927,0.0,1,2,15865.460962360707,295.27094918190426,16160.73191154261,16227.997644421725,16523.26859360363,175729.31255202874,0.0,55.406596903251696,0.0,0.0,0.0,False,False,False
main,tv_dro_rho_0p01,tv_dro,2025-07-01,13,True,True,20,,0.01,0.7,20.0,optimal_decomposed,75.92234010000539,75.92156280000927,0.0,1,2,15865.460962360707,295.27094918190426,16160.73191154261,16560.385032613613,16855.655981795517,176839.20677255077,0.049147421643392114,62.04034765686499,0.0,0.0,0.0,False,False,False
main,tv_dro_rho_0p01,tv_dro,2025-07-01,14,True,True,20,,0.01,0.7,20.0,optimal_decomposed,75.92234010000539,75.92156280000927,0.0,1,2,15865.460962360707,295.27094918190426,16160.73191154261,15607.337780059825,15902.608729241729,158797.32524941803,0.0,57.96803863574192,0.0,0.0,0.0,False,False,False
main,tv_dro_rho_0p01,tv_dro,2025-07-01,15,True,True,20,,0.01,0.7,20.0,optimal_decomposed,75.92234010000539,75.92156280000927,0.0,1,2,15865.460962360707,295.27094918190426,16160.73191154261,15382.027746452997,15677.298695634901,154472.5834310325,0.0,52.10594055655928,0.0,0.0,0.0,False,False,False
main,tv_dro_rho_0p01,tv_dro,2025-07-01,16,True,True,20,,0.01,0.7,20.0,optimal_decomposed,75.92234010000539,75.92156280000927,0.0,1,2,15865.460962360707,295.27094918190426,16160.73191154261,15310.42680960538,15605.697758787284,151668.55129824896,0.0,53.846443017028136,0.0,0.0,0.0,False,False,False
main,tv_dro_rho_0p01,tv_dro,2025-07-01,17,True,True,20,,0.01,0.7,20.0,optimal_decomposed,75.92234010000539,75.92156280000927,0.0,1,2,15865.460962360707,295.27094918190426,16160.73191154261,16036.685435908028,16331.956385089932,157762.9202553008,0.0,66.04569673807654,0.0,0.0,0.0,False,False,False
main,tv_dro_rho_0p01,tv_dro,2025-07-01,18,True,True,20,,0.01,0.7,20.0,optimal_decomposed,75.92234010000539,75.92156280000927,0.0,1,2,15865.460962360707,295.27094918190426,16160.73191154261,16531.20594287303,16826.476892054936,168237.727720767,0.0,61.46335689660168,0.0,0.0,0.0,False,False,False
main,tv_dro_rho_0p01,tv_dro,2025-07-01,19,True,True,20,,0.01,0.7,20.0,optimal_decomposed,75.92234010000539,75.92156280000927,0.0,1,2,15865.460962360707,295.27094918190426,16160.73191154261,15709.345309605678,16004.616258787582,168111.00990616152,0.0034046656699324718,57.513539299207494,0.0,0.0,0.0,False,False,False
main,tv_dro_rho_0p01,tv_dro,2025-07-01,20,True,True,20,,0.01,0.7,20.0,optimal_decomposed,75.92234010000539,75.92156280000927,0.0,1,2,15865.460962360707,295.27094918190426,16160.73191154261,16492.528182249167,16787.79913143107,173468.3866896671,0.0,53.524512018482696,0.0,0.0,0.0,False,False,False
main,tv_dro_rho_0p01,tv_dro,2025-07-01,21,True,True,20,,0.01,0.7,20.0,optimal_decomposed,75.92234010000539,75.92156280000927,0.0,1,2,15865.460962360707,295.27094918190426,16160.73191154261,15779.17933262406,16074.450281805965,155909.78693241856,0.06801080911088159,52.37337255232645,0.0,0.0,0.0,False,False,False
main,tv_dro_rho_0p01,tv_dro,2025-07-01,22,True,True,20,,0.01,0.7,20.0,optimal_decomposed,75.92234010000539,75.92156280000927,0.0,1,2,15865.460962360707,295.27094918190426,16160.73191154261,16251.08291690075,16546.353866082656,170053.8941854743,0.0,57.12516158887278,0.0,0.0,0.0,False,False,False
main,tv_dro_rho_0p01,tv_dro,2025-07-01,23,True,True,20,,0.01,0.7,20.0,optimal_decomposed,75.92234010000539,75.92156280000927,0.0,1,2,15865.460962360707,295.27094918190426,16160.73191154261,16061.083385028349,16356.354334210253,169377.20576155125,0.0,58.40138041439726,0.0,0.0,0.0,False,False,False
main,tv_dro_rho_0p01,tv_dro,2025-07-01,24,True,True,20,,0.01,0.7,20.0,optimal_decomposed,75.92234010000539,75.92156280000927,0.0,1,2,15865.460962360707,295.27094918190426,16160.73191154261,16044.706352777714,16339.977301959618,160406.53387940532,0.02809956817444023,66.39727381308654,0.0,0.0,0.0,False,False,False
main,tv_dro_rho_0p01,tv_dro,2025-07-01,25,True,True,20,,0.01,0.7,20.0,optimal_decomposed,75.92234010000539,75.92156280000927,0.0,1,2,15865.460962360707,295.27094918190426,16160.73191154261,17572.463589407165,17867.73453858907,199009.97309134438,0.0,53.55251514452979,0.0,0.0,0.0,False,False,False
main,tv_dro_rho_0p01,tv_dro,2025-07-01,26,True,True,20,,0.01,0.7,20.0,optimal_decomposed,75.92234010000539,75.92156280000927,0.0,1,2,15865.460962360707,295.27094918190426,16160.73191154261,15827.283603954187,16122.554553136091,166530.27476213116,0.04125405456629741,64.53733231135888,0.0,0.0,0.0,False,False,False
main,tv_dro_rho_0p01,tv_dro,2025-07-01,27,True,True,20,,0.01,0.7,20.0,optimal_decomposed,75.92234010000539,75.92156280000927,0.0,1,2,15865.460962360707,295.27094918190426,16160.73191154261,15185.776777457962,15481.047726639867,151319.5748652867,0.0489525043027344,63.81090338895865,0.0,0.0,0.0,False,False,False
main,tv_dro_rho_0p01,tv_dro,2025-07-01,28,True,True,20,,0.01,0.7,20.0,optimal_decomposed,75.92234010000539,75.92156280000927,0.0,1,2,15865.460962360707,295.27094918190426,16160.73191154261,16120.969333747078,16416.240282928982,166116.21122964914,0.0,50.436138711894685,0.0,0.0,0.0,False,False,False
main,tv_dro_rho_0p01,tv_dro,2025-07-01,29,True,True,20,,0.01,0.7,20.0,optimal_decomposed,75.92234010000539,75.92156280000927,0.0,1,2,15865.460962360707,295.27094918190426,16160.73191154261,16153.744675705222,16449.015624887128,175708.4041331145,0.0,48.65081124825046,0.0,0.0,0.0,False,False,False
main,tv_dro_rho_0p01,tv_dro,2025-07-01,30,True,True,20,,0.01,0.7,20.0,optimal_decomposed,75.92234010000539,75.92156280000927,0.0,1,2,15865.460962360707,295.27094918190426,16160.73191154261,15419.248773483256,15714.51972266516,145396.1311353768,0.0,53.46438580387949,0.0,0.0,0.0,False,False,False
main,tv_dro_rho_0p01,tv_dro,2025-07-01,31,True,True,20,,0.01,0.7,20.0,optimal_decomposed,75.92234010000539,75.92156280000927,0.0,1,2,15865.460962360707,295.27094918190426,16160.73191154261,16539.32688442002,16834.597833601925,183161.999252654,0.0,57.17442765265582,0.0,0.0,0.0,False,False,False
main,tv_dro_rho_0p01,tv_dro,2025-07-01,32,True,True,20,,0.01,0.7,20.0,optimal_decomposed,75.92234010000539,75.92156280000927,0.0,1,2,15865.460962360707,295.27094918190426,16160.73191154261,15669.27125516662,15964.542204348525,163919.41183607944,0.0,62.72335181634897,0.0,0.0,0.0,False,False,False
main,tv_dro_rho_0p01,tv_dro,2025-07-01,33,True,True,20,,0.01,0.7,20.0,optimal_decomposed,75.92234010000539,75.92156280000927,0.0,1,2,15865.460962360707,295.27094918190426,16160.73191154261,17064.893679202894,17360.1646283848,198583.17932274606,0.0,71.8277956973376,0.0,0.0,0.0,False,False,False
main,tv_dro_rho_0p01,tv_dro,2025-07-01,34,True,True,20,,0.01,0.7,20.0,optimal_decomposed,75.92234010000539,75.92156280000927,0.0,1,2,15865.460962360707,295.27094918190426,16160.73191154261,16446.303646873224,16741.57459605513,173544.66073696123,0.0,62.19225090528324,0.0,0.0,0.0,False,False,False
main,tv_dro_rho_0p01,tv_dro,2025-07-01,35,True,True,20,,0.01,0.7,20.0,optimal_decomposed,75.92234010000539,75.92156280000927,0.0,1,2,15865.460962360707,295.27094918190426,16160.73191154261,16030.902292130397,16326.1732413123,155944.4272040245,0.0,60.38464375058058,0.0,0.0,0.0,False,False,False
main,tv_dro_rho_0p01,tv_dro,2025-07-01,36,True,True,20,,0.01,0.7,20.0,optimal_decomposed,75.92234010000539,75.92156280000927,0.0,1,2,15865.460962360707,295.27094918190426,16160.73191154261,15367.817116690447,15663.08806587235,155347.3633752317,0.0,66.74158225953502,0.0,0.0,0.0,False,False,False
main,tv_dro_rho_0p01,tv_dro,2025-07-01,37,True,True,20,,0.01,0.7,20.0,optimal_decomposed,75.92234010000539,75.92156280000927,0.0,1,2,15865.460962360707,295.27094918190426,16160.73191154261,15645.191548598466,15940.46249778037,163027.71236975575,0.0,47.43207324591333,0.0,0.0,0.0,False,False,False
main,tv_dro_rho_0p01,tv_dro,2025-07-01,38,True,True,20,,0.01,0.7,20.0,optimal_decomposed,75.92234010000539,75.92156280000927,0.0,1,2,15865.460962360707,295.27094918190426,16160.73191154261,15805.649044708738,16100.919993890642,165424.45966053134,0.0,52.02432242483909,0.0,0.0,0.0,False,False,False
main,tv_dro_rho_0p01,tv_dro,2025-07-01,39,True,True,20,,0.01,0.7,20.0,optimal_decomposed,75.92234010000539,75.92156280000927,0.0,1,2,15865.460962360707,295.27094918190426,16160.73191154261,15989.799765041249,16285.070714223153,175060.18324923096,0.0,50.87383655217339,0.0,0.0,0.0,False,False,False
main,tv_dro_rho_0p01,tv_dro,2025-07-01,40,True,True,20,,0.01,0.7,20.0,optimal_decomposed,75.92234010000539,75.92156280000927,0.0,1,2,15865.460962360707,295.27094918190426,16160.73191154261,16343.590919078615,16638.86186826052,176205.05769181906,0.0,48.173904922887594,0.0,0.0,0.0,False,False,False
main,tv_dro_rho_0p01,tv_dro,2025-07-01,41,True,True,20,,0.01,0.7,20.0,optimal_decomposed,75.92234010000539,75.92156280000927,0.0,1,2,15865.460962360707,295.27094918190426,16160.73191154261,15973.576715657175,16268.847664839079,171219.56757569915,0.0,43.95210654231154,0.0,0.0,0.0,False,False,False
main,tv_dro_rho_0p01,tv_dro,2025-07-01,42,True,True,20,,0.01,0.7,20.0,optimal_decomposed,75.92234010000539,75.92156280000927,0.0,1,2,15865.460962360707,295.27094918190426,16160.73191154261,16394.762716559926,16690.03366574183,170810.40210207665,0.1742859629814884,65.1745010988863,0.0,0.0,0.0,False,False,False
main,tv_dro_rho_0p01,tv_dro,2025-07-01,43,True,True,20,,0.01,0.7,20.0,optimal_decomposed,75.92234010000539,75.92156280000927,0.0,1,2,15865.460962360707,295.27094918190426,16160.73191154261,15219.387306756957,15514.65825593886,152489.48711542445,0.03537959804336485,59.04420951718759,0.0,0.0,0.0,False,False,False
main,tv_dro_rho_0p01,tv_dro,2025-07-01,44,True,True,20,,0.01,0.7,20.0,optimal_decomposed,75.92234010000539,75.92156280000927,0.0,1,2,15865.460962360707,295.27094918190426,16160.73191154261,15807.642199627906,16102.91314880981,160295.04494762758,0.04035873634708742,58.18283654583744,0.0,0.0,0.0,False,False,False
main,tv_dro_rho_0p01,tv_dro,2025-07-01,45,True,True,20,,0.01,0.7,20.0,optimal_decomposed,75.92234010000539,75.92156280000927,0.0,1,2,15865.460962360707,295.27094918190426,16160.73191154261,16370.15315910075,16665.424108282656,177219.92291923676,0.0,66.22553191016586,0.0,0.0,0.0,False,False,False
main,tv_dro_rho_0p01,tv_dro,2025-07-01,46,True,True,20,,0.01,0.7,20.0,optimal_decomposed,75.92234010000539,75.92156280000927,0.0,1,2,15865.460962360707,295.27094918190426,16160.73191154261,16435.46146801728,16730.732417199186,168764.07101947055,0.056708117591765195,60.79977490082101,0.0,0.0,0.0,False,False,False
main,tv_dro_rho_0p01,tv_dro,2025-07-01,47,True,True,20,,0.01,0.7,20.0,optimal_decomposed,75.92234010000539,75.92156280000927,0.0,1,2,15865.460962360707,295.27094918190426,16160.73191154261,16508.17848769366,16803.449436875566,175481.2338614861,0.0,59.10923551878574,0.0,0.0,0.0,False,False,False
main,tv_dro_rho_0p01,tv_dro,2025-07-01,48,True,True,20,,0.01,0.7,20.0,optimal_decomposed,75.92234010000539,75.92156280000927,0.0,1,2,15865.460962360707,295.27094918190426,16160.73191154261,16907.457613979845,17202.72856316175,184227.1596663186,0.0,56.88722780715775,0.0,0.0,0.0,False,False,False
main,tv_dro_rho_0p01,tv_dro,2025-07-01,49,True,True,20,,0.01,0.7,20.0,optimal_decomposed,75.92234010000539,75.92156280000927,0.0,1,2,15865.460962360707,295.27094918190426,16160.73191154261,16617.48201781308,16912.752966994984,180499.39297322658,0.0,67.87838039994041,0.0,0.0,0.0,False,False,False
main,tv_dro_rho_0p01,tv_dro,2025-07-01,50,True,True,20,,0.01,0.7,20.0,optimal_decomposed,75.92234010000539,75.92156280000927,0.0,1,2,15865.460962360707,295.27094918190426,16160.73191154261,15675.993782178604,15971.264731360508,169008.5904169803,0.0,63.35947563345676,0.0,0.0,0.0,False,False,False
main,tv_dro_rho_0p01,tv_dro,2025-07-01,51,True,True,20,,0.01,0.7,20.0,optimal_decomposed,75.92234010000539,75.92156280000927,0.0,1,2,15865.460962360707,295.27094918190426,16160.73191154261,15625.544355252978,15920.815304434882,159625.93837992396,0.0,58.18697897180375,0.0,0.0,0.0,False,False,False
main,tv_dro_rho_0p01,tv_dro,2025-07-01,52,True,True,20,,0.01,0.7,20.0,optimal_decomposed,75.92234010000539,75.92156280000927,0.0,1,2,15865.460962360707,295.27094918190426,16160.73191154261,16796.084635069754,17091.355584251658,181287.51543583185,0.0,60.18170731757977,0.0,0.0,0.0,False,False,False
main,tv_dro_rho_0p01,tv_dro,2025-07-01,53,True,True,20,,0.01,0.7,20.0,optimal_decomposed,75.92234010000539,75.92156280000927,0.0,1,2,15865.460962360707,295.27094918190426,16160.73191154261,15863.425207029826,16158.69615621173,162972.32994113574,0.0,50.0375084612902,0.0,0.0,0.0,False,False,False
main,tv_dro_rho_0p01,tv_dro,2025-07-01,54,True,True,20,,0.01,0.7,20.0,optimal_decomposed,75.92234010000539,75.92156280000927,0.0,1,2,15865.460962360707,295.27094918190426,16160.73191154261,16965.445827696058,17260.716776877962,178287.3442414771,0.0,55.45291574367228,0.0,0.0,0.0,False,False,False
main,tv_dro_rho_0p01,tv_dro,2025-07-01,55,True,True,20,,0.01,0.7,20.0,optimal_decomposed,75.92234010000539,75.92156280000927,0.0,1,2,15865.460962360707,295.27094918190426,16160.73191154261,16012.069742829559,16307.340692011463,165691.64289015083,0.0,63.16612403303236,0.0,0.0,0.0,False,False,False
main,tv_dro_rho_0p01,tv_dro,2025-07-01,56,True,True,20,,0.01,0.7,20.0,optimal_decomposed,75.92234010000539,75.92156280000927,0.0,1,2,15865.460962360707,295.27094918190426,16160.73191154261,16224.442052929226,16519.71300211113,169238.60138330594,0.0,48.27973051209294,0.0,0.0,0.0,False,False,False
main,tv_dro_rho_0p01,tv_dro,2025-07-01,57,True,True,20,,0.01,0.7,20.0,optimal_decomposed,75.92234010000539,75.92156280000927,0.0,1,2,15865.460962360707,295.27094918190426,16160.73191154261,16205.26689998304,16500.537849164946,163611.47297621748,0.0,55.33383166368752,0.0,0.0,0.0,False,False,False
main,tv_dro_rho_0p01,tv_dro,2025-07-01,58,True,True,20,,0.01,0.7,20.0,optimal_decomposed,75.92234010000539,75.92156280000927,0.0,1,2,15865.460962360707,295.27094918190426,16160.73191154261,16748.750277517745,17044.02122669965,185544.63748532097,0.0,65.92629830910363,0.0,0.0,0.0,False,False,False
main,tv_dro_rho_0p01,tv_dro,2025-07-01,59,True,True,20,,0.01,0.7,20.0,optimal_decomposed,75.92234010000539,75.92156280000927,0.0,1,2,15865.460962360707,295.27094918190426,16160.73191154261,17078.999437093906,17374.27038627581,186046.27699297486,0.0,61.25213518326662,0.0,0.0,0.0,False,False,False
main,tv_dro_rho_0p01,tv_dro,2025-07-01,60,True,True,20,,0.01,0.7,20.0,optimal_decomposed,75.92234010000539,75.92156280000927,0.0,1,2,15865.460962360707,295.27094918190426,16160.73191154261,16020.568581276402,16315.839530458306,173356.9369917792,0.0,58.08878793387074,0.0,0.0,0.0,False,False,False
main,tv_dro_rho_0p01,tv_dro,2025-07-01,61,True,True,20,,0.01,0.7,20.0,optimal_decomposed,75.92234010000539,75.92156280000927,0.0,1,2,15865.460962360707,295.27094918190426,16160.73191154261,16129.950362300653,16425.221311482557,170767.89637571873,0.0,44.23011969938998,0.0,0.0,0.0,False,False,False
main,tv_dro_rho_0p01,tv_dro,2025-07-01,62,True,True,20,,0.01,0.7,20.0,optimal_decomposed,75.92234010000539,75.92156280000927,0.0,1,2,15865.460962360707,295.27094918190426,16160.73191154261,15457.627471756747,15752.89842093865,154874.99350687012,0.0,61.00323687922735,0.0,0.0,0.0,False,False,False
main,tv_dro_rho_0p01,tv_dro,2025-07-01,63,True,True,20,,0.01,0.7,20.0,optimal_decomposed,75.92234010000539,75.92156280000927,0.0,1,2,15865.460962360707,295.27094918190426,16160.73191154261,16071.919348898266,16367.19029808017,165732.09789284464,0.0,67.0667351958016,0.0,0.0,0.0,False,False,False
main,tv_dro_rho_0p01,tv_dro,2025-07-01,64,True,True,20,,0.01,0.7,20.0,optimal_decomposed,75.92234010000539,75.92156280000927,0.0,1,2,15865.460962360707,295.27094918190426,16160.73191154261,15837.001527479724,16132.272476661628,156179.54270753442,0.0,55.657678223538284,0.0,0.0,0.0,False,False,False
main,tv_dro_rho_0p01,tv_dro,2025-07-01,65,True,True,20,,0.01,0.7,20.0,optimal_decomposed,75.92234010000539,75.92156280000927,0.0,1,2,15865.460962360707,295.27094918190426,16160.73191154261,16639.726631984213,16934.997581166117,168678.49092109184,0.0,57.476034095139774,0.0,0.0,0.0,False,False,False
main,tv_dro_rho_0p01,tv_dro,2025-07-01,66,True,True,20,,0.01,0.7,20.0,optimal_decomposed,75.92234010000539,75.92156280000927,0.0,1,2,15865.460962360707,295.27094918190426,16160.73191154261,16257.214772074962,16552.485721256868,174318.0465347935,0.0,69.61828888747809,0.0,0.0,0.0,False,False,False
main,tv_dro_rho_0p01,tv_dro,2025-07-01,67,True,True,20,,0.01,0.7,20.0,optimal_decomposed,75.92234010000539,75.92156280000927,0.0,1,2,15865.460962360707,295.27094918190426,16160.73191154261,15153.47183161821,15448.742780800114,151592.59407642312,0.0,53.64290800097124,0.0,0.0,0.0,False,False,False
main,tv_dro_rho_0p01,tv_dro,2025-07-01,68,True,True,20,,0.01,0.7,20.0,optimal_decomposed,75.92234010000539,75.92156280000927,0.0,1,2,15865.460962360707,295.27094918190426,16160.73191154261,17219.28235712867,17514.553306310576,192099.91132479263,0.0,59.63731579596525,0.0,0.0,0.0,False,False,False
main,tv_dro_rho_0p01,tv_dro,2025-07-01,69,True,True,20,,0.01,0.7,20.0,optimal_decomposed,75.92234010000539,75.92156280000927,0.0,1,2,15865.460962360707,295.27094918190426,16160.73191154261,17312.599474391238,17607.870423573142,187824.14142908785,0.0,60.78806539138235,0.0,0.0,0.0,False,False,False
main,tv_dro_rho_0p01,tv_dro,2025-07-01,70,True,True,20,,0.01,0.7,20.0,optimal_decomposed,75.92234010000539,75.92156280000927,0.0,1,2,15865.460962360707,295.27094918190426,16160.73191154261,16533.141908746038,16828.412857927942,179955.9107641691,0.0,63.729103327554036,0.0,0.0,0.0,False,False,False
main,tv_dro_rho_0p01,tv_dro,2025-07-01,71,True,True,20,,0.01,0.7,20.0,optimal_decomposed,75.92234010000539,75.92156280000927,0.0,1,2,15865.460962360707,295.27094918190426,16160.73191154261,15201.607406434308,15496.878355616213,162695.59952866673,0.0,71.0667502329284,0.0,0.0,0.0,False,False,False
main,tv_dro_rho_0p01,tv_dro,2025-07-01,72,True,True,20,,0.01,0.7,20.0,optimal_decomposed,75.92234010000539,75.92156280000927,0.0,1,2,15865.460962360707,295.27094918190426,16160.73191154261,15814.881164057802,16110.152113239707,162371.68776555682,0.0,65.81747900446626,0.0,0.0,0.0,False,False,False
main,tv_dro_rho_0p01,tv_dro,2025-07-01,73,True,True,20,,0.01,0.7,20.0,optimal_decomposed,75.92234010000539,75.92156280000927,0.0,1,2,15865.460962360707,295.27094918190426,16160.73191154261,16074.714215407363,16369.985164589267,164835.86581623083,0.0,60.52168948737597,0.0,0.0,0.0,False,False,False
main,tv_dro_rho_0p01,tv_dro,2025-07-01,74,True,True,20,,0.01,0.7,20.0,optimal_decomposed,75.92234010000539,75.92156280000927,0.0,1,2,15865.460962360707,295.27094918190426,16160.73191154261,15845.094075470743,16140.365024652647,153429.04337789802,0.0,57.07342687326107,0.0,0.0,0.0,False,False,False
main,tv_dro_rho_0p01,tv_dro,2025-07-01,75,True,True,20,,0.01,0.7,20.0,optimal_decomposed,75.92234010000539,75.92156280000927,0.0,1,2,15865.460962360707,295.27094918190426,16160.73191154261,16416.442487843975,16711.71343702588,170159.43137536413,0.07515060430784684,57.729571530652606,0.0,0.0,0.0,False,False,False
main,tv_dro_rho_0p01,tv_dro,2025-07-01,76,True,True,20,,0.01,0.7,20.0,optimal_decomposed,75.92234010000539,75.92156280000927,0.0,1,2,15865.460962360707,295.27094918190426,16160.73191154261,16541.54884223307,16836.819791414975,186798.34573543278,0.0,56.68692951714301,0.0,0.0,0.0,False,False,False
main,tv_dro_rho_0p01,tv_dro,2025-07-01,77,True,True,20,,0.01,0.7,20.0,optimal_decomposed,75.92234010000539,75.92156280000927,0.0,1,2,15865.460962360707,295.27094918190426,16160.73191154261,15498.046824036996,15793.3177732189,153725.35494835445,0.0,56.19394828963413,0.0,0.0,0.0,False,False,False
main,tv_dro_rho_0p01,tv_dro,2025-07-01,78,True,True,20,,0.01,0.7,20.0,optimal_decomposed,75.92234010000539,75.92156280000927,0.0,1,2,15865.460962360707,295.27094918190426,16160.73191154261,15501.046066866493,15796.317016048397,159601.85543101354,0.0,62.942177033855565,0.0,0.0,0.0,False,False,False
main,tv_dro_rho_0p01,tv_dro,2025-07-01,79,True,True,20,,0.01,0.7,20.0,optimal_decomposed,75.92234010000539,75.92156280000927,0.0,1,2,15865.460962360707,295.27094918190426,16160.73191154261,16638.39914610237,16933.670095284273,180419.40667241742,0.0,54.05458953490381,0.0,0.0,0.0,False,False,False
main,tv_dro_rho_0p01,tv_dro,2025-07-01,80,True,True,20,,0.01,0.7,20.0,optimal_decomposed,75.92234010000539,75.92156280000927,0.0,1,2,15865.460962360707,295.27094918190426,16160.73191154261,16793.823538534347,17089.09448771625,179183.73711328825,0.0,57.463583901807425,0.0,0.0,0.0,False,False,False
main,tv_dro_rho_0p01,tv_dro,2025-07-01,81,True,True,20,,0.01,0.7,20.0,optimal_decomposed,75.92234010000539,75.92156280000927,0.0,1,2,15865.460962360707,295.27094918190426,16160.73191154261,15994.134051433697,16289.405000615601,165321.89053879763,0.047114266513436615,67.96025575970562,0.0,0.0,0.0,False,False,False
main,tv_dro_rho_0p01,tv_dro,2025-07-01,82,True,True,20,,0.01,0.7,20.0,optimal_decomposed,75.92234010000539,75.92156280000927,0.0,1,2,15865.460962360707,295.27094918190426,16160.73191154261,15747.130787213417,16042.40173639532,163167.49549220942,0.0,52.663082101638324,0.0,0.0,0.0,False,False,False
main,tv_dro_rho_0p01,tv_dro,2025-07-01,83,True,True,20,,0.01,0.7,20.0,optimal_decomposed,75.92234010000539,75.92156280000927,0.0,1,2,15865.460962360707,295.27094918190426,16160.73191154261,16755.714749061626,17050.98569824353,183692.54382791847,0.0,58.60659302262211,0.0,0.0,0.0,False,False,False
main,tv_dro_rho_0p01,tv_dro,2025-07-01,84,True,True,20,,0.01,0.7,20.0,optimal_decomposed,75.92234010000539,75.92156280000927,0.0,1,2,15865.460962360707,295.27094918190426,16160.73191154261,16707.965789556394,17003.2367387383,183216.34093151923,0.0389386522451923,56.39740996455161,0.0,0.0,0.0,False,False,False
main,tv_dro_rho_0p01,tv_dro,2025-07-01,85,True,True,20,,0.01,0.7,20.0,optimal_decomposed,75.92234010000539,75.92156280000927,0.0,1,2,15865.460962360707,295.27094918190426,16160.73191154261,16377.133613957212,16672.404563139116,171554.6435279702,0.0,67.95228777835052,0.0,0.0,0.0,False,False,False
main,tv_dro_rho_0p01,tv_dro,2025-07-01,86,True,True,20,,0.01,0.7,20.0,optimal_decomposed,75.92234010000539,75.92156280000927,0.0,1,2,15865.460962360707,295.27094918190426,16160.73191154261,16199.402680651527,16494.673629833433,172142.11393672944,0.0,52.58779041971028,0.0,0.0,0.0,False,False,False
main,tv_dro_rho_0p01,tv_dro,2025-07-01,87,True,True,20,,0.01,0.7,20.0,optimal_decomposed,75.92234010000539,75.92156280000927,0.0,1,2,15865.460962360707,295.27094918190426,16160.73191154261,15548.881337209727,15844.15228639163,150420.9991207632,0.050481322598448564,59.30095239293083,0.0,0.0,0.0,False,False,False
main,tv_dro_rho_0p01,tv_dro,2025-07-01,88,True,True,20,,0.01,0.7,20.0,optimal_decomposed,75.92234010000539,75.92156280000927,0.0,1,2,15865.460962360707,295.27094918190426,16160.73191154261,15324.987274886525,15620.25822406843,153741.86401402063,0.0,65.24884991874235,0.0,0.0,0.0,False,False,False
main,tv_dro_rho_0p01,tv_dro,2025-07-01,89,True,True,20,,0.01,0.7,20.0,optimal_decomposed,75.92234010000539,75.92156280000927,0.0,1,2,15865.460962360707,295.27094918190426,16160.73191154261,16328.251300114027,16623.522249295933,168869.03032167783,0.0,58.19936151669334,0.0,0.0,0.0,False,False,False
main,tv_dro_rho_0p01,tv_dro,2025-07-01,90,True,True,20,,0.01,0.7,20.0,optimal_decomposed,75.92234010000539,75.92156280000927,0.0,1,2,15865.460962360707,295.27094918190426,16160.73191154261,15861.884156215148,16157.155105397052,164343.0172432249,0.04085464463193306,63.83409360491359,0.0,0.0,0.0,False,False,False
main,tv_dro_rho_0p01,tv_dro,2025-07-01,91,True,True,20,,0.01,0.7,20.0,optimal_decomposed,75.92234010000539,75.92156280000927,0.0,1,2,15865.460962360707,295.27094918190426,16160.73191154261,14907.525148554514,15202.796097736418,143854.60958189773,0.0,56.459415414753444,0.0,0.0,0.0,False,False,False
main,tv_dro_rho_0p01,tv_dro,2025-07-01,92,True,True,20,,0.01,0.7,20.0,optimal_decomposed,75.92234010000539,75.92156280000927,0.0,1,2,15865.460962360707,295.27094918190426,16160.73191154261,15581.400457743757,15876.671406925661,157962.02529235047,0.0,45.010983249089755,0.0,0.0,0.0,False,False,False
main,tv_dro_rho_0p01,tv_dro,2025-07-01,93,True,True,20,,0.01,0.7,20.0,optimal_decomposed,75.92234010000539,75.92156280000927,0.0,1,2,15865.460962360707,295.27094918190426,16160.73191154261,15708.580756308873,16003.851705490777,168668.63824343384,0.0,60.05211205583861,0.0,0.0,0.0,False,False,False
main,tv_dro_rho_0p01,tv_dro,2025-07-01,94,True,True,20,,0.01,0.7,20.0,optimal_decomposed,75.92234010000539,75.92156280000927,0.0,1,2,15865.460962360707,295.27094918190426,16160.73191154261,15757.927449937919,16053.198399119823,160562.59801588152,0.0,54.68771898144196,0.0,0.0,0.0,False,False,False
main,tv_dro_rho_0p01,tv_dro,2025-07-01,95,True,True,20,,0.01,0.7,20.0,optimal_decomposed,75.92234010000539,75.92156280000927,0.0,1,2,15865.460962360707,295.27094918190426,16160.73191154261,15415.33073678021,15710.601685962114,157153.73297852796,0.0,57.104714061318894,0.0,0.0,0.0,False,False,False
main,tv_dro_rho_0p01,tv_dro,2025-07-01,96,True,True,20,,0.01,0.7,20.0,optimal_decomposed,75.92234010000539,75.92156280000927,0.0,1,2,15865.460962360707,295.27094918190426,16160.73191154261,15948.216479249819,16243.487428431723,163523.0946155654,0.0011671354522968802,56.0188420132924,0.0,0.0,0.0,False,False,False
main,tv_dro_rho_0p01,tv_dro,2025-07-01,97,True,True,20,,0.01,0.7,20.0,optimal_decomposed,75.92234010000539,75.92156280000927,0.0,1,2,15865.460962360707,295.27094918190426,16160.73191154261,15705.872731643703,16001.143680825608,160540.7257921108,0.0,59.62687860981912,0.0,0.0,0.0,False,False,False
main,tv_dro_rho_0p01,tv_dro,2025-07-01,98,True,True,20,,0.01,0.7,20.0,optimal_decomposed,75.92234010000539,75.92156280000927,0.0,1,2,15865.460962360707,295.27094918190426,16160.73191154261,15749.745552713131,16045.016501895036,162580.6120244444,0.023629420837220555,48.48554065205185,0.0,0.0,0.0,False,False,False
main,tv_dro_rho_0p01,tv_dro,2025-07-01,99,True,True,20,,0.01,0.7,20.0,optimal_decomposed,75.92234010000539,75.92156280000927,0.0,1,2,15865.460962360707,295.27094918190426,16160.73191154261,15525.022195969555,15820.29314515146,157921.73576314363,0.0,58.55581355972808,0.0,0.0,0.0,False,False,False
main,tv_dro_rho_0p01,tv_dro,2025-10-01,0,True,True,20,,0.01,0.7,20.0,optimal_decomposed,72.29480760000297,72.293935099995,0.0,1,2,16307.569548415217,533.9055933035795,16841.475141718794,15386.117915950425,15920.023509254004,175815.36756835587,0.044473551119860844,58.45354023650748,0.0,0.0,0.0,False,False,False
main,tv_dro_rho_0p01,tv_dro,2025-10-01,1,True,True,20,,0.01,0.7,20.0,optimal_decomposed,72.29480760000297,72.293935099995,0.0,1,2,16307.569548415217,533.9055933035795,16841.475141718794,16673.55314298089,17207.45873628447,196108.35352631693,0.03330193529835973,64.92379293851754,0.0,0.0,0.0,False,False,False
main,tv_dro_rho_0p01,tv_dro,2025-10-01,2,True,True,20,,0.01,0.7,20.0,optimal_decomposed,72.29480760000297,72.293935099995,0.0,1,2,16307.569548415217,533.9055933035795,16841.475141718794,15857.393603837418,16391.299197140997,187493.82424282155,0.028333434944215835,47.51911548318837,0.0,0.0,0.0,False,False,False
main,tv_dro_rho_0p01,tv_dro,2025-10-01,3,True,True,20,,0.01,0.7,20.0,optimal_decomposed,72.29480760000297,72.293935099995,0.0,1,2,16307.569548415217,533.9055933035795,16841.475141718794,16545.384229189192,17079.28982249277,196097.24112545623,0.0,58.509586353142744,0.0,0.0,0.0,False,False,False
main,tv_dro_rho_0p01,tv_dro,2025-10-01,4,True,True,20,,0.01,0.7,20.0,optimal_decomposed,72.29480760000297,72.293935099995,0.0,1,2,16307.569548415217,533.9055933035795,16841.475141718794,16139.996889262758,16673.902482566336,192268.70415041564,0.03325578157971759,53.72340395010415,0.0,0.0,0.0,False,False,False
main,tv_dro_rho_0p01,tv_dro,2025-10-01,5,True,True,20,,0.01,0.7,20.0,optimal_decomposed,72.29480760000297,72.293935099995,0.0,1,2,16307.569548415217,533.9055933035795,16841.475141718794,16577.68897048587,17111.594563789447,206464.49780938233,0.0,61.038248149912015,0.0,0.0,0.0,False,False,False
main,tv_dro_rho_0p01,tv_dro,2025-10-01,6,True,True,20,,0.01,0.7,20.0,optimal_decomposed,72.29480760000297,72.293935099995,0.0,1,2,16307.569548415217,533.9055933035795,16841.475141718794,16773.064846169404,17306.97043947298,198011.4042890227,0.0,50.6134482307841,0.0,0.0,0.0,False,False,False
main,tv_dro_rho_0p01,tv_dro,2025-10-01,7,True,True,20,,0.01,0.7,20.0,optimal_decomposed,72.29480760000297,72.293935099995,0.0,1,2,16307.569548415217,533.9055933035795,16841.475141718794,15825.343181940865,16359.248775244445,182339.34639274236,0.0,54.55833867343337,0.0,0.0,0.0,False,False,False
main,tv_dro_rho_0p01,tv_dro,2025-10-01,8,True,True,20,,0.01,0.7,20.0,optimal_decomposed,72.29480760000297,72.293935099995,0.0,1,2,16307.569548415217,533.9055933035795,16841.475141718794,16273.445594689823,16807.3511879934,195933.1772902488,0.1734796381969923,52.038729193140526,0.0,0.0,0.0,False,False,False
main,tv_dro_rho_0p01,tv_dro,2025-10-01,9,True,True,20,,0.01,0.7,20.0,optimal_decomposed,72.29480760000297,72.293935099995,0.0,1,2,16307.569548415217,533.9055933035795,16841.475141718794,16632.703557569428,17166.609150873006,199113.3215595897,0.04083939840145501,63.312741611883844,0.0,0.0,0.0,False,False,False
main,tv_dro_rho_0p01,tv_dro,2025-10-01,10,True,True,20,,0.01,0.7,20.0,optimal_decomposed,72.29480760000297,72.293935099995,0.0,1,2,16307.569548415217,533.9055933035795,16841.475141718794,16083.444614302723,16617.3502076063,190182.082170717,0.0,55.60475383908792,0.0,0.0,0.0,False,False,False
main,tv_dro_rho_0p01,tv_dro,2025-10-01,11,True,True,20,,0.01,0.7,20.0,optimal_decomposed,72.29480760000297,72.293935099995,0.0,1,2,16307.569548415217,533.9055933035795,16841.475141718794,16380.60452205951,16914.51011536309,188801.87092649416,0.05441380047074129,51.48814435228438,0.0,0.0,0.0,False,False,False
main,tv_dro_rho_0p01,tv_dro,2025-10-01,12,True,True,20,,0.01,0.7,20.0,optimal_decomposed,72.29480760000297,72.293935099995,0.0,1,2,16307.569548415217,533.9055933035795,16841.475141718794,16377.157075297066,16911.062668600644,201747.3873271615,0.0,48.21329539291639,0.0,0.0,0.0,False,False,False
main,tv_dro_rho_0p01,tv_dro,2025-10-01,13,True,True,20,,0.01,0.7,20.0,optimal_decomposed,72.29480760000297,72.293935099995,0.0,1,2,16307.569548415217,533.9055933035795,16841.475141718794,16896.820245607643,17430.72583891122,202943.15821591474,0.09122929881697803,57.12865926017216,0.0,0.0,0.0,False,False,False
main,tv_dro_rho_0p01,tv_dro,2025-10-01,14,True,True,20,,0.01,0.7,20.0,optimal_decomposed,72.29480760000297,72.293935099995,0.0,1,2,16307.569548415217,533.9055933035795,16841.475141718794,15920.941661295137,16454.847254598717,183464.99583570554,0.0,51.26310507544436,0.0,0.0,0.0,False,False,False
main,tv_dro_rho_0p01,tv_dro,2025-10-01,15,True,True,20,,0.01,0.7,20.0,optimal_decomposed,72.29480760000297,72.293935099995,0.0,1,2,16307.569548415217,533.9055933035795,16841.475141718794,15705.095209340605,16239.000802644185,179484.94787513718,0.0,48.63760818708952,0.0,0.0,0.0,False,False,False
main,tv_dro_rho_0p01,tv_dro,2025-10-01,16,True,True,20,,0.01,0.7,20.0,optimal_decomposed,72.29480760000297,72.293935099995,0.0,1,2,16307.569548415217,533.9055933035795,16841.475141718794,15610.743697865171,16144.649291168751,175138.04534972645,0.007375871248657573,51.275903093498684,0.0,0.0,0.0,False,False,False
main,tv_dro_rho_0p01,tv_dro,2025-10-01,17,True,True,20,,0.01,0.7,20.0,optimal_decomposed,72.29480760000297,72.293935099995,0.0,1,2,16307.569548415217,533.9055933035795,16841.475141718794,16105.946635082471,16639.85222838605,182463.70598739004,0.2389786336576007,61.34427004727067,0.0,0.0,0.0,False,False,False
main,tv_dro_rho_0p01,tv_dro,2025-10-01,18,True,True,20,,0.01,0.7,20.0,optimal_decomposed,72.29480760000297,72.293935099995,0.0,1,2,16307.569548415217,533.9055933035795,16841.475141718794,16657.736488611714,17191.64208191529,194108.20010058032,0.0,58.69205315239044,0.0,0.0,0.0,False,False,False
main,tv_dro_rho_0p01,tv_dro,2025-10-01,19,True,True,20,,0.01,0.7,20.0,optimal_decomposed,72.29480760000297,72.293935099995,0.0,1,2,16307.569548415217,533.9055933035795,16841.475141718794,16005.28272187615,16539.18831517973,194226.97552111713,0.03393065108262383,52.96890591013038,0.0,0.0,0.0,False,False,False
main,tv_dro_rho_0p01,tv_dro,2025-10-01,20,True,True,20,,0.01,0.7,20.0,optimal_decomposed,72.29480760000297,72.293935099995,0.0,1,2,16307.569548415217,533.9055933035795,16841.475141718794,16585.348168717155,17119.253762020733,200179.62044383335,0.0,49.72005911289604,0.0,0.0,0.0,False,False,False
main,tv_dro_rho_0p01,tv_dro,2025-10-01,21,True,True,20,,0.01,0.7,20.0,optimal_decomposed,72.29480760000297,72.293935099995,0.0,1,2,16307.569548415217,533.9055933035795,16841.475141718794,15923.09431859984,16456.99991190342,181293.4734960639,0.0920376637240175,49.75279131976308,0.0,0.0,0.0,False,False,False
main,tv_dro_rho_0p01,tv_dro,2025-10-01,22,True,True,20,,0.01,0.7,20.0,optimal_decomposed,72.29480760000297,72.293935099995,0.0,1,2,16307.569548415217,533.9055933035795,16841.475141718794,16466.424174976142,17000.32976827972,195964.26166921854,0.0,52.38598487428611,0.0,0.0,0.0,False,False,False
main,tv_dro_rho_0p01,tv_dro,2025-10-01,23,True,True,20,,0.01,0.7,20.0,optimal_decomposed,72.29480760000297,72.293935099995,0.0,1,2,16307.569548415217,533.9055933035795,16841.475141718794,16663.45314226276,17197.358735566337,195213.9581912535,0.0,52.46994113303664,0.0,0.0,0.0,False,False,False
main,tv_dro_rho_0p01,tv_dro,2025-10-01,24,True,True,20,,0.01,0.7,20.0,optimal_decomposed,72.29480760000297,72.293935099995,0.0,1,2,16307.569548415217,533.9055933035795,16841.475141718794,16281.028397039347,16814.933990342925,186381.31019931228,0.05212642278757615,59.992798715597075,0.0,0.0,0.0,False,False,False
main,tv_dro_rho_0p01,tv_dro,2025-10-01,25,True,True,20,,0.01,0.7,20.0,optimal_decomposed,72.29480760000297,72.293935099995,0.0,1,2,16307.569548415217,533.9055933035795,16841.475141718794,17724.186483040325,18258.092076343903,226457.7421562052,0.0,50.013771906598755,0.0,0.0,0.0,False,False,False
main,tv_dro_rho_0p01,tv_dro,2025-10-01,26,True,True,20,,0.01,0.7,20.0,optimal_decomposed,72.29480760000297,72.293935099995,0.0,1,2,16307.569548415217,533.9055933035795,16841.475141718794,16079.524458029604,16613.430051333184,192826.43874545596,0.06528090917943333,61.12554800884427,0.0,0.0,0.0,False,False,False
main,tv_dro_rho_0p01,tv_dro,2025-10-01,27,True,True,20,,0.01,0.7,20.0,optimal_decomposed,72.29480760000297,72.293935099995,0.0,1,2,16307.569548415217,533.9055933035795,16841.475141718794,15365.792916205603,15899.698509509182,176081.35690719093,0.16504992478215597,59.84479153825282,0.0,0.0,0.0,False,False,False
main,tv_dro_rho_0p01,tv_dro,2025-10-01,28,True,True,20,,0.01,0.7,20.0,optimal_decomposed,72.29480760000297,72.293935099995,0.0,1,2,16307.569548415217,533.9055933035795,16841.475141718794,16436.140378765092,16970.04597206867,191607.30593090662,0.0,45.37751382164907,0.0,0.0,0.0,False,False,False
main,tv_dro_rho_0p01,tv_dro,2025-10-01,29,True,True,20,,0.01,0.7,20.0,optimal_decomposed,72.29480760000297,72.293935099995,0.0,1,2,16307.569548415217,533.9055933035795,16841.475141718794,16519.75194437532,17053.657537678897,203008.09580581766,0.0,43.189649350318234,0.0,0.0,0.0,False,False,False
main,tv_dro_rho_0p01,tv_dro,2025-10-01,30,True,True,20,,0.01,0.7,20.0,optimal_decomposed,72.29480760000297,72.293935099995,0.0,1,2,16307.569548415217,533.9055933035795,16841.475141718794,15608.266001259173,16142.171594562753,169567.75857231312,0.015028764653598925,52.59378829638178,0.0,0.0,0.0,False,False,False
main,tv_dro_rho_0p01,tv_dro,2025-10-01,31,True,True,20,,0.01,0.7,20.0,optimal_decomposed,72.29480760000297,72.293935099995,0.0,1,2,16307.569548415217,533.9055933035795,16841.475141718794,16801.269151440538,17335.174744744116,210527.15204088384,0.0,50.94192173689847,0.0,0.0,0.0,False,False,False
main,tv_dro_rho_0p01,tv_dro,2025-10-01,32,True,True,20,,0.01,0.7,20.0,optimal_decomposed,72.29480760000297,72.293935099995,0.0,1,2,16307.569548415217,533.9055933035795,16841.475141718794,16190.538698186363,16724.44429148994,189700.03970475963,0.0,58.190882840743726,0.0,0.0,0.0,False,False,False
main,tv_dro_rho_0p01,tv_dro,2025-10-01,33,True,True,20,,0.01,0.7,20.0,optimal_decomposed,72.29480760000297,72.293935099995,0.0,1,2,16307.569548415217,533.9055933035795,16841.475141718794,17617.702671930503,18151.60826523408,225595.46904592757,0.03819882588608525,67.14576036978245,0.0,0.0,0.0,False,False,False
main,tv_dro_rho_0p01,tv_dro,2025-10-01,34,True,True,20,,0.01,0.7,20.0,optimal_decomposed,72.29480760000297,72.293935099995,0.0,1,2,16307.569548415217,533.9055933035795,16841.475141718794,16688.983919555918,17222.889512859496,199287.91284433188,0.007860930895307483,54.51988082541101,0.0,0.0,0.0,False,False,False
main,tv_dro_rho_0p01,tv_dro,2025-10-01,35,True,True,20,,0.01,0.7,20.0,optimal_decomposed,72.29480760000297,72.293935099995,0.0,1,2,16307.569548415217,533.9055933035795,16841.475141718794,16048.501854242182,16582.40744754576,182438.4682464994,0.0,57.62643069456141,0.0,0.0,0.0,False,False,False
main,tv_dro_rho_0p01,tv_dro,2025-10-01,36,True,True,20,,0.01,0.7,20.0,optimal_decomposed,72.29480760000297,72.293935099995,0.0,1,2,16307.569548415217,533.9055933035795,16841.475141718794,15792.640356791191,16326.54595009477,180025.48271744145,0.0,63.05923081120602,0.0,0.0,0.0,False,False,False
main,tv_dro_rho_0p01,tv_dro,2025-10-01,37,True,True,20,,0.01,0.7,20.0,optimal_decomposed,72.29480760000297,72.293935099995,0.0,1,2,16307.569548415217,533.9055933035795,16841.475141718794,16156.98430843081,16690.88990173439,189748.3845735532,0.0,45.16440773684053,0.0,0.0,0.0,False,False,False
main,tv_dro_rho_0p01,tv_dro,2025-10-01,38,True,True,20,,0.01,0.7,20.0,optimal_decomposed,72.29480760000297,72.293935099995,0.0,1,2,16307.569548415217,533.9055933035795,16841.475141718794,16005.123477930854,16539.029071234432,189862.10571032684,0.0,51.29015413342536,0.0,0.0,0.0,False,False,False
main,tv_dro_rho_0p01,tv_dro,2025-10-01,39,True,True,20,,0.01,0.7,20.0,optimal_decomposed,72.29480760000297,72.293935099995,0.0,1,2,16307.569548415217,533.9055933035795,16841.475141718794,16565.599847807025,17099.505441110603,200189.65528389555,0.004268216643565359,42.11686749714069,0.0,0.0,0.0,False,False,False
main,tv_dro_rho_0p01,tv_dro,2025-10-01,40,True,True,20,,0.01,0.7,20.0,optimal_decomposed,72.29480760000297,72.293935099995,0.0,1,2,16307.569548415217,533.9055933035795,16841.475141718794,16882.297791274235,17416.203384577813,201882.68482928711,0.0,47.32975798334503,0.0,0.0,0.0,False,False,False
main,tv_dro_rho_0p01,tv_dro,2025-10-01,41,True,True,20,,0.01,0.7,20.0,optimal_decomposed,72.29480760000297,72.293935099995,0.0,1,2,16307.569548415217,533.9055933035795,16841.475141718794,16418.109653382213,16952.01524668579,196980.47376194265,0.0,39.4542701435951,0.0,0.0,0.0,False,False,False
main,tv_dro_rho_0p01,tv_dro,2025-10-01,42,True,True,20,,0.01,0.7,20.0,optimal_decomposed,72.29480760000297,72.293935099995,0.0,1,2,16307.569548415217,533.9055933035795,16841.475141718794,16645.991601319114,17179.897194622692,197842.81822035747,0.0,58.52375071709859,0.0,0.0,0.0,False,False,False
main,tv_dro_rho_0p01,tv_dro,2025-10-01,43,True,True,20,,0.01,0.7,20.0,optimal_decomposed,72.29480760000297,72.293935099995,0.0,1,2,16307.569548415217,533.9055933035795,16841.475141718794,15663.29740500687,16197.20299831045,177674.57103870076,0.08698571381843043,59.65742582279955,0.0,0.0,0.0,False,False,False
main,tv_dro_rho_0p01,tv_dro,2025-10-01,44,True,True,20,,0.01,0.7,20.0,optimal_decomposed,72.29480760000297,72.293935099995,0.0,1,2,16307.569548415217,533.9055933035795,16841.475141718794,16111.334315847853,16645.23990915143,185753.84040553262,0.09183515110650342,56.25902595079257,0.0,0.0,0.0,False,False,False
main,tv_dro_rho_0p01,tv_dro,2025-10-01,45,True,True,20,,0.01,0.7,20.0,optimal_decomposed,72.29480760000297,72.293935099995,0.0,1,2,16307.569548415217,533.9055933035795,16841.475141718794,16802.428310119834,17336.333903423412,203224.96835758825,0.014706665587775225,57.188565282079395,0.0,0.0,0.0,False,False,False
main,tv_dro_rho_0p01,tv_dro,2025-10-01,46,True,True,20,,0.01,0.7,20.0,optimal_decomposed,72.29480760000297,72.293935099995,0.0,1,2,16307.569548415217,533.9055933035795,16841.475141718794,16424.33620233393,16958.241795637507,194655.8124976175,0.0890719710830983,54.89037275845158,0.0,0.0,0.0,False,False,False
main,tv_dro_rho_0p01,tv_dro,2025-10-01,47,True,True,20,,0.01,0.7,20.0,optimal_decomposed,72.29480760000297,72.293935099995,0.0,1,2,16307.569548415217,533.9055933035795,16841.475141718794,16472.53156163811,17006.437154941686,202312.4350001322,0.018804817848762756,54.62823635893798,0.0,0.0,0.0,False,False,False
main,tv_dro_rho_0p01,tv_dro,2025-10-01,48,True,True,20,,0.01,0.7,20.0,optimal_decomposed,72.29480760000297,72.293935099995,0.0,1,2,16307.569548415217,533.9055933035795,16841.475141718794,17133.77141435535,17667.677007658927,212250.2913278371,0.0012121120545220965,54.02323966511389,0.0,0.0,0.0,False,False,False
main,tv_dro_rho_0p01,tv_dro,2025-10-01,49,True,True,20,,0.01,0.7,20.0,optimal_decomposed,72.29480760000297,72.293935099995,0.0,1,2,16307.569548415217,533.9055933035795,16841.475141718794,16551.694690348773,17085.60028365235,206863.7633541037,0.0,59.731226671630495,0.0,0.0,0.0,False,False,False
main,tv_dro_rho_0p01,tv_dro,2025-10-01,50,True,True,20,,0.01,0.7,20.0,optimal_decomposed,72.29480760000297,72.293935099995,0.0,1,2,16307.569548415217,533.9055933035795,16841.475141718794,16211.566775172992,16745.47236847657,195197.59316266127,0.024895995148087602,61.28055197874103,0.0,0.0,0.0,False,False,False
main,tv_dro_rho_0p01,tv_dro,2025-10-01,51,True,True,20,,0.01,0.7,20.0,optimal_decomposed,72.29480760000297,72.293935099995,0.0,1,2,16307.569548415217,533.9055933035795,16841.475141718794,15869.186936838594,16403.092530142174,184782.07947266704,0.04768316474496759,54.56853230099874,0.0,0.0,0.0,False,False,False
main,tv_dro_rho_0p01,tv_dro,2025-10-01,52,True,True,20,,0.01,0.7,20.0,optimal_decomposed,72.29480760000297,72.293935099995,0.0,1,2,16307.569548415217,533.9055933035795,16841.475141718794,16983.808048292376,17517.713641595954,208975.0190519728,0.0,58.4271647444759,0.0,0.0,0.0,False,False,False
main,tv_dro_rho_0p01,tv_dro,2025-10-01,53,True,True,20,,0.01,0.7,20.0,optimal_decomposed,72.29480760000297,72.293935099995,0.0,1,2,16307.569548415217,533.9055933035795,16841.475141718794,16364.185053386564,16898.090646690143,189499.73556917437,0.0,51.44138510186955,0.0,0.0,0.0,False,False,False
main,tv_dro_rho_0p01,tv_dro,2025-10-01,54,True,True,20,,0.01,0.7,20.0,optimal_decomposed,72.29480760000297,72.293935099995,0.0,1,2,16307.569548415217,533.9055933035795,16841.475141718794,16939.405267803548,17473.310861107126,205163.54111373966,0.0,51.567033333189784,0.0,0.0,0.0,False,False,False
main,tv_dro_rho_0p01,tv_dro,2025-10-01,55,True,True,20,,0.01,0.7,20.0,optimal_decomposed,72.29480760000297,72.293935099995,0.0,1,2,16307.569548415217,533.9055933035795,16841.475141718794,16419.08323443972,16952.9888277433,192632.1760319308,0.0,59.65603594951599,0.0,0.0,0.0,False,False,False
main,tv_dro_rho_0p01,tv_dro,2025-10-01,56,True,True,20,,0.01,0.7,20.0,optimal_decomposed,72.29480760000297,72.293935099995,0.0,1,2,16307.569548415217,533.9055933035795,16841.475141718794,16398.5449309658,16932.450524269378,196260.92166706757,0.0,43.86875814025059,0.0,0.0,0.0,False,False,False
main,tv_dro_rho_0p01,tv_dro,2025-10-01,57,True,True,20,,0.01,0.7,20.0,optimal_decomposed,72.29480760000297,72.293935099995,0.0,1,2,16307.569548415217,533.9055933035795,16841.475141718794,16280.684737606392,16814.59033090997,190557.7801921754,0.0,51.52741557938213,0.0,0.0,0.0,False,False,False
main,tv_dro_rho_0p01,tv_dro,2025-10-01,58,True,True,20,,0.01,0.7,20.0,optimal_decomposed,72.29480760000297,72.293935099995,0.0,1,2,16307.569548415217,533.9055933035795,16841.475141718794,17184.232030460484,17718.13762376406,212619.13622037182,0.0,60.663854015550406,0.0,0.0,0.0,False,False,False
main,tv_dro_rho_0p01,tv_dro,2025-10-01,59,True,True,20,,0.01,0.7,20.0,optimal_decomposed,72.29480760000297,72.293935099995,0.0,1,2,16307.569548415217,533.9055933035795,16841.475141718794,17173.90355881139,17707.80915211497,212558.81857820795,0.0,55.09533073249729,0.0,0.0,0.0,False,False,False
main,tv_dro_rho_0p01,tv_dro,2025-10-01,60,True,True,20,,0.01,0.7,20.0,optimal_decomposed,72.29480760000297,72.293935099995,0.0,1,2,16307.569548415217,533.9055933035795,16841.475141718794,16371.295307987817,16905.200901291395,199533.74230434184,0.09311975354240709,52.56016792133497,0.0,0.0,0.0,False,False,False
main,tv_dro_rho_0p01,tv_dro,2025-10-01,61,True,True,20,,0.01,0.7,20.0,optimal_decomposed,72.29480760000297,72.293935099995,0.0,1,2,16307.569548415217,533.9055933035795,16841.475141718794,16405.76313692155,16939.668730225127,197311.31486579686,0.0,43.37396720957977,0.0,0.0,0.0,False,False,False
main,tv_dro_rho_0p01,tv_dro,2025-10-01,62,True,True,20,,0.01,0.7,20.0,optimal_decomposed,72.29480760000297,72.293935099995,0.0,1,2,16307.569548415217,533.9055933035795,16841.475141718794,15771.427623923615,16305.333217227195,179817.28878876625,0.0,58.34595076218954,0.0,0.0,0.0,False,False,False
main,tv_dro_rho_0p01,tv_dro,2025-10-01,63,True,True,20,,0.01,0.7,20.0,optimal_decomposed,72.29480760000297,72.293935099995,0.0,1,2,16307.569548415217,533.9055933035795,16841.475141718794,16679.18958312665,17213.095176430226,192525.60858218622,0.0,61.726176435226655,0.0,0.0,0.0,False,False,False
main,tv_dro_rho_0p01,tv_dro,2025-10-01,64,True,True,20,,0.01,0.7,20.0,optimal_decomposed,72.29480760000297,72.293935099995,0.0,1,2,16307.569548415217,533.9055933035795,16841.475141718794,15973.687177612923,16507.5927709165,181254.47760863148,0.0,50.23787961226134,0.0,0.0,0.0,False,False,False
main,tv_dro_rho_0p01,tv_dro,2025-10-01,65,True,True,20,,0.01,0.7,20.0,optimal_decomposed,72.29480760000297,72.293935099995,0.0,1,2,16307.569548415217,533.9055933035795,16841.475141718794,16844.461549955213,17378.36714325879,194728.08472880026,0.0,59.14679771758806,0.0,0.0,0.0,False,False,False
main,tv_dro_rho_0p01,tv_dro,2025-10-01,66,True,True,20,,0.01,0.7,20.0,optimal_decomposed,72.29480760000297,72.293935099995,0.0,1,2,16307.569548415217,533.9055933035795,16841.475141718794,16690.342249741334,17224.247843044912,202174.5998968931,0.0,64.25081839036835,0.0,0.0,0.0,False,False,False
main,tv_dro_rho_0p01,tv_dro,2025-10-01,67,True,True,20,,0.01,0.7,20.0,optimal_decomposed,72.29480760000297,72.293935099995,0.0,1,2,16307.569548415217,533.9055933035795,16841.475141718794,15778.12857065183,16312.03416395541,175872.83313975323,0.0,54.5419230262521,0.0,0.0,0.0,False,False,False
main,tv_dro_rho_0p01,tv_dro,2025-10-01,68,True,True,20,,0.01,0.7,20.0,optimal_decomposed,72.29480760000297,72.293935099995,0.0,1,2,16307.569548415217,533.9055933035795,16841.475141718794,17398.533391316254,17932.438984619832,219610.9084590725,0.06860332964263827,58.647068935603826,0.0,0.0,0.0,False,False,False
main,tv_dro_rho_0p01,tv_dro,2025-10-01,69,True,True,20,,0.01,0.7,20.0,optimal_decomposed,72.29480760000297,72.293935099995,0.0,1,2,16307.569548415217,533.9055933035795,16841.475141718794,17143.403669370193,17677.30926267377,215113.56196060154,0.035905334434195524,58.464858205962315,0.0,0.0,0.0,False,False,False
main,tv_dro_rho_0p01,tv_dro,2025-10-01,70,True,True,20,,0.01,0.7,20.0,optimal_decomposed,72.29480760000297,72.293935099995,0.0,1,2,16307.569548415217,533.9055933035795,16841.475141718794,16771.78430197329,17305.689895276868,206307.1074856913,0.0,57.81024901561513,0.0,0.0,0.0,False,False,False
main,tv_dro_rho_0p01,tv_dro,2025-10-01,71,True,True,20,,0.01,0.7,20.0,optimal_decomposed,72.29480760000297,72.293935099995,0.0,1,2,16307.569548415217,533.9055933035795,16841.475141718794,15891.244677944345,16425.150271247923,186737.16824838964,0.12764589683800442,61.89542990491529,0.0,0.0,0.0,False,False,False
main,tv_dro_rho_0p01,tv_dro,2025-10-01,72,True,True,20,,0.01,0.7,20.0,optimal_decomposed,72.29480760000297,72.293935099995,0.0,1,2,16307.569548415217,533.9055933035795,16841.475141718794,16126.305230539345,16660.210823842925,188386.29936979414,0.08359256810484261,60.75051782885883,0.0,0.0,0.0,False,False,False
main,tv_dro_rho_0p01,tv_dro,2025-10-01,73,True,True,20,,0.01,0.7,20.0,optimal_decomposed,72.29480760000297,72.293935099995,0.0,1,2,16307.569548415217,533.9055933035795,16841.475141718794,16397.1018362167,16931.00742952028,191267.7838393187,0.027631289782578783,52.72357750751744,0.0,0.0,0.0,False,False,False
main,tv_dro_rho_0p01,tv_dro,2025-10-01,74,True,True,20,,0.01,0.7,20.0,optimal_decomposed,72.29480760000297,72.293935099995,0.0,1,2,16307.569548415217,533.9055933035795,16841.475141718794,16061.57696708844,16595.482560392018,179441.40737665887,0.0,58.5342298057486,0.0,0.0,0.0,False,False,False
main,tv_dro_rho_0p01,tv_dro,2025-10-01,75,True,True,20,,0.01,0.7,20.0,optimal_decomposed,72.29480760000297,72.293935099995,0.0,1,2,16307.569548415217,533.9055933035795,16841.475141718794,16559.35157406401,17093.25716736759,197300.70790214854,0.12898846405826928,51.95793428295399,0.0,0.0,0.0,False,False,False
main,tv_dro_rho_0p01,tv_dro,2025-10-01,76,True,True,20,,0.01,0.7,20.0,optimal_decomposed,72.29480760000297,72.293935099995,0.0,1,2,16307.569548415217,533.9055933035795,16841.475141718794,17023.27276729424,17557.178360597816,213670.68415342757,0.0,55.56314661799441,0.0,0.0,0.0,False,False,False
main,tv_dro_rho_0p01,tv_dro,2025-10-01,77,True,True,20,,0.01,0.7,20.0,optimal_decomposed,72.29480760000297,72.293935099995,0.0,1,2,16307.569548415217,533.9055933035795,16841.475141718794,16050.27508946342,16584.180682766997,179390.93979399113,0.09291648563676747,52.55716851797694,0.0,0.0,0.0,False,False,False
main,tv_dro_rho_0p01,tv_dro,2025-10-01,78,True,True,20,,0.01,0.7,20.0,optimal_decomposed,72.29480760000297,72.293935099995,0.0,1,2,16307.569548415217,533.9055933035795,16841.475141718794,15984.952762836509,16518.85835614009,183964.20565331276,0.0482162342350938,52.972100670980815,0.0,0.0,0.0,False,False,False
main,tv_dro_rho_0p01,tv_dro,2025-10-01,79,True,True,20,,0.01,0.7,20.0,optimal_decomposed,72.29480760000297,72.293935099995,0.0,1,2,16307.569548415217,533.9055933035795,16841.475141718794,17051.94866587356,17585.854259177137,207235.74252693926,0.0,53.533736058264644,0.0,0.0,0.0,False,False,False
main,tv_dro_rho_0p01,tv_dro,2025-10-01,80,True,True,20,,0.01,0.7,20.0,optimal_decomposed,72.29480760000297,72.293935099995,0.0,1,2,16307.569548415217,533.9055933035795,16841.475141718794,16819.666160363457,17353.571753667034,206449.03495332404,0.0,51.79357296251989,0.0,0.0,0.0,False,False,False
main,tv_dro_rho_0p01,tv_dro,2025-10-01,81,True,True,20,,0.01,0.7,20.0,optimal_decomposed,72.29480760000297,72.293935099995,0.0,1,2,16307.569548415217,533.9055933035795,16841.475141718794,16571.369787159147,17105.275380462725,192176.2046140987,0.07114112112657242,62.05210471096642,0.0,0.0,0.0,False,False,False
main,tv_dro_rho_0p01,tv_dro,2025-10-01,82,True,True,20,,0.01,0.7,20.0,optimal_decomposed,72.29480760000297,72.293935099995,0.0,1,2,16307.569548415217,533.9055933035795,16841.475141718794,16054.437981585703,16588.34357488928,187327.0389801139,0.019507323756886713,48.85363495928902,0.0,0.0,0.0,False,False,False
main,tv_dro_rho_0p01,tv_dro,2025-10-01,83,True,True,20,,0.01,0.7,20.0,optimal_decomposed,72.29480760000297,72.293935099995,0.0,1,2,16307.569548415217,533.9055933035795,16841.475141718794,16919.11169839806,17453.01729170164,209642.9672005744,0.0,52.41978239918523,0.0,0.0,0.0,False,False,False
main,tv_dro_rho_0p01,tv_dro,2025-10-01,84,True,True,20,,0.01,0.7,20.0,optimal_decomposed,72.29480760000297,72.293935099995,0.0,1,2,16307.569548415217,533.9055933035795,16841.475141718794,17252.14764665466,17786.053239958237,209338.79365030496,0.06296550685832822,50.4651511676927,0.0,0.0,0.0,False,False,False
main,tv_dro_rho_0p01,tv_dro,2025-10-01,85,True,True,20,,0.01,0.7,20.0,optimal_decomposed,72.29480760000297,72.293935099995,0.0,1,2,16307.569548415217,533.9055933035795,16841.475141718794,16667.30596888475,17201.211562188328,198809.35516514003,0.0,60.33544546207948,0.0,0.0,0.0,False,False,False
main,tv_dro_rho_0p01,tv_dro,2025-10-01,86,True,True,20,,0.01,0.7,20.0,optimal_decomposed,72.29480760000297,72.293935099995,0.0,1,2,16307.569548415217,533.9055933035795,16841.475141718794,16679.965914306253,17213.87150760983,197751.5643553368,0.02332421325594833,47.8217527957755,0.0,0.0,0.0,False,False,False
main,tv_dro_rho_0p01,tv_dro,2025-10-01,87,True,True,20,,0.01,0.7,20.0,optimal_decomposed,72.29480760000297,72.293935099995,0.0,1,2,16307.569548415217,533.9055933035795,16841.475141718794,15612.971838750089,16146.877432053669,174998.92706747906,0.1541538386458255,55.17147465704314,0.0,0.0,0.0,False,False,False
main,tv_dro_rho_0p01,tv_dro,2025-10-01,88,True,True,20,,0.01,0.7,20.0,optimal_decomposed,72.29480760000297,72.293935099995,0.0,1,2,16307.569548415217,533.9055933035795,16841.475141718794,16015.059912840272,16548.96550614385,177998.1144896722,0.0058918975382327154,59.171769307597884,0.0,0.0,0.0,False,False,False
main,tv_dro_rho_0p01,tv_dro,2025-10-01,89,True,True,20,,0.01,0.7,20.0,optimal_decomposed,72.29480760000297,72.293935099995,0.0,1,2,16307.569548415217,533.9055933035795,16841.475141718794,16436.78664952055,16970.692242824127,194461.99432009665,0.0,53.891545222137786,0.0,0.0,0.0,False,False,False
main,tv_dro_rho_0p01,tv_dro,2025-10-01,90,True,True,20,,0.01,0.7,20.0,optimal_decomposed,72.29480760000297,72.293935099995,0.0,1,2,16307.569548415217,533.9055933035795,16841.475141718794,16224.380820448445,16758.286413752023,189877.90434392204,0.1928118828623891,58.42967789858153,0.0,0.0,0.0,False,False,False
main,tv_dro_rho_0p01,tv_dro,2025-10-01,91,True,True,20,,0.01,0.7,20.0,optimal_decomposed,72.29480760000297,72.293935099995,0.0,1,2,16307.569548415217,533.9055933035795,16841.475141718794,15512.394889947705,16046.300483251285,167957.3215076137,0.10564901243541269,54.618809517176835,0.0,0.0,0.0,False,False,False
main,tv_dro_rho_0p01,tv_dro,2025-10-01,92,True,True,20,,0.01,0.7,20.0,optimal_decomposed,72.29480760000297,72.293935099995,0.0,1,2,16307.569548415217,533.9055933035795,16841.475141718794,16319.273676211938,16853.179269515516,182754.25821149428,0.0,44.128622227304376,0.0,0.0,0.0,False,False,False
main,tv_dro_rho_0p01,tv_dro,2025-10-01,93,True,True,20,,0.01,0.7,20.0,optimal_decomposed,72.29480760000297,72.293935099995,0.0,1,2,16307.569548415217,533.9055933035795,16841.475141718794,16208.60381182987,16742.50940513345,195310.7919583073,0.0,56.799489508575505,0.0,0.0,0.0,False,False,False
main,tv_dro_rho_0p01,tv_dro,2025-10-01,94,True,True,20,,0.01,0.7,20.0,optimal_decomposed,72.29480760000297,72.293935099995,0.0,1,2,16307.569548415217,533.9055933035795,16841.475141718794,16217.688225481545,16751.593818785124,186609.46406848097,0.0,50.915248450325024,0.0,0.0,0.0,False,False,False
main,tv_dro_rho_0p01,tv_dro,2025-10-01,95,True,True,20,,0.01,0.7,20.0,optimal_decomposed,72.29480760000297,72.293935099995,0.0,1,2,16307.569548415217,533.9055933035795,16841.475141718794,15941.246576576867,16475.152169880446,182968.637874328,0.0,56.303571295630185,0.0,0.0,0.0,False,False,False
main,tv_dro_rho_0p01,tv_dro,2025-10-01,96,True,True,20,,0.01,0.7,20.0,optimal_decomposed,72.29480760000297,72.293935099995,0.0,1,2,16307.569548415217,533.9055933035795,16841.475141718794,16138.609740532793,16672.51533383637,189279.15362306096,0.025193990065432798,52.36558711007502,0.0,0.0,0.0,False,False,False
main,tv_dro_rho_0p01,tv_dro,2025-10-01,97,True,True,20,,0.01,0.7,20.0,optimal_decomposed,72.29480760000297,72.293935099995,0.0,1,2,16307.569548415217,533.9055933035795,16841.475141718794,16171.532682834533,16705.438276138113,187362.20170261012,0.0,56.289390464297526,0.0,0.0,0.0,False,False,False
main,tv_dro_rho_0p01,tv_dro,2025-10-01,98,True,True,20,,0.01,0.7,20.0,optimal_decomposed,72.29480760000297,72.293935099995,0.0,1,2,16307.569548415217,533.9055933035795,16841.475141718794,16293.113904867523,16827.019498171103,187864.74232189255,0.04765627545035647,47.856247396874736,0.0,0.0,0.0,False,False,False
main,tv_dro_rho_0p01,tv_dro,2025-10-01,99,True,True,20,,0.01,0.7,20.0,optimal_decomposed,72.29480760000297,72.293935099995,0.0,1,2,16307.569548415217,533.9055933035795,16841.475141718794,16033.5689190872,16567.474512390778,184824.09303718098,0.014302250371002523,56.03175979124868,0.0,0.0,0.0,False,False,False
