suite,configuration,method,window,workload_replay_id,energy_uncertainty,workload_uncertainty,sample_size,gamma,rho,effective_capacity_fraction,bess_degradation_cost_usd_per_mwh_throughput,solver_status,solve_wall_time_seconds,solver_runtime_seconds,mip_gap,decomposition_iterations,active_scenario_count,nominal_grid_cost_usd,nominal_bess_degradation_cost_usd,nominal_operating_cost_usd,actual_grid_cost_usd,actual_operating_cost_usd,actual_carbon_kg,actual_curtailment_mwh,batch_adjustment_mwh,workload_envelope_violation_mwh,grid_limit_violation_mw,ramp_violation_mw,workload_violation,grid_limit_violation,ramp_violation
main,deterministic,deterministic,2025-01-01,0,True,True,0,,,0.7,20.0,optimal,2.2902321999999913,2.2902336999999875,0.0,0,0,15856.414822561856,128.2972535128663,15984.712076074722,16437.413857263273,16565.711110776138,203665.25776228914,0.34436282724908285,47.053067502663374,0.0,0.0,0.0,False,False,False
main,deterministic,deterministic,2025-01-01,1,True,True,0,,,0.7,20.0,optimal,2.2902321999999913,2.2902336999999875,0.0,0,0,15856.414822561856,128.2972535128663,15984.712076074722,16431.785189655802,16560.082443168667,203821.47338355248,0.0,58.91129632122923,0.0,0.0,0.0,False,False,False
main,deterministic,deterministic,2025-01-01,2,True,True,0,,,0.7,20.0,optimal,2.2902321999999913,2.2902336999999875,0.0,0,0,15856.414822561856,128.2972535128663,15984.712076074722,16334.54863981421,16462.845893327074,202615.88303574632,0.0,45.05704538804654,0.0,0.0,0.0,False,False,False
main,deterministic,deterministic,2025-01-01,3,True,True,0,,,0.7,20.0,optimal,2.2902321999999913,2.2902336999999875,0.0,0,0,15856.414822561856,128.2972535128663,15984.712076074722,16456.03282744622,16584.330080959084,203571.0683091901,0.0,49.64147326955429,0.0,0.0,0.0,False,False,False
main,deterministic,deterministic,2025-01-01,4,True,True,0,,,0.7,20.0,optimal,2.2902321999999913,2.2902336999999875,0.0,0,0,15856.414822561856,128.2972535128663,15984.712076074722,16461.372209030294,16589.66946254316,204341.55244592368,0.0,46.359853851771405,0.0,0.0,0.0,False,False,False
main,deterministic,deterministic,2025-01-01,5,True,True,0,,,0.7,20.0,optimal,2.2902321999999913,2.2902336999999875,0.0,0,0,15856.414822561856,128.2972535128663,15984.712076074722,16382.575217053907,16510.872470566774,203400.0668968684,0.06112886851908095,53.43037719894359,0.0,0.0,0.0,False,False,False
main,deterministic,deterministic,2025-01-01,6,True,True,0,,,0.7,20.0,optimal,2.2902321999999913,2.2902336999999875,0.0,0,0,15856.414822561856,128.2972535128663,15984.712076074722,16363.57523336466,16491.872486877524,203268.43288532368,0.17922302903331733,44.48669262859572,0.0,0.0,0.0,False,False,False
main,deterministic,deterministic,2025-01-01,7,True,True,0,,,0.7,20.0,optimal,2.2902321999999913,2.2902336999999875,0.0,0,0,15856.414822561856,128.2972535128663,15984.712076074722,16414.165284361556,16542.46253787442,203325.09636715188,0.005983514961787645,48.80371047862326,0.0,0.0,0.0,False,False,False
main,deterministic,deterministic,2025-01-01,8,True,True,0,,,0.7,20.0,optimal,2.2902321999999913,2.2902336999999875,0.0,0,0,15856.414822561856,128.2972535128663,15984.712076074722,16470.890778676516,16599.18803218938,203493.5051175495,0.019254335018519808,51.12290501237856,0.0,0.0,0.0,False,False,False
main,deterministic,deterministic,2025-01-01,9,True,True,0,,,0.7,20.0,optimal,2.2902321999999913,2.2902336999999875,0.0,0,0,15856.414822561856,128.2972535128663,15984.712076074722,16448.422224123962,16576.719477636827,203141.00016183485,0.0,55.48170141206651,0.0,0.0,0.0,False,False,False
main,deterministic,deterministic,2025-01-01,10,True,True,0,,,0.7,20.0,optimal,2.2902321999999913,2.2902336999999875,0.0,0,0,15856.414822561856,128.2972535128663,15984.712076074722,16341.175404530773,16469.47265804364,202879.7675192063,0.05109057891799745,49.36968209657342,0.0,0.0,0.0,False,False,False
main,deterministic,deterministic,2025-01-01,11,True,True,0,,,0.7,20.0,optimal,2.2902321999999913,2.2902336999999875,0.0,0,0,15856.414822561856,128.2972535128663,15984.712076074722,16414.349343497935,16542.6465970108,203566.17713008903,0.0,42.988981985279175,0.0,0.0,0.0,False,False,False
main,deterministic,deterministic,2025-01-01,12,True,True,0,,,0.7,20.0,optimal,2.2902321999999913,2.2902336999999875,0.0,0,0,15856.414822561856,128.2972535128663,15984.712076074722,16357.066555888503,16485.36380940137,202663.17278196904,0.2378658804844844,44.035065505487424,0.0,0.0,0.0,False,False,False
main,deterministic,deterministic,2025-01-01,13,True,True,0,,,0.7,20.0,optimal,2.2902321999999913,2.2902336999999875,0.0,0,0,15856.414822561856,128.2972535128663,15984.712076074722,16420.718146144478,16549.015399657343,203434.19367101166,0.01885173861402062,49.91116014580818,0.0,0.0,0.0,False,False,False
main,deterministic,deterministic,2025-01-01,14,True,True,0,,,0.7,20.0,optimal,2.2902321999999913,2.2902336999999875,0.0,0,0,15856.414822561856,128.2972535128663,15984.712076074722,16443.2235131285,16571.520766641366,203187.4062383846,0.029797989906657607,49.08248958210661,0.0,0.0,0.0,False,False,False
main,deterministic,deterministic,2025-01-01,15,True,True,0,,,0.7,20.0,optimal,2.2902321999999913,2.2902336999999875,0.0,0,0,15856.414822561856,128.2972535128663,15984.712076074722,16388.94514082421,16517.242394337074,203338.21474986649,0.000993233565303564,43.24059149853507,0.0,0.0,0.0,False,False,False
main,deterministic,deterministic,2025-01-01,16,True,True,0,,,0.7,20.0,optimal,2.2902321999999913,2.2902336999999875,0.0,0,0,15856.414822561856,128.2972535128663,15984.712076074722,16433.47570046523,16561.772953978096,203775.12674407358,0.002457626222879955,45.31392371391738,0.0,0.0,0.0,False,False,False
main,deterministic,deterministic,2025-01-01,17,True,True,0,,,0.7,20.0,optimal,2.2902321999999913,2.2902336999999875,0.0,0,0,15856.414822561856,128.2972535128663,15984.712076074722,16402.32615840225,16530.623411915116,202721.39230556515,0.060862221257084514,53.50635405050116,0.0,0.0,0.0,False,False,False
main,deterministic,deterministic,2025-01-01,18,True,True,0,,,0.7,20.0,optimal,2.2902321999999913,2.2902336999999875,0.0,0,0,15856.414822561856,128.2972535128663,15984.712076074722,16469.483959250352,16597.781212763217,203822.62060997414,0.0,52.13592417871435,0.0,0.0,0.0,False,False,False
main,deterministic,deterministic,2025-01-01,19,True,True,0,,,0.7,20.0,optimal,2.2902321999999913,2.2902336999999875,0.0,0,0,15856.414822561856,128.2972535128663,15984.712076074722,16378.262627213315,16506.55988072618,203210.02409119502,0.2674979784417454,52.37550570391323,0.0,0.0,0.0,False,False,False
main,deterministic,deterministic,2025-01-01,20,True,True,0,,,0.7,20.0,optimal,2.2902321999999913,2.2902336999999875,0.0,0,0,15856.414822561856,128.2972535128663,15984.712076074722,16370.507771890707,16498.805025403573,203282.88942174902,0.0,43.59595649936143,0.0,0.0,0.0,False,False,False
main,deterministic,deterministic,2025-01-01,21,True,True,0,,,0.7,20.0,optimal,2.2902321999999913,2.2902336999999875,0.0,0,0,15856.414822561856,128.2972535128663,15984.712076074722,16337.08332261595,16465.380576128817,203153.6323914881,0.002287940161294466,45.234051837804124,0.0,0.0,0.0,False,False,False
main,deterministic,deterministic,2025-01-01,22,True,True,0,,,0.7,20.0,optimal,2.2902321999999913,2.2902336999999875,0.0,0,0,15856.414822561856,128.2972535128663,15984.712076074722,16451.89248948823,16580.189743001094,203435.84217517945,0.003829019528404143,47.44722623710262,0.0,0.0,0.0,False,False,False
main,deterministic,deterministic,2025-01-01,23,True,True,0,,,0.7,20.0,optimal,2.2902321999999913,2.2902336999999875,0.0,0,0,15856.414822561856,128.2972535128663,15984.712076074722,16404.783726810634,16533.0809803235,203120.17961276064,0.0,48.9721906411568,0.0,0.0,0.0,False,False,False
main,deterministic,deterministic,2025-01-01,24,True,True,0,,,0.7,20.0,optimal,2.2902321999999913,2.2902336999999875,0.0,0,0,15856.414822561856,128.2972535128663,15984.712076074722,16429.134694627366,16557.43194814023,203104.3694729321,0.0,48.51868697455749,0.0,0.0,0.0,False,False,False
main,deterministic,deterministic,2025-01-01,25,True,True,0,,,0.7,20.0,optimal,2.2902321999999913,2.2902336999999875,0.0,0,0,15856.414822561856,128.2972535128663,15984.712076074722,16369.242919758275,16497.54017327114,203346.64397161602,0.0,45.60188601546153,0.0,0.0,0.0,False,False,False
main,deterministic,deterministic,2025-01-01,26,True,True,0,,,0.7,20.0,optimal,2.2902321999999913,2.2902336999999875,0.0,0,0,15856.414822561856,128.2972535128663,15984.712076074722,16413.431595772414,16541.72884928528,203412.01349553862,0.0908130765231237,53.12082638410432,0.0,0.0,0.0,False,False,False
main,deterministic,deterministic,2025-01-01,27,True,True,0,,,0.7,20.0,optimal,2.2902321999999913,2.2902336999999875,0.0,0,0,15856.414822561856,128.2972535128663,15984.712076074722,16416.165498568647,16544.462752081512,203065.15539611902,0.0,50.77971075348235,0.0,0.0,0.0,False,False,False
main,deterministic,deterministic,2025-01-01,28,True,True,0,,,0.7,20.0,optimal,2.2902321999999913,2.2902336999999875,0.0,0,0,15856.414822561856,128.2972535128663,15984.712076074722,16385.597852972052,16513.895106484917,203419.56788581266,0.0,41.813011511906815,0.0,0.0,0.0,False,False,False
main,deterministic,deterministic,2025-01-01,29,True,True,0,,,0.7,20.0,optimal,2.2902321999999913,2.2902336999999875,0.0,0,0,15856.414822561856,128.2972535128663,15984.712076074722,16287.868831654123,16416.166085166988,202773.89236267997,0.0,37.336146455685046,0.0,0.0,0.0,False,False,False
main,deterministic,deterministic,2025-01-01,30,True,True,0,,,0.7,20.0,optimal,2.2902321999999913,2.2902336999999875,0.0,0,0,15856.414822561856,128.2972535128663,15984.712076074722,16413.3630555718,16541.660309084666,203640.00542389712,0.0,42.926266261315014,0.0,0.0,0.0,False,False,False
main,deterministic,deterministic,2025-01-01,31,True,True,0,,,0.7,20.0,optimal,2.2902321999999913,2.2902336999999875,0.0,0,0,15856.414822561856,128.2972535128663,15984.712076074722,16372.530142658212,16500.827396171077,203342.6504469555,0.04860887626570731,49.60951782036736,0.0,0.0,0.0,False,False,False
main,deterministic,deterministic,2025-01-01,32,True,True,0,,,0.7,20.0,optimal,2.2902321999999913,2.2902336999999875,0.0,0,0,15856.414822561856,128.2972535128663,15984.712076074722,16493.875219661306,16622.17247317417,203817.0281393586,0.0,48.589158205122146,0.0,0.0,0.0,False,False,False
main,deterministic,deterministic,2025-01-01,33,True,True,0,,,0.7,20.0,optimal,2.2902321999999913,2.2902336999999875,0.0,0,0,15856.414822561856,128.2972535128663,15984.712076074722,16504.378034526282,16632.675288039147,203746.15612738623,0.35809675540762675,58.24202513717678,0.0,0.0,0.0,False,False,False
main,deterministic,deterministic,2025-01-01,34,True,True,0,,,0.7,20.0,optimal,2.2902321999999913,2.2902336999999875,0.0,0,0,15856.414822561856,128.2972535128663,15984.712076074722,16551.516596481004,16679.81384999387,204066.95027649344,0.1891031613268582,50.31951348623232,0.0,0.0,0.0,False,False,False
main,deterministic,deterministic,2025-01-01,35,True,True,0,,,0.7,20.0,optimal,2.2902321999999913,2.2902336999999875,0.0,0,0,15856.414822561856,128.2972535128663,15984.712076074722,16374.740542705282,16503.03779621815,203167.49074828785,0.05554244354577792,53.839765563297966,0.0,0.0,0.0,False,False,False
main,deterministic,deterministic,2025-01-01,36,True,True,0,,,0.7,20.0,optimal,2.2902321999999913,2.2902336999999875,0.0,0,0,15856.414822561856,128.2972535128663,15984.712076074722,16536.328552113384,16664.62580562625,204091.69318777462,0.2776211502761159,54.47319338365906,0.0,0.0,0.0,False,False,False
main,deterministic,deterministic,2025-01-01,37,True,True,0,,,0.7,20.0,optimal,2.2902321999999913,2.2902336999999875,0.0,0,0,15856.414822561856,128.2972535128663,15984.712076074722,16362.386627835376,16490.683881348243,203809.99957272623,0.0,44.14780987082238,0.0,0.0,0.0,False,False,False
main,deterministic,deterministic,2025-01-01,38,True,True,0,,,0.7,20.0,optimal,2.2902321999999913,2.2902336999999875,0.0,0,0,15856.414822561856,128.2972535128663,15984.712076074722,16437.92544831557,16566.222701828436,203233.8106413506,0.0,46.385255695337236,0.0,0.0,0.0,False,False,False
main,deterministic,deterministic,2025-01-01,39,True,True,0,,,0.7,20.0,optimal,2.2902321999999913,2.2902336999999875,0.0,0,0,15856.414822561856,128.2972535128663,15984.712076074722,16306.914967855888,16435.212221368754,202855.40447646566,0.0,37.53173949598517,0.0,0.0,0.0,False,False,False
main,deterministic,deterministic,2025-01-01,40,True,True,0,,,0.7,20.0,optimal,2.2902321999999913,2.2902336999999875,0.0,0,0,15856.414822561856,128.2972535128663,15984.712076074722,16471.78196083725,16600.079214350113,203609.83764050194,0.0,42.45742655428478,0.0,0.0,0.0,False,False,False
main,deterministic,deterministic,2025-01-01,41,True,True,0,,,0.7,20.0,optimal,2.2902321999999913,2.2902336999999875,0.0,0,0,15856.414822561856,128.2972535128663,15984.712076074722,16354.088892559539,16482.386146072404,203249.22803433042,0.0,37.59393415783644,0.0,0.0,0.0,False,False,False
main,deterministic,deterministic,2025-01-01,42,True,True,0,,,0.7,20.0,optimal,2.2902321999999913,2.2902336999999875,0.0,0,0,15856.414822561856,128.2972535128663,15984.712076074722,16559.34550415198,16687.642757664846,204022.2165583612,0.009818054933960152,51.37737571590487,0.0,0.0,0.0,False,False,False
main,deterministic,deterministic,2025-01-01,43,True,True,0,,,0.7,20.0,optimal,2.2902321999999913,2.2902336999999875,0.0,0,0,15856.414822561856,128.2972535128663,15984.712076074722,16406.94693617213,16535.244189684996,203369.89073622556,0.0,48.67167124755635,0.0,0.0,0.0,False,False,False
main,deterministic,deterministic,2025-01-01,44,True,True,0,,,0.7,20.0,optimal,2.2902321999999913,2.2902336999999875,0.0,0,0,15856.414822561856,128.2972535128663,15984.712076074722,16402.020404784707,16530.317658297572,203125.22834824913,0.0,47.35510304440589,0.0,0.0,0.0,False,False,False
main,deterministic,deterministic,2025-01-01,45,True,True,0,,,0.7,20.0,optimal,2.2902321999999913,2.2902336999999875,0.0,0,0,15856.414822561856,128.2972535128663,15984.712076074722,16465.40728249045,16593.704536003315,203539.52585330844,0.0,52.61933923249347,0.0,0.0,0.0,False,False,False
main,deterministic,deterministic,2025-01-01,46,True,True,0,,,0.7,20.0,optimal,2.2902321999999913,2.2902336999999875,0.0,0,0,15856.414822561856,128.2972535128663,15984.712076074722,16400.456450917478,16528.753704430343,203242.23191352526,0.0002682611103779764,48.71891019968222,0.0,0.0,0.0,False,False,False
main,deterministic,deterministic,2025-01-01,47,True,True,0,,,0.7,20.0,optimal,2.2902321999999913,2.2902336999999875,0.0,0,0,15856.414822561856,128.2972535128663,15984.712076074722,16402.924422251916,16531.22167576478,203625.59172452765,0.02344387421973182,48.967895454406,0.0,0.0,0.0,False,False,False
main,deterministic,deterministic,2025-01-01,48,True,True,0,,,0.7,20.0,optimal,2.2902321999999913,2.2902336999999875,0.0,0,0,15856.414822561856,128.2972535128663,15984.712076074722,16430.31020053058,16558.607454043446,203376.51553077524,0.0,47.46047165065858,0.0,0.0,0.0,False,False,False
main,deterministic,deterministic,2025-01-01,49,True,True,0,,,0.7,20.0,optimal,2.2902321999999913,2.2902336999999875,0.0,0,0,15856.414822561856,128.2972535128663,15984.712076074722,16424.698170424945,16552.99542393781,203289.0239892959,0.05023051640051285,50.67128972305521,0.0,0.0,0.0,False,False,False
main,deterministic,deterministic,2025-01-01,50,True,True,0,,,0.7,20.0,optimal,2.2902321999999913,2.2902336999999875,0.0,0,0,15856.414822561856,128.2972535128663,15984.712076074722,16468.867416194917,16597.16466970778,203383.61111644056,0.0,54.46217676463757,0.0,0.0,0.0,False,False,False
main,deterministic,deterministic,2025-01-01,51,True,True,0,,,0.7,20.0,optimal,2.2902321999999913,2.2902336999999875,0.0,0,0,15856.414822561856,128.2972535128663,15984.712076074722,16395.364495873084,16523.66174938595,203679.04397467774,0.0,50.35781432087083,0.0,0.0,0.0,False,False,False
main,deterministic,deterministic,2025-01-01,52,True,True,0,,,0.7,20.0,optimal,2.2902321999999913,2.2902336999999875,0.0,0,0,15856.414822561856,128.2972535128663,15984.712076074722,16405.164646947003,16533.461900459868,203594.1283715234,0.20171409243384172,56.10386910227479,0.0,0.0,0.0,False,False,False
main,deterministic,deterministic,2025-01-01,53,True,True,0,,,0.7,20.0,optimal,2.2902321999999913,2.2902336999999875,0.0,0,0,15856.414822561856,128.2972535128663,15984.712076074722,16324.285101419979,16452.582354932845,203204.37011069414,0.0,44.15915842970061,0.0,0.0,0.0,False,False,False
main,deterministic,deterministic,2025-01-01,54,True,True,0,,,0.7,20.0,optimal,2.2902321999999913,2.2902336999999875,0.0,0,0,15856.414822561856,128.2972535128663,15984.712076074722,16372.054715829558,16500.351969342424,202995.97537625904,0.0,44.121524142119654,0.0,0.0,0.0,False,False,False
main,deterministic,deterministic,2025-01-01,55,True,True,0,,,0.7,20.0,optimal,2.2902321999999913,2.2902336999999875,0.0,0,0,15856.414822561856,128.2972535128663,15984.712076074722,16392.22544916374,16520.522702676604,203270.8405189646,0.0,52.92643713607368,0.0,0.0,0.0,False,False,False
main,deterministic,deterministic,2025-01-01,56,True,True,0,,,0.7,20.0,optimal,2.2902321999999913,2.2902336999999875,0.0,0,0,15856.414822561856,128.2972535128663,15984.712076074722,16528.968196549922,16657.265450062787,203746.83059877958,0.0,38.17534772902292,0.0,0.0,0.0,False,False,False
main,deterministic,deterministic,2025-01-01,57,True,True,0,,,0.7,20.0,optimal,2.2902321999999913,2.2902336999999875,0.0,0,0,15856.414822561856,128.2972535128663,15984.712076074722,16439.40747671527,16567.704730228135,203535.1695490238,0.0,48.50285429381075,0.0,0.0,0.0,False,False,False
main,deterministic,deterministic,2025-01-01,58,True,True,0,,,0.7,20.0,optimal,2.2902321999999913,2.2902336999999875,0.0,0,0,15856.414822561856,128.2972535128663,15984.712076074722,16345.154201497886,16473.451455010752,203560.45989940912,0.0015071873966173155,55.7782310551911,0.0,0.0,0.0,False,False,False
main,deterministic,deterministic,2025-01-01,59,True,True,0,,,0.7,20.0,optimal,2.2902321999999913,2.2902336999999875,0.0,0,0,15856.414822561856,128.2972535128663,15984.712076074722,16344.766643404639,16473.063896917505,203458.94317623036,0.049499237850869626,51.02116880916796,0.0,0.0,0.0,False,False,False
main,deterministic,deterministic,2025-01-01,60,True,True,0,,,0.7,20.0,optimal,2.2902321999999913,2.2902336999999875,0.0,0,0,15856.414822561856,128.2972535128663,15984.712076074722,16393.33026123227,16521.627514745134,202962.06538369105,0.023725227918415026,50.967512383013066,0.0,0.0,0.0,False,False,False
main,deterministic,deterministic,2025-01-01,61,True,True,0,,,0.7,20.0,optimal,2.2902321999999913,2.2902336999999875,0.0,0,0,15856.414822561856,128.2972535128663,15984.712076074722,16450.129651151354,16578.42690466422,203144.7325681289,0.0,38.8509941176002,0.0,0.0,0.0,False,False,False
main,deterministic,deterministic,2025-01-01,62,True,True,0,,,0.7,20.0,optimal,2.2902321999999913,2.2902336999999875,0.0,0,0,15856.414822561856,128.2972535128663,15984.712076074722,16377.56003436987,16505.857287882736,203069.83438703642,0.0,54.23371669108488,0.0,0.0,0.0,False,False,False
main,deterministic,deterministic,2025-01-01,63,True,True,0,,,0.7,20.0,optimal,2.2902321999999913,2.2902336999999875,0.0,0,0,15856.414822561856,128.2972535128663,15984.712076074722,16342.025381256382,16470.322634769247,202940.34316351844,0.09256672330518195,53.27090866235895,0.0,0.0,0.0,False,False,False
main,deterministic,deterministic,2025-01-01,64,True,True,0,,,0.7,20.0,optimal,2.2902321999999913,2.2902336999999875,0.0,0,0,15856.414822561856,128.2972535128663,15984.712076074722,16377.292818149528,16505.590071662395,203254.75120344976,0.0,45.958588757882914,0.0,0.0,0.0,False,False,False
main,deterministic,deterministic,2025-01-01,65,True,True,0,,,0.7,20.0,optimal,2.2902321999999913,2.2902336999999875,0.0,0,0,15856.414822561856,128.2972535128663,15984.712076074722,16332.163880182236,16460.461133695102,202921.67529412886,0.09618274524590215,52.14254623825317,0.0,0.0,0.0,False,False,False
main,deterministic,deterministic,2025-01-01,66,True,True,0,,,0.7,20.0,optimal,2.2902321999999913,2.2902336999999875,0.0,0,0,15856.414822561856,128.2972535128663,15984.712076074722,16362.599454918434,16490.8967084313,203389.3930190492,0.0,56.04587816947144,0.0,0.0,0.0,False,False,False
main,deterministic,deterministic,2025-01-01,67,True,True,0,,,0.7,20.0,optimal,2.2902321999999913,2.2902336999999875,0.0,0,0,15856.414822561856,128.2972535128663,15984.712076074722,16417.48532720026,16545.782580713123,203507.8653200177,0.0,49.13069438848833,0.0,0.0,0.0,False,False,False
main,deterministic,deterministic,2025-01-01,68,True,True,0,,,0.7,20.0,optimal,2.2902321999999913,2.2902336999999875,0.0,0,0,15856.414822561856,128.2972535128663,15984.712076074722,16504.787476890186,16633.08473040305,203634.34108109295,0.0,52.51163074025704,0.0,0.0,0.0,False,False,False
main,deterministic,deterministic,2025-01-01,69,True,True,0,,,0.7,20.0,optimal,2.2902321999999913,2.2902336999999875,0.0,0,0,15856.414822561856,128.2972535128663,15984.712076074722,16403.53659207801,16531.833845590874,203415.87262459105,0.057135418038695485,51.0912638456249,0.0,0.0,0.0,False,False,False
main,deterministic,deterministic,2025-01-01,70,True,True,0,,,0.7,20.0,optimal,2.2902321999999913,2.2902336999999875,0.0,0,0,15856.414822561856,128.2972535128663,15984.712076074722,16304.436524773999,16432.733778286864,202902.71732422378,0.02033329716126242,53.47935392322018,0.0,0.0,0.0,False,False,False
main,deterministic,deterministic,2025-01-01,71,True,True,0,,,0.7,20.0,optimal,2.2902321999999913,2.2902336999999875,0.0,0,0,15856.414822561856,128.2972535128663,15984.712076074722,16356.184537906589,16484.481791419454,203507.5186716723,0.0,55.11997369747079,0.0,0.0,0.0,False,False,False
main,deterministic,deterministic,2025-01-01,72,True,True,0,,,0.7,20.0,optimal,2.2902321999999913,2.2902336999999875,0.0,0,0,15856.414822561856,128.2972535128663,15984.712076074722,16375.030584098951,16503.327837611818,202952.78212190847,0.0,56.441502041608864,0.0,0.0,0.0,False,False,False
main,deterministic,deterministic,2025-01-01,73,True,True,0,,,0.7,20.0,optimal,2.2902321999999913,2.2902336999999875,0.0,0,0,15856.414822561856,128.2972535128663,15984.712076074722,16416.896092730065,16545.19334624293,203157.72686375558,0.06286192553580583,48.1482535589841,0.0,0.0,0.0,False,False,False
main,deterministic,deterministic,2025-01-01,74,True,True,0,,,0.7,20.0,optimal,2.2902321999999913,2.2902336999999875,0.0,0,0,15856.414822561856,128.2972535128663,15984.712076074722,16424.12860449806,16552.425858010924,203408.9191578691,0.0,49.58118162721945,0.0,0.0,0.0,False,False,False
main,deterministic,deterministic,2025-01-01,75,True,True,0,,,0.7,20.0,optimal,2.2902321999999913,2.2902336999999875,0.0,0,0,15856.414822561856,128.2972535128663,15984.712076074722,16405.322904596112,16533.620158108977,203969.5175862061,0.0022389641076697997,48.98508046435121,0.0,0.0,0.0,False,False,False
main,deterministic,deterministic,2025-01-01,76,True,True,0,,,0.7,20.0,optimal,2.2902321999999913,2.2902336999999875,0.0,0,0,15856.414822561856,128.2972535128663,15984.712076074722,16380.252789873648,16508.550043386513,202776.94981493417,0.12944164809293662,50.50172882796847,0.0,0.0,0.0,False,False,False
main,deterministic,deterministic,2025-01-01,77,True,True,0,,,0.7,20.0,optimal,2.2902321999999913,2.2902336999999875,0.0,0,0,15856.414822561856,128.2972535128663,15984.712076074722,16371.4087202262,16499.705973739066,202976.11527259645,0.0,45.271060349239804,0.0,0.0,0.0,False,False,False
main,deterministic,deterministic,2025-01-01,78,True,True,0,,,0.7,20.0,optimal,2.2902321999999913,2.2902336999999875,0.0,0,0,15856.414822561856,128.2972535128663,15984.712076074722,16345.071284229827,16473.368537742692,202860.69999630918,0.0,49.22916934008732,0.0,0.0,0.0,False,False,False
main,deterministic,deterministic,2025-01-01,79,True,True,0,,,0.7,20.0,optimal,2.2902321999999913,2.2902336999999875,0.0,0,0,15856.414822561856,128.2972535128663,15984.712076074722,16436.947158090323,16565.244411603187,203571.58342609336,0.36119426447465186,47.263024054459336,0.0,0.0,0.0,False,False,False
main,deterministic,deterministic,2025-01-01,80,True,True,0,,,0.7,20.0,optimal,2.2902321999999913,2.2902336999999875,0.0,0,0,15856.414822561856,128.2972535128663,15984.712076074722,16371.291278320245,16499.58853183311,203665.3094941782,0.0,46.4290421659145,0.0,0.0,0.0,False,False,False
main,deterministic,deterministic,2025-01-01,81,True,True,0,,,0.7,20.0,optimal,2.2902321999999913,2.2902336999999875,0.0,0,0,15856.414822561856,128.2972535128663,15984.712076074722,16439.044267750713,16567.341521263577,203655.11866706476,0.016603963863242033,56.523157304148214,0.0,0.0,0.0,False,False,False
main,deterministic,deterministic,2025-01-01,82,True,True,0,,,0.7,20.0,optimal,2.2902321999999913,2.2902336999999875,0.0,0,0,15856.414822561856,128.2972535128663,15984.712076074722,16404.524886991014,16532.82214050388,203155.02483100834,0.0,39.9560265330476,0.0,0.0,0.0,False,False,False
main,deterministic,deterministic,2025-01-01,83,True,True,0,,,0.7,20.0,optimal,2.2902321999999913,2.2902336999999875,0.0,0,0,15856.414822561856,128.2972535128663,15984.712076074722,16445.332963752622,16573.630217265487,202922.2320336654,0.0,43.5573467982134,0.0,0.0,0.0,False,False,False
main,deterministic,deterministic,2025-01-01,84,True,True,0,,,0.7,20.0,optimal,2.2902321999999913,2.2902336999999875,0.0,0,0,15856.414822561856,128.2972535128663,15984.712076074722,16338.195134957403,16466.49238847027,203072.3720345625,0.0,41.865955897671164,0.0,0.0,0.0,False,False,False
main,deterministic,deterministic,2025-01-01,85,True,True,0,,,0.7,20.0,optimal,2.2902321999999913,2.2902336999999875,0.0,0,0,15856.414822561856,128.2972535128663,15984.712076074722,16372.83443423421,16501.131687747074,202938.34459213604,0.0,53.042457517014114,0.0,0.0,0.0,False,False,False
main,deterministic,deterministic,2025-01-01,86,True,True,0,,,0.7,20.0,optimal,2.2902321999999913,2.2902336999999875,0.0,0,0,15856.414822561856,128.2972535128663,15984.712076074722,16423.802325640787,16552.09957915365,203711.5925486452,0.0,45.68192601788074,0.0,0.0,0.0,False,False,False
main,deterministic,deterministic,2025-01-01,87,True,True,0,,,0.7,20.0,optimal,2.2902321999999913,2.2902336999999875,0.0,0,0,15856.414822561856,128.2972535128663,15984.712076074722,16473.583090493954,16601.88034400682,203337.1260432524,0.0,49.14763101847181,0.0,0.0,0.0,False,False,False
main,deterministic,deterministic,2025-01-01,88,True,True,0,,,0.7,20.0,optimal,2.2902321999999913,2.2902336999999875,0.0,0,0,15856.414822561856,128.2972535128663,15984.712076074722,16485.55258260463,16613.849836117493,204060.36667168123,0.29797148778633076,55.09139814372397,0.0,0.0,0.0,False,False,False
main,deterministic,deterministic,2025-01-01,89,True,True,0,,,0.7,20.0,optimal,2.2902321999999913,2.2902336999999875,0.0,0,0,15856.414822561856,128.2972535128663,15984.712076074722,16472.687559595757,16600.984813108622,202978.1873438823,0.04267720470429803,47.90247197270928,0.0,0.0,0.0,False,False,False
main,deterministic,deterministic,2025-01-01,90,True,True,0,,,0.7,20.0,optimal,2.2902321999999913,2.2902336999999875,0.0,0,0,15856.414822561856,128.2972535128663,15984.712076074722,16397.850780941426,16526.14803445429,203363.31222804153,0.0,52.95612799056501,0.0,0.0,0.0,False,False,False
main,deterministic,deterministic,2025-01-01,91,True,True,0,,,0.7,20.0,optimal,2.2902321999999913,2.2902336999999875,0.0,0,0,15856.414822561856,128.2972535128663,15984.712076074722,16499.136693004493,16627.433946517358,203704.46965862843,0.0,48.28936752242674,0.0,0.0,0.0,False,False,False
main,deterministic,deterministic,2025-01-01,92,True,True,0,,,0.7,20.0,optimal,2.2902321999999913,2.2902336999999875,0.0,0,0,15856.414822561856,128.2972535128663,15984.712076074722,16381.59019498951,16509.887448502377,203150.39946992873,0.0,40.79361880975869,0.0,0.0,0.0,False,False,False
main,deterministic,deterministic,2025-01-01,93,True,True,0,,,0.7,20.0,optimal,2.2902321999999913,2.2902336999999875,0.0,0,0,15856.414822561856,128.2972535128663,15984.712076074722,16458.480413416462,16586.777666929327,203830.09643258332,0.4069317468196221,52.40251400928943,0.0,0.0,0.0,False,False,False
main,deterministic,deterministic,2025-01-01,94,True,True,0,,,0.7,20.0,optimal,2.2902321999999913,2.2902336999999875,0.0,0,0,15856.414822561856,128.2972535128663,15984.712076074722,16317.281504434082,16445.578757946947,202373.8245387374,0.0,47.59999277680973,0.0,0.0,0.0,False,False,False
main,deterministic,deterministic,2025-01-01,95,True,True,0,,,0.7,20.0,optimal,2.2902321999999913,2.2902336999999875,0.0,0,0,15856.414822561856,128.2972535128663,15984.712076074722,16297.807596421915,16426.10484993478,202853.30713857905,0.001584687265900414,49.50071157843357,0.0,0.0,0.0,False,False,False
main,deterministic,deterministic,2025-01-01,96,True,True,0,,,0.7,20.0,optimal,2.2902321999999913,2.2902336999999875,0.0,0,0,15856.414822561856,128.2972535128663,15984.712076074722,16359.017379493154,16487.31463300602,202995.8048999038,0.008524883235291075,47.02225565723619,0.0,0.0,0.0,False,False,False
main,deterministic,deterministic,2025-01-01,97,True,True,0,,,0.7,20.0,optimal,2.2902321999999913,2.2902336999999875,0.0,0,0,15856.414822561856,128.2972535128663,15984.712076074722,16380.965558444123,16509.26281195699,202832.46588467143,0.0,50.25511383921085,0.0,0.0,0.0,False,False,False
main,deterministic,deterministic,2025-01-01,98,True,True,0,,,0.7,20.0,optimal,2.2902321999999913,2.2902336999999875,0.0,0,0,15856.414822561856,128.2972535128663,15984.712076074722,16425.285086639713,16553.582340152578,203573.92756561714,0.0024235064370427273,42.138151177659175,0.0,0.0,0.0,False,False,False
main,deterministic,deterministic,2025-01-01,99,True,True,0,,,0.7,20.0,optimal,2.2902321999999913,2.2902336999999875,0.0,0,0,15856.414822561856,128.2972535128663,15984.712076074722,16449.37095117569,16577.668204688554,203613.1363582881,0.0,51.3963433169084,0.0,0.0,0.0,False,False,False
main,deterministic,deterministic,2025-04-01,0,True,True,0,,,0.7,20.0,optimal,1.8748654999999417,1.8748666000000185,0.0,0,0,15817.668878703098,392.4660915944447,16210.134970297542,16177.078014778159,16569.544106372603,125806.00177074135,0.023542499508503067,51.49417609450845,0.0,0.0,0.0,False,False,False
main,deterministic,deterministic,2025-04-01,1,True,True,0,,,0.7,20.0,optimal,1.8748654999999417,1.8748666000000185,0.0,0,0,15817.668878703098,392.4660915944447,16210.134970297542,16073.837647083179,16466.303738677623,125086.45521720094,0.7850288023301393,59.296426588530935,0.0,0.0,0.0,False,False,False
main,deterministic,deterministic,2025-04-01,2,True,True,0,,,0.7,20.0,optimal,1.8748654999999417,1.8748666000000185,0.0,0,0,15817.668878703098,392.4660915944447,16210.134970297542,16037.65592051102,16430.122012105465,125842.05514694341,0.32318429236043855,46.76954199845476,0.0,0.0,0.0,False,False,False
main,deterministic,deterministic,2025-04-01,3,True,True,0,,,0.7,20.0,optimal,1.8748654999999417,1.8748666000000185,0.0,0,0,15817.668878703098,392.4660915944447,16210.134970297542,16142.697879426878,16535.163971021324,125978.58416809465,0.4886434290007111,53.78911614738023,0.0,0.0,0.0,False,False,False
main,deterministic,deterministic,2025-04-01,4,True,True,0,,,0.7,20.0,optimal,1.8748654999999417,1.8748666000000185,0.0,0,0,15817.668878703098,392.4660915944447,16210.134970297542,16063.911342233063,16456.377433827507,126061.38271618902,0.11578525725960481,49.29471935413945,0.0,0.0,0.0,False,False,False
main,deterministic,deterministic,2025-04-01,5,True,True,0,,,0.7,20.0,optimal,1.8748654999999417,1.8748666000000185,0.0,0,0,15817.668878703098,392.4660915944447,16210.134970297542,16135.3778308136,16527.843922408047,126080.97963135688,1.046813638142946,55.143265907944844,0.0,0.0,0.0,False,False,False
main,deterministic,deterministic,2025-04-01,6,True,True,0,,,0.7,20.0,optimal,1.8748654999999417,1.8748666000000185,0.0,0,0,15817.668878703098,392.4660915944447,16210.134970297542,16113.379002810336,16505.84509440478,125999.83140255576,0.5545015673992557,47.95694730692889,0.0,0.0,0.0,False,False,False
main,deterministic,deterministic,2025-04-01,7,True,True,0,,,0.7,20.0,optimal,1.8748654999999417,1.8748666000000185,0.0,0,0,15817.668878703098,392.4660915944447,16210.134970297542,16066.244348974014,16458.71044056846,125920.48883690774,0.869344232422422,49.52448243680457,0.0,0.0,0.0,False,False,False
main,deterministic,deterministic,2025-04-01,8,True,True,0,,,0.7,20.0,optimal,1.8748654999999417,1.8748666000000185,0.0,0,0,15817.668878703098,392.4660915944447,16210.134970297542,16062.153539597846,16454.61963119229,125710.0200095359,1.1520646330828674,52.45763433301713,0.0,0.0,0.0,False,False,False
main,deterministic,deterministic,2025-04-01,9,True,True,0,,,0.7,20.0,optimal,1.8748654999999417,1.8748666000000185,0.0,0,0,15817.668878703098,392.4660915944447,16210.134970297542,15992.249662435728,16384.715754030174,125252.85840900404,0.0,55.643683763516876,0.0,0.0,0.0,False,False,False
main,deterministic,deterministic,2025-04-01,10,True,True,0,,,0.7,20.0,optimal,1.8748654999999417,1.8748666000000185,0.0,0,0,15817.668878703098,392.4660915944447,16210.134970297542,16123.582729629552,16516.048821223998,126158.97434386422,0.2930597708550707,47.38740966896852,0.0,0.0,0.0,False,False,False
main,deterministic,deterministic,2025-04-01,11,True,True,0,,,0.7,20.0,optimal,1.8748654999999417,1.8748666000000185,0.0,0,0,15817.668878703098,392.4660915944447,16210.134970297542,16085.043223778557,16477.509315373,125887.40446520921,0.0,43.46173874163002,0.0,0.0,0.0,False,False,False
main,deterministic,deterministic,2025-04-01,12,True,True,0,,,0.7,20.0,optimal,1.8748654999999417,1.8748666000000185,0.0,0,0,15817.668878703098,392.4660915944447,16210.134970297542,16157.761379661662,16550.22747125611,125879.17448788493,0.06309123625444713,42.805300540478505,0.0,0.0,0.0,False,False,False
main,deterministic,deterministic,2025-04-01,13,True,True,0,,,0.7,20.0,optimal,1.8748654999999417,1.8748666000000185,0.0,0,0,15817.668878703098,392.4660915944447,16210.134970297542,16149.016187143889,16541.482278738335,125928.76091675911,1.104365375186654,54.097181834561326,0.0,0.0,0.0,False,False,False
main,deterministic,deterministic,2025-04-01,14,True,True,0,,,0.7,20.0,optimal,1.8748654999999417,1.8748666000000185,0.0,0,0,15817.668878703098,392.4660915944447,16210.134970297542,16043.01700424804,16435.483095842486,125780.69990816842,0.20077602166223746,53.05577561477284,0.0,0.0,0.0,False,False,False
main,deterministic,deterministic,2025-04-01,15,True,True,0,,,0.7,20.0,optimal,1.8748654999999417,1.8748666000000185,0.0,0,0,15817.668878703098,392.4660915944447,16210.134970297542,16198.126032985507,16590.59212457995,126100.30608095993,1.1549167225687684,50.10875910365816,0.0,0.0,0.0,False,False,False
main,deterministic,deterministic,2025-04-01,16,True,True,0,,,0.7,20.0,optimal,1.8748654999999417,1.8748666000000185,0.0,0,0,15817.668878703098,392.4660915944447,16210.134970297542,16028.076063781582,16420.542155376028,126045.81891401451,0.27768093449851355,44.19997160129628,0.0,0.0,0.0,False,False,False
main,deterministic,deterministic,2025-04-01,17,True,True,0,,,0.7,20.0,optimal,1.8748654999999417,1.8748666000000185,0.0,0,0,15817.668878703098,392.4660915944447,16210.134970297542,16148.346237110658,16540.812328705102,126351.76440155646,1.0216525744576785,59.207505724775935,0.0,0.0,0.0,False,False,False
main,deterministic,deterministic,2025-04-01,18,True,True,0,,,0.7,20.0,optimal,1.8748654999999417,1.8748666000000185,0.0,0,0,15817.668878703098,392.4660915944447,16210.134970297542,16029.33649160644,16421.802583200886,125633.36261047982,0.7958744358359605,54.62530867265561,0.0,0.0,0.0,False,False,False
main,deterministic,deterministic,2025-04-01,19,True,True,0,,,0.7,20.0,optimal,1.8748654999999417,1.8748666000000185,0.0,0,0,15817.668878703098,392.4660915944447,16210.134970297542,16222.010895827016,16614.47698742146,126039.131186021,0.933217321889404,48.89144599997413,0.0,0.0,0.0,False,False,False
main,deterministic,deterministic,2025-04-01,20,True,True,0,,,0.7,20.0,optimal,1.8748654999999417,1.8748666000000185,0.0,0,0,15817.668878703098,392.4660915944447,16210.134970297542,16120.98785119838,16513.453942792825,126323.26211644507,0.2512814554265719,44.553972956774416,0.0,0.0,0.0,False,False,False
main,deterministic,deterministic,2025-04-01,21,True,True,0,,,0.7,20.0,optimal,1.8748654999999417,1.8748666000000185,0.0,0,0,15817.668878703098,392.4660915944447,16210.134970297542,16161.24489005319,16553.710981647637,126182.54269191317,0.7351084277313895,50.18359345128204,0.0,0.0,0.0,False,False,False
main,deterministic,deterministic,2025-04-01,22,True,True,0,,,0.7,20.0,optimal,1.8748654999999417,1.8748666000000185,0.0,0,0,15817.668878703098,392.4660915944447,16210.134970297542,16101.194250509705,16493.66034210415,126284.9111882636,1.1422769283004217,50.10712771641806,0.0,0.0,0.0,False,False,False
main,deterministic,deterministic,2025-04-01,23,True,True,0,,,0.7,20.0,optimal,1.8748654999999417,1.8748666000000185,0.0,0,0,15817.668878703098,392.4660915944447,16210.134970297542,16060.234571016732,16452.700662611176,125413.61697109675,0.7846470174388837,49.826074430258274,0.0,0.0,0.0,False,False,False
main,deterministic,deterministic,2025-04-01,24,True,True,0,,,0.7,20.0,optimal,1.8748654999999417,1.8748666000000185,0.0,0,0,15817.668878703098,392.4660915944447,16210.134970297542,16045.459568025075,16437.92565961952,125488.12997221542,1.0666579908783291,54.690337007183125,0.0,0.0,0.0,False,False,False
main,deterministic,deterministic,2025-04-01,25,True,True,0,,,0.7,20.0,optimal,1.8748654999999417,1.8748666000000185,0.0,0,0,15817.668878703098,392.4660915944447,16210.134970297542,16140.745760885655,16533.2118524801,126289.320517061,0.44757229259564185,46.259952102808775,0.0,0.0,0.0,False,False,False
main,deterministic,deterministic,2025-04-01,26,True,True,0,,,0.7,20.0,optimal,1.8748654999999417,1.8748666000000185,0.0,0,0,15817.668878703098,392.4660915944447,16210.134970297542,16093.971200491398,16486.437292085844,125614.5900084522,0.548691433383494,57.56636496893179,0.0,0.0,0.0,False,False,False
main,deterministic,deterministic,2025-04-01,27,True,True,0,,,0.7,20.0,optimal,1.8748654999999417,1.8748666000000185,0.0,0,0,15817.668878703098,392.4660915944447,16210.134970297542,16082.369374728982,16474.835466323428,125714.6747164535,0.04851054152915235,54.822606033510105,0.0,0.0,0.0,False,False,False
main,deterministic,deterministic,2025-04-01,28,True,True,0,,,0.7,20.0,optimal,1.8748654999999417,1.8748666000000185,0.0,0,0,15817.668878703098,392.4660915944447,16210.134970297542,16110.615184808508,16503.081276402954,125995.61583981692,0.11957975088284473,43.48549661443237,0.0,0.0,0.0,False,False,False
main,deterministic,deterministic,2025-04-01,29,True,True,0,,,0.7,20.0,optimal,1.8748654999999417,1.8748666000000185,0.0,0,0,15817.668878703098,392.4660915944447,16210.134970297542,16186.644792628009,16579.110884222453,126256.81074661714,1.0196529358888522,40.31278707786445,0.0,0.0,0.0,False,False,False
main,deterministic,deterministic,2025-04-01,30,True,True,0,,,0.7,20.0,optimal,1.8748654999999417,1.8748666000000185,0.0,0,0,15817.668878703098,392.4660915944447,16210.134970297542,16038.572668735944,16431.03876033039,125814.74448786372,0.7679853282157245,45.02065677166108,0.0,0.0,0.0,False,False,False
main,deterministic,deterministic,2025-04-01,31,True,True,0,,,0.7,20.0,optimal,1.8748654999999417,1.8748666000000185,0.0,0,0,15817.668878703098,392.4660915944447,16210.134970297542,16136.020593914716,16528.48668550916,126201.24533204462,0.3484164420455991,44.887498687087195,0.0,0.0,0.0,False,False,False
main,deterministic,deterministic,2025-04-01,32,True,True,0,,,0.7,20.0,optimal,1.8748654999999417,1.8748666000000185,0.0,0,0,15817.668878703098,392.4660915944447,16210.134970297542,16012.311323531401,16404.777415125845,125870.79268577581,0.0,48.02944404915632,0.0,0.0,0.0,False,False,False
main,deterministic,deterministic,2025-04-01,33,True,True,0,,,0.7,20.0,optimal,1.8748654999999417,1.8748666000000185,0.0,0,0,15817.668878703098,392.4660915944447,16210.134970297542,16055.702058885137,16448.16815047958,125024.92429932837,1.1895053342007804,61.97445064808905,0.0,0.0,0.0,False,False,False
main,deterministic,deterministic,2025-04-01,34,True,True,0,,,0.7,20.0,optimal,1.8748654999999417,1.8748666000000185,0.0,0,0,15817.668878703098,392.4660915944447,16210.134970297542,16155.770080476617,16548.23617207106,125649.15845838505,0.9561150352224034,53.25712964254204,0.0,0.0,0.0,False,False,False
main,deterministic,deterministic,2025-04-01,35,True,True,0,,,0.7,20.0,optimal,1.8748654999999417,1.8748666000000185,0.0,0,0,15817.668878703098,392.4660915944447,16210.134970297542,16089.601553505823,16482.06764510027,126002.69449951238,0.5299792272944635,54.55061520179531,0.0,0.0,0.0,False,False,False
main,deterministic,deterministic,2025-04-01,36,True,True,0,,,0.7,20.0,optimal,1.8748654999999417,1.8748666000000185,0.0,0,0,15817.668878703098,392.4660915944447,16210.134970297542,16104.04487132932,16496.510962923767,125775.94319442743,1.0550718562135384,59.454267241759055,0.0,0.0,0.0,False,False,False
main,deterministic,deterministic,2025-04-01,37,True,True,0,,,0.7,20.0,optimal,1.8748654999999417,1.8748666000000185,0.0,0,0,15817.668878703098,392.4660915944447,16210.134970297542,16147.168657198352,16539.634748792796,126170.0525128098,0.7594262726241301,44.7872701640632,0.0,0.0,0.0,False,False,False
main,deterministic,deterministic,2025-04-01,38,True,True,0,,,0.7,20.0,optimal,1.8748654999999417,1.8748666000000185,0.0,0,0,15817.668878703098,392.4660915944447,16210.134970297542,16095.43648940265,16487.902580997095,125776.88637709487,0.4572024342053834,48.86910138457515,0.0,0.0,0.0,False,False,False
main,deterministic,deterministic,2025-04-01,39,True,True,0,,,0.7,20.0,optimal,1.8748654999999417,1.8748666000000185,0.0,0,0,15817.668878703098,392.4660915944447,16210.134970297542,16169.612734908613,16562.078826503057,126082.37124777545,0.22871111446167308,44.16253318490729,0.0,0.0,0.0,False,False,False
main,deterministic,deterministic,2025-04-01,40,True,True,0,,,0.7,20.0,optimal,1.8748654999999417,1.8748666000000185,0.0,0,0,15817.668878703098,392.4660915944447,16210.134970297542,16067.888014220023,16460.35410581447,125669.97530184878,0.2547668371108828,44.51963401011063,0.0,0.0,0.0,False,False,False
main,deterministic,deterministic,2025-04-01,41,True,True,0,,,0.7,20.0,optimal,1.8748654999999417,1.8748666000000185,0.0,0,0,15817.668878703098,392.4660915944447,16210.134970297542,16149.87480784683,16542.340899441275,126095.71901423011,0.4823996316217667,40.68134412379437,0.0,0.0,0.0,False,False,False
main,deterministic,deterministic,2025-04-01,42,True,True,0,,,0.7,20.0,optimal,1.8748654999999417,1.8748666000000185,0.0,0,0,15817.668878703098,392.4660915944447,16210.134970297542,16068.05575936722,16460.521850961664,125799.92474185968,1.0846888301099142,56.50730794067956,0.0,0.0,0.0,False,False,False
main,deterministic,deterministic,2025-04-01,43,True,True,0,,,0.7,20.0,optimal,1.8748654999999417,1.8748666000000185,0.0,0,0,15817.668878703098,392.4660915944447,16210.134970297542,16069.192790335883,16461.65888193033,126093.25333321869,0.8128878948816336,53.2784025492293,0.0,0.0,0.0,False,False,False
main,deterministic,deterministic,2025-04-01,44,True,True,0,,,0.7,20.0,optimal,1.8748654999999417,1.8748666000000185,0.0,0,0,15817.668878703098,392.4660915944447,16210.134970297542,16099.0456955414,16491.511787135845,126020.18456987715,0.6881116415936017,52.10902717744997,0.0,0.0,0.0,False,False,False
main,deterministic,deterministic,2025-04-01,45,True,True,0,,,0.7,20.0,optimal,1.8748654999999417,1.8748666000000185,0.0,0,0,15817.668878703098,392.4660915944447,16210.134970297542,16104.83646575811,16497.302557352556,125955.04868485533,0.6872004908351067,52.59390479268797,0.0,0.0,0.0,False,False,False
main,deterministic,deterministic,2025-04-01,46,True,True,0,,,0.7,20.0,optimal,1.8748654999999417,1.8748666000000185,0.0,0,0,15817.668878703098,392.4660915944447,16210.134970297542,16145.723995729611,16538.190087324056,125849.8577562501,0.05878979937041673,51.13670547365614,0.0,0.0,0.0,False,False,False
main,deterministic,deterministic,2025-04-01,47,True,True,0,,,0.7,20.0,optimal,1.8748654999999417,1.8748666000000185,0.0,0,0,15817.668878703098,392.4660915944447,16210.134970297542,16109.013118298606,16501.479209893052,125814.65133817137,0.22222157829726602,51.244740925214515,0.0,0.0,0.0,False,False,False
main,deterministic,deterministic,2025-04-01,48,True,True,0,,,0.7,20.0,optimal,1.8748654999999417,1.8748666000000185,0.0,0,0,15817.668878703098,392.4660915944447,16210.134970297542,16014.746778740531,16407.212870334977,125685.33253694695,0.18157662259105667,46.3751541820809,0.0,0.0,0.0,False,False,False
main,deterministic,deterministic,2025-04-01,49,True,True,0,,,0.7,20.0,optimal,1.8748654999999417,1.8748666000000185,0.0,0,0,15817.668878703098,392.4660915944447,16210.134970297542,16108.416955248775,16500.88304684322,125679.06464899877,0.4968509761469202,58.2190551823796,0.0,0.0,0.0,False,False,False
main,deterministic,deterministic,2025-04-01,50,True,True,0,,,0.7,20.0,optimal,1.8748654999999417,1.8748666000000185,0.0,0,0,15817.668878703098,392.4660915944447,16210.134970297542,15999.845601593828,16392.311693188272,125809.16516367948,0.0,54.53884680669237,0.0,0.0,0.0,False,False,False
main,deterministic,deterministic,2025-04-01,51,True,True,0,,,0.7,20.0,optimal,1.8748654999999417,1.8748666000000185,0.0,0,0,15817.668878703098,392.4660915944447,16210.134970297542,16125.802393765527,16518.26848535997,125733.87175075112,0.5345028342435403,51.25657246477777,0.0,0.0,0.0,False,False,False
main,deterministic,deterministic,2025-04-01,52,True,True,0,,,0.7,20.0,optimal,1.8748654999999417,1.8748666000000185,0.0,0,0,15817.668878703098,392.4660915944447,16210.134970297542,16118.323104963998,16510.789196558442,125729.92781091813,0.7336047341389713,54.92115217518131,0.0,0.0,0.0,False,False,False
main,deterministic,deterministic,2025-04-01,53,True,True,0,,,0.7,20.0,optimal,1.8748654999999417,1.8748666000000185,0.0,0,0,15817.668878703098,392.4660915944447,16210.134970297542,16109.753321194348,16502.219412788792,126162.3222026903,0.549555992560983,45.060724273812475,0.0,0.0,0.0,False,False,False
main,deterministic,deterministic,2025-04-01,54,True,True,0,,,0.7,20.0,optimal,1.8748654999999417,1.8748666000000185,0.0,0,0,15817.668878703098,392.4660915944447,16210.134970297542,16035.151644155178,16427.617735749624,125849.14748089979,0.3069424922159626,45.611159610308874,0.0,0.0,0.0,False,False,False
main,deterministic,deterministic,2025-04-01,55,True,True,0,,,0.7,20.0,optimal,1.8748654999999417,1.8748666000000185,0.0,0,0,15817.668878703098,392.4660915944447,16210.134970297542,16024.925143810366,16417.39123540481,125935.16815795367,0.606565416904036,54.00275438059651,0.0,0.0,0.0,False,False,False
main,deterministic,deterministic,2025-04-01,56,True,True,0,,,0.7,20.0,optimal,1.8748654999999417,1.8748666000000185,0.0,0,0,15817.668878703098,392.4660915944447,16210.134970297542,16069.114815819852,16461.580907414296,126064.15845183175,1.0258772177658073,39.6017855562636,0.0,0.0,0.0,False,False,False
main,deterministic,deterministic,2025-04-01,57,True,True,0,,,0.7,20.0,optimal,1.8748654999999417,1.8748666000000185,0.0,0,0,15817.668878703098,392.4660915944447,16210.134970297542,16094.0130959589,16486.479187553345,125475.45778877793,0.16397420025261727,51.20592653487884,0.0,0.0,0.0,False,False,False
main,deterministic,deterministic,2025-04-01,58,True,True,0,,,0.7,20.0,optimal,1.8748654999999417,1.8748666000000185,0.0,0,0,15817.668878703098,392.4660915944447,16210.134970297542,16151.133478237953,16543.599569832397,125916.08243599659,0.4533066944785954,55.98255157651325,0.0,0.0,0.0,False,False,False
main,deterministic,deterministic,2025-04-01,59,True,True,0,,,0.7,20.0,optimal,1.8748654999999417,1.8748666000000185,0.0,0,0,15817.668878703098,392.4660915944447,16210.134970297542,16068.512816676846,16460.978908271292,125746.29791742314,0.8438090011670027,52.07450310023372,0.0,0.0,0.0,False,False,False
main,deterministic,deterministic,2025-04-01,60,True,True,0,,,0.7,20.0,optimal,1.8748654999999417,1.8748666000000185,0.0,0,0,15817.668878703098,392.4660915944447,16210.134970297542,16011.80506456349,16404.271156157934,125875.05428785962,0.5223778083805648,51.40622725214044,0.0,0.0,0.0,False,False,False
main,deterministic,deterministic,2025-04-01,61,True,True,0,,,0.7,20.0,optimal,1.8748654999999417,1.8748666000000185,0.0,0,0,15817.668878703098,392.4660915944447,16210.134970297542,16054.769221562583,16447.235313157027,126079.1320883431,1.0278068508190088,43.815077496372226,0.0,0.0,0.0,False,False,False
main,deterministic,deterministic,2025-04-01,62,True,True,0,,,0.7,20.0,optimal,1.8748654999999417,1.8748666000000185,0.0,0,0,15817.668878703098,392.4660915944447,16210.134970297542,16151.550044765978,16544.016136360424,126155.00706602845,0.7499060814681577,53.40020997278285,0.0,0.0,0.0,False,False,False
main,deterministic,deterministic,2025-04-01,63,True,True,0,,,0.7,20.0,optimal,1.8748654999999417,1.8748666000000185,0.0,0,0,15817.668878703098,392.4660915944447,16210.134970297542,16199.628498483758,16592.094590078203,125985.84390124647,0.8059538549318224,57.900404568581926,0.0,0.0,0.0,False,False,False
main,deterministic,deterministic,2025-04-01,64,True,True,0,,,0.7,20.0,optimal,1.8748654999999417,1.8748666000000185,0.0,0,0,15817.668878703098,392.4660915944447,16210.134970297542,16060.298579595566,16452.764671190012,126113.88226050283,0.6339248176677948,48.25984862637666,0.0,0.0,0.0,False,False,False
main,deterministic,deterministic,2025-04-01,65,True,True,0,,,0.7,20.0,optimal,1.8748654999999417,1.8748666000000185,0.0,0,0,15817.668878703098,392.4660915944447,16210.134970297542,16171.438674193581,16563.904765788026,126151.2318258837,0.33301360602183877,54.2686605760562,0.0,0.0,0.0,False,False,False
main,deterministic,deterministic,2025-04-01,66,True,True,0,,,0.7,20.0,optimal,1.8748654999999417,1.8748666000000185,0.0,0,0,15817.668878703098,392.4660915944447,16210.134970297542,16053.746906129018,16446.21299772346,125692.25668146725,0.3579605782194985,55.32428498564247,0.0,0.0,0.0,False,False,False
main,deterministic,deterministic,2025-04-01,67,True,True,0,,,0.7,20.0,optimal,1.8748654999999417,1.8748666000000185,0.0,0,0,15817.668878703098,392.4660915944447,16210.134970297542,16028.685862904367,16421.15195449881,126064.70918811501,0.3022243333286244,51.41569287169975,0.0,0.0,0.0,False,False,False
main,deterministic,deterministic,2025-04-01,68,True,True,0,,,0.7,20.0,optimal,1.8748654999999417,1.8748666000000185,0.0,0,0,15817.668878703098,392.4660915944447,16210.134970297542,15934.769251502421,16327.235343096865,125315.665333249,0.1964090911103406,52.44082013417053,0.0,0.0,0.0,False,False,False
main,deterministic,deterministic,2025-04-01,69,True,True,0,,,0.7,20.0,optimal,1.8748654999999417,1.8748666000000185,0.0,0,0,15817.668878703098,392.4660915944447,16210.134970297542,16109.168376467016,16501.63446806146,125767.90721309667,0.0,52.956648937842004,0.0,0.0,0.0,False,False,False
main,deterministic,deterministic,2025-04-01,70,True,True,0,,,0.7,20.0,optimal,1.8748654999999417,1.8748666000000185,0.0,0,0,15817.668878703098,392.4660915944447,16210.134970297542,16066.287649304304,16458.75374089875,125673.14846389626,0.6972538251486534,58.00851015730712,0.0,0.0,0.0,False,False,False
main,deterministic,deterministic,2025-04-01,71,True,True,0,,,0.7,20.0,optimal,1.8748654999999417,1.8748666000000185,0.0,0,0,15817.668878703098,392.4660915944447,16210.134970297542,16092.949714476312,16485.415806070756,125783.1039109908,0.8801876683279857,54.39622338680981,0.0,0.0,0.0,False,False,False
main,deterministic,deterministic,2025-04-01,72,True,True,0,,,0.7,20.0,optimal,1.8748654999999417,1.8748666000000185,0.0,0,0,15817.668878703098,392.4660915944447,16210.134970297542,16063.231191439036,16455.69728303348,125331.7209398529,0.0,55.32390486217774,0.0,0.0,0.0,False,False,False
main,deterministic,deterministic,2025-04-01,73,True,True,0,,,0.7,20.0,optimal,1.8748654999999417,1.8748666000000185,0.0,0,0,15817.668878703098,392.4660915944447,16210.134970297542,16012.662630197294,16405.128721791738,125436.6129528343,0.03136702436888994,50.22852323025213,0.0,0.0,0.0,False,False,False
main,deterministic,deterministic,2025-04-01,74,True,True,0,,,0.7,20.0,optimal,1.8748654999999417,1.8748666000000185,0.0,0,0,15817.668878703098,392.4660915944447,16210.134970297542,16018.846140068204,16411.31223166265,125355.30468198279,0.22203398662256418,51.09710883186812,0.0,0.0,0.0,False,False,False
main,deterministic,deterministic,2025-04-01,75,True,True,0,,,0.7,20.0,optimal,1.8748654999999417,1.8748666000000185,0.0,0,0,15817.668878703098,392.4660915944447,16210.134970297542,16090.623020333009,16483.089111927453,126195.17816420001,0.979118833752093,47.83894780712009,0.0,0.0,0.0,False,False,False
main,deterministic,deterministic,2025-04-01,76,True,True,0,,,0.7,20.0,optimal,1.8748654999999417,1.8748666000000185,0.0,0,0,15817.668878703098,392.4660915944447,16210.134970297542,16072.120685335334,16464.58677692978,125629.74789936114,0.5697772671904933,50.82118284125144,0.0,0.0,0.0,False,False,False
main,deterministic,deterministic,2025-04-01,77,True,True,0,,,0.7,20.0,optimal,1.8748654999999417,1.8748666000000185,0.0,0,0,15817.668878703098,392.4660915944447,16210.134970297542,16091.113481250199,16483.579572844643,125500.85074592318,0.05909887151493487,45.877142757042314,0.0,0.0,0.0,False,False,False
main,deterministic,deterministic,2025-04-01,78,True,True,0,,,0.7,20.0,optimal,1.8748654999999417,1.8748666000000185,0.0,0,0,15817.668878703098,392.4660915944447,16210.134970297542,16096.082516637247,16488.548608231693,126179.117268528,0.7222194842423317,51.750623077955616,0.0,0.0,0.0,False,False,False
main,deterministic,deterministic,2025-04-01,79,True,True,0,,,0.7,20.0,optimal,1.8748654999999417,1.8748666000000185,0.0,0,0,15817.668878703098,392.4660915944447,16210.134970297542,16142.712860988137,16535.17895258258,125793.5593123618,0.03359438214592203,47.36704440002108,0.0,0.0,0.0,False,False,False
main,deterministic,deterministic,2025-04-01,80,True,True,0,,,0.7,20.0,optimal,1.8748654999999417,1.8748666000000185,0.0,0,0,15817.668878703098,392.4660915944447,16210.134970297542,16125.414574954486,16517.880666548932,125807.67676364831,0.36173021239450615,46.30556850019997,0.0,0.0,0.0,False,False,False
main,deterministic,deterministic,2025-04-01,81,True,True,0,,,0.7,20.0,optimal,1.8748654999999417,1.8748666000000185,0.0,0,0,15817.668878703098,392.4660915944447,16210.134970297542,16085.02357678532,16477.489668379763,125637.48065069415,1.0613525044547603,55.97312001274363,0.0,0.0,0.0,False,False,False
main,deterministic,deterministic,2025-04-01,82,True,True,0,,,0.7,20.0,optimal,1.8748654999999417,1.8748666000000185,0.0,0,0,15817.668878703098,392.4660915944447,16210.134970297542,16122.092253777382,16514.55834537183,126143.4901585806,0.22210903746725846,45.88012668712082,0.0,0.0,0.0,False,False,False
main,deterministic,deterministic,2025-04-01,83,True,True,0,,,0.7,20.0,optimal,1.8748654999999417,1.8748666000000185,0.0,0,0,15817.668878703098,392.4660915944447,16210.134970297542,16095.986674330488,16488.452765924932,125651.99795171367,1.1207082177576215,44.92913841304645,0.0,0.0,0.0,False,False,False
main,deterministic,deterministic,2025-04-01,84,True,True,0,,,0.7,20.0,optimal,1.8748654999999417,1.8748666000000185,0.0,0,0,15817.668878703098,392.4660915944447,16210.134970297542,16056.893371300646,16449.359462895092,125737.72508017588,0.044842449623398895,45.53902916690654,0.0,0.0,0.0,False,False,False
main,deterministic,deterministic,2025-04-01,85,True,True,0,,,0.7,20.0,optimal,1.8748654999999417,1.8748666000000185,0.0,0,0,15817.668878703098,392.4660915944447,16210.134970297542,16105.713087099151,16498.179178693597,125758.09496063138,0.7707480375777771,60.97682584851197,0.0,0.0,0.0,False,False,False
main,deterministic,deterministic,2025-04-01,86,True,True,0,,,0.7,20.0,optimal,1.8748654999999417,1.8748666000000185,0.0,0,0,15817.668878703098,392.4660915944447,16210.134970297542,16078.26965282442,16470.735744418864,125877.86692254827,0.7925653211650588,43.95726080484426,0.0,0.0,0.0,False,False,False
main,deterministic,deterministic,2025-04-01,87,True,True,0,,,0.7,20.0,optimal,1.8748654999999417,1.8748666000000185,0.0,0,0,15817.668878703098,392.4660915944447,16210.134970297542,16056.7291712138,16449.195262808244,125732.21553975546,0.43532895260553056,49.31685878372294,0.0,0.0,0.0,False,False,False
main,deterministic,deterministic,2025-04-01,88,True,True,0,,,0.7,20.0,optimal,1.8748654999999417,1.8748666000000185,0.0,0,0,15817.668878703098,392.4660915944447,16210.134970297542,16106.531266034519,16498.997357628963,125566.43910522359,0.0,57.34541132210013,0.0,0.0,0.0,False,False,False
main,deterministic,deterministic,2025-04-01,89,True,True,0,,,0.7,20.0,optimal,1.8748654999999417,1.8748666000000185,0.0,0,0,15817.668878703098,392.4660915944447,16210.134970297542,16002.975547079093,16395.44163867354,125626.5491546228,0.9716881914591666,48.61206446718809,0.0,0.0,0.0,False,False,False
main,deterministic,deterministic,2025-04-01,90,True,True,0,,,0.7,20.0,optimal,1.8748654999999417,1.8748666000000185,0.0,0,0,15817.668878703098,392.4660915944447,16210.134970297542,16040.355015126095,16432.82110672054,125482.30610499604,0.7005185206908515,57.371184504261045,0.0,0.0,0.0,False,False,False
main,deterministic,deterministic,2025-04-01,91,True,True,0,,,0.7,20.0,optimal,1.8748654999999417,1.8748666000000185,0.0,0,0,15817.668878703098,392.4660915944447,16210.134970297542,16103.092756895203,16495.558848489647,126006.0946974388,1.1536671298559857,53.65885352121919,0.0,0.0,0.0,False,False,False
main,deterministic,deterministic,2025-04-01,92,True,True,0,,,0.7,20.0,optimal,1.8748654999999417,1.8748666000000185,0.0,0,0,15817.668878703098,392.4660915944447,16210.134970297542,16099.946015213329,16492.412106807773,125703.03373672176,0.18185373238776809,42.47507116699548,0.0,0.0,0.0,False,False,False
main,deterministic,deterministic,2025-04-01,93,True,True,0,,,0.7,20.0,optimal,1.8748654999999417,1.8748666000000185,0.0,0,0,15817.668878703098,392.4660915944447,16210.134970297542,16095.857303487754,16488.3233950822,125611.09133328767,0.30300078575992034,49.22510109907453,0.0,0.0,0.0,False,False,False
main,deterministic,deterministic,2025-04-01,94,True,True,0,,,0.7,20.0,optimal,1.8748654999999417,1.8748666000000185,0.0,0,0,15817.668878703098,392.4660915944447,16210.134970297542,16022.564485974463,16415.03057756891,125713.75014537772,0.8831998948738661,48.56513512139099,0.0,0.0,0.0,False,False,False
main,deterministic,deterministic,2025-04-01,95,True,True,0,,,0.7,20.0,optimal,1.8748654999999417,1.8748666000000185,0.0,0,0,15817.668878703098,392.4660915944447,16210.134970297542,16074.221502220174,16466.68759381462,126307.81142114529,0.9560419004910502,53.111151788813096,0.0,0.0,0.0,False,False,False
main,deterministic,deterministic,2025-04-01,96,True,True,0,,,0.7,20.0,optimal,1.8748654999999417,1.8748666000000185,0.0,0,0,15817.668878703098,392.4660915944447,16210.134970297542,16110.675421875116,16503.14151346956,126177.96764162873,0.520363381026531,50.242437291589155,0.0,0.0,0.0,False,False,False
main,deterministic,deterministic,2025-04-01,97,True,True,0,,,0.7,20.0,optimal,1.8748654999999417,1.8748666000000185,0.0,0,0,15817.668878703098,392.4660915944447,16210.134970297542,16131.47657525746,16523.942666851905,126069.1702855979,0.4320458903426778,49.863642749065434,0.0,0.0,0.0,False,False,False
main,deterministic,deterministic,2025-04-01,98,True,True,0,,,0.7,20.0,optimal,1.8748654999999417,1.8748666000000185,0.0,0,0,15817.668878703098,392.4660915944447,16210.134970297542,16022.33105414297,16414.797145737415,125913.35039742228,0.27647134992975186,44.06514356183477,0.0,0.0,0.0,False,False,False
main,deterministic,deterministic,2025-04-01,99,True,True,0,,,0.7,20.0,optimal,1.8748654999999417,1.8748666000000185,0.0,0,0,15817.668878703098,392.4660915944447,16210.134970297542,16123.281413476492,16515.747505070936,125933.32275752032,0.6301575848605989,53.61854892925594,0.0,0.0,0.0,False,False,False
main,deterministic,deterministic,2025-07-01,0,True,True,0,,,0.7,20.0,optimal,2.3252966000000015,2.3252995000000283,0.0,0,0,16136.100066539873,218.06250617000958,16354.162572709884,16964.763199538735,17182.825705708743,172323.11129305023,0.0,57.96183417008628,0.0,0.0,0.0,False,False,False
main,deterministic,deterministic,2025-07-01,1,True,True,0,,,0.7,20.0,optimal,2.3252966000000015,2.3252995000000283,0.0,0,0,16136.100066539873,218.06250617000958,16354.162572709884,16930.81635222926,17148.87885839927,171673.89811644767,0.41984580131377036,68.33609911456901,0.0,0.0,0.0,False,False,False
main,deterministic,deterministic,2025-07-01,2,True,True,0,,,0.7,20.0,optimal,2.3252966000000015,2.3252995000000283,0.0,0,0,16136.100066539873,218.06250617000958,16354.162572709884,17014.15197674621,17232.214482916217,172126.18524864208,0.40084035996432593,53.15641562209448,0.0,0.0,0.0,False,False,False
main,deterministic,deterministic,2025-07-01,3,True,True,0,,,0.7,20.0,optimal,2.3252966000000015,2.3252995000000283,0.0,0,0,16136.100066539873,218.06250617000958,16354.162572709884,16990.446972472513,17208.50947864252,171994.86277077382,0.04507029183322009,60.24799757893477,0.0,0.0,0.0,False,False,False
main,deterministic,deterministic,2025-07-01,4,True,True,0,,,0.7,20.0,optimal,2.3252966000000015,2.3252995000000283,0.0,0,0,16136.100066539873,218.06250617000958,16354.162572709884,16877.391923170246,17095.454429340254,172611.35675543954,0.0,55.29737775229205,0.0,0.0,0.0,False,False,False
main,deterministic,deterministic,2025-07-01,5,True,True,0,,,0.7,20.0,optimal,2.3252966000000015,2.3252995000000283,0.0,0,0,16136.100066539873,218.06250617000958,16354.162572709884,16984.788569031505,17202.851075201514,172122.67048509105,0.0,59.489434411762055,0.0,0.0,0.0,False,False,False
main,deterministic,deterministic,2025-07-01,6,True,True,0,,,0.7,20.0,optimal,2.3252966000000015,2.3252995000000283,0.0,0,0,16136.100066539873,218.06250617000958,16354.162572709884,17060.105272168348,17278.167778338357,172445.79554870437,0.0,54.45299057151833,0.0,0.0,0.0,False,False,False
main,deterministic,deterministic,2025-07-01,7,True,True,0,,,0.7,20.0,optimal,2.3252966000000015,2.3252995000000283,0.0,0,0,16136.100066539873,218.06250617000958,16354.162572709884,17005.37840258614,17223.440908756147,172221.40461392447,0.3586561508564613,55.98605731759577,0.0,0.0,0.0,False,False,False
main,deterministic,deterministic,2025-07-01,8,True,True,0,,,0.7,20.0,optimal,2.3252966000000015,2.3252995000000283,0.0,0,0,16136.100066539873,218.06250617000958,16354.162572709884,16895.73600317098,17113.798509340988,171653.4206984493,0.0,58.04552164937991,0.0,0.0,0.0,False,False,False
main,deterministic,deterministic,2025-07-01,9,True,True,0,,,0.7,20.0,optimal,2.3252966000000015,2.3252995000000283,0.0,0,0,16136.100066539873,218.06250617000958,16354.162572709884,17060.53571883647,17278.598225006477,172322.32300650695,0.6299740273098122,64.74742206507365,0.0,0.0,0.0,False,False,False
main,deterministic,deterministic,2025-07-01,10,True,True,0,,,0.7,20.0,optimal,2.3252966000000015,2.3252995000000283,0.0,0,0,16136.100066539873,218.06250617000958,16354.162572709884,16978.73147348961,17196.79397965962,172049.0321273997,0.05417182004181964,56.024217231495314,0.0,0.0,0.0,False,False,False
main,deterministic,deterministic,2025-07-01,11,True,True,0,,,0.7,20.0,optimal,2.3252966000000015,2.3252995000000283,0.0,0,0,16136.100066539873,218.06250617000958,16354.162572709884,17001.140762636718,17219.203268806727,171971.91337074555,0.07982479765822345,55.25550406871688,0.0,0.0,0.0,False,False,False
main,deterministic,deterministic,2025-07-01,12,True,True,0,,,0.7,20.0,optimal,2.3252966000000015,2.3252995000000283,0.0,0,0,16136.100066539873,218.06250617000958,16354.162572709884,17034.042224365818,17252.104730535826,171694.24606400018,0.3679135404551604,52.738644315517334,0.0,0.0,0.0,False,False,False
main,deterministic,deterministic,2025-07-01,13,True,True,0,,,0.7,20.0,optimal,2.3252966000000015,2.3252995000000283,0.0,0,0,16136.100066539873,218.06250617000958,16354.162572709884,17041.954406889145,17260.016913059153,172111.46150078787,0.6340817145160447,56.152887717510765,0.0,0.0,0.0,False,False,False
main,deterministic,deterministic,2025-07-01,14,True,True,0,,,0.7,20.0,optimal,2.3252966000000015,2.3252995000000283,0.0,0,0,16136.100066539873,218.06250617000958,16354.162572709884,16966.440645083527,17184.503151253535,172063.89884023299,0.1769269743060788,55.77931385328612,0.0,0.0,0.0,False,False,False
main,deterministic,deterministic,2025-07-01,15,True,True,0,,,0.7,20.0,optimal,2.3252966000000015,2.3252995000000283,0.0,0,0,16136.100066539873,218.06250617000958,16354.162572709884,16980.80268430152,17198.86519047153,171849.42468255886,0.0,52.64688534650238,0.0,0.0,0.0,False,False,False
main,deterministic,deterministic,2025-07-01,16,True,True,0,,,0.7,20.0,optimal,2.3252966000000015,2.3252995000000283,0.0,0,0,16136.100066539873,218.06250617000958,16354.162572709884,17031.51228688963,17249.574793059637,172711.82674259317,0.0,53.53581214093736,0.0,0.0,0.0,False,False,False
main,deterministic,deterministic,2025-07-01,17,True,True,0,,,0.7,20.0,optimal,2.3252966000000015,2.3252995000000283,0.0,0,0,16136.100066539873,218.06250617000958,16354.162572709884,17109.41333455382,17327.47584072383,172051.3216581665,0.0,62.80040717583303,0.0,0.0,0.0,False,False,False
main,deterministic,deterministic,2025-07-01,18,True,True,0,,,0.7,20.0,optimal,2.3252966000000015,2.3252995000000283,0.0,0,0,16136.100066539873,218.06250617000958,16354.162572709884,17151.64296711483,17369.705473284837,172171.8021871196,0.6162243937816032,60.79934876065818,0.0,0.0,0.0,False,False,False
main,deterministic,deterministic,2025-07-01,19,True,True,0,,,0.7,20.0,optimal,2.3252966000000015,2.3252995000000283,0.0,0,0,16136.100066539873,218.06250617000958,16354.162572709884,16978.47873060582,17196.54123677583,171926.2097871808,0.0,56.82525184485211,0.0,0.0,0.0,False,False,False
main,deterministic,deterministic,2025-07-01,20,True,True,0,,,0.7,20.0,optimal,2.3252966000000015,2.3252995000000283,0.0,0,0,16136.100066539873,218.06250617000958,16354.162572709884,17035.326252828716,17253.388758998724,172819.3483708107,0.024017099319827317,53.674660859901515,0.0,0.0,0.0,False,False,False
main,deterministic,deterministic,2025-07-01,21,True,True,0,,,0.7,20.0,optimal,2.3252966000000015,2.3252995000000283,0.0,0,0,16136.100066539873,218.06250617000958,16354.162572709884,16941.635952691384,17159.698458861392,172390.69251224023,0.0578453746566886,49.25023896103763,0.0,0.0,0.0,False,False,False
main,deterministic,deterministic,2025-07-01,22,True,True,0,,,0.7,20.0,optimal,2.3252966000000015,2.3252995000000283,0.0,0,0,16136.100066539873,218.06250617000958,16354.162572709884,16991.45825889956,17209.52076506957,171896.17512714912,0.0,57.234821587401235,0.0,0.0,0.0,False,False,False
main,deterministic,deterministic,2025-07-01,23,True,True,0,,,0.7,20.0,optimal,2.3252966000000015,2.3252995000000283,0.0,0,0,16136.100066539873,218.06250617000958,16354.162572709884,16993.006776948547,17211.069283118555,172051.2356934779,0.43383711307478345,60.834401880288446,0.0,0.0,0.0,False,False,False
main,deterministic,deterministic,2025-07-01,24,True,True,0,,,0.7,20.0,optimal,2.3252966000000015,2.3252995000000283,0.0,0,0,16136.100066539873,218.06250617000958,16354.162572709884,17044.60848684981,17262.67099301982,172168.6259306997,0.38941080881467754,62.39662710079207,0.0,0.0,0.0,False,False,False
main,deterministic,deterministic,2025-07-01,25,True,True,0,,,0.7,20.0,optimal,2.3252966000000015,2.3252995000000283,0.0,0,0,16136.100066539873,218.06250617000958,16354.162572709884,16999.364485869144,17217.426992039153,172400.89973196146,0.0,54.821684110340016,0.0,0.0,0.0,False,False,False
main,deterministic,deterministic,2025-07-01,26,True,True,0,,,0.7,20.0,optimal,2.3252966000000015,2.3252995000000283,0.0,0,0,16136.100066539873,218.06250617000958,16354.162572709884,16971.713930128175,17189.776436298183,171652.89565665607,0.03885987903987964,63.75694464382369,0.0,0.0,0.0,False,False,False
main,deterministic,deterministic,2025-07-01,27,True,True,0,,,0.7,20.0,optimal,2.3252966000000015,2.3252995000000283,0.0,0,0,16136.100066539873,218.06250617000958,16354.162572709884,17007.209587924885,17225.272094094893,171668.00554978778,0.037498470124119776,61.32552245390307,0.0,0.0,0.0,False,False,False
main,deterministic,deterministic,2025-07-01,28,True,True,0,,,0.7,20.0,optimal,2.3252966000000015,2.3252995000000283,0.0,0,0,16136.100066539873,218.06250617000958,16354.162572709884,17004.386268672406,17222.448774842414,172515.91725249434,0.0,47.68931730025054,0.0,0.0,0.0,False,False,False
main,deterministic,deterministic,2025-07-01,29,True,True,0,,,0.7,20.0,optimal,2.3252966000000015,2.3252995000000283,0.0,0,0,16136.100066539873,218.06250617000958,16354.162572709884,17034.03404898586,17252.09655515587,172318.48037733976,0.43129593254886767,46.204167754433136,0.0,0.0,0.0,False,False,False
main,deterministic,deterministic,2025-07-01,30,True,True,0,,,0.7,20.0,optimal,2.3252966000000015,2.3252995000000283,0.0,0,0,16136.100066539873,218.06250617000958,16354.162572709884,16885.695810338115,17103.758316508123,172194.42123475895,0.07672166737021524,52.00163545976495,0.0,0.0,0.0,False,False,False
main,deterministic,deterministic,2025-07-01,31,True,True,0,,,0.7,20.0,optimal,2.3252966000000015,2.3252995000000283,0.0,0,0,16136.100066539873,218.06250617000958,16354.162572709884,16957.962138568004,17176.024644738012,171570.4206802813,0.2405897030811559,59.938819378522766,0.0,0.0,0.0,False,False,False
main,deterministic,deterministic,2025-07-01,32,True,True,0,,,0.7,20.0,optimal,2.3252966000000015,2.3252995000000283,0.0,0,0,16136.100066539873,218.06250617000958,16354.162572709884,16997.51294972016,17215.575455890168,171843.86225781997,0.09752414050674715,61.61093255655802,0.0,0.0,0.0,False,False,False
main,deterministic,deterministic,2025-07-01,33,True,True,0,,,0.7,20.0,optimal,2.3252966000000015,2.3252995000000283,0.0,0,0,16136.100066539873,218.06250617000958,16354.162572709884,17014.547217366966,17232.609723536974,171931.23495936103,0.12444193236291878,65.6691314967682,0.0,0.0,0.0,False,False,False
main,deterministic,deterministic,2025-07-01,34,True,True,0,,,0.7,20.0,optimal,2.3252966000000015,2.3252995000000283,0.0,0,0,16136.100066539873,218.06250617000958,16354.162572709884,16961.233930719205,17179.296436889214,172291.79801305925,0.0,57.590571237726536,0.0,0.0,0.0,False,False,False
main,deterministic,deterministic,2025-07-01,35,True,True,0,,,0.7,20.0,optimal,2.3252966000000015,2.3252995000000283,0.0,0,0,16136.100066539873,218.06250617000958,16354.162572709884,17051.356610445288,17269.419116615296,172449.67605340268,0.15100985980453718,58.14136078798371,0.0,0.0,0.0,False,False,False
main,deterministic,deterministic,2025-07-01,36,True,True,0,,,0.7,20.0,optimal,2.3252966000000015,2.3252995000000283,0.0,0,0,16136.100066539873,218.06250617000958,16354.162572709884,16973.25916881651,17191.321674986517,172597.92352681534,0.0,65.21714219040197,0.0,0.0,0.0,False,False,False
main,deterministic,deterministic,2025-07-01,37,True,True,0,,,0.7,20.0,optimal,2.3252966000000015,2.3252995000000283,0.0,0,0,16136.100066539873,218.06250617000958,16354.162572709884,16908.49518573676,17126.557691906768,172065.4466748533,0.0,49.468113772342704,0.0,0.0,0.0,False,False,False
main,deterministic,deterministic,2025-07-01,38,True,True,0,,,0.7,20.0,optimal,2.3252966000000015,2.3252995000000283,0.0,0,0,16136.100066539873,218.06250617000958,16354.162572709884,16972.596961315812,17190.65946748582,171869.13566171075,0.15629281197524925,55.655627125819166,0.0,0.0,0.0,False,False,False
main,deterministic,deterministic,2025-07-01,39,True,True,0,,,0.7,20.0,optimal,2.3252966000000015,2.3252995000000283,0.0,0,0,16136.100066539873,218.06250617000958,16354.162572709884,17056.54197237635,17274.60447854636,172749.5891040282,0.0,46.74282662760857,0.0,0.0,0.0,False,False,False
main,deterministic,deterministic,2025-07-01,40,True,True,0,,,0.7,20.0,optimal,2.3252966000000015,2.3252995000000283,0.0,0,0,16136.100066539873,218.06250617000958,16354.162572709884,17002.779480385645,17220.841986555653,172045.34477746589,0.3360672741060034,53.174812644481065,0.0,0.0,0.0,False,False,False
main,deterministic,deterministic,2025-07-01,41,True,True,0,,,0.7,20.0,optimal,2.3252966000000015,2.3252995000000283,0.0,0,0,16136.100066539873,218.06250617000958,16354.162572709884,16962.133397868125,17180.195904038133,171987.87195883956,0.0,48.35359657628734,0.0,0.0,0.0,False,False,False
main,deterministic,deterministic,2025-07-01,42,True,True,0,,,0.7,20.0,optimal,2.3252966000000015,2.3252995000000283,0.0,0,0,16136.100066539873,218.06250617000958,16354.162572709884,17097.68823284815,17315.75073901816,171982.68694869627,0.3239451831698083,60.17168256541309,0.0,0.0,0.0,False,False,False
main,deterministic,deterministic,2025-07-01,43,True,True,0,,,0.7,20.0,optimal,2.3252966000000015,2.3252995000000283,0.0,0,0,16136.100066539873,218.06250617000958,16354.162572709884,16914.966562624595,17133.029068794604,172118.09701501578,0.07044452372302279,54.833079282851465,0.0,0.0,0.0,False,False,False
main,deterministic,deterministic,2025-07-01,44,True,True,0,,,0.7,20.0,optimal,2.3252966000000015,2.3252995000000283,0.0,0,0,16136.100066539873,218.06250617000958,16354.162572709884,17033.068841681285,17251.131347851293,172663.4909912472,0.0,55.68763049281229,0.0,0.0,0.0,False,False,False
main,deterministic,deterministic,2025-07-01,45,True,True,0,,,0.7,20.0,optimal,2.3252966000000015,2.3252995000000283,0.0,0,0,16136.100066539873,218.06250617000958,16354.162572709884,16990.727322771934,17208.789828941943,172300.8792452088,0.5478764159205789,63.70887359773155,0.0,0.0,0.0,False,False,False
main,deterministic,deterministic,2025-07-01,46,True,True,0,,,0.7,20.0,optimal,2.3252966000000015,2.3252995000000283,0.0,0,0,16136.100066539873,218.06250617000958,16354.162572709884,17126.86731755025,17344.92982372026,172187.31193944538,0.0,62.08372882656791,0.0,0.0,0.0,False,False,False
main,deterministic,deterministic,2025-07-01,47,True,True,0,,,0.7,20.0,optimal,2.3252966000000015,2.3252995000000283,0.0,0,0,16136.100066539873,218.06250617000958,16354.162572709884,17118.310524640183,17336.37303081019,172358.8478119274,0.6349178196654643,56.63517527842819,0.0,0.0,0.0,False,False,False
main,deterministic,deterministic,2025-07-01,48,True,True,0,,,0.7,20.0,optimal,2.3252966000000015,2.3252995000000283,0.0,0,0,16136.100066539873,218.06250617000958,16354.162572709884,16932.940753705578,17151.003259875586,172307.0305918242,0.1326479642884552,55.46206091723591,0.0,0.0,0.0,False,False,False
main,deterministic,deterministic,2025-07-01,49,True,True,0,,,0.7,20.0,optimal,2.3252966000000015,2.3252995000000283,0.0,0,0,16136.100066539873,218.06250617000958,16354.162572709884,16993.802845811828,17211.865351981836,172412.88988475304,0.3316553415659191,64.13508129101695,0.0,0.0,0.0,False,False,False
main,deterministic,deterministic,2025-07-01,50,True,True,0,,,0.7,20.0,optimal,2.3252966000000015,2.3252995000000283,0.0,0,0,16136.100066539873,218.06250617000958,16354.162572709884,16909.45048545457,17127.51299162458,172105.20248300533,0.04810395999638606,63.64690116270125,0.0,0.0,0.0,False,False,False
main,deterministic,deterministic,2025-07-01,51,True,True,0,,,0.7,20.0,optimal,2.3252966000000015,2.3252995000000283,0.0,0,0,16136.100066539873,218.06250617000958,16354.162572709884,16975.761092639168,17193.823598809176,171871.96245269277,0.0,59.588831033770866,0.0,0.0,0.0,False,False,False
main,deterministic,deterministic,2025-07-01,52,True,True,0,,,0.7,20.0,optimal,2.3252966000000015,2.3252995000000283,0.0,0,0,16136.100066539873,218.06250617000958,16354.162572709884,17013.33798674259,17231.4004929126,172109.7429550443,0.40826785890898193,61.82051656777096,0.0,0.0,0.0,False,False,False
main,deterministic,deterministic,2025-07-01,53,True,True,0,,,0.7,20.0,optimal,2.3252966000000015,2.3252995000000283,0.0,0,0,16136.100066539873,218.06250617000958,16354.162572709884,17127.82717661588,17345.889682785888,172764.7510920149,0.0,51.732858391552185,0.0,0.0,0.0,False,False,False
main,deterministic,deterministic,2025-07-01,54,True,True,0,,,0.7,20.0,optimal,2.3252966000000015,2.3252995000000283,0.0,0,0,16136.100066539873,218.06250617000958,16354.162572709884,17167.248297582508,17385.310803752516,172341.19550861404,0.06419208010285148,55.630526333407815,0.0,0.0,0.0,False,False,False
main,deterministic,deterministic,2025-07-01,55,True,True,0,,,0.7,20.0,optimal,2.3252966000000015,2.3252995000000283,0.0,0,0,16136.100066539873,218.06250617000958,16354.162572709884,16942.840067671543,17160.90257384155,171962.38428950563,0.0,61.29415577525343,0.0,0.0,0.0,False,False,False
main,deterministic,deterministic,2025-07-01,56,True,True,0,,,0.7,20.0,optimal,2.3252966000000015,2.3252995000000283,0.0,0,0,16136.100066539873,218.06250617000958,16354.162572709884,16990.05107937165,17208.113585541658,172336.02679346997,0.0,47.63031418154272,0.0,0.0,0.0,False,False,False
main,deterministic,deterministic,2025-07-01,57,True,True,0,,,0.7,20.0,optimal,2.3252966000000015,2.3252995000000283,0.0,0,0,16136.100066539873,218.06250617000958,16354.162572709884,17007.02156193977,17225.08406810978,172537.24746679395,0.5304886103754776,56.182395559533624,0.0,0.0,0.0,False,False,False
main,deterministic,deterministic,2025-07-01,58,True,True,0,,,0.7,20.0,optimal,2.3252966000000015,2.3252995000000283,0.0,0,0,16136.100066539873,218.06250617000958,16354.162572709884,16939.992831928063,17158.05533809807,172034.71599056467,0.0,63.87741029309894,0.0,0.0,0.0,False,False,False
main,deterministic,deterministic,2025-07-01,59,True,True,0,,,0.7,20.0,optimal,2.3252966000000015,2.3252995000000283,0.0,0,0,16136.100066539873,218.06250617000958,16354.162572709884,16953.873088319644,17171.935594489652,172060.9192471122,0.0,58.715483653504535,0.0,0.0,0.0,False,False,False
main,deterministic,deterministic,2025-07-01,60,True,True,0,,,0.7,20.0,optimal,2.3252966000000015,2.3252995000000283,0.0,0,0,16136.100066539873,218.06250617000958,16354.162572709884,16963.369546979087,17181.432053149096,172164.5091867263,0.15765617069788496,60.164355568468224,0.0,0.0,0.0,False,False,False
main,deterministic,deterministic,2025-07-01,61,True,True,0,,,0.7,20.0,optimal,2.3252966000000015,2.3252995000000283,0.0,0,0,16136.100066539873,218.06250617000958,16354.162572709884,16985.320718894698,17203.383225064706,172259.97900799572,0.0,48.44411878398824,0.0,0.0,0.0,False,False,False
main,deterministic,deterministic,2025-07-01,62,True,True,0,,,0.7,20.0,optimal,2.3252966000000015,2.3252995000000283,0.0,0,0,16136.100066539873,218.06250617000958,16354.162572709884,16987.47214435625,17205.534650526257,172087.60624662714,0.0,61.945999361689154,0.0,0.0,0.0,False,False,False
main,deterministic,deterministic,2025-07-01,63,True,True,0,,,0.7,20.0,optimal,2.3252966000000015,2.3252995000000283,0.0,0,0,16136.100066539873,218.06250617000958,16354.162572709884,17051.11103917052,17269.173545340527,171921.43656704688,0.42765275080924214,62.77214738281904,0.0,0.0,0.0,False,False,False
main,deterministic,deterministic,2025-07-01,64,True,True,0,,,0.7,20.0,optimal,2.3252966000000015,2.3252995000000283,0.0,0,0,16136.100066539873,218.06250617000958,16354.162572709884,16970.88052657409,17188.943032744097,171901.08386385377,0.3999108878909146,53.68633391169336,0.0,0.0,0.0,False,False,False
main,deterministic,deterministic,2025-07-01,65,True,True,0,,,0.7,20.0,optimal,2.3252966000000015,2.3252995000000283,0.0,0,0,16136.100066539873,218.06250617000958,16354.162572709884,17091.98956631643,17310.05207248644,172045.4751582736,0.0,59.25862415649063,0.0,0.0,0.0,False,False,False
main,deterministic,deterministic,2025-07-01,66,True,True,0,,,0.7,20.0,optimal,2.3252966000000015,2.3252995000000283,0.0,0,0,16136.100066539873,218.06250617000958,16354.162572709884,16966.8461957347,17184.908701904707,172154.77495336285,0.38314390503524176,67.08463404973591,0.0,0.0,0.0,False,False,False
main,deterministic,deterministic,2025-07-01,67,True,True,0,,,0.7,20.0,optimal,2.3252966000000015,2.3252995000000283,0.0,0,0,16136.100066539873,218.06250617000958,16354.162572709884,16950.049268585928,17168.111774755936,172587.98405251457,0.0,57.85109703047189,0.0,0.0,0.0,False,False,False
main,deterministic,deterministic,2025-07-01,68,True,True,0,,,0.7,20.0,optimal,2.3252966000000015,2.3252995000000283,0.0,0,0,16136.100066539873,218.06250617000958,16354.162572709884,16975.771317411887,17193.833823581896,172176.08037940125,0.5084737735365152,57.734663237877946,0.0,0.0,0.0,False,False,False
main,deterministic,deterministic,2025-07-01,69,True,True,0,,,0.7,20.0,optimal,2.3252966000000015,2.3252995000000283,0.0,0,0,16136.100066539873,218.06250617000958,16354.162572709884,17138.578923698187,17356.641429868196,171871.58025716688,0.0,61.182361833522585,0.0,0.0,0.0,False,False,False
main,deterministic,deterministic,2025-07-01,70,True,True,0,,,0.7,20.0,optimal,2.3252966000000015,2.3252995000000283,0.0,0,0,16136.100066539873,218.06250617000958,16354.162572709884,16954.319298218725,17172.381804388733,172250.92546906116,0.027235008196031085,61.03602585178549,0.0,0.0,0.0,False,False,False
main,deterministic,deterministic,2025-07-01,71,True,True,0,,,0.7,20.0,optimal,2.3252966000000015,2.3252995000000283,0.0,0,0,16136.100066539873,218.06250617000958,16354.162572709884,16927.765187716235,17145.827693886244,172150.29608930764,0.05813633550200448,66.09582114438966,0.0,0.0,0.0,False,False,False
main,deterministic,deterministic,2025-07-01,72,True,True,0,,,0.7,20.0,optimal,2.3252966000000015,2.3252995000000283,0.0,0,0,16136.100066539873,218.06250617000958,16354.162572709884,16953.372540009757,17171.435046179766,171285.10461221126,0.0,65.35953169470746,0.0,0.0,0.0,False,False,False
main,deterministic,deterministic,2025-07-01,73,True,True,0,,,0.7,20.0,optimal,2.3252966000000015,2.3252995000000283,0.0,0,0,16136.100066539873,218.06250617000958,16354.162572709884,16927.600525549453,17145.66303171946,171964.6437895715,0.0,60.04403282833816,0.0,0.0,0.0,False,False,False
main,deterministic,deterministic,2025-07-01,74,True,True,0,,,0.7,20.0,optimal,2.3252966000000015,2.3252995000000283,0.0,0,0,16136.100066539873,218.06250617000958,16354.162572709884,17055.30542576664,17273.36793193665,173059.36808355091,0.5851165508181437,58.90957274013623,0.0,0.0,0.0,False,False,False
main,deterministic,deterministic,2025-07-01,75,True,True,0,,,0.7,20.0,optimal,2.3252966000000015,2.3252995000000283,0.0,0,0,16136.100066539873,218.06250617000958,16354.162572709884,16996.122334400592,17214.1848405706,172459.41626675296,0.4000534528124051,57.3114707511309,0.0,0.0,0.0,False,False,False
main,deterministic,deterministic,2025-07-01,76,True,True,0,,,0.7,20.0,optimal,2.3252966000000015,2.3252995000000283,0.0,0,0,16136.100066539873,218.06250617000958,16354.162572709884,17008.446256246592,17226.5087624166,171885.4072047494,0.43102566943080556,56.095762601113464,0.0,0.0,0.0,False,False,False
main,deterministic,deterministic,2025-07-01,77,True,True,0,,,0.7,20.0,optimal,2.3252966000000015,2.3252995000000283,0.0,0,0,16136.100066539873,218.06250617000958,16354.162572709884,17053.359040923362,17271.42154709337,171653.80151207943,0.0,54.05742174986629,0.0,0.0,0.0,False,False,False
main,deterministic,deterministic,2025-07-01,78,True,True,0,,,0.7,20.0,optimal,2.3252966000000015,2.3252995000000283,0.0,0,0,16136.100066539873,218.06250617000958,16354.162572709884,16930.502940966024,17148.565447136032,172160.68327424844,0.055703412414562226,59.41937036400171,0.0,0.0,0.0,False,False,False
main,deterministic,deterministic,2025-07-01,79,True,True,0,,,0.7,20.0,optimal,2.3252966000000015,2.3252995000000283,0.0,0,0,16136.100066539873,218.06250617000958,16354.162572709884,17034.060896868174,17252.123403038182,172133.79182011212,0.12690043876139345,54.43812914962751,0.0,0.0,0.0,False,False,False
main,deterministic,deterministic,2025-07-01,80,True,True,0,,,0.7,20.0,optimal,2.3252966000000015,2.3252995000000283,0.0,0,0,16136.100066539873,218.06250617000958,16354.162572709884,16993.246681634453,17211.30918780446,171902.27784467497,0.1874500853382508,56.59976374838659,0.0,0.0,0.0,False,False,False
main,deterministic,deterministic,2025-07-01,81,True,True,0,,,0.7,20.0,optimal,2.3252966000000015,2.3252995000000283,0.0,0,0,16136.100066539873,218.06250617000958,16354.162572709884,16941.513569313534,17159.576075483543,172015.78170937762,0.1504632400817903,63.044173580348364,0.0,0.0,0.0,False,False,False
main,deterministic,deterministic,2025-07-01,82,True,True,0,,,0.7,20.0,optimal,2.3252966000000015,2.3252995000000283,0.0,0,0,16136.100066539873,218.06250617000958,16354.162572709884,16971.488851337966,17189.551357507975,172628.28097488938,0.05722740340520971,49.514735384760456,0.0,0.0,0.0,False,False,False
main,deterministic,deterministic,2025-07-01,83,True,True,0,,,0.7,20.0,optimal,2.3252966000000015,2.3252995000000283,0.0,0,0,16136.100066539873,218.06250617000958,16354.162572709884,16978.31331284277,17196.375819012777,171881.61878143722,0.0,55.93834446229522,0.0,0.0,0.0,False,False,False
main,deterministic,deterministic,2025-07-01,84,True,True,0,,,0.7,20.0,optimal,2.3252966000000015,2.3252995000000283,0.0,0,0,16136.100066539873,218.06250617000958,16354.162572709884,16956.73424635761,17174.796752527618,171973.40507193308,0.0,56.37657478465102,0.0,0.0,0.0,False,False,False
main,deterministic,deterministic,2025-07-01,85,True,True,0,,,0.7,20.0,optimal,2.3252966000000015,2.3252995000000283,0.0,0,0,16136.100066539873,218.06250617000958,16354.162572709884,16973.125125886407,17191.187632056415,171749.9464693716,0.04255260382771098,65.53553870806408,0.0,0.0,0.0,False,False,False
main,deterministic,deterministic,2025-07-01,86,True,True,0,,,0.7,20.0,optimal,2.3252966000000015,2.3252995000000283,0.0,0,0,16136.100066539873,218.06250617000958,16354.162572709884,17038.353909862548,17256.416416032556,172201.12464076024,0.0,49.03843354219461,0.0,0.0,0.0,False,False,False
main,deterministic,deterministic,2025-07-01,87,True,True,0,,,0.7,20.0,optimal,2.3252966000000015,2.3252995000000283,0.0,0,0,16136.100066539873,218.06250617000958,16354.162572709884,17031.2305951012,17249.293101271207,172091.91895008236,0.6394466723077007,56.22873013098409,0.0,0.0,0.0,False,False,False
main,deterministic,deterministic,2025-07-01,88,True,True,0,,,0.7,20.0,optimal,2.3252966000000015,2.3252995000000283,0.0,0,0,16136.100066539873,218.06250617000958,16354.162572709884,17014.702448277832,17232.76495444784,171882.24032936626,0.04138643843277012,64.10864151417157,0.0,0.0,0.0,False,False,False
main,deterministic,deterministic,2025-07-01,89,True,True,0,,,0.7,20.0,optimal,2.3252966000000015,2.3252995000000283,0.0,0,0,16136.100066539873,218.06250617000958,16354.162572709884,17001.06167915263,17219.12418532264,171901.47605785905,0.04788461369188185,55.55788099652072,0.0,0.0,0.0,False,False,False
main,deterministic,deterministic,2025-07-01,90,True,True,0,,,0.7,20.0,optimal,2.3252966000000015,2.3252995000000283,0.0,0,0,16136.100066539873,218.06250617000958,16354.162572709884,17004.913525688768,17222.976031858776,172600.4716682925,0.5296989965728511,62.64900015216701,0.0,0.0,0.0,False,False,False
main,deterministic,deterministic,2025-07-01,91,True,True,0,,,0.7,20.0,optimal,2.3252966000000015,2.3252995000000283,0.0,0,0,16136.100066539873,218.06250617000958,16354.162572709884,16929.0979545299,17147.16046069991,172077.80945905842,0.0,57.27209872948249,0.0,0.0,0.0,False,False,False
main,deterministic,deterministic,2025-07-01,92,True,True,0,,,0.7,20.0,optimal,2.3252966000000015,2.3252995000000283,0.0,0,0,16136.100066539873,218.06250617000958,16354.162572709884,17008.296701824856,17226.359207994865,172426.98533525056,0.0,45.84349725533636,0.0,0.0,0.0,False,False,False
main,deterministic,deterministic,2025-07-01,93,True,True,0,,,0.7,20.0,optimal,2.3252966000000015,2.3252995000000283,0.0,0,0,16136.100066539873,218.06250617000958,16354.162572709884,17010.205734322517,17228.268240492525,172074.58710438714,0.4140543816047817,58.94003204291221,0.0,0.0,0.0,False,False,False
main,deterministic,deterministic,2025-07-01,94,True,True,0,,,0.7,20.0,optimal,2.3252966000000015,2.3252995000000283,0.0,0,0,16136.100066539873,218.06250617000958,16354.162572709884,16984.342446536062,17202.40495270607,171773.6066727416,0.0,54.136336008441596,0.0,0.0,0.0,False,False,False
main,deterministic,deterministic,2025-07-01,95,True,True,0,,,0.7,20.0,optimal,2.3252966000000015,2.3252995000000283,0.0,0,0,16136.100066539873,218.06250617000958,16354.162572709884,17007.211221234666,17225.273727404674,172922.6463500266,0.0,58.21408103677743,0.0,0.0,0.0,False,False,False
main,deterministic,deterministic,2025-07-01,96,True,True,0,,,0.7,20.0,optimal,2.3252966000000015,2.3252995000000283,0.0,0,0,16136.100066539873,218.06250617000958,16354.162572709884,17033.735967245757,17251.798473415765,172162.12769379717,0.0,53.745927954011215,0.0,0.0,0.0,False,False,False
main,deterministic,deterministic,2025-07-01,97,True,True,0,,,0.7,20.0,optimal,2.3252966000000015,2.3252995000000283,0.0,0,0,16136.100066539873,218.06250617000958,16354.162572709884,16976.731956891228,17194.794463061236,172112.54979008329,0.053390849365318016,56.144780747889094,0.0,0.0,0.0,False,False,False
main,deterministic,deterministic,2025-07-01,98,True,True,0,,,0.7,20.0,optimal,2.3252966000000015,2.3252995000000283,0.0,0,0,16136.100066539873,218.06250617000958,16354.162572709884,16969.689916859425,17187.752423029433,172275.6745497536,0.0,46.786666543825675,0.0,0.0,0.0,False,False,False
main,deterministic,deterministic,2025-07-01,99,True,True,0,,,0.7,20.0,optimal,2.3252966000000015,2.3252995000000283,0.0,0,0,16136.100066539873,218.06250617000958,16354.162572709884,16928.41662436737,17146.47913053738,172342.16265971228,0.05555240002575179,59.793674356866795,0.0,0.0,0.0,False,False,False
main,deterministic,deterministic,2025-10-01,0,True,True,0,,,0.7,20.0,optimal,1.9805252999999539,1.980526399999917,0.0,0,0,16673.564377350045,380.2623055896601,17053.826682939703,16758.29100202494,17138.5533076146,174580.04937929494,1.0108027909627626,53.205775666293846,0.0,0.0,0.0,False,False,False
main,deterministic,deterministic,2025-10-01,1,True,True,0,,,0.7,20.0,optimal,1.9805252999999539,1.980526399999917,0.0,0,0,16673.564377350045,380.2623055896601,17053.826682939703,16812.34339989159,17192.605705481248,174273.24665710455,1.3446873560405974,61.59617248844036,0.0,0.0,0.0,False,False,False
main,deterministic,deterministic,2025-10-01,2,True,True,0,,,0.7,20.0,optimal,1.9805252999999539,1.980526399999917,0.0,0,0,16673.564377350045,380.2623055896601,17053.826682939703,16726.155668129937,17106.417973719595,174250.44200482056,0.7697634662226323,44.49343230079653,0.0,0.0,0.0,False,False,False
main,deterministic,deterministic,2025-10-01,3,True,True,0,,,0.7,20.0,optimal,1.9805252999999539,1.980526399999917,0.0,0,0,16673.564377350045,380.2623055896601,17053.826682939703,16797.116743760093,17177.37904934975,174462.18540508853,0.7710003909420343,57.33635377139086,0.0,0.0,0.0,False,False,False
main,deterministic,deterministic,2025-10-01,4,True,True,0,,,0.7,20.0,optimal,1.9805252999999539,1.980526399999917,0.0,0,0,16673.564377350045,380.2623055896601,17053.826682939703,16783.213535506267,17163.475841095926,174749.72200692588,0.7114084583718436,48.25483819106411,0.0,0.0,0.0,False,False,False
main,deterministic,deterministic,2025-10-01,5,True,True,0,,,0.7,20.0,optimal,1.9805252999999539,1.980526399999917,0.0,0,0,16673.564377350045,380.2623055896601,17053.826682939703,16782.417568721532,17162.67987431119,174396.65505088918,0.8147284933708755,53.484152440427096,0.0,0.0,0.0,False,False,False
main,deterministic,deterministic,2025-10-01,6,True,True,0,,,0.7,20.0,optimal,1.9805252999999539,1.980526399999917,0.0,0,0,16673.564377350045,380.2623055896601,17053.826682939703,16883.09674138683,17263.35904697649,175158.13204982466,1.8956682089178822,47.4187105835345,0.0,0.0,0.0,False,False,False
main,deterministic,deterministic,2025-10-01,7,True,True,0,,,0.7,20.0,optimal,1.9805252999999539,1.980526399999917,0.0,0,0,16673.564377350045,380.2623055896601,17053.826682939703,16800.630439126326,17180.892744715984,174685.3312703522,0.7090703987824424,49.21367985584348,0.0,0.0,0.0,False,False,False
main,deterministic,deterministic,2025-10-01,8,True,True,0,,,0.7,20.0,optimal,1.9805252999999539,1.980526399999917,0.0,0,0,16673.564377350045,380.2623055896601,17053.826682939703,16704.23965868678,17084.50196427644,173961.61126867193,0.7485520684180141,49.639324914274674,0.0,0.0,0.0,False,False,False
main,deterministic,deterministic,2025-10-01,9,True,True,0,,,0.7,20.0,optimal,1.9805252999999539,1.980526399999917,0.0,0,0,16673.564377350045,380.2623055896601,17053.826682939703,16815.997977528805,17196.260283118463,174395.68200171395,1.0971071643486603,59.79036911764151,0.0,0.0,0.0,False,False,False
main,deterministic,deterministic,2025-10-01,10,True,True,0,,,0.7,20.0,optimal,1.9805252999999539,1.980526399999917,0.0,0,0,16673.564377350045,380.2623055896601,17053.826682939703,16769.0410209693,17149.30332655896,174584.15265215415,0.9320167088889821,50.448350315543934,0.0,0.0,0.0,False,False,False
main,deterministic,deterministic,2025-10-01,11,True,True,0,,,0.7,20.0,optimal,1.9805252999999539,1.980526399999917,0.0,0,0,16673.564377350045,380.2623055896601,17053.826682939703,16806.497208806562,17186.75951439622,175039.7508914498,1.2928707070904875,49.03366716921115,0.0,0.0,0.0,False,False,False
main,deterministic,deterministic,2025-10-01,12,True,True,0,,,0.7,20.0,optimal,1.9805252999999539,1.980526399999917,0.0,0,0,16673.564377350045,380.2623055896601,17053.826682939703,16717.676427030343,17097.93873262,173843.81533896405,0.0351606730990075,46.11993904591905,0.0,0.0,0.0,False,False,False
main,deterministic,deterministic,2025-10-01,13,True,True,0,,,0.7,20.0,optimal,1.9805252999999539,1.980526399999917,0.0,0,0,16673.564377350045,380.2623055896601,17053.826682939703,16775.14596917603,17155.408274765687,174001.61287566152,1.0341482540381135,51.4300040407591,0.0,0.0,0.0,False,False,False
main,deterministic,deterministic,2025-10-01,14,True,True,0,,,0.7,20.0,optimal,1.9805252999999539,1.980526399999917,0.0,0,0,16673.564377350045,380.2623055896601,17053.826682939703,16839.552429005937,17219.814734595595,174993.72110736388,0.7678508473625894,47.96134430457394,0.0,0.0,0.0,False,False,False
main,deterministic,deterministic,2025-10-01,15,True,True,0,,,0.7,20.0,optimal,1.9805252999999539,1.980526399999917,0.0,0,0,16673.564377350045,380.2623055896601,17053.826682939703,16829.465798182857,17209.728103772515,174569.94846153245,0.8139804480046167,44.48055190294582,0.0,0.0,0.0,False,False,False
main,deterministic,deterministic,2025-10-01,16,True,True,0,,,0.7,20.0,optimal,1.9805252999999539,1.980526399999917,0.0,0,0,16673.564377350045,380.2623055896601,17053.826682939703,16823.578855161788,17203.841160751446,175240.06325685148,1.0102864796851077,45.79962590931872,0.0,0.0,0.0,False,False,False
main,deterministic,deterministic,2025-10-01,17,True,True,0,,,0.7,20.0,optimal,1.9805252999999539,1.980526399999917,0.0,0,0,16673.564377350045,380.2623055896601,17053.826682939703,16840.069667592306,17220.331973181965,174685.9541107137,0.9873372470628263,57.96041937697883,0.0,0.0,0.0,False,False,False
main,deterministic,deterministic,2025-10-01,18,True,True,0,,,0.7,20.0,optimal,1.9805252999999539,1.980526399999917,0.0,0,0,16673.564377350045,380.2623055896601,17053.826682939703,16795.527735620355,17175.790041210013,174235.84201021213,0.5339100857834281,54.03355967753733,0.0,0.0,0.0,False,False,False
main,deterministic,deterministic,2025-10-01,19,True,True,0,,,0.7,20.0,optimal,1.9805252999999539,1.980526399999917,0.0,0,0,16673.564377350045,380.2623055896601,17053.826682939703,16756.80721239129,17137.069517980948,174365.92551113298,0.6446008195733345,50.5640168311361,0.0,0.0,0.0,False,False,False
main,deterministic,deterministic,2025-10-01,20,True,True,0,,,0.7,20.0,optimal,1.9805252999999539,1.980526399999917,0.0,0,0,16673.564377350045,380.2623055896601,17053.826682939703,16776.63819761007,17156.90050319973,175235.4882307765,1.105723910204178,46.77803101954093,0.0,0.0,0.0,False,False,False
main,deterministic,deterministic,2025-10-01,21,True,True,0,,,0.7,20.0,optimal,1.9805252999999539,1.980526399999917,0.0,0,0,16673.564377350045,380.2623055896601,17053.826682939703,16743.703342450557,17123.965648040215,174146.38324735116,0.33084052011283727,46.532031421076205,0.0,0.0,0.0,False,False,False
main,deterministic,deterministic,2025-10-01,22,True,True,0,,,0.7,20.0,optimal,1.9805252999999539,1.980526399999917,0.0,0,0,16673.564377350045,380.2623055896601,17053.826682939703,16768.429843191625,17148.692148781283,174410.93130286856,0.0523560556108883,48.33056658443218,0.0,0.0,0.0,False,False,False
main,deterministic,deterministic,2025-10-01,23,True,True,0,,,0.7,20.0,optimal,1.9805252999999539,1.980526399999917,0.0,0,0,16673.564377350045,380.2623055896601,17053.826682939703,16891.643124892962,17271.90543048262,175112.44188449744,2.0266332495290142,52.426801486742356,0.0,0.0,0.0,False,False,False
main,deterministic,deterministic,2025-10-01,24,True,True,0,,,0.7,20.0,optimal,1.9805252999999539,1.980526399999917,0.0,0,0,16673.564377350045,380.2623055896601,17053.826682939703,16829.898518163027,17210.160823752685,174525.06986590638,0.7326968317163444,56.58709378981617,0.0,0.0,0.0,False,False,False
main,deterministic,deterministic,2025-10-01,25,True,True,0,,,0.7,20.0,optimal,1.9805252999999539,1.980526399999917,0.0,0,0,16673.564377350045,380.2623055896601,17053.826682939703,16793.14051804459,17173.40282363425,174796.82169818826,1.0562813304097252,45.960475515487,0.0,0.0,0.0,False,False,False
main,deterministic,deterministic,2025-10-01,26,True,True,0,,,0.7,20.0,optimal,1.9805252999999539,1.980526399999917,0.0,0,0,16673.564377350045,380.2623055896601,17053.826682939703,16799.01314722915,17179.27545281881,174526.54544858317,1.1063610340705854,56.52515695851493,0.0,0.0,0.0,False,False,False
main,deterministic,deterministic,2025-10-01,27,True,True,0,,,0.7,20.0,optimal,1.9805252999999539,1.980526399999917,0.0,0,0,16673.564377350045,380.2623055896601,17053.826682939703,16803.189842241412,17183.45214783107,174648.51086378383,0.8411875397089219,52.97854929023783,0.0,0.0,0.0,False,False,False
main,deterministic,deterministic,2025-10-01,28,True,True,0,,,0.7,20.0,optimal,1.9805252999999539,1.980526399999917,0.0,0,0,16673.564377350045,380.2623055896601,17053.826682939703,16841.492728598554,17221.755034188212,175175.7147843662,1.241913763425314,42.43620317375419,0.0,0.0,0.0,False,False,False
main,deterministic,deterministic,2025-10-01,29,True,True,0,,,0.7,20.0,optimal,1.9805252999999539,1.980526399999917,0.0,0,0,16673.564377350045,380.2623055896601,17053.826682939703,16755.862543505296,17136.124849094955,174236.26407495613,0.02293661012110082,39.78759246385396,0.0,0.0,0.0,False,False,False
main,deterministic,deterministic,2025-10-01,30,True,True,0,,,0.7,20.0,optimal,1.9805252999999539,1.980526399999917,0.0,0,0,16673.564377350045,380.2623055896601,17053.826682939703,16667.38957958205,17047.65188517171,173876.48990296363,0.06156824802826,47.608391429595066,0.0,0.0,0.0,False,False,False
main,deterministic,deterministic,2025-10-01,31,True,True,0,,,0.7,20.0,optimal,1.9805252999999539,1.980526399999917,0.0,0,0,16673.564377350045,380.2623055896601,17053.826682939703,16751.75140139598,17132.01370698564,174543.2730587579,1.238027921777196,49.75872745536077,0.0,0.0,0.0,False,False,False
main,deterministic,deterministic,2025-10-01,32,True,True,0,,,0.7,20.0,optimal,1.9805252999999539,1.980526399999917,0.0,0,0,16673.564377350045,380.2623055896601,17053.826682939703,16818.229428050126,17198.491733639785,174921.05284837022,0.7044352498046567,52.86306929684576,0.0,0.0,0.0,False,False,False
main,deterministic,deterministic,2025-10-01,33,True,True,0,,,0.7,20.0,optimal,1.9805252999999539,1.980526399999917,0.0,0,0,16673.564377350045,380.2623055896601,17053.826682939703,16834.734022288987,17214.996327878645,174325.17000280914,0.9591519265322042,62.8390160861802,0.0,0.0,0.0,False,False,False
main,deterministic,deterministic,2025-10-01,34,True,True,0,,,0.7,20.0,optimal,1.9805252999999539,1.980526399999917,0.0,0,0,16673.564377350045,380.2623055896601,17053.826682939703,16828.32218546071,17208.58449105037,174564.1388310035,1.0353126663909071,51.904587092555595,0.0,0.0,0.0,False,False,False
main,deterministic,deterministic,2025-10-01,35,True,True,0,,,0.7,20.0,optimal,1.9805252999999539,1.980526399999917,0.0,0,0,16673.564377350045,380.2623055896601,17053.826682939703,16819.879165426755,17200.141471016414,174690.40892019478,0.7663148085207903,51.52807141043429,0.0,0.0,0.0,False,False,False
main,deterministic,deterministic,2025-10-01,36,True,True,0,,,0.7,20.0,optimal,1.9805252999999539,1.980526399999917,0.0,0,0,16673.564377350045,380.2623055896601,17053.826682939703,16908.446470130555,17288.708775720213,175357.97827185667,1.2718382035964122,60.044946309732296,0.0,0.0,0.0,False,False,False
main,deterministic,deterministic,2025-10-01,37,True,True,0,,,0.7,20.0,optimal,1.9805252999999539,1.980526399999917,0.0,0,0,16673.564377350045,380.2623055896601,17053.826682939703,16779.26834688932,17159.530652478978,174476.51535627447,0.7919612014023452,44.8372863761785,0.0,0.0,0.0,False,False,False
main,deterministic,deterministic,2025-10-01,38,True,True,0,,,0.7,20.0,optimal,1.9805252999999539,1.980526399999917,0.0,0,0,16673.564377350045,380.2623055896601,17053.826682939703,16773.262073183618,17153.524378773276,174672.1449679792,0.8241514733013142,47.31896412714611,0.0,0.0,0.0,False,False,False
main,deterministic,deterministic,2025-10-01,39,True,True,0,,,0.7,20.0,optimal,1.9805252999999539,1.980526399999917,0.0,0,0,16673.564377350045,380.2623055896601,17053.826682939703,16803.13861943865,17183.40092502831,174708.01737274465,0.7023190823729349,40.41854838148206,0.0,0.0,0.0,False,False,False
main,deterministic,deterministic,2025-10-01,40,True,True,0,,,0.7,20.0,optimal,1.9805252999999539,1.980526399999917,0.0,0,0,16673.564377350045,380.2623055896601,17053.826682939703,16852.91238896832,17233.17469455798,174948.51714214575,1.5498541091341242,45.75829080674167,0.0,0.0,0.0,False,False,False
main,deterministic,deterministic,2025-10-01,41,True,True,0,,,0.7,20.0,optimal,1.9805252999999539,1.980526399999917,0.0,0,0,16673.564377350045,380.2623055896601,17053.826682939703,16753.046141236005,17133.308446825664,174375.4242832348,0.8309086434281738,38.84063400270471,0.0,0.0,0.0,False,False,False
main,deterministic,deterministic,2025-10-01,42,True,True,0,,,0.7,20.0,optimal,1.9805252999999539,1.980526399999917,0.0,0,0,16673.564377350045,380.2623055896601,17053.826682939703,16865.56668515655,17245.82899074621,174637.24215977185,0.9120212675108641,52.90778731151604,0.0,0.0,0.0,False,False,False
main,deterministic,deterministic,2025-10-01,43,True,True,0,,,0.7,20.0,optimal,1.9805252999999539,1.980526399999917,0.0,0,0,16673.564377350045,380.2623055896601,17053.826682939703,16696.217852951548,17076.480158541206,173935.9979845701,0.676243682898998,53.23629673285943,0.0,0.0,0.0,False,False,False
main,deterministic,deterministic,2025-10-01,44,True,True,0,,,0.7,20.0,optimal,1.9805252999999539,1.980526399999917,0.0,0,0,16673.564377350045,380.2623055896601,17053.826682939703,16793.314325299147,17173.576630888805,174910.84955689067,0.8247613706158345,49.63802194203914,0.0,0.0,0.0,False,False,False
main,deterministic,deterministic,2025-10-01,45,True,True,0,,,0.7,20.0,optimal,1.9805252999999539,1.980526399999917,0.0,0,0,16673.564377350045,380.2623055896601,17053.826682939703,16813.91829376498,17194.180599354637,174723.2228327307,1.414457758225927,57.34675609719018,0.0,0.0,0.0,False,False,False
main,deterministic,deterministic,2025-10-01,46,True,True,0,,,0.7,20.0,optimal,1.9805252999999539,1.980526399999917,0.0,0,0,16673.564377350045,380.2623055896601,17053.826682939703,16813.606305237503,17193.86861082716,174763.8088124965,0.9689503624792373,53.52048387988482,0.0,0.0,0.0,False,False,False
main,deterministic,deterministic,2025-10-01,47,True,True,0,,,0.7,20.0,optimal,1.9805252999999539,1.980526399999917,0.0,0,0,16673.564377350045,380.2623055896601,17053.826682939703,16791.421913979437,17171.684219569095,174638.21146418015,0.028389780069998594,51.01046069340267,0.0,0.0,0.0,False,False,False
main,deterministic,deterministic,2025-10-01,48,True,True,0,,,0.7,20.0,optimal,1.9805252999999539,1.980526399999917,0.0,0,0,16673.564377350045,380.2623055896601,17053.826682939703,16733.638309428312,17113.90061501797,174490.5539336197,0.6473103522930013,50.99100984427743,0.0,0.0,0.0,False,False,False
main,deterministic,deterministic,2025-10-01,49,True,True,0,,,0.7,20.0,optimal,1.9805252999999539,1.980526399999917,0.0,0,0,16673.564377350045,380.2623055896601,17053.826682939703,16844.364630229902,17224.62693581956,174582.7035921732,1.1051025195327453,58.98309426493818,0.0,0.0,0.0,False,False,False
main,deterministic,deterministic,2025-10-01,50,True,True,0,,,0.7,20.0,optimal,1.9805252999999539,1.980526399999917,0.0,0,0,16673.564377350045,380.2623055896601,17053.826682939703,16841.958403167137,17222.220708756795,175268.87040882255,1.0011207198798324,58.172461511317046,0.0,0.0,0.0,False,False,False
main,deterministic,deterministic,2025-10-01,51,True,True,0,,,0.7,20.0,optimal,1.9805252999999539,1.980526399999917,0.0,0,0,16673.564377350045,380.2623055896601,17053.826682939703,16739.637481107362,17119.89978669702,174247.70317280226,0.7997438316973697,48.55639372498236,0.0,0.0,0.0,False,False,False
main,deterministic,deterministic,2025-10-01,52,True,True,0,,,0.7,20.0,optimal,1.9805252999999539,1.980526399999917,0.0,0,0,16673.564377350045,380.2623055896601,17053.826682939703,16798.86009798218,17179.122403571837,174680.94139097029,1.0708406464705071,59.408102533156196,0.0,0.0,0.0,False,False,False
main,deterministic,deterministic,2025-10-01,53,True,True,0,,,0.7,20.0,optimal,1.9805252999999539,1.980526399999917,0.0,0,0,16673.564377350045,380.2623055896601,17053.826682939703,16787.647732936704,17167.910038526363,175063.41305578538,1.303701456364003,45.376837508970354,0.0,0.0,0.0,False,False,False
main,deterministic,deterministic,2025-10-01,54,True,True,0,,,0.7,20.0,optimal,1.9805252999999539,1.980526399999917,0.0,0,0,16673.564377350045,380.2623055896601,17053.826682939703,16806.374799738845,17186.637105328504,174736.56077524438,0.7231282181439957,47.37094485005672,0.0,0.0,0.0,False,False,False
main,deterministic,deterministic,2025-10-01,55,True,True,0,,,0.7,20.0,optimal,1.9805252999999539,1.980526399999917,0.0,0,0,16673.564377350045,380.2623055896601,17053.826682939703,16799.31235078343,17179.57465637309,174790.94371942425,0.9992037575508145,54.007241537355156,0.0,0.0,0.0,False,False,False
main,deterministic,deterministic,2025-10-01,56,True,True,0,,,0.7,20.0,optimal,1.9805252999999539,1.980526399999917,0.0,0,0,16673.564377350045,380.2623055896601,17053.826682939703,16863.03394909916,17243.29625468882,174861.42347550357,0.4685658078870062,40.73919199146443,0.0,0.0,0.0,False,False,False
main,deterministic,deterministic,2025-10-01,57,True,True,0,,,0.7,20.0,optimal,1.9805252999999539,1.980526399999917,0.0,0,0,16673.564377350045,380.2623055896601,17053.826682939703,16804.044281845072,17184.30658743473,174856.26929772852,1.6571318882711148,50.48776084973693,0.0,0.0,0.0,False,False,False
main,deterministic,deterministic,2025-10-01,58,True,True,0,,,0.7,20.0,optimal,1.9805252999999539,1.980526399999917,0.0,0,0,16673.564377350045,380.2623055896601,17053.826682939703,16810.601187937576,17190.863493527235,174470.12313127553,1.693544734046615,57.81830955112892,0.0,0.0,0.0,False,False,False
main,deterministic,deterministic,2025-10-01,59,True,True,0,,,0.7,20.0,optimal,1.9805252999999539,1.980526399999917,0.0,0,0,16673.564377350045,380.2623055896601,17053.826682939703,16787.26208494268,17167.524390532337,174917.04526913448,1.32270627523214,52.655895764367855,0.0,0.0,0.0,False,False,False
main,deterministic,deterministic,2025-10-01,60,True,True,0,,,0.7,20.0,optimal,1.9805252999999539,1.980526399999917,0.0,0,0,16673.564377350045,380.2623055896601,17053.826682939703,16757.843136896507,17138.105442486165,174619.44414669683,0.9329623771445942,51.51826096308995,0.0,0.0,0.0,False,False,False
main,deterministic,deterministic,2025-10-01,61,True,True,0,,,0.7,20.0,optimal,1.9805252999999539,1.980526399999917,0.0,0,0,16673.564377350045,380.2623055896601,17053.826682939703,16802.010698595175,17182.273004184834,174493.3874180145,0.04416097974507227,40.95880087557591,0.0,0.0,0.0,False,False,False
main,deterministic,deterministic,2025-10-01,62,True,True,0,,,0.7,20.0,optimal,1.9805252999999539,1.980526399999917,0.0,0,0,16673.564377350045,380.2623055896601,17053.826682939703,16836.73709830799,17216.999403897647,174861.47927653397,1.2228915320641514,53.5809983890638,0.0,0.0,0.0,False,False,False
main,deterministic,deterministic,2025-10-01,63,True,True,0,,,0.7,20.0,optimal,1.9805252999999539,1.980526399999917,0.0,0,0,16673.564377350045,380.2623055896601,17053.826682939703,16793.002972677303,17173.26527826696,174366.67310310045,1.114056119693607,56.54342743503641,0.0,0.0,0.0,False,False,False
main,deterministic,deterministic,2025-10-01,64,True,True,0,,,0.7,20.0,optimal,1.9805252999999539,1.980526399999917,0.0,0,0,16673.564377350045,380.2623055896601,17053.826682939703,16783.35304168214,17163.6153472718,174537.7468483436,0.6513858312909885,48.38637452181858,0.0,0.0,0.0,False,False,False
main,deterministic,deterministic,2025-10-01,65,True,True,0,,,0.7,20.0,optimal,1.9805252999999539,1.980526399999917,0.0,0,0,16673.564377350045,380.2623055896601,17053.826682939703,16798.598629308497,17178.860934898155,174603.24257001956,1.0610244571768446,53.53732349436907,0.0,0.0,0.0,False,False,False
main,deterministic,deterministic,2025-10-01,66,True,True,0,,,0.7,20.0,optimal,1.9805252999999539,1.980526399999917,0.0,0,0,16673.564377350045,380.2623055896601,17053.826682939703,16777.212351839422,17157.47465742908,174607.81218329983,1.6316325611100309,59.32056350131673,0.0,0.0,0.0,False,False,False
main,deterministic,deterministic,2025-10-01,67,True,True,0,,,0.7,20.0,optimal,1.9805252999999539,1.980526399999917,0.0,0,0,16673.564377350045,380.2623055896601,17053.826682939703,16793.636922852995,17173.899228442653,175186.9359137644,0.6521101498279522,48.89335407041688,0.0,0.0,0.0,False,False,False
main,deterministic,deterministic,2025-10-01,68,True,True,0,,,0.7,20.0,optimal,1.9805252999999539,1.980526399999917,0.0,0,0,16673.564377350045,380.2623055896601,17053.826682939703,16786.858398168322,17167.12070375798,174624.58898864753,0.8615108277402816,54.118989583280396,0.0,0.0,0.0,False,False,False
main,deterministic,deterministic,2025-10-01,69,True,True,0,,,0.7,20.0,optimal,1.9805252999999539,1.980526399999917,0.0,0,0,16673.564377350045,380.2623055896601,17053.826682939703,16807.500331532374,17187.762637122032,174300.27631569124,0.8193594049756876,53.38943662588565,0.0,0.0,0.0,False,False,False
main,deterministic,deterministic,2025-10-01,70,True,True,0,,,0.7,20.0,optimal,1.9805252999999539,1.980526399999917,0.0,0,0,16673.564377350045,380.2623055896601,17053.826682939703,16820.27911307355,17200.541418663208,174859.55481796103,0.7120541027758129,55.795236460063514,0.0,0.0,0.0,False,False,False
main,deterministic,deterministic,2025-10-01,71,True,True,0,,,0.7,20.0,optimal,1.9805252999999539,1.980526399999917,0.0,0,0,16673.564377350045,380.2623055896601,17053.826682939703,16755.3788391593,17135.64114474896,174213.35087507032,0.7679252056215087,59.32312167295218,0.0,0.0,0.0,False,False,False
main,deterministic,deterministic,2025-10-01,72,True,True,0,,,0.7,20.0,optimal,1.9805252999999539,1.980526399999917,0.0,0,0,16673.564377350045,380.2623055896601,17053.826682939703,16771.040809854687,17151.303115444345,174101.3691356714,0.8660247640875747,57.3367310319485,0.0,0.0,0.0,False,False,False
main,deterministic,deterministic,2025-10-01,73,True,True,0,,,0.7,20.0,optimal,1.9805252999999539,1.980526399999917,0.0,0,0,16673.564377350045,380.2623055896601,17053.826682939703,16772.765324628373,17153.027630218032,174471.73572178345,0.7425655714760739,53.511141180473544,0.0,0.0,0.0,False,False,False
main,deterministic,deterministic,2025-10-01,74,True,True,0,,,0.7,20.0,optimal,1.9805252999999539,1.980526399999917,0.0,0,0,16673.564377350045,380.2623055896601,17053.826682939703,16867.47188341129,17247.73418900095,175167.89106392371,1.5714857945472254,54.30357162790008,0.0,0.0,0.0,False,False,False
main,deterministic,deterministic,2025-10-01,75,True,True,0,,,0.7,20.0,optimal,1.9805252999999539,1.980526399999917,0.0,0,0,16673.564377350045,380.2623055896601,17053.826682939703,16789.33705913393,17169.59936472359,174692.40902487736,0.8325962497420352,49.80952932506717,0.0,0.0,0.0,False,False,False
main,deterministic,deterministic,2025-10-01,76,True,True,0,,,0.7,20.0,optimal,1.9805252999999539,1.980526399999917,0.0,0,0,16673.564377350045,380.2623055896601,17053.826682939703,16831.56356611882,17211.82587170848,174710.40973439385,1.2094621577518465,50.65632783419009,0.0,0.0,0.0,False,False,False
main,deterministic,deterministic,2025-10-01,77,True,True,0,,,0.7,20.0,optimal,1.9805252999999539,1.980526399999917,0.0,0,0,16673.564377350045,380.2623055896601,17053.826682939703,16878.418615042683,17258.68092063234,174489.1702974289,1.3667610666783878,45.880296723332535,0.0,0.0,0.0,False,False,False
main,deterministic,deterministic,2025-10-01,78,True,True,0,,,0.7,20.0,optimal,1.9805252999999539,1.980526399999917,0.0,0,0,16673.564377350045,380.2623055896601,17053.826682939703,16746.481947307595,17126.744252897253,174567.95941049358,0.33514047405111647,52.744356117634695,0.0,0.0,0.0,False,False,False
main,deterministic,deterministic,2025-10-01,79,True,True,0,,,0.7,20.0,optimal,1.9805252999999539,1.980526399999917,0.0,0,0,16673.564377350045,380.2623055896601,17053.826682939703,16805.417295165782,17185.67960075544,174875.21444517447,1.0632044488677403,50.34143292978398,0.0,0.0,0.0,False,False,False
main,deterministic,deterministic,2025-10-01,80,True,True,0,,,0.7,20.0,optimal,1.9805252999999539,1.980526399999917,0.0,0,0,16673.564377350045,380.2623055896601,17053.826682939703,16814.00533309067,17194.26763868033,174747.4072483379,1.119748456902567,50.39882216190491,0.0,0.0,0.0,False,False,False
main,deterministic,deterministic,2025-10-01,81,True,True,0,,,0.7,20.0,optimal,1.9805252999999539,1.980526399999917,0.0,0,0,16673.564377350045,380.2623055896601,17053.826682939703,16754.078760656954,17134.341066246612,174389.84512667634,0.85730901224226,58.01121945660689,0.0,0.0,0.0,False,False,False
main,deterministic,deterministic,2025-10-01,82,True,True,0,,,0.7,20.0,optimal,1.9805252999999539,1.980526399999917,0.0,0,0,16673.564377350045,380.2623055896601,17053.826682939703,16796.990829247545,17177.253134837203,174673.24308515483,0.8046581532164376,44.859620358693604,0.0,0.0,0.0,False,False,False
main,deterministic,deterministic,2025-10-01,83,True,True,0,,,0.7,20.0,optimal,1.9805252999999539,1.980526399999917,0.0,0,0,16673.564377350045,380.2623055896601,17053.826682939703,16826.293882384714,17206.556187974373,174338.08716298535,0.38848321299192906,46.3755808443171,0.0,0.0,0.0,False,False,False
main,deterministic,deterministic,2025-10-01,84,True,True,0,,,0.7,20.0,optimal,1.9805252999999539,1.980526399999917,0.0,0,0,16673.564377350045,380.2623055896601,17053.826682939703,16788.271053586242,17168.5333591759,174509.2659956482,0.5022072167381216,46.795494293994395,0.0,0.0,0.0,False,False,False
main,deterministic,deterministic,2025-10-01,85,True,True,0,,,0.7,20.0,optimal,1.9805252999999539,1.980526399999917,0.0,0,0,16673.564377350045,380.2623055896601,17053.826682939703,16874.06155085554,17254.323856445197,174750.6743841546,1.51059229906897,58.408569125491894,0.0,0.0,0.0,False,False,False
main,deterministic,deterministic,2025-10-01,86,True,True,0,,,0.7,20.0,optimal,1.9805252999999539,1.980526399999917,0.0,0,0,16673.564377350045,380.2623055896601,17053.826682939703,16812.208925673694,17192.471231263353,174644.28740091974,0.7586085417931869,46.47801730019311,0.0,0.0,0.0,False,False,False
main,deterministic,deterministic,2025-10-01,87,True,True,0,,,0.7,20.0,optimal,1.9805252999999539,1.980526399999917,0.0,0,0,16673.564377350045,380.2623055896601,17053.826682939703,16775.446035609017,17155.708341198675,174141.94452064234,1.304680790762338,52.54121593330281,0.0,0.0,0.0,False,False,False
main,deterministic,deterministic,2025-10-01,88,True,True,0,,,0.7,20.0,optimal,1.9805252999999539,1.980526399999917,0.0,0,0,16673.564377350045,380.2623055896601,17053.826682939703,16801.65232025938,17181.91462584904,174519.9260902914,1.02568787190833,58.673955759613555,0.0,0.0,0.0,False,False,False
main,deterministic,deterministic,2025-10-01,89,True,True,0,,,0.7,20.0,optimal,1.9805252999999539,1.980526399999917,0.0,0,0,16673.564377350045,380.2623055896601,17053.826682939703,16793.67735266941,17173.939658259067,174328.05070708453,0.8222067857129476,50.562738359821324,0.0,0.0,0.0,False,False,False
main,deterministic,deterministic,2025-10-01,90,True,True,0,,,0.7,20.0,optimal,1.9805252999999539,1.980526399999917,0.0,0,0,16673.564377350045,380.2623055896601,17053.826682939703,16771.650813021395,17151.913118611054,174319.84135083138,0.6879266104663171,56.40490394231194,0.0,0.0,0.0,False,False,False
main,deterministic,deterministic,2025-10-01,91,True,True,0,,,0.7,20.0,optimal,1.9805252999999539,1.980526399999917,0.0,0,0,16673.564377350045,380.2623055896601,17053.826682939703,16808.203453579477,17188.465759169136,174773.01576455912,0.9358759148677185,50.38679925479192,0.0,0.0,0.0,False,False,False
main,deterministic,deterministic,2025-10-01,92,True,True,0,,,0.7,20.0,optimal,1.9805252999999539,1.980526399999917,0.0,0,0,16673.564377350045,380.2623055896601,17053.826682939703,16770.895288910677,17151.157594500335,174503.92831515367,0.7766068663770024,40.580514579271586,0.0,0.0,0.0,False,False,False
main,deterministic,deterministic,2025-10-01,93,True,True,0,,,0.7,20.0,optimal,1.9805252999999539,1.980526399999917,0.0,0,0,16673.564377350045,380.2623055896601,17053.826682939703,16759.001711588404,17139.264017178062,174649.34970473294,1.1783309817523206,54.091273508443685,0.0,0.0,0.0,False,False,False
main,deterministic,deterministic,2025-10-01,94,True,True,0,,,0.7,20.0,optimal,1.9805252999999539,1.980526399999917,0.0,0,0,16673.564377350045,380.2623055896601,17053.826682939703,16852.05301606583,17232.31532165549,174597.07928548273,1.443845588652264,45.806304524300984,0.0,0.0,0.0,False,False,False
main,deterministic,deterministic,2025-10-01,95,True,True,0,,,0.7,20.0,optimal,1.9805252999999539,1.980526399999917,0.0,0,0,16673.564377350045,380.2623055896601,17053.826682939703,16768.467723923615,17148.730029513274,175063.8793429923,0.7467124068810264,53.73150282031304,0.0,0.0,0.0,False,False,False
main,deterministic,deterministic,2025-10-01,96,True,True,0,,,0.7,20.0,optimal,1.9805252999999539,1.980526399999917,0.0,0,0,16673.564377350045,380.2623055896601,17053.826682939703,16807.843742402558,17188.106047992216,174754.4515315217,0.9663520633295076,44.6820249286549,0.0,0.0,0.0,False,False,False
main,deterministic,deterministic,2025-10-01,97,True,True,0,,,0.7,20.0,optimal,1.9805252999999539,1.980526399999917,0.0,0,0,16673.564377350045,380.2623055896601,17053.826682939703,16753.650451155343,17133.912756745,174571.04639780617,1.090265711763716,51.879874750662644,0.0,0.0,0.0,False,False,False
main,deterministic,deterministic,2025-10-01,98,True,True,0,,,0.7,20.0,optimal,1.9805252999999539,1.980526399999917,0.0,0,0,16673.564377350045,380.2623055896601,17053.826682939703,16806.58844156518,17186.85074715484,174620.96857564992,1.0748496024940173,44.468147699725954,0.0,0.0,0.0,False,False,False
main,deterministic,deterministic,2025-10-01,99,True,True,0,,,0.7,20.0,optimal,1.9805252999999539,1.980526399999917,0.0,0,0,16673.564377350045,380.2623055896601,17053.826682939703,16744.216420660556,17124.478726250214,174515.21205351598,0.6331199656834858,53.50097394174302,0.0,0.0,0.0,False,False,False
main,saa_n20,saa,2025-01-01,0,True,True,20,,,0.7,20.0,optimal_decomposed,77.53422219999993,77.53340650000018,0.0,1,3,15856.414822561863,128.2972535128659,15984.71207607473,16432.467638148497,16560.76489166136,203599.99332609397,0.0,47.22388312609953,0.0,0.0,0.0,False,False,False
main,saa_n20,saa,2025-01-01,1,True,True,20,,,0.7,20.0,optimal_decomposed,77.53422219999993,77.53340650000018,0.0,1,3,15856.414822561863,128.2972535128659,15984.71207607473,16428.662048276543,16556.959301789408,203802.0860919419,0.0,58.89721850662253,0.0,0.0,0.0,False,False,False
main,saa_n20,saa,2025-01-01,2,True,True,20,,,0.7,20.0,optimal_decomposed,77.53422219999993,77.53340650000018,0.0,1,3,15856.414822561863,128.2972535128659,15984.71207607473,16331.342310052967,16459.639563565834,202593.90088303227,0.0,45.14229630746565,0.0,0.0,0.0,False,False,False
main,saa_n20,saa,2025-01-01,3,True,True,20,,,0.7,20.0,optimal_decomposed,77.53422219999993,77.53340650000018,0.0,1,3,15856.414822561863,128.2972535128659,15984.71207607473,16452.795839054965,16581.09309256783,203572.3449727236,0.0,49.839535830112716,0.0,0.0,0.0,False,False,False
main,saa_n20,saa,2025-01-01,4,True,True,20,,,0.7,20.0,optimal_decomposed,77.53422219999993,77.53340650000018,0.0,1,3,15856.414822561863,128.2972535128659,15984.71207607473,16458.725334781604,16587.02258829447,204327.79490940928,0.0,46.956458152460556,0.0,0.0,0.0,False,False,False
main,saa_n20,saa,2025-01-01,5,True,True,20,,,0.7,20.0,optimal_decomposed,77.53422219999993,77.53340650000018,0.0,1,3,15856.414822561863,128.2972535128659,15984.71207607473,16380.927905955288,16509.225159468155,203391.25193027852,0.0,53.950841710612664,0.0,0.0,0.0,False,False,False
main,saa_n20,saa,2025-01-01,6,True,True,20,,,0.7,20.0,optimal_decomposed,77.53422219999993,77.53340650000018,0.0,1,3,15856.414822561863,128.2972535128659,15984.71207607473,16360.977248050092,16489.27450156296,203238.59420782365,0.0,44.36573499504024,0.0,0.0,0.0,False,False,False
main,saa_n20,saa,2025-01-01,7,True,True,20,,,0.7,20.0,optimal_decomposed,77.53422219999993,77.53340650000018,0.0,1,3,15856.414822561863,128.2972535128659,15984.71207607473,16410.540226917397,16538.837480430262,203303.8236197692,0.005983514961787645,48.9138318649097,0.0,0.0,0.0,False,False,False
main,saa_n20,saa,2025-01-01,8,True,True,20,,,0.7,20.0,optimal_decomposed,77.53422219999993,77.53340650000018,0.0,1,3,15856.414822561863,128.2972535128659,15984.71207607473,16468.048491387584,16596.34574490045,203478.11411376903,0.0041006012297507555,50.436028806373436,0.0,0.0,0.0,False,False,False
main,saa_n20,saa,2025-01-01,9,True,True,20,,,0.7,20.0,optimal_decomposed,77.53422219999993,77.53340650000018,0.0,1,3,15856.414822561863,128.2972535128659,15984.71207607473,16445.053036381596,16573.35028989446,203131.39717918492,0.0,55.73443058854558,0.0,0.0,0.0,False,False,False
main,saa_n20,saa,2025-01-01,10,True,True,20,,,0.7,20.0,optimal_decomposed,77.53422219999993,77.53340650000018,0.0,1,3,15856.414822561863,128.2972535128659,15984.71207607473,16337.530382827183,16465.827636340047,202860.77298031215,0.0,49.45863586394944,0.0,0.0,0.0,False,False,False
main,saa_n20,saa,2025-01-01,11,True,True,20,,,0.7,20.0,optimal_decomposed,77.53422219999993,77.53340650000018,0.0,1,3,15856.414822561863,128.2972535128659,15984.71207607473,16411.16888667063,16539.466140183496,203559.89491912708,0.0,43.01522666321429,0.0,0.0,0.0,False,False,False
main,saa_n20,saa,2025-01-01,12,True,True,20,,,0.7,20.0,optimal_decomposed,77.53422219999993,77.53340650000018,0.0,1,3,15856.414822561863,128.2972535128659,15984.71207607473,16351.80338062832,16480.100634141185,202612.7486782714,0.0,44.23769121629713,0.0,0.0,0.0,False,False,False
main,saa_n20,saa,2025-01-01,13,True,True,20,,,0.7,20.0,optimal_decomposed,77.53422219999993,77.53340650000018,0.0,1,3,15856.414822561863,128.2972535128659,15984.71207607473,16418.856859824555,16547.15411333742,203427.4587812816,0.0,50.23767213200109,0.0,0.0,0.0,False,False,False
main,saa_n20,saa,2025-01-01,14,True,True,20,,,0.7,20.0,optimal_decomposed,77.53422219999993,77.53340650000018,0.0,1,3,15856.414822561863,128.2972535128659,15984.71207607473,16439.04038008578,16567.337633598643,203170.33408360503,0.0,48.63314007116803,0.0,0.0,0.0,False,False,False
main,saa_n20,saa,2025-01-01,15,True,True,20,,,0.7,20.0,optimal_decomposed,77.53422219999993,77.53340650000018,0.0,1,3,15856.414822561863,128.2972535128659,15984.71207607473,16385.935528606446,16514.23278211931,203328.9162956525,0.0,43.098592198275426,0.0,0.0,0.0,False,False,False
main,saa_n20,saa,2025-01-01,16,True,True,20,,,0.7,20.0,optimal_decomposed,77.53422219999993,77.53340650000018,0.0,1,3,15856.414822561863,128.2972535128659,15984.71207607473,16431.114321037294,16559.41157455016,203766.16169594091,0.002457626222879955,45.15521904583163,0.0,0.0,0.0,False,False,False
main,saa_n20,saa,2025-01-01,17,True,True,20,,,0.7,20.0,optimal_decomposed,77.53422219999993,77.53340650000018,0.0,1,3,15856.414822561863,128.2972535128659,15984.71207607473,16401.169968089212,16529.467221602077,202710.01438439,0.0,53.86115002863635,0.0,0.0,0.0,False,False,False
main,saa_n20,saa,2025-01-01,18,True,True,20,,,0.7,20.0,optimal_decomposed,77.53422219999993,77.53340650000018,0.0,1,3,15856.414822561863,128.2972535128659,15984.71207607473,16467.681982994087,16595.97923650695,203808.2979186409,0.0,52.40251336433975,0.0,0.0,0.0,False,False,False
main,saa_n20,saa,2025-01-01,19,True,True,20,,,0.7,20.0,optimal_decomposed,77.53422219999993,77.53340650000018,0.0,1,3,15856.414822561863,128.2972535128659,15984.71207607473,16373.43345583036,16501.730709343225,203163.79674140108,0.0,52.416615361661414,0.0,0.0,0.0,False,False,False
main,saa_n20,saa,2025-01-01,20,True,True,20,,,0.7,20.0,optimal_decomposed,77.53422219999993,77.53340650000018,0.0,1,3,15856.414822561863,128.2972535128659,15984.71207607473,16366.951080694305,16495.248334207172,203266.4724133149,0.0,43.46033263384821,0.0,0.0,0.0,False,False,False
main,saa_n20,saa,2025-01-01,21,True,True,20,,,0.7,20.0,optimal_decomposed,77.53422219999993,77.53340650000018,0.0,1,3,15856.414822561863,128.2972535128659,15984.71207607473,16334.569921961438,16462.867175474305,203151.0636943287,0.002287940161294466,45.65544866591248,0.0,0.0,0.0,False,False,False
main,saa_n20,saa,2025-01-01,22,True,True,20,,,0.7,20.0,optimal_decomposed,77.53422219999993,77.53340650000018,0.0,1,3,15856.414822561863,128.2972535128659,15984.71207607473,16449.871023516567,16578.168277029432,203427.23069873094,0.003829019528404143,47.64300785703112,0.0,0.0,0.0,False,False,False
main,saa_n20,saa,2025-01-01,23,True,True,20,,,0.7,20.0,optimal_decomposed,77.53422219999993,77.53340650000018,0.0,1,3,15856.414822561863,128.2972535128659,15984.71207607473,16402.682219235736,16530.9794727486,203113.46032874563,0.0,49.10186371757731,0.0,0.0,0.0,False,False,False
main,saa_n20,saa,2025-01-01,24,True,True,20,,,0.7,20.0,optimal_decomposed,77.53422219999993,77.53340650000018,0.0,1,3,15856.414822561863,128.2972535128659,15984.71207607473,16427.658534407776,16555.95578792064,203098.80983935983,0.0,48.567476042419635,0.0,0.0,0.0,False,False,False
main,saa_n20,saa,2025-01-01,25,True,True,20,,,0.7,20.0,optimal_decomposed,77.53422219999993,77.53340650000018,0.0,1,3,15856.414822561863,128.2972535128659,15984.71207607473,16366.512220512768,16494.809474025635,203346.24725243988,0.0,45.70240940605815,0.0,0.0,0.0,False,False,False
main,saa_n20,saa,2025-01-01,26,True,True,20,,,0.7,20.0,optimal_decomposed,77.53422219999993,77.53340650000018,0.0,1,3,15856.414822561863,128.2972535128659,15984.71207607473,16407.436273165753,16535.733526678618,203373.79517594216,0.0,53.34360480377322,0.0,0.0,0.0,False,False,False
main,saa_n20,saa,2025-01-01,27,True,True,20,,,0.7,20.0,optimal_decomposed,77.53422219999993,77.53340650000018,0.0,1,3,15856.414822561863,128.2972535128659,15984.71207607473,16412.038130771118,16540.335384283982,203052.89495381757,0.0,50.524200193663866,0.0,0.0,0.0,False,False,False
main,saa_n20,saa,2025-01-01,28,True,True,20,,,0.7,20.0,optimal_decomposed,77.53422219999993,77.53340650000018,0.0,1,3,15856.414822561863,128.2972535128659,15984.71207607473,16382.36308742853,16510.660340941395,203405.06817739247,0.0,41.8704701803534,0.0,0.0,0.0,False,False,False
main,saa_n20,saa,2025-01-01,29,True,True,20,,,0.7,20.0,optimal_decomposed,77.53422219999993,77.53340650000018,0.0,1,3,15856.414822561863,128.2972535128659,15984.71207607473,16286.95102568125,16415.248279194115,202772.77775323376,0.0,37.518919047032924,0.0,0.0,0.0,False,False,False
main,saa_n20,saa,2025-01-01,30,True,True,20,,,0.7,20.0,optimal_decomposed,77.53422219999993,77.53340650000018,0.0,1,3,15856.414822561863,128.2972535128659,15984.71207607473,16412.22280656149,16540.520060074356,203638.42033722345,0.0,43.11279266010801,0.0,0.0,0.0,False,False,False
main,saa_n20,saa,2025-01-01,31,True,True,20,,,0.7,20.0,optimal_decomposed,77.53422219999993,77.53340650000018,0.0,1,3,15856.414822561863,128.2972535128659,15984.71207607473,16368.11566365866,16496.412917171525,203319.96368419813,0.0,49.38504812334129,0.0,0.0,0.0,False,False,False
main,saa_n20,saa,2025-01-01,32,True,True,20,,,0.7,20.0,optimal_decomposed,77.53422219999993,77.53340650000018,0.0,1,3,15856.414822561863,128.2972535128659,15984.71207607473,16490.657433032593,16618.954686545458,203812.7890700466,0.0,48.61319052621275,0.0,0.0,0.0,False,False,False
main,saa_n20,saa,2025-01-01,33,True,True,20,,,0.7,20.0,optimal_decomposed,77.53422219999993,77.53340650000018,0.0,1,3,15856.414822561863,128.2972535128659,15984.71207607473,16501.106660953537,16629.403914466402,203679.6512259942,0.0,58.61051762514092,0.0,0.0,0.0,False,False,False
main,saa_n20,saa,2025-01-01,34,True,True,20,,,0.7,20.0,optimal_decomposed,77.53422219999993,77.53340650000018,0.0,1,3,15856.414822561863,128.2972535128659,15984.71207607473,16547.940670592612,16676.237924105477,204028.91222656157,0.0,50.47545150609925,0.0,0.0,0.0,False,False,False
main,saa_n20,saa,2025-01-01,35,True,True,20,,,0.7,20.0,optimal_decomposed,77.53422219999993,77.53340650000018,0.0,1,3,15856.414822561863,128.2972535128659,15984.71207607473,16369.938092303817,16498.235345816684,203149.97605843036,0.005501703924366996,53.65626826115721,0.0,0.0,0.0,False,False,False
main,saa_n20,saa,2025-01-01,36,True,True,20,,,0.7,20.0,optimal_decomposed,77.53422219999993,77.53340650000018,0.0,1,3,15856.414822561863,128.2972535128659,15984.71207607473,16532.86223184316,16661.159485356024,204052.82504440108,0.0,54.526906712084234,0.0,0.0,0.0,False,False,False
main,saa_n20,saa,2025-01-01,37,True,True,20,,,0.7,20.0,optimal_decomposed,77.53422219999993,77.53340650000018,0.0,1,3,15856.414822561863,128.2972535128659,15984.71207607473,16360.484453421037,16488.781706933903,203793.94314423169,0.0,43.461701660812565,0.0,0.0,0.0,False,False,False
main,saa_n20,saa,2025-01-01,38,True,True,20,,,0.7,20.0,optimal_decomposed,77.53422219999993,77.53340650000018,0.0,1,3,15856.414822561863,128.2972535128659,15984.71207607473,16434.00849082137,16562.305744334233,203223.69254094077,0.0,46.69890222847933,0.0,0.0,0.0,False,False,False
main,saa_n20,saa,2025-01-01,39,True,True,20,,,0.7,20.0,optimal_decomposed,77.53422219999993,77.53340650000018,0.0,1,3,15856.414822561863,128.2972535128659,15984.71207607473,16303.76498019166,16432.062233704524,202841.64218483857,0.0,37.77621994046179,0.0,0.0,0.0,False,False,False
main,saa_n20,saa,2025-01-01,40,True,True,20,,,0.7,20.0,optimal_decomposed,77.53422219999993,77.53340650000018,0.0,1,3,15856.414822561863,128.2972535128659,15984.71207607473,16468.701112200237,16596.9983657131,203598.40875707136,0.0,42.19302421730661,0.0,0.0,0.0,False,False,False
main,saa_n20,saa,2025-01-01,41,True,True,20,,,0.7,20.0,optimal_decomposed,77.53422219999993,77.53340650000018,0.0,1,3,15856.414822561863,128.2972535128659,15984.71207607473,16351.083586108893,16479.380839621757,203236.05783396075,0.0,37.38312967549474,0.0,0.0,0.0,False,False,False
main,saa_n20,saa,2025-01-01,42,True,True,20,,,0.7,20.0,optimal_decomposed,77.53422219999993,77.53340650000018,0.0,1,3,15856.414822561863,128.2972535128659,15984.71207607473,16556.256961626088,16684.554215138953,204003.94618850827,0.0,51.164574792573454,0.0,0.0,0.0,False,False,False
main,saa_n20,saa,2025-01-01,43,True,True,20,,,0.7,20.0,optimal_decomposed,77.53422219999993,77.53340650000018,0.0,1,3,15856.414822561863,128.2972535128659,15984.71207607473,16406.35578054957,16534.653034062434,203366.3675420738,0.0,48.69849170621342,0.0,0.0,0.0,False,False,False
main,saa_n20,saa,2025-01-01,44,True,True,20,,,0.7,20.0,optimal_decomposed,77.53422219999993,77.53340650000018,0.0,1,3,15856.414822561863,128.2972535128659,15984.71207607473,16400.161811440972,16528.459064953837,203121.9616913961,0.0,47.22421058687277,0.0,0.0,0.0,False,False,False
main,saa_n20,saa,2025-01-01,45,True,True,20,,,0.7,20.0,optimal_decomposed,77.53422219999993,77.53340650000018,0.0,1,3,15856.414822561863,128.2972535128659,15984.71207607473,16463.12871178682,16591.425965299684,203529.64207734424,0.0,52.76039473664132,0.0,0.0,0.0,False,False,False
main,saa_n20,saa,2025-01-01,46,True,True,20,,,0.7,20.0,optimal_decomposed,77.53422219999993,77.53340650000018,0.0,1,3,15856.414822561863,128.2972535128659,15984.71207607473,16397.391179516828,16525.688433029693,203244.59456483158,0.0,48.96504780159595,0.0,0.0,0.0,False,False,False
main,saa_n20,saa,2025-01-01,47,True,True,20,,,0.7,20.0,optimal_decomposed,77.53422219999993,77.53340650000018,0.0,1,3,15856.414822561863,128.2972535128659,15984.71207607473,16398.933256733508,16527.230510246372,203612.18287424935,0.0,48.88642159010624,0.0,0.0,0.0,False,False,False
main,saa_n20,saa,2025-01-01,48,True,True,20,,,0.7,20.0,optimal_decomposed,77.53422219999993,77.53340650000018,0.0,1,3,15856.414822561863,128.2972535128659,15984.71207607473,16426.823298229785,16555.12055174265,203362.31759178918,0.0,47.38267551794356,0.0,0.0,0.0,False,False,False
main,saa_n20,saa,2025-01-01,49,True,True,20,,,0.7,20.0,optimal_decomposed,77.53422219999993,77.53340650000018,0.0,1,3,15856.414822561863,128.2972535128659,15984.71207607473,16421.09589001258,16549.393143525445,203284.96726700536,0.0,51.200695822958565,0.0,0.0,0.0,False,False,False
main,saa_n20,saa,2025-01-01,50,True,True,20,,,0.7,20.0,optimal_decomposed,77.53422219999993,77.53340650000018,0.0,1,3,15856.414822561863,128.2972535128659,15984.71207607473,16466.18740746464,16594.484660977505,203373.3261032267,0.0,54.623800029063496,0.0,0.0,0.0,False,False,False
main,saa_n20,saa,2025-01-01,51,True,True,20,,,0.7,20.0,optimal_decomposed,77.53422219999993,77.53340650000018,0.0,1,3,15856.414822561863,128.2972535128659,15984.71207607473,16391.450994921594,16519.74824843446,203666.42316748152,0.0,50.272469588471424,0.0,0.0,0.0,False,False,False
main,saa_n20,saa,2025-01-01,52,True,True,20,,,0.7,20.0,optimal_decomposed,77.53422219999993,77.53340650000018,0.0,1,3,15856.414822561863,128.2972535128659,15984.71207607473,16401.598011965118,16529.895265477982,203553.4774667486,0.002246542769885701,56.43280819850263,0.0,0.0,0.0,False,False,False
main,saa_n20,saa,2025-01-01,53,True,True,20,,,0.7,20.0,optimal_decomposed,77.53422219999993,77.53340650000018,0.0,1,3,15856.414822561863,128.2972535128659,15984.71207607473,16321.79209465086,16450.089348163725,203192.165678422,0.0,43.73076833102953,0.0,0.0,0.0,False,False,False
main,saa_n20,saa,2025-01-01,54,True,True,20,,,0.7,20.0,optimal_decomposed,77.53422219999993,77.53340650000018,0.0,1,3,15856.414822561863,128.2972535128659,15984.71207607473,16367.261331946334,16495.5585854592,202978.04790369133,0.0,43.57204991888914,0.0,0.0,0.0,False,False,False
main,saa_n20,saa,2025-01-01,55,True,True,20,,,0.7,20.0,optimal_decomposed,77.53422219999993,77.53340650000018,0.0,1,3,15856.414822561863,128.2972535128659,15984.71207607473,16390.070215009375,16518.36746852224,203249.0065581605,0.0,53.31686086693986,0.0,0.0,0.0,False,False,False
main,saa_n20,saa,2025-01-01,56,True,True,20,,,0.7,20.0,optimal_decomposed,77.53422219999993,77.53340650000018,0.0,1,3,15856.414822561863,128.2972535128659,15984.71207607473,16527.42089389468,16655.718147407544,203749.88196088094,0.0,38.080262539770715,0.0,0.0,0.0,False,False,False
main,saa_n20,saa,2025-01-01,57,True,True,20,,,0.7,20.0,optimal_decomposed,77.53422219999993,77.53340650000018,0.0,1,3,15856.414822561863,128.2972535128659,15984.71207607473,16436.295027706128,16564.592281218993,203527.19214141337,0.0,48.25870418590257,0.0,0.0,0.0,False,False,False
main,saa_n20,saa,2025-01-01,58,True,True,20,,,0.7,20.0,optimal_decomposed,77.53422219999993,77.53340650000018,0.0,1,3,15856.414822561863,128.2972535128659,15984.71207607473,16342.596737105045,16470.89399061791,203559.2420030355,0.0015071873966173155,55.92046159860311,0.0,0.0,0.0,False,False,False
main,saa_n20,saa,2025-01-01,59,True,True,20,,,0.7,20.0,optimal_decomposed,77.53422219999993,77.53340650000018,0.0,1,3,15856.414822561863,128.2972535128659,15984.71207607473,16342.579628970707,16470.87688248357,203442.82534801154,0.0,50.9228094977382,0.0,0.0,0.0,False,False,False
main,saa_n20,saa,2025-01-01,60,True,True,20,,,0.7,20.0,optimal_decomposed,77.53422219999993,77.53340650000018,0.0,1,3,15856.414822561863,128.2972535128659,15984.71207607473,16388.494123203658,16516.791376716523,202951.02246920395,0.0035562831890298963,50.93244707048923,0.0,0.0,0.0,False,False,False
main,saa_n20,saa,2025-01-01,61,True,True,20,,,0.7,20.0,optimal_decomposed,77.53422219999993,77.53340650000018,0.0,1,3,15856.414822561863,128.2972535128659,15984.71207607473,16448.002174345696,16576.29942785856,203137.3950212931,0.0,39.090188556687735,0.0,0.0,0.0,False,False,False
main,saa_n20,saa,2025-01-01,62,True,True,20,,,0.7,20.0,optimal_decomposed,77.53422219999993,77.53340650000018,0.0,1,3,15856.414822561863,128.2972535128659,15984.71207607473,16374.63635645174,16502.933609964606,203069.54239300592,0.0,54.004798058543095,0.0,0.0,0.0,False,False,False
main,saa_n20,saa,2025-01-01,63,True,True,20,,,0.7,20.0,optimal_decomposed,77.53422219999993,77.53340650000018,0.0,1,3,15856.414822561863,128.2972535128659,15984.71207607473,16338.854032830197,16467.15128634306,202912.18745677418,0.0,53.398348603811066,0.0,0.0,0.0,False,False,False
main,saa_n20,saa,2025-01-01,64,True,True,20,,,0.7,20.0,optimal_decomposed,77.53422219999993,77.53340650000018,0.0,1,3,15856.414822561863,128.2972535128659,15984.71207607473,16375.502702418293,16503.799955931157,203247.15866630813,0.0,46.159487852098714,0.0,0.0,0.0,False,False,False
main,saa_n20,saa,2025-01-01,65,True,True,20,,,0.7,20.0,optimal_decomposed,77.53422219999993,77.53340650000018,0.0,1,3,15856.414822561863,128.2972535128659,15984.71207607473,16328.00805450952,16456.305308022387,202889.5085606778,0.0,52.23759136685135,0.0,0.0,0.0,False,False,False
main,saa_n20,saa,2025-01-01,66,True,True,20,,,0.7,20.0,optimal_decomposed,77.53422219999993,77.53340650000018,0.0,1,3,15856.414822561863,128.2972535128659,15984.71207607473,16359.973600381478,16488.270853894344,203393.72895129374,0.0,56.23107437201866,0.0,0.0,0.0,False,False,False
main,saa_n20,saa,2025-01-01,67,True,True,20,,,0.7,20.0,optimal_decomposed,77.53422219999993,77.53340650000018,0.0,1,3,15856.414822561863,128.2972535128659,15984.71207607473,16413.94915359979,16542.246407112656,203488.56845894136,0.0,49.26387170118507,0.0,0.0,0.0,False,False,False
main,saa_n20,saa,2025-01-01,68,True,True,20,,,0.7,20.0,optimal_decomposed,77.53422219999993,77.53340650000018,0.0,1,3,15856.414822561863,128.2972535128659,15984.71207607473,16502.630935287867,16630.92818880073,203627.03815715353,0.0,52.02680213576645,0.0,0.0,0.0,False,False,False
main,saa_n20,saa,2025-01-01,69,True,True,20,,,0.7,20.0,optimal_decomposed,77.53422219999993,77.53340650000018,0.0,1,3,15856.414822561863,128.2972535128659,15984.71207607473,16399.81046148046,16528.107714993326,203406.0132735235,0.0,51.430660933440386,0.0,0.0,0.0,False,False,False
main,saa_n20,saa,2025-01-01,70,True,True,20,,,0.7,20.0,optimal_decomposed,77.53422219999993,77.53340650000018,0.0,1,3,15856.414822561863,128.2972535128659,15984.71207607473,16300.265326189541,16428.562579702408,202885.55235128786,0.0,53.33837325483737,0.0,0.0,0.0,False,False,False
main,saa_n20,saa,2025-01-01,71,True,True,20,,,0.7,20.0,optimal_decomposed,77.53422219999993,77.53340650000018,0.0,1,3,15856.414822561863,128.2972535128659,15984.71207607473,16355.43193511239,16483.729188625257,203508.2772572873,0.0,55.41007739438637,0.0,0.0,0.0,False,False,False
main,saa_n20,saa,2025-01-01,72,True,True,20,,,0.7,20.0,optimal_decomposed,77.53422219999993,77.53340650000018,0.0,1,3,15856.414822561863,128.2972535128659,15984.71207607473,16369.981763648557,16498.27901716142,202939.26692100274,0.0,56.18216091555666,0.0,0.0,0.0,False,False,False
main,saa_n20,saa,2025-01-01,73,True,True,20,,,0.7,20.0,optimal_decomposed,77.53422219999993,77.53340650000018,0.0,1,3,15856.414822561863,128.2972535128659,15984.71207607473,16412.469809494472,16540.767063007337,203139.92956651738,0.0,47.96453521305539,0.0,0.0,0.0,False,False,False
main,saa_n20,saa,2025-01-01,74,True,True,20,,,0.7,20.0,optimal_decomposed,77.53422219999993,77.53340650000018,0.0,1,3,15856.414822561863,128.2972535128659,15984.71207607473,16421.624998386527,16549.922251899392,203399.11193061093,0.0,49.498467695002596,0.0,0.0,0.0,False,False,False
main,saa_n20,saa,2025-01-01,75,True,True,20,,,0.7,20.0,optimal_decomposed,77.53422219999993,77.53340650000018,0.0,1,3,15856.414822561863,128.2972535128659,15984.71207607473,16404.44697798232,16532.744231495184,203966.3265477002,0.0022389641076697997,48.83777735002853,0.0,0.0,0.0,False,False,False
main,saa_n20,saa,2025-01-01,76,True,True,20,,,0.7,20.0,optimal_decomposed,77.53422219999993,77.53340650000018,0.0,1,3,15856.414822561863,128.2972535128659,15984.71207607473,16375.564273992364,16503.86152750523,202734.46491670064,0.0,50.295433209500885,0.0,0.0,0.0,False,False,False
main,saa_n20,saa,2025-01-01,77,True,True,20,,,0.7,20.0,optimal_decomposed,77.53422219999993,77.53340650000018,0.0,1,3,15856.414822561863,128.2972535128659,15984.71207607473,16368.214186091709,16496.511439604576,202971.09711765792,0.0,45.17630992032092,0.0,0.0,0.0,False,False,False
main,saa_n20,saa,2025-01-01,78,True,True,20,,,0.7,20.0,optimal_decomposed,77.53422219999993,77.53340650000018,0.0,1,3,15856.414822561863,128.2972535128659,15984.71207607473,16343.145126231335,16471.4423797442,202851.4957800259,0.0,49.667550781335805,0.0,0.0,0.0,False,False,False
main,saa_n20,saa,2025-01-01,79,True,True,20,,,0.7,20.0,optimal_decomposed,77.53422219999993,77.53340650000018,0.0,1,3,15856.414822561863,128.2972535128659,15984.71207607473,16431.13389360458,16559.431147117444,203494.48916648113,0.0,47.55689453699812,0.0,0.0,0.0,False,False,False
main,saa_n20,saa,2025-01-01,80,True,True,20,,,0.7,20.0,optimal_decomposed,77.53422219999993,77.53340650000018,0.0,1,3,15856.414822561863,128.2972535128659,15984.71207607473,16366.929730838827,16495.22698435169,203638.51960071395,0.0,46.50359869080202,0.0,0.0,0.0,False,False,False
main,saa_n20,saa,2025-01-01,81,True,True,20,,,0.7,20.0,optimal_decomposed,77.53422219999993,77.53340650000018,0.0,1,3,15856.414822561863,128.2972535128659,15984.71207607473,16435.897512752592,16564.194766265457,203644.99964165804,0.0,56.225752019720474,0.0,0.0,0.0,False,False,False
main,saa_n20,saa,2025-01-01,82,True,True,20,,,0.7,20.0,optimal_decomposed,77.53422219999993,77.53340650000018,0.0,1,3,15856.414822561863,128.2972535128659,15984.71207607473,16402.279266992005,16530.57652050487,203141.87857286682,0.0,40.17815092420632,0.0,0.0,0.0,False,False,False
main,saa_n20,saa,2025-01-01,83,True,True,20,,,0.7,20.0,optimal_decomposed,77.53422219999993,77.53340650000018,0.0,1,3,15856.414822561863,128.2972535128659,15984.71207607473,16444.33325386488,16572.630507377744,202917.7041140499,0.0,43.76855372376189,0.0,0.0,0.0,False,False,False
main,saa_n20,saa,2025-01-01,84,True,True,20,,,0.7,20.0,optimal_decomposed,77.53422219999993,77.53340650000018,0.0,1,3,15856.414822561863,128.2972535128659,15984.71207607473,16334.309379234912,16462.60663274778,203058.35121477072,0.0,42.11411019222267,0.0,0.0,0.0,False,False,False
main,saa_n20,saa,2025-01-01,85,True,True,20,,,0.7,20.0,optimal_decomposed,77.53422219999993,77.53340650000018,0.0,1,3,15856.414822561863,128.2972535128659,15984.71207607473,16369.817726871917,16498.114980384784,202937.13559408448,0.0,52.900725596554395,0.0,0.0,0.0,False,False,False
main,saa_n20,saa,2025-01-01,86,True,True,20,,,0.7,20.0,optimal_decomposed,77.53422219999993,77.53340650000018,0.0,1,3,15856.414822561863,128.2972535128659,15984.71207607473,16421.895575225943,16550.192828738807,203698.07231615376,0.0,46.083239564015926,0.0,0.0,0.0,False,False,False
main,saa_n20,saa,2025-01-01,87,True,True,20,,,0.7,20.0,optimal_decomposed,77.53422219999993,77.53340650000018,0.0,1,3,15856.414822561863,128.2972535128659,15984.71207607473,16471.5183185683,16599.815572081166,203326.86452957673,0.0,49.27372207236215,0.0,0.0,0.0,False,False,False
main,saa_n20,saa,2025-01-01,88,True,True,20,,,0.7,20.0,optimal_decomposed,77.53422219999993,77.53340650000018,0.0,1,3,15856.414822561863,128.2972535128659,15984.71207607473,16478.53044162184,16606.827695134703,204001.9246539648,0.0,55.2916188329332,0.0,0.0,0.0,False,False,False
main,saa_n20,saa,2025-01-01,89,True,True,20,,,0.7,20.0,optimal_decomposed,77.53422219999993,77.53340650000018,0.0,1,3,15856.414822561863,128.2972535128659,15984.71207607473,16469.891105343446,16598.18835885631,202968.3638059796,0.0,47.584208661725775,0.0,0.0,0.0,False,False,False
main,saa_n20,saa,2025-01-01,90,True,True,20,,,0.7,20.0,optimal_decomposed,77.53422219999993,77.53340650000018,0.0,1,3,15856.414822561863,128.2972535128659,15984.71207607473,16394.86582589364,16523.163079406506,203344.1205249932,0.0,52.86417844834558,0.0,0.0,0.0,False,False,False
main,saa_n20,saa,2025-01-01,91,True,True,20,,,0.7,20.0,optimal_decomposed,77.53422219999993,77.53340650000018,0.0,1,3,15856.414822561863,128.2972535128659,15984.71207607473,16497.25100457349,16625.548258086354,203700.41466145404,0.0,47.66835197612276,0.0,0.0,0.0,False,False,False
main,saa_n20,saa,2025-01-01,92,True,True,20,,,0.7,20.0,optimal_decomposed,77.53422219999993,77.53340650000018,0.0,1,3,15856.414822561863,128.2972535128659,15984.71207607473,16378.489660249958,16506.786913762822,203141.95569901812,0.0,40.60111797291947,0.0,0.0,0.0,False,False,False
main,saa_n20,saa,2025-01-01,93,True,True,20,,,0.7,20.0,optimal_decomposed,77.53422219999993,77.53340650000018,0.0,1,3,15856.414822561863,128.2972535128659,15984.71207607473,16454.397326977614,16582.69458049048,203749.01873288435,0.0,52.04986281670409,0.0,0.0,0.0,False,False,False
main,saa_n20,saa,2025-01-01,94,True,True,20,,,0.7,20.0,optimal_decomposed,77.53422219999993,77.53340650000018,0.0,1,3,15856.414822561863,128.2972535128659,15984.71207607473,16315.254938507213,16443.552192020077,202355.7053546185,0.0,47.198630121447344,0.0,0.0,0.0,False,False,False
main,saa_n20,saa,2025-01-01,95,True,True,20,,,0.7,20.0,optimal_decomposed,77.53422219999993,77.53340650000018,0.0,1,3,15856.414822561863,128.2972535128659,15984.71207607473,16297.129290709463,16425.42654422233,202846.47636627202,0.001584687265900414,49.936362534188824,0.0,0.0,0.0,False,False,False
main,saa_n20,saa,2025-01-01,96,True,True,20,,,0.7,20.0,optimal_decomposed,77.53422219999993,77.53340650000018,0.0,1,3,15856.414822561863,128.2972535128659,15984.71207607473,16355.509557549085,16483.80681106195,202986.9827442059,0.00526421513628364,46.97591727920314,0.0,0.0,0.0,False,False,False
main,saa_n20,saa,2025-01-01,97,True,True,20,,,0.7,20.0,optimal_decomposed,77.53422219999993,77.53340650000018,0.0,1,3,15856.414822561863,128.2972535128659,15984.71207607473,16378.394698556898,16506.691952069763,202832.96568758917,0.0,50.2151031159023,0.0,0.0,0.0,False,False,False
main,saa_n20,saa,2025-01-01,98,True,True,20,,,0.7,20.0,optimal_decomposed,77.53422219999993,77.53340650000018,0.0,1,3,15856.414822561863,128.2972535128659,15984.71207607473,16423.417211350272,16551.714464863137,203562.19605936995,0.0024235064370427273,41.81887287525253,0.0,0.0,0.0,False,False,False
main,saa_n20,saa,2025-01-01,99,True,True,20,,,0.7,20.0,optimal_decomposed,77.53422219999993,77.53340650000018,0.0,1,3,15856.414822561863,128.2972535128659,15984.71207607473,16447.47072460524,16575.767978118103,203606.1229537073,0.0,51.20110238713776,0.0,0.0,0.0,False,False,False
main,saa_n20,saa,2025-04-01,0,True,True,20,,,0.7,20.0,optimal_decomposed,74.94272839999985,74.94199019999996,0.0,1,3,15817.668878703045,392.46609159444256,16210.134970297488,16169.923817223003,16562.389908817448,125710.56225439337,0.03480989606794027,51.31127057193673,0.0,0.0,0.0,False,False,False
main,saa_n20,saa,2025-04-01,1,True,True,20,,,0.7,20.0,optimal_decomposed,74.94272839999985,74.94199019999996,0.0,1,3,15817.668878703045,392.46609159444256,16210.134970297488,16070.273328546673,16462.739420141115,124902.62261292449,0.0502399751626284,59.94439931115724,0.0,0.0,0.0,False,False,False
main,saa_n20,saa,2025-04-01,2,True,True,20,,,0.7,20.0,optimal_decomposed,74.94272839999985,74.94199019999996,0.0,1,3,15817.668878703045,392.46609159444256,16210.134970297488,16043.20812272945,16435.67421432389,125701.86822495492,0.03081128980308792,47.52627406407529,0.0,0.0,0.0,False,False,False
main,saa_n20,saa,2025-04-01,3,True,True,20,,,0.7,20.0,optimal_decomposed,74.94272839999985,74.94199019999996,0.0,1,3,15817.668878703045,392.46609159444256,16210.134970297488,16146.390340354528,16538.85643194897,125891.77916579679,0.049032675855529395,54.049063388027925,0.0,0.0,0.0,False,False,False
main,saa_n20,saa,2025-04-01,4,True,True,20,,,0.7,20.0,optimal_decomposed,74.94272839999985,74.94199019999996,0.0,1,3,15817.668878703045,392.46609159444256,16210.134970297488,16070.817547358116,16463.28363895256,126022.52639375847,0.0,49.816656721293306,0.0,0.0,0.0,False,False,False
main,saa_n20,saa,2025-04-01,5,True,True,20,,,0.7,20.0,optimal_decomposed,74.94272839999985,74.94199019999996,0.0,1,3,15817.668878703045,392.46609159444256,16210.134970297488,16125.531307028075,16517.99739862252,125790.99334614642,0.05329585542222759,54.70950631903459,0.0,0.0,0.0,False,False,False
main,saa_n20,saa,2025-04-01,6,True,True,20,,,0.7,20.0,optimal_decomposed,74.94272839999985,74.94199019999996,0.0,1,3,15817.668878703045,392.46609159444256,16210.134970297488,16116.7783907045,16509.244482298942,125810.05220210098,0.0,48.9565716391055,0.0,0.0,0.0,False,False,False
main,saa_n20,saa,2025-04-01,7,True,True,20,,,0.7,20.0,optimal_decomposed,74.94272839999985,74.94199019999996,0.0,1,3,15817.668878703045,392.46609159444256,16210.134970297488,16063.010690492722,16455.476782087164,125675.18254132743,0.07055692189988907,50.0940337968098,0.0,0.0,0.0,False,False,False
main,saa_n20,saa,2025-04-01,8,True,True,20,,,0.7,20.0,optimal_decomposed,74.94272839999985,74.94199019999996,0.0,1,3,15817.668878703045,392.46609159444256,16210.134970297488,16047.696850177901,16440.162941772345,125425.87161173573,0.1414306212167688,53.03666672166769,0.0,0.0,0.0,False,False,False
main,saa_n20,saa,2025-04-01,9,True,True,20,,,0.7,20.0,optimal_decomposed,74.94272839999985,74.94199019999996,0.0,1,3,15817.668878703045,392.46609159444256,16210.134970297488,16001.300288269273,16393.766379863715,125196.23697510608,0.03177253280762338,55.411361196752026,0.0,0.0,0.0,False,False,False
main,saa_n20,saa,2025-04-01,10,True,True,20,,,0.7,20.0,optimal_decomposed,74.94272839999985,74.94199019999996,0.0,1,3,15817.668878703045,392.46609159444256,16210.134970297488,16124.19648516425,16516.662576758692,126006.97340146248,0.0,48.17976571257713,0.0,0.0,0.0,False,False,False
main,saa_n20,saa,2025-04-01,11,True,True,20,,,0.7,20.0,optimal_decomposed,74.94272839999985,74.94199019999996,0.0,1,3,15817.668878703045,392.46609159444256,16210.134970297488,16090.748159431942,16483.214251026384,125879.36538256923,0.04413684659910849,43.597618645353165,0.0,0.0,0.0,False,False,False
main,saa_n20,saa,2025-04-01,12,True,True,20,,,0.7,20.0,optimal_decomposed,74.94272839999985,74.94199019999996,0.0,1,3,15817.668878703045,392.46609159444256,16210.134970297488,16171.445767800464,16563.911859394906,125774.7794872558,0.048614859257706006,42.64972302663337,0.0,0.0,0.0,False,False,False
main,saa_n20,saa,2025-04-01,13,True,True,20,,,0.7,20.0,optimal_decomposed,74.94272839999985,74.94199019999996,0.0,1,3,15817.668878703045,392.46609159444256,16210.134970297488,16131.947563792608,16524.413655387052,125675.69963532133,0.050842872297141156,54.37862033545472,0.0,0.0,0.0,False,False,False
main,saa_n20,saa,2025-04-01,14,True,True,20,,,0.7,20.0,optimal_decomposed,74.94272839999985,74.94199019999996,0.0,1,3,15817.668878703045,392.46609159444256,16210.134970297488,16047.032257448254,16439.498349042697,125725.49405037178,0.0,53.40147073150168,0.0,0.0,0.0,False,False,False
main,saa_n20,saa,2025-04-01,15,True,True,20,,,0.7,20.0,optimal_decomposed,74.94272839999985,74.94199019999996,0.0,1,3,15817.668878703045,392.46609159444256,16210.134970297488,16182.367496480974,16574.833588075417,125828.27748930927,0.1583144363881228,50.11495228724599,0.0,0.0,0.0,False,False,False
main,saa_n20,saa,2025-04-01,16,True,True,20,,,0.7,20.0,optimal_decomposed,74.94272839999985,74.94199019999996,0.0,1,3,15817.668878703045,392.46609159444256,16210.134970297488,16032.700160592529,16425.166252186973,125922.29246359723,0.06703103316098138,44.20275279576748,0.0,0.0,0.0,False,False,False
main,saa_n20,saa,2025-04-01,17,True,True,20,,,0.7,20.0,optimal_decomposed,74.94272839999985,74.94199019999996,0.0,1,3,15817.668878703045,392.46609159444256,16210.134970297488,16135.688692504122,16528.154784098566,126089.76066778596,0.06122967182871902,59.330052596092,0.0,0.0,0.0,False,False,False
main,saa_n20,saa,2025-04-01,18,True,True,20,,,0.7,20.0,optimal_decomposed,74.94272839999985,74.94199019999996,0.0,1,3,15817.668878703045,392.46609159444256,16210.134970297488,16017.056252865936,16409.52234446038,125373.10913020426,0.0,54.916599599330226,0.0,0.0,0.0,False,False,False
main,saa_n20,saa,2025-04-01,19,True,True,20,,,0.7,20.0,optimal_decomposed,74.94272839999985,74.94199019999996,0.0,1,3,15817.668878703045,392.46609159444256,16210.134970297488,16211.453877474796,16603.91996906924,125795.08060298703,0.04280912911333545,49.21525885838296,0.0,0.0,0.0,False,False,False
main,saa_n20,saa,2025-04-01,20,True,True,20,,,0.7,20.0,optimal_decomposed,74.94272839999985,74.94199019999996,0.0,1,3,15817.668878703045,392.46609159444256,16210.134970297488,16125.312434297512,16517.778525891954,126181.9397438924,0.06248129361568763,45.762748379976586,0.0,0.0,0.0,False,False,False
main,saa_n20,saa,2025-04-01,21,True,True,20,,,0.7,20.0,optimal_decomposed,74.94272839999985,74.94199019999996,0.0,1,3,15817.668878703045,392.46609159444256,16210.134970297488,16153.12442076905,16545.590512363495,126041.61888894057,0.0668613470993959,50.23800246094428,0.0,0.0,0.0,False,False,False
main,saa_n20,saa,2025-04-01,22,True,True,20,,,0.7,20.0,optimal_decomposed,74.94272839999985,74.94199019999996,0.0,1,3,15817.668878703045,392.46609159444256,16210.134970297488,16097.688506845903,16490.154598440346,125970.96762504973,0.13291164283778362,50.81796003857133,0.0,0.0,0.0,False,False,False
main,saa_n20,saa,2025-04-01,23,True,True,20,,,0.7,20.0,optimal_decomposed,74.94272839999985,74.94199019999996,0.0,1,3,15817.668878703045,392.46609159444256,16210.134970297488,16038.555681089016,16431.02177268346,125243.02645087735,0.038245426260326953,50.31206949555564,0.0,0.0,0.0,False,False,False
main,saa_n20,saa,2025-04-01,24,True,True,20,,,0.7,20.0,optimal_decomposed,74.94272839999985,74.94199019999996,0.0,1,3,15817.668878703045,392.46609159444256,16210.134970297488,16035.50428469348,16427.97037628792,125209.66774747202,0.1061787049709966,55.63580518438842,0.0,0.0,0.0,False,False,False
main,saa_n20,saa,2025-04-01,25,True,True,20,,,0.7,20.0,optimal_decomposed,74.94272839999985,74.94199019999996,0.0,1,3,15817.668878703045,392.46609159444256,16210.134970297488,16145.143359887561,16537.609451482003,126156.91315591881,0.04442587015835878,46.63555801590967,0.0,0.0,0.0,False,False,False
main,saa_n20,saa,2025-04-01,26,True,True,20,,,0.7,20.0,optimal_decomposed,74.94272839999985,74.94199019999996,0.0,1,3,15817.668878703045,392.46609159444256,16210.134970297488,16091.698304884918,16484.164396479362,125567.1523637679,0.04963938624536171,57.93474223444322,0.0,0.0,0.0,False,False,False
main,saa_n20,saa,2025-04-01,27,True,True,20,,,0.7,20.0,optimal_decomposed,74.94272839999985,74.94199019999996,0.0,1,3,15817.668878703045,392.46609159444256,16210.134970297488,16087.888975920358,16480.3550675148,125746.14437550252,0.04061427104065879,55.69065484117962,0.0,0.0,0.0,False,False,False
main,saa_n20,saa,2025-04-01,28,True,True,20,,,0.7,20.0,optimal_decomposed,74.94272839999985,74.94199019999996,0.0,1,3,15817.668878703045,392.46609159444256,16210.134970297488,16113.15628349412,16505.622375088562,125919.95094247248,0.04048419393041772,43.84324319707557,0.0,0.0,0.0,False,False,False
main,saa_n20,saa,2025-04-01,29,True,True,20,,,0.7,20.0,optimal_decomposed,74.94272839999985,74.94199019999996,0.0,1,3,15817.668878703045,392.46609159444256,16210.134970297488,16164.297658034497,16556.76374962894,125933.54624278774,0.03797463778156682,40.78825936406437,0.0,0.0,0.0,False,False,False
main,saa_n20,saa,2025-04-01,30,True,True,20,,,0.7,20.0,optimal_decomposed,74.94272839999985,74.94199019999996,0.0,1,3,15817.668878703045,392.46609159444256,16210.134970297488,16037.933498508648,16430.39959010309,125618.17273943099,0.0,46.00047539831547,0.0,0.0,0.0,False,False,False
main,saa_n20,saa,2025-04-01,31,True,True,20,,,0.7,20.0,optimal_decomposed,74.94272839999985,74.94199019999996,0.0,1,3,15817.668878703045,392.46609159444256,16210.134970297488,16134.663681609269,16527.129773203713,126100.88728685142,0.043472933730159063,45.49704097333953,0.0,0.0,0.0,False,False,False
main,saa_n20,saa,2025-04-01,32,True,True,20,,,0.7,20.0,optimal_decomposed,74.94272839999985,74.94199019999996,0.0,1,3,15817.668878703045,392.46609159444256,16210.134970297488,16020.316761915195,16412.782853509638,125791.74930954979,0.0,48.482429221882825,0.0,0.0,0.0,False,False,False
main,saa_n20,saa,2025-04-01,33,True,True,20,,,0.7,20.0,optimal_decomposed,74.94272839999985,74.94199019999996,0.0,1,3,15817.668878703045,392.46609159444256,16210.134970297488,16051.544919802902,16444.011011397346,124772.58667637226,0.22887214379668494,62.82758813486589,0.0,0.0,0.0,False,False,False
main,saa_n20,saa,2025-04-01,34,True,True,20,,,0.7,20.0,optimal_decomposed,74.94272839999985,74.94199019999996,0.0,1,3,15817.668878703045,392.46609159444256,16210.134970297488,16147.818372768972,16540.284464363416,125400.10198004762,0.04365017821716538,53.93069629494939,0.0,0.0,0.0,False,False,False
main,saa_n20,saa,2025-04-01,35,True,True,20,,,0.7,20.0,optimal_decomposed,74.94272839999985,74.94199019999996,0.0,1,3,15817.668878703045,392.46609159444256,16210.134970297488,16100.055384144209,16492.521475738653,125839.47855567707,0.23992571322659456,55.43475605503818,0.0,0.0,0.0,False,False,False
main,saa_n20,saa,2025-04-01,36,True,True,20,,,0.7,20.0,optimal_decomposed,74.94272839999985,74.94199019999996,0.0,1,3,15817.668878703045,392.46609159444256,16210.134970297488,16090.147656853587,16482.61374844803,125475.10750406249,0.07574827004654056,59.33245494788539,0.0,0.0,0.0,False,False,False
main,saa_n20,saa,2025-04-01,37,True,True,20,,,0.7,20.0,optimal_decomposed,74.94272839999985,74.94199019999996,0.0,1,3,15817.668878703045,392.46609159444256,16210.134970297488,16142.273882953368,16534.73997454781,126012.54891653394,0.049307923167693446,45.0085195489585,0.0,0.0,0.0,False,False,False
main,saa_n20,saa,2025-04-01,38,True,True,20,,,0.7,20.0,optimal_decomposed,74.94272839999985,74.94199019999996,0.0,1,3,15817.668878703045,392.46609159444256,16210.134970297488,16078.733209652239,16471.19930124668,125729.93516962335,0.03588598184544045,48.89049237618398,0.0,0.0,0.0,False,False,False
main,saa_n20,saa,2025-04-01,39,True,True,20,,,0.7,20.0,optimal_decomposed,74.94272839999985,74.94199019999996,0.0,1,3,15817.668878703045,392.46609159444256,16210.134970297488,16167.896042174481,16560.362133768926,125966.98028915035,0.03511455440963307,44.905014529421415,0.0,0.0,0.0,False,False,False
main,saa_n20,saa,2025-04-01,40,True,True,20,,,0.7,20.0,optimal_decomposed,74.94272839999985,74.94199019999996,0.0,1,3,15817.668878703045,392.46609159444256,16210.134970297488,16062.037405236415,16454.503496830857,125564.63825703527,0.03602077869720577,44.92893503526964,0.0,0.0,0.0,False,False,False
main,saa_n20,saa,2025-04-01,41,True,True,20,,,0.7,20.0,optimal_decomposed,74.94272839999985,74.94199019999996,0.0,1,3,15817.668878703045,392.46609159444256,16210.134970297488,16136.987980983484,16529.454072577926,125982.40331506313,0.03680710345444671,41.116746336282716,0.0,0.0,0.0,False,False,False
main,saa_n20,saa,2025-04-01,42,True,True,20,,,0.7,20.0,optimal_decomposed,74.94272839999985,74.94199019999996,0.0,1,3,15817.668878703045,392.46609159444256,16210.134970297488,16055.456936749042,16447.923028343484,125549.8979381636,0.13045313406568676,56.80974594383827,0.0,0.0,0.0,False,False,False
main,saa_n20,saa,2025-04-01,43,True,True,20,,,0.7,20.0,optimal_decomposed,74.94272839999985,74.94199019999996,0.0,1,3,15817.668878703045,392.46609159444256,16210.134970297488,16065.395050144925,16457.86114173937,125967.30632189079,0.02706298234812962,53.35376305106875,0.0,0.0,0.0,False,False,False
main,saa_n20,saa,2025-04-01,44,True,True,20,,,0.7,20.0,optimal_decomposed,74.94272839999985,74.94199019999996,0.0,1,3,15817.668878703045,392.46609159444256,16210.134970297488,16096.566066765787,16489.03215836023,125788.17217151604,0.04672917918603592,53.06316902554287,0.0,0.0,0.0,False,False,False
main,saa_n20,saa,2025-04-01,45,True,True,20,,,0.7,20.0,optimal_decomposed,74.94272839999985,74.94199019999996,0.0,1,3,15817.668878703045,392.46609159444256,16210.134970297488,16092.550037057692,16485.016128652136,125743.14602294128,0.03493666851720453,52.849243911742626,0.0,0.0,0.0,False,False,False
main,saa_n20,saa,2025-04-01,46,True,True,20,,,0.7,20.0,optimal_decomposed,74.94272839999985,74.94199019999996,0.0,1,3,15817.668878703045,392.46609159444256,16210.134970297488,16153.066946892244,16545.533038486687,125808.38936974732,0.047516756965904766,51.34738679895557,0.0,0.0,0.0,False,False,False
main,saa_n20,saa,2025-04-01,47,True,True,20,,,0.7,20.0,optimal_decomposed,74.94272839999985,74.94199019999996,0.0,1,3,15817.668878703045,392.46609159444256,16210.134970297488,16118.26966367178,16510.73575526622,125708.18069402328,0.1460126091265812,51.949008632798964,0.0,0.0,0.0,False,False,False
main,saa_n20,saa,2025-04-01,48,True,True,20,,,0.7,20.0,optimal_decomposed,74.94272839999985,74.94199019999996,0.0,1,3,15817.668878703045,392.46609159444256,16210.134970297488,16022.4981838278,16414.964275422244,125552.20229045558,0.0,47.23720834918269,0.0,0.0,0.0,False,False,False
main,saa_n20,saa,2025-04-01,49,True,True,20,,,0.7,20.0,optimal_decomposed,74.94272839999985,74.94199019999996,0.0,1,3,15817.668878703045,392.46609159444256,16210.134970297488,16106.849922533642,16499.316014128086,125516.88796541683,0.04935809000444066,58.33873056989412,0.0,0.0,0.0,False,False,False
main,saa_n20,saa,2025-04-01,50,True,True,20,,,0.7,20.0,optimal_decomposed,74.94272839999985,74.94199019999996,0.0,1,3,15817.668878703045,392.46609159444256,16210.134970297488,16012.529141504685,16404.99523309913,125860.72595377042,0.048212349457299436,54.45723872887966,0.0,0.0,0.0,False,False,False
main,saa_n20,saa,2025-04-01,51,True,True,20,,,0.7,20.0,optimal_decomposed,74.94272839999985,74.94199019999996,0.0,1,3,15817.668878703045,392.46609159444256,16210.134970297488,16118.020014546197,16510.48610614064,125585.03497923772,0.04040411921062731,52.1727901765722,0.0,0.0,0.0,False,False,False
main,saa_n20,saa,2025-04-01,52,True,True,20,,,0.7,20.0,optimal_decomposed,74.94272839999985,74.94199019999996,0.0,1,3,15817.668878703045,392.46609159444256,16210.134970297488,16108.793712887062,16501.259804481506,125535.75321722696,0.06681994970798713,54.996278072673185,0.0,0.0,0.0,False,False,False
main,saa_n20,saa,2025-04-01,53,True,True,20,,,0.7,20.0,optimal_decomposed,74.94272839999985,74.94199019999996,0.0,1,3,15817.668878703045,392.46609159444256,16210.134970297488,16102.330929697495,16494.79702129194,125984.73347662015,0.0,45.43924177418584,0.0,0.0,0.0,False,False,False
main,saa_n20,saa,2025-04-01,54,True,True,20,,,0.7,20.0,optimal_decomposed,74.94272839999985,74.94199019999996,0.0,1,3,15817.668878703045,392.46609159444256,16210.134970297488,16042.9931068321,16435.459198426543,125692.84884211344,0.030173843453097093,45.893974616278506,0.0,0.0,0.0,False,False,False
main,saa_n20,saa,2025-04-01,55,True,True,20,,,0.7,20.0,optimal_decomposed,74.94272839999985,74.94199019999996,0.0,1,3,15817.668878703045,392.46609159444256,16210.134970297488,16017.107318735469,16409.57341032991,125803.43936471012,0.0,54.103402416919096,0.0,0.0,0.0,False,False,False
main,saa_n20,saa,2025-04-01,56,True,True,20,,,0.7,20.0,optimal_decomposed,74.94272839999985,74.94199019999996,0.0,1,3,15817.668878703045,392.46609159444256,16210.134970297488,16045.22247869987,16437.688570294315,125755.03598054207,0.04706240334201431,40.493899475369865,0.0,0.0,0.0,False,False,False
main,saa_n20,saa,2025-04-01,57,True,True,20,,,0.7,20.0,optimal_decomposed,74.94272839999985,74.94199019999996,0.0,1,3,15817.668878703045,392.46609159444256,16210.134970297488,16080.953942334127,16473.42003392857,125348.84278161633,0.03286298899544446,50.98922675720657,0.0,0.0,0.0,False,False,False
main,saa_n20,saa,2025-04-01,58,True,True,20,,,0.7,20.0,optimal_decomposed,74.94272839999985,74.94199019999996,0.0,1,3,15817.668878703045,392.46609159444256,16210.134970297488,16150.06120915877,16542.527300753212,125855.11074187895,0.06608059433471875,55.91991012466968,0.0,0.0,0.0,False,False,False
main,saa_n20,saa,2025-04-01,59,True,True,20,,,0.7,20.0,optimal_decomposed,74.94272839999985,74.94199019999996,0.0,1,3,15817.668878703045,392.46609159444256,16210.134970297488,16063.442480328775,16455.908571923217,125528.94943533969,0.04336046823234088,52.06243003266489,0.0,0.0,0.0,False,False,False
main,saa_n20,saa,2025-04-01,60,True,True,20,,,0.7,20.0,optimal_decomposed,74.94272839999985,74.94199019999996,0.0,1,3,15817.668878703045,392.46609159444256,16210.134970297488,16016.058248925889,16408.524340520333,125719.3965160041,0.06812969012713133,51.699420153874776,0.0,0.0,0.0,False,False,False
main,saa_n20,saa,2025-04-01,61,True,True,20,,,0.7,20.0,optimal_decomposed,74.94272839999985,74.94199019999996,0.0,1,3,15817.668878703045,392.46609159444256,16210.134970297488,16053.460180950024,16445.926272544468,125827.28779973318,0.06737623804525175,45.040422430581934,0.0,0.0,0.0,False,False,False
main,saa_n20,saa,2025-04-01,62,True,True,20,,,0.7,20.0,optimal_decomposed,74.94272839999985,74.94199019999996,0.0,1,3,15817.668878703045,392.46609159444256,16210.134970297488,16147.96016172682,16540.426253321264,125923.05515166698,0.04593087233652604,54.18838521966938,0.0,0.0,0.0,False,False,False
main,saa_n20,saa,2025-04-01,63,True,True,20,,,0.7,20.0,optimal_decomposed,74.94272839999985,74.94199019999996,0.0,1,3,15817.668878703045,392.46609159444256,16210.134970297488,16204.312810777243,16596.778902371687,125756.76377724274,0.1861426578482184,58.68776164012245,0.0,0.0,0.0,False,False,False
main,saa_n20,saa,2025-04-01,64,True,True,20,,,0.7,20.0,optimal_decomposed,74.94272839999985,74.94199019999996,0.0,1,3,15817.668878703045,392.46609159444256,16210.134970297488,16046.559081183508,16439.02517277795,125886.00062916958,0.0,48.70698865520095,0.0,0.0,0.0,False,False,False
main,saa_n20,saa,2025-04-01,65,True,True,20,,,0.7,20.0,optimal_decomposed,74.94272839999985,74.94199019999996,0.0,1,3,15817.668878703045,392.46609159444256,16210.134970297488,16166.921839984612,16559.387931579055,126072.16863055518,0.0,54.37122607423727,0.0,0.0,0.0,False,False,False
main,saa_n20,saa,2025-04-01,66,True,True,20,,,0.7,20.0,optimal_decomposed,74.94272839999985,74.94199019999996,0.0,1,3,15817.668878703045,392.46609159444256,16210.134970297488,16055.834102320623,16448.300193915067,125604.62593721991,0.0,55.488151662062634,0.0,0.0,0.0,False,False,False
main,saa_n20,saa,2025-04-01,67,True,True,20,,,0.7,20.0,optimal_decomposed,74.94272839999985,74.94199019999996,0.0,1,3,15817.668878703045,392.46609159444256,16210.134970297488,16031.793293970144,16424.259385564586,125996.16928860944,0.026453651516796017,52.0803294182116,0.0,0.0,0.0,False,False,False
main,saa_n20,saa,2025-04-01,68,True,True,20,,,0.7,20.0,optimal_decomposed,74.94272839999985,74.94199019999996,0.0,1,3,15817.668878703045,392.46609159444256,16210.134970297488,15934.37160799915,16326.837699593592,125259.60194840339,0.0,53.057243079242845,0.0,0.0,0.0,False,False,False
main,saa_n20,saa,2025-04-01,69,True,True,20,,,0.7,20.0,optimal_decomposed,74.94272839999985,74.94199019999996,0.0,1,3,15817.668878703045,392.46609159444256,16210.134970297488,16112.766280969816,16505.23237256426,125715.00567554346,0.0,52.8023864585446,0.0,0.0,0.0,False,False,False
main,saa_n20,saa,2025-04-01,70,True,True,20,,,0.7,20.0,optimal_decomposed,74.94272839999985,74.94199019999996,0.0,1,3,15817.668878703045,392.46609159444256,16210.134970297488,16073.034276042905,16465.50036763735,125525.5292254494,0.03238592008722385,58.864344751786064,0.0,0.0,0.0,False,False,False
main,saa_n20,saa,2025-04-01,71,True,True,20,,,0.7,20.0,optimal_decomposed,74.94272839999985,74.94199019999996,0.0,1,3,15817.668878703045,392.46609159444256,16210.134970297488,16080.38361947911,16472.84971107355,125535.13392668584,0.0,54.464136306217625,0.0,0.0,0.0,False,False,False
main,saa_n20,saa,2025-04-01,72,True,True,20,,,0.7,20.0,optimal_decomposed,74.94272839999985,74.94199019999996,0.0,1,3,15817.668878703045,392.46609159444256,16210.134970297488,16068.122405858878,16460.588497453322,125280.02495176221,0.05084670901552024,54.94644715940311,0.0,0.0,0.0,False,False,False
main,saa_n20,saa,2025-04-01,73,True,True,20,,,0.7,20.0,optimal_decomposed,74.94272839999985,74.94199019999996,0.0,1,3,15817.668878703045,392.46609159444256,16210.134970297488,16013.69537714138,16406.161468735823,125388.59802547153,0.040516070244561664,49.57748277693339,0.0,0.0,0.0,False,False,False
main,saa_n20,saa,2025-04-01,74,True,True,20,,,0.7,20.0,optimal_decomposed,74.94272839999985,74.94199019999996,0.0,1,3,15817.668878703045,392.46609159444256,16210.134970297488,16020.025246338924,16412.491337933367,125251.6325075254,0.043850100937696534,50.403325217446664,0.0,0.0,0.0,False,False,False
main,saa_n20,saa,2025-04-01,75,True,True,20,,,0.7,20.0,optimal_decomposed,74.94272839999985,74.94199019999996,0.0,1,3,15817.668878703045,392.46609159444256,16210.134970297488,16077.363396465991,16469.829488060434,125992.50569398649,0.06681237104577123,47.67649270158226,0.0,0.0,0.0,False,False,False
main,saa_n20,saa,2025-04-01,76,True,True,20,,,0.7,20.0,optimal_decomposed,74.94272839999985,74.94199019999996,0.0,1,3,15817.668878703045,392.46609159444256,16210.134970297488,16064.925160389821,16457.391251984263,125520.58706770063,0.05024641645438685,51.40202513458504,0.0,0.0,0.0,False,False,False
main,saa_n20,saa,2025-04-01,77,True,True,20,,,0.7,20.0,optimal_decomposed,74.94272839999985,74.94199019999996,0.0,1,3,15817.668878703045,392.46609159444256,16210.134970297488,16090.007478187814,16482.473569782258,125475.35964370663,0.04273505140270423,46.057177509180065,0.0,0.0,0.0,False,False,False
main,saa_n20,saa,2025-04-01,78,True,True,20,,,0.7,20.0,optimal_decomposed,74.94272839999985,74.94199019999996,0.0,1,3,15817.668878703045,392.46609159444256,16210.134970297488,16092.388355598554,16484.854447192996,126063.83873425573,0.045042990567526586,53.096299274699696,0.0,0.0,0.0,False,False,False
main,saa_n20,saa,2025-04-01,79,True,True,20,,,0.7,20.0,optimal_decomposed,74.94272839999985,74.94199019999996,0.0,1,3,15817.668878703045,392.46609159444256,16210.134970297488,16144.594707901793,16537.060799496237,125734.2137907864,0.1758560084404761,47.85269843424119,0.0,0.0,0.0,False,False,False
main,saa_n20,saa,2025-04-01,80,True,True,20,,,0.7,20.0,optimal_decomposed,74.94272839999985,74.94199019999996,0.0,1,3,15817.668878703045,392.46609159444256,16210.134970297488,16113.895791576386,16506.36188317083,125749.4763771442,0.03521158829734039,46.2949832895631,0.0,0.0,0.0,False,False,False
main,saa_n20,saa,2025-04-01,81,True,True,20,,,0.7,20.0,optimal_decomposed,74.94272839999985,74.94199019999996,0.0,1,3,15817.668878703045,392.46609159444256,16210.134970297488,16082.010918085447,16474.47700967989,125373.36158897376,0.11549236005884897,56.281093149153236,0.0,0.0,0.0,False,False,False
main,saa_n20,saa,2025-04-01,82,True,True,20,,,0.7,20.0,optimal_decomposed,74.94272839999985,74.94199019999996,0.0,1,3,15817.668878703045,392.46609159444256,16210.134970297488,16119.228902990624,16511.69499458507,126119.62921865935,0.03488493258715378,45.746866748554844,0.0,0.0,0.0,False,False,False
main,saa_n20,saa,2025-04-01,83,True,True,20,,,0.7,20.0,optimal_decomposed,74.94272839999985,74.94199019999996,0.0,1,3,15817.668878703045,392.46609159444256,16210.134970297488,16075.518954858659,16467.9850464531,125351.05984012099,0.12929165556546607,45.48966506635931,0.0,0.0,0.0,False,False,False
main,saa_n20,saa,2025-04-01,84,True,True,20,,,0.7,20.0,optimal_decomposed,74.94272839999985,74.94199019999996,0.0,1,3,15817.668878703045,392.46609159444256,16210.134970297488,16065.037670481679,16457.50376207612,125668.67084665742,0.04395617543590133,44.71389346932261,0.0,0.0,0.0,False,False,False
main,saa_n20,saa,2025-04-01,85,True,True,20,,,0.7,20.0,optimal_decomposed,74.94272839999985,74.94199019999996,0.0,1,3,15817.668878703045,392.46609159444256,16210.134970297488,16102.09998051041,16494.56607210485,125630.86090530355,0.0,61.18629217101546,0.0,0.0,0.0,False,False,False
main,saa_n20,saa,2025-04-01,86,True,True,20,,,0.7,20.0,optimal_decomposed,74.94272839999985,74.94199019999996,0.0,1,3,15817.668878703045,392.46609159444256,16210.134970297488,16070.940504040116,16463.40659563456,125649.09822563895,0.0472989119297372,44.17894116929072,0.0,0.0,0.0,False,False,False
main,saa_n20,saa,2025-04-01,87,True,True,20,,,0.7,20.0,optimal_decomposed,74.94272839999985,74.94199019999996,0.0,1,3,15817.668878703045,392.46609159444256,16210.134970297488,16052.525725960722,16444.991817555165,125633.21845136536,0.07137969116449067,49.846951741513706,0.0,0.0,0.0,False,False,False
main,saa_n20,saa,2025-04-01,88,True,True,20,,,0.7,20.0,optimal_decomposed,74.94272839999985,74.94199019999996,0.0,1,3,15817.668878703045,392.46609159444256,16210.134970297488,16118.806698260052,16511.272789854494,125592.36192607119,0.0,57.54033727354202,0.0,0.0,0.0,False,False,False
main,saa_n20,saa,2025-04-01,89,True,True,20,,,0.7,20.0,optimal_decomposed,74.94272839999985,74.94199019999996,0.0,1,3,15817.668878703045,392.46609159444256,16210.134970297488,15994.433637316988,16386.89972891143,125336.40258796181,0.029287113083038052,49.34442845120154,0.0,0.0,0.0,False,False,False
main,saa_n20,saa,2025-04-01,90,True,True,20,,,0.7,20.0,optimal_decomposed,74.94272839999985,74.94199019999996,0.0,1,3,15817.668878703045,392.46609159444256,16210.134970297488,16044.637964911668,16437.104056506112,125249.72365015726,0.032516411369857445,58.60459936230467,0.0,0.0,0.0,False,False,False
main,saa_n20,saa,2025-04-01,91,True,True,20,,,0.7,20.0,optimal_decomposed,74.94272839999985,74.94199019999996,0.0,1,3,15817.668878703045,392.46609159444256,16210.134970297488,16093.295440168555,16485.761531762997,125789.37283340073,0.1473199173106673,54.089423687355335,0.0,0.0,0.0,False,False,False
main,saa_n20,saa,2025-04-01,92,True,True,20,,,0.7,20.0,optimal_decomposed,74.94272839999985,74.94199019999996,0.0,1,3,15817.668878703045,392.46609159444256,16210.134970297488,16100.636150067565,16493.102241662007,125666.90567296291,0.04253006767302339,42.69667928287613,0.0,0.0,0.0,False,False,False
main,saa_n20,saa,2025-04-01,93,True,True,20,,,0.7,20.0,optimal_decomposed,74.94272839999985,74.94199019999996,0.0,1,3,15817.668878703045,392.46609159444256,16210.134970297488,16097.41555386409,16489.881645458532,125496.13390990651,0.0,49.40950551719143,0.0,0.0,0.0,False,False,False
main,saa_n20,saa,2025-04-01,94,True,True,20,,,0.7,20.0,optimal_decomposed,74.94272839999985,74.94199019999996,0.0,1,3,15817.668878703045,392.46609159444256,16210.134970297488,16023.361563503104,16415.827655097546,125470.17134079794,0.17789347044664935,48.78620357991048,0.0,0.0,0.0,False,False,False
main,saa_n20,saa,2025-04-01,95,True,True,20,,,0.7,20.0,optimal_decomposed,74.94272839999985,74.94199019999996,0.0,1,3,15817.668878703045,392.46609159444256,16210.134970297488,16074.145146709996,16466.61123830444,126024.17217543453,0.06615809420400184,54.19398592500314,0.0,0.0,0.0,False,False,False
main,saa_n20,saa,2025-04-01,96,True,True,20,,,0.7,20.0,optimal_decomposed,74.94272839999985,74.94199019999996,0.0,1,3,15817.668878703045,392.46609159444256,16210.134970297488,16116.48342381212,16508.949515406563,126067.00895386317,0.06983762207438507,50.84715449032075,0.0,0.0,0.0,False,False,False
main,saa_n20,saa,2025-04-01,97,True,True,20,,,0.7,20.0,optimal_decomposed,74.94272839999985,74.94199019999996,0.0,1,3,15817.668878703045,392.46609159444256,16210.134970297488,16125.199007558798,16517.66509915324,126004.11869091835,0.0,51.1940885214598,0.0,0.0,0.0,False,False,False
main,saa_n20,saa,2025-04-01,98,True,True,20,,,0.7,20.0,optimal_decomposed,74.94272839999985,74.94199019999996,0.0,1,3,15817.668878703045,392.46609159444256,16210.134970297488,16022.574836309643,16415.040927904087,125876.93825916776,0.06699691337514416,43.427437015693286,0.0,0.0,0.0,False,False,False
main,saa_n20,saa,2025-04-01,99,True,True,20,,,0.7,20.0,optimal_decomposed,74.94272839999985,74.94199019999996,0.0,1,3,15817.668878703045,392.46609159444256,16210.134970297488,16120.749557285711,16513.215648880156,125715.06950576343,0.029704054552792125,54.50001785156618,0.0,0.0,0.0,False,False,False
main,saa_n20,saa,2025-07-01,0,True,True,20,,,0.7,20.0,optimal_decomposed,77.95673800000009,77.95609969999987,0.0,1,3,16136.100066539868,218.06250617000953,16354.162572709878,16972.496007473175,17190.558513643184,172266.221398682,0.32157914505338275,59.085079473191946,0.0,0.0,0.0,False,False,False
main,saa_n20,saa,2025-07-01,1,True,True,20,,,0.7,20.0,optimal_decomposed,77.95673800000009,77.95609969999987,0.0,1,3,16136.100066539868,218.06250617000953,16354.162572709878,16924.75969239705,17142.822198567057,171512.1711631732,0.10809752684195278,69.94817549062016,0.0,0.0,0.0,False,False,False
main,saa_n20,saa,2025-07-01,2,True,True,20,,,0.7,20.0,optimal_decomposed,77.95673800000009,77.95609969999987,0.0,1,3,16136.100066539868,218.06250617000953,16354.162572709878,17016.20075207993,17234.26325824994,171988.09099541188,0.40334111747791657,53.4668605233883,0.0,0.0,0.0,False,False,False
main,saa_n20,saa,2025-07-01,3,True,True,20,,,0.7,20.0,optimal_decomposed,77.95673800000009,77.95609969999987,0.0,1,3,16136.100066539868,218.06250617000953,16354.162572709878,16991.180412732934,17209.242918902943,171848.91868140074,0.10108654202740755,62.20304592792348,0.0,0.0,0.0,False,False,False
main,saa_n20,saa,2025-07-01,4,True,True,20,,,0.7,20.0,optimal_decomposed,77.95673800000009,77.95609969999987,0.0,1,3,16136.100066539868,218.06250617000953,16354.162572709878,16876.698964824456,17094.761470994465,172486.1602936165,0.0,57.07768064676201,0.0,0.0,0.0,False,False,False
main,saa_n20,saa,2025-07-01,5,True,True,20,,,0.7,20.0,optimal_decomposed,77.95673800000009,77.95609969999987,0.0,1,3,16136.100066539868,218.06250617000953,16354.162572709878,16992.185107049285,17210.247613219293,172035.8551812405,0.3393358837211011,60.091451970717074,0.0,0.0,0.0,False,False,False
main,saa_n20,saa,2025-07-01,6,True,True,20,,,0.7,20.0,optimal_decomposed,77.95673800000009,77.95609969999987,0.0,1,3,16136.100066539868,218.06250617000953,16354.162572709878,17077.032691255707,17295.095197425715,172502.7481651298,0.7914956564201904,55.06099356021034,0.0,0.0,0.0,False,False,False
main,saa_n20,saa,2025-07-01,7,True,True,20,,,0.7,20.0,optimal_decomposed,77.95673800000009,77.95609969999987,0.0,1,3,16136.100066539868,218.06250617000953,16354.162572709878,17004.136914163548,17222.199420333556,172085.87604549422,0.3305776495679102,57.15779824405718,0.0,0.0,0.0,False,False,False
main,saa_n20,saa,2025-07-01,8,True,True,20,,,0.7,20.0,optimal_decomposed,77.95673800000009,77.95609969999987,0.0,1,3,16136.100066539868,218.06250617000953,16354.162572709878,16900.697832997077,17118.760339167085,171630.31384544694,0.2878238643589278,59.77292509930204,0.0,0.0,0.0,False,False,False
main,saa_n20,saa,2025-07-01,9,True,True,20,,,0.7,20.0,optimal_decomposed,77.95673800000009,77.95609969999987,0.0,1,3,16136.100066539868,218.06250617000953,16354.162572709878,17070.951068523293,17289.0135746933,172339.0128812975,1.1018320048382337,65.20110353817826,0.0,0.0,0.0,False,False,False
main,saa_n20,saa,2025-07-01,10,True,True,20,,,0.7,20.0,optimal_decomposed,77.95673800000009,77.95609969999987,0.0,1,3,16136.100066539868,218.06250617000953,16354.162572709878,16995.61976160646,17213.68226777647,172170.32473266532,0.8457281886341981,55.6755060164575,0.0,0.0,0.0,False,False,False
main,saa_n20,saa,2025-07-01,11,True,True,20,,,0.7,20.0,optimal_decomposed,77.95673800000009,77.95609969999987,0.0,1,3,16136.100066539868,218.06250617000953,16354.162572709878,16994.163981481117,17212.226487651125,171933.16656422406,0.0,55.593639812398635,0.0,0.0,0.0,False,False,False
main,saa_n20,saa,2025-07-01,12,True,True,20,,,0.7,20.0,optimal_decomposed,77.95673800000009,77.95609969999987,0.0,1,3,16136.100066539868,218.06250617000953,16354.162572709878,17046.073677668395,17264.136183838404,171666.8571864312,0.9502780361457517,53.72004809719193,0.0,0.0,0.0,False,False,False
main,saa_n20,saa,2025-07-01,13,True,True,20,,,0.7,20.0,optimal_decomposed,77.95673800000009,77.95609969999987,0.0,1,3,16136.100066539868,218.06250617000953,16354.162572709878,17034.530895479056,17252.593401649065,171957.6423221593,0.5030385368731758,56.31778798326255,0.0,0.0,0.0,False,False,False
main,saa_n20,saa,2025-07-01,14,True,True,20,,,0.7,20.0,optimal_decomposed,77.95673800000009,77.95609969999987,0.0,1,3,16136.100066539868,218.06250617000953,16354.162572709878,16964.24848948351,17182.31099565352,171923.97717650406,0.0,57.440516763432,0.0,0.0,0.0,False,False,False
main,saa_n20,saa,2025-07-01,15,True,True,20,,,0.7,20.0,optimal_decomposed,77.95673800000009,77.95609969999987,0.0,1,3,16136.100066539868,218.06250617000953,16354.162572709878,16983.00036551264,17201.062871682647,171742.3809075057,0.0,53.82837907518643,0.0,0.0,0.0,False,False,False
main,saa_n20,saa,2025-07-01,16,True,True,20,,,0.7,20.0,optimal_decomposed,77.95673800000009,77.95609969999987,0.0,1,3,16136.100066539868,218.06250617000953,16354.162572709878,17037.57746077677,17255.63996694678,172657.0102617394,0.31677114538622037,54.14438476417043,0.0,0.0,0.0,False,False,False
main,saa_n20,saa,2025-07-01,17,True,True,20,,,0.7,20.0,optimal_decomposed,77.95673800000009,77.95609969999987,0.0,1,3,16136.100066539868,218.06250617000953,16354.162572709878,17112.251035641726,17330.313541811734,172047.77828412742,0.193361030319869,62.463872187464396,0.0,0.0,0.0,False,False,False
main,saa_n20,saa,2025-07-01,18,True,True,20,,,0.7,20.0,optimal_decomposed,77.95673800000009,77.95609969999987,0.0,1,3,16136.100066539868,218.06250617000953,16354.162572709878,17151.78118170503,17369.84368787504,172050.77828610688,0.6577558310572889,60.77004570010037,0.0,0.0,0.0,False,False,False
main,saa_n20,saa,2025-07-01,19,True,True,20,,,0.7,20.0,optimal_decomposed,77.95673800000009,77.95609969999987,0.0,1,3,16136.100066539868,218.06250617000953,16354.162572709878,16982.880829795053,17200.94333596506,171933.50616375002,0.24639836238237006,56.63242836206722,0.0,0.0,0.0,False,False,False
main,saa_n20,saa,2025-07-01,20,True,True,20,,,0.7,20.0,optimal_decomposed,77.95673800000009,77.95609969999987,0.0,1,3,16136.100066539868,218.06250617000953,16354.162572709878,17052.09049338491,17270.152999554917,172876.3818739868,0.8155734679121538,54.118527021299116,0.0,0.0,0.0,False,False,False
main,saa_n20,saa,2025-07-01,21,True,True,20,,,0.7,20.0,optimal_decomposed,77.95673800000009,77.95609969999987,0.0,1,3,16136.100066539868,218.06250617000953,16354.162572709878,16943.767732891414,17161.830239061423,172259.63686436586,0.048757885304556714,50.57812835809566,0.0,0.0,0.0,False,False,False
main,saa_n20,saa,2025-07-01,22,True,True,20,,,0.7,20.0,optimal_decomposed,77.95673800000009,77.95609969999987,0.0,1,3,16136.100066539868,218.06250617000953,16354.162572709878,16999.929972874623,17217.99247904463,171866.7617452967,0.35638631184470454,57.31626376595952,0.0,0.0,0.0,False,False,False
main,saa_n20,saa,2025-07-01,23,True,True,20,,,0.7,20.0,optimal_decomposed,77.95673800000009,77.95609969999987,0.0,1,3,16136.100066539868,218.06250617000953,16354.162572709878,16987.929492206604,17205.991998376612,171874.69341394087,0.11969197930296777,61.365008409679824,0.0,0.0,0.0,False,False,False
main,saa_n20,saa,2025-07-01,24,True,True,20,,,0.7,20.0,optimal_decomposed,77.95673800000009,77.95609969999987,0.0,1,3,16136.100066539868,218.06250617000953,16354.162572709878,17037.19733387269,17255.259840042698,172034.4203307569,0.17817270493513926,63.692112887985566,0.0,0.0,0.0,False,False,False
main,saa_n20,saa,2025-07-01,25,True,True,20,,,0.7,20.0,optimal_decomposed,77.95673800000009,77.95609969999987,0.0,1,3,16136.100066539868,218.06250617000953,16354.162572709878,17003.365576911154,17221.428083081162,172310.86590495115,0.10797919687828189,56.37289930036489,0.0,0.0,0.0,False,False,False
main,saa_n20,saa,2025-07-01,26,True,True,20,,,0.7,20.0,optimal_decomposed,77.95673800000009,77.95609969999987,0.0,1,3,16136.100066539868,218.06250617000953,16354.162572709878,16974.06465394311,17192.12716011312,171542.05543114574,0.036166202145117454,64.89034801976865,0.0,0.0,0.0,False,False,False
main,saa_n20,saa,2025-07-01,27,True,True,20,,,0.7,20.0,optimal_decomposed,77.95673800000009,77.95609969999987,0.0,1,3,16136.100066539868,218.06250617000953,16354.162572709878,17009.631233341366,17227.693739511375,171562.70504309123,0.03525545702847355,62.553938025956136,0.0,0.0,0.0,False,False,False
main,saa_n20,saa,2025-07-01,28,True,True,20,,,0.7,20.0,optimal_decomposed,77.95673800000009,77.95609969999987,0.0,1,3,16136.100066539868,218.06250617000953,16354.162572709878,17005.273470966444,17223.335977136452,172508.4090305508,0.06823201645947602,48.38766536184778,0.0,0.0,0.0,False,False,False
main,saa_n20,saa,2025-07-01,29,True,True,20,,,0.7,20.0,optimal_decomposed,77.95673800000009,77.95609969999987,0.0,1,3,16136.100066539868,218.06250617000953,16354.162572709878,17030.92230199047,17248.98480816048,172153.7412922318,0.28909172867201804,46.26973922880229,0.0,0.0,0.0,False,False,False
main,saa_n20,saa,2025-07-01,30,True,True,20,,,0.7,20.0,optimal_decomposed,77.95673800000009,77.95609969999987,0.0,1,3,16136.100066539868,218.06250617000953,16354.162572709878,16900.517697416897,17118.580203586906,172290.7342281462,0.825619458148021,52.127691214988104,0.0,0.0,0.0,False,False,False
main,saa_n20,saa,2025-07-01,31,True,True,20,,,0.7,20.0,optimal_decomposed,77.95673800000009,77.95609969999987,0.0,1,3,16136.100066539868,218.06250617000953,16354.162572709878,16948.009692936892,17166.0721991069,171446.56623737712,0.009227105365063326,59.81319057828015,0.0,0.0,0.0,False,False,False
main,saa_n20,saa,2025-07-01,32,True,True,20,,,0.7,20.0,optimal_decomposed,77.95673800000009,77.95609969999987,0.0,1,3,16136.100066539868,218.06250617000953,16354.162572709878,17000.04992012374,17218.11242629375,171849.39109263796,0.3347956380289269,61.745920955923594,0.0,0.0,0.0,False,False,False
main,saa_n20,saa,2025-07-01,33,True,True,20,,,0.7,20.0,optimal_decomposed,77.95673800000009,77.95609969999987,0.0,1,3,16136.100066539868,218.06250617000953,16354.162572709878,17013.519736668288,17231.582242838296,171831.56711968116,0.223797763340909,66.47459209036187,0.0,0.0,0.0,False,False,False
main,saa_n20,saa,2025-07-01,34,True,True,20,,,0.7,20.0,optimal_decomposed,77.95673800000009,77.95609969999987,0.0,1,3,16136.100066539868,218.06250617000953,16354.162572709878,16955.097558651847,17173.160064821855,172253.70933942831,0.0,58.31241221957976,0.0,0.0,0.0,False,False,False
main,saa_n20,saa,2025-07-01,35,True,True,20,,,0.7,20.0,optimal_decomposed,77.95673800000009,77.95609969999987,0.0,1,3,16136.100066539868,218.06250617000953,16354.162572709878,17066.94703341547,17285.009539585477,172498.72111773948,0.942566228396825,58.77925342573693,0.0,0.0,0.0,False,False,False
main,saa_n20,saa,2025-07-01,36,True,True,20,,,0.7,20.0,optimal_decomposed,77.95673800000009,77.95609969999987,0.0,1,3,16136.100066539868,218.06250617000953,16354.162572709878,16978.341212278196,17196.403718448204,172637.89339212424,0.3660636083428345,65.13254509668218,0.0,0.0,0.0,False,False,False
main,saa_n20,saa,2025-07-01,37,True,True,20,,,0.7,20.0,optimal_decomposed,77.95673800000009,77.95609969999987,0.0,1,3,16136.100066539868,218.06250617000953,16354.162572709878,16911.682141065012,17129.74464723502,171939.66819484637,0.0,51.101133531034286,0.0,0.0,0.0,False,False,False
main,saa_n20,saa,2025-07-01,38,True,True,20,,,0.7,20.0,optimal_decomposed,77.95673800000009,77.95609969999987,0.0,1,3,16136.100066539868,218.06250617000953,16354.162572709878,16970.384217965842,17188.44672413585,171807.84309987555,0.04606221185913406,56.42606387144954,0.0,0.0,0.0,False,False,False
main,saa_n20,saa,2025-07-01,39,True,True,20,,,0.7,20.0,optimal_decomposed,77.95673800000009,77.95609969999987,0.0,1,3,16136.100066539868,218.06250617000953,16354.162572709878,17055.026963745022,17273.08946991503,172737.89215857792,0.18336236593000335,46.055356224389996,0.0,0.0,0.0,False,False,False
main,saa_n20,saa,2025-07-01,40,True,True,20,,,0.7,20.0,optimal_decomposed,77.95673800000009,77.95609969999987,0.0,1,3,16136.100066539868,218.06250617000953,16354.162572709878,16999.414425089904,17217.476931259913,171897.27931027723,0.1711024588293934,53.78144640709155,0.0,0.0,0.0,False,False,False
main,saa_n20,saa,2025-07-01,41,True,True,20,,,0.7,20.0,optimal_decomposed,77.95673800000009,77.95609969999987,0.0,1,3,16136.100066539868,218.06250617000953,16354.162572709878,16958.667224176355,17176.729730346364,171964.94488425244,0.10733751529522179,48.439632054738894,0.0,0.0,0.0,False,False,False
main,saa_n20,saa,2025-07-01,42,True,True,20,,,0.7,20.0,optimal_decomposed,77.95673800000009,77.95609969999987,0.0,1,3,16136.100066539868,218.06250617000953,16354.162572709878,17100.80934172036,17318.87184789037,171970.26640948243,0.5586254597176921,60.7980765655818,0.0,0.0,0.0,False,False,False
main,saa_n20,saa,2025-07-01,43,True,True,20,,,0.7,20.0,optimal_decomposed,77.95673800000009,77.95609969999987,0.0,1,3,16136.100066539868,218.06250617000953,16354.162572709878,16915.117877899058,17133.180384069066,171987.54515431702,0.057070518318330876,56.266309970273696,0.0,0.0,0.0,False,False,False
main,saa_n20,saa,2025-07-01,44,True,True,20,,,0.7,20.0,optimal_decomposed,77.95673800000009,77.95609969999987,0.0,1,3,16136.100066539868,218.06250617000953,16354.162572709878,17041.418655464717,17259.481161634725,172600.62698493947,0.34928180207480825,56.9829954920967,0.0,0.0,0.0,False,False,False
main,saa_n20,saa,2025-07-01,45,True,True,20,,,0.7,20.0,optimal_decomposed,77.95673800000009,77.95609969999987,0.0,1,3,16136.100066539868,218.06250617000953,16354.162572709878,17001.416287475273,17219.47879364528,172329.82602104105,1.0902122876074376,63.47959615790584,0.0,0.0,0.0,False,False,False
main,saa_n20,saa,2025-07-01,46,True,True,20,,,0.7,20.0,optimal_decomposed,77.95673800000009,77.95609969999987,0.0,1,3,16136.100066539868,218.06250617000953,16354.162572709878,17132.073240186113,17350.13574635612,172131.66287815457,0.25994370262728655,62.82405969390207,0.0,0.0,0.0,False,False,False
main,saa_n20,saa,2025-07-01,47,True,True,20,,,0.7,20.0,optimal_decomposed,77.95673800000009,77.95609969999987,0.0,1,3,16136.100066539868,218.06250617000953,16354.162572709878,17126.876452758657,17344.938958928666,172371.38138226568,1.107098748546726,56.62504251276032,0.0,0.0,0.0,False,False,False
main,saa_n20,saa,2025-07-01,48,True,True,20,,,0.7,20.0,optimal_decomposed,77.95673800000009,77.95609969999987,0.0,1,3,16136.100066539868,218.06250617000953,16354.162572709878,16948.29612057877,17166.358626748777,172307.18803060288,0.7652619667045655,56.79174627174139,0.0,0.0,0.0,False,False,False
main,saa_n20,saa,2025-07-01,49,True,True,20,,,0.7,20.0,optimal_decomposed,77.95673800000009,77.95609969999987,0.0,1,3,16136.100066539868,218.06250617000953,16354.162572709878,16996.32657671063,17214.38908288064,172375.12950809338,0.5032833695260037,64.01299140327563,0.0,0.0,0.0,False,False,False
main,saa_n20,saa,2025-07-01,50,True,True,20,,,0.7,20.0,optimal_decomposed,77.95673800000009,77.95609969999987,0.0,1,3,16136.100066539868,218.06250617000953,16354.162572709878,16911.423044944484,17129.485551114492,172007.41089013976,0.04233072085503142,65.41373279544705,0.0,0.0,0.0,False,False,False
main,saa_n20,saa,2025-07-01,51,True,True,20,,,0.7,20.0,optimal_decomposed,77.95673800000009,77.95609969999987,0.0,1,3,16136.100066539868,218.06250617000953,16354.162572709878,16973.88807844987,17191.950584619877,171783.98993008895,0.18613036816017695,60.686703758437204,0.0,0.0,0.0,False,False,False
main,saa_n20,saa,2025-07-01,52,True,True,20,,,0.7,20.0,optimal_decomposed,77.95673800000009,77.95609969999987,0.0,1,3,16136.100066539868,218.06250617000953,16354.162572709878,17009.784408388026,17227.846914558035,172036.23722609217,0.2759579974501822,62.56491681693763,0.0,0.0,0.0,False,False,False
main,saa_n20,saa,2025-07-01,53,True,True,20,,,0.7,20.0,optimal_decomposed,77.95673800000009,77.95609969999987,0.0,1,3,16136.100066539868,218.06250617000953,16354.162572709878,17129.07537507506,17347.137881245068,172720.77256311596,0.07936638452249967,52.80797302103694,0.0,0.0,0.0,False,False,False
main,saa_n20,saa,2025-07-01,54,True,True,20,,,0.7,20.0,optimal_decomposed,77.95673800000009,77.95609969999987,0.0,1,3,16136.100066539868,218.06250617000953,16354.162572709878,17181.55326575914,17399.615771929148,172476.66013450478,0.8557484486951361,54.84111284341896,0.0,0.0,0.0,False,False,False
main,saa_n20,saa,2025-07-01,55,True,True,20,,,0.7,20.0,optimal_decomposed,77.95673800000009,77.95609969999987,0.0,1,3,16136.100066539868,218.06250617000953,16354.162572709878,16944.80321251407,17162.86571868408,171931.14992828364,0.0,61.884257963703895,0.0,0.0,0.0,False,False,False
main,saa_n20,saa,2025-07-01,56,True,True,20,,,0.7,20.0,optimal_decomposed,77.95673800000009,77.95609969999987,0.0,1,3,16136.100066539868,218.06250617000953,16354.162572709878,16992.62639989445,17210.688906064457,172335.03576739735,0.15893027056534403,47.61198007013947,0.0,0.0,0.0,False,False,False
main,saa_n20,saa,2025-07-01,57,True,True,20,,,0.7,20.0,optimal_decomposed,77.95673800000009,77.95609969999987,0.0,1,3,16136.100066539868,218.06250617000953,16354.162572709878,17002.95484850999,17221.01735468,172377.9711865404,0.31689008695575355,56.951940845789956,0.0,0.0,0.0,False,False,False
main,saa_n20,saa,2025-07-01,58,True,True,20,,,0.7,20.0,optimal_decomposed,77.95673800000009,77.95609969999987,0.0,1,3,16136.100066539868,218.06250617000953,16354.162572709878,16939.052075815383,17157.114581985392,171994.2904153206,0.0,65.30890679114499,0.0,0.0,0.0,False,False,False
main,saa_n20,saa,2025-07-01,59,True,True,20,,,0.7,20.0,optimal_decomposed,77.95673800000009,77.95609969999987,0.0,1,3,16136.100066539868,218.06250617000953,16354.162572709878,16959.610241020182,17177.67274719019,172013.38620589778,0.25919189950943783,59.471599684418244,0.0,0.0,0.0,False,False,False
main,saa_n20,saa,2025-07-01,60,True,True,20,,,0.7,20.0,optimal_decomposed,77.95673800000009,77.95609969999987,0.0,1,3,16136.100066539868,218.06250617000953,16354.162572709878,16979.053574014586,17197.116080184594,172206.6052116659,0.9419900819604394,61.15083754067886,0.0,0.0,0.0,False,False,False
main,saa_n20,saa,2025-07-01,61,True,True,20,,,0.7,20.0,optimal_decomposed,77.95673800000009,77.95609969999987,0.0,1,3,16136.100066539868,218.06250617000953,16354.162572709878,16987.74179991931,17205.804306089318,172127.59028434177,0.0,49.3085565063625,0.0,0.0,0.0,False,False,False
main,saa_n20,saa,2025-07-01,62,True,True,20,,,0.7,20.0,optimal_decomposed,77.95673800000009,77.95609969999987,0.0,1,3,16136.100066539868,218.06250617000953,16354.162572709878,16991.089047185367,17209.151553355376,172095.22449772988,0.2709678135668882,62.05361398314642,0.0,0.0,0.0,False,False,False
main,saa_n20,saa,2025-07-01,63,True,True,20,,,0.7,20.0,optimal_decomposed,77.95673800000009,77.95609969999987,0.0,1,3,16136.100066539868,218.06250617000953,16354.162572709878,17055.842367549758,17273.904873719766,171844.39737294207,0.5888844308608844,62.63524682398684,0.0,0.0,0.0,False,False,False
main,saa_n20,saa,2025-07-01,64,True,True,20,,,0.7,20.0,optimal_decomposed,77.95673800000009,77.95609969999987,0.0,1,3,16136.100066539868,218.06250617000953,16354.162572709878,16968.305781778414,17186.368287948422,171841.61601051755,0.3044446794894634,54.336002401085494,0.0,0.0,0.0,False,False,False
main,saa_n20,saa,2025-07-01,65,True,True,20,,,0.7,20.0,optimal_decomposed,77.95673800000009,77.95609969999987,0.0,1,3,16136.100066539868,218.06250617000953,16354.162572709878,17091.82001671513,17309.88252288514,172006.53850911968,0.0,59.67492169039847,0.0,0.0,0.0,False,False,False
main,saa_n20,saa,2025-07-01,66,True,True,20,,,0.7,20.0,optimal_decomposed,77.95673800000009,77.95609969999987,0.0,1,3,16136.100066539868,218.06250617000953,16354.162572709878,16958.22580821725,17176.288314387257,171968.69370309214,0.1133929159480696,66.97723442215211,0.0,0.0,0.0,False,False,False
main,saa_n20,saa,2025-07-01,67,True,True,20,,,0.7,20.0,optimal_decomposed,77.95673800000009,77.95609969999987,0.0,1,3,16136.100066539868,218.06250617000953,16354.162572709878,16953.43275556776,17171.495261737768,172562.92721799994,0.0,58.15737519951253,0.0,0.0,0.0,False,False,False
main,saa_n20,saa,2025-07-01,68,True,True,20,,,0.7,20.0,optimal_decomposed,77.95673800000009,77.95609969999987,0.0,1,3,16136.100066539868,218.06250617000953,16354.162572709878,16971.59371757134,17189.65622374135,171984.46996407342,0.1837520128314975,59.149123504886205,0.0,0.0,0.0,False,False,False
main,saa_n20,saa,2025-07-01,69,True,True,20,,,0.7,20.0,optimal_decomposed,77.95673800000009,77.95609969999987,0.0,1,3,16136.100066539868,218.06250617000953,16354.162572709878,17136.732458134004,17354.794964304012,171856.86788951803,0.1717311217465463,60.31845315846751,0.0,0.0,0.0,False,False,False
main,saa_n20,saa,2025-07-01,70,True,True,20,,,0.7,20.0,optimal_decomposed,77.95673800000009,77.95609969999987,0.0,1,3,16136.100066539868,218.06250617000953,16354.162572709878,16956.037024127654,17174.099530297663,172169.94040329117,0.0,62.32513435008868,0.0,0.0,0.0,False,False,False
main,saa_n20,saa,2025-07-01,71,True,True,20,,,0.7,20.0,optimal_decomposed,77.95673800000009,77.95609969999987,0.0,1,3,16136.100066539868,218.06250617000953,16354.162572709878,16941.670336428768,17159.732842598776,172194.80145309464,0.849692704094315,67.88800608203339,0.0,0.0,0.0,False,False,False
main,saa_n20,saa,2025-07-01,72,True,True,20,,,0.7,20.0,optimal_decomposed,77.95673800000009,77.95609969999987,0.0,1,3,16136.100066539868,218.06250617000953,16354.162572709878,16961.650398440008,17179.712904610016,171253.900399395,0.4423636285176076,65.93638083695066,0.0,0.0,0.0,False,False,False
main,saa_n20,saa,2025-07-01,73,True,True,20,,,0.7,20.0,optimal_decomposed,77.95673800000009,77.95609969999987,0.0,1,3,16136.100066539868,218.06250617000953,16354.162572709878,16924.519224439595,17142.581730609603,171819.0037080817,0.0,60.54148247110158,0.0,0.0,0.0,False,False,False
main,saa_n20,saa,2025-07-01,74,True,True,20,,,0.7,20.0,optimal_decomposed,77.95673800000009,77.95609969999987,0.0,1,3,16136.100066539868,218.06250617000953,16354.162572709878,17064.174124510762,17282.23663068077,173104.9297158916,1.0540442307783975,59.47882955789788,0.0,0.0,0.0,False,False,False
main,saa_n20,saa,2025-07-01,75,True,True,20,,,0.7,20.0,optimal_decomposed,77.95673800000009,77.95609969999987,0.0,1,3,16136.100066539868,218.06250617000953,16354.162572709878,16989.612450093202,17207.67495626321,172289.87386108996,0.09025941331689707,58.12701626764163,0.0,0.0,0.0,False,False,False
main,saa_n20,saa,2025-07-01,76,True,True,20,,,0.7,20.0,optimal_decomposed,77.95673800000009,77.95609969999987,0.0,1,3,16136.100066539868,218.06250617000953,16354.162572709878,17002.35812789501,17220.42063406502,171734.14268644783,0.11125138466430468,56.992295135358695,0.0,0.0,0.0,False,False,False
main,saa_n20,saa,2025-07-01,77,True,True,20,,,0.7,20.0,optimal_decomposed,77.95673800000009,77.95609969999987,0.0,1,3,16136.100066539868,218.06250617000953,16354.162572709878,17054.297314045813,17272.35982021582,171549.39373591522,0.040498295226621406,55.32851930264492,0.0,0.0,0.0,False,False,False
main,saa_n20,saa,2025-07-01,78,True,True,20,,,0.7,20.0,optimal_decomposed,77.95673800000009,77.95609969999987,0.0,1,3,16136.100066539868,218.06250617000953,16354.162572709878,16931.148514545657,17149.211020715666,172122.15328916934,0.047344668858618544,59.725161660939506,0.0,0.0,0.0,False,False,False
main,saa_n20,saa,2025-07-01,79,True,True,20,,,0.7,20.0,optimal_decomposed,77.95673800000009,77.95609969999987,0.0,1,3,16136.100066539868,218.06250617000953,16354.162572709878,17048.811219528572,17266.87372569858,172207.7269149298,0.9184568073536927,54.849118647479635,0.0,0.0,0.0,False,False,False
main,saa_n20,saa,2025-07-01,80,True,True,20,,,0.7,20.0,optimal_decomposed,77.95673800000009,77.95609969999987,0.0,1,3,16136.100066539868,218.06250617000953,16354.162572709878,16991.671641984205,17209.734148154213,171757.6627914953,0.0,58.14532578741051,0.0,0.0,0.0,False,False,False
main,saa_n20,saa,2025-07-01,81,True,True,20,,,0.7,20.0,optimal_decomposed,77.95673800000009,77.95609969999987,0.0,1,3,16136.100066539868,218.06250617000953,16354.162572709878,16956.01378955844,17174.07629572845,172089.92879337416,0.9059415457929204,64.89008303872625,0.0,0.0,0.0,False,False,False
main,saa_n20,saa,2025-07-01,82,True,True,20,,,0.7,20.0,optimal_decomposed,77.95673800000009,77.95609969999987,0.0,1,3,16136.100066539868,218.06250617000953,16354.162572709878,16974.166629350133,17192.22913552014,172527.62221533843,0.2160692020855261,51.41886539464873,0.0,0.0,0.0,False,False,False
main,saa_n20,saa,2025-07-01,83,True,True,20,,,0.7,20.0,optimal_decomposed,77.95673800000009,77.95609969999987,0.0,1,3,16136.100066539868,218.06250617000953,16354.162572709878,16985.85524695765,17203.91775312766,171857.44713791262,0.38210948855457955,56.37528691635369,0.0,0.0,0.0,False,False,False
main,saa_n20,saa,2025-07-01,84,True,True,20,,,0.7,20.0,optimal_decomposed,77.95673800000009,77.95609969999987,0.0,1,3,16136.100066539868,218.06250617000953,16354.162572709878,16958.08178441815,17176.14429058816,171888.46592000723,0.08418885137169274,56.86590610133401,0.0,0.0,0.0,False,False,False
main,saa_n20,saa,2025-07-01,85,True,True,20,,,0.7,20.0,optimal_decomposed,77.95673800000009,77.95609969999987,0.0,1,3,16136.100066539868,218.06250617000953,16354.162572709878,16974.187222160654,17192.249728330662,171661.15606416654,0.03863653581316795,66.4213043286877,0.0,0.0,0.0,False,False,False
main,saa_n20,saa,2025-07-01,86,True,True,20,,,0.7,20.0,optimal_decomposed,77.95673800000009,77.95609969999987,0.0,1,3,16136.100066539868,218.06250617000953,16354.162572709878,17042.218338584105,17260.280844754114,172120.19030567424,0.1664513729759846,49.80033803094509,0.0,0.0,0.0,False,False,False
main,saa_n20,saa,2025-07-01,87,True,True,20,,,0.7,20.0,optimal_decomposed,77.95673800000009,77.95609969999987,0.0,1,3,16136.100066539868,218.06250617000953,16354.162572709878,17027.02575927928,17245.08826544929,171897.2228936655,0.6731867510336141,56.53532594646622,0.0,0.0,0.0,False,False,False
main,saa_n20,saa,2025-07-01,88,True,True,20,,,0.7,20.0,optimal_decomposed,77.95673800000009,77.95609969999987,0.0,1,3,16136.100066539868,218.06250617000953,16354.162572709878,17015.32949759513,17233.392003765137,171782.92665736764,0.19926551858322034,64.96165891432373,0.0,0.0,0.0,False,False,False
main,saa_n20,saa,2025-07-01,89,True,True,20,,,0.7,20.0,optimal_decomposed,77.95673800000009,77.95609969999987,0.0,1,3,16136.100066539868,218.06250617000953,16354.162572709878,17015.95362888855,17234.01613505856,171987.93902510454,0.839440982284188,56.39672232060529,0.0,0.0,0.0,False,False,False
main,saa_n20,saa,2025-07-01,90,True,True,20,,,0.7,20.0,optimal_decomposed,77.95673800000009,77.95609969999987,0.0,1,3,16136.100066539868,218.06250617000953,16354.162572709878,17004.012537771632,17222.07504394164,172443.1285387234,0.38659368368127217,63.90810050725173,0.0,0.0,0.0,False,False,False
main,saa_n20,saa,2025-07-01,91,True,True,20,,,0.7,20.0,optimal_decomposed,77.95673800000009,77.95609969999987,0.0,1,3,16136.100066539868,218.06250617000953,16354.162572709878,16929.412392788043,17147.47489895805,171983.10480310096,0.0,59.39241392142624,0.0,0.0,0.0,False,False,False
main,saa_n20,saa,2025-07-01,92,True,True,20,,,0.7,20.0,optimal_decomposed,77.95673800000009,77.95609969999987,0.0,1,3,16136.100066539868,218.06250617000953,16354.162572709878,17004.312838107046,17222.375344277054,172301.2736380966,0.03279523067982415,45.80013216891356,0.0,0.0,0.0,False,False,False
main,saa_n20,saa,2025-07-01,93,True,True,20,,,0.7,20.0,optimal_decomposed,77.95673800000009,77.95609969999987,0.0,1,3,16136.100066539868,218.06250617000953,16354.162572709878,17011.244038833833,17229.30654500384,171986.93437515065,0.4348490689875558,59.36352510433877,0.0,0.0,0.0,False,False,False
main,saa_n20,saa,2025-07-01,94,True,True,20,,,0.7,20.0,optimal_decomposed,77.95673800000009,77.95609969999987,0.0,1,3,16136.100066539868,218.06250617000953,16354.162572709878,16994.490522003733,17212.55302817374,171766.79157591748,0.5063318480284416,55.427473335897346,0.0,0.0,0.0,False,False,False
main,saa_n20,saa,2025-07-01,95,True,True,20,,,0.7,20.0,optimal_decomposed,77.95673800000009,77.95609969999987,0.0,1,3,16136.100066539868,218.06250617000953,16354.162572709878,17014.706942781813,17232.76944895182,172857.2790199107,0.30290652806349155,58.863118397416976,0.0,0.0,0.0,False,False,False
main,saa_n20,saa,2025-07-01,96,True,True,20,,,0.7,20.0,optimal_decomposed,77.95673800000009,77.95609969999987,0.0,1,3,16136.100066539868,218.06250617000953,16354.162572709878,17034.757796690443,17252.82030286045,172063.8789643416,0.0,55.1711517593597,0.0,0.0,0.0,False,False,False
main,saa_n20,saa,2025-07-01,97,True,True,20,,,0.7,20.0,optimal_decomposed,77.95673800000009,77.95609969999987,0.0,1,3,16136.100066539868,218.06250617000953,16354.162572709878,16976.6735443983,17194.73605056831,172029.21773432827,0.04581889427174235,57.75860451817767,0.0,0.0,0.0,False,False,False
main,saa_n20,saa,2025-07-01,98,True,True,20,,,0.7,20.0,optimal_decomposed,77.95673800000009,77.95609969999987,0.0,1,3,16136.100066539868,218.06250617000953,16354.162572709878,16972.00331820947,17190.06582437948,172132.0525602445,0.0,47.62095898351887,0.0,0.0,0.0,False,False,False
main,saa_n20,saa,2025-07-01,99,True,True,20,,,0.7,20.0,optimal_decomposed,77.95673800000009,77.95609969999987,0.0,1,3,16136.100066539868,218.06250617000953,16354.162572709878,16944.426561523593,17162.4890676936,172407.66186700913,0.8471087686180472,61.79741162011889,0.0,0.0,0.0,False,False,False
main,saa_n20,saa,2025-10-01,0,True,True,20,,,0.7,20.0,optimal_decomposed,74.32564079999975,74.32509059999984,0.0,1,3,16673.564377350045,380.26230558966563,17053.82668293971,16722.631031140525,17102.89333673019,174410.43785151103,0.002982594384921544,53.87908313563482,0.0,0.0,0.0,False,False,False
main,saa_n20,saa,2025-10-01,1,True,True,20,,,0.7,20.0,optimal_decomposed,74.32564079999975,74.32509059999984,0.0,1,3,16673.564377350045,380.26230558966563,17053.82668293971,16775.59540833733,17155.857713926995,174034.9347411934,0.06291999419973554,61.45885585450826,0.0,0.0,0.0,False,False,False
main,saa_n20,saa,2025-10-01,2,True,True,20,,,0.7,20.0,optimal_decomposed,74.32564079999975,74.32509059999984,0.0,1,3,16673.564377350045,380.26230558966563,17053.82668293971,16696.744778423275,17077.00708401294,174105.9625398689,0.0,45.02208515232778,0.0,0.0,0.0,False,False,False
main,saa_n20,saa,2025-10-01,3,True,True,20,,,0.7,20.0,optimal_decomposed,74.32564079999975,74.32509059999984,0.0,1,3,16673.564377350045,380.26230558966563,17053.82668293971,16766.33216725604,17146.594472845707,174294.83715773324,0.007516203184300352,58.0054850758743,0.0,0.0,0.0,False,False,False
main,saa_n20,saa,2025-10-01,4,True,True,20,,,0.7,20.0,optimal_decomposed,74.32564079999975,74.32509059999984,0.0,1,3,16673.564377350045,380.26230558966563,17053.82668293971,16758.528472266065,17138.79077785573,174639.9745776144,0.08044251032717331,49.284073843485096,0.0,0.0,0.0,False,False,False
main,saa_n20,saa,2025-10-01,5,True,True,20,,,0.7,20.0,optimal_decomposed,74.32564079999975,74.32509059999984,0.0,1,3,16673.564377350045,380.26230558966563,17053.82668293971,16754.86324761336,17135.125553203026,174296.38755589945,0.00948590116039344,53.60881396224109,0.0,0.0,0.0,False,False,False
main,saa_n20,saa,2025-10-01,6,True,True,20,,,0.7,20.0,optimal_decomposed,74.32564079999975,74.32509059999984,0.0,1,3,16673.564377350045,380.26230558966563,17053.82668293971,16833.022838943038,17213.285144532703,174769.29339425068,0.0,47.09820534142125,0.0,0.0,0.0,False,False,False
main,saa_n20,saa,2025-10-01,7,True,True,20,,,0.7,20.0,optimal_decomposed,74.32564079999975,74.32509059999984,0.0,1,3,16673.564377350045,380.26230558966563,17053.82668293971,16774.434474690555,17154.69678028022,174579.9068069342,0.02904044922866003,49.649803175896515,0.0,0.0,0.0,False,False,False
main,saa_n20,saa,2025-10-01,8,True,True,20,,,0.7,20.0,optimal_decomposed,74.32564079999975,74.32509059999984,0.0,1,3,16673.564377350045,380.26230558966563,17053.82668293971,16675.309892284375,17055.57219787404,173874.85812996677,0.11864946702993939,49.74286972559299,0.0,0.0,0.0,False,False,False
main,saa_n20,saa,2025-10-01,9,True,True,20,,,0.7,20.0,optimal_decomposed,74.32564079999975,74.32509059999984,0.0,1,3,16673.564377350045,380.26230558966563,17053.82668293971,16781.11792825292,17161.380233842585,174208.42376177324,0.0,60.33847721817526,0.0,0.0,0.0,False,False,False
main,saa_n20,saa,2025-10-01,10,True,True,20,,,0.7,20.0,optimal_decomposed,74.32564079999975,74.32509059999984,0.0,1,3,16673.564377350045,380.26230558966563,17053.82668293971,16736.317489070072,17116.579794659738,174402.6242423443,0.0,50.98159584864752,0.0,0.0,0.0,False,False,False
main,saa_n20,saa,2025-10-01,11,True,True,20,,,0.7,20.0,optimal_decomposed,74.32564079999975,74.32509059999984,0.0,1,3,16673.564377350045,380.26230558966563,17053.82668293971,16769.298128848102,17149.560434437768,174766.0128380489,0.002620373927879449,49.25149785025225,0.0,0.0,0.0,False,False,False
main,saa_n20,saa,2025-10-01,12,True,True,20,,,0.7,20.0,optimal_decomposed,74.32564079999975,74.32509059999984,0.0,1,3,16673.564377350045,380.26230558966563,17053.82668293971,16709.017383408605,17089.27968899827,173811.40706925886,0.007098386586476962,45.58742282860247,0.0,0.0,0.0,False,False,False
main,saa_n20,saa,2025-10-01,13,True,True,20,,,0.7,20.0,optimal_decomposed,74.32564079999975,74.32509059999984,0.0,1,3,16673.564377350045,380.26230558966563,17053.82668293971,16742.486159895365,17122.74846548503,173827.44354221353,0.0,52.80610809318777,0.0,0.0,0.0,False,False,False
main,saa_n20,saa,2025-10-01,14,True,True,20,,,0.7,20.0,optimal_decomposed,74.32564079999975,74.32509059999984,0.0,1,3,16673.564377350045,380.26230558966563,17053.82668293971,16814.42749493996,17194.689800529624,174813.47264196695,0.0,48.87548547186113,0.0,0.0,0.0,False,False,False
main,saa_n20,saa,2025-10-01,15,True,True,20,,,0.7,20.0,optimal_decomposed,74.32564079999975,74.32509059999984,0.0,1,3,16673.564377350045,380.26230558966563,17053.82668293971,16797.92263465972,17178.184940249386,174389.65162027767,0.0,42.77166049567461,0.0,0.0,0.0,False,False,False
main,saa_n20,saa,2025-10-01,16,True,True,20,,,0.7,20.0,optimal_decomposed,74.32564079999975,74.32509059999984,0.0,1,3,16673.564377350045,380.26230558966563,17053.82668293971,16793.306880204538,17173.569185794204,175042.18249961577,0.02551456048975234,45.57088168362511,0.0,0.0,0.0,False,False,False
main,saa_n20,saa,2025-10-01,17,True,True,20,,,0.7,20.0,optimal_decomposed,74.32564079999975,74.32509059999984,0.0,1,3,16673.564377350045,380.26230558966563,17053.82668293971,16800.093121219375,17180.35542680904,174487.6216997472,0.0,57.199272612387574,0.0,0.0,0.0,False,False,False
main,saa_n20,saa,2025-10-01,18,True,True,20,,,0.7,20.0,optimal_decomposed,74.32564079999975,74.32509059999984,0.0,1,3,16673.564377350045,380.26230558966563,17053.82668293971,16772.230955934047,17152.493261523712,174152.20926756438,0.0,53.406245654676,0.0,0.0,0.0,False,False,False
main,saa_n20,saa,2025-10-01,19,True,True,20,,,0.7,20.0,optimal_decomposed,74.32564079999975,74.32509059999984,0.0,1,3,16673.564377350045,380.26230558966563,17053.82668293971,16732.84394107526,17113.106246664927,174167.46715871044,0.009617857380234685,50.121634847480834,0.0,0.0,0.0,False,False,False
main,saa_n20,saa,2025-10-01,20,True,True,20,,,0.7,20.0,optimal_decomposed,74.32564079999975,74.32509059999984,0.0,1,3,16673.564377350045,380.26230558966563,17053.82668293971,16736.983950537015,17117.24625612668,175069.30908974333,0.0015236824449061659,47.82573316751643,0.0,0.0,0.0,False,False,False
main,saa_n20,saa,2025-10-01,21,True,True,20,,,0.7,20.0,optimal_decomposed,74.32564079999975,74.32509059999984,0.0,1,3,16673.564377350045,380.26230558966563,17053.82668293971,16731.968292180107,17112.230597769772,174063.99755242263,0.025344874428166853,46.099638274229875,0.0,0.0,0.0,False,False,False
main,saa_n20,saa,2025-10-01,22,True,True,20,,,0.7,20.0,optimal_decomposed,74.32564079999975,74.32509059999984,0.0,1,3,16673.564377350045,380.26230558966563,17053.82668293971,16751.524545019583,17131.78685060925,174406.6577366171,0.026906915685690425,47.018139904535865,0.0,0.0,0.0,False,False,False
main,saa_n20,saa,2025-10-01,23,True,True,20,,,0.7,20.0,optimal_decomposed,74.32564079999975,74.32509059999984,0.0,1,3,16673.564377350045,380.26230558966563,17053.82668293971,16838.477551911128,17218.739857500794,174695.62324518748,0.0,52.18047059431369,0.0,0.0,0.0,False,False,False
main,saa_n20,saa,2025-10-01,24,True,True,20,,,0.7,20.0,optimal_decomposed,74.32564079999975,74.32509059999984,0.0,1,3,16673.564377350045,380.26230558966563,17053.82668293971,16800.07698412233,17180.339289711996,174423.83759675312,0.0,56.633104363548696,0.0,0.0,0.0,False,False,False
main,saa_n20,saa,2025-10-01,25,True,True,20,,,0.7,20.0,optimal_decomposed,74.32564079999975,74.32509059999984,0.0,1,3,16673.564377350045,380.26230558966563,17053.82668293971,16757.93733277584,17138.199638365506,174555.63118512786,0.0029093974871297335,46.54702021295555,0.0,0.0,0.0,False,False,False
main,saa_n20,saa,2025-10-01,26,True,True,20,,,0.7,20.0,optimal_decomposed,74.32564079999975,74.32509059999984,0.0,1,3,16673.564377350045,380.26230558966563,17053.82668293971,16764.332871991857,17144.595177581523,174327.1750050283,0.008122913574132667,56.51717090651944,0.0,0.0,0.0,False,False,False
main,saa_n20,saa,2025-10-01,27,True,True,20,,,0.7,20.0,optimal_decomposed,74.32564079999975,74.32509059999984,0.0,1,3,16673.564377350045,380.26230558966563,17053.82668293971,16775.799474738247,17156.061780327913,174530.7394986301,0.0,53.03147427194758,0.0,0.0,0.0,False,False,False
main,saa_n20,saa,2025-10-01,28,True,True,20,,,0.7,20.0,optimal_decomposed,74.32564079999975,74.32509059999984,0.0,1,3,16673.564377350045,380.26230558966563,17053.82668293971,16809.694060299757,17189.956365889422,174896.37892142244,0.0,43.14651913309391,0.0,0.0,0.0,False,False,False
main,saa_n20,saa,2025-10-01,29,True,True,20,,,0.7,20.0,optimal_decomposed,74.32564079999975,74.32509059999984,0.0,1,3,16673.564377350045,380.26230558966563,17053.82668293971,16739.76034669999,17120.022652289656,174220.99541623553,0.0,39.16512372987715,0.0,0.0,0.0,False,False,False
main,saa_n20,saa,2025-10-01,30,True,True,20,,,0.7,20.0,optimal_decomposed,74.32564079999975,74.32509059999984,0.0,1,3,16673.564377350045,380.26230558966563,17053.82668293971,16653.848928982563,17034.11123457223,173888.69293671733,0.1056429055102468,47.31792566011485,0.0,0.0,0.0,False,False,False
main,saa_n20,saa,2025-10-01,31,True,True,20,,,0.7,20.0,optimal_decomposed,74.32564079999975,74.32509059999984,0.0,1,3,16673.564377350045,380.26230558966563,17053.82668293971,16710.172337507156,17090.43464309682,174259.97893176897,0.00195646105893002,50.778146404782255,0.0,0.0,0.0,False,False,False
main,saa_n20,saa,2025-10-01,32,True,True,20,,,0.7,20.0,optimal_decomposed,74.32564079999975,74.32509059999984,0.0,1,3,16673.564377350045,380.26230558966563,17053.82668293971,16793.588774436135,17173.8510800258,174766.08923541836,0.0,52.64872158495962,0.0,0.0,0.0,False,False,False
main,saa_n20,saa,2025-10-01,33,True,True,20,,,0.7,20.0,optimal_decomposed,74.32564079999975,74.32509059999984,0.0,1,3,16673.564377350045,380.26230558966563,17053.82668293971,16801.774900184002,17182.037205773668,174187.71826968872,0.04732789197774956,63.19300642742881,0.0,0.0,0.0,False,False,False
main,saa_n20,saa,2025-10-01,34,True,True,20,,,0.7,20.0,optimal_decomposed,74.32564079999975,74.32509059999984,0.0,1,3,16673.564377350045,380.26230558966563,17053.82668293971,16793.57778207986,17173.840087669527,174389.05205720066,0.08105024654757292,51.90287088002093,0.0,0.0,0.0,False,False,False
main,saa_n20,saa,2025-10-01,35,True,True,20,,,0.7,20.0,optimal_decomposed,74.32564079999975,74.32509059999984,0.0,1,3,16673.564377350045,380.26230558966563,17053.82668293971,16793.668025677875,17173.93033126754,174514.8217676804,0.028558638191239383,51.81575337857712,0.0,0.0,0.0,False,False,False
main,saa_n20,saa,2025-10-01,36,True,True,20,,,0.7,20.0,optimal_decomposed,74.32564079999975,74.32509059999984,0.0,1,3,16673.564377350045,380.26230558966563,17053.82668293971,16874.894540284564,17255.15684587423,175152.3228860062,0.0,58.96157233757187,0.0,0.0,0.0,False,False,False
main,saa_n20,saa,2025-10-01,37,True,True,20,,,0.7,20.0,optimal_decomposed,74.32564079999975,74.32509059999984,0.0,1,3,16673.564377350045,380.26230558966563,17053.82668293971,16747.34302923766,17127.605334827327,174348.6043062236,0.06521872231883691,45.84430331891476,0.0,0.0,0.0,False,False,False
main,saa_n20,saa,2025-10-01,38,True,True,20,,,0.7,20.0,optimal_decomposed,74.32564079999975,74.32509059999984,0.0,1,3,16673.564377350045,380.26230558966563,17053.82668293971,16745.620987027956,17125.883292617622,174531.37041886305,0.0,48.15498924033704,0.0,0.0,0.0,False,False,False
main,saa_n20,saa,2025-10-01,39,True,True,20,,,0.7,20.0,optimal_decomposed,74.32564079999975,74.32509059999984,0.0,1,3,16673.564377350045,380.26230558966563,17053.82668293971,16779.55268826941,17159.814993859076,174545.94945353467,0.0035954120983134885,40.291811717597824,0.0,0.0,0.0,False,False,False
main,saa_n20,saa,2025-10-01,40,True,True,20,,,0.7,20.0,optimal_decomposed,74.32564079999975,74.32509059999984,0.0,1,3,16673.564377350045,380.26230558966563,17053.82668293971,16813.313249384086,17193.57555497375,174643.57063079305,0.0,45.05922404161904,0.0,0.0,0.0,False,False,False
main,saa_n20,saa,2025-10-01,41,True,True,20,,,0.7,20.0,optimal_decomposed,74.32564079999975,74.32509059999984,0.0,1,3,16673.564377350045,380.26230558966563,17053.82668293971,16724.71738618941,17104.979691779077,174247.18161271285,0.06462413583060433,39.34349240463417,0.0,0.0,0.0,False,False,False
main,saa_n20,saa,2025-10-01,42,True,True,20,,,0.7,20.0,optimal_decomposed,74.32564079999975,74.32509059999984,0.0,1,3,16673.564377350045,380.26230558966563,17053.82668293971,16831.316611275593,17211.57891686526,174513.4688128569,0.0,52.90142577341721,0.0,0.0,0.0,False,False,False
main,saa_n20,saa,2025-10-01,43,True,True,20,,,0.7,20.0,optimal_decomposed,74.32564079999975,74.32509059999984,0.0,1,3,16673.564377350045,380.26230558966563,17053.82668293971,16669.49943220677,17049.761737796434,173822.67012792523,0.0,54.10671253664257,0.0,0.0,0.0,False,False,False
main,saa_n20,saa,2025-10-01,44,True,True,20,,,0.7,20.0,optimal_decomposed,74.32564079999975,74.32509059999984,0.0,1,3,16673.564377350045,380.26230558966563,17053.82668293971,16765.445452018004,17145.70775760767,174743.35057121472,0.0,49.839988437288284,0.0,0.0,0.0,False,False,False
main,saa_n20,saa,2025-10-01,45,True,True,20,,,0.7,20.0,optimal_decomposed,74.32564079999975,74.32509059999984,0.0,1,3,16673.564377350045,380.26230558966563,17053.82668293971,16774.89094044171,17155.153246031376,174426.4648847496,0.0,56.733068985733944,0.0,0.0,0.0,False,False,False
main,saa_n20,saa,2025-10-01,46,True,True,20,,,0.7,20.0,optimal_decomposed,74.32564079999975,74.32509059999984,0.0,1,3,16673.564377350045,380.26230558966563,17053.82668293971,16784.636328400044,17164.89863398971,174582.32925397358,0.006000284294675723,53.61393298582625,0.0,0.0,0.0,False,False,False
main,saa_n20,saa,2025-10-01,47,True,True,20,,,0.7,20.0,optimal_decomposed,74.32564079999975,74.32509059999984,0.0,1,3,16673.564377350045,380.26230558966563,17053.82668293971,16781.870812855894,17162.13311844556,174621.28098776983,0.006858411638516637,50.69583518725175,0.0,0.0,0.0,False,False,False
main,saa_n20,saa,2025-10-01,48,True,True,20,,,0.7,20.0,optimal_decomposed,74.32564079999975,74.32509059999984,0.0,1,3,16673.564377350045,380.26230558966563,17053.82668293971,16706.335573649903,17086.59787923957,174389.5118828392,0.08689972144643332,51.62918340899601,0.0,0.0,0.0,False,False,False
main,saa_n20,saa,2025-10-01,49,True,True,20,,,0.7,20.0,optimal_decomposed,74.32564079999975,74.32509059999984,0.0,1,3,16673.564377350045,380.26230558966563,17053.82668293971,16812.3739505298,17192.636256119466,174388.1666329837,0.00784161733321162,59.52747700981531,0.0,0.0,0.0,False,False,False
main,saa_n20,saa,2025-10-01,50,True,True,20,,,0.7,20.0,optimal_decomposed,74.32564079999975,74.32509059999984,0.0,1,3,16673.564377350045,380.26230558966563,17053.82668293971,16812.28741421106,17192.549719800725,175117.10068975785,0.006695876786070393,58.46923239796968,0.0,0.0,0.0,False,False,False
main,saa_n20,saa,2025-10-01,51,True,True,20,,,0.7,20.0,optimal_decomposed,74.32564079999975,74.32509059999984,0.0,1,3,16673.564377350045,380.26230558966563,17053.82668293971,16712.654787543903,17092.91709313357,174118.52319970817,0.1365095316617413,48.87155501778261,0.0,0.0,0.0,False,False,False
main,saa_n20,saa,2025-10-01,52,True,True,20,,,0.7,20.0,optimal_decomposed,74.32564079999975,74.32509059999984,0.0,1,3,16673.564377350045,380.26230558966563,17053.82668293971,16765.512890325463,17145.77519591513,174449.0831506802,0.025303477036758087,60.564762594651384,0.0,0.0,0.0,False,False,False
main,saa_n20,saa,2025-10-01,53,True,True,20,,,0.7,20.0,optimal_decomposed,74.32564079999975,74.32509059999984,0.0,1,3,16673.564377350045,380.26230558966563,17053.82668293971,16751.817577502356,17132.07988309202,174803.47486392467,0.0,45.209128266154146,0.0,0.0,0.0,False,False,False
main,saa_n20,saa,2025-10-01,54,True,True,20,,,0.7,20.0,optimal_decomposed,74.32564079999975,74.32509059999984,0.0,1,3,16673.564377350045,380.26230558966563,17053.82668293971,16777.46540357018,17157.727709159844,174644.88055769177,0.0,47.05949381028014,0.0,0.0,0.0,False,False,False
main,saa_n20,saa,2025-10-01,55,True,True,20,,,0.7,20.0,optimal_decomposed,74.32564079999975,74.32509059999984,0.0,1,3,16673.564377350045,380.26230558966563,17053.82668293971,16771.389333721178,17151.651639310843,174590.50436151447,0.0,54.843780427939734,0.0,0.0,0.0,False,False,False
main,saa_n20,saa,2025-10-01,56,True,True,20,,,0.7,20.0,optimal_decomposed,74.32564079999975,74.32509059999984,0.0,1,3,16673.564377350045,380.26230558966563,17053.82668293971,16840.70389529884,17220.966200888506,174790.5206142475,0.0,38.97542100233108,0.0,0.0,0.0,False,False,False
main,saa_n20,saa,2025-10-01,57,True,True,20,,,0.7,20.0,optimal_decomposed,74.32564079999975,74.32509059999984,0.0,1,3,16673.564377350045,380.26230558966563,17053.82668293971,16768.462890864892,17148.725196454558,174528.5250573763,0.0,50.22283127265907,0.0,0.0,0.0,False,False,False
main,saa_n20,saa,2025-10-01,58,True,True,20,,,0.7,20.0,optimal_decomposed,74.32564079999975,74.32509059999984,0.0,1,3,16673.564377350045,380.26230558966563,17053.82668293971,16766.479095667746,17146.74140125741,174112.7845788477,0.09803130389618947,58.66562788293798,0.0,0.0,0.0,False,False,False
main,saa_n20,saa,2025-10-01,59,True,True,20,,,0.7,20.0,optimal_decomposed,74.32564079999975,74.32509059999984,0.0,1,3,16673.564377350045,380.26230558966563,17053.82668293971,16748.56080120993,17128.823106799595,174711.0944155642,0.0018439955611118386,51.96873415737414,0.0,0.0,0.0,False,False,False
main,saa_n20,saa,2025-10-01,60,True,True,20,,,0.7,20.0,optimal_decomposed,74.32564079999975,74.32509059999984,0.0,1,3,16673.564377350045,380.26230558966563,17053.82668293971,16733.451359561208,17113.713665150874,174488.60784722923,0.12372565049706041,51.66262472713357,0.0,0.0,0.0,False,False,False
main,saa_n20,saa,2025-10-01,61,True,True,20,,,0.7,20.0,optimal_decomposed,74.32564079999975,74.32509059999984,0.0,1,3,16673.564377350045,380.26230558966563,17053.82668293971,16786.10173626434,17166.364041854005,174462.28580638528,0.002734584276276042,40.09833511617434,0.0,0.0,0.0,False,False,False
main,saa_n20,saa,2025-10-01,62,True,True,20,,,0.7,20.0,optimal_decomposed,74.32564079999975,74.32509059999984,0.0,1,3,16673.564377350045,380.26230558966563,17053.82668293971,16804.816928129192,17185.079233718858,174614.39288322823,0.0044143996652969975,53.96265860829829,0.0,0.0,0.0,False,False,False
main,saa_n20,saa,2025-10-01,63,True,True,20,,,0.7,20.0,optimal_decomposed,74.32564079999975,74.32509059999984,0.0,1,3,16673.564377350045,380.26230558966563,17053.82668293971,16757.8360354476,17138.098341037265,174133.23187986566,0.009485272412008722,56.439213768534835,0.0,0.0,0.0,False,False,False
main,saa_n20,saa,2025-10-01,64,True,True,20,,,0.7,20.0,optimal_decomposed,74.32564079999975,74.32509059999984,0.0,1,3,16673.564377350045,380.26230558966563,17053.82668293971,16762.334840225398,17142.597145815063,174399.57500667166,0.0,48.85049690243923,0.0,0.0,0.0,False,False,False
main,saa_n20,saa,2025-10-01,65,True,True,20,,,0.7,20.0,optimal_decomposed,74.32564079999975,74.32509059999984,0.0,1,3,16673.564377350045,380.26230558966563,17053.82668293971,16765.122256145016,17145.38456173468,174410.51760861967,0.0,53.95524693314912,0.0,0.0,0.0,False,False,False
main,saa_n20,saa,2025-10-01,66,True,True,20,,,0.7,20.0,optimal_decomposed,74.32564079999975,74.32509059999984,0.0,1,3,16673.564377350045,380.26230558966563,17053.82668293971,16736.744564434517,17117.006870024183,174303.62074323095,0.0,58.93829813560244,0.0,0.0,0.0,False,False,False
main,saa_n20,saa,2025-10-01,67,True,True,20,,,0.7,20.0,optimal_decomposed,74.32564079999975,74.32509059999984,0.0,1,3,16673.564377350045,380.26230558966563,17053.82668293971,16771.419179187254,17151.68148477692,175084.44514242173,0.0,49.317744004773395,0.0,0.0,0.0,False,False,False
main,saa_n20,saa,2025-10-01,68,True,True,20,,,0.7,20.0,optimal_decomposed,74.32564079999975,74.32509059999984,0.0,1,3,16673.564377350045,380.26230558966563,17053.82668293971,16761.061899438024,17141.32420502769,174485.48016390778,0.10184512753038577,55.4718171053713,0.0,0.0,0.0,False,False,False
main,saa_n20,saa,2025-10-01,69,True,True,20,,,0.7,20.0,optimal_decomposed,74.32564079999975,74.32509059999984,0.0,1,3,16673.564377350045,380.26230558966563,17053.82668293971,16782.324020771706,17162.586326361372,174161.01103094273,0.0,52.98161776755129,0.0,0.0,0.0,False,False,False
main,saa_n20,saa,2025-10-01,70,True,True,20,,,0.7,20.0,optimal_decomposed,74.32564079999975,74.32509059999984,0.0,1,3,16673.564377350045,380.26230558966563,17053.82668293971,16795.797715074626,17176.060020664292,174744.27180263103,0.0,55.95501196353932,0.0,0.0,0.0,False,False,False
main,saa_n20,saa,2025-10-01,71,True,True,20,,,0.7,20.0,optimal_decomposed,74.32564079999975,74.32509059999984,0.0,1,3,16673.564377350045,380.26230558966563,17053.82668293971,16728.747874062854,17109.01017965252,174114.77282166365,0.1775529418257633,59.94066681525982,0.0,0.0,0.0,False,False,False
main,saa_n20,saa,2025-10-01,72,True,True,20,,,0.7,20.0,optimal_decomposed,74.32564079999975,74.32509059999984,0.0,1,3,16673.564377350045,380.26230558966563,17053.82668293971,16744.580920882465,17124.84322647213,173942.99091679993,0.09347169288774138,57.23105974017033,0.0,0.0,0.0,False,False,False
main,saa_n20,saa,2025-10-01,73,True,True,20,,,0.7,20.0,optimal_decomposed,74.32564079999975,74.32509059999984,0.0,1,3,16673.564377350045,380.26230558966563,17053.82668293971,16746.686117656835,17126.9484232465,174334.31868163712,0.015263155941780404,52.41804898038129,0.0,0.0,0.0,False,False,False
main,saa_n20,saa,2025-10-01,74,True,True,20,,,0.7,20.0,optimal_decomposed,74.32564079999975,74.32509059999984,0.0,1,3,16673.564377350045,380.26230558966563,17053.82668293971,16832.331881724844,17212.59418731451,174875.2867876354,0.0023336282664674912,54.2379799469251,0.0,0.0,0.0,False,False,False
main,saa_n20,saa,2025-10-01,75,True,True,20,,,0.7,20.0,optimal_decomposed,74.32564079999975,74.32509059999984,0.0,1,3,16673.564377350045,380.26230558966563,17053.82668293971,16759.388210922993,17139.65051651266,174554.0461842523,0.025295898374542186,50.57654625654647,0.0,0.0,0.0,False,False,False
main,saa_n20,saa,2025-10-01,76,True,True,20,,,0.7,20.0,optimal_decomposed,74.32564079999975,74.32509059999984,0.0,1,3,16673.564377350045,380.26230558966563,17053.82668293971,16793.790328076513,17174.05263366618,174520.62483682262,0.008729943783157806,50.914133980787916,0.0,0.0,0.0,False,False,False
main,saa_n20,saa,2025-10-01,77,True,True,20,,,0.7,20.0,optimal_decomposed,74.32564079999975,74.32509059999984,0.0,1,3,16673.564377350045,380.26230558966563,17053.82668293971,16843.963375488936,17224.225681078602,174247.04997309728,0.07770503690224523,46.016574836192476,0.0,0.0,0.0,False,False,False
main,saa_n20,saa,2025-10-01,78,True,True,20,,,0.7,20.0,optimal_decomposed,74.32564079999975,74.32509059999984,0.0,1,3,16673.564377350045,380.26230558966563,17053.82668293971,16735.557935074277,17115.820240663943,174463.5070363464,0.006583275777924724,51.59210385551246,0.0,0.0,0.0,False,False,False
main,saa_n20,saa,2025-10-01,79,True,True,20,,,0.7,20.0,optimal_decomposed,74.32564079999975,74.32509059999984,0.0,1,3,16673.564377350045,380.26230558966563,17053.82668293971,16775.346018797292,17155.608324386958,174657.26161525224,0.0,49.69086039997028,0.0,0.0,0.0,False,False,False
main,saa_n20,saa,2025-10-01,80,True,True,20,,,0.7,20.0,optimal_decomposed,74.32564079999975,74.32509059999984,0.0,1,3,16673.564377350045,380.26230558966563,17053.82668293971,16776.61340847287,17156.875714062535,174542.29661753873,0.0,50.22760506796082,0.0,0.0,0.0,False,False,False
main,saa_n20,saa,2025-10-01,81,True,True,20,,,0.7,20.0,optimal_decomposed,74.32564079999975,74.32509059999984,0.0,1,3,16673.564377350045,380.26230558966563,17053.82668293971,16725.037133850863,17105.29943944053,174276.7078601233,0.06878852562050738,57.640446688557425,0.0,0.0,0.0,False,False,False
main,saa_n20,saa,2025-10-01,82,True,True,20,,,0.7,20.0,optimal_decomposed,74.32564079999975,74.32509059999984,0.0,1,3,16673.564377350045,380.26230558966563,17053.82668293971,16767.113813552514,17147.37611914218,174548.44506939448,0.0,46.11998847460215,0.0,0.0,0.0,False,False,False
main,saa_n20,saa,2025-10-01,83,True,True,20,,,0.7,20.0,optimal_decomposed,74.32564079999975,74.32509059999984,0.0,1,3,16673.564377350045,380.26230558966563,17053.82668293971,16808.31050562702,17188.572811216687,174272.4918091481,0.0,44.34435184413359,0.0,0.0,0.0,False,False,False
main,saa_n20,saa,2025-10-01,84,True,True,20,,,0.7,20.0,optimal_decomposed,74.32564079999975,74.32509059999984,0.0,1,3,16673.564377350045,380.26230558966563,17053.82668293971,16772.278362533678,17152.540668123343,174402.48499757217,0.008458408579514715,46.033096676649734,0.0,0.0,0.0,False,False,False
main,saa_n20,saa,2025-10-01,85,True,True,20,,,0.7,20.0,optimal_decomposed,74.32564079999975,74.32509059999984,0.0,1,3,16673.564377350045,380.26230558966563,17053.82668293971,16826.279983282904,17206.54228887257,174437.08047285292,0.0,57.98899997289098,0.0,0.0,0.0,False,False,False
main,saa_n20,saa,2025-10-01,86,True,True,20,,,0.7,20.0,optimal_decomposed,74.32564079999975,74.32509059999984,0.0,1,3,16673.564377350045,380.26230558966563,17053.82668293971,16785.576365133482,17165.838670723148,174522.80293027,0.00578243925850816,46.35083166702106,0.0,0.0,0.0,False,False,False
main,saa_n20,saa,2025-10-01,87,True,True,20,,,0.7,20.0,optimal_decomposed,74.32564079999975,74.32509059999984,0.0,1,3,16673.564377350045,380.26230558966563,17053.82668293971,16737.346942495133,17117.6092480848,173911.48839834685,0.07900723133545912,53.4307590604507,0.0,0.0,0.0,False,False,False
main,saa_n20,saa,2025-10-01,88,True,True,20,,,0.7,20.0,optimal_decomposed,74.32564079999975,74.32509059999984,0.0,1,3,16673.564377350045,380.26230558966563,17053.82668293971,16771.189274334283,17151.45157992395,174324.94960915582,0.0,60.00680205284803,0.0,0.0,0.0,False,False,False
main,saa_n20,saa,2025-10-01,89,True,True,20,,,0.7,20.0,optimal_decomposed,74.32564079999975,74.32509059999984,0.0,1,3,16673.564377350045,380.26230558966563,17053.82668293971,16762.218514012537,17142.480819602202,174182.13986152835,0.0,50.08982115417365,0.0,0.0,0.0,False,False,False
main,saa_n20,saa,2025-10-01,90,True,True,20,,,0.7,20.0,optimal_decomposed,74.32564079999975,74.32509059999984,0.0,1,3,16673.564377350045,380.26230558966563,17053.82668293971,16749.477623256258,17129.739928845924,174194.49730569107,0.09677592275250269,57.34405760967129,0.0,0.0,0.0,False,False,False
main,saa_n20,saa,2025-10-01,91,True,True,20,,,0.7,20.0,optimal_decomposed,74.32564079999975,74.32509059999984,0.0,1,3,16673.564377350045,380.26230558966563,17053.82668293971,16770.66066257598,17150.922968165647,174630.5922914478,0.06635901414882611,49.50675827980892,0.0,0.0,0.0,False,False,False
main,saa_n20,saa,2025-10-01,92,True,True,20,,,0.7,20.0,optimal_decomposed,74.32564079999975,74.32509059999984,0.0,1,3,16673.564377350045,380.26230558966563,17053.82668293971,16748.218774784433,17128.4810803741,174347.99201273595,0.0010135950017943485,40.88696055795158,0.0,0.0,0.0,False,False,False
main,saa_n20,saa,2025-10-01,93,True,True,20,,,0.7,20.0,optimal_decomposed,74.32564079999975,74.32509059999984,0.0,1,3,16673.564377350045,380.26230558966563,17053.82668293971,16727.722504958758,17107.984810548423,174441.0553650084,0.0,54.57560185994747,0.0,0.0,0.0,False,False,False
main,saa_n20,saa,2025-10-01,94,True,True,20,,,0.7,20.0,optimal_decomposed,74.32564079999975,74.32509059999984,0.0,1,3,16673.564377350045,380.26230558966563,17053.82668293971,16815.07850389199,17195.340809481655,174304.95702466907,0.0,46.249214412223125,0.0,0.0,0.0,False,False,False
main,saa_n20,saa,2025-10-01,95,True,True,20,,,0.7,20.0,optimal_decomposed,74.32564079999975,74.32509059999984,0.0,1,3,16673.564377350045,380.26230558966563,17053.82668293971,16743.453278745787,17123.715584335452,174965.15288145043,0.0246416215327728,53.56963771277659,0.0,0.0,0.0,False,False,False
main,saa_n20,saa,2025-10-01,96,True,True,20,,,0.7,20.0,optimal_decomposed,74.32564079999975,74.32509059999984,0.0,1,3,16673.564377350045,380.26230558966563,17053.82668293971,16775.037192474978,17155.299498064644,174587.4078201902,0.028321149403156026,45.2594162173068,0.0,0.0,0.0,False,False,False
main,saa_n20,saa,2025-10-01,97,True,True,20,,,0.7,20.0,optimal_decomposed,74.32564079999975,74.32509059999984,0.0,1,3,16673.564377350045,380.26230558966563,17053.82668293971,16718.168460564062,17098.430766153728,174337.94355851272,0.0,52.847681240841,0.0,0.0,0.0,False,False,False
main,saa_n20,saa,2025-10-01,98,True,True,20,,,0.7,20.0,optimal_decomposed,74.32564079999975,74.32509059999984,0.0,1,3,16673.564377350045,380.26230558966563,17053.82668293971,16777.879850515896,17158.14215610556,174454.68110561048,0.025480440703915114,44.51344727206748,0.0,0.0,0.0,False,False,False
main,saa_n20,saa,2025-10-01,99,True,True,20,,,0.7,20.0,optimal_decomposed,74.32564079999975,74.32509059999984,0.0,1,3,16673.564377350045,380.26230558966563,17053.82668293971,16718.05940213841,17098.321707728075,174377.24188738316,0.0728724217635417,53.535425776625964,0.0,0.0,0.0,False,False,False
