suite,configuration,method,window,workload_replay_id,energy_uncertainty,workload_uncertainty,sample_size,gamma,rho,effective_capacity_fraction,bess_degradation_cost_usd_per_mwh_throughput,solver_status,solve_wall_time_seconds,solver_runtime_seconds,mip_gap,decomposition_iterations,active_scenario_count,nominal_grid_cost_usd,nominal_bess_degradation_cost_usd,nominal_operating_cost_usd,actual_grid_cost_usd,actual_operating_cost_usd,actual_carbon_kg,actual_curtailment_mwh,batch_adjustment_mwh,workload_envelope_violation_mwh,grid_limit_violation_mw,ramp_violation_mw,workload_violation,grid_limit_violation,ramp_violation
main,deterministic,deterministic,2025-07-01,0,True,True,0,,,0.7,20.0,optimal,1.9998070000001462,1.9998081000012462,0.0,0,0,15865.993068698399,295.27094918191557,16161.264017880314,16703.390743592743,16998.661692774658,171805.6610178918,0.0,55.388082362907475,0.0,0.0,0.0,False,False,False
main,deterministic,deterministic,2025-07-01,1,True,True,0,,,0.7,20.0,optimal,1.9998070000001462,1.9998081000012462,0.0,0,0,15865.993068698399,295.27094918191557,16161.264017880314,16672.62427744574,16967.895226627654,171208.0423073072,0.4598234988665902,67.28466577803403,0.0,0.0,0.0,False,False,False
main,deterministic,deterministic,2025-07-01,2,True,True,0,,,0.7,20.0,optimal,1.9998070000001462,1.9998081000012462,0.0,0,0,15865.993068698399,295.27094918191557,16161.264017880314,16747.820645568663,17043.09159475058,171668.24699201912,0.4408180575171639,52.63607531923011,0.0,0.0,0.0,False,False,False
main,deterministic,deterministic,2025-07-01,3,True,True,0,,,0.7,20.0,optimal,1.9998070000001462,1.9998081000012462,0.0,0,0,15865.993068698399,295.27094918191557,16161.264017880314,16710.23913463409,17005.510083816003,171781.88898351116,0.04601910346431337,57.75326578720427,0.0,0.0,0.0,False,False,False
main,deterministic,deterministic,2025-07-01,4,True,True,0,,,0.7,20.0,optimal,1.9998070000001462,1.9998081000012462,0.0,0,0,15865.993068698399,295.27094918191557,16161.264017880314,16594.78221648911,16890.053165671026,172026.71341627717,0.0,50.00022570092054,0.0,0.0,0.0,False,False,False
main,deterministic,deterministic,2025-07-01,5,True,True,0,,,0.7,20.0,optimal,1.9998070000001462,1.9998081000012462,0.0,0,0,15865.993068698399,295.27094918191557,16161.264017880314,16715.387168537643,17010.65811771956,171805.56256645636,0.0,59.03131949275402,0.0,0.0,0.0,False,False,False
main,deterministic,deterministic,2025-07-01,6,True,True,0,,,0.7,20.0,optimal,1.9998070000001462,1.9998081000012462,0.0,0,0,15865.993068698399,295.27094918191557,16161.264017880314,16781.07680730224,17076.347756484156,171923.9004669605,0.0,55.62647552722361,0.0,0.0,0.0,False,False,False
main,deterministic,deterministic,2025-07-01,7,True,True,0,,,0.7,20.0,optimal,1.9998070000001462,1.9998081000012462,0.0,0,0,15865.993068698399,295.27094918191557,16161.264017880314,16727.16693070249,17022.437879884405,171917.36431568884,0.3848755220778293,54.73289674894199,0.0,0.0,0.0,False,False,False
main,deterministic,deterministic,2025-07-01,8,True,True,0,,,0.7,20.0,optimal,1.9998070000001462,1.9998081000012462,0.0,0,0,15865.993068698399,295.27094918191557,16161.264017880314,16632.6702586102,16927.941207792115,171287.082850087,0.0,55.24471494748051,0.0,0.0,0.0,False,False,False
main,deterministic,deterministic,2025-07-01,9,True,True,0,,,0.7,20.0,optimal,1.9998070000001462,1.9998081000012462,0.0,0,0,15865.993068698399,295.27094918191557,16161.264017880314,16797.51307382643,17092.784023008346,171803.82111237128,0.5292701773935884,63.7366528646997,0.0,0.0,0.0,False,False,False
main,deterministic,deterministic,2025-07-01,10,True,True,0,,,0.7,20.0,optimal,1.9998070000001462,1.9998081000012462,0.0,0,0,15865.993068698399,295.27094918191557,16161.264017880314,16704.177009811825,16999.44795899374,171655.88591192762,0.0,54.75244559282707,0.0,0.0,0.0,False,False,False
main,deterministic,deterministic,2025-07-01,11,True,True,0,,,0.7,20.0,optimal,1.9998070000001462,1.9998081000012462,0.0,0,0,15865.993068698399,295.27094918191557,16161.264017880314,16725.25394081525,17020.524889997167,171610.03923859017,0.0393229681482245,51.157346825305844,0.0,0.0,0.0,False,False,False
main,deterministic,deterministic,2025-07-01,12,True,True,0,,,0.7,20.0,optimal,1.9998070000001462,1.9998081000012462,0.0,0,0,15865.993068698399,295.27094918191557,16161.264017880314,16759.949144886385,17055.2200940683,171242.56598774655,0.16432210056228397,53.75827175559471,0.0,0.0,0.0,False,False,False
main,deterministic,deterministic,2025-07-01,13,True,True,0,,,0.7,20.0,optimal,1.9998070000001462,1.9998081000012462,0.0,0,0,15865.993068698399,295.27094918191557,16161.264017880314,16768.904199758363,17064.175148940278,171656.9139327405,0.6211870842746594,56.86640493432147,0.0,0.0,0.0,False,False,False
main,deterministic,deterministic,2025-07-01,14,True,True,0,,,0.7,20.0,optimal,1.9998070000001462,1.9998081000012462,0.0,0,0,15865.993068698399,295.27094918191557,16161.264017880314,16694.312770489414,16989.58371967133,171541.7420483637,0.11711668279140325,55.59748046363969,0.0,0.0,0.0,False,False,False
main,deterministic,deterministic,2025-07-01,15,True,True,0,,,0.7,20.0,optimal,1.9998070000001462,1.9998081000012462,0.0,0,0,15865.993068698399,295.27094918191557,16161.264017880314,16719.776328139083,17015.047277321,171303.38186263017,0.0,52.927477454641966,0.0,0.0,0.0,False,False,False
main,deterministic,deterministic,2025-07-01,16,True,True,0,,,0.7,20.0,optimal,1.9998070000001462,1.9998081000012462,0.0,0,0,15865.993068698399,295.27094918191557,16161.264017880314,16756.249743525572,17051.520692707487,172115.34667124128,0.0,52.98316875264774,0.0,0.0,0.0,False,False,False
main,deterministic,deterministic,2025-07-01,17,True,True,0,,,0.7,20.0,optimal,1.9998070000001462,1.9998081000012462,0.0,0,0,15865.993068698399,295.27094918191557,16161.264017880314,16852.017046595585,17147.2879957775,171560.2928607208,0.0,64.52444713609228,0.0,0.0,0.0,False,False,False
main,deterministic,deterministic,2025-07-01,18,True,True,0,,,0.7,20.0,optimal,1.9998070000001462,1.9998081000012462,0.0,0,0,15865.993068698399,295.27094918191557,16161.264017880314,16892.221078103008,17187.492027284923,171682.74984787084,0.596304136612144,59.78244003984336,0.0,0.0,0.0,False,False,False
main,deterministic,deterministic,2025-07-01,19,True,True,0,,,0.7,20.0,optimal,1.9998070000001462,1.9998081000012462,0.0,0,0,15865.993068698399,295.27094918191557,16161.264017880314,16711.446244552153,17006.717193734068,171591.61809331775,0.0,57.89382851530002,0.0,0.0,0.0,False,False,False
main,deterministic,deterministic,2025-07-01,20,True,True,0,,,0.7,20.0,optimal,1.9998070000001462,1.9998081000012462,0.0,0,0,15865.993068698399,295.27094918191557,16161.264017880314,16756.002626599715,17051.27357578163,172521.7274425171,0.0,52.28609182260863,0.0,0.0,0.0,False,False,False
main,deterministic,deterministic,2025-07-01,21,True,True,0,,,0.7,20.0,optimal,1.9998070000001462,1.9998081000012462,0.0,0,0,15865.993068698399,295.27094918191557,16161.264017880314,16671.283242203368,16966.554191385283,171870.19856101082,0.046019110669082375,51.10559024755785,0.0,0.0,0.0,False,False,False
main,deterministic,deterministic,2025-07-01,22,True,True,0,,,0.7,20.0,optimal,1.9998070000001462,1.9998081000012462,0.0,0,0,15865.993068698399,295.27094918191557,16161.264017880314,16723.713806353826,17018.98475553574,171472.11128067086,0.0,55.864127995311755,0.0,0.0,0.0,False,False,False
main,deterministic,deterministic,2025-07-01,23,True,True,0,,,0.7,20.0,optimal,1.9998070000001462,1.9998081000012462,0.0,0,0,15865.993068698399,295.27094918191557,16161.264017880314,16727.625815366227,17022.896764548143,171534.20722039609,0.47381481062759906,59.01654998933078,0.0,0.0,0.0,False,False,False
main,deterministic,deterministic,2025-07-01,24,True,True,0,,,0.7,20.0,optimal,1.9998070000001462,1.9998081000012462,0.0,0,0,15865.993068698399,295.27094918191557,16161.264017880314,16776.181446288138,17071.452395470053,171697.4318423245,0.24690785393993875,64.02695183424757,0.0,0.0,0.0,False,False,False
main,deterministic,deterministic,2025-07-01,25,True,True,0,,,0.7,20.0,optimal,1.9998070000001462,1.9998081000012462,0.0,0,0,15865.993068698399,295.27094918191557,16161.264017880314,16728.64904105601,17023.919990237926,171959.42302736666,0.0,48.71146826940114,0.0,0.0,0.0,False,False,False
main,deterministic,deterministic,2025-07-01,26,True,True,0,,,0.7,20.0,optimal,1.9998070000001462,1.9998081000012462,0.0,0,0,15865.993068698399,295.27094918191557,16161.264017880314,16711.21743931221,17006.488388494126,171240.77370189666,0.04601910845340562,63.60507446253554,0.0,0.0,0.0,False,False,False
main,deterministic,deterministic,2025-07-01,27,True,True,0,,,0.7,20.0,optimal,1.9998070000001462,1.9998081000012462,0.0,0,0,15865.993068698399,295.27094918191557,16161.264017880314,16744.81772843191,17040.088677613825,171131.85631585654,0.04601910350575489,60.701661908244816,0.0,0.0,0.0,False,False,False
main,deterministic,deterministic,2025-07-01,28,True,True,0,,,0.7,20.0,optimal,1.9998070000001462,1.9998081000012462,0.0,0,0,15865.993068698399,295.27094918191557,16161.264017880314,16732.745603453823,17028.016552635738,172040.9005851309,0.0,45.38054863460432,0.0,0.0,0.0,False,False,False
main,deterministic,deterministic,2025-07-01,29,True,True,0,,,0.7,20.0,optimal,1.9998070000001462,1.9998081000012462,0.0,0,0,15865.993068698399,295.27094918191557,16161.264017880314,16770.962436601538,17066.233385783453,171812.3200854782,0.4712736301017018,48.67316685962619,0.0,0.0,0.0,False,False,False
main,deterministic,deterministic,2025-07-01,30,True,True,0,,,0.7,20.0,optimal,1.9998070000001462,1.9998081000012462,0.0,0,0,15865.993068698399,295.27094918191557,16161.264017880314,16607.338202071012,16902.609151252927,171684.35415250878,0.046019109937625924,50.66495418449564,0.0,0.0,0.0,False,False,False
main,deterministic,deterministic,2025-07-01,31,True,True,0,,,0.7,20.0,optimal,1.9998070000001462,1.9998081000012462,0.0,0,0,15865.993068698399,295.27094918191557,16161.264017880314,16687.434580092064,16982.70552927398,171366.70487921895,0.11902530629068703,57.117116703489486,0.0,0.0,0.0,False,False,False
main,deterministic,deterministic,2025-07-01,32,True,True,0,,,0.7,20.0,optimal,1.9998070000001462,1.9998081000012462,0.0,0,0,15865.993068698399,295.27094918191557,16161.264017880314,16725.757609325687,17021.0285585076,171368.09693858898,0.06349444050855835,60.39973953839453,0.0,0.0,0.0,False,False,False
main,deterministic,deterministic,2025-07-01,33,True,True,0,,,0.7,20.0,optimal,1.9998070000001462,1.9998081000012462,0.0,0,0,15865.993068698399,295.27094918191557,16161.264017880314,16745.230344190924,17040.50129337284,171459.5688003308,0.0,68.11881972871143,0.0,0.0,0.0,False,False,False
main,deterministic,deterministic,2025-07-01,34,True,True,0,,,0.7,20.0,optimal,1.9998070000001462,1.9998081000012462,0.0,0,0,15865.993068698399,295.27094918191557,16161.264017880314,16683.750730200423,16979.02167938234,171871.46038661507,0.0,57.396661675559294,0.0,0.0,0.0,False,False,False
main,deterministic,deterministic,2025-07-01,35,True,True,0,,,0.7,20.0,optimal,1.9998070000001462,1.9998081000012462,0.0,0,0,15865.993068698399,295.27094918191557,16161.264017880314,16777.22042574135,17072.491374923266,171845.89601752543,0.0,60.60214357508282,0.0,0.0,0.0,False,False,False
main,deterministic,deterministic,2025-07-01,36,True,True,0,,,0.7,20.0,optimal,1.9998070000001462,1.9998081000012462,0.0,0,0,15865.993068698399,295.27094918191557,16161.264017880314,16703.249591982898,16998.520541164813,172057.90782893528,0.0,64.43142501048729,0.0,0.0,0.0,False,False,False
main,deterministic,deterministic,2025-07-01,37,True,True,0,,,0.7,20.0,optimal,1.9998070000001462,1.9998081000012462,0.0,0,0,15865.993068698399,295.27094918191557,16161.264017880314,16640.185713827832,16935.456663009747,171771.48282105697,0.0,45.5729973878012,0.0,0.0,0.0,False,False,False
main,deterministic,deterministic,2025-07-01,38,True,True,0,,,0.7,20.0,optimal,1.9998070000001462,1.9998081000012462,0.0,0,0,15865.993068698399,295.27094918191557,16161.264017880314,16706.760222883433,17002.031172065348,171469.37062307,0.11660816789154721,50.48199917140717,0.0,0.0,0.0,False,False,False
main,deterministic,deterministic,2025-07-01,39,True,True,0,,,0.7,20.0,optimal,1.9998070000001462,1.9998081000012462,0.0,0,0,15865.993068698399,295.27094918191557,16161.264017880314,16773.71993835312,17068.990887535034,172114.55447554882,0.0,47.45981749351322,0.0,0.0,0.0,False,False,False
main,deterministic,deterministic,2025-07-01,40,True,True,0,,,0.7,20.0,optimal,1.9998070000001462,1.9998081000012462,0.0,0,0,15865.993068698399,295.27094918191557,16161.264017880314,16731.60801038042,17026.878959562335,171623.27888718253,0.3518660320556944,51.55260188492912,0.0,0.0,0.0,False,False,False
main,deterministic,deterministic,2025-07-01,41,True,True,0,,,0.7,20.0,optimal,1.9998070000001462,1.9998081000012462,0.0,0,0,15865.993068698399,295.27094918191557,16161.264017880314,16683.51355704122,16978.784506223135,171711.85329092405,0.0,41.90078670024751,0.0,0.0,0.0,False,False,False
main,deterministic,deterministic,2025-07-01,42,True,True,0,,,0.7,20.0,optimal,1.9998070000001462,1.9998081000012462,0.0,0,0,15865.993068698399,295.27094918191557,16161.264017880314,16838.882366987033,17134.153316168948,171406.23555845986,0.24438448828999237,59.73613946771596,0.0,0.0,0.0,False,False,False
main,deterministic,deterministic,2025-07-01,43,True,True,0,,,0.7,20.0,optimal,1.9998070000001462,1.9998081000012462,0.0,0,0,15865.993068698399,295.27094918191557,16161.264017880314,16639.32029489125,16934.591244073166,171651.23548436584,0.046019110669082375,52.203107903593214,0.0,0.0,0.0,False,False,False
main,deterministic,deterministic,2025-07-01,44,True,True,0,,,0.7,20.0,optimal,1.9998070000001462,1.9998081000012462,0.0,0,0,15865.993068698399,295.27094918191557,16161.264017880314,16762.775258201793,17058.046207383708,172242.6363270673,0.0,55.18591248005651,0.0,0.0,0.0,False,False,False
main,deterministic,deterministic,2025-07-01,45,True,True,0,,,0.7,20.0,optimal,1.9998070000001462,1.9998081000012462,0.0,0,0,15865.993068698399,295.27094918191557,16161.264017880314,16709.315497893906,17004.58644707582,171825.0037919614,0.30002029607398356,61.63132575024989,0.0,0.0,0.0,False,False,False
main,deterministic,deterministic,2025-07-01,46,True,True,0,,,0.7,20.0,optimal,1.9998070000001462,1.9998081000012462,0.0,0,0,15865.993068698399,295.27094918191557,16161.264017880314,16861.86429471259,17157.135243894507,171738.11268926362,0.0,57.150342766313,0.0,0.0,0.0,False,False,False
main,deterministic,deterministic,2025-07-01,47,True,True,0,,,0.7,20.0,optimal,1.9998070000001462,1.9998081000012462,0.0,0,0,15865.993068698399,295.27094918191557,16161.264017880314,16851.80244037624,17147.073389558154,172036.83856206434,0.5308498271237871,58.13587052279721,0.0,0.0,0.0,False,False,False
main,deterministic,deterministic,2025-07-01,48,True,True,0,,,0.7,20.0,optimal,1.9998070000001462,1.9998081000012462,0.0,0,0,15865.993068698399,295.27094918191557,16161.264017880314,16655.23549147094,16950.506440652855,171821.81838275358,0.05634918011215967,54.687744614267345,0.0,0.0,0.0,False,False,False
main,deterministic,deterministic,2025-07-01,49,True,True,0,,,0.7,20.0,optimal,1.9998070000001462,1.9998081000012462,0.0,0,0,15865.993068698399,295.27094918191557,16161.264017880314,16722.604745933015,17017.87569511493,172063.4156181422,0.2560920027694616,60.39756081428726,0.0,0.0,0.0,False,False,False
main,deterministic,deterministic,2025-07-01,50,True,True,0,,,0.7,20.0,optimal,1.9998070000001462,1.9998081000012462,0.0,0,0,15865.993068698399,295.27094918191557,16161.264017880314,16646.159732855194,16941.43068203711,171546.7486518765,0.046019110669082375,62.575834097720616,0.0,0.0,0.0,False,False,False
main,deterministic,deterministic,2025-07-01,51,True,True,0,,,0.7,20.0,optimal,1.9998070000001462,1.9998081000012462,0.0,0,0,15865.993068698399,295.27094918191557,16161.264017880314,16699.947599902796,16995.21854908471,171499.1745078537,0.0,56.93267110613346,0.0,0.0,0.0,False,False,False
main,deterministic,deterministic,2025-07-01,52,True,True,0,,,0.7,20.0,optimal,1.9998070000001462,1.9998081000012462,0.0,0,0,15865.993068698399,295.27094918191557,16161.264017880314,16739.673263230063,17034.944212411978,171775.50860287517,0.25102807836186425,60.45059487767497,0.0,0.0,0.0,False,False,False
main,deterministic,deterministic,2025-07-01,53,True,True,0,,,0.7,20.0,optimal,1.9998070000001462,1.9998081000012462,0.0,0,0,15865.993068698399,295.27094918191557,16161.264017880314,16859.486920265514,17154.75786944743,172224.43908140468,0.0,49.15030184584412,0.0,0.0,0.0,False,False,False
main,deterministic,deterministic,2025-07-01,54,True,True,0,,,0.7,20.0,optimal,1.9998070000001462,1.9998081000012462,0.0,0,0,15865.993068698399,295.27094918191557,16161.264017880314,16905.54413285979,17200.815082041707,171875.40115778302,0.0,55.38972773714331,0.0,0.0,0.0,False,False,False
main,deterministic,deterministic,2025-07-01,55,True,True,0,,,0.7,20.0,optimal,1.9998070000001462,1.9998081000012462,0.0,0,0,15865.993068698399,295.27094918191557,16161.264017880314,16679.170281864543,16974.441231046458,171580.84220649817,0.0,60.19698057335216,0.0,0.0,0.0,False,False,False
main,deterministic,deterministic,2025-07-01,56,True,True,0,,,0.7,20.0,optimal,1.9998070000001462,1.9998081000012462,0.0,0,0,15865.993068698399,295.27094918191557,16161.264017880314,16712.57454145463,17007.845490636544,171930.31065726318,0.0,45.94845948065614,0.0,0.0,0.0,False,False,False
main,deterministic,deterministic,2025-07-01,57,True,True,0,,,0.7,20.0,optimal,1.9998070000001462,1.9998081000012462,0.0,0,0,15865.993068698399,295.27094918191557,16161.264017880314,16736.772456049534,17032.04340523145,172014.24461019455,0.5331039135063265,54.72503599154826,0.0,0.0,0.0,False,False,False
main,deterministic,deterministic,2025-07-01,58,True,True,0,,,0.7,20.0,optimal,1.9998070000001462,1.9998081000012462,0.0,0,0,15865.993068698399,295.27094918191557,16161.264017880314,16668.276159431778,16963.547108613693,171646.30673351267,0.0,60.44200139052187,0.0,0.0,0.0,False,False,False
main,deterministic,deterministic,2025-07-01,59,True,True,0,,,0.7,20.0,optimal,1.9998070000001462,1.9998081000012462,0.0,0,0,15865.993068698399,295.27094918191557,16161.264017880314,16690.440319117406,16985.71126829932,171703.8599347193,0.0,59.80077416246699,0.0,0.0,0.0,False,False,False
main,deterministic,deterministic,2025-07-01,60,True,True,0,,,0.7,20.0,optimal,1.9998070000001462,1.9998081000012462,0.0,0,0,15865.993068698399,295.27094918191557,16161.264017880314,16692.542723842907,16987.813673024822,171823.69780479308,0.046019110669082375,55.53283169429233,0.0,0.0,0.0,False,False,False
main,deterministic,deterministic,2025-07-01,61,True,True,0,,,0.7,20.0,optimal,1.9998070000001462,1.9998081000012462,0.0,0,0,15865.993068698399,295.27094918191557,16161.264017880314,16715.3875470437,17010.658496225617,171774.5083194586,0.0,44.91161536620391,0.0,0.0,0.0,False,False,False
main,deterministic,deterministic,2025-07-01,62,True,True,0,,,0.7,20.0,optimal,1.9998070000001462,1.9998081000012462,0.0,0,0,15865.993068698399,295.27094918191557,16161.264017880314,16721.862833942818,17017.133783124733,171728.1015766961,0.0,60.623393335184716,0.0,0.0,0.0,False,False,False
main,deterministic,deterministic,2025-07-01,63,True,True,0,,,0.7,20.0,optimal,1.9998070000001462,1.9998081000012462,0.0,0,0,15865.993068698399,295.27094918191557,16161.264017880314,16788.47100913939,17083.741958321305,171596.341721504,0.4676304483620694,65.01053710380658,0.0,0.0,0.0,False,False,False
main,deterministic,deterministic,2025-07-01,64,True,True,0,,,0.7,20.0,optimal,1.9998070000001462,1.9998081000012462,0.0,0,0,15865.993068698399,295.27094918191557,16161.264017880314,16694.37458749266,16989.645536674576,171460.3818974845,0.2419575187556593,53.75613446814694,0.0,0.0,0.0,False,False,False
main,deterministic,deterministic,2025-07-01,65,True,True,0,,,0.7,20.0,optimal,1.9998070000001462,1.9998081000012462,0.0,0,0,15865.993068698399,295.27094918191557,16161.264017880314,16830.09339506047,17125.364344242385,171625.12374721534,0.0,55.060781144398405,0.0,0.0,0.0,False,False,False
main,deterministic,deterministic,2025-07-01,66,True,True,0,,,0.7,20.0,optimal,1.9998070000001462,1.9998081000012462,0.0,0,0,15865.993068698399,295.27094918191557,16161.264017880314,16693.436904482223,16988.70785366414,171708.1350400203,0.4242669480686751,66.26023197350554,0.0,0.0,0.0,False,False,False
main,deterministic,deterministic,2025-07-01,67,True,True,0,,,0.7,20.0,optimal,1.9998070000001462,1.9998081000012462,0.0,0,0,15865.993068698399,295.27094918191557,16161.264017880314,16676.156791988382,16971.427741170297,172154.21842504907,0.0,51.735920393973416,0.0,0.0,0.0,False,False,False
main,deterministic,deterministic,2025-07-01,68,True,True,0,,,0.7,20.0,optimal,1.9998070000001462,1.9998081000012462,0.0,0,0,15865.993068698399,295.27094918191557,16161.264017880314,16711.11415692574,17006.385106107657,171596.33717197302,0.5024457346531899,57.05044423564585,0.0,0.0,0.0,False,False,False
main,deterministic,deterministic,2025-07-01,69,True,True,0,,,0.7,20.0,optimal,1.9998070000001462,1.9998081000012462,0.0,0,0,15865.993068698399,295.27094918191557,16161.264017880314,16878.80423822063,17174.075187402545,171377.3497930464,0.0,58.402873526981516,0.0,0.0,0.0,False,False,False
main,deterministic,deterministic,2025-07-01,70,True,True,0,,,0.7,20.0,optimal,1.9998070000001462,1.9998081000012462,0.0,0,0,15865.993068698399,295.27094918191557,16161.264017880314,16682.29808710798,16977.569036289897,171706.99881225848,0.0,60.25044851172341,0.0,0.0,0.0,False,False,False
main,deterministic,deterministic,2025-07-01,71,True,True,0,,,0.7,20.0,optimal,1.9998070000001462,1.9998081000012462,0.0,0,0,15865.993068698399,295.27094918191557,16161.264017880314,16653.011622882415,16948.28257206433,171616.02992784412,0.0,66.7165727016327,0.0,0.0,0.0,False,False,False
main,deterministic,deterministic,2025-07-01,72,True,True,0,,,0.7,20.0,optimal,1.9998070000001462,1.9998081000012462,0.0,0,0,15865.993068698399,295.27094918191557,16161.264017880314,16699.987631174747,16995.25858035666,170924.03629662123,0.0,63.8262746247703,0.0,0.0,0.0,False,False,False
main,deterministic,deterministic,2025-07-01,73,True,True,0,,,0.7,20.0,optimal,1.9998070000001462,1.9998081000012462,0.0,0,0,15865.993068698399,295.27094918191557,16161.264017880314,16658.351026336928,16953.621975518843,171552.18443854534,0.0,58.081623900114806,0.0,0.0,0.0,False,False,False
main,deterministic,deterministic,2025-07-01,74,True,True,0,,,0.7,20.0,optimal,1.9998070000001462,1.9998081000012462,0.0,0,0,15865.993068698399,295.27094918191557,16161.264017880314,16776.317288176622,17071.588237358537,172439.19255175008,0.5149372330587998,58.38322676175558,0.0,0.0,0.0,False,False,False
main,deterministic,deterministic,2025-07-01,75,True,True,0,,,0.7,20.0,optimal,1.9998070000001462,1.9998081000012462,0.0,0,0,15865.993068698399,295.27094918191557,16161.264017880314,16719.427681341844,17014.69863052376,171997.39118653897,0.44003115036524315,56.582193292186425,0.0,0.0,0.0,False,False,False
main,deterministic,deterministic,2025-07-01,76,True,True,0,,,0.7,20.0,optimal,1.9998070000001462,1.9998081000012462,0.0,0,0,15865.993068698399,295.27094918191557,16161.264017880314,16752.158761076964,17047.42971025888,171435.61556365388,0.4710033669836416,57.22213478883388,0.0,0.0,0.0,False,False,False
main,deterministic,deterministic,2025-07-01,77,True,True,0,,,0.7,20.0,optimal,1.9998070000001462,1.9998081000012462,0.0,0,0,15865.993068698399,295.27094918191557,16161.264017880314,16792.889980013304,17088.16092919522,171091.78261428702,0.0,54.03936067895807,0.0,0.0,0.0,False,False,False
main,deterministic,deterministic,2025-07-01,78,True,True,0,,,0.7,20.0,optimal,1.9998070000001462,1.9998081000012462,0.0,0,0,15865.993068698399,295.27094918191557,16161.264017880314,16654.252620478455,16949.52356966037,171682.22677897912,0.046019110669082375,59.389136605642,0.0,0.0,0.0,False,False,False
main,deterministic,deterministic,2025-07-01,79,True,True,0,,,0.7,20.0,optimal,1.9998070000001462,1.9998081000012462,0.0,0,0,15865.993068698399,295.27094918191557,16161.264017880314,16771.692096466806,17066.96304564872,171645.01537861236,0.0,54.25519829034416,0.0,0.0,0.0,False,False,False
main,deterministic,deterministic,2025-07-01,80,True,True,0,,,0.7,20.0,optimal,1.9998070000001462,1.9998081000012462,0.0,0,0,15865.993068698399,295.27094918191557,16161.264017880314,16728.978028378395,17024.24897756031,171463.0149533589,0.11969882082572308,55.995756949234455,0.0,0.0,0.0,False,False,False
main,deterministic,deterministic,2025-07-01,81,True,True,0,,,0.7,20.0,optimal,1.9998070000001462,1.9998081000012462,0.0,0,0,15865.993068698399,295.27094918191557,16161.264017880314,16670.01450268857,16965.285451870484,171527.27025917798,0.0,65.64071327720778,0.0,0.0,0.0,False,False,False
main,deterministic,deterministic,2025-07-01,82,True,True,0,,,0.7,20.0,optimal,1.9998070000001462,1.9998081000012462,0.0,0,0,15865.993068698399,295.27094918191557,16161.264017880314,16691.415874493905,16986.68682367582,172152.14276919287,0.046019110669082375,45.89520726517059,0.0,0.0,0.0,False,False,False
main,deterministic,deterministic,2025-07-01,83,True,True,0,,,0.7,20.0,optimal,1.9998070000001462,1.9998081000012462,0.0,0,0,15865.993068698399,295.27094918191557,16161.264017880314,16714.542203199526,17009.81315238144,171413.87998547425,0.0,56.78100803012284,0.0,0.0,0.0,False,False,False
main,deterministic,deterministic,2025-07-01,84,True,True,0,,,0.7,20.0,optimal,1.9998070000001462,1.9998081000012462,0.0,0,0,15865.993068698399,295.27094918191557,16161.264017880314,16695.078842866296,16990.34979204821,171449.14818972364,0.0,55.24371969605822,0.0,0.0,0.0,False,False,False
main,deterministic,deterministic,2025-07-01,85,True,True,0,,,0.7,20.0,optimal,1.9998070000001462,1.9998081000012462,0.0,0,0,15865.993068698399,295.27094918191557,16161.264017880314,16705.32306083455,17000.594010016466,171289.41696324243,0.04601910284435351,65.61939895556223,0.0,0.0,0.0,False,False,False
main,deterministic,deterministic,2025-07-01,86,True,True,0,,,0.7,20.0,optimal,1.9998070000001462,1.9998081000012462,0.0,0,0,15865.993068698399,295.27094918191557,16161.264017880314,16776.713457037902,17071.984406219817,171716.8741698947,0.0,50.53001112906692,0.0,0.0,0.0,False,False,False
main,deterministic,deterministic,2025-07-01,87,True,True,0,,,0.7,20.0,optimal,1.9998070000001462,1.9998081000012462,0.0,0,0,15865.993068698399,295.27094918191557,16161.264017880314,16750.346629830263,17045.617579012178,171714.32473341803,0.614525005761956,55.28833283920477,0.0,0.0,0.0,False,False,False
main,deterministic,deterministic,2025-07-01,88,True,True,0,,,0.7,20.0,optimal,1.9998070000001462,1.9998081000012462,0.0,0,0,15865.993068698399,295.27094918191557,16161.264017880314,16743.210068141012,17038.481017322927,171365.5157506481,0.04601910845475432,64.30848871177307,0.0,0.0,0.0,False,False,False
main,deterministic,deterministic,2025-07-01,89,True,True,0,,,0.7,20.0,optimal,1.9998070000001462,1.9998081000012462,0.0,0,0,15865.993068698399,295.27094918191557,16161.264017880314,16740.524962255768,17035.795911437683,171463.4902048538,0.0,56.84185239583509,0.0,0.0,0.0,False,False,False
main,deterministic,deterministic,2025-07-01,90,True,True,0,,,0.7,20.0,optimal,1.9998070000001462,1.9998081000012462,0.0,0,0,15865.993068698399,295.27094918191557,16161.264017880314,16735.222510876487,17030.493460058402,172043.63398117534,0.5167171917759179,59.69761296096636,0.0,0.0,0.0,False,False,False
main,deterministic,deterministic,2025-07-01,91,True,True,0,,,0.7,20.0,optimal,1.9998070000001462,1.9998081000012462,0.0,0,0,15865.993068698399,295.27094918191557,16161.264017880314,16660.465188305763,16955.73613748768,171501.85526217942,0.0,54.49460169198957,0.0,0.0,0.0,False,False,False
main,deterministic,deterministic,2025-07-01,92,True,True,0,,,0.7,20.0,optimal,1.9998070000001462,1.9998081000012462,0.0,0,0,15865.993068698399,295.27094918191557,16161.264017880314,16733.97316520938,17029.244114391295,171885.9430048574,0.0,45.59298682304872,0.0,0.0,0.0,False,False,False
main,deterministic,deterministic,2025-07-01,93,True,True,0,,,0.7,20.0,optimal,1.9998070000001462,1.9998081000012462,0.0,0,0,15865.993068698399,295.27094918191557,16161.264017880314,16731.508220860902,17026.779170042817,171777.17636314486,0.4540320791576124,57.193065992944064,0.0,0.0,0.0,False,False,False
main,deterministic,deterministic,2025-07-01,94,True,True,0,,,0.7,20.0,optimal,1.9998070000001462,1.9998081000012462,0.0,0,0,15865.993068698399,295.27094918191557,16161.264017880314,16721.559614995742,17016.830564177657,171382.55429992205,0.0,52.416258568105135,0.0,0.0,0.0,False,False,False
main,deterministic,deterministic,2025-07-01,95,True,True,0,,,0.7,20.0,optimal,1.9998070000001462,1.9998081000012462,0.0,0,0,15865.993068698399,295.27094918191557,16161.264017880314,16725.764953004276,17021.03590218619,172278.463694095,0.0,56.24357225014978,0.0,0.0,0.0,False,False,False
main,deterministic,deterministic,2025-07-01,96,True,True,0,,,0.7,20.0,optimal,1.9998070000001462,1.9998081000012462,0.0,0,0,15865.993068698399,295.27094918191557,16161.264017880314,16761.119781700043,17056.390730881958,171695.25083177103,0.0,53.633327685124,0.0,0.0,0.0,False,False,False
main,deterministic,deterministic,2025-07-01,97,True,True,0,,,0.7,20.0,optimal,1.9998070000001462,1.9998081000012462,0.0,0,0,15865.993068698399,295.27094918191557,16161.264017880314,16705.881318317854,17001.15226749977,171686.1187577207,0.046019110669082375,54.30961345539473,0.0,0.0,0.0,False,False,False
main,deterministic,deterministic,2025-07-01,98,True,True,0,,,0.7,20.0,optimal,1.9998070000001462,1.9998081000012462,0.0,0,0,15865.993068698399,295.27094918191557,16161.264017880314,16693.876706087984,16989.1476552699,171808.26794320586,0.0,45.60985835193453,0.0,0.0,0.0,False,False,False
main,deterministic,deterministic,2025-07-01,99,True,True,0,,,0.7,20.0,optimal,1.9998070000001462,1.9998081000012462,0.0,0,0,15865.993068698399,295.27094918191557,16161.264017880314,16652.32688673702,16947.597835918936,171821.48817898217,0.0,58.330462526912115,0.0,0.0,0.0,False,False,False
main,deterministic,deterministic,2025-10-01,0,True,True,0,,,0.7,20.0,optimal,2.03541419999965,2.035414899997704,0.0,0,0,16322.879883330099,525.4481269872357,16848.328010317335,16381.82953388226,16907.277660869495,173711.05424810844,0.1551321342305192,51.782832048340794,0.0,0.0,0.0,False,False,False
main,deterministic,deterministic,2025-10-01,1,True,True,0,,,0.7,20.0,optimal,2.03541419999965,2.035414899997704,0.0,0,0,16322.879883330099,525.4481269872357,16848.328010317335,16441.73733217429,16967.185459161523,173319.76448050595,0.13655146934630968,62.802569978231354,0.0,0.0,0.0,False,False,False
main,deterministic,deterministic,2025-10-01,2,True,True,0,,,0.7,20.0,optimal,2.03541419999965,2.035414899997704,0.0,0,0,16322.879883330099,525.4481269872357,16848.328010317335,16360.29086041774,16885.738987404973,173457.97754296783,0.0,47.476381299121414,0.0,0.0,0.0,False,False,False
main,deterministic,deterministic,2025-10-01,3,True,True,0,,,0.7,20.0,optimal,2.03541419999965,2.035414899997704,0.0,0,0,16322.879883330099,525.4481269872357,16848.328010317335,16425.61549579805,16951.063622785285,173611.53518967505,0.0,54.94702052226172,0.0,0.0,0.0,False,False,False
main,deterministic,deterministic,2025-10-01,4,True,True,0,,,0.7,20.0,optimal,2.03541419999965,2.035414899997704,0.0,0,0,16322.879883330099,525.4481269872357,16848.328010317335,16405.369518081123,16930.817645068357,174102.9342495345,0.15513214007406217,47.62660243485267,0.0,0.0,0.0,False,False,False
main,deterministic,deterministic,2025-10-01,5,True,True,0,,,0.7,20.0,optimal,2.03541419999965,2.035414899997704,0.0,0,0,16322.879883330099,525.4481269872357,16848.328010317335,16418.861114349384,16944.309241336618,173627.80535230145,0.0,56.88575997244507,0.0,0.0,0.0,False,False,False
main,deterministic,deterministic,2025-10-01,6,True,True,0,,,0.7,20.0,optimal,2.03541419999965,2.035414899997704,0.0,0,0,16322.879883330099,525.4481269872357,16848.328010317335,16487.32258337501,17012.770710362245,174156.3114842413,0.0,47.348141500715414,0.0,0.0,0.0,False,False,False
main,deterministic,deterministic,2025-10-01,7,True,True,0,,,0.7,20.0,optimal,2.03541419999965,2.035414899997704,0.0,0,0,16322.879883330099,525.4481269872357,16848.328010317335,16438.587064399493,16964.035191386727,173903.93468918037,0.0,51.63562907740829,0.0,0.0,0.0,False,False,False
main,deterministic,deterministic,2025-10-01,8,True,True,0,,,0.7,20.0,optimal,2.03541419999965,2.035414899997704,0.0,0,0,16322.879883330099,525.4481269872357,16848.328010317335,16330.853771254435,16856.30189824167,173133.27616629377,0.15513213405136694,48.92787736873891,0.0,0.0,0.0,False,False,False
main,deterministic,deterministic,2025-10-01,9,True,True,0,,,0.7,20.0,optimal,2.03541419999965,2.035414899997704,0.0,0,0,16322.879883330099,525.4481269872357,16848.328010317335,16447.875374980358,16973.323501967592,173620.57421579064,0.0,60.63037112052898,0.0,0.0,0.0,False,False,False
main,deterministic,deterministic,2025-10-01,10,True,True,0,,,0.7,20.0,optimal,2.03541419999965,2.035414899997704,0.0,0,0,16322.879883330099,525.4481269872357,16848.328010317335,16394.262354965813,16919.710481953047,173610.54749567262,0.0,53.273118357839195,0.0,0.0,0.0,False,False,False
main,deterministic,deterministic,2025-10-01,11,True,True,0,,,0.7,20.0,optimal,2.03541419999965,2.035414899997704,0.0,0,0,16322.879883330099,525.4481269872357,16848.328010317335,16431.999336279438,16957.44746326667,174075.3406265781,0.0,46.365349618156216,0.0,0.0,0.0,False,False,False
main,deterministic,deterministic,2025-10-01,12,True,True,0,,,0.7,20.0,optimal,2.03541419999965,2.035414899997704,0.0,0,0,16322.879883330099,525.4481269872357,16848.328010317335,16373.626069753142,16899.074196740377,173263.17405736452,0.0,47.89061850582388,0.0,0.0,0.0,False,False,False
main,deterministic,deterministic,2025-10-01,13,True,True,0,,,0.7,20.0,optimal,2.03541419999965,2.035414899997704,0.0,0,0,16322.879883330099,525.4481269872357,16848.328010317335,16412.91102234326,16938.359149330496,173072.09147450823,0.0,52.800262109972394,0.0,0.0,0.0,False,False,False
main,deterministic,deterministic,2025-10-01,14,True,True,0,,,0.7,20.0,optimal,2.03541419999965,2.035414899997704,0.0,0,0,16322.879883330099,525.4481269872357,16848.328010317335,16471.028312127568,16996.476439114802,174279.52043541064,0.0,50.696024871833096,0.0,0.0,0.0,False,False,False
main,deterministic,deterministic,2025-10-01,15,True,True,0,,,0.7,20.0,optimal,2.03541419999965,2.035414899997704,0.0,0,0,16322.879883330099,525.4481269872357,16848.328010317335,16459.74001630219,16985.188143289422,173687.84705411628,0.02292926477338164,44.452043453839245,0.0,0.0,0.0,False,False,False
main,deterministic,deterministic,2025-10-01,16,True,True,0,,,0.7,20.0,optimal,2.03541419999965,2.035414899997704,0.0,0,0,16322.879883330099,525.4481269872357,16848.328010317335,16443.291344879184,16968.739471866418,174468.0924000711,0.0,47.83629600065608,0.0,0.0,0.0,False,False,False
main,deterministic,deterministic,2025-10-01,17,True,True,0,,,0.7,20.0,optimal,2.03541419999965,2.035414899997704,0.0,0,0,16322.879883330099,525.4481269872357,16848.328010317335,16460.205172343627,16985.65329933086,173748.94500683752,0.0,59.2025725375513,0.0,0.0,0.0,False,False,False
main,deterministic,deterministic,2025-10-01,18,True,True,0,,,0.7,20.0,optimal,2.03541419999965,2.035414899997704,0.0,0,0,16322.879883330099,525.4481269872357,16848.328010317335,16442.186174375307,16967.63430136254,173527.24223717584,0.0,54.009259314997685,0.0,0.0,0.0,False,False,False
main,deterministic,deterministic,2025-10-01,19,True,True,0,,,0.7,20.0,optimal,2.03541419999965,2.035414899997704,0.0,0,0,16322.879883330099,525.4481269872357,16848.328010317335,16382.77066343175,16908.218790418985,173509.76810826035,0.022930559786294324,52.55079820709786,0.0,0.0,0.0,False,False,False
main,deterministic,deterministic,2025-10-01,20,True,True,0,,,0.7,20.0,optimal,2.03541419999965,2.035414899997704,0.0,0,0,16322.879883330099,525.4481269872357,16848.328010317335,16391.658075956675,16917.10620294391,174348.9036728887,0.0,48.98079305241095,0.0,0.0,0.0,False,False,False
main,deterministic,deterministic,2025-10-01,21,True,True,0,,,0.7,20.0,optimal,2.03541419999965,2.035414899997704,0.0,0,0,16322.879883330099,525.4481269872357,16848.328010317335,16394.746141197294,16920.19426818453,173592.8012150971,0.0,47.25923024065748,0.0,0.0,0.0,False,False,False
main,deterministic,deterministic,2025-10-01,22,True,True,0,,,0.7,20.0,optimal,2.03541419999965,2.035414899997704,0.0,0,0,16322.879883330099,525.4481269872357,16848.328010317335,16410.266882767657,16935.71500975489,173759.07599410793,0.02183657692036678,50.27069091115187,0.0,0.0,0.0,False,False,False
main,deterministic,deterministic,2025-10-01,23,True,True,0,,,0.7,20.0,optimal,2.03541419999965,2.035414899997704,0.0,0,0,16322.879883330099,525.4481269872357,16848.328010317335,16500.565335712115,17026.01346269935,173940.3633541574,0.0,50.2795183723119,0.0,0.0,0.0,False,False,False
main,deterministic,deterministic,2025-10-01,24,True,True,0,,,0.7,20.0,optimal,2.03541419999965,2.035414899997704,0.0,0,0,16322.879883330099,525.4481269872357,16848.328010317335,16456.016039731345,16981.46416671858,173748.2256915251,0.0,55.742471352386836,0.0,0.0,0.0,False,False,False
main,deterministic,deterministic,2025-10-01,25,True,True,0,,,0.7,20.0,optimal,2.03541419999965,2.035414899997704,0.0,0,0,16322.879883330099,525.4481269872357,16848.328010317335,16409.989702803286,16935.43782979052,173990.65506776955,0.0,45.8416492348267,0.0,0.0,0.0,False,False,False
main,deterministic,deterministic,2025-10-01,26,True,True,0,,,0.7,20.0,optimal,2.03541419999965,2.035414899997704,0.0,0,0,16322.879883330099,525.4481269872357,16848.328010317335,16428.77658862354,16954.224715610773,173678.0657075269,0.0,57.668370317707314,0.0,0.0,0.0,False,False,False
main,deterministic,deterministic,2025-10-01,27,True,True,0,,,0.7,20.0,optimal,2.03541419999965,2.035414899997704,0.0,0,0,16322.879883330099,525.4481269872357,16848.328010317335,16435.234825044332,16960.682952031566,173963.79035137058,0.0,54.95680848330793,0.0,0.0,0.0,False,False,False
main,deterministic,deterministic,2025-10-01,28,True,True,0,,,0.7,20.0,optimal,2.03541419999965,2.035414899997704,0.0,0,0,16322.879883330099,525.4481269872357,16848.328010317335,16453.059573999097,16978.50770098633,174236.5474946497,0.0,41.83794515858009,0.0,0.0,0.0,False,False,False
main,deterministic,deterministic,2025-10-01,29,True,True,0,,,0.7,20.0,optimal,2.03541419999965,2.035414899997704,0.0,0,0,16322.879883330099,525.4481269872357,16848.328010317335,16411.652968260536,16937.10109524777,173583.8742856963,0.021836485077500578,40.826466984139465,0.0,0.0,0.0,False,False,False
main,deterministic,deterministic,2025-10-01,30,True,True,0,,,0.7,20.0,optimal,2.03541419999965,2.035414899997704,0.0,0,0,16322.879883330099,525.4481269872357,16848.328010317335,16308.143282729563,16833.5914097168,173179.0720906486,0.17806261877369267,47.245391744208575,0.0,0.0,0.0,False,False,False
main,deterministic,deterministic,2025-10-01,31,True,True,0,,,0.7,20.0,optimal,2.03541419999965,2.035414899997704,0.0,0,0,16322.879883330099,525.4481269872357,16848.328010317335,16365.663116046528,16891.111243033763,173563.0452945989,0.0,50.295968066187704,0.0,0.0,0.0,False,False,False
main,deterministic,deterministic,2025-10-01,32,True,True,0,,,0.7,20.0,optimal,2.03541419999965,2.035414899997704,0.0,0,0,16322.879883330099,525.4481269872357,16848.328010317335,16453.031803313268,16978.479930300502,174099.54274384535,0.0,53.74172279691947,0.0,0.0,0.0,False,False,False
main,deterministic,deterministic,2025-10-01,33,True,True,0,,,0.7,20.0,optimal,2.03541419999965,2.035414899997704,0.0,0,0,16322.879883330099,525.4481269872357,16848.328010317335,16451.659219518235,16977.10734650547,173408.68064385248,0.06730515957225536,62.365671034543254,0.0,0.0,0.0,False,False,False
main,deterministic,deterministic,2025-10-01,34,True,True,0,,,0.7,20.0,optimal,2.03541419999965,2.035414899997704,0.0,0,0,16322.879883330099,525.4481269872357,16848.328010317335,16438.57309848785,16964.021225475084,173557.08311235407,0.1551321423302785,52.74952283584635,0.0,0.0,0.0,False,False,False
main,deterministic,deterministic,2025-10-01,35,True,True,0,,,0.7,20.0,optimal,2.03541419999965,2.035414899997704,0.0,0,0,16322.879883330099,525.4481269872357,16848.328010317335,16450.617553115702,16976.065680102936,173778.51975273847,0.0,55.522087230346195,0.0,0.0,0.0,False,False,False
main,deterministic,deterministic,2025-10-01,36,True,True,0,,,0.7,20.0,optimal,2.03541419999965,2.035414899997704,0.0,0,0,16322.879883330099,525.4481269872357,16848.328010317335,16518.785033262102,17044.233160249336,174358.5365943204,0.0,56.9981219109384,0.0,0.0,0.0,False,False,False
main,deterministic,deterministic,2025-10-01,37,True,True,0,,,0.7,20.0,optimal,2.03541419999965,2.035414899997704,0.0,0,0,16322.879883330099,525.4481269872357,16848.328010317335,16401.388833809324,16926.836960796558,173826.6208589039,0.15513214088021599,42.975008878600356,0.0,0.0,0.0,False,False,False
main,deterministic,deterministic,2025-10-01,38,True,True,0,,,0.7,20.0,optimal,2.03541419999965,2.035414899997704,0.0,0,0,16322.879883330099,525.4481269872357,16848.328010317335,16402.301941473146,16927.75006846038,173862.9928691936,0.0,49.73534384958135,0.0,0.0,0.0,False,False,False
main,deterministic,deterministic,2025-10-01,39,True,True,0,,,0.7,20.0,optimal,2.03541419999965,2.035414899997704,0.0,0,0,16322.879883330099,525.4481269872357,16848.328010317335,16444.99307473137,16970.441201718604,173850.72106501664,0.02293054037376896,41.28242644397596,0.0,0.0,0.0,False,False,False
main,deterministic,deterministic,2025-10-01,40,True,True,0,,,0.7,20.0,optimal,2.03541419999965,2.035414899997704,0.0,0,0,16322.879883330099,525.4481269872357,16848.328010317335,16470.781484775856,16996.22961176309,173998.3886691677,0.0,45.33781506176977,0.0,0.0,0.0,False,False,False
main,deterministic,deterministic,2025-10-01,41,True,True,0,,,0.7,20.0,optimal,2.03541419999965,2.035414899997704,0.0,0,0,16322.879883330099,525.4481269872357,16848.328010317335,16373.037784770353,16898.485911757587,173529.55244455885,0.15513213553995042,39.39284019356409,0.0,0.0,0.0,False,False,False
main,deterministic,deterministic,2025-10-01,42,True,True,0,,,0.7,20.0,optimal,2.03541419999965,2.035414899997704,0.0,0,0,16322.879883330099,525.4481269872357,16848.328010317335,16491.67975816482,17017.127885152055,173687.55557284193,0.0,53.14024701495525,0.0,0.0,0.0,False,False,False
main,deterministic,deterministic,2025-10-01,43,True,True,0,,,0.7,20.0,optimal,2.03541419999965,2.035414899997704,0.0,0,0,16322.879883330099,525.4481269872357,16848.328010317335,16330.554687209145,16856.00281419638,173169.20060602788,0.0,52.69192308784285,0.0,0.0,0.0,False,False,False
main,deterministic,deterministic,2025-10-01,44,True,True,0,,,0.7,20.0,optimal,2.03541419999965,2.035414899997704,0.0,0,0,16322.879883330099,525.4481269872357,16848.328010317335,16418.524907749244,16943.97303473648,174066.92428756718,0.0,52.238725265490906,0.0,0.0,0.0,False,False,False
main,deterministic,deterministic,2025-10-01,45,True,True,0,,,0.7,20.0,optimal,2.03541419999965,2.035414899997704,0.0,0,0,16322.879883330099,525.4481269872357,16848.328010317335,16428.878064547338,16954.326191534572,173657.38141063822,0.0,55.30854656279111,0.0,0.0,0.0,False,False,False
main,deterministic,deterministic,2025-10-01,46,True,True,0,,,0.7,20.0,optimal,2.03541419999965,2.035414899997704,0.0,0,0,16322.879883330099,525.4481269872357,16848.328010317335,16440.17138134902,16965.619508336255,173920.0269584818,0.0,51.87353204655529,0.0,0.0,0.0,False,False,False
main,deterministic,deterministic,2025-10-01,47,True,True,0,,,0.7,20.0,optimal,2.03541419999965,2.035414899997704,0.0,0,0,16322.879883330099,525.4481269872357,16848.328010317335,16443.515705480266,16968.9638324675,173961.0018422671,0.022929932232900407,51.83352800581157,0.0,0.0,0.0,False,False,False
main,deterministic,deterministic,2025-10-01,48,True,True,0,,,0.7,20.0,optimal,2.03541419999965,2.035414899997704,0.0,0,0,16322.879883330099,525.4481269872357,16848.328010317335,16362.49570725787,16887.943834245107,173673.62916863782,0.15513213428915562,51.862810947673154,0.0,0.0,0.0,False,False,False
main,deterministic,deterministic,2025-10-01,49,True,True,0,,,0.7,20.0,optimal,2.03541419999965,2.035414899997704,0.0,0,0,16322.879883330099,525.4481269872357,16848.328010317335,16481.60822441068,17007.056351397914,173695.06957563036,0.0,55.675744330140134,0.0,0.0,0.0,False,False,False
main,deterministic,deterministic,2025-10-01,50,True,True,0,,,0.7,20.0,optimal,2.03541419999965,2.035414899997704,0.0,0,0,16322.879883330099,525.4481269872357,16848.328010317335,16475.62741408772,17001.075541074955,174364.68999969386,0.0,55.688911954500554,0.0,0.0,0.0,False,False,False
main,deterministic,deterministic,2025-10-01,51,True,True,0,,,0.7,20.0,optimal,2.03541419999965,2.035414899997704,0.0,0,0,16322.879883330099,525.4481269872357,16848.328010317335,16367.538174022298,16892.986301009532,173414.60882302612,0.11012356367275267,51.1857699942372,0.0,0.0,0.0,False,False,False
main,deterministic,deterministic,2025-10-01,52,True,True,0,,,0.7,20.0,optimal,2.03541419999965,2.035414899997704,0.0,0,0,16322.879883330099,525.4481269872357,16848.328010317335,16416.00558375658,16941.453710743815,173754.55509514862,0.0,57.72110498763034,0.0,0.0,0.0,False,False,False
main,deterministic,deterministic,2025-10-01,53,True,True,0,,,0.7,20.0,optimal,2.03541419999965,2.035414899997704,0.0,0,0,16322.879883330099,525.4481269872357,16848.328010317335,16406.161208217425,16931.60933520466,174045.13239051693,0.0,48.68072347930408,0.0,0.0,0.0,False,False,False
main,deterministic,deterministic,2025-10-01,54,True,True,0,,,0.7,20.0,optimal,2.03541419999965,2.035414899997704,0.0,0,0,16322.879883330099,525.4481269872357,16848.328010317335,16440.464136572566,16965.9122635598,173933.34730716786,0.0,50.77376245453367,0.0,0.0,0.0,False,False,False
main,deterministic,deterministic,2025-10-01,55,True,True,0,,,0.7,20.0,optimal,2.03541419999965,2.035414899997704,0.0,0,0,16322.879883330099,525.4481269872357,16848.328010317335,16425.288129611934,16950.736256599168,173900.7892917423,0.0,56.7222931593493,0.0,0.0,0.0,False,False,False
main,deterministic,deterministic,2025-10-01,56,True,True,0,,,0.7,20.0,optimal,2.03541419999965,2.035414899997704,0.0,0,0,16322.879883330099,525.4481269872357,16848.328010317335,16490.265883675293,17015.714010662527,174005.84019932125,0.0,40.86556657378984,0.0,0.0,0.0,False,False,False
main,deterministic,deterministic,2025-10-01,57,True,True,0,,,0.7,20.0,optimal,2.03541419999965,2.035414899997704,0.0,0,0,16322.879883330099,525.4481269872357,16848.328010317335,16424.804821209193,16950.252948196427,173887.33987553653,0.0,51.147166998160365,0.0,0.0,0.0,False,False,False
main,deterministic,deterministic,2025-10-01,58,True,True,0,,,0.7,20.0,optimal,2.03541419999965,2.035414899997704,0.0,0,0,16322.879883330099,525.4481269872357,16848.328010317335,16414.18940780957,16939.637534796802,173385.9677236227,0.155132138908892,60.28250473464617,0.0,0.0,0.0,False,False,False
main,deterministic,deterministic,2025-10-01,59,True,True,0,,,0.7,20.0,optimal,2.03541419999965,2.035414899997704,0.0,0,0,16322.879883330099,525.4481269872357,16848.328010317335,16404.959459330756,16930.40758631799,173968.09521023577,0.0,54.46431536453951,0.0,0.0,0.0,False,False,False
main,deterministic,deterministic,2025-10-01,60,True,True,0,,,0.7,20.0,optimal,2.03541419999965,2.035414899997704,0.0,0,0,16322.879883330099,525.4481269872357,16848.328010317335,16391.554329744682,16917.002456731916,173773.32445343008,0.0,50.29447956933801,0.0,0.0,0.0,False,False,False
main,deterministic,deterministic,2025-10-01,61,True,True,0,,,0.7,20.0,optimal,2.03541419999965,2.035414899997704,0.0,0,0,16322.879883330099,525.4481269872357,16848.328010317335,16444.035585823374,16969.48371281061,173787.13242458116,0.02183432634731397,41.439804246312626,0.0,0.0,0.0,False,False,False
main,deterministic,deterministic,2025-10-01,62,True,True,0,,,0.7,20.0,optimal,2.03541419999965,2.035414899997704,0.0,0,0,16322.879883330099,525.4481269872357,16848.328010317335,16459.61619541126,16985.064322398495,173892.84629639838,0.0,56.50156679083221,0.0,0.0,0.0,False,False,False
main,deterministic,deterministic,2025-10-01,63,True,True,0,,,0.7,20.0,optimal,2.03541419999965,2.035414899997704,0.0,0,0,16322.879883330099,525.4481269872357,16848.328010317335,16428.456064240752,16953.904191227986,173561.11139929938,0.0,58.84577553463927,0.0,0.0,0.0,False,False,False
main,deterministic,deterministic,2025-10-01,64,True,True,0,,,0.7,20.0,optimal,2.03541419999965,2.035414899997704,0.0,0,0,16322.879883330099,525.4481269872357,16848.328010317335,16419.18453356581,16944.632660553045,173685.00183291224,0.0,46.24215201643767,0.0,0.0,0.0,False,False,False
main,deterministic,deterministic,2025-10-01,65,True,True,0,,,0.7,20.0,optimal,2.03541419999965,2.035414899997704,0.0,0,0,16322.879883330099,525.4481269872357,16848.328010317335,16423.35534549847,16948.803472485703,173706.04587078956,0.0,56.79533484618916,0.0,0.0,0.0,False,False,False
main,deterministic,deterministic,2025-10-01,66,True,True,0,,,0.7,20.0,optimal,2.03541419999965,2.035414899997704,0.0,0,0,16322.879883330099,525.4481269872357,16848.328010317335,16395.013144271885,16920.46127125912,173609.27506954194,0.0,60.733966894217076,0.0,0.0,0.0,False,False,False
main,deterministic,deterministic,2025-10-01,67,True,True,0,,,0.7,20.0,optimal,2.03541419999965,2.035414899997704,0.0,0,0,16322.879883330099,525.4481269872357,16848.328010317335,16414.43603193529,16939.884158922523,174445.392038033,0.0,51.54838522646612,0.0,0.0,0.0,False,False,False
main,deterministic,deterministic,2025-10-01,68,True,True,0,,,0.7,20.0,optimal,2.03541419999965,2.035414899997704,0.0,0,0,16322.879883330099,525.4481269872357,16848.328010317335,16420.189392199747,16945.63751918698,173771.38226314963,0.0,53.42487368207523,0.0,0.0,0.0,False,False,False
main,deterministic,deterministic,2025-10-01,69,True,True,0,,,0.7,20.0,optimal,2.03541419999965,2.035414899997704,0.0,0,0,16322.879883330099,525.4481269872357,16848.328010317335,16447.154140345378,16972.60226733261,173593.64509695937,0.0,55.31917240971131,0.0,0.0,0.0,False,False,False
main,deterministic,deterministic,2025-10-01,70,True,True,0,,,0.7,20.0,optimal,2.03541419999965,2.035414899997704,0.0,0,0,16322.879883330099,525.4481269872357,16848.328010317335,16445.09435278702,16970.542479774253,174166.78718666921,0.0,55.01809580926175,0.0,0.0,0.0,False,False,False
main,deterministic,deterministic,2025-10-01,71,True,True,0,,,0.7,20.0,optimal,2.03541419999965,2.035414899997704,0.0,0,0,16322.879883330099,525.4481269872357,16848.328010317335,16374.612104479465,16900.0602314667,173403.49324135503,0.15660918294806936,60.63032247452627,0.0,0.0,0.0,False,False,False
main,deterministic,deterministic,2025-10-01,72,True,True,0,,,0.7,20.0,optimal,2.03541419999965,2.035414899997704,0.0,0,0,16322.879883330099,525.4481269872357,16848.328010317335,16407.192175923257,16932.64030291049,173357.38051285743,0.0,57.06092256846431,0.0,0.0,0.0,False,False,False
main,deterministic,deterministic,2025-10-01,73,True,True,0,,,0.7,20.0,optimal,2.03541419999965,2.035414899997704,0.0,0,0,16322.879883330099,525.4481269872357,16848.328010317335,16405.824057223217,16931.27218421045,173700.63488693367,0.0,51.49491370699584,0.0,0.0,0.0,False,False,False
main,deterministic,deterministic,2025-10-01,74,True,True,0,,,0.7,20.0,optimal,2.03541419999965,2.035414899997704,0.0,0,0,16322.879883330099,525.4481269872357,16848.328010317335,16483.72348505832,17009.171612045553,174168.18432313052,0.0,53.101517494628176,0.0,0.0,0.0,False,False,False
main,deterministic,deterministic,2025-10-01,75,True,True,0,,,0.7,20.0,optimal,2.03541419999965,2.035414899997704,0.0,0,0,16322.879883330099,525.4481269872357,16848.328010317335,16415.52034095474,16940.968467941973,173913.11751421643,0.0,52.10822030496617,0.0,0.0,0.0,False,False,False
main,deterministic,deterministic,2025-10-01,76,True,True,0,,,0.7,20.0,optimal,2.03541419999965,2.035414899997704,0.0,0,0,16322.879883330099,525.4481269872357,16848.328010317335,16461.17457796393,16986.622704951165,173738.0989097489,0.0,53.04112055396927,0.0,0.0,0.0,False,False,False
main,deterministic,deterministic,2025-10-01,77,True,True,0,,,0.7,20.0,optimal,2.03541419999965,2.035414899997704,0.0,0,0,16322.879883330099,525.4481269872357,16848.328010317335,16506.963758137128,17032.411885124362,173628.11669819592,0.0,48.236300074570956,0.0,0.0,0.0,False,False,False
main,deterministic,deterministic,2025-10-01,78,True,True,0,,,0.7,20.0,optimal,2.03541419999965,2.035414899997704,0.0,0,0,16322.879883330099,525.4481269872357,16848.328010317335,16392.546120291034,16917.994247278268,173801.74006627922,0.022930560079183593,52.44667428149623,0.0,0.0,0.0,False,False,False
main,deterministic,deterministic,2025-10-01,79,True,True,0,,,0.7,20.0,optimal,2.03541419999965,2.035414899997704,0.0,0,0,16322.879883330099,525.4481269872357,16848.328010317335,16434.72935092083,16960.177477908062,174044.6780842263,0.0,48.58957532249171,0.0,0.0,0.0,False,False,False
main,deterministic,deterministic,2025-10-01,80,True,True,0,,,0.7,20.0,optimal,2.03541419999965,2.035414899997704,0.0,0,0,16322.879883330099,525.4481269872357,16848.328010317335,16434.24230014634,16959.690427133573,173911.3978611019,0.0,51.34815127605882,0.0,0.0,0.0,False,False,False
main,deterministic,deterministic,2025-10-01,81,True,True,0,,,0.7,20.0,optimal,2.03541419999965,2.035414899997704,0.0,0,0,16322.879883330099,525.4481269872357,16848.328010317335,16371.33126543769,16896.779392424924,173509.5055189247,0.1551321417149012,60.764317904437725,0.0,0.0,0.0,False,False,False
main,deterministic,deterministic,2025-10-01,82,True,True,0,,,0.7,20.0,optimal,2.03541419999965,2.035414899997704,0.0,0,0,16322.879883330099,525.4481269872357,16848.328010317335,16425.861486873062,16951.309613860296,173870.49904586346,0.0,44.11864565138008,0.0,0.0,0.0,False,False,False
main,deterministic,deterministic,2025-10-01,83,True,True,0,,,0.7,20.0,optimal,2.03541419999965,2.035414899997704,0.0,0,0,16322.879883330099,525.4481269872357,16848.328010317335,16472.108702606176,16997.55682959341,173547.43352207346,0.02293046278648636,47.64900926862415,0.0,0.0,0.0,False,False,False
main,deterministic,deterministic,2025-10-01,84,True,True,0,,,0.7,20.0,optimal,2.03541419999965,2.035414899997704,0.0,0,0,16322.879883330099,525.4481269872357,16848.328010317335,16431.673062013553,16957.121189000787,173761.99841989076,0.021835150355193678,45.88709561863,0.0,0.0,0.0,False,False,False
main,deterministic,deterministic,2025-10-01,85,True,True,0,,,0.7,20.0,optimal,2.03541419999965,2.035414899997704,0.0,0,0,16322.879883330099,525.4481269872357,16848.328010317335,16491.935951117914,17017.384078105148,173705.6534196771,0.0,59.248474670358306,0.0,0.0,0.0,False,False,False
main,deterministic,deterministic,2025-10-01,86,True,True,0,,,0.7,20.0,optimal,2.03541419999965,2.035414899997704,0.0,0,0,16322.879883330099,525.4481269872357,16848.328010317335,16447.215272718724,16972.663399705958,173984.54737303028,0.0,46.73211686688126,0.0,0.0,0.0,False,False,False
main,deterministic,deterministic,2025-10-01,87,True,True,0,,,0.7,20.0,optimal,2.03541419999965,2.035414899997704,0.0,0,0,16322.879883330099,525.4481269872357,16848.328010317335,16407.357926375258,16932.806053362492,173260.25867252922,0.0,50.03410720374013,0.0,0.0,0.0,False,False,False
main,deterministic,deterministic,2025-10-01,88,True,True,0,,,0.7,20.0,optimal,2.03541419999965,2.035414899997704,0.0,0,0,16322.879883330099,525.4481269872357,16848.328010317335,16427.96014570233,16953.408272689565,173713.05603312823,0.0,58.20701521263711,0.0,0.0,0.0,False,False,False
main,deterministic,deterministic,2025-10-01,89,True,True,0,,,0.7,20.0,optimal,2.03541419999965,2.035414899997704,0.0,0,0,16322.879883330099,525.4481269872357,16848.328010317335,16413.967841139114,16939.415968126348,173443.13584520266,0.0,52.313998384867396,0.0,0.0,0.0,False,False,False
main,deterministic,deterministic,2025-10-01,90,True,True,0,,,0.7,20.0,optimal,2.03541419999965,2.035414899997704,0.0,0,0,16322.879883330099,525.4481269872357,16848.328010317335,16409.43884122635,16934.886968213585,173513.91848212597,0.0,55.79601855724261,0.0,0.0,0.0,False,False,False
main,deterministic,deterministic,2025-10-01,91,True,True,0,,,0.7,20.0,optimal,2.03541419999965,2.035414899997704,0.0,0,0,16322.879883330099,525.4481269872357,16848.328010317335,16425.739063555087,16951.18719054232,173844.37680827343,0.1551321425824237,50.51587694046212,0.0,0.0,0.0,False,False,False
main,deterministic,deterministic,2025-10-01,92,True,True,0,,,0.7,20.0,optimal,2.03541419999965,2.035414899997704,0.0,0,0,16322.879883330099,525.4481269872357,16848.328010317335,16400.60736721321,16926.055494200446,173753.58824556923,0.0,40.74629340832222,0.0,0.0,0.0,False,False,False
main,deterministic,deterministic,2025-10-01,93,True,True,0,,,0.7,20.0,optimal,2.03541419999965,2.035414899997704,0.0,0,0,16322.879883330099,525.4481269872357,16848.328010317335,16382.483208722499,16907.931335709734,173793.07765354603,0.0,56.5219548852449,0.0,0.0,0.0,False,False,False
main,deterministic,deterministic,2025-10-01,94,True,True,0,,,0.7,20.0,optimal,2.03541419999965,2.035414899997704,0.0,0,0,16322.879883330099,525.4481269872357,16848.328010317335,16478.096170192286,17003.54429717952,173615.30820804182,0.0,47.06168444830617,0.0,0.0,0.0,False,False,False
main,deterministic,deterministic,2025-10-01,95,True,True,0,,,0.7,20.0,optimal,2.03541419999965,2.035414899997704,0.0,0,0,16322.879883330099,525.4481269872357,16848.328010317335,16399.977329111607,16925.42545609884,174216.74871552413,0.0,54.92836257946243,0.0,0.0,0.0,False,False,False
main,deterministic,deterministic,2025-10-01,96,True,True,0,,,0.7,20.0,optimal,2.03541419999965,2.035414899997704,0.0,0,0,16322.879883330099,525.4481269872357,16848.328010317335,16433.956116891903,16959.404243879137,173802.43616168245,0.0,47.97520217154009,0.0,0.0,0.0,False,False,False
main,deterministic,deterministic,2025-10-01,97,True,True,0,,,0.7,20.0,optimal,2.03541419999965,2.035414899997704,0.0,0,0,16322.879883330099,525.4481269872357,16848.328010317335,16379.094727882704,16904.54285486994,173642.7022547524,0.0,52.48961597780496,0.0,0.0,0.0,False,False,False
main,deterministic,deterministic,2025-10-01,98,True,True,0,,,0.7,20.0,optimal,2.03541419999965,2.035414899997704,0.0,0,0,16322.879883330099,525.4481269872357,16848.328010317335,16430.275815763947,16955.72394275118,173776.51596167695,0.0,44.07550262036996,0.0,0.0,0.0,False,False,False
main,deterministic,deterministic,2025-10-01,99,True,True,0,,,0.7,20.0,optimal,2.03541419999965,2.035414899997704,0.0,0,0,16322.879883330099,525.4481269872357,16848.328010317335,16369.13048703572,16894.578614022954,173738.2270903937,0.1551321321453969,52.38478290017216,0.0,0.0,0.0,False,False,False
main,tv_dro_rho_0p01,tv_dro,2025-07-01,0,True,True,20,,0.01,0.7,20.0,optimal_decomposed,219.3636084999962,219.3627809000027,0.0,2,3,15865.9930686984,295.2709491819114,16161.264017880312,16698.88046806678,16994.151417248693,171899.03285400872,0.0,55.79650729017571,0.0,0.0,0.0,False,False,False
main,tv_dro_rho_0p01,tv_dro,2025-07-01,1,True,True,20,,0.01,0.7,20.0,optimal_decomposed,219.3636084999962,219.3627809000027,0.0,2,3,15865.9930686984,295.2709491819114,16161.264017880312,16657.90763847284,16953.17858765475,171145.31174462807,0.0,68.61525799164222,0.0,0.0,0.0,False,False,False
main,tv_dro_rho_0p01,tv_dro,2025-07-01,2,True,True,20,,0.01,0.7,20.0,optimal_decomposed,219.3636084999962,219.3627809000027,0.0,2,3,15865.9930686984,295.2709491819114,16161.264017880312,16736.76020666836,17032.031155850273,171636.83551277762,0.0,52.34377540829604,0.0,0.0,0.0,False,False,False
main,tv_dro_rho_0p01,tv_dro,2025-07-01,3,True,True,20,,0.01,0.7,20.0,optimal_decomposed,219.3636084999962,219.3627809000027,0.0,2,3,15865.9930686984,295.2709491819114,16161.264017880312,16707.421698379854,17002.692647561766,171769.89563184994,0.0,57.28494072158968,0.0,0.0,0.0,False,False,False
main,tv_dro_rho_0p01,tv_dro,2025-07-01,4,True,True,20,,0.01,0.7,20.0,optimal_decomposed,219.3636084999962,219.3627809000027,0.0,2,3,15865.9930686984,295.2709491819114,16161.264017880312,16589.375597390543,16884.646546572454,172169.05109164337,0.0,50.83862496723303,0.0,0.0,0.0,False,False,False
main,tv_dro_rho_0p01,tv_dro,2025-07-01,5,True,True,20,,0.01,0.7,20.0,optimal_decomposed,219.3636084999962,219.3627809000027,0.0,2,3,15865.9930686984,295.2709491819114,16161.264017880312,16716.95396219475,17012.224911376663,171818.88339841503,0.0,58.53942829223929,0.0,0.0,0.0,False,False,False
main,tv_dro_rho_0p01,tv_dro,2025-07-01,6,True,True,20,,0.01,0.7,20.0,optimal_decomposed,219.3636084999962,219.3627809000027,0.0,2,3,15865.9930686984,295.2709491819114,16161.264017880312,16779.849039191144,17075.119988373055,171998.24893119014,0.0,55.63302730785925,0.0,0.0,0.0,False,False,False
main,tv_dro_rho_0p01,tv_dro,2025-07-01,7,True,True,20,,0.01,0.7,20.0,optimal_decomposed,219.3636084999962,219.3627809000027,0.0,2,3,15865.9930686984,295.2709491819114,16161.264017880312,16717.511407994793,17012.782357176704,171820.61784791155,0.0,54.696179166584606,0.0,0.0,0.0,False,False,False
main,tv_dro_rho_0p01,tv_dro,2025-07-01,8,True,True,20,,0.01,0.7,20.0,optimal_decomposed,219.3636084999962,219.3627809000027,0.0,2,3,15865.9930686984,295.2709491819114,16161.264017880312,16627.079510548025,16922.350459729936,171363.00757684768,0.0,57.143062500809776,0.0,0.0,0.0,False,False,False
main,tv_dro_rho_0p01,tv_dro,2025-07-01,9,True,True,20,,0.01,0.7,20.0,optimal_decomposed,219.3636084999962,219.3627809000027,0.0,2,3,15865.9930686984,295.2709491819114,16161.264017880312,16783.724349852357,17078.995299034268,171705.50024414746,0.0,63.343403559144754,0.0,0.0,0.0,False,False,False
main,tv_dro_rho_0p01,tv_dro,2025-07-01,10,True,True,20,,0.01,0.7,20.0,optimal_decomposed,219.3636084999962,219.3627809000027,0.0,2,3,15865.9930686984,295.2709491819114,16161.264017880312,16704.257460318353,16999.528409500264,171658.051146738,0.0,54.15596906940657,0.0,0.0,0.0,False,False,False
main,tv_dro_rho_0p01,tv_dro,2025-07-01,11,True,True,20,,0.01,0.7,20.0,optimal_decomposed,219.3636084999962,219.3627809000027,0.0,2,3,15865.9930686984,295.2709491819114,16161.264017880312,16723.502291445093,17018.773240627004,171680.03235599762,0.0,50.642681573847156,0.0,0.0,0.0,False,False,False
main,tv_dro_rho_0p01,tv_dro,2025-07-01,12,True,True,20,,0.01,0.7,20.0,optimal_decomposed,219.3636084999962,219.3627809000027,0.0,2,3,15865.9930686984,295.2709491819114,16161.264017880312,16754.513152545896,17049.784101727808,171149.2909724469,0.0,52.98268427727915,0.0,0.0,0.0,False,False,False
main,tv_dro_rho_0p01,tv_dro,2025-07-01,13,True,True,20,,0.01,0.7,20.0,optimal_decomposed,219.3636084999962,219.3627809000027,0.0,2,3,15865.9930686984,295.2709491819114,16161.264017880312,16753.824788289752,17049.095737471664,171441.683490096,0.0,56.269413574934845,0.0,0.0,0.0,False,False,False
main,tv_dro_rho_0p01,tv_dro,2025-07-01,14,True,True,20,,0.01,0.7,20.0,optimal_decomposed,219.3636084999962,219.3627809000027,0.0,2,3,15865.9930686984,295.2709491819114,16161.264017880312,16686.03502987083,16981.30597905274,171604.96732631,0.0,56.250998410807064,0.0,0.0,0.0,False,False,False
main,tv_dro_rho_0p01,tv_dro,2025-07-01,15,True,True,20,,0.01,0.7,20.0,optimal_decomposed,219.3636084999962,219.3627809000027,0.0,2,3,15865.9930686984,295.2709491819114,16161.264017880312,16717.397188802148,17012.66813798406,171368.80288799285,0.0,53.65782517690302,0.0,0.0,0.0,False,False,False
main,tv_dro_rho_0p01,tv_dro,2025-07-01,16,True,True,20,,0.01,0.7,20.0,optimal_decomposed,219.3636084999962,219.3627809000027,0.0,2,3,15865.9930686984,295.2709491819114,16161.264017880312,16755.241053249345,17050.512002431256,172205.93961661766,0.0,53.481712099504605,0.0,0.0,0.0,False,False,False
main,tv_dro_rho_0p01,tv_dro,2025-07-01,17,True,True,20,,0.01,0.7,20.0,optimal_decomposed,219.3636084999962,219.3627809000027,0.0,2,3,15865.9930686984,295.2709491819114,16161.264017880312,16851.805783284948,17147.07673246686,171605.06746740692,0.0,65.40300446279139,0.0,0.0,0.0,False,False,False
main,tv_dro_rho_0p01,tv_dro,2025-07-01,18,True,True,20,,0.01,0.7,20.0,optimal_decomposed,219.3636084999962,219.3627809000027,0.0,2,3,15865.9930686984,295.2709491819114,16161.264017880312,16876.664548216242,17171.935497398154,171574.14241472783,0.0,59.88535653477975,0.0,0.0,0.0,False,False,False
main,tv_dro_rho_0p01,tv_dro,2025-07-01,19,True,True,20,,0.01,0.7,20.0,optimal_decomposed,219.3636084999962,219.3627809000027,0.0,2,3,15865.9930686984,295.2709491819114,16161.264017880312,16711.364094803957,17006.63504398587,171594.09362166462,0.0,57.61429975746872,0.0,0.0,0.0,False,False,False
main,tv_dro_rho_0p01,tv_dro,2025-07-01,20,True,True,20,,0.01,0.7,20.0,optimal_decomposed,219.3636084999962,219.3627809000027,0.0,2,3,15865.9930686984,295.2709491819114,16161.264017880312,16759.287920324998,17054.55886950691,172554.97569921077,0.0,51.83482852134585,0.0,0.0,0.0,False,False,False
main,tv_dro_rho_0p01,tv_dro,2025-07-01,21,True,True,20,,0.01,0.7,20.0,optimal_decomposed,219.3636084999962,219.3627809000027,0.0,2,3,15865.9930686984,295.2709491819114,16161.264017880312,16667.761447254037,16963.03239643595,171940.69302581254,0.0,51.15542513496906,0.0,0.0,0.0,False,False,False
main,tv_dro_rho_0p01,tv_dro,2025-07-01,22,True,True,20,,0.01,0.7,20.0,optimal_decomposed,219.3636084999962,219.3627809000027,0.0,2,3,15865.9930686984,295.2709491819114,16161.264017880312,16725.180131199275,17020.451080381186,171526.20107325053,0.0,56.87774606873128,0.0,0.0,0.0,False,False,False
main,tv_dro_rho_0p01,tv_dro,2025-07-01,23,True,True,20,,0.01,0.7,20.0,optimal_decomposed,219.3636084999962,219.3627809000027,0.0,2,3,15865.9930686984,295.2709491819114,16161.264017880312,16714.861394144755,17010.132343326666,171399.33591140882,0.0,58.26878014263856,0.0,0.0,0.0,False,False,False
main,tv_dro_rho_0p01,tv_dro,2025-07-01,24,True,True,20,,0.01,0.7,20.0,optimal_decomposed,219.3636084999962,219.3627809000027,0.0,2,3,15865.9930686984,295.2709491819114,16161.264017880312,16769.69861691838,17064.96956610029,171627.56710611001,0.0,63.94251863245385,0.0,0.0,0.0,False,False,False
main,tv_dro_rho_0p01,tv_dro,2025-07-01,25,True,True,20,,0.01,0.7,20.0,optimal_decomposed,219.3636084999962,219.3627809000027,0.0,2,3,15865.9930686984,295.2709491819114,16161.264017880312,16727.199370154198,17022.47031933611,172057.78234963602,0.0,48.934393871492645,0.0,0.0,0.0,False,False,False
main,tv_dro_rho_0p01,tv_dro,2025-07-01,26,True,True,20,,0.01,0.7,20.0,optimal_decomposed,219.3636084999962,219.3627809000027,0.0,2,3,15865.9930686984,295.2709491819114,16161.264017880312,16704.400340402997,16999.67128958491,171256.6450944018,0.0,63.77963026807979,0.0,0.0,0.0,False,False,False
main,tv_dro_rho_0p01,tv_dro,2025-07-01,27,True,True,20,,0.01,0.7,20.0,optimal_decomposed,219.3636084999962,219.3627809000027,0.0,2,3,15865.9930686984,295.2709491819114,16161.264017880312,16738.36479191712,17033.63574109903,171184.17304781202,0.0,61.2539916651307,0.0,0.0,0.0,False,False,False
main,tv_dro_rho_0p01,tv_dro,2025-07-01,28,True,True,20,,0.01,0.7,20.0,optimal_decomposed,219.3636084999962,219.3627809000027,0.0,2,3,15865.9930686984,295.2709491819114,16161.264017880312,16732.91306851757,17028.18401769948,172086.23609594745,0.0,45.65079767530893,0.0,0.0,0.0,False,False,False
main,tv_dro_rho_0p01,tv_dro,2025-07-01,29,True,True,20,,0.01,0.7,20.0,optimal_decomposed,219.3636084999962,219.3627809000027,0.0,2,3,15865.9930686984,295.2709491819114,16161.264017880312,16762.151954899186,17057.422904081097,171704.319386907,0.0,47.38851964767428,0.0,0.0,0.0,False,False,False
main,tv_dro_rho_0p01,tv_dro,2025-07-01,30,True,True,20,,0.01,0.7,20.0,optimal_decomposed,219.3636084999962,219.3627809000027,0.0,2,3,15865.9930686984,295.2709491819114,16161.264017880312,16601.081749543624,16896.352698725535,171700.16697125632,0.0,51.52850403754714,0.0,0.0,0.0,False,False,False
main,tv_dro_rho_0p01,tv_dro,2025-07-01,31,True,True,20,,0.01,0.7,20.0,optimal_decomposed,219.3636084999962,219.3627809000027,0.0,2,3,15865.9930686984,295.2709491819114,16161.264017880312,16683.813265869067,16979.084215050978,171326.5173225293,0.0,57.692421645600334,0.0,0.0,0.0,False,False,False
main,tv_dro_rho_0p01,tv_dro,2025-07-01,32,True,True,20,,0.01,0.7,20.0,optimal_decomposed,219.3636084999962,219.3627809000027,0.0,2,3,15865.9930686984,295.2709491819114,16161.264017880312,16722.38297407912,17017.65392326103,171478.1632461439,0.0,60.52838329494364,0.0,0.0,0.0,False,False,False
main,tv_dro_rho_0p01,tv_dro,2025-07-01,33,True,True,20,,0.01,0.7,20.0,optimal_decomposed,219.3636084999962,219.3627809000027,0.0,2,3,15865.9930686984,295.2709491819114,16161.264017880312,16744.244555219808,17039.51550440172,171564.4922349675,0.0,68.80355144933866,0.0,0.0,0.0,False,False,False
main,tv_dro_rho_0p01,tv_dro,2025-07-01,34,True,True,20,,0.01,0.7,20.0,optimal_decomposed,219.3636084999962,219.3627809000027,0.0,2,3,15865.9930686984,295.2709491819114,16161.264017880312,16678.892455022753,16974.163404204664,171963.3989442248,0.0,58.93356549391288,0.0,0.0,0.0,False,False,False
main,tv_dro_rho_0p01,tv_dro,2025-07-01,35,True,True,20,,0.01,0.7,20.0,optimal_decomposed,219.3636084999962,219.3627809000027,0.0,2,3,15865.9930686984,295.2709491819114,16161.264017880312,16775.737872663918,17071.00882184583,171955.39284754577,0.0,60.53092229006378,0.0,0.0,0.0,False,False,False
main,tv_dro_rho_0p01,tv_dro,2025-07-01,36,True,True,20,,0.01,0.7,20.0,optimal_decomposed,219.3636084999962,219.3627809000027,0.0,2,3,15865.9930686984,295.2709491819114,16161.264017880312,16701.3488561153,16996.61980529721,172129.7153552929,0.0,65.24908001506178,0.0,0.0,0.0,False,False,False
main,tv_dro_rho_0p01,tv_dro,2025-07-01,37,True,True,20,,0.01,0.7,20.0,optimal_decomposed,219.3636084999962,219.3627809000027,0.0,2,3,15865.9930686984,295.2709491819114,16161.264017880312,16634.99881919737,16930.269768379283,171860.34531361682,0.0,46.65504662849766,0.0,0.0,0.0,False,False,False
main,tv_dro_rho_0p01,tv_dro,2025-07-01,38,True,True,20,,0.01,0.7,20.0,optimal_decomposed,219.3636084999962,219.3627809000027,0.0,2,3,15865.9930686984,295.2709491819114,16161.264017880312,16700.148895701615,16995.419844883527,171466.65551716698,0.0,49.702175548369546,0.0,0.0,0.0,False,False,False
main,tv_dro_rho_0p01,tv_dro,2025-07-01,39,True,True,20,,0.01,0.7,20.0,optimal_decomposed,219.3636084999962,219.3627809000027,0.0,2,3,15865.9930686984,295.2709491819114,16161.264017880312,16773.02502359597,17068.29597277788,172159.51286788846,0.0,48.19339012640654,0.0,0.0,0.0,False,False,False
main,tv_dro_rho_0p01,tv_dro,2025-07-01,40,True,True,20,,0.01,0.7,20.0,optimal_decomposed,219.3636084999962,219.3627809000027,0.0,2,3,15865.9930686984,295.2709491819114,16161.264017880312,16722.763809638807,17018.03475882072,171617.1114753481,0.0,52.08881014307048,0.0,0.0,0.0,False,False,False
main,tv_dro_rho_0p01,tv_dro,2025-07-01,41,True,True,20,,0.01,0.7,20.0,optimal_decomposed,219.3636084999962,219.3627809000027,0.0,2,3,15865.9930686984,295.2709491819114,16161.264017880312,16678.941478262914,16974.212427444825,171785.82766193172,0.0,43.55337340629705,0.0,0.0,0.0,False,False,False
main,tv_dro_rho_0p01,tv_dro,2025-07-01,42,True,True,20,,0.01,0.7,20.0,optimal_decomposed,219.3636084999962,219.3627809000027,0.0,2,3,15865.9930686984,295.2709491819114,16161.264017880312,16827.957093331606,17123.228042513518,171410.61205382927,0.0,61.03022789844486,0.0,0.0,0.0,False,False,False
main,tv_dro_rho_0p01,tv_dro,2025-07-01,43,True,True,20,,0.01,0.7,20.0,optimal_decomposed,219.3636084999962,219.3627809000027,0.0,2,3,15865.9930686984,295.2709491819114,16161.264017880312,16636.182465293394,16931.453414475305,171605.32762975743,0.0,52.15863971401859,0.0,0.0,0.0,False,False,False
main,tv_dro_rho_0p01,tv_dro,2025-07-01,44,True,True,20,,0.01,0.7,20.0,optimal_decomposed,219.3636084999962,219.3627809000027,0.0,2,3,15865.9930686984,295.2709491819114,16161.264017880312,16763.06109354771,17058.33204272962,172338.62522367877,0.0,55.66774889452383,0.0,0.0,0.0,False,False,False
main,tv_dro_rho_0p01,tv_dro,2025-07-01,45,True,True,20,,0.01,0.7,20.0,optimal_decomposed,219.3636084999962,219.3627809000027,0.0,2,3,15865.9930686984,295.2709491819114,16161.264017880312,16700.14693926737,16995.417888449283,171726.61243809972,0.0,62.25828960993423,0.0,0.0,0.0,False,False,False
main,tv_dro_rho_0p01,tv_dro,2025-07-01,46,True,True,20,,0.01,0.7,20.0,optimal_decomposed,219.3636084999962,219.3627809000027,0.0,2,3,15865.9930686984,295.2709491819114,16161.264017880312,16860.07489666294,17155.34584584485,171876.3066662053,0.0,56.994287423284575,0.0,0.0,0.0,False,False,False
main,tv_dro_rho_0p01,tv_dro,2025-07-01,47,True,True,20,,0.01,0.7,20.0,optimal_decomposed,219.3636084999962,219.3627809000027,0.0,2,3,15865.9930686984,295.2709491819114,16161.264017880312,16837.302281127548,17132.57323030946,171963.65316708176,0.0,58.202928018307894,0.0,0.0,0.0,False,False,False
main,tv_dro_rho_0p01,tv_dro,2025-07-01,48,True,True,20,,0.01,0.7,20.0,optimal_decomposed,219.3636084999962,219.3627809000027,0.0,2,3,15865.9930686984,295.2709491819114,16161.264017880312,16649.243689789357,16944.514638971268,171897.5637771149,0.0,55.3091974174977,0.0,0.0,0.0,False,False,False
main,tv_dro_rho_0p01,tv_dro,2025-07-01,49,True,True,20,,0.01,0.7,20.0,optimal_decomposed,219.3636084999962,219.3627809000027,0.0,2,3,15865.9930686984,295.2709491819114,16161.264017880312,16713.878336265243,17009.149285447154,172048.10604591615,0.0,60.18128325190783,0.0,0.0,0.0,False,False,False
main,tv_dro_rho_0p01,tv_dro,2025-07-01,50,True,True,20,,0.01,0.7,20.0,optimal_decomposed,219.3636084999962,219.3627809000027,0.0,2,3,15865.9930686984,295.2709491819114,16161.264017880312,16639.52370312004,16934.794652301953,171609.1969375506,0.0,62.93574441588224,0.0,0.0,0.0,False,False,False
main,tv_dro_rho_0p01,tv_dro,2025-07-01,51,True,True,20,,0.01,0.7,20.0,optimal_decomposed,219.3636084999962,219.3627809000027,0.0,2,3,15865.9930686984,295.2709491819114,16161.264017880312,16696.483505465585,16991.754454647496,171579.28269473868,0.0,58.294782378494624,0.0,0.0,0.0,False,False,False
main,tv_dro_rho_0p01,tv_dro,2025-07-01,52,True,True,20,,0.01,0.7,20.0,optimal_decomposed,219.3636084999962,219.3627809000027,0.0,2,3,15865.9930686984,295.2709491819114,16161.264017880312,16733.101445209177,17028.372394391088,171713.38126910455,0.0,60.394688380518076,0.0,0.0,0.0,False,False,False
main,tv_dro_rho_0p01,tv_dro,2025-07-01,53,True,True,20,,0.01,0.7,20.0,optimal_decomposed,219.3636084999962,219.3627809000027,0.0,2,3,15865.9930686984,295.2709491819114,16161.264017880312,16858.06353226579,17153.334481447702,172331.3238717247,0.0,50.22750253099312,0.0,0.0,0.0,False,False,False
main,tv_dro_rho_0p01,tv_dro,2025-07-01,54,True,True,20,,0.01,0.7,20.0,optimal_decomposed,219.3636084999962,219.3627809000027,0.0,2,3,15865.9930686984,295.2709491819114,16161.264017880312,16904.087090774756,17199.358039956667,171952.84940915828,0.0,56.0309994842096,0.0,0.0,0.0,False,False,False
main,tv_dro_rho_0p01,tv_dro,2025-07-01,55,True,True,20,,0.01,0.7,20.0,optimal_decomposed,219.3636084999962,219.3627809000027,0.0,2,3,15865.9930686984,295.2709491819114,16161.264017880312,16676.184408246296,16971.455357428207,171639.13071912387,0.0,61.04094306235276,0.0,0.0,0.0,False,False,False
main,tv_dro_rho_0p01,tv_dro,2025-07-01,56,True,True,20,,0.01,0.7,20.0,optimal_decomposed,219.3636084999962,219.3627809000027,0.0,2,3,15865.9930686984,295.2709491819114,16161.264017880312,16712.2427346617,17007.513683843612,171991.41900339577,0.0,46.52281151599068,0.0,0.0,0.0,False,False,False
main,tv_dro_rho_0p01,tv_dro,2025-07-01,57,True,True,20,,0.01,0.7,20.0,optimal_decomposed,219.3636084999962,219.3627809000027,0.0,2,3,15865.9930686984,295.2709491819114,16161.264017880312,16723.48587238366,17018.75682156557,171949.53689984174,0.0,54.97267158399554,0.0,0.0,0.0,False,False,False
main,tv_dro_rho_0p01,tv_dro,2025-07-01,58,True,True,20,,0.01,0.7,20.0,optimal_decomposed,219.3636084999962,219.3627809000027,0.0,2,3,15865.9930686984,295.2709491819114,16161.264017880312,16663.281377527106,16958.552326709018,171724.33891679134,0.0,62.1332820822369,0.0,0.0,0.0,False,False,False
main,tv_dro_rho_0p01,tv_dro,2025-07-01,59,True,True,20,,0.01,0.7,20.0,optimal_decomposed,219.3636084999962,219.3627809000027,0.0,2,3,15865.9930686984,295.2709491819114,16161.264017880312,16689.149446413954,16984.420395595866,171811.3481709121,0.0,60.14510663337072,0.0,0.0,0.0,False,False,False
main,tv_dro_rho_0p01,tv_dro,2025-07-01,60,True,True,20,,0.01,0.7,20.0,optimal_decomposed,219.3636084999962,219.3627809000027,0.0,2,3,15865.9930686984,295.2709491819114,16161.264017880312,16687.93321866451,16983.204167846423,171877.58041922812,0.0,56.224143687662355,0.0,0.0,0.0,False,False,False
main,tv_dro_rho_0p01,tv_dro,2025-07-01,61,True,True,20,,0.01,0.7,20.0,optimal_decomposed,219.3636084999962,219.3627809000027,0.0,2,3,15865.9930686984,295.2709491819114,16161.264017880312,16716.14493505394,17011.415884235852,171844.63185264668,0.0,45.91841732648239,0.0,0.0,0.0,False,False,False
main,tv_dro_rho_0p01,tv_dro,2025-07-01,62,True,True,20,,0.01,0.7,20.0,optimal_decomposed,219.3636084999962,219.3627809000027,0.0,2,3,15865.9930686984,295.2709491819114,16161.264017880312,16720.782715025434,17016.053664207346,171794.3490391275,0.0,61.40139026977566,0.0,0.0,0.0,False,False,False
main,tv_dro_rho_0p01,tv_dro,2025-07-01,63,True,True,20,,0.01,0.7,20.0,optimal_decomposed,219.3636084999962,219.3627809000027,0.0,2,3,15865.9930686984,295.2709491819114,16161.264017880312,16776.715143148427,17071.98609233034,171564.0832132192,0.0,65.33615409087844,0.0,0.0,0.0,False,False,False
main,tv_dro_rho_0p01,tv_dro,2025-07-01,64,True,True,20,,0.01,0.7,20.0,optimal_decomposed,219.3636084999962,219.3627809000027,0.0,2,3,15865.9930686984,295.2709491819114,16161.264017880312,16687.93458852597,16983.205537707883,171384.35347838124,0.0,54.30959342424439,0.0,0.0,0.0,False,False,False
main,tv_dro_rho_0p01,tv_dro,2025-07-01,65,True,True,20,,0.01,0.7,20.0,optimal_decomposed,219.3636084999962,219.3627809000027,0.0,2,3,15865.9930686984,295.2709491819114,16161.264017880312,16828.4339397758,17123.704888957713,171716.44109335582,0.0,56.7075841767353,0.0,0.0,0.0,False,False,False
main,tv_dro_rho_0p01,tv_dro,2025-07-01,66,True,True,20,,0.01,0.7,20.0,optimal_decomposed,219.3636084999962,219.3627809000027,0.0,2,3,15865.9930686984,295.2709491819114,16161.264017880312,16682.689031257865,16977.959980439777,171686.49948180065,0.0,66.70294260513967,0.0,0.0,0.0,False,False,False
main,tv_dro_rho_0p01,tv_dro,2025-07-01,67,True,True,20,,0.01,0.7,20.0,optimal_decomposed,219.3636084999962,219.3627809000027,0.0,2,3,15865.9930686984,295.2709491819114,16161.264017880312,16675.006434310442,16970.277383492354,172234.29264597263,0.0,52.88831740206225,0.0,0.0,0.0,False,False,False
main,tv_dro_rho_0p01,tv_dro,2025-07-01,68,True,True,20,,0.01,0.7,20.0,optimal_decomposed,219.3636084999962,219.3627809000027,0.0,2,3,15865.9930686984,295.2709491819114,16161.264017880312,16696.801283185294,16992.072232367205,171425.97581966606,0.0,57.01108471371208,0.0,0.0,0.0,False,False,False
main,tv_dro_rho_0p01,tv_dro,2025-07-01,69,True,True,20,,0.01,0.7,20.0,optimal_decomposed,219.3636084999962,219.3627809000027,0.0,2,3,15865.9930686984,295.2709491819114,16161.264017880312,16877.435150484846,17172.706099666757,171459.58090141305,0.0,59.46178556676174,0.0,0.0,0.0,False,False,False
main,tv_dro_rho_0p01,tv_dro,2025-07-01,70,True,True,20,,0.01,0.7,20.0,optimal_decomposed,219.3636084999962,219.3627809000027,0.0,2,3,15865.9930686984,295.2709491819114,16161.264017880312,16677.591393892144,16972.862343074055,171778.22641767943,0.0,60.63629387199914,0.0,0.0,0.0,False,False,False
main,tv_dro_rho_0p01,tv_dro,2025-07-01,71,True,True,20,,0.01,0.7,20.0,optimal_decomposed,219.3636084999962,219.3627809000027,0.0,2,3,15865.9930686984,295.2709491819114,16161.264017880312,16647.77977521142,16943.05072439333,171707.43615640968,0.0,67.76218597187558,0.0,0.0,0.0,False,False,False
main,tv_dro_rho_0p01,tv_dro,2025-07-01,72,True,True,20,,0.01,0.7,20.0,optimal_decomposed,219.3636084999962,219.3627809000027,0.0,2,3,15865.9930686984,295.2709491819114,16161.264017880312,16699.387685662037,16994.65863484395,170915.87116169007,0.0,63.50930301482558,0.0,0.0,0.0,False,False,False
main,tv_dro_rho_0p01,tv_dro,2025-07-01,73,True,True,20,,0.01,0.7,20.0,optimal_decomposed,219.3636084999962,219.3627809000027,0.0,2,3,15865.9930686984,295.2709491819114,16161.264017880312,16656.49554511802,16951.766494299933,171637.37317690812,0.0,58.15859342843303,0.0,0.0,0.0,False,False,False
main,tv_dro_rho_0p01,tv_dro,2025-07-01,74,True,True,20,,0.01,0.7,20.0,optimal_decomposed,219.3636084999962,219.3627809000027,0.0,2,3,15865.9930686984,295.2709491819114,16161.264017880312,16764.646547955977,17059.91749713789,172341.53184910052,0.0,58.12076038576501,0.0,0.0,0.0,False,False,False
main,tv_dro_rho_0p01,tv_dro,2025-07-01,75,True,True,20,,0.01,0.7,20.0,optimal_decomposed,219.3636084999962,219.3627809000027,0.0,2,3,15865.9930686984,295.2709491819114,16161.264017880312,16708.155750794376,17003.426699976288,171980.22334174294,0.0,57.11029048259674,0.0,0.0,0.0,False,False,False
main,tv_dro_rho_0p01,tv_dro,2025-07-01,76,True,True,20,,0.01,0.7,20.0,optimal_decomposed,219.3636084999962,219.3627809000027,0.0,2,3,15865.9930686984,295.2709491819114,16161.264017880312,16739.470095467896,17034.741044649807,171315.2635680616,0.0,56.466769320252446,0.0,0.0,0.0,False,False,False
main,tv_dro_rho_0p01,tv_dro,2025-07-01,77,True,True,20,,0.01,0.7,20.0,optimal_decomposed,219.3636084999962,219.3627809000027,0.0,2,3,15865.9930686984,295.2709491819114,16161.264017880312,16793.078163689144,17088.349112871056,171153.7175145242,0.0,55.19076085590566,0.0,0.0,0.0,False,False,False
main,tv_dro_rho_0p01,tv_dro,2025-07-01,78,True,True,20,,0.01,0.7,20.0,optimal_decomposed,219.3636084999962,219.3627809000027,0.0,2,3,15865.9930686984,295.2709491819114,16161.264017880312,16649.167256483102,16944.438205665014,171663.9026033108,0.0,60.146623178624274,0.0,0.0,0.0,False,False,False
main,tv_dro_rho_0p01,tv_dro,2025-07-01,79,True,True,20,,0.01,0.7,20.0,optimal_decomposed,219.3636084999962,219.3627809000027,0.0,2,3,15865.9930686984,295.2709491819114,16161.264017880312,16771.273841772138,17066.54479095405,171661.8967339693,0.0,53.05028790130806,0.0,0.0,0.0,False,False,False
main,tv_dro_rho_0p01,tv_dro,2025-07-01,80,True,True,20,,0.01,0.7,20.0,optimal_decomposed,219.3636084999962,219.3627809000027,0.0,2,3,15865.9930686984,295.2709491819114,16161.264017880312,16723.937991896244,17019.208941078155,171501.49774162407,0.0,57.0156190879512,0.0,0.0,0.0,False,False,False
main,tv_dro_rho_0p01,tv_dro,2025-07-01,81,True,True,20,,0.01,0.7,20.0,optimal_decomposed,219.3636084999962,219.3627809000027,0.0,2,3,15865.9930686984,295.2709491819114,16161.264017880312,16664.480577681938,16959.75152686385,171654.51104303898,0.0,66.51142726161778,0.0,0.0,0.0,False,False,False
main,tv_dro_rho_0p01,tv_dro,2025-07-01,82,True,True,20,,0.01,0.7,20.0,optimal_decomposed,219.3636084999962,219.3627809000027,0.0,2,3,15865.9930686984,295.2709491819114,16161.264017880312,16688.49437630822,16983.76532549013,172129.61689630634,0.0,45.97137512884146,0.0,0.0,0.0,False,False,False
main,tv_dro_rho_0p01,tv_dro,2025-07-01,83,True,True,20,,0.01,0.7,20.0,optimal_decomposed,219.3636084999962,219.3627809000027,0.0,2,3,15865.9930686984,295.2709491819114,16161.264017880312,16714.006126264747,17009.27707544666,171477.90887769352,0.0,56.6861695087737,0.0,0.0,0.0,False,False,False
main,tv_dro_rho_0p01,tv_dro,2025-07-01,84,True,True,20,,0.01,0.7,20.0,optimal_decomposed,219.3636084999962,219.3627809000027,0.0,2,3,15865.9930686984,295.2709491819114,16161.264017880312,16694.23432369984,16989.50527288175,171511.12065280828,0.0,55.64506427343943,0.0,0.0,0.0,False,False,False
main,tv_dro_rho_0p01,tv_dro,2025-07-01,85,True,True,20,,0.01,0.7,20.0,optimal_decomposed,219.3636084999962,219.3627809000027,0.0,2,3,15865.9930686984,295.2709491819114,16161.264017880312,16699.27974895625,16994.550698138162,171332.249767237,0.0,66.56185429304783,0.0,0.0,0.0,False,False,False
main,tv_dro_rho_0p01,tv_dro,2025-07-01,86,True,True,20,,0.01,0.7,20.0,optimal_decomposed,219.3636084999962,219.3627809000027,0.0,2,3,15865.9930686984,295.2709491819114,16161.264017880312,16777.63622628979,17072.9071754717,171748.3713291486,0.0,49.495160223458576,0.0,0.0,0.0,False,False,False
main,tv_dro_rho_0p01,tv_dro,2025-07-01,87,True,True,20,,0.01,0.7,20.0,optimal_decomposed,219.3636084999962,219.3627809000027,0.0,2,3,15865.9930686984,295.2709491819114,16161.264017880312,16735.223945602665,17030.494894784577,171454.17102230302,0.0,55.574133912923166,0.0,0.0,0.0,False,False,False
main,tv_dro_rho_0p01,tv_dro,2025-07-01,88,True,True,20,,0.01,0.7,20.0,optimal_decomposed,219.3636084999962,219.3627809000027,0.0,2,3,15865.9930686984,295.2709491819114,16161.264017880312,16738.12504441431,17033.395993596223,171448.3524276792,0.0,65.07069520125602,0.0,0.0,0.0,False,False,False
main,tv_dro_rho_0p01,tv_dro,2025-07-01,89,True,True,20,,0.01,0.7,20.0,optimal_decomposed,219.3636084999962,219.3627809000027,0.0,2,3,15865.9930686984,295.2709491819114,16161.264017880312,16739.601548587238,17034.87249776915,171494.69398739666,0.0,56.054276596240896,0.0,0.0,0.0,False,False,False
main,tv_dro_rho_0p01,tv_dro,2025-07-01,90,True,True,20,,0.01,0.7,20.0,optimal_decomposed,219.3636084999962,219.3627809000027,0.0,2,3,15865.9930686984,295.2709491819114,16161.264017880312,16721.670691049847,17016.94164023176,171913.26482906577,0.0,60.96827921286405,0.0,0.0,0.0,False,False,False
main,tv_dro_rho_0p01,tv_dro,2025-07-01,91,True,True,20,,0.01,0.7,20.0,optimal_decomposed,219.3636084999962,219.3627809000027,0.0,2,3,15865.9930686984,295.2709491819114,16161.264017880312,16653.1841239418,16948.45507312371,171601.1378113517,0.0,55.6582420309742,0.0,0.0,0.0,False,False,False
main,tv_dro_rho_0p01,tv_dro,2025-07-01,92,True,True,20,,0.01,0.7,20.0,optimal_decomposed,219.3636084999962,219.3627809000027,0.0,2,3,15865.9930686984,295.2709491819114,16161.264017880312,16733.916587625416,17029.187536807327,171947.36318719265,0.0,44.78419793724472,0.0,0.0,0.0,False,False,False
main,tv_dro_rho_0p01,tv_dro,2025-07-01,93,True,True,20,,0.01,0.7,20.0,optimal_decomposed,219.3636084999962,219.3627809000027,0.0,2,3,15865.9930686984,295.2709491819114,16161.264017880312,16720.810219156676,17016.081168338587,171649.8658603816,0.0,56.90655835974501,0.0,0.0,0.0,False,False,False
main,tv_dro_rho_0p01,tv_dro,2025-07-01,94,True,True,20,,0.01,0.7,20.0,optimal_decomposed,219.3636084999962,219.3627809000027,0.0,2,3,15865.9930686984,295.2709491819114,16161.264017880312,16720.23911146826,17015.510060650173,171354.53985724723,0.0,51.451454166220685,0.0,0.0,0.0,False,False,False
main,tv_dro_rho_0p01,tv_dro,2025-07-01,95,True,True,20,,0.01,0.7,20.0,optimal_decomposed,219.3636084999962,219.3627809000027,0.0,2,3,15865.9930686984,295.2709491819114,16161.264017880312,16726.407502711016,17021.678451892927,172427.07904765566,0.0,57.087575570165306,0.0,0.0,0.0,False,False,False
main,tv_dro_rho_0p01,tv_dro,2025-07-01,96,True,True,20,,0.01,0.7,20.0,optimal_decomposed,219.3636084999962,219.3627809000027,0.0,2,3,15865.9930686984,295.2709491819114,16161.264017880312,16757.023790865584,17052.294740047495,171764.2036549844,0.0,54.132404389124034,0.0,0.0,0.0,False,False,False
main,tv_dro_rho_0p01,tv_dro,2025-07-01,97,True,True,20,,0.01,0.7,20.0,optimal_decomposed,219.3636084999962,219.3627809000027,0.0,2,3,15865.9930686984,295.2709491819114,16161.264017880312,16700.764760275964,16996.035709457876,171674.24747861817,0.0,53.8838859760518,0.0,0.0,0.0,False,False,False
main,tv_dro_rho_0p01,tv_dro,2025-07-01,98,True,True,20,,0.01,0.7,20.0,optimal_decomposed,219.3636084999962,219.3627809000027,0.0,2,3,15865.9930686984,295.2709491819114,16161.264017880312,16694.424971481636,16989.695920663547,171905.72142320377,0.0,46.62772853784941,0.0,0.0,0.0,False,False,False
main,tv_dro_rho_0p01,tv_dro,2025-07-01,99,True,True,20,,0.01,0.7,20.0,optimal_decomposed,219.3636084999962,219.3627809000027,0.0,2,3,15865.9930686984,295.2709491819114,16161.264017880312,16646.7229279217,16941.99387710361,171929.82090080896,0.0,58.67243507332186,0.0,0.0,0.0,False,False,False
main,tv_dro_rho_0p01,tv_dro,2025-10-01,0,True,True,20,,0.01,0.7,20.0,optimal_decomposed,1150.682526100005,1150.681301100005,0.0,7,8,16322.87988333009,525.4481269872371,16848.328010317327,16373.125943683426,16898.574070670664,173631.1055828484,0.07366077361952406,51.844953903967514,0.0,0.0,0.0,False,False,False
main,tv_dro_rho_0p01,tv_dro,2025-10-01,1,True,True,20,,0.01,0.7,20.0,optimal_decomposed,1150.682526100005,1150.681301100005,0.0,7,8,16322.87988333009,525.4481269872371,16848.328010317327,16443.747572288685,16969.195699275922,173369.85507381716,0.07366075768966018,62.59024560909225,0.0,0.0,0.0,False,False,False
main,tv_dro_rho_0p01,tv_dro,2025-10-01,2,True,True,20,,0.01,0.7,20.0,optimal_decomposed,1150.682526100005,1150.681301100005,0.0,7,8,16322.87988333009,525.4481269872371,16848.328010317327,16359.72166050853,16885.169787495768,173566.94982706074,0.0,46.775960315511725,0.0,0.0,0.0,False,False,False
main,tv_dro_rho_0p01,tv_dro,2025-10-01,3,True,True,20,,0.01,0.7,20.0,optimal_decomposed,1150.682526100005,1150.681301100005,0.0,7,8,16322.87988333009,525.4481269872371,16848.328010317327,16420.761308487352,16946.20943547459,173654.04670171408,0.0,54.4292286109783,0.0,0.0,0.0,False,False,False
main,tv_dro_rho_0p01,tv_dro,2025-10-01,4,True,True,20,,0.01,0.7,20.0,optimal_decomposed,1150.682526100005,1150.681301100005,0.0,7,8,16322.87988333009,525.4481269872371,16848.328010317327,16406.699550608406,16932.147677595643,174164.8808896848,0.07366076815153888,47.75944082858148,0.0,0.0,0.0,False,False,False
main,tv_dro_rho_0p01,tv_dro,2025-10-01,5,True,True,20,,0.01,0.7,20.0,optimal_decomposed,1150.682526100005,1150.681301100005,0.0,7,8,16322.87988333009,525.4481269872371,16848.328010317327,16419.15432310222,16944.602450089456,173673.92083720482,0.0,56.163873307213116,0.0,0.0,0.0,False,False,False
main,tv_dro_rho_0p01,tv_dro,2025-10-01,6,True,True,20,,0.01,0.7,20.0,optimal_decomposed,1150.682526100005,1150.681301100005,0.0,7,8,16322.87988333009,525.4481269872371,16848.328010317327,16488.451736261013,17013.89986324825,174175.32956371308,0.0,46.574700481165465,0.0,0.0,0.0,False,False,False
main,tv_dro_rho_0p01,tv_dro,2025-10-01,7,True,True,20,,0.01,0.7,20.0,optimal_decomposed,1150.682526100005,1150.681301100005,0.0,7,8,16322.87988333009,525.4481269872371,16848.328010317327,16439.080046596868,16964.528173584105,173979.96894787386,0.0,49.878484052160374,0.0,0.0,0.0,False,False,False
main,tv_dro_rho_0p01,tv_dro,2025-10-01,8,True,True,20,,0.01,0.7,20.0,optimal_decomposed,1150.682526100005,1150.681301100005,0.0,7,8,16322.87988333009,525.4481269872371,16848.328010317327,16332.060865257377,16857.508992244613,173103.6689154413,0.18647368905853456,50.21172608897913,0.0,0.0,0.0,False,False,False
main,tv_dro_rho_0p01,tv_dro,2025-10-01,9,True,True,20,,0.01,0.7,20.0,optimal_decomposed,1150.682526100005,1150.681301100005,0.0,7,8,16322.87988333009,525.4481269872371,16848.328010317327,16446.643095089465,16972.091222076702,173623.8158952444,0.0,61.16857875625669,0.0,0.0,0.0,False,False,False
main,tv_dro_rho_0p01,tv_dro,2025-10-01,10,True,True,20,,0.01,0.7,20.0,optimal_decomposed,1150.682526100005,1150.681301100005,0.0,7,8,16322.87988333009,525.4481269872371,16848.328010317327,16393.81082898495,16919.25895597219,173709.9043299428,0.0,52.80980045667075,0.0,0.0,0.0,False,False,False
main,tv_dro_rho_0p01,tv_dro,2025-10-01,11,True,True,20,,0.01,0.7,20.0,optimal_decomposed,1150.682526100005,1150.681301100005,0.0,7,8,16322.87988333009,525.4481269872371,16848.328010317327,16421.44254779211,16946.890674779348,174094.40731157025,0.0,46.30174305353136,0.0,0.0,0.0,False,False,False
main,tv_dro_rho_0p01,tv_dro,2025-10-01,12,True,True,20,,0.01,0.7,20.0,optimal_decomposed,1150.682526100005,1150.681301100005,0.0,7,8,16322.87988333009,525.4481269872371,16848.328010317327,16369.879990556012,16895.32811754325,173206.03234902685,0.0,46.39770106627704,0.0,0.0,0.0,False,False,False
main,tv_dro_rho_0p01,tv_dro,2025-10-01,13,True,True,20,,0.01,0.7,20.0,optimal_decomposed,1150.682526100005,1150.681301100005,0.0,7,8,16322.87988333009,525.4481269872371,16848.328010317327,16414.095405908873,16939.54353289611,173152.78281716735,0.0,52.816972354789684,0.0,0.0,0.0,False,False,False
main,tv_dro_rho_0p01,tv_dro,2025-10-01,14,True,True,20,,0.01,0.7,20.0,optimal_decomposed,1150.682526100005,1150.681301100005,0.0,7,8,16322.87988333009,525.4481269872371,16848.328010317327,16472.172238661504,16997.62036564874,174309.61136698016,0.0,48.88892989201253,0.0,0.0,0.0,False,False,False
main,tv_dro_rho_0p01,tv_dro,2025-10-01,15,True,True,20,,0.01,0.7,20.0,optimal_decomposed,1150.682526100005,1150.681301100005,0.0,7,8,16322.87988333009,525.4481269872371,16848.328010317327,16447.569269627707,16973.017396614945,173661.81473590832,0.0,45.281519543065194,0.0,0.0,0.0,False,False,False
main,tv_dro_rho_0p01,tv_dro,2025-10-01,16,True,True,20,,0.01,0.7,20.0,optimal_decomposed,1150.682526100005,1150.681301100005,0.0,7,8,16322.87988333009,525.4481269872371,16848.328010317327,16445.539010586643,16970.98713757388,174547.0423249321,0.0,48.326445698999414,0.0,0.0,0.0,False,False,False
main,tv_dro_rho_0p01,tv_dro,2025-10-01,17,True,True,20,,0.01,0.7,20.0,optimal_decomposed,1150.682526100005,1150.681301100005,0.0,7,8,16322.87988333009,525.4481269872371,16848.328010317327,16448.801211929866,16974.249338917103,173791.94917232046,0.0,60.82183529116374,0.0,0.0,0.0,False,False,False
main,tv_dro_rho_0p01,tv_dro,2025-10-01,18,True,True,20,,0.01,0.7,20.0,optimal_decomposed,1150.682526100005,1150.681301100005,0.0,7,8,16322.87988333009,525.4481269872371,16848.328010317327,16440.15023784089,16965.59836482813,173559.67951552963,0.0,54.63932652011669,0.0,0.0,0.0,False,False,False
main,tv_dro_rho_0p01,tv_dro,2025-10-01,19,True,True,20,,0.01,0.7,20.0,optimal_decomposed,1150.682526100005,1150.681301100005,0.0,7,8,16322.87988333009,525.4481269872371,16848.328010317327,16378.10186263045,16903.549989617688,173482.8752703503,0.0,52.19963324317741,0.0,0.0,0.0,False,False,False
main,tv_dro_rho_0p01,tv_dro,2025-10-01,20,True,True,20,,0.01,0.7,20.0,optimal_decomposed,1150.682526100005,1150.681301100005,0.0,7,8,16322.87988333009,525.4481269872371,16848.328010317327,16390.59990120934,16916.04802819658,174465.2206575539,0.0,47.90992820088259,0.0,0.0,0.0,False,False,False
main,tv_dro_rho_0p01,tv_dro,2025-10-01,21,True,True,20,,0.01,0.7,20.0,optimal_decomposed,1150.682526100005,1150.681301100005,0.0,7,8,16322.87988333009,525.4481269872371,16848.328010317327,16395.549803481674,16920.99793046891,173540.53723391358,0.0,47.34692512075428,0.0,0.0,0.0,False,False,False
main,tv_dro_rho_0p01,tv_dro,2025-10-01,22,True,True,20,,0.01,0.7,20.0,optimal_decomposed,1150.682526100005,1150.681301100005,0.0,7,8,16322.87988333009,525.4481269872371,16848.328010317327,16405.56720079196,16931.015327779198,173718.78548766003,0.0,49.409371622372745,0.0,0.0,0.0,False,False,False
main,tv_dro_rho_0p01,tv_dro,2025-10-01,23,True,True,20,,0.01,0.7,20.0,optimal_decomposed,1150.682526100005,1150.681301100005,0.0,7,8,16322.87988333009,525.4481269872371,16848.328010317327,16500.419543473457,17025.867670460695,174040.4664827681,0.0,49.16648392320644,0.0,0.0,0.0,False,False,False
main,tv_dro_rho_0p01,tv_dro,2025-10-01,24,True,True,20,,0.01,0.7,20.0,optimal_decomposed,1150.682526100005,1150.681301100005,0.0,7,8,16322.87988333009,525.4481269872371,16848.328010317327,16452.548410431104,16977.99653741834,173791.43235255944,0.0,56.39501163389133,0.0,0.0,0.0,False,False,False
main,tv_dro_rho_0p01,tv_dro,2025-10-01,25,True,True,20,,0.01,0.7,20.0,optimal_decomposed,1150.682526100005,1150.681301100005,0.0,7,8,16322.87988333009,525.4481269872371,16848.328010317327,16410.388433462685,16935.836560449923,174074.53223952343,0.0,46.03786387976096,0.0,0.0,0.0,False,False,False
main,tv_dro_rho_0p01,tv_dro,2025-10-01,26,True,True,20,,0.01,0.7,20.0,optimal_decomposed,1150.682526100005,1150.681301100005,0.0,7,8,16322.87988333009,525.4481269872371,16848.328010317327,16433.206153001258,16958.654279988496,173671.6353705808,0.0,59.1349115728728,0.0,0.0,0.0,False,False,False
main,tv_dro_rho_0p01,tv_dro,2025-10-01,27,True,True,20,,0.01,0.7,20.0,optimal_decomposed,1150.682526100005,1150.681301100005,0.0,7,8,16322.87988333009,525.4481269872371,16848.328010317327,16438.524513398406,16963.972640385644,173868.72020554106,0.0,53.7103585818137,0.0,0.0,0.0,False,False,False
main,tv_dro_rho_0p01,tv_dro,2025-10-01,28,True,True,20,,0.01,0.7,20.0,optimal_decomposed,1150.682526100005,1150.681301100005,0.0,7,8,16322.87988333009,525.4481269872371,16848.328010317327,16455.040162260004,16980.48828924724,174325.32258548556,0.0,42.612929227214174,0.0,0.0,0.0,False,False,False
main,tv_dro_rho_0p01,tv_dro,2025-10-01,29,True,True,20,,0.01,0.7,20.0,optimal_decomposed,1150.682526100005,1150.681301100005,0.0,7,8,16322.87988333009,525.4481269872371,16848.328010317327,16397.950386674263,16923.3985136615,173609.72141852908,0.0,39.78123264959537,0.0,0.0,0.0,False,False,False
main,tv_dro_rho_0p01,tv_dro,2025-10-01,30,True,True,20,,0.01,0.7,20.0,optimal_decomposed,1150.682526100005,1150.681301100005,0.0,7,8,16322.87988333009,525.4481269872371,16848.328010317327,16308.515833176594,16833.96396016383,173122.01837200695,0.09203036032267842,46.1247502015504,0.0,0.0,0.0,False,False,False
main,tv_dro_rho_0p01,tv_dro,2025-10-01,31,True,True,20,,0.01,0.7,20.0,optimal_decomposed,1150.682526100005,1150.681301100005,0.0,7,8,16322.87988333009,525.4481269872371,16848.328010317327,16364.589560653374,16890.03768764061,173683.75525993682,0.0,49.99481344908877,0.0,0.0,0.0,False,False,False
main,tv_dro_rho_0p01,tv_dro,2025-10-01,32,True,True,20,,0.01,0.7,20.0,optimal_decomposed,1150.682526100005,1150.681301100005,0.0,7,8,16322.87988333009,525.4481269872371,16848.328010317327,16452.19245378031,16977.640580767547,174108.87798024758,0.0,52.60910570054558,0.0,0.0,0.0,False,False,False
main,tv_dro_rho_0p01,tv_dro,2025-10-01,33,True,True,20,,0.01,0.7,20.0,optimal_decomposed,1150.682526100005,1150.681301100005,0.0,7,8,16322.87988333009,525.4481269872371,16848.328010317327,16450.936137214896,16976.384264202134,173474.72206533438,0.0,61.9537696235613,0.0,0.0,0.0,False,False,False
main,tv_dro_rho_0p01,tv_dro,2025-10-01,34,True,True,20,,0.01,0.7,20.0,optimal_decomposed,1150.682526100005,1150.681301100005,0.0,7,8,16322.87988333009,525.4481269872371,16848.328010317327,16437.03071008102,16962.478837068258,173587.27254648958,0.07366077194894838,52.797873733536676,0.0,0.0,0.0,False,False,False
main,tv_dro_rho_0p01,tv_dro,2025-10-01,35,True,True,20,,0.01,0.7,20.0,optimal_decomposed,1150.682526100005,1150.681301100005,0.0,7,8,16322.87988333009,525.4481269872371,16848.328010317327,16450.618372447112,16976.06649943435,173915.2267232966,0.0,54.45719702680506,0.0,0.0,0.0,False,False,False
main,tv_dro_rho_0p01,tv_dro,2025-10-01,36,True,True,20,,0.01,0.7,20.0,optimal_decomposed,1150.682526100005,1150.681301100005,0.0,7,8,16322.87988333009,525.4481269872371,16848.328010317327,16517.92230339745,17043.370430384686,174424.94273594758,0.0,57.47328026476763,0.0,0.0,0.0,False,False,False
main,tv_dro_rho_0p01,tv_dro,2025-10-01,37,True,True,20,,0.01,0.7,20.0,optimal_decomposed,1150.682526100005,1150.681301100005,0.0,7,8,16322.87988333009,525.4481269872371,16848.328010317327,16394.56461791301,16920.012744900247,173844.10265601933,0.0736607576331576,43.82072725354777,0.0,0.0,0.0,False,False,False
main,tv_dro_rho_0p01,tv_dro,2025-10-01,38,True,True,20,,0.01,0.7,20.0,optimal_decomposed,1150.682526100005,1150.681301100005,0.0,7,8,16322.87988333009,525.4481269872371,16848.328010317327,16406.161366953587,16931.609493940825,173925.16593083375,0.0,48.62185582590303,0.0,0.0,0.0,False,False,False
main,tv_dro_rho_0p01,tv_dro,2025-10-01,39,True,True,20,,0.01,0.7,20.0,optimal_decomposed,1150.682526100005,1150.681301100005,0.0,7,8,16322.87988333009,525.4481269872371,16848.328010317327,16434.05578854991,16959.50391553715,173881.07175878118,0.0,40.593477846382996,0.0,0.0,0.0,False,False,False
main,tv_dro_rho_0p01,tv_dro,2025-10-01,40,True,True,20,,0.01,0.7,20.0,optimal_decomposed,1150.682526100005,1150.681301100005,0.0,7,8,16322.87988333009,525.4481269872371,16848.328010317327,16468.44532401444,16993.893451001677,174074.86682497963,0.0,42.738348237578144,0.0,0.0,0.0,False,False,False
main,tv_dro_rho_0p01,tv_dro,2025-10-01,41,True,True,20,,0.01,0.7,20.0,optimal_decomposed,1150.682526100005,1150.681301100005,0.0,7,8,16322.87988333009,525.4481269872371,16848.328010317327,16374.670943358922,16900.119070346158,173486.29510628147,0.07366076854410175,38.284151542142325,0.0,0.0,0.0,False,False,False
main,tv_dro_rho_0p01,tv_dro,2025-10-01,42,True,True,20,,0.01,0.7,20.0,optimal_decomposed,1150.682526100005,1150.681301100005,0.0,7,8,16322.87988333009,525.4481269872371,16848.328010317327,16489.775741616242,17015.22386860348,173781.11124069043,0.0,53.84659878977097,0.0,0.0,0.0,False,False,False
main,tv_dro_rho_0p01,tv_dro,2025-10-01,43,True,True,20,,0.01,0.7,20.0,optimal_decomposed,1150.682526100005,1150.681301100005,0.0,7,8,16322.87988333009,525.4481269872371,16848.328010317327,16335.589440236028,16861.037567223266,173190.59133417523,0.0,53.52337767053431,0.0,0.0,0.0,False,False,False
main,tv_dro_rho_0p01,tv_dro,2025-10-01,44,True,True,20,,0.01,0.7,20.0,optimal_decomposed,1150.682526100005,1150.681301100005,0.0,7,8,16322.87988333009,525.4481269872371,16848.328010317327,16420.211714533983,16945.65984152122,174137.5142222528,0.0,51.6426921362354,0.0,0.0,0.0,False,False,False
main,tv_dro_rho_0p01,tv_dro,2025-10-01,45,True,True,20,,0.01,0.7,20.0,optimal_decomposed,1150.682526100005,1150.681301100005,0.0,7,8,16322.87988333009,525.4481269872371,16848.328010317327,16426.036247866585,16951.484374853822,173740.1782183828,0.0,54.66773147005989,0.0,0.0,0.0,False,False,False
main,tv_dro_rho_0p01,tv_dro,2025-10-01,46,True,True,20,,0.01,0.7,20.0,optimal_decomposed,1150.682526100005,1150.681301100005,0.0,7,8,16322.87988333009,525.4481269872371,16848.328010317327,16440.42640709816,16965.874534085397,173851.06675045282,0.0,52.089132884578056,0.0,0.0,0.0,False,False,False
main,tv_dro_rho_0p01,tv_dro,2025-10-01,47,True,True,20,,0.01,0.7,20.0,optimal_decomposed,1150.682526100005,1150.681301100005,0.0,7,8,16322.87988333009,525.4481269872371,16848.328010317327,16439.48357021632,16964.931697203556,173983.70509871177,0.0,52.12314464228631,0.0,0.0,0.0,False,False,False
main,tv_dro_rho_0p01,tv_dro,2025-10-01,48,True,True,20,,0.01,0.7,20.0,optimal_decomposed,1150.682526100005,1150.681301100005,0.0,7,8,16322.87988333009,525.4481269872371,16848.328010317327,16362.709643912853,16888.15777090009,173706.25689090593,0.09144323192983062,50.33273905708619,0.0,0.0,0.0,False,False,False
main,tv_dro_rho_0p01,tv_dro,2025-10-01,49,True,True,20,,0.01,0.7,20.0,optimal_decomposed,1150.682526100005,1150.681301100005,0.0,7,8,16322.87988333009,525.4481269872371,16848.328010317327,16471.815590618753,16997.26371760599,173773.52520849445,0.0,56.216817538820806,0.0,0.0,0.0,False,False,False
main,tv_dro_rho_0p01,tv_dro,2025-10-01,50,True,True,20,,0.01,0.7,20.0,optimal_decomposed,1150.682526100005,1150.681301100005,0.0,7,8,16322.87988333009,525.4481269872371,16848.328010317327,16469.609867764546,16995.057994751784,174330.86690073396,0.0,56.24887802070814,0.0,0.0,0.0,False,False,False
main,tv_dro_rho_0p01,tv_dro,2025-10-01,51,True,True,20,,0.01,0.7,20.0,optimal_decomposed,1150.682526100005,1150.681301100005,0.0,7,8,16322.87988333009,525.4481269872371,16848.328010317327,16369.574163506995,16895.02229049423,173478.16727862353,0.11281291604238608,50.13538735882037,0.0,0.0,0.0,False,False,False
main,tv_dro_rho_0p01,tv_dro,2025-10-01,52,True,True,20,,0.01,0.7,20.0,optimal_decomposed,1150.682526100005,1150.681301100005,0.0,7,8,16322.87988333009,525.4481269872371,16848.328010317327,16411.873232417234,16937.321359404472,173826.93568367456,0.0,58.1863070351828,0.0,0.0,0.0,False,False,False
main,tv_dro_rho_0p01,tv_dro,2025-10-01,53,True,True,20,,0.01,0.7,20.0,optimal_decomposed,1150.682526100005,1150.681301100005,0.0,7,8,16322.87988333009,525.4481269872371,16848.328010317327,16408.70615926822,16934.154286255456,174092.25686334088,0.0,49.273260342207095,0.0,0.0,0.0,False,False,False
main,tv_dro_rho_0p01,tv_dro,2025-10-01,54,True,True,20,,0.01,0.7,20.0,optimal_decomposed,1150.682526100005,1150.681301100005,0.0,7,8,16322.87988333009,525.4481269872371,16848.328010317327,16441.099207139043,16966.54733412628,174015.68728944554,0.0,51.272389598844036,0.0,0.0,0.0,False,False,False
main,tv_dro_rho_0p01,tv_dro,2025-10-01,55,True,True,20,,0.01,0.7,20.0,optimal_decomposed,1150.682526100005,1150.681301100005,0.0,7,8,16322.87988333009,525.4481269872371,16848.328010317327,16426.704843994994,16952.15297098223,173935.23054356803,0.0,56.94892412561517,0.0,0.0,0.0,False,False,False
main,tv_dro_rho_0p01,tv_dro,2025-10-01,56,True,True,20,,0.01,0.7,20.0,optimal_decomposed,1150.682526100005,1150.681301100005,0.0,7,8,16322.87988333009,525.4481269872371,16848.328010317327,16490.05667495867,17015.504801945906,174062.86028647667,0.0,40.86528828363099,0.0,0.0,0.0,False,False,False
main,tv_dro_rho_0p01,tv_dro,2025-10-01,57,True,True,20,,0.01,0.7,20.0,optimal_decomposed,1150.682526100005,1150.681301100005,0.0,7,8,16322.87988333009,525.4481269872371,16848.328010317327,16422.644054268625,16948.092181255863,173919.58134173648,0.0,51.076641723046066,0.0,0.0,0.0,False,False,False
main,tv_dro_rho_0p01,tv_dro,2025-10-01,58,True,True,20,,0.01,0.7,20.0,optimal_decomposed,1150.682526100005,1150.681301100005,0.0,7,8,16322.87988333009,525.4481269872371,16848.328010317327,16414.551712238077,16939.999839225315,173402.08039360453,0.0736607681511332,59.36459631562975,0.0,0.0,0.0,False,False,False
main,tv_dro_rho_0p01,tv_dro,2025-10-01,59,True,True,20,,0.01,0.7,20.0,optimal_decomposed,1150.682526100005,1150.681301100005,0.0,7,8,16322.87988333009,525.4481269872371,16848.328010317327,16404.060459648066,16929.508586635304,174097.93099499738,0.0,52.67704566245591,0.0,0.0,0.0,False,False,False
main,tv_dro_rho_0p01,tv_dro,2025-10-01,60,True,True,20,,0.01,0.7,20.0,optimal_decomposed,1150.682526100005,1150.681301100005,0.0,7,8,16322.87988333009,525.4481269872371,16848.328010317327,16397.35055787028,16922.798684857516,173820.9033791259,0.11281291644166247,51.01776450353734,0.0,0.0,0.0,False,False,False
main,tv_dro_rho_0p01,tv_dro,2025-10-01,61,True,True,20,,0.01,0.7,20.0,optimal_decomposed,1150.682526100005,1150.681301100005,0.0,7,8,16322.87988333009,525.4481269872371,16848.328010317327,16439.67159671763,16965.11972370487,173825.13065096512,0.0,40.4452887918585,0.0,0.0,0.0,False,False,False
main,tv_dro_rho_0p01,tv_dro,2025-10-01,62,True,True,20,,0.01,0.7,20.0,optimal_decomposed,1150.682526100005,1150.681301100005,0.0,7,8,16322.87988333009,525.4481269872371,16848.328010317327,16458.91863621597,16984.36676320321,174009.7974893259,0.0,56.37160166861654,0.0,0.0,0.0,False,False,False
main,tv_dro_rho_0p01,tv_dro,2025-10-01,63,True,True,20,,0.01,0.7,20.0,optimal_decomposed,1150.682526100005,1150.681301100005,0.0,7,8,16322.87988333009,525.4481269872371,16848.328010317327,16429.765536217168,16955.213663204406,173622.67889180998,0.0,58.10204504362704,0.0,0.0,0.0,False,False,False
main,tv_dro_rho_0p01,tv_dro,2025-10-01,64,True,True,20,,0.01,0.7,20.0,optimal_decomposed,1150.682526100005,1150.681301100005,0.0,7,8,16322.87988333009,525.4481269872371,16848.328010317327,16416.729602692038,16942.177729679275,173730.7491693862,0.0,47.37820786616891,0.0,0.0,0.0,False,False,False
main,tv_dro_rho_0p01,tv_dro,2025-10-01,65,True,True,20,,0.01,0.7,20.0,optimal_decomposed,1150.682526100005,1150.681301100005,0.0,7,8,16322.87988333009,525.4481269872371,16848.328010317327,16422.462448481798,16947.910575469035,173757.857823959,0.0,57.0527703294874,0.0,0.0,0.0,False,False,False
main,tv_dro_rho_0p01,tv_dro,2025-10-01,66,True,True,20,,0.01,0.7,20.0,optimal_decomposed,1150.682526100005,1150.681301100005,0.0,7,8,16322.87988333009,525.4481269872371,16848.328010317327,16392.81637117821,16918.26449816545,173713.80513291556,0.0,59.33428298504797,0.0,0.0,0.0,False,False,False
main,tv_dro_rho_0p01,tv_dro,2025-10-01,67,True,True,20,,0.01,0.7,20.0,optimal_decomposed,1150.682526100005,1150.681301100005,0.0,7,8,16322.87988333009,525.4481269872371,16848.328010317327,16417.10229762144,16942.55042460868,174480.45885306003,0.0,51.345367745614844,0.0,0.0,0.0,False,False,False
main,tv_dro_rho_0p01,tv_dro,2025-10-01,68,True,True,20,,0.01,0.7,20.0,optimal_decomposed,1150.682526100005,1150.681301100005,0.0,7,8,16322.87988333009,525.4481269872371,16848.328010317327,16421.935439212302,16947.38356619954,173869.12003910154,0.11281291309762898,53.689919510089055,0.0,0.0,0.0,False,False,False
main,tv_dro_rho_0p01,tv_dro,2025-10-01,69,True,True,20,,0.01,0.7,20.0,optimal_decomposed,1150.682526100005,1150.681301100005,0.0,7,8,16322.87988333009,525.4481269872371,16848.328010317327,16447.228788310156,16972.676915297394,173547.87364909938,0.0,55.411061478013266,0.0,0.0,0.0,False,False,False
main,tv_dro_rho_0p01,tv_dro,2025-10-01,70,True,True,20,,0.01,0.7,20.0,optimal_decomposed,1150.682526100005,1150.681301100005,0.0,7,8,16322.87988333009,525.4481269872371,16848.328010317327,16445.758408377977,16971.206535365214,174190.81081941669,0.0,55.00321197292344,0.0,0.0,0.0,False,False,False
main,tv_dro_rho_0p01,tv_dro,2025-10-01,71,True,True,20,,0.01,0.7,20.0,optimal_decomposed,1150.682526100005,1150.681301100005,0.0,7,8,16322.87988333009,525.4481269872371,16848.328010317327,16376.175944927734,16901.624071914972,173414.9473712073,0.18647368749552728,59.41122160104906,0.0,0.0,0.0,False,False,False
main,tv_dro_rho_0p01,tv_dro,2025-10-01,72,True,True,20,,0.01,0.7,20.0,optimal_decomposed,1150.682526100005,1150.681301100005,0.0,7,8,16322.87988333009,525.4481269872371,16848.328010317327,16410.72661884384,16936.17474583108,173310.74742288238,0.11281291777731317,58.009487742277784,0.0,0.0,0.0,False,False,False
main,tv_dro_rho_0p01,tv_dro,2025-10-01,73,True,True,20,,0.01,0.7,20.0,optimal_decomposed,1150.682526100005,1150.681301100005,0.0,7,8,16322.87988333009,525.4481269872371,16848.328010317327,16395.801807546286,16921.249934533524,173596.72604003968,0.0,51.863683106640316,0.0,0.0,0.0,False,False,False
main,tv_dro_rho_0p01,tv_dro,2025-10-01,74,True,True,20,,0.01,0.7,20.0,optimal_decomposed,1150.682526100005,1150.681301100005,0.0,7,8,16322.87988333009,525.4481269872371,16848.328010317327,16483.003556417014,17008.45168340425,174243.66187448907,0.0,53.34116212047802,0.0,0.0,0.0,False,False,False
main,tv_dro_rho_0p01,tv_dro,2025-10-01,75,True,True,20,,0.01,0.7,20.0,optimal_decomposed,1150.682526100005,1150.681301100005,0.0,7,8,16322.87988333009,525.4481269872371,16848.328010317327,16414.095660269777,16939.543787257015,174016.0289514271,0.0,51.39492230012053,0.0,0.0,0.0,False,False,False
main,tv_dro_rho_0p01,tv_dro,2025-10-01,76,True,True,20,,0.01,0.7,20.0,optimal_decomposed,1150.682526100005,1150.681301100005,0.0,7,8,16322.87988333009,525.4481269872371,16848.328010317327,16462.52039303353,16987.968520020768,173842.93382557548,0.0,52.27213367264201,0.0,0.0,0.0,False,False,False
main,tv_dro_rho_0p01,tv_dro,2025-10-01,77,True,True,20,,0.01,0.7,20.0,optimal_decomposed,1150.682526100005,1150.681301100005,0.0,7,8,16322.87988333009,525.4481269872371,16848.328010317327,16510.310342008506,17035.758468995744,173687.31510628667,0.11281291743123201,48.02253605252049,0.0,0.0,0.0,False,False,False
main,tv_dro_rho_0p01,tv_dro,2025-10-01,78,True,True,20,,0.01,0.7,20.0,optimal_decomposed,1150.682526100005,1150.681301100005,0.0,7,8,16322.87988333009,525.4481269872371,16848.328010317327,16392.355646190605,16917.803773177842,173764.61855653615,0.0,51.7735819955722,0.0,0.0,0.0,False,False,False
main,tv_dro_rho_0p01,tv_dro,2025-10-01,79,True,True,20,,0.01,0.7,20.0,optimal_decomposed,1150.682526100005,1150.681301100005,0.0,7,8,16322.87988333009,525.4481269872371,16848.328010317327,16437.114400042083,16962.56252702932,174018.7490653163,0.0,49.549311908577934,0.0,0.0,0.0,False,False,False
main,tv_dro_rho_0p01,tv_dro,2025-10-01,80,True,True,20,,0.01,0.7,20.0,optimal_decomposed,1150.682526100005,1150.681301100005,0.0,7,8,16322.87988333009,525.4481269872371,16848.328010317327,16432.91877882921,16958.36690581645,173965.75398556568,0.0,49.759122808941534,0.0,0.0,0.0,False,False,False
main,tv_dro_rho_0p01,tv_dro,2025-10-01,81,True,True,20,,0.01,0.7,20.0,optimal_decomposed,1150.682526100005,1150.681301100005,0.0,7,8,16322.87988333009,525.4481269872371,16848.328010317327,16370.869477971064,16896.3176049583,173627.80998577672,0.07366077317849973,60.56322097088302,0.0,0.0,0.0,False,False,False
main,tv_dro_rho_0p01,tv_dro,2025-10-01,82,True,True,20,,0.01,0.7,20.0,optimal_decomposed,1150.682526100005,1150.681301100005,0.0,7,8,16322.87988333009,525.4481269872371,16848.328010317327,16420.56970853894,16946.017835526178,173925.04602570867,0.0,43.23221063958181,0.0,0.0,0.0,False,False,False
main,tv_dro_rho_0p01,tv_dro,2025-10-01,83,True,True,20,,0.01,0.7,20.0,optimal_decomposed,1150.682526100005,1150.681301100005,0.0,7,8,16322.87988333009,525.4481269872371,16848.328010317327,16469.222269711736,16994.670396698973,173544.8648086885,0.0,47.08882582909533,0.0,0.0,0.0,False,False,False
main,tv_dro_rho_0p01,tv_dro,2025-10-01,84,True,True,20,,0.01,0.7,20.0,optimal_decomposed,1150.682526100005,1150.681301100005,0.0,7,8,16322.87988333009,525.4481269872371,16848.328010317327,16430.344626986414,16955.792753973652,173731.28082111437,0.0,46.317468819466725,0.0,0.0,0.0,False,False,False
main,tv_dro_rho_0p01,tv_dro,2025-10-01,85,True,True,20,,0.01,0.7,20.0,optimal_decomposed,1150.682526100005,1150.681301100005,0.0,7,8,16322.87988333009,525.4481269872371,16848.328010317327,16486.287938573252,17011.73606556049,173763.93108382326,0.0,58.7826269531179,0.0,0.0,0.0,False,False,False
main,tv_dro_rho_0p01,tv_dro,2025-10-01,86,True,True,20,,0.01,0.7,20.0,optimal_decomposed,1150.682526100005,1150.681301100005,0.0,7,8,16322.87988333009,525.4481269872371,16848.328010317327,16450.33375241049,16975.781879397728,174057.0887562162,0.0,46.30159013223399,0.0,0.0,0.0,False,False,False
main,tv_dro_rho_0p01,tv_dro,2025-10-01,87,True,True,20,,0.01,0.7,20.0,optimal_decomposed,1150.682526100005,1150.681301100005,0.0,7,8,16322.87988333009,525.4481269872371,16848.328010317327,16408.79447954037,16934.24260652761,173329.34168573856,0.11281291170173424,49.615071600635716,0.0,0.0,0.0,False,False,False
main,tv_dro_rho_0p01,tv_dro,2025-10-01,88,True,True,20,,0.01,0.7,20.0,optimal_decomposed,1150.682526100005,1150.681301100005,0.0,7,8,16322.87988333009,525.4481269872371,16848.328010317327,16431.21112942554,16956.65925641278,173724.8181547059,0.0,58.71437055794744,0.0,0.0,0.0,False,False,False
main,tv_dro_rho_0p01,tv_dro,2025-10-01,89,True,True,20,,0.01,0.7,20.0,optimal_decomposed,1150.682526100005,1150.681301100005,0.0,7,8,16322.87988333009,525.4481269872371,16848.328010317327,16415.362576310843,16940.81070329808,173544.88615870706,0.0,52.136615303783664,0.0,0.0,0.0,False,False,False
main,tv_dro_rho_0p01,tv_dro,2025-10-01,90,True,True,20,,0.01,0.7,20.0,optimal_decomposed,1150.682526100005,1150.681301100005,0.0,7,8,16322.87988333009,525.4481269872371,16848.328010317327,16409.484495652116,16934.932622639353,173594.0545852621,0.11281291710927133,56.28692008123374,0.0,0.0,0.0,False,False,False
main,tv_dro_rho_0p01,tv_dro,2025-10-01,91,True,True,20,,0.01,0.7,20.0,optimal_decomposed,1150.682526100005,1150.681301100005,0.0,7,8,16322.87988333009,525.4481269872371,16848.328010317327,16415.955622631496,16941.403749618734,173923.67759964996,0.07366074803390732,51.705596504431576,0.0,0.0,0.0,False,False,False
main,tv_dro_rho_0p01,tv_dro,2025-10-01,92,True,True,20,,0.01,0.7,20.0,optimal_decomposed,1150.682526100005,1150.681301100005,0.0,7,8,16322.87988333009,525.4481269872371,16848.328010317327,16403.226670639855,16928.674797627093,173798.54146800342,0.0,41.291320129293005,0.0,0.0,0.0,False,False,False
main,tv_dro_rho_0p01,tv_dro,2025-10-01,93,True,True,20,,0.01,0.7,20.0,optimal_decomposed,1150.682526100005,1150.681301100005,0.0,7,8,16322.87988333009,525.4481269872371,16848.328010317327,16384.94294527808,16910.391072265316,173865.98504682767,0.0,54.688776408741795,0.0,0.0,0.0,False,False,False
main,tv_dro_rho_0p01,tv_dro,2025-10-01,94,True,True,20,,0.01,0.7,20.0,optimal_decomposed,1150.682526100005,1150.681301100005,0.0,7,8,16322.87988333009,525.4481269872371,16848.328010317327,16480.568767116612,17006.01689410385,173634.4023428419,0.0,46.97106491452499,0.0,0.0,0.0,False,False,False
main,tv_dro_rho_0p01,tv_dro,2025-10-01,95,True,True,20,,0.01,0.7,20.0,optimal_decomposed,1150.682526100005,1150.681301100005,0.0,7,8,16322.87988333009,525.4481269872371,16848.328010317327,16399.67454076937,16925.12266775661,174298.8207785159,0.0,53.975457129687015,0.0,0.0,0.0,False,False,False
main,tv_dro_rho_0p01,tv_dro,2025-10-01,96,True,True,20,,0.01,0.7,20.0,optimal_decomposed,1150.682526100005,1150.681301100005,0.0,7,8,16322.87988333009,525.4481269872371,16848.328010317327,16434.196912770567,16959.645039757805,173955.85413174302,0.0,47.52134562079654,0.0,0.0,0.0,False,False,False
main,tv_dro_rho_0p01,tv_dro,2025-10-01,97,True,True,20,,0.01,0.7,20.0,optimal_decomposed,1150.682526100005,1150.681301100005,0.0,7,8,16322.87988333009,525.4481269872371,16848.328010317327,16384.385818020484,16909.833945007722,173655.50638300297,0.0,51.67675256361812,0.0,0.0,0.0,False,False,False
main,tv_dro_rho_0p01,tv_dro,2025-10-01,98,True,True,20,,0.01,0.7,20.0,optimal_decomposed,1150.682526100005,1150.681301100005,0.0,7,8,16322.87988333009,525.4481269872371,16848.328010317327,16431.50207038079,16956.950197368027,173810.3770149181,0.0,43.50781783402276,0.0,0.0,0.0,False,False,False
main,tv_dro_rho_0p01,tv_dro,2025-10-01,99,True,True,20,,0.01,0.7,20.0,optimal_decomposed,1150.682526100005,1150.681301100005,0.0,7,8,16322.87988333009,525.4481269872371,16848.328010317327,16370.087256532097,16895.535383519335,173707.0428096481,0.07366077361886747,52.85840574676911,0.0,0.0,0.0,False,False,False
