suite,configuration,method,window,workload_replay_id,energy_uncertainty,workload_uncertainty,sample_size,gamma,rho,effective_capacity_fraction,bess_degradation_cost_usd_per_mwh_throughput,solver_status,solve_wall_time_seconds,solver_runtime_seconds,mip_gap,decomposition_iterations,active_scenario_count,nominal_grid_cost_usd,nominal_bess_degradation_cost_usd,nominal_operating_cost_usd,actual_grid_cost_usd,actual_operating_cost_usd,actual_carbon_kg,actual_curtailment_mwh,batch_adjustment_mwh,workload_envelope_violation_mwh,grid_limit_violation_mw,ramp_violation_mw,workload_violation,grid_limit_violation,ramp_violation
main,deterministic,deterministic,2025-01-01,0,True,True,0,,,0.7,20.0,optimal,1.7695240000030026,1.769525199997588,0.0,0,0,15664.811973990281,174.34157851920799,15839.15355250949,14829.954798850531,15004.29637736974,170040.15875856808,0.5020026229330538,51.33042087701878,0.0,0.0,0.0,False,False,False
main,deterministic,deterministic,2025-01-01,1,True,True,0,,,0.7,20.0,optimal,1.7695240000030026,1.769525199997588,0.0,0,0,15664.811973990281,174.34157851920799,15839.15355250949,15837.494829319952,16011.83640783916,190428.67817456453,0.08684864855887026,57.284115778243404,0.0,0.0,0.0,False,False,False
main,deterministic,deterministic,2025-01-01,2,True,True,0,,,0.7,20.0,optimal,1.7695240000030026,1.769525199997588,0.0,0,0,15664.811973990281,174.34157851920799,15839.15355250949,15497.964244017123,15672.305822536331,180757.63952188575,0.08188014820472636,45.7828195971433,0.0,0.0,0.0,False,False,False
main,deterministic,deterministic,2025-01-01,3,True,True,0,,,0.7,20.0,optimal,1.7695240000030026,1.769525199997588,0.0,0,0,15664.811973990281,174.34157851920799,15839.15355250949,15723.021807795105,15897.363386314313,189741.95569891165,0.0,52.05022126140532,0.0,0.0,0.0,False,False,False
main,deterministic,deterministic,2025-01-01,4,True,True,0,,,0.7,20.0,optimal,1.7695240000030026,1.769525199997588,0.0,0,0,15664.811973990281,174.34157851920799,15839.15355250949,15640.835859095621,15815.17743761483,185351.10112350257,0.0632302808889269,49.642468061654434,0.0,0.0,0.0,False,False,False
main,deterministic,deterministic,2025-01-01,5,True,True,0,,,0.7,20.0,optimal,1.7695240000030026,1.769525199997588,0.0,0,0,15664.811973990281,174.34157851920799,15839.15355250949,16037.90681418784,16212.248392707048,200946.8938197802,0.0,53.07862929219897,0.0,0.0,0.0,False,False,False
main,deterministic,deterministic,2025-01-01,6,True,True,0,,,0.7,20.0,optimal,1.7695240000030026,1.769525199997588,0.0,0,0,15664.811973990281,174.34157851920799,15839.15355250949,15935.011696516907,16109.353275036116,194173.23312076615,0.0,47.243617124075435,0.0,0.0,0.0,False,False,False
main,deterministic,deterministic,2025-01-01,7,True,True,0,,,0.7,20.0,optimal,1.7695240000030026,1.769525199997588,0.0,0,0,15664.811973990281,174.34157851920799,15839.15355250949,15291.380334491823,15465.721913011032,175698.30350058572,0.019384031851351097,50.18718656249306,0.0,0.0,0.0,False,False,False
main,deterministic,deterministic,2025-01-01,8,True,True,0,,,0.7,20.0,optimal,1.7695240000030026,1.769525199997588,0.0,0,0,15664.811973990281,174.34157851920799,15839.15355250949,15835.179760077068,16009.521338596276,190241.24200691315,0.17212941048524777,52.46682142676607,0.0,0.0,0.0,False,False,False
main,deterministic,deterministic,2025-01-01,9,True,True,0,,,0.7,20.0,optimal,1.7695240000030026,1.769525199997588,0.0,0,0,15664.811973990281,174.34157851920799,15839.15355250949,15837.850559427345,16012.192137946553,192702.7326014293,0.0,59.157040215991145,0.0,0.0,0.0,False,False,False
main,deterministic,deterministic,2025-01-01,10,True,True,0,,,0.7,20.0,optimal,1.7695240000030026,1.769525199997588,0.0,0,0,15664.811973990281,174.34157851920799,15839.15355250949,15507.829011937993,15682.1705904572,183416.9806177194,0.08948837848115351,52.10661006135389,0.0,0.0,0.0,False,False,False
main,deterministic,deterministic,2025-01-01,11,True,True,0,,,0.7,20.0,optimal,1.7695240000030026,1.769525199997588,0.0,0,0,15664.811973990281,174.34157851920799,15839.15355250949,15262.893728077777,15437.235306596986,183428.9520633275,0.0,43.06642151140709,0.0,0.0,0.0,False,False,False
main,deterministic,deterministic,2025-01-01,12,True,True,0,,,0.7,20.0,optimal,1.7695240000030026,1.769525199997588,0.0,0,0,15664.811973990281,174.34157851920799,15839.15355250949,15855.235445936354,16029.577024455562,195913.23472641193,0.0,44.97616838860967,0.0,0.0,0.0,False,False,False
main,deterministic,deterministic,2025-01-01,13,True,True,0,,,0.7,20.0,optimal,1.7695240000030026,1.769525199997588,0.0,0,0,15664.811973990281,174.34157851920799,15839.15355250949,16094.457896452619,16268.799474971827,198323.7970033589,0.15005231031754085,53.44629059097105,0.0,0.0,0.0,False,False,False
main,deterministic,deterministic,2025-01-01,14,True,True,0,,,0.7,20.0,optimal,1.7695240000030026,1.769525199997588,0.0,0,0,15664.811973990281,174.34157851920799,15839.15355250949,15337.51894905493,15511.860527574137,178123.11602446344,0.08652902249494265,50.733156264285235,0.0,0.0,0.0,False,False,False
main,deterministic,deterministic,2025-01-01,15,True,True,0,,,0.7,20.0,optimal,1.7695240000030026,1.769525199997588,0.0,0,0,15664.811973990281,174.34157851920799,15839.15355250949,15345.807532608487,15520.149111127696,174284.90500957306,0.034229212089775723,45.27624921584184,0.0,0.0,0.0,False,False,False
main,deterministic,deterministic,2025-01-01,16,True,True,0,,,0.7,20.0,optimal,1.7695240000030026,1.769525199997588,0.0,0,0,15664.811973990281,174.34157851920799,15839.15355250949,15071.890883054586,15246.232461573794,170866.6929042373,0.03606366855062573,46.65224778091186,0.0,0.0,0.0,False,False,False
main,deterministic,deterministic,2025-01-01,17,True,True,0,,,0.7,20.0,optimal,1.7695240000030026,1.769525199997588,0.0,0,0,15664.811973990281,174.34157851920799,15839.15355250949,15320.643979511166,15494.985558030374,177975.58316586015,0.11524825091897029,55.75114254376258,0.0,0.0,0.0,False,False,False
main,deterministic,deterministic,2025-01-01,18,True,True,0,,,0.7,20.0,optimal,1.7695240000030026,1.769525199997588,0.0,0,0,15664.811973990281,174.34157851920799,15839.15355250949,15704.396379786873,15878.737958306081,190263.64546483033,0.0,55.47153038112714,0.0,0.0,0.0,False,False,False
main,deterministic,deterministic,2025-01-01,19,True,True,0,,,0.7,20.0,optimal,1.7695240000030026,1.769525199997588,0.0,0,0,15664.811973990281,174.34157851920799,15839.15355250949,15571.329976046096,15745.671554565304,189489.53583080563,0.08097823354357891,51.95457480380351,0.0,0.0,0.0,False,False,False
main,deterministic,deterministic,2025-01-01,20,True,True,0,,,0.7,20.0,optimal,1.7695240000030026,1.769525199997588,0.0,0,0,15664.811973990281,174.34157851920799,15839.15355250949,16101.112477250088,16275.454055769296,193964.74354982068,0.0,46.38134674824586,0.0,0.0,0.0,False,False,False
main,deterministic,deterministic,2025-01-01,21,True,True,0,,,0.7,20.0,optimal,1.7695240000030026,1.769525199997588,0.0,0,0,15664.811973990281,174.34157851920799,15839.15355250949,15160.077237587573,15334.418816106781,174900.231038787,0.14558437698452803,44.6904437064805,0.0,0.0,0.0,False,False,False
main,deterministic,deterministic,2025-01-01,22,True,True,0,,,0.7,20.0,optimal,1.7695240000030026,1.769525199997588,0.0,0,0,15664.811973990281,174.34157851920799,15839.15355250949,15830.62864190705,16004.970220426258,190404.1122107336,0.026577848650869207,49.684141391718924,0.0,0.0,0.0,False,False,False
main,deterministic,deterministic,2025-01-01,23,True,True,0,,,0.7,20.0,optimal,1.7695240000030026,1.769525199997588,0.0,0,0,15664.811973990281,174.34157851920799,15839.15355250949,15914.294771191098,16088.636349710307,189975.2617337588,0.0,48.10859782423884,0.0,0.0,0.0,False,False,False
main,deterministic,deterministic,2025-01-01,24,True,True,0,,,0.7,20.0,optimal,1.7695240000030026,1.769525199997588,0.0,0,0,15664.811973990281,174.34157851920799,15839.15355250949,15314.246315270362,15488.58789378957,180443.81456943718,0.10567313604808662,52.405148434845934,0.0,0.0,0.0,False,False,False
main,deterministic,deterministic,2025-01-01,25,True,True,0,,,0.7,20.0,optimal,1.7695240000030026,1.769525199997588,0.0,0,0,15664.811973990281,174.34157851920799,15839.15355250949,16807.003959542377,16981.345538061585,221312.75071540507,0.0,46.307699096792255,0.0,0.0,0.0,False,False,False
main,deterministic,deterministic,2025-01-01,26,True,True,0,,,0.7,20.0,optimal,1.7695240000030026,1.769525199997588,0.0,0,0,15664.811973990281,174.34157851920799,15839.15355250949,15815.771666235072,15990.11324475428,186470.43834275877,0.1619349144367013,55.573933208281815,0.0,0.0,0.0,False,False,False
main,deterministic,deterministic,2025-01-01,27,True,True,0,,,0.7,20.0,optimal,1.7695240000030026,1.769525199997588,0.0,0,0,15664.811973990281,174.34157851920799,15839.15355250949,14543.177808292796,14717.519386812004,168962.93851483986,0.14431034237662138,55.48173440590266,0.0,0.0,0.0,False,False,False
main,deterministic,deterministic,2025-01-01,28,True,True,0,,,0.7,20.0,optimal,1.7695240000030026,1.769525199997588,0.0,0,0,15664.811973990281,174.34157851920799,15839.15355250949,15616.526550906086,15790.868129425295,185829.57148315964,0.09615003372363665,41.05783608491017,0.0,0.0,0.0,False,False,False
main,deterministic,deterministic,2025-01-01,29,True,True,0,,,0.7,20.0,optimal,1.7695240000030026,1.769525199997588,0.0,0,0,15664.811973990281,174.34157851920799,15839.15355250949,15879.676734334997,16054.018312854205,195763.564522252,0.030916769877295164,39.57325289241373,0.0,0.0,0.0,False,False,False
main,deterministic,deterministic,2025-01-01,30,True,True,0,,,0.7,20.0,optimal,1.7695240000030026,1.769525199997588,0.0,0,0,15664.811973990281,174.34157851920799,15839.15355250949,14997.319023755848,15171.660602275057,165201.75008234588,0.0,46.228443417316576,0.0,0.0,0.0,False,False,False
main,deterministic,deterministic,2025-01-01,31,True,True,0,,,0.7,20.0,optimal,1.7695240000030026,1.769525199997588,0.0,0,0,15664.811973990281,174.34157851920799,15839.15355250949,15895.155136318972,16069.49671483818,202190.16838702833,0.17428956624256364,50.50999424079905,0.0,0.0,0.0,False,False,False
main,deterministic,deterministic,2025-01-01,32,True,True,0,,,0.7,20.0,optimal,1.7695240000030026,1.769525199997588,0.0,0,0,15664.811973990281,174.34157851920799,15839.15355250949,15673.0010721432,15847.34265066241,184433.68775976205,0.0,49.08980274132822,0.0,0.0,0.0,False,False,False
main,deterministic,deterministic,2025-01-01,33,True,True,0,,,0.7,20.0,optimal,1.7695240000030026,1.769525199997588,0.0,0,0,15664.811973990281,174.34157851920799,15839.15355250949,16905.56134622985,17079.902924749058,219908.45711779373,0.04697440711880671,61.64303551621904,0.0,0.0,0.0,False,False,False
main,deterministic,deterministic,2025-01-01,34,True,True,0,,,0.7,20.0,optimal,1.7695240000030026,1.769525199997588,0.0,0,0,15664.811973990281,174.34157851920799,15839.15355250949,16124.752379894637,16299.093958413845,194168.56884643697,0.11022844204259158,52.08926250013639,0.0,0.0,0.0,False,False,False
main,deterministic,deterministic,2025-01-01,35,True,True,0,,,0.7,20.0,optimal,1.7695240000030026,1.769525199997588,0.0,0,0,15664.811973990281,174.34157851920799,15839.15355250949,14896.064995336837,15070.406573856046,176514.85363769563,0.0,54.814499220516986,0.0,0.0,0.0,False,False,False
main,deterministic,deterministic,2025-01-01,36,True,True,0,,,0.7,20.0,optimal,1.7695240000030026,1.769525199997588,0.0,0,0,15664.811973990281,174.34157851920799,15839.15355250949,15200.021582210265,15374.363160729474,174610.04025278735,0.0,53.93232421588478,0.0,0.0,0.0,False,False,False
main,deterministic,deterministic,2025-01-01,37,True,True,0,,,0.7,20.0,optimal,1.7695240000030026,1.769525199997588,0.0,0,0,15664.811973990281,174.34157851920799,15839.15355250949,15480.87959963265,15655.221178151858,183219.00681586016,0.0,41.571838668788,0.0,0.0,0.0,False,False,False
main,deterministic,deterministic,2025-01-01,38,True,True,0,,,0.7,20.0,optimal,1.7695240000030026,1.769525199997588,0.0,0,0,15664.811973990281,174.34157851920799,15839.15355250949,15439.044137578094,15613.385716097302,184890.83740014184,0.0,48.731593108283356,0.0,0.0,0.0,False,False,False
main,deterministic,deterministic,2025-01-01,39,True,True,0,,,0.7,20.0,optimal,1.7695240000030026,1.769525199997588,0.0,0,0,15664.811973990281,174.34157851920799,15839.15355250949,15660.959830957929,15835.301409477137,195304.93120121676,0.057814929904075885,40.80581785741198,0.0,0.0,0.0,False,False,False
main,deterministic,deterministic,2025-01-01,40,True,True,0,,,0.7,20.0,optimal,1.7695240000030026,1.769525199997588,0.0,0,0,15664.811973990281,174.34157851920799,15839.15355250949,16157.878119952222,16332.21969847143,196310.83905760883,0.0,43.47238016237326,0.0,0.0,0.0,False,False,False
main,deterministic,deterministic,2025-01-01,41,True,True,0,,,0.7,20.0,optimal,1.7695240000030026,1.769525199997588,0.0,0,0,15664.811973990281,174.34157851920799,15839.15355250949,15604.54688669733,15778.888465216538,191142.87715033704,0.012079901919277991,37.47209525894336,0.0,0.0,0.0,False,False,False
main,deterministic,deterministic,2025-01-01,42,True,True,0,,,0.7,20.0,optimal,1.7695240000030026,1.769525199997588,0.0,0,0,15664.811973990281,174.34157851920799,15839.15355250949,16260.797731139028,16435.139309658236,192156.80713259836,0.0,55.08511829573748,0.0,0.0,0.0,False,False,False
main,deterministic,deterministic,2025-01-01,43,True,True,0,,,0.7,20.0,optimal,1.7695240000030026,1.769525199997588,0.0,0,0,15664.811973990281,174.34157851920799,15839.15355250949,15069.677888120199,15244.019466639407,172285.96025199167,0.13724718452205356,52.5833194430828,0.0,0.0,0.0,False,False,False
main,deterministic,deterministic,2025-01-01,44,True,True,0,,,0.7,20.0,optimal,1.7695240000030026,1.769525199997588,0.0,0,0,15664.811973990281,174.34157851920799,15839.15355250949,15250.006520417272,15424.34809893648,180082.99310275656,0.14737537999263223,49.679869574112104,0.0,0.0,0.0,False,False,False
main,deterministic,deterministic,2025-01-01,45,True,True,0,,,0.7,20.0,optimal,1.7695240000030026,1.769525199997588,0.0,0,0,15664.811973990281,174.34157851920799,15839.15355250949,16330.429420917371,16504.77099943658,196681.74823451476,0.22231860484790822,54.500514419831774,0.0,0.0,0.0,False,False,False
main,deterministic,deterministic,2025-01-01,46,True,True,0,,,0.7,20.0,optimal,1.7695240000030026,1.769525199997588,0.0,0,0,15664.811973990281,174.34157851920799,15839.15355250949,15788.526241229802,15962.86781974901,188935.9434221283,0.15199288085733975,50.65113276908568,0.0,0.0,0.0,False,False,False
main,deterministic,deterministic,2025-01-01,47,True,True,0,,,0.7,20.0,optimal,1.7695240000030026,1.769525199997588,0.0,0,0,15664.811973990281,174.34157851920799,15839.15355250949,15730.355692117446,15904.697270636654,195748.80764156103,0.0784126347076266,51.81578301969315,0.0,0.0,0.0,False,False,False
main,deterministic,deterministic,2025-01-01,48,True,True,0,,,0.7,20.0,optimal,1.7695240000030026,1.769525199997588,0.0,0,0,15664.811973990281,174.34157851920799,15839.15355250949,16096.014465063628,16270.356043582837,206781.67967089073,0.0,48.26082052422814,0.0,0.0,0.0,False,False,False
main,deterministic,deterministic,2025-01-01,49,True,True,0,,,0.7,20.0,optimal,1.7695240000030026,1.769525199997588,0.0,0,0,15664.811973990281,174.34157851920799,15839.15355250949,16014.259767130456,16188.601345649664,200916.4602267506,0.04570459077504027,50.84652664407913,0.0,0.0,0.0,False,False,False
main,deterministic,deterministic,2025-01-01,50,True,True,0,,,0.7,20.0,optimal,1.7695240000030026,1.769525199997588,0.0,0,0,15664.811973990281,174.34157851920799,15839.15355250949,15654.743418848422,15829.08499736763,188875.8208526741,0.0,55.991247343567444,0.0,0.0,0.0,False,False,False
main,deterministic,deterministic,2025-01-01,51,True,True,0,,,0.7,20.0,optimal,1.7695240000030026,1.769525199997588,0.0,0,0,15664.811973990281,174.34157851920799,15839.15355250949,15579.494480160549,15753.836058679757,179698.58978333184,0.0,48.78830768417996,0.0,0.0,0.0,False,False,False
main,deterministic,deterministic,2025-01-01,52,True,True,0,,,0.7,20.0,optimal,1.7695240000030026,1.769525199997588,0.0,0,0,15664.811973990281,174.34157851920799,15839.15355250949,16234.326386413464,16408.667964932672,201543.90380933342,0.19999675867804684,56.593447385262806,0.0,0.0,0.0,False,False,False
main,deterministic,deterministic,2025-01-01,53,True,True,0,,,0.7,20.0,optimal,1.7695240000030026,1.769525199997588,0.0,0,0,15664.811973990281,174.34157851920799,15839.15355250949,15446.756602252859,15621.098180772067,183051.27207364477,0.0,44.05290766946537,0.0,0.0,0.0,False,False,False
main,deterministic,deterministic,2025-01-01,54,True,True,0,,,0.7,20.0,optimal,1.7695240000030026,1.769525199997588,0.0,0,0,15664.811973990281,174.34157851920799,15839.15355250949,15991.745920322284,16166.087498841493,201208.72797016636,0.0,46.41173604801309,0.0,0.0,0.0,False,False,False
main,deterministic,deterministic,2025-01-01,55,True,True,0,,,0.7,20.0,optimal,1.7695240000030026,1.769525199997588,0.0,0,0,15664.811973990281,174.34157851920799,15839.15355250949,15635.706744062525,15810.048322581733,185305.86362833332,0.14655145225450594,55.48679448832586,0.0,0.0,0.0,False,False,False
main,deterministic,deterministic,2025-01-01,56,True,True,0,,,0.7,20.0,optimal,1.7695240000030026,1.769525199997588,0.0,0,0,15664.811973990281,174.34157851920799,15839.15355250949,15953.739661607091,16128.0812401263,192508.19295060015,0.00531490235267737,39.81836353977962,0.0,0.0,0.0,False,False,False
main,deterministic,deterministic,2025-01-01,57,True,True,0,,,0.7,20.0,optimal,1.7695240000030026,1.769525199997588,0.0,0,0,15664.811973990281,174.34157851920799,15839.15355250949,15631.154368984304,15805.495947503512,184848.60679431405,0.0,50.358108436664665,0.0,0.0,0.0,False,False,False
main,deterministic,deterministic,2025-01-01,58,True,True,0,,,0.7,20.0,optimal,1.7695240000030026,1.769525199997588,0.0,0,0,15664.811973990281,174.34157851920799,15839.15355250949,16229.443560343187,16403.785138862393,205811.25213424087,0.08597396612794284,57.24446903565748,0.0,0.0,0.0,False,False,False
main,deterministic,deterministic,2025-01-01,59,True,True,0,,,0.7,20.0,optimal,1.7695240000030026,1.769525199997588,0.0,0,0,15664.811973990281,174.34157851920799,15839.15355250949,16301.927907544994,16476.2694860642,206643.1699326878,0.024293051203050586,53.13953081724785,0.0,0.0,0.0,False,False,False
main,deterministic,deterministic,2025-01-01,60,True,True,0,,,0.7,20.0,optimal,1.7695240000030026,1.769525199997588,0.0,0,0,15664.811973990281,174.34157851920799,15839.15355250949,15716.188600062282,15890.53017858149,194504.12745663934,0.1657798998676835,51.86592558823057,0.0,0.0,0.0,False,False,False
main,deterministic,deterministic,2025-01-01,61,True,True,0,,,0.7,20.0,optimal,1.7695240000030026,1.769525199997588,0.0,0,0,15664.811973990281,174.34157851920799,15839.15355250949,15603.016043345555,15777.357621864763,190475.21863920405,0.03200460281438236,41.89735736285781,0.0,0.0,0.0,False,False,False
main,deterministic,deterministic,2025-01-01,62,True,True,0,,,0.7,20.0,optimal,1.7695240000030026,1.769525199997588,0.0,0,0,15664.811973990281,174.34157851920799,15839.15355250949,15029.956236145192,15204.2978146644,175716.78690270393,0.0648598272459231,55.47471931765228,0.0,0.0,0.0,False,False,False
main,deterministic,deterministic,2025-01-01,63,True,True,0,,,0.7,20.0,optimal,1.7695240000030026,1.769525199997588,0.0,0,0,15664.811973990281,174.34157851920799,15839.15355250949,15702.065510796518,15876.407089315726,184912.53486430607,0.030237710168281057,55.75497213776377,0.0,0.0,0.0,False,False,False
main,deterministic,deterministic,2025-01-01,64,True,True,0,,,0.7,20.0,optimal,1.7695240000030026,1.769525199997588,0.0,0,0,15664.811973990281,174.34157851920799,15839.15355250949,15408.479724992021,15582.82130351123,173852.66559246933,0.0896649278498334,50.19841769672968,0.0,0.0,0.0,False,False,False
main,deterministic,deterministic,2025-01-01,65,True,True,0,,,0.7,20.0,optimal,1.7695240000030026,1.769525199997588,0.0,0,0,15664.811973990281,174.34157851920799,15839.15355250949,15899.880318646727,16074.221897165935,189669.88952587848,0.05654280196498407,53.83443163849578,0.0,0.0,0.0,False,False,False
main,deterministic,deterministic,2025-01-01,66,True,True,0,,,0.7,20.0,optimal,1.7695240000030026,1.769525199997588,0.0,0,0,15664.811973990281,174.34157851920799,15839.15355250949,15804.665556937098,15979.007135456306,193234.36494904076,0.0,56.96712612860928,0.0,0.0,0.0,False,False,False
main,deterministic,deterministic,2025-01-01,67,True,True,0,,,0.7,20.0,optimal,1.7695240000030026,1.769525199997588,0.0,0,0,15664.811973990281,174.34157851920799,15839.15355250949,15108.174303122589,15282.515881641797,169669.25059589426,0.0,50.435858505157974,0.0,0.0,0.0,False,False,False
main,deterministic,deterministic,2025-01-01,68,True,True,0,,,0.7,20.0,optimal,1.7695240000030026,1.769525199997588,0.0,0,0,15664.811973990281,174.34157851920799,15839.15355250949,16867.937342531084,17042.278921050292,214198.1790872191,0.0,55.10629772138956,0.0,0.0,0.0,False,False,False
main,deterministic,deterministic,2025-01-01,69,True,True,0,,,0.7,20.0,optimal,1.7695240000030026,1.769525199997588,0.0,0,0,15664.811973990281,174.34157851920799,15839.15355250949,16149.271180533164,16323.612759052372,208057.07978248352,0.0,51.62148959231026,0.0,0.0,0.0,False,False,False
main,deterministic,deterministic,2025-01-01,70,True,True,0,,,0.7,20.0,optimal,1.7695240000030026,1.769525199997588,0.0,0,0,15664.811973990281,174.34157851920799,15839.15355250949,15967.984413456707,16142.325991975915,201941.13859435316,0.0,54.85519559273981,0.0,0.0,0.0,False,False,False
main,deterministic,deterministic,2025-01-01,71,True,True,0,,,0.7,20.0,optimal,1.7695240000030026,1.769525199997588,0.0,0,0,15664.811973990281,174.34157851920799,15839.15355250949,15659.905890130578,15834.247468649786,182063.81078573706,0.008352711610149222,57.25979561613243,0.0,0.0,0.0,False,False,False
main,deterministic,deterministic,2025-01-01,72,True,True,0,,,0.7,20.0,optimal,1.7695240000030026,1.769525199997588,0.0,0,0,15664.811973990281,174.34157851920799,15839.15355250949,15328.739661518983,15503.081240038191,181511.5525284579,0.0,58.40351826675113,0.0,0.0,0.0,False,False,False
main,deterministic,deterministic,2025-01-01,73,True,True,0,,,0.7,20.0,optimal,1.7695240000030026,1.769525199997588,0.0,0,0,15664.811973990281,174.34157851920799,15839.15355250949,15437.203216628908,15611.544795148116,184155.5109563392,0.03554624050451677,48.66063617740177,0.0,0.0,0.0,False,False,False
main,deterministic,deterministic,2025-01-01,74,True,True,0,,,0.7,20.0,optimal,1.7695240000030026,1.769525199997588,0.0,0,0,15664.811973990281,174.34157851920799,15839.15355250949,15221.177516339796,15395.519094859004,172661.88639324516,0.0,52.485550422486334,0.0,0.0,0.0,False,False,False
main,deterministic,deterministic,2025-01-01,75,True,True,0,,,0.7,20.0,optimal,1.7695240000030026,1.769525199997588,0.0,0,0,15664.811973990281,174.34157851920799,15839.15355250949,15658.029953212656,15832.371531731864,191039.33139198518,0.17896047596245424,50.51645218276102,0.0,0.0,0.0,False,False,False
main,deterministic,deterministic,2025-01-01,76,True,True,0,,,0.7,20.0,optimal,1.7695240000030026,1.769525199997588,0.0,0,0,15664.811973990281,174.34157851920799,15839.15355250949,15926.311808874536,16100.653387393744,210818.30787436664,0.0,51.22835920160237,0.0,0.0,0.0,False,False,False
main,deterministic,deterministic,2025-01-01,77,True,True,0,,,0.7,20.0,optimal,1.7695240000030026,1.769525199997588,0.0,0,0,15664.811973990281,174.34157851920799,15839.15355250949,15292.538802743422,15466.88038126263,173074.88310975206,0.0,45.72183611651781,0.0,0.0,0.0,False,False,False
main,deterministic,deterministic,2025-01-01,78,True,True,0,,,0.7,20.0,optimal,1.7695240000030026,1.769525199997588,0.0,0,0,15664.811973990281,174.34157851920799,15839.15355250949,15289.042526270885,15463.384104790093,178134.57720172554,0.0,49.621155656393555,0.0,0.0,0.0,False,False,False
main,deterministic,deterministic,2025-01-01,79,True,True,0,,,0.7,20.0,optimal,1.7695240000030026,1.769525199997588,0.0,0,0,15664.811973990281,174.34157851920799,15839.15355250949,16274.359401994134,16448.700980513342,199851.37554467848,0.0,47.839528006054984,0.0,0.0,0.0,False,False,False
main,deterministic,deterministic,2025-01-01,80,True,True,0,,,0.7,20.0,optimal,1.7695240000030026,1.769525199997588,0.0,0,0,15664.811973990281,174.34157851920799,15839.15355250949,16053.201259932399,16227.542838451607,201187.48164732332,0.0,48.91592188284415,0.0,0.0,0.0,False,False,False
main,deterministic,deterministic,2025-01-01,81,True,True,0,,,0.7,20.0,optimal,1.7695240000030026,1.769525199997588,0.0,0,0,15664.811973990281,174.34157851920799,15839.15355250949,15666.672570662302,15841.01414918151,185252.82127215108,0.124687834387083,58.95230784615953,0.0,0.0,0.0,False,False,False
main,deterministic,deterministic,2025-01-01,82,True,True,0,,,0.7,20.0,optimal,1.7695240000030026,1.769525199997588,0.0,0,0,15664.811973990281,174.34157851920799,15839.15355250949,15352.100959044577,15526.442537563786,183186.364099329,0.07305403701739724,44.84381027536199,0.0,0.0,0.0,False,False,False
main,deterministic,deterministic,2025-01-01,83,True,True,0,,,0.7,20.0,optimal,1.7695240000030026,1.769525199997588,0.0,0,0,15664.811973990281,174.34157851920799,15839.15355250949,16038.195886286981,16212.53746480619,202855.46023851924,0.04106225130651758,43.81118566071963,0.0,0.0,0.0,False,False,False
main,deterministic,deterministic,2025-01-01,84,True,True,0,,,0.7,20.0,optimal,1.7695240000030026,1.769525199997588,0.0,0,0,15664.811973990281,174.34157851920799,15839.15355250949,15886.499262104266,16060.840840623474,203514.27726314907,0.11651222011883869,41.5861484969126,0.0,0.0,0.0,False,False,False
main,deterministic,deterministic,2025-01-01,85,True,True,0,,,0.7,20.0,optimal,1.7695240000030026,1.769525199997588,0.0,0,0,15664.811973990281,174.34157851920799,15839.15355250949,15847.901158213774,16022.242736732982,192817.7404263833,0.0,54.335138516520054,0.0,0.0,0.0,False,False,False
main,deterministic,deterministic,2025-01-01,86,True,True,0,,,0.7,20.0,optimal,1.7695240000030026,1.769525199997588,0.0,0,0,15664.811973990281,174.34157851920799,15839.15355250949,16048.560513509563,16222.902092028771,194996.87492418633,0.07687092651645885,44.20808718578387,0.0,0.0,0.0,False,False,False
main,deterministic,deterministic,2025-01-01,87,True,True,0,,,0.7,20.0,optimal,1.7695240000030026,1.769525199997588,0.0,0,0,15664.811973990281,174.34157851920799,15839.15355250949,15149.235576920468,15323.577155439676,171230.60038389164,0.15755769463181557,49.2401183018633,0.0,0.0,0.0,False,False,False
main,deterministic,deterministic,2025-01-01,88,True,True,0,,,0.7,20.0,optimal,1.7695240000030026,1.769525199997588,0.0,0,0,15664.811973990281,174.34157851920799,15839.15355250949,15814.269249117973,15988.610827637182,171809.5314936421,0.2849422015000767,58.40169576177853,0.0,0.0,0.0,False,False,False
main,deterministic,deterministic,2025-01-01,89,True,True,0,,,0.7,20.0,optimal,1.7695240000030026,1.769525199997588,0.0,0,0,15664.811973990281,174.34157851920799,15839.15355250949,16177.932590207885,16352.274168727094,190003.54375374308,0.0,50.426108784154366,0.0,0.0,0.0,False,False,False
main,deterministic,deterministic,2025-01-01,90,True,True,0,,,0.7,20.0,optimal,1.7695240000030026,1.769525199997588,0.0,0,0,15664.811973990281,174.34157851920799,15839.15355250949,15306.371935983389,15480.713514502597,184304.3787157634,0.14272223111062188,54.03792983694471,0.0,0.0,0.0,False,False,False
main,deterministic,deterministic,2025-01-01,91,True,True,0,,,0.7,20.0,optimal,1.7695240000030026,1.769525199997588,0.0,0,0,15664.811973990281,174.34157851920799,15839.15355250949,14932.670693535172,15107.01227205438,163147.5246010901,0.0,48.33651919603302,0.0,0.0,0.0,False,False,False
main,deterministic,deterministic,2025-01-01,92,True,True,0,,,0.7,20.0,optimal,1.7695240000030026,1.769525199997588,0.0,0,0,15664.811973990281,174.34157851920799,15839.15355250949,15792.189826944743,15966.531405463951,178317.8460126203,0.0,43.16483052868806,0.0,0.0,0.0,False,False,False
main,deterministic,deterministic,2025-01-01,93,True,True,0,,,0.7,20.0,optimal,1.7695240000030026,1.769525199997588,0.0,0,0,15664.811973990281,174.34157851920799,15839.15355250949,15554.141005186986,15728.482583706194,190434.6451769143,0.14900601272533254,50.76151512429756,0.0,0.0,0.0,False,False,False
main,deterministic,deterministic,2025-01-01,94,True,True,0,,,0.7,20.0,optimal,1.7695240000030026,1.769525199997588,0.0,0,0,15664.811973990281,174.34157851920799,15839.15355250949,15215.076819401153,15389.41839792036,181015.9879969964,0.021764084787162047,46.278396967174615,0.0,0.0,0.0,False,False,False
main,deterministic,deterministic,2025-01-01,95,True,True,0,,,0.7,20.0,optimal,1.7695240000030026,1.769525199997588,0.0,0,0,15664.811973990281,174.34157851920799,15839.15355250949,14970.15442215763,15144.496000676838,174691.66486320292,0.03120652959486822,51.38901543252828,0.0,0.0,0.0,False,False,False
main,deterministic,deterministic,2025-01-01,96,True,True,0,,,0.7,20.0,optimal,1.7695240000030026,1.769525199997588,0.0,0,0,15664.811973990281,174.34157851920799,15839.15355250949,15523.836191837252,15698.17777035646,182082.80257575322,0.07874070332594343,48.27644107202784,0.0,0.0,0.0,False,False,False
main,deterministic,deterministic,2025-01-01,97,True,True,0,,,0.7,20.0,optimal,1.7695240000030026,1.769525199997588,0.0,0,0,15664.811973990281,174.34157851920799,15839.15355250949,15551.512700202244,15725.854278721452,181134.3292028313,0.0,50.06852174427594,0.0,0.0,0.0,False,False,False
main,deterministic,deterministic,2025-01-01,98,True,True,0,,,0.7,20.0,optimal,1.7695240000030026,1.769525199997588,0.0,0,0,15664.811973990281,174.34157851920799,15839.15355250949,15695.443598493883,15869.785177013091,182408.36714460142,0.101202988710867,46.46847184459372,0.0,0.0,0.0,False,False,False
main,deterministic,deterministic,2025-01-01,99,True,True,0,,,0.7,20.0,optimal,1.7695240000030026,1.769525199997588,0.0,0,0,15664.811973990281,174.34157851920799,15839.15355250949,15546.102508857175,15720.444087376383,179253.7975350987,0.06784896363151327,52.23918974058857,0.0,0.0,0.0,False,False,False
main,deterministic,deterministic,2025-04-01,0,True,True,0,,,0.7,20.0,optimal,2.110817100001441,2.1108183999967878,0.0,0,0,15462.571691668632,498.33225108842646,15960.903942757059,14852.11627265637,15350.448523744797,119951.90837661095,0.0,55.50672728825559,0.0,0.0,0.0,False,False,False
main,deterministic,deterministic,2025-04-01,1,True,True,0,,,0.7,20.0,optimal,2.110817100001441,2.1108183999967878,0.0,0,0,15462.571691668632,498.33225108842646,15960.903942757059,15819.873597020527,16318.205848108953,134795.87347795165,0.0,61.788117216145686,0.0,0.0,0.0,False,False,False
main,deterministic,deterministic,2025-04-01,2,True,True,0,,,0.7,20.0,optimal,2.110817100001441,2.1108183999967878,0.0,0,0,15462.571691668632,498.33225108842646,15960.903942757059,15331.048774197843,15829.38102528627,128676.50794469276,0.0,49.80812930718254,0.0,0.0,0.0,False,False,False
main,deterministic,deterministic,2025-04-01,3,True,True,0,,,0.7,20.0,optimal,2.110817100001441,2.1108183999967878,0.0,0,0,15462.571691668632,498.33225108842646,15960.903942757059,15854.124474622738,16352.456725711165,135754.667074466,0.0,54.81745168639612,0.0,0.0,0.0,False,False,False
main,deterministic,deterministic,2025-04-01,4,True,True,0,,,0.7,20.0,optimal,2.110817100001441,2.1108183999967878,0.0,0,0,15462.571691668632,498.33225108842646,15960.903942757059,15590.697271251705,16089.029522340132,133148.39847514348,0.0,52.152629366341124,0.0,0.0,0.0,False,False,False
main,deterministic,deterministic,2025-04-01,5,True,True,0,,,0.7,20.0,optimal,2.110817100001441,2.1108183999967878,0.0,0,0,15462.571691668632,498.33225108842646,15960.903942757059,16073.397255741056,16571.729506829484,146215.17648437346,0.012915519989635138,59.32898275892055,0.0,0.0,0.0,False,False,False
main,deterministic,deterministic,2025-04-01,6,True,True,0,,,0.7,20.0,optimal,2.110817100001441,2.1108183999967878,0.0,0,0,15462.571691668632,498.33225108842646,15960.903942757059,15850.104180127324,16348.43643121575,138969.2020784478,0.11998793545310898,52.55132330682551,0.0,0.0,0.0,False,False,False
main,deterministic,deterministic,2025-04-01,7,True,True,0,,,0.7,20.0,optimal,2.110817100001441,2.1108183999967878,0.0,0,0,15462.571691668632,498.33225108842646,15960.903942757059,15303.465208434862,15801.797459523288,124564.68870909742,0.040261995404697604,52.89197034009297,0.0,0.0,0.0,False,False,False
main,deterministic,deterministic,2025-04-01,8,True,True,0,,,0.7,20.0,optimal,2.110817100001441,2.1108183999967878,0.0,0,0,15462.571691668632,498.33225108842646,15960.903942757059,15935.96400759201,16434.29625868044,137516.9204335528,0.11198069019660017,53.683556502753646,0.0,0.0,0.0,False,False,False
main,deterministic,deterministic,2025-04-01,9,True,True,0,,,0.7,20.0,optimal,2.110817100001441,2.1108183999967878,0.0,0,0,15462.571691668632,498.33225108842646,15960.903942757059,16063.854317858862,16562.18656894729,137907.17782116187,0.09943699669631001,60.4275488804823,0.0,0.0,0.0,False,False,False
main,deterministic,deterministic,2025-04-01,10,True,True,0,,,0.7,20.0,optimal,2.110817100001441,2.1108183999967878,0.0,0,0,15462.571691668632,498.33225108842646,15960.903942757059,15566.645557861586,16064.977808950012,129578.5526372298,0.0,50.433556544929296,0.0,0.0,0.0,False,False,False
main,deterministic,deterministic,2025-04-01,11,True,True,0,,,0.7,20.0,optimal,2.110817100001441,2.1108183999967878,0.0,0,0,15462.571691668632,498.33225108842646,15960.903942757059,15565.897265663058,16064.229516751484,129213.27477563031,0.0,45.15062501853099,0.0,0.0,0.0,False,False,False
main,deterministic,deterministic,2025-04-01,12,True,True,0,,,0.7,20.0,optimal,2.110817100001441,2.1108183999967878,0.0,0,0,15462.571691668632,498.33225108842646,15960.903942757059,15637.98704859989,16136.319299688317,141984.56460553754,0.01649824715063218,47.260911878922485,0.0,0.0,0.0,False,False,False
main,deterministic,deterministic,2025-04-01,13,True,True,0,,,0.7,20.0,optimal,2.110817100001441,2.1108183999967878,0.0,0,0,15462.571691668632,498.33225108842646,15960.903942757059,16092.33060494171,16590.662856030136,142364.05764080782,0.18398658372990245,55.03493937143393,0.0,0.0,0.0,False,False,False
main,deterministic,deterministic,2025-04-01,14,True,True,0,,,0.7,20.0,optimal,2.110817100001441,2.1108183999967878,0.0,0,0,15462.571691668632,498.33225108842646,15960.903942757059,15237.304723277814,15735.63697436624,125484.1419043844,0.0,51.63813976599622,0.0,0.0,0.0,False,False,False
main,deterministic,deterministic,2025-04-01,15,True,True,0,,,0.7,20.0,optimal,2.110817100001441,2.1108183999967878,0.0,0,0,15462.571691668632,498.33225108842646,15960.903942757059,15080.076878134576,15578.409129223002,123299.8015132095,0.0024677303386717586,49.6088705579147,0.0,0.0,0.0,False,False,False
main,deterministic,deterministic,2025-04-01,16,True,True,0,,,0.7,20.0,optimal,2.110817100001441,2.1108183999967878,0.0,0,0,15462.571691668632,498.33225108842646,15960.903942757059,14963.79554848517,15462.127799573596,119340.43561294739,0.0,49.91415795977869,0.0,0.0,0.0,False,False,False
main,deterministic,deterministic,2025-04-01,17,True,True,0,,,0.7,20.0,optimal,2.110817100001441,2.1108183999967878,0.0,0,0,15462.571691668632,498.33225108842646,15960.903942757059,15502.432939179453,16000.765190267879,126495.64657406718,0.4565589895130954,62.94410948257212,0.0,0.0,0.0,False,False,False
main,deterministic,deterministic,2025-04-01,18,True,True,0,,,0.7,20.0,optimal,2.110817100001441,2.1108183999967878,0.0,0,0,15462.571691668632,498.33225108842646,15960.903942757059,16012.800113867608,16511.132364956036,135282.86462784698,0.06723863429311139,57.335814388796024,0.0,0.0,0.0,False,False,False
main,deterministic,deterministic,2025-04-01,19,True,True,0,,,0.7,20.0,optimal,2.110817100001441,2.1108183999967878,0.0,0,0,15462.571691668632,498.33225108842646,15960.903942757059,15532.69688321652,16031.029134304947,135984.07522251052,0.0,52.659174199350765,0.0,0.0,0.0,False,False,False
main,deterministic,deterministic,2025-04-01,20,True,True,0,,,0.7,20.0,optimal,2.110817100001441,2.1108183999967878,0.0,0,0,15462.571691668632,498.33225108842646,15960.903942757059,15915.69799927194,16414.030250360367,139496.3858426479,0.009702796700821859,49.58924645012094,0.0,0.0,0.0,False,False,False
main,deterministic,deterministic,2025-04-01,21,True,True,0,,,0.7,20.0,optimal,2.110817100001441,2.1108183999967878,0.0,0,0,15462.571691668632,498.33225108842646,15960.903942757059,15534.397184986092,16032.729436074518,123510.21745174738,0.48651770664724436,48.599053374712994,0.0,0.0,0.0,False,False,False
main,deterministic,deterministic,2025-04-01,22,True,True,0,,,0.7,20.0,optimal,2.110817100001441,2.1108183999967878,0.0,0,0,15462.571691668632,498.33225108842646,15960.903942757059,15755.839877549182,16254.172128637609,135896.62274895873,0.0,54.19332634401974,0.0,0.0,0.0,False,False,False
main,deterministic,deterministic,2025-04-01,23,True,True,0,,,0.7,20.0,optimal,2.110817100001441,2.1108183999967878,0.0,0,0,15462.571691668632,498.33225108842646,15960.903942757059,15728.965536161284,16227.29778724971,134791.80291996934,0.0,50.5573421843244,0.0,0.0,0.0,False,False,False
main,deterministic,deterministic,2025-04-01,24,True,True,0,,,0.7,20.0,optimal,2.110817100001441,2.1108183999967878,0.0,0,0,15462.571691668632,498.33225108842646,15960.903942757059,15210.888714179968,15709.220965268394,127842.95722808703,0.12266138965415108,60.32520956894172,0.0,0.0,0.0,False,False,False
main,deterministic,deterministic,2025-04-01,25,True,True,0,,,0.7,20.0,optimal,2.110817100001441,2.1108183999967878,0.0,0,0,15462.571691668632,498.33225108842646,15960.903942757059,17062.4835416443,17560.815792732727,163230.53894620851,0.0,48.786872737724124,0.0,0.0,0.0,False,False,False
main,deterministic,deterministic,2025-04-01,26,True,True,0,,,0.7,20.0,optimal,2.110817100001441,2.1108183999967878,0.0,0,0,15462.571691668632,498.33225108842646,15960.903942757059,15518.8099966062,16017.142247694626,133855.17367782813,0.11398555246472014,59.28364354076613,0.0,0.0,0.0,False,False,False
main,deterministic,deterministic,2025-04-01,27,True,True,0,,,0.7,20.0,optimal,2.110817100001441,2.1108183999967878,0.0,0,0,15462.571691668632,498.33225108842646,15960.903942757059,14989.59000118364,15487.922252272067,118919.20892986836,0.12076666997269742,59.01907532601071,0.0,0.0,0.0,False,False,False
main,deterministic,deterministic,2025-04-01,28,True,True,0,,,0.7,20.0,optimal,2.110817100001441,2.1108183999967878,0.0,0,0,15462.571691668632,498.33225108842646,15960.903942757059,15702.64134852713,16200.973599615556,132262.5925752874,0.0,44.76275010403143,0.0,0.0,0.0,False,False,False
main,deterministic,deterministic,2025-04-01,29,True,True,0,,,0.7,20.0,optimal,2.110817100001441,2.1108183999967878,0.0,0,0,15462.571691668632,498.33225108842646,15960.903942757059,16120.480651766407,16618.812902854836,141639.1918345131,0.0,41.6774179369331,0.0,0.0,0.0,False,False,False
main,deterministic,deterministic,2025-04-01,30,True,True,0,,,0.7,20.0,optimal,2.110817100001441,2.1108183999967878,0.0,0,0,15462.571691668632,498.33225108842646,15960.903942757059,14883.197890875948,15381.530141964375,113528.65401236257,0.0,47.22351192943147,0.0,0.0,0.0,False,False,False
main,deterministic,deterministic,2025-04-01,31,True,True,0,,,0.7,20.0,optimal,2.110817100001441,2.1108183999967878,0.0,0,0,15462.571691668632,498.33225108842646,15960.903942757059,15987.007596206195,16485.33984729462,147731.80802227373,0.0,50.08529004791156,0.0,0.0,0.0,False,False,False
main,deterministic,deterministic,2025-04-01,32,True,True,0,,,0.7,20.0,optimal,2.110817100001441,2.1108183999967878,0.0,0,0,15462.571691668632,498.33225108842646,15960.903942757059,15119.122677530964,15617.45492861939,131142.29744489607,0.0,49.41632053601043,0.0,0.0,0.0,False,False,False
main,deterministic,deterministic,2025-04-01,33,True,True,0,,,0.7,20.0,optimal,2.110817100001441,2.1108183999967878,0.0,0,0,15462.571691668632,498.33225108842646,15960.903942757059,16962.62292159771,17460.95517268614,161718.7742489929,0.008299563348256545,65.34744726859374,0.0,0.0,0.0,False,False,False
main,deterministic,deterministic,2025-04-01,34,True,True,0,,,0.7,20.0,optimal,2.110817100001441,2.1108183999967878,0.0,0,0,15462.571691668632,498.33225108842646,15960.903942757059,15972.845873712151,16471.17812480058,138694.8701315287,0.013352123338608246,56.127484202663226,0.0,0.0,0.0,False,False,False
main,deterministic,deterministic,2025-04-01,35,True,True,0,,,0.7,20.0,optimal,2.110817100001441,2.1108183999967878,0.0,0,0,15462.571691668632,498.33225108842646,15960.903942757059,15401.749281987311,15900.081533075738,123909.83265476137,0.0,58.582236159057686,0.0,0.0,0.0,False,False,False
main,deterministic,deterministic,2025-04-01,36,True,True,0,,,0.7,20.0,optimal,2.110817100001441,2.1108183999967878,0.0,0,0,15462.571691668632,498.33225108842646,15960.903942757059,15083.266273115145,15581.598524203571,123229.66928452019,0.0,63.471600357011646,0.0,0.0,0.0,False,False,False
main,deterministic,deterministic,2025-04-01,37,True,True,0,,,0.7,20.0,optimal,2.110817100001441,2.1108183999967878,0.0,0,0,15462.571691668632,498.33225108842646,15960.903942757059,15242.581527003324,15740.91377809175,130841.881302408,0.0,44.89117513655303,0.0,0.0,0.0,False,False,False
main,deterministic,deterministic,2025-04-01,38,True,True,0,,,0.7,20.0,optimal,2.110817100001441,2.1108183999967878,0.0,0,0,15462.571691668632,498.33225108842646,15960.903942757059,15427.367884253204,15925.70013534163,131570.99173096425,0.0,50.090846135711985,0.0,0.0,0.0,False,False,False
main,deterministic,deterministic,2025-04-01,39,True,True,0,,,0.7,20.0,optimal,2.110817100001441,2.1108183999967878,0.0,0,0,15462.571691668632,498.33225108842646,15960.903942757059,15881.460330221817,16379.792581310243,142054.11360132627,0.3115737313786259,46.7781145354388,0.0,0.0,0.0,False,False,False
main,deterministic,deterministic,2025-04-01,40,True,True,0,,,0.7,20.0,optimal,2.110817100001441,2.1108183999967878,0.0,0,0,15462.571691668632,498.33225108842646,15960.903942757059,15885.084577117252,16383.416828205678,141292.81062875755,0.0,49.33173764803138,0.0,0.0,0.0,False,False,False
main,deterministic,deterministic,2025-04-01,41,True,True,0,,,0.7,20.0,optimal,2.110817100001441,2.1108183999967878,0.0,0,0,15462.571691668632,498.33225108842646,15960.903942757059,16101.530331697439,16599.862582785867,138038.53623576195,0.8383705602224736,42.37360507231332,0.0,0.0,0.0,False,False,False
main,deterministic,deterministic,2025-04-01,42,True,True,0,,,0.7,20.0,optimal,2.110817100001441,2.1108183999967878,0.0,0,0,15462.571691668632,498.33225108842646,15960.903942757059,15628.867375692065,16127.199626780492,137977.59088618748,0.28010387445316326,60.50512374601017,0.0,0.0,0.0,False,False,False
main,deterministic,deterministic,2025-04-01,43,True,True,0,,,0.7,20.0,optimal,2.110817100001441,2.1108183999967878,0.0,0,0,15462.571691668632,498.33225108842646,15960.903942757059,14992.499265935596,15490.831517024022,120424.98858342633,0.0,52.570897408649984,0.0,0.0,0.0,False,False,False
main,deterministic,deterministic,2025-04-01,44,True,True,0,,,0.7,20.0,optimal,2.110817100001441,2.1108183999967878,0.0,0,0,15462.571691668632,498.33225108842646,15960.903942757059,15505.827223173996,16004.159474262422,126235.60155462306,0.0019256684169632887,55.37519257167627,0.0,0.0,0.0,False,False,False
main,deterministic,deterministic,2025-04-01,45,True,True,0,,,0.7,20.0,optimal,2.110817100001441,2.1108183999967878,0.0,0,0,15462.571691668632,498.33225108842646,15960.903942757059,16237.406956047964,16735.73920713639,142450.11487293238,0.005845864360457531,56.10772572274615,0.0,0.0,0.0,False,False,False
main,deterministic,deterministic,2025-04-01,46,True,True,0,,,0.7,20.0,optimal,2.110817100001441,2.1108183999967878,0.0,0,0,15462.571691668632,498.33225108842646,15960.903942757059,15658.212576506108,16156.544827594535,135143.83650814058,0.4901483825957651,55.050480201129325,0.0,0.0,0.0,False,False,False
main,deterministic,deterministic,2025-04-01,47,True,True,0,,,0.7,20.0,optimal,2.110817100001441,2.1108183999967878,0.0,0,0,15462.571691668632,498.33225108842646,15960.903942757059,15887.778431559624,16386.11068264805,141951.1889917098,0.0642173489147157,53.571950720284065,0.0,0.0,0.0,False,False,False
main,deterministic,deterministic,2025-04-01,48,True,True,0,,,0.7,20.0,optimal,2.110817100001441,2.1108183999967878,0.0,0,0,15462.571691668632,498.33225108842646,15960.903942757059,16473.558173714733,16971.89042480316,149845.93577334593,0.0014028491791215902,48.77784758510408,0.0,0.0,0.0,False,False,False
main,deterministic,deterministic,2025-04-01,49,True,True,0,,,0.7,20.0,optimal,2.110817100001441,2.1108183999967878,0.0,0,0,15462.571691668632,498.33225108842646,15960.903942757059,16120.021873649248,16618.354124737674,146013.17474186711,0.022517637004448865,59.173578081773854,0.0,0.0,0.0,False,False,False
main,deterministic,deterministic,2025-04-01,50,True,True,0,,,0.7,20.0,optimal,2.110817100001441,2.1108183999967878,0.0,0,0,15462.571691668632,498.33225108842646,15960.903942757059,15312.560603084587,15810.892854173013,135644.92450631512,0.0,56.24963585434599,0.0,0.0,0.0,False,False,False
main,deterministic,deterministic,2025-04-01,51,True,True,0,,,0.7,20.0,optimal,2.110817100001441,2.1108183999967878,0.0,0,0,15462.571691668632,498.33225108842646,15960.903942757059,15103.833419127099,15602.165670215525,126769.15250632934,0.0,52.08910183684048,0.0,0.0,0.0,False,False,False
main,deterministic,deterministic,2025-04-01,52,True,True,0,,,0.7,20.0,optimal,2.110817100001441,2.1108183999967878,0.0,0,0,15462.571691668632,498.33225108842646,15960.903942757059,16234.061657590384,16732.393908678812,145024.71123573146,0.13897298393633584,55.85963451212211,0.0,0.0,0.0,False,False,False
main,deterministic,deterministic,2025-04-01,53,True,True,0,,,0.7,20.0,optimal,2.110817100001441,2.1108183999967878,0.0,0,0,15462.571691668632,498.33225108842646,15960.903942757059,15616.966563544744,16115.29881463317,130545.72779854963,0.027773149238643657,47.70604828470726,0.0,0.0,0.0,False,False,False
main,deterministic,deterministic,2025-04-01,54,True,True,0,,,0.7,20.0,optimal,2.110817100001441,2.1108183999967878,0.0,0,0,15462.571691668632,498.33225108842646,15960.903942757059,16313.647120445214,16811.979371533642,144595.98821572072,0.0,51.91644728436246,0.0,0.0,0.0,False,False,False
main,deterministic,deterministic,2025-04-01,55,True,True,0,,,0.7,20.0,optimal,2.110817100001441,2.1108183999967878,0.0,0,0,15462.571691668632,498.33225108842646,15960.903942757059,15516.759783376801,16015.092034465228,132334.40765185474,0.0,55.6536838120303,0.0,0.0,0.0,False,False,False
main,deterministic,deterministic,2025-04-01,56,True,True,0,,,0.7,20.0,optimal,2.110817100001441,2.1108183999967878,0.0,0,0,15462.571691668632,498.33225108842646,15960.903942757059,15801.822905571744,16300.15515666017,137370.98595013778,0.0,41.30438407384379,0.0,0.0,0.0,False,False,False
main,deterministic,deterministic,2025-04-01,57,True,True,0,,,0.7,20.0,optimal,2.110817100001441,2.1108183999967878,0.0,0,0,15462.571691668632,498.33225108842646,15960.903942757059,15431.829597461463,15930.16184854989,131429.251366693,0.03965737563667315,52.0333131796496,0.0,0.0,0.0,False,False,False
main,deterministic,deterministic,2025-04-01,58,True,True,0,,,0.7,20.0,optimal,2.110817100001441,2.1108183999967878,0.0,0,0,15462.571691668632,498.33225108842646,15960.903942757059,16543.20112754354,17041.533378631968,150135.76392327642,0.0,59.906958727413006,0.0,0.0,0.0,False,False,False
main,deterministic,deterministic,2025-04-01,59,True,True,0,,,0.7,20.0,optimal,2.110817100001441,2.1108183999967878,0.0,0,0,15462.571691668632,498.33225108842646,15960.903942757059,16423.547977302653,16921.88022839108,150190.05207427326,0.0,55.02100897955171,0.0,0.0,0.0,False,False,False
main,deterministic,deterministic,2025-04-01,60,True,True,0,,,0.7,20.0,optimal,2.110817100001441,2.1108183999967878,0.0,0,0,15462.571691668632,498.33225108842646,15960.903942757059,15779.006715342402,16277.338966430829,140254.87741876944,0.06884827986613296,54.93518490888346,0.0,0.0,0.0,False,False,False
main,deterministic,deterministic,2025-04-01,61,True,True,0,,,0.7,20.0,optimal,2.110817100001441,2.1108183999967878,0.0,0,0,15462.571691668632,498.33225108842646,15960.903942757059,15743.200947477811,16241.533198566238,137684.43416019087,0.1636875519067348,44.24492792515794,0.0,0.0,0.0,False,False,False
main,deterministic,deterministic,2025-04-01,62,True,True,0,,,0.7,20.0,optimal,2.110817100001441,2.1108183999967878,0.0,0,0,15462.571691668632,498.33225108842646,15960.903942757059,15093.107985765568,15591.440236853994,123387.64149958966,0.0,57.41092089652946,0.0,0.0,0.0,False,False,False
main,deterministic,deterministic,2025-04-01,63,True,True,0,,,0.7,20.0,optimal,2.110817100001441,2.1108183999967878,0.0,0,0,15462.571691668632,498.33225108842646,15960.903942757059,15753.217430228857,16251.549681317283,130708.39055717684,0.0,62.40241130773364,0.0,0.0,0.0,False,False,False
main,deterministic,deterministic,2025-04-01,64,True,True,0,,,0.7,20.0,optimal,2.110817100001441,2.1108183999967878,0.0,0,0,15462.571691668632,498.33225108842646,15960.903942757059,15371.57516042376,15869.907411512186,122508.57497123035,0.08960304922365947,48.90399925115431,0.0,0.0,0.0,False,False,False
main,deterministic,deterministic,2025-04-01,65,True,True,0,,,0.7,20.0,optimal,2.110817100001441,2.1108183999967878,0.0,0,0,15462.571691668632,498.33225108842646,15960.903942757059,16019.75733617634,16518.089587264767,134811.79513462307,0.9853001305983751,57.43144514063675,0.0,0.0,0.0,False,False,False
main,deterministic,deterministic,2025-04-01,66,True,True,0,,,0.7,20.0,optimal,2.110817100001441,2.1108183999967878,0.0,0,0,15462.571691668632,498.33225108842646,15960.903942757059,15917.20228994977,16415.534541038196,139381.4632208468,0.0,60.59851372196399,0.0,0.0,0.0,False,False,False
main,deterministic,deterministic,2025-04-01,67,True,True,0,,,0.7,20.0,optimal,2.110817100001441,2.1108183999967878,0.0,0,0,15462.571691668632,498.33225108842646,15960.903942757059,14750.519349322569,15248.851600410995,119695.83414566783,0.0,55.65139932262166,0.0,0.0,0.0,False,False,False
main,deterministic,deterministic,2025-04-01,68,True,True,0,,,0.7,20.0,optimal,2.110817100001441,2.1108183999967878,0.0,0,0,15462.571691668632,498.33225108842646,15960.903942757059,16716.611851936745,17214.944103025173,157605.366374742,0.0,54.99587420231675,0.0,0.0,0.0,False,False,False
main,deterministic,deterministic,2025-04-01,69,True,True,0,,,0.7,20.0,optimal,2.110817100001441,2.1108183999967878,0.0,0,0,15462.571691668632,498.33225108842646,15960.903942757059,16928.383443794362,17426.71569488279,152311.10608743379,0.023208636118730475,56.87032536684684,0.0,0.0,0.0,False,False,False
main,deterministic,deterministic,2025-04-01,70,True,True,0,,,0.7,20.0,optimal,2.110817100001441,2.1108183999967878,0.0,0,0,15462.571691668632,498.33225108842646,15960.903942757059,16063.685027897252,16562.01727898568,145531.63552758034,0.029272857390582552,61.799634773007156,0.0,0.0,0.0,False,False,False
main,deterministic,deterministic,2025-04-01,71,True,True,0,,,0.7,20.0,optimal,2.110817100001441,2.1108183999967878,0.0,0,0,15462.571691668632,498.33225108842646,15960.903942757059,14998.4797617654,15496.812012853827,129323.97361312393,0.10668836807421345,58.98009839616279,0.0,0.0,0.0,False,False,False
main,deterministic,deterministic,2025-04-01,72,True,True,0,,,0.7,20.0,optimal,2.110817100001441,2.1108183999967878,0.0,0,0,15462.571691668632,498.33225108842646,15960.903942757059,15508.17403520031,16006.506286288737,129510.49717156992,0.05513984050796461,60.581496944718374,0.0,0.0,0.0,False,False,False
main,deterministic,deterministic,2025-04-01,73,True,True,0,,,0.7,20.0,optimal,2.110817100001441,2.1108183999967878,0.0,0,0,15462.571691668632,498.33225108842646,15960.903942757059,15648.487745372458,16146.819996460885,130515.76498699597,0.039259298070895676,51.146328645099636,0.0,0.0,0.0,False,False,False
main,deterministic,deterministic,2025-04-01,74,True,True,0,,,0.7,20.0,optimal,2.110817100001441,2.1108183999967878,0.0,0,0,15462.571691668632,498.33225108842646,15960.903942757059,15349.897515344572,15848.229766432998,121357.82244661043,0.0,54.452408701768356,0.0,0.0,0.0,False,False,False
main,deterministic,deterministic,2025-04-01,75,True,True,0,,,0.7,20.0,optimal,2.110817100001441,2.1108183999967878,0.0,0,0,15462.571691668632,498.33225108842646,15960.903942757059,15890.190367576532,16388.52261866496,136114.4684189143,0.1425373780712324,48.19603113644262,0.0,0.0,0.0,False,False,False
main,deterministic,deterministic,2025-04-01,76,True,True,0,,,0.7,20.0,optimal,2.110817100001441,2.1108183999967878,0.0,0,0,15462.571691668632,498.33225108842646,15960.903942757059,16411.3933265439,16909.72557763233,153523.83882537275,0.0,53.4016633106738,0.0,0.0,0.0,False,False,False
main,deterministic,deterministic,2025-04-01,77,True,True,0,,,0.7,20.0,optimal,2.110817100001441,2.1108183999967878,0.0,0,0,15462.571691668632,498.33225108842646,15960.903942757059,14917.398468527434,15415.73071961586,121585.78167075168,0.020205223217784285,46.57007682185667,0.0,0.0,0.0,False,False,False
main,deterministic,deterministic,2025-04-01,78,True,True,0,,,0.7,20.0,optimal,2.110817100001441,2.1108183999967878,0.0,0,0,15462.571691668632,498.33225108842646,15960.903942757059,15439.95687333778,15938.289124426206,126371.36294674626,0.6871914754179427,53.26884531921074,0.0,0.0,0.0,False,False,False
main,deterministic,deterministic,2025-04-01,79,True,True,0,,,0.7,20.0,optimal,2.110817100001441,2.1108183999967878,0.0,0,0,15462.571691668632,498.33225108842646,15960.903942757059,16163.360158459416,16661.692409547843,144969.1830514138,0.0,49.18431124573584,0.0,0.0,0.0,False,False,False
main,deterministic,deterministic,2025-04-01,80,True,True,0,,,0.7,20.0,optimal,2.110817100001441,2.1108183999967878,0.0,0,0,15462.571691668632,498.33225108842646,15960.903942757059,16290.599293202089,16788.931544290517,145635.39551485583,0.0,48.91852100371171,0.0,0.0,0.0,False,False,False
main,deterministic,deterministic,2025-04-01,81,True,True,0,,,0.7,20.0,optimal,2.110817100001441,2.1108183999967878,0.0,0,0,15462.571691668632,498.33225108842646,15960.903942757059,15708.169694547243,16206.50194563567,131408.9833368206,0.08045694066753334,59.59345013771204,0.0,0.0,0.0,False,False,False
main,deterministic,deterministic,2025-04-01,82,True,True,0,,,0.7,20.0,optimal,2.110817100001441,2.1108183999967878,0.0,0,0,15462.571691668632,498.33225108842646,15960.903942757059,15370.616751741662,15868.949002830088,130594.4848943144,0.008226005783169621,48.43407700509827,0.0,0.0,0.0,False,False,False
main,deterministic,deterministic,2025-04-01,83,True,True,0,,,0.7,20.0,optimal,2.110817100001441,2.1108183999967878,0.0,0,0,15462.571691668632,498.33225108842646,15960.903942757059,16244.64632511899,16742.978576207417,149258.92764999118,0.4419733758749866,46.713425050424085,0.0,0.0,0.0,False,False,False
main,deterministic,deterministic,2025-04-01,84,True,True,0,,,0.7,20.0,optimal,2.110817100001441,2.1108183999967878,0.0,0,0,15462.571691668632,498.33225108842646,15960.903942757059,16324.994665267235,16823.32691635566,148185.70527780085,0.08978272092036721,48.67422342697938,0.0,0.0,0.0,False,False,False
main,deterministic,deterministic,2025-04-01,85,True,True,0,,,0.7,20.0,optimal,2.110817100001441,2.1108183999967878,0.0,0,0,15462.571691668632,498.33225108842646,15960.903942757059,16031.19163448515,16529.523885573577,137013.91050334604,0.0,62.96484538144351,0.0,0.0,0.0,False,False,False
main,deterministic,deterministic,2025-04-01,86,True,True,0,,,0.7,20.0,optimal,2.110817100001441,2.1108183999967878,0.0,0,0,15462.571691668632,498.33225108842646,15960.903942757059,15879.028301296,16377.360552384427,138044.50324902075,0.04694293085412765,44.67397616779754,0.0,0.0,0.0,False,False,False
main,deterministic,deterministic,2025-04-01,87,True,True,0,,,0.7,20.0,optimal,2.110817100001441,2.1108183999967878,0.0,0,0,15462.571691668632,498.33225108842646,15960.903942757059,14779.834592692929,15278.166843781355,119017.87086710124,0.09678089458117067,50.20854776561419,0.0,0.0,0.0,False,False,False
main,deterministic,deterministic,2025-04-01,88,True,True,0,,,0.7,20.0,optimal,2.110817100001441,2.1108183999967878,0.0,0,0,15462.571691668632,498.33225108842646,15960.903942757059,15187.235494282706,15685.567745371132,121181.03030586833,0.0,61.00111213973535,0.0,0.0,0.0,False,False,False
main,deterministic,deterministic,2025-04-01,89,True,True,0,,,0.7,20.0,optimal,2.110817100001441,2.1108183999967878,0.0,0,0,15462.571691668632,498.33225108842646,15960.903942757059,16010.184214888035,16508.516465976463,136203.404616383,0.0,51.12730582472589,0.0,0.0,0.0,False,False,False
main,deterministic,deterministic,2025-04-01,90,True,True,0,,,0.7,20.0,optimal,2.110817100001441,2.1108183999967878,0.0,0,0,15462.571691668632,498.33225108842646,15960.903942757059,15684.263886644707,16182.596137733133,131279.88116036143,0.20805365173042828,58.959603155644956,0.0,0.0,0.0,False,False,False
main,deterministic,deterministic,2025-04-01,91,True,True,0,,,0.7,20.0,optimal,2.110817100001441,2.1108183999967878,0.0,0,0,15462.571691668632,498.33225108842646,15960.903942757059,14837.427481892479,15335.759732980905,113318.11127423354,0.0,54.58874082260698,0.0,0.0,0.0,False,False,False
main,deterministic,deterministic,2025-04-01,92,True,True,0,,,0.7,20.0,optimal,2.110817100001441,2.1108183999967878,0.0,0,0,15462.571691668632,498.33225108842646,15960.903942757059,15299.320411899758,15797.652662988185,125012.0545808039,0.0,45.203635478227056,0.0,0.0,0.0,False,False,False
main,deterministic,deterministic,2025-04-01,93,True,True,0,,,0.7,20.0,optimal,2.110817100001441,2.1108183999967878,0.0,0,0,15462.571691668632,498.33225108842646,15960.903942757059,15389.06905743342,15887.401308521847,135504.49681512057,0.0,54.36407385847167,0.0,0.0,0.0,False,False,False
main,deterministic,deterministic,2025-04-01,94,True,True,0,,,0.7,20.0,optimal,2.110817100001441,2.1108183999967878,0.0,0,0,15462.571691668632,498.33225108842646,15960.903942757059,15316.489984912034,15814.82223600046,127274.64625358657,0.0,48.91606993557281,0.0,0.0,0.0,False,False,False
main,deterministic,deterministic,2025-04-01,95,True,True,0,,,0.7,20.0,optimal,2.110817100001441,2.1108183999967878,0.0,0,0,15462.571691668632,498.33225108842646,15960.903942757059,15074.875005941762,15573.207257030188,124258.91096125718,0.002875485480205553,55.00464468621186,0.0,0.0,0.0,False,False,False
main,deterministic,deterministic,2025-04-01,96,True,True,0,,,0.7,20.0,optimal,2.110817100001441,2.1108183999967878,0.0,0,0,15462.571691668632,498.33225108842646,15960.903942757059,15193.507566726801,15691.839817815227,130736.86433618,0.02452520523002555,54.22962638817646,0.0,0.0,0.0,False,False,False
main,deterministic,deterministic,2025-04-01,97,True,True,0,,,0.7,20.0,optimal,2.110817100001441,2.1108183999967878,0.0,0,0,15462.571691668632,498.33225108842646,15960.903942757059,15388.027183471893,15886.35943456032,128163.5173846401,0.0,55.16658052027569,0.0,0.0,0.0,False,False,False
main,deterministic,deterministic,2025-04-01,98,True,True,0,,,0.7,20.0,optimal,2.110817100001441,2.1108183999967878,0.0,0,0,15462.571691668632,498.33225108842646,15960.903942757059,15494.036704882694,15992.36895597112,129064.63098939082,0.04014377063391328,44.18985367162476,0.0,0.0,0.0,False,False,False
main,deterministic,deterministic,2025-04-01,99,True,True,0,,,0.7,20.0,optimal,2.110817100001441,2.1108183999967878,0.0,0,0,15462.571691668632,498.33225108842646,15960.903942757059,15127.91336081865,15626.245611907076,125079.67103925036,0.0,56.629727202026864,0.0,0.0,0.0,False,False,False
main,deterministic,deterministic,2025-07-01,0,True,True,0,,,0.7,20.0,optimal,1.7940958999970462,1.7940966000023764,0.0,0,0,15865.460962360758,295.2709491819242,16160.731911542682,15029.508985383549,15324.779934565473,151622.68019241985,0.1988328410756195,59.13339793083107,0.0,0.0,0.0,False,False,False
main,deterministic,deterministic,2025-07-01,1,True,True,0,,,0.7,20.0,optimal,1.7940958999970462,1.7940966000023764,0.0,0,0,15865.460962360758,295.2709491819242,16160.731911542682,16304.049406690176,16599.3203558721,168765.50450204263,0.5015499753496047,66.88734509290967,0.0,0.0,0.0,False,False,False
main,deterministic,deterministic,2025-07-01,2,True,True,0,,,0.7,20.0,optimal,1.7940958999970462,1.7940966000023764,0.0,0,0,15865.460962360758,295.2709491819242,16160.731911542682,15596.348002196492,15891.618951378416,161571.82791409077,0.24015853247336075,52.4091505857714,0.0,0.0,0.0,False,False,False
main,deterministic,deterministic,2025-07-01,3,True,True,0,,,0.7,20.0,optimal,1.7940958999970462,1.7940966000023764,0.0,0,0,15865.460962360758,295.2709491819242,16160.731911542682,16020.104668393687,16315.375617575612,169138.03444550166,0.0,60.573052044839606,0.0,0.0,0.0,False,False,False
main,deterministic,deterministic,2025-07-01,4,True,True,0,,,0.7,20.0,optimal,1.7940958999970462,1.7940966000023764,0.0,0,0,15865.460962360758,295.2709491819242,16160.731911542682,15736.677619804253,16031.948568986178,167216.09919604321,0.17147397671751813,51.644837549017005,0.0,0.0,0.0,False,False,False
main,deterministic,deterministic,2025-07-01,5,True,True,0,,,0.7,20.0,optimal,1.7940958999970462,1.7940966000023764,0.0,0,0,15865.460962360758,295.2709491819242,16160.731911542682,16243.934770040976,16539.2057192229,180154.142328779,0.9348234569720538,59.971742180343725,0.0,0.0,0.0,False,False,False
main,deterministic,deterministic,2025-07-01,6,True,True,0,,,0.7,20.0,optimal,1.7940958999970462,1.7940966000023764,0.0,0,0,15865.460962360758,295.2709491819242,16160.731911542682,16621.386722407813,16916.65767158974,172629.14944416482,0.0,56.68395768879221,0.0,0.0,0.0,False,False,False
main,deterministic,deterministic,2025-07-01,7,True,True,0,,,0.7,20.0,optimal,1.7940958999970462,1.7940966000023764,0.0,0,0,15865.460962360758,295.2709491819242,16160.731911542682,15898.984582925134,16194.255532107058,156702.61959136836,0.2383998565322091,56.223287363460436,0.0,0.0,0.0,False,False,False
main,deterministic,deterministic,2025-07-01,8,True,True,0,,,0.7,20.0,optimal,1.7940958999970462,1.7940966000023764,0.0,0,0,15865.460962360758,295.2709491819242,16160.731911542682,16026.425409177795,16321.696358359719,169952.28861759396,0.18789212418935958,56.526852962188066,0.0,0.0,0.0,False,False,False
main,deterministic,deterministic,2025-07-01,9,True,True,0,,,0.7,20.0,optimal,1.7940958999970462,1.7940966000023764,0.0,0,0,15865.460962360758,295.2709491819242,16160.731911542682,15965.420403605796,16260.69135278772,172139.57711493375,0.0,113.1270173153307,0.0,0.0,0.7986772465179817,False,False,True
main,deterministic,deterministic,2025-07-01,10,True,True,0,,,0.7,20.0,optimal,1.7940958999970462,1.7940966000023764,0.0,0,0,15865.460962360758,295.2709491819242,16160.731911542682,15815.440676519012,16110.711625700937,163219.3046653525,0.0,56.170792788064695,0.0,0.0,0.0,False,False,False
main,deterministic,deterministic,2025-07-01,11,True,True,0,,,0.7,20.0,optimal,1.7940958999970462,1.7940966000023764,0.0,0,0,15865.460962360758,295.2709491819242,16160.731911542682,15906.007843640873,16201.278792822797,162720.6221133727,0.34074158264634036,52.683607211506846,0.0,0.0,0.0,False,False,False
main,deterministic,deterministic,2025-07-01,12,True,True,0,,,0.7,20.0,optimal,1.7940958999970462,1.7940966000023764,0.0,0,0,15865.460962360758,295.2709491819242,16160.731911542682,16293.915789435965,16589.18673861789,176089.19026988215,0.5594561225890717,53.991012723427616,0.0,0.0,0.0,False,False,False
main,deterministic,deterministic,2025-07-01,13,True,True,0,,,0.7,20.0,optimal,1.7940958999970462,1.7940966000023764,0.0,0,0,15865.460962360758,295.2709491819242,16160.731911542682,16609.587153147193,16904.85810232912,176946.69521034553,0.3562624563130723,61.44308513075175,0.0,0.0,0.0,False,False,False
main,deterministic,deterministic,2025-07-01,14,True,True,0,,,0.7,20.0,optimal,1.7940958999970462,1.7940966000023764,0.0,0,0,15865.460962360758,295.2709491819242,16160.731911542682,15632.989361009439,15928.260310191363,159163.18061200288,0.6911592422941153,56.789914340453656,0.0,0.0,0.0,False,False,False
main,deterministic,deterministic,2025-07-01,15,True,True,0,,,0.7,20.0,optimal,1.7940958999970462,1.7940966000023764,0.0,0,0,15865.460962360758,295.2709491819242,16160.731911542682,15378.568733269422,15673.839682451346,154527.45818029018,0.03892304189458676,52.187008902055574,0.0,0.0,0.0,False,False,False
main,deterministic,deterministic,2025-07-01,16,True,True,0,,,0.7,20.0,optimal,1.7940958999970462,1.7940966000023764,0.0,0,0,15865.460962360758,295.2709491819242,16160.731911542682,15363.511242853476,15658.7821920354,151771.4203864313,0.3823364381484431,54.42812009740816,0.0,0.009990762052310309,0.0,False,True,False
main,deterministic,deterministic,2025-07-01,17,True,True,0,,,0.7,20.0,optimal,1.7940958999970462,1.7940966000023764,0.0,0,0,15865.460962360758,295.2709491819242,16160.731911542682,16045.886083090612,16341.157032272537,157791.01149875307,0.13137191535314463,65.400955156643,0.0,0.0,0.0,False,False,False
main,deterministic,deterministic,2025-07-01,18,True,True,0,,,0.7,20.0,optimal,1.7940958999970462,1.7940966000023764,0.0,0,0,15865.460962360758,295.2709491819242,16160.731911542682,16560.651642896257,16855.922592078183,168466.07688416232,1.0639209924980548,61.3292781035137,0.0,0.0,0.0,False,False,False
main,deterministic,deterministic,2025-07-01,19,True,True,0,,,0.7,20.0,optimal,1.7940958999970462,1.7940966000023764,0.0,0,0,15865.460962360758,295.2709491819242,16160.731911542682,15723.90012123682,16019.171070418744,168231.547849854,0.2541826819772119,56.03715253772939,0.0,0.0,0.0,False,False,False
main,deterministic,deterministic,2025-07-01,20,True,True,0,,,0.7,20.0,optimal,1.7940958999970462,1.7940966000023764,0.0,0,0,15865.460962360758,295.2709491819242,16160.731911542682,16515.91254806898,16811.183497250906,173472.72604535634,0.0,54.216806212558645,0.0,0.0,0.0,False,False,False
main,deterministic,deterministic,2025-07-01,21,True,True,0,,,0.7,20.0,optimal,1.7940958999970462,1.7940966000023764,0.0,0,0,15865.460962360758,295.2709491819242,16160.731911542682,15788.056833085335,16083.327782267259,155953.46084396,0.16282876003569352,52.216890404590295,0.0,0.1828699057166714,0.0,False,True,False
main,deterministic,deterministic,2025-07-01,22,True,True,0,,,0.7,20.0,optimal,1.7940958999970462,1.7940966000023764,0.0,0,0,15865.460962360758,295.2709491819242,16160.731911542682,16269.988192334748,16565.25914151667,170092.58112582072,0.0037261903763918247,57.463905935272805,0.0,0.029286430656878526,0.0,False,True,False
main,deterministic,deterministic,2025-07-01,23,True,True,0,,,0.7,20.0,optimal,1.7940958999970462,1.7940966000023764,0.0,0,0,15865.460962360758,295.2709491819242,16160.731911542682,16070.509260149744,16365.780209331668,169471.67242243272,0.6469594741348231,58.132702440145074,0.0,0.0,0.0,False,False,False
main,deterministic,deterministic,2025-07-01,24,True,True,0,,,0.7,20.0,optimal,1.7940958999970462,1.7940966000023764,0.0,0,0,15865.460962360758,295.2709491819242,16160.731911542682,16135.330277750774,16430.6012269327,160948.35490824937,2.315507804384591,65.29883059197184,0.0,0.0,0.0,False,False,False
main,deterministic,deterministic,2025-07-01,25,True,True,0,,,0.7,20.0,optimal,1.7940958999970462,1.7940966000023764,0.0,0,0,15865.460962360758,295.2709491819242,16160.731911542682,17594.254674134532,17889.52562331646,199142.67956483713,0.4255917117451413,52.011720392955176,0.0,0.0,0.0,False,False,False
main,deterministic,deterministic,2025-07-01,26,True,True,0,,,0.7,20.0,optimal,1.7940958999970462,1.7940966000023764,0.0,0,0,15865.460962360758,295.2709491819242,16160.731911542682,15837.424649478866,16132.69559866079,166514.487700235,0.17039671576213425,64.9153140059622,0.0,0.004447747428693916,0.0,False,True,False
main,deterministic,deterministic,2025-07-01,27,True,True,0,,,0.7,20.0,optimal,1.7940958999970462,1.7940966000023764,0.0,0,0,15865.460962360758,295.2709491819242,16160.731911542682,15205.68764790308,15500.958597085004,151434.37908640894,0.18488460398293527,64.08591345105874,0.0,0.0,0.0,False,False,False
main,deterministic,deterministic,2025-07-01,28,True,True,0,,,0.7,20.0,optimal,1.7940958999970462,1.7940966000023764,0.0,0,0,15865.460962360758,295.2709491819242,16160.731911542682,16148.29291463777,16443.563863819694,166056.80880757293,0.08862823736276851,49.117855439853535,0.0,0.0,0.0,False,False,False
main,deterministic,deterministic,2025-07-01,29,True,True,0,,,0.7,20.0,optimal,1.7940958999970462,1.7940966000023764,0.0,0,0,15865.460962360758,295.2709491819242,16160.731911542682,16185.086301523352,16480.357250705278,176045.33501282457,0.9608561852214448,48.08529831187934,0.0,0.0,0.0,False,False,False
main,deterministic,deterministic,2025-07-01,30,True,True,0,,,0.7,20.0,optimal,1.7940958999970462,1.7940966000023764,0.0,0,0,15865.460962360758,295.2709491819242,16160.731911542682,15452.407306553789,15747.678255735713,145478.74851427437,0.01369903953869836,53.29368380054123,0.0,0.0,0.0,False,False,False
main,deterministic,deterministic,2025-07-01,31,True,True,0,,,0.7,20.0,optimal,1.7940958999970462,1.7940966000023764,0.0,0,0,15865.460962360758,295.2709491819242,16160.731911542682,16552.516136952898,16847.787086134824,183289.86523342784,0.2070778177622983,56.26013502074714,0.0,0.0,0.0,False,False,False
main,deterministic,deterministic,2025-07-01,32,True,True,0,,,0.7,20.0,optimal,1.7940958999970462,1.7940966000023764,0.0,0,0,15865.460962360758,295.2709491819242,16160.731911542682,15674.874664304534,15970.145613486458,164051.4131321497,0.33825016429468824,63.91136447683159,0.0,0.0,0.0,False,False,False
main,deterministic,deterministic,2025-07-01,33,True,True,0,,,0.7,20.0,optimal,1.7940958999970462,1.7940966000023764,0.0,0,0,15865.460962360758,295.2709491819242,16160.731911542682,17109.13236670178,17404.403315883705,198550.48179533388,0.06421879016997209,71.16696728051558,0.0,0.0,0.0,False,False,False
main,deterministic,deterministic,2025-07-01,34,True,True,0,,,0.7,20.0,optimal,1.7940958999970462,1.7940966000023764,0.0,0,0,15865.460962360758,295.2709491819242,16160.731911542682,16494.795044975574,16790.0659941575,173392.8847817589,0.0,60.68243920035514,0.0,0.0,0.0,False,False,False
main,deterministic,deterministic,2025-07-01,35,True,True,0,,,0.7,20.0,optimal,1.7940958999970462,1.7940966000023764,0.0,0,0,15865.460962360758,295.2709491819242,16160.731911542682,16036.29818720124,16331.569136383165,155906.2389263356,0.0,60.237183644944956,0.0,0.0,0.0,False,False,False
main,deterministic,deterministic,2025-07-01,36,True,True,0,,,0.7,20.0,optimal,1.7940958999970462,1.7940966000023764,0.0,0,0,15865.460962360758,295.2709491819242,16160.731911542682,15405.350310471253,15700.621259653177,155420.3250438561,0.8492718695281594,65.77536496603051,0.0,0.0,0.0,False,False,False
main,deterministic,deterministic,2025-07-01,37,True,True,0,,,0.7,20.0,optimal,1.7940958999970462,1.7940966000023764,0.0,0,0,15865.460962360758,295.2709491819242,16160.731911542682,15674.556787394471,15969.827736576395,162962.59432789363,0.0,46.93167608934641,0.0,0.0,0.0,False,False,False
main,deterministic,deterministic,2025-07-01,38,True,True,0,,,0.7,20.0,optimal,1.7940958999970462,1.7940966000023764,0.0,0,0,15865.460962360758,295.2709491819242,16160.731911542682,15818.790710869125,16114.06166005105,165745.50040424458,0.4206930247221117,51.06044929538226,0.0,0.029530968355736986,0.0,False,True,False
main,deterministic,deterministic,2025-07-01,39,True,True,0,,,0.7,20.0,optimal,1.7940958999970462,1.7940966000023764,0.0,0,0,15865.460962360758,295.2709491819242,16160.731911542682,15989.923922608343,16285.194871790267,175061.9271661463,0.07505931295524138,49.98548824469358,0.0,0.0,0.0,False,False,False
main,deterministic,deterministic,2025-07-01,40,True,True,0,,,0.7,20.0,optimal,1.7940958999970462,1.7940966000023764,0.0,0,0,15865.460962360758,295.2709491819242,16160.731911542682,16357.47354729728,16652.744496479205,176459.23156276523,0.5021100075795514,47.62196859136468,0.0,0.0,0.0,False,False,False
main,deterministic,deterministic,2025-07-01,41,True,True,0,,,0.7,20.0,optimal,1.7940958999970462,1.7940966000023764,0.0,0,0,15865.460962360758,295.2709491819242,16160.731911542682,16021.329880501531,16316.600829683455,171174.79307676537,0.267602590626106,41.739803006683026,0.0,0.0,0.0,False,False,False
main,deterministic,deterministic,2025-07-01,42,True,True,0,,,0.7,20.0,optimal,1.7940958999970462,1.7940966000023764,0.0,0,0,15865.460962360758,295.2709491819242,16160.731911542682,16412.319419648313,16707.59036883024,170894.85799202637,0.4936324809687935,64.31720544533422,0.0,0.13318388809339932,0.0,False,True,False
main,deterministic,deterministic,2025-07-01,43,True,True,0,,,0.7,20.0,optimal,1.7940958999970462,1.7940966000023764,0.0,0,0,15865.460962360758,295.2709491819242,16160.731911542682,15270.239866790402,15565.510815972326,152690.58229239893,0.13019754896817673,58.16970447750119,0.0,0.0,0.0,False,False,False
main,deterministic,deterministic,2025-07-01,44,True,True,0,,,0.7,20.0,optimal,1.7940958999970462,1.7940966000023764,0.0,0,0,15865.460962360758,295.2709491819242,16160.731911542682,15843.426671916855,16138.69762109878,160334.79056861802,0.5251281633973821,57.10805484339797,0.0,0.0,0.0,False,False,False
main,deterministic,deterministic,2025-07-01,45,True,True,0,,,0.7,20.0,optimal,1.7940958999970462,1.7940966000023764,0.0,0,0,15865.460962360758,295.2709491819242,16160.731911542682,16404.483295393788,16699.754244575714,177551.3625367725,0.45062878364444275,65.66324025694215,0.0,0.0,0.0,False,False,False
main,deterministic,deterministic,2025-07-01,46,True,True,0,,,0.7,20.0,optimal,1.7940958999970462,1.7940966000023764,0.0,0,0,15865.460962360758,295.2709491819242,16160.731911542682,16452.207126037272,16747.4780752192,168775.69972162822,0.42162550996019754,59.35106076086678,0.0,0.0,0.0,False,False,False
main,deterministic,deterministic,2025-07-01,47,True,True,0,,,0.7,20.0,optimal,1.7940958999970462,1.7940966000023764,0.0,0,0,15865.460962360758,295.2709491819242,16160.731911542682,16527.579184345643,16822.85013352757,175745.83863046305,0.7521995340652738,59.02598904598689,0.0,0.0,0.0,False,False,False
main,deterministic,deterministic,2025-07-01,48,True,True,0,,,0.7,20.0,optimal,1.7940958999970462,1.7940966000023764,0.0,0,0,15865.460962360758,295.2709491819242,16160.731911542682,16952.62398665072,17247.894935832646,184305.01166483446,0.0,55.0015633876402,0.0,0.0,0.0,False,False,False
main,deterministic,deterministic,2025-07-01,49,True,True,0,,,0.7,20.0,optimal,1.7940958999970462,1.7940966000023764,0.0,0,0,15865.460962360758,295.2709491819242,16160.731911542682,16683.954170970737,16979.225120152663,180995.98166656456,1.6098821098456582,65.5983025627799,0.0,0.0,0.0,False,False,False
main,deterministic,deterministic,2025-07-01,50,True,True,0,,,0.7,20.0,optimal,1.7940958999970462,1.7940966000023764,0.0,0,0,15865.460962360758,295.2709491819242,16160.731911542682,15689.520845524325,15984.791794706249,168935.12765941204,0.0,62.97681584649675,0.0,0.0,0.0,False,False,False
main,deterministic,deterministic,2025-07-01,51,True,True,0,,,0.7,20.0,optimal,1.7940958999970462,1.7940966000023764,0.0,0,0,15865.460962360758,295.2709491819242,16160.731911542682,15683.034318327078,15978.305267509002,159715.771982423,0.17200046265039415,55.725568121343755,0.0,0.0,0.0,False,False,False
main,deterministic,deterministic,2025-07-01,52,True,True,0,,,0.7,20.0,optimal,1.7940958999970462,1.7940966000023764,0.0,0,0,15865.460962360758,295.2709491819242,16160.731911542682,16811.79392570883,17107.064874890755,181617.46882170983,0.8264996159889412,59.70269420033289,0.0,0.0,0.0,False,False,False
main,deterministic,deterministic,2025-07-01,53,True,True,0,,,0.7,20.0,optimal,1.7940958999970462,1.7940966000023764,0.0,0,0,15865.460962360758,295.2709491819242,16160.731911542682,15868.138188682584,16163.409137864508,162879.53509983778,0.0,48.57269697420882,0.0,0.0,0.0,False,False,False
main,deterministic,deterministic,2025-07-01,54,True,True,0,,,0.7,20.0,optimal,1.7940958999970462,1.7940966000023764,0.0,0,0,15865.460962360758,295.2709491819242,16160.731911542682,16967.952816189598,17263.223765371524,178238.26144209207,0.0,54.96877485314498,0.0,0.0,0.0,False,False,False
main,deterministic,deterministic,2025-07-01,55,True,True,0,,,0.7,20.0,optimal,1.7940958999970462,1.7940966000023764,0.0,0,0,15865.460962360758,295.2709491819242,16160.731911542682,16010.839490775728,16306.110439957652,165686.9053278524,0.0,62.10353723285561,0.0,0.0,0.0,False,False,False
main,deterministic,deterministic,2025-07-01,56,True,True,0,,,0.7,20.0,optimal,1.7940958999970462,1.7940966000023764,0.0,0,0,15865.460962360758,295.2709491819242,16160.731911542682,16239.94485038875,16535.215799570677,169351.09718553702,0.02255928540384286,48.031254501187576,0.0,0.0,0.0,False,False,False
main,deterministic,deterministic,2025-07-01,57,True,True,0,,,0.7,20.0,optimal,1.7940958999970462,1.7940966000023764,0.0,0,0,15865.460962360758,295.2709491819242,16160.731911542682,16212.48172426228,16507.752673444204,163665.93033882076,0.2838917269544102,55.126204948403014,0.0,0.0,0.0,False,False,False
main,deterministic,deterministic,2025-07-01,58,True,True,0,,,0.7,20.0,optimal,1.7940958999970462,1.7940966000023764,0.0,0,0,15865.460962360758,295.2709491819242,16160.731911542682,16782.007796299047,17077.278745480973,185500.07807686995,0.0,64.51327445474746,0.0,0.0,0.0,False,False,False
main,deterministic,deterministic,2025-07-01,59,True,True,0,,,0.7,20.0,optimal,1.7940958999970462,1.7940966000023764,0.0,0,0,15865.460962360758,295.2709491819242,16160.731911542682,17094.268278847732,17389.53922802966,186083.1621272351,0.14394387509644413,60.423809188001535,0.0,0.0,0.0,False,False,False
main,deterministic,deterministic,2025-07-01,60,True,True,0,,,0.7,20.0,optimal,1.7940958999970462,1.7940966000023764,0.0,0,0,15865.460962360758,295.2709491819242,16160.731911542682,16028.93792516375,16324.208874345673,173519.58542302967,0.09610489060628657,57.5282600747518,0.0,0.0,0.0,False,False,False
main,deterministic,deterministic,2025-07-01,61,True,True,0,,,0.7,20.0,optimal,1.7940958999970462,1.7940966000023764,0.0,0,0,15865.460962360758,295.2709491819242,16160.731911542682,16132.105095754046,16427.376044935972,170786.48881040904,0.04924898586554774,44.49648296894898,0.0,0.0,0.0,False,False,False
main,deterministic,deterministic,2025-07-01,62,True,True,0,,,0.7,20.0,optimal,1.7940958999970462,1.7940966000023764,0.0,0,0,15865.460962360758,295.2709491819242,16160.731911542682,15460.109001572406,15755.37995075433,154929.73351164392,0.28769949238568127,62.09472296533293,0.0,0.0,0.0,False,False,False
main,deterministic,deterministic,2025-07-01,63,True,True,0,,,0.7,20.0,optimal,1.7940958999970462,1.7940966000023764,0.0,0,0,15865.460962360758,295.2709491819242,16160.731911542682,16098.34443215176,16393.615381333686,166028.1375412672,0.6626216505488071,65.25072679555802,0.0,0.0,0.0,False,False,False
main,deterministic,deterministic,2025-07-01,64,True,True,0,,,0.7,20.0,optimal,1.7940958999970462,1.7940966000023764,0.0,0,0,15865.460962360758,295.2709491819242,16160.731911542682,15843.579810683996,16138.85075986592,156231.7890898421,0.036291892228150685,54.47640242207335,0.0,0.0,0.0,False,False,False
main,deterministic,deterministic,2025-07-01,65,True,True,0,,,0.7,20.0,optimal,1.7940958999970462,1.7940966000023764,0.0,0,0,15865.460962360758,295.2709491819242,16160.731911542682,16642.946668370452,16938.21761755238,168590.4036680736,0.0,56.37704307422454,0.0,0.0,0.0,False,False,False
main,deterministic,deterministic,2025-07-01,66,True,True,0,,,0.7,20.0,optimal,1.7940958999970462,1.7940966000023764,0.0,0,0,15865.460962360758,295.2709491819242,16160.731911542682,16280.562039779288,16575.832988961214,174428.9626494987,0.5734572558821037,69.26701182786528,0.0,0.0,0.0,False,False,False
main,deterministic,deterministic,2025-07-01,67,True,True,0,,,0.7,20.0,optimal,1.7940958999970462,1.7940966000023764,0.0,0,0,15865.460962360758,295.2709491819242,16160.731911542682,15175.211850805674,15470.482799987598,151586.62266147733,0.3355500714299462,50.910790063765724,0.0,0.0,0.0,False,False,False
main,deterministic,deterministic,2025-07-01,68,True,True,0,,,0.7,20.0,optimal,1.7940958999970462,1.7940966000023764,0.0,0,0,15865.460962360758,295.2709491819242,16160.731911542682,17244.040669636164,17539.31161881809,192239.06084482133,0.3771373111608324,58.609692178637125,0.0,0.0,0.0,False,False,False
main,deterministic,deterministic,2025-07-01,69,True,True,0,,,0.7,20.0,optimal,1.7940958999970462,1.7940966000023764,0.0,0,0,15865.460962360758,295.2709491819242,16160.731911542682,17322.368093832567,17617.639043014493,187931.07122186772,0.2814232036590756,60.16164574524977,0.0,0.0,0.0,False,False,False
main,deterministic,deterministic,2025-07-01,70,True,True,0,,,0.7,20.0,optimal,1.7940958999970462,1.7940966000023764,0.0,0,0,15865.460962360758,295.2709491819242,16160.731911542682,16562.023456901876,16857.2944060838,180248.9571188919,0.8072214709053362,65.74330911523111,0.0,0.0,0.0,False,False,False
main,deterministic,deterministic,2025-07-01,71,True,True,0,,,0.7,20.0,optimal,1.7940958999970462,1.7940966000023764,0.0,0,0,15865.460962360758,295.2709491819242,16160.731911542682,15248.152709262205,15543.42365844413,162767.50083967388,0.3322085211980556,69.01260468666025,0.0,0.0,0.0,False,False,False
main,deterministic,deterministic,2025-07-01,72,True,True,0,,,0.7,20.0,optimal,1.7940958999970462,1.7940966000023764,0.0,0,0,15865.460962360758,295.2709491819242,16160.731911542682,15841.502760710535,16136.773709892459,162542.13520030005,0.6760140398728022,64.75318938485061,0.0,0.0,0.0,False,False,False
main,deterministic,deterministic,2025-07-01,73,True,True,0,,,0.7,20.0,optimal,1.7940958999970462,1.7940966000023764,0.0,0,0,15865.460962360758,295.2709491819242,16160.731911542682,16082.955807366334,16378.226756548258,164811.00009911793,0.03950527889448846,59.897647052234305,0.0,0.0,0.0,False,False,False
main,deterministic,deterministic,2025-07-01,74,True,True,0,,,0.7,20.0,optimal,1.7940958999970462,1.7940966000023764,0.0,0,0,15865.460962360758,295.2709491819242,16160.731911542682,15868.391881248193,16163.662830430118,153549.1961355962,0.46965133452970764,56.24274286029349,0.0,0.0,0.0,False,False,False
main,deterministic,deterministic,2025-07-01,75,True,True,0,,,0.7,20.0,optimal,1.7940958999970462,1.7940966000023764,0.0,0,0,15865.460962360758,295.2709491819242,16160.731911542682,16440.314150126324,16735.58509930825,170274.12382376002,0.5353811784412371,57.27149084073238,0.0,0.0,0.0,False,False,False
main,deterministic,deterministic,2025-07-01,76,True,True,0,,,0.7,20.0,optimal,1.7940958999970462,1.7940966000023764,0.0,0,0,15865.460962360758,295.2709491819242,16160.731911542682,16586.48930032338,16881.760249505307,187042.58884046433,0.8544270282483482,56.43892566832186,0.0,0.0,0.0,False,False,False
main,deterministic,deterministic,2025-07-01,77,True,True,0,,,0.7,20.0,optimal,1.7940958999970462,1.7940966000023764,0.0,0,0,15865.460962360758,295.2709491819242,16160.731911542682,15517.959738511205,15813.230687693129,153758.13297755402,0.10652814583314824,54.136984673604545,0.0,0.0,0.0,False,False,False
main,deterministic,deterministic,2025-07-01,78,True,True,0,,,0.7,20.0,optimal,1.7940958999970462,1.7940966000023764,0.0,0,0,15865.460962360758,295.2709491819242,16160.731911542682,15510.851167576933,15806.122116758857,159655.3554361914,0.0,61.9225418738718,0.0,0.0,0.0,False,False,False
main,deterministic,deterministic,2025-07-01,79,True,True,0,,,0.7,20.0,optimal,1.7940958999970462,1.7940966000023764,0.0,0,0,15865.460962360758,295.2709491819242,16160.731911542682,16670.140024862274,16965.4109740442,180479.9755005545,0.0,54.63014825137757,0.0,0.0,0.0,False,False,False
main,deterministic,deterministic,2025-07-01,80,True,True,0,,,0.7,20.0,optimal,1.7940958999970462,1.7940966000023764,0.0,0,0,15865.460962360758,295.2709491819242,16160.731911542682,16826.43394254347,17121.704891725396,179580.40268960418,1.2553203694052246,56.89621839991401,0.0,0.03641095923707893,0.0,False,True,False
main,deterministic,deterministic,2025-07-01,81,True,True,0,,,0.7,20.0,optimal,1.7940958999970462,1.7940966000023764,0.0,0,0,15865.460962360758,295.2709491819242,16160.731911542682,16056.52368273639,16351.794631918314,165517.19707380937,0.7351027909345841,65.64805902940623,0.0,0.0,0.0,False,False,False
main,deterministic,deterministic,2025-07-01,82,True,True,0,,,0.7,20.0,optimal,1.7940958999970462,1.7940966000023764,0.0,0,0,15865.460962360758,295.2709491819242,16160.731911542682,15781.36358754711,16076.634536729034,163446.63337936008,0.1091100048383459,49.707877715323484,0.0,0.13858194524032896,0.0,False,True,False
main,deterministic,deterministic,2025-07-01,83,True,True,0,,,0.7,20.0,optimal,1.7940958999970462,1.7940966000023764,0.0,0,0,15865.460962360758,295.2709491819242,16160.731911542682,16764.514099698346,17059.785048880272,183809.923165269,0.25873579613413583,59.021831556790886,0.0,0.0,0.0,False,False,False
main,deterministic,deterministic,2025-07-01,84,True,True,0,,,0.7,20.0,optimal,1.7940958999970462,1.7940966000023764,0.0,0,0,15865.460962360758,295.2709491819242,16160.731911542682,16724.174654959064,17019.44560414099,183227.104908879,0.13607192674363522,55.413716897490104,0.0,0.0,0.0,False,False,False
main,deterministic,deterministic,2025-07-01,85,True,True,0,,,0.7,20.0,optimal,1.7940958999970462,1.7940966000023764,0.0,0,0,15865.460962360758,295.2709491819242,16160.731911542682,16384.25547791458,16679.526427096505,171737.62673699253,0.016204522003807065,66.85637695127721,0.0,0.0,0.0,False,False,False
main,deterministic,deterministic,2025-07-01,86,True,True,0,,,0.7,20.0,optimal,1.7940958999970462,1.7940966000023764,0.0,0,0,15865.460962360758,295.2709491819242,16160.731911542682,16208.038871090332,16503.309820272258,172204.5203034091,0.21043408399301142,51.85002575368172,0.0,0.0,0.0,False,False,False
main,deterministic,deterministic,2025-07-01,87,True,True,0,,,0.7,20.0,optimal,1.7940958999970462,1.7940966000023764,0.0,0,0,15865.460962360758,295.2709491819242,16160.731911542682,15584.3648796053,15879.635828787224,150666.4335734507,0.3240291232607393,56.743024341440254,0.0,0.0,0.0,False,False,False
main,deterministic,deterministic,2025-07-01,88,True,True,0,,,0.7,20.0,optimal,1.7940958999970462,1.7940966000023764,0.0,0,0,15865.460962360758,295.2709491819242,16160.731911542682,15347.467289743654,15642.738238925578,153879.84141206509,0.03675819878584896,64.87686366172703,0.0,0.0,0.0,False,False,False
main,deterministic,deterministic,2025-07-01,89,True,True,0,,,0.7,20.0,optimal,1.7940958999970462,1.7940966000023764,0.0,0,0,15865.460962360758,295.2709491819242,16160.731911542682,16333.441343350403,16628.712292532327,168839.8480341411,0.0,57.04176283543694,0.0,0.0,0.0,False,False,False
main,deterministic,deterministic,2025-07-01,90,True,True,0,,,0.7,20.0,optimal,1.7940958999970462,1.7940966000023764,0.0,0,0,15865.460962360758,295.2709491819242,16160.731911542682,15895.690591632283,16190.961540814207,164507.80703200406,0.9747321028567189,61.27444097429002,0.0,0.0,0.0,False,False,False
main,deterministic,deterministic,2025-07-01,91,True,True,0,,,0.7,20.0,optimal,1.7940958999970462,1.7940966000023764,0.0,0,0,15865.460962360758,295.2709491819242,16160.731911542682,14939.369232170859,15234.640181352783,143823.76226662993,0.0,55.1888053754818,0.0,0.0,0.0,False,False,False
main,deterministic,deterministic,2025-07-01,92,True,True,0,,,0.7,20.0,optimal,1.7940958999970462,1.7940966000023764,0.0,0,0,15865.460962360758,295.2709491819242,16160.731911542682,15599.731587986205,15895.00253716813,158020.6487303895,0.0,44.42965315756413,0.0,0.0,0.0,False,False,False
main,deterministic,deterministic,2025-07-01,93,True,True,0,,,0.7,20.0,optimal,1.7940958999970462,1.7940966000023764,0.0,0,0,15865.460962360758,295.2709491819242,16160.731911542682,15747.733293941104,16043.004243123029,168845.73584759975,0.443743370044573,58.57401417388688,0.0,0.0,0.0,False,False,False
main,deterministic,deterministic,2025-07-01,94,True,True,0,,,0.7,20.0,optimal,1.7940958999970462,1.7940966000023764,0.0,0,0,15865.460962360758,295.2709491819242,16160.731911542682,15791.645328162353,16086.916277344277,160565.1509899441,0.03900846783832754,53.97703792013687,0.0,0.0,0.0,False,False,False
main,deterministic,deterministic,2025-07-01,95,True,True,0,,,0.7,20.0,optimal,1.7940958999970462,1.7940966000023764,0.0,0,0,15865.460962360758,295.2709491819242,16160.731911542682,15425.808049650152,15721.078998832076,157163.55196732024,0.04845091264603371,57.93883354382084,0.0,0.0,0.0,False,False,False
main,deterministic,deterministic,2025-07-01,96,True,True,0,,,0.7,20.0,optimal,1.7940958999970462,1.7940966000023764,0.0,0,0,15865.460962360758,295.2709491819242,16160.731911542682,15967.404076088425,16262.67502527035,163582.48806712957,0.32459290786996875,55.39100147629889,0.0,0.0,0.0,False,False,False
main,deterministic,deterministic,2025-07-01,97,True,True,0,,,0.7,20.0,optimal,1.7940958999970462,1.7940966000023764,0.0,0,0,15865.460962360758,295.2709491819242,16160.731911542682,15733.409662310314,16028.680611492238,160695.32205091062,0.009577515490698352,59.37677836697426,0.0,0.0,0.0,False,False,False
main,deterministic,deterministic,2025-07-01,98,True,True,0,,,0.7,20.0,optimal,1.7940958999970462,1.7940966000023764,0.0,0,0,15865.460962360758,295.2709491819242,16160.731911542682,15758.162764366289,16053.433713548213,162640.95095608538,0.11844737176203249,48.660712630248,0.0,0.0,0.0,False,False,False
main,deterministic,deterministic,2025-07-01,99,True,True,0,,,0.7,20.0,optimal,1.7940958999970462,1.7940966000023764,0.0,0,0,15865.460962360758,295.2709491819242,16160.731911542682,15568.31529400291,15863.586243184835,157925.39508681654,0.0850933466826787,56.909654879305556,0.0,0.0,0.0,False,False,False
main,deterministic,deterministic,2025-10-01,0,True,True,0,,,0.7,20.0,optimal,2.45066009999573,2.450660799993784,0.0,0,0,16307.664624421875,533.9055933035798,16841.570217725457,15386.880956331283,15920.786549634862,175767.21872043525,0.181844148411354,57.242421268542515,0.0,0.0,0.0,False,False,False
main,deterministic,deterministic,2025-10-01,1,True,True,0,,,0.7,20.0,optimal,2.45066009999573,2.450660799993784,0.0,0,0,16307.664624421875,533.9055933035798,16841.570217725457,16676.925804526225,17210.831397829807,196192.15931189532,0.3464459128894025,65.72219910396639,0.0,0.0,0.0,False,False,False
main,deterministic,deterministic,2025-10-01,2,True,True,0,,,0.7,20.0,optimal,2.45066009999573,2.450660799993784,0.0,0,0,16307.664624421875,533.9055933035798,16841.570217725457,15858.428693180353,16392.334286483932,187397.40930247054,0.0,49.32088254660702,0.0,0.0,0.0,False,False,False
main,deterministic,deterministic,2025-10-01,3,True,True,0,,,0.7,20.0,optimal,2.45066009999573,2.450660799993784,0.0,0,0,16307.664624421875,533.9055933035798,16841.570217725457,16541.06853817994,17074.974131483523,195921.49574601694,0.0,56.68178318197413,0.0,0.0,0.0,False,False,False
main,deterministic,deterministic,2025-10-01,4,True,True,0,,,0.7,20.0,optimal,2.45066009999573,2.450660799993784,0.0,0,0,16307.664624421875,533.9055933035798,16841.570217725457,16148.508949935336,16682.414543238916,192208.36411500946,0.2399017508913348,52.48709533152245,0.0,0.0,0.0,False,False,False
main,deterministic,deterministic,2025-10-01,5,True,True,0,,,0.7,20.0,optimal,2.45066009999573,2.450660799993784,0.0,0,0,16307.664624421875,533.9055933035798,16841.570217725457,16579.02710617207,17112.932699475652,206216.8268959591,0.05262920305534652,61.53666593818312,0.0,0.0,0.0,False,False,False
main,deterministic,deterministic,2025-10-01,6,True,True,0,,,0.7,20.0,optimal,2.45066009999573,2.450660799993784,0.0,0,0,16307.664624421875,533.9055933035798,16841.570217725457,16772.06959428291,17305.975187586493,197865.9293240062,0.06250977872046293,50.56509484852495,0.0,0.0,0.0,False,False,False
main,deterministic,deterministic,2025-10-01,7,True,True,0,,,0.7,20.0,optimal,2.45066009999573,2.450660799993784,0.0,0,0,16307.664624421875,533.9055933035798,16841.570217725457,15826.508460241128,16360.414053544708,182289.227331614,0.1693132384408727,55.25115107322344,0.0,0.0,0.0,False,False,False
main,deterministic,deterministic,2025-10-01,8,True,True,0,,,0.7,20.0,optimal,2.45066009999573,2.450660799993784,0.0,0,0,16307.664624421875,533.9055933035798,16841.570217725457,16283.836374294386,16817.741967597965,195867.95881137252,0.4639081556854013,51.84876983568174,0.0,0.0,0.0,False,False,False
main,deterministic,deterministic,2025-10-01,9,True,True,0,,,0.7,20.0,optimal,2.45066009999573,2.450660799993784,0.0,0,0,16307.664624421875,533.9055933035798,16841.570217725457,16628.70799677283,17162.613590076413,198908.85669858963,0.0,62.87620543671793,0.0,0.0,0.0,False,False,False
main,deterministic,deterministic,2025-10-01,10,True,True,0,,,0.7,20.0,optimal,2.45066009999573,2.450660799993784,0.0,0,0,16307.664624421875,533.9055933035798,16841.570217725457,16089.3433918691,16623.248985172682,189885.22831398467,0.0,54.28096311564585,0.0,0.0,0.0,False,False,False
main,deterministic,deterministic,2025-10-01,11,True,True,0,,,0.7,20.0,optimal,2.45066009999573,2.450660799993784,0.0,0,0,16307.664624421875,533.9055933035798,16841.570217725457,16380.322461029387,16914.22805433297,188730.71496853285,0.10648783305713083,52.25896913613947,0.0,0.0,0.0,False,False,False
main,deterministic,deterministic,2025-10-01,12,True,True,0,,,0.7,20.0,optimal,2.45066009999573,2.450660799993784,0.0,0,0,16307.664624421875,533.9055933035798,16841.570217725457,16406.075907749808,16939.98150105339,201831.91788301468,0.2721931344285682,49.92122516556913,0.0,0.0,0.0,False,False,False
main,deterministic,deterministic,2025-10-01,13,True,True,0,,,0.7,20.0,optimal,2.45066009999573,2.450660799993784,0.0,0,0,16307.664624421875,533.9055933035798,16841.570217725457,16893.86158180146,17427.76717510504,202694.20806902737,0.001319816127437673,57.09575364719167,0.0,0.0,0.0,False,False,False
main,deterministic,deterministic,2025-10-01,14,True,True,0,,,0.7,20.0,optimal,2.45066009999573,2.450660799993784,0.0,0,0,16307.664624421875,533.9055933035798,16841.570217725457,15921.529195599674,16455.434788903254,183281.29056768154,0.0,51.259910383862064,0.0,0.0,0.0,False,False,False
main,deterministic,deterministic,2025-10-01,15,True,True,0,,,0.7,20.0,optimal,2.45066009999573,2.450660799993784,0.0,0,0,16307.664624421875,533.9055933035798,16841.570217725457,15710.432599650034,16244.338192953614,179475.76093733878,0.20470841427487174,48.558963107703576,0.0,0.0,0.0,False,False,False
main,deterministic,deterministic,2025-10-01,16,True,True,0,,,0.7,20.0,optimal,2.45066009999573,2.450660799993784,0.0,0,0,16307.664624421875,533.9055933035798,16841.570217725457,15609.661725504991,16143.567318808571,174999.14595405236,0.09797909802865201,52.611355348389026,0.0,0.0,0.0,False,False,False
main,deterministic,deterministic,2025-10-01,17,True,True,0,,,0.7,20.0,optimal,2.45066009999573,2.450660799993784,0.0,0,0,16307.664624421875,533.9055933035798,16841.570217725457,15807.49720738969,16341.40280069327,182154.72902677493,0.0,110.28748242904358,0.0,0.0,1.0213240274571573,False,False,True
main,deterministic,deterministic,2025-10-01,18,True,True,0,,,0.7,20.0,optimal,2.45066009999573,2.450660799993784,0.0,0,0,16307.664624421875,533.9055933035798,16841.570217725457,16669.512507093605,17203.418100397186,194163.9194277973,0.4445069745221015,58.506556708668306,0.0,0.0,0.0,False,False,False
main,deterministic,deterministic,2025-10-01,19,True,True,0,,,0.7,20.0,optimal,2.45066009999573,2.450660799993784,0.0,0,0,16307.664624421875,533.9055933035798,16841.570217725457,16008.126118488944,16542.031711792526,194103.3684729538,0.0,54.48057153951282,0.0,0.0,0.0,False,False,False
main,deterministic,deterministic,2025-10-01,20,True,True,0,,,0.7,20.0,optimal,2.45066009999573,2.450660799993784,0.0,0,0,16307.664624421875,533.9055933035798,16841.570217725457,16587.166604999205,17121.072198302787,200008.18026939157,0.0,50.08769353594878,0.0,0.0,0.0,False,False,False
main,deterministic,deterministic,2025-10-01,21,True,True,0,,,0.7,20.0,optimal,2.45066009999573,2.450660799993784,0.0,0,0,16307.664624421875,533.9055933035798,16841.570217725457,15921.820199905607,16455.72579320919,181289.3876105444,0.07333118307895997,50.396858303260146,0.0,0.0,0.0,False,False,False
main,deterministic,deterministic,2025-10-01,22,True,True,0,,,0.7,20.0,optimal,2.45066009999573,2.450660799993784,0.0,0,0,16307.664624421875,533.9055933035798,16841.570217725457,16468.554944001276,17002.460537304858,195689.3459214864,0.0,52.93600635120776,0.0,0.0,0.0,False,False,False
main,deterministic,deterministic,2025-10-01,23,True,True,0,,,0.7,20.0,optimal,2.45066009999573,2.450660799993784,0.0,0,0,16307.664624421875,533.9055933035798,16841.570217725457,16667.511057972308,17201.41665127589,194982.92702656848,0.0,53.22766194379272,0.0,0.0,0.0,False,False,False
main,deterministic,deterministic,2025-10-01,24,True,True,0,,,0.7,20.0,optimal,2.45066009999573,2.450660799993784,0.0,0,0,16307.664624421875,533.9055933035798,16841.570217725457,16285.555428858775,16819.461022162355,186299.07996331505,0.0,60.938454164796234,0.0,0.0,0.0,False,False,False
main,deterministic,deterministic,2025-10-01,25,True,True,0,,,0.7,20.0,optimal,2.45066009999573,2.450660799993784,0.0,0,0,16307.664624421875,533.9055933035798,16841.570217725457,17724.563149456,18258.46874275958,226359.60681919404,0.0,49.934114804511,0.0,0.0,0.0,False,False,False
main,deterministic,deterministic,2025-10-01,26,True,True,0,,,0.7,20.0,optimal,2.45066009999573,2.450660799993784,0.0,0,0,16307.664624421875,533.9055933035798,16841.570217725457,16075.336859586358,16609.24245288994,192655.96628281634,0.06208031982632578,61.32627411269756,0.0,0.0,0.0,False,False,False
main,deterministic,deterministic,2025-10-01,27,True,True,0,,,0.7,20.0,optimal,2.45066009999573,2.450660799993784,0.0,0,0,16307.664624421875,533.9055933035798,16841.570217725457,15373.505091598397,15907.410684901977,176162.6902301153,0.6042909164012134,61.598167190735005,0.0,0.0,0.0,False,False,False
main,deterministic,deterministic,2025-10-01,28,True,True,0,,,0.7,20.0,optimal,2.45066009999573,2.450660799993784,0.0,0,0,16307.664624421875,533.9055933035798,16841.570217725457,16464.8442174451,16998.749810748683,191557.2352843896,0.30368190025792974,45.663227767340814,0.0,0.0,0.0,False,False,False
main,deterministic,deterministic,2025-10-01,29,True,True,0,,,0.7,20.0,optimal,2.45066009999573,2.450660799993784,0.0,0,0,16307.664624421875,533.9055933035798,16841.570217725457,16524.41117150253,17058.31676480611,202790.54426591884,0.0,43.64175681013266,0.0,0.0,0.0,False,False,False
main,deterministic,deterministic,2025-10-01,30,True,True,0,,,0.7,20.0,optimal,2.45066009999573,2.450660799993784,0.0,0,0,16307.664624421875,533.9055933035798,16841.570217725457,15608.058976852184,16141.964570155764,169604.22516556602,0.1841640122438759,52.29220517067841,0.0,0.0,0.0,False,False,False
main,deterministic,deterministic,2025-10-01,31,True,True,0,,,0.7,20.0,optimal,2.45066009999573,2.450660799993784,0.0,0,0,16307.664624421875,533.9055933035798,16841.570217725457,16804.40284818722,17338.3084414908,210300.27848034375,0.0,50.74896047875392,0.0,0.0,0.0,False,False,False
main,deterministic,deterministic,2025-10-01,32,True,True,0,,,0.7,20.0,optimal,2.45066009999573,2.450660799993784,0.0,0,0,16307.664624421875,533.9055933035798,16841.570217725457,16196.265595584355,16730.171188887936,189416.27109996072,0.0,59.89009235718564,0.0,0.0,0.0,False,False,False
main,deterministic,deterministic,2025-10-01,33,True,True,0,,,0.7,20.0,optimal,2.45066009999573,2.450660799993784,0.0,0,0,16307.664624421875,533.9055933035798,16841.570217725457,17617.573179700637,18151.47877300422,225389.0033961564,0.051131889506536465,68.58269871454483,0.0,0.0,0.0,False,False,False
main,deterministic,deterministic,2025-10-01,34,True,True,0,,,0.7,20.0,optimal,2.45066009999573,2.450660799993784,0.0,0,0,16307.664624421875,533.9055933035798,16841.570217725457,16694.054509771282,17227.960103074864,199071.1687747958,0.060323620571996805,54.68259530841335,0.0,0.0,0.0,False,False,False
main,deterministic,deterministic,2025-10-01,35,True,True,0,,,0.7,20.0,optimal,2.45066009999573,2.450660799993784,0.0,0,0,16307.664624421875,533.9055933035798,16841.570217725457,16048.113775316133,16582.019368619713,182288.6705655706,0.0,57.82900104040293,0.0,0.0,0.0,False,False,False
main,deterministic,deterministic,2025-10-01,36,True,True,0,,,0.7,20.0,optimal,2.45066009999573,2.450660799993784,0.0,0,0,16307.664624421875,533.9055933035798,16841.570217725457,15798.851007676321,16332.756600979901,179934.31137958085,0.0,64.4710761643243,0.0,0.0,0.0,False,False,False
main,deterministic,deterministic,2025-10-01,37,True,True,0,,,0.7,20.0,optimal,2.45066009999573,2.450660799993784,0.0,0,0,16307.664624421875,533.9055933035798,16841.570217725457,16159.718066065052,16693.623659368634,189601.0653012218,0.10316625118482348,43.4062600832987,0.0,0.0,0.0,False,False,False
main,deterministic,deterministic,2025-10-01,38,True,True,0,,,0.7,20.0,optimal,2.45066009999573,2.450660799993784,0.0,0,0,16307.664624421875,533.9055933035798,16841.570217725457,15999.947791100945,16533.853384404527,189742.95699659156,0.0,51.79741611228199,0.0,0.0,0.0,False,False,False
main,deterministic,deterministic,2025-10-01,39,True,True,0,,,0.7,20.0,optimal,2.45066009999573,2.450660799993784,0.0,0,0,16307.664624421875,533.9055933035798,16841.570217725457,16564.162840822784,17098.068434126366,200056.70392750777,0.0,43.13050096127968,0.0,0.0,0.0,False,False,False
main,deterministic,deterministic,2025-10-01,40,True,True,0,,,0.7,20.0,optimal,2.45066009999573,2.450660799993784,0.0,0,0,16307.664624421875,533.9055933035798,16841.570217725457,16893.551039698585,17427.456633002166,201728.28586274033,0.38820534848592203,47.83344623778931,0.0,0.0,0.0,False,False,False
main,deterministic,deterministic,2025-10-01,41,True,True,0,,,0.7,20.0,optimal,2.45066009999573,2.450660799993784,0.0,0,0,16307.664624421875,533.9055933035798,16841.570217725457,16417.161442067376,16951.067035370957,196880.56506022357,0.03633434689547532,41.635397037845465,0.0,0.0,0.0,False,False,False
main,deterministic,deterministic,2025-10-01,42,True,True,0,,,0.7,20.0,optimal,2.45066009999573,2.450660799993784,0.0,0,0,16307.664624421875,533.9055933035798,16841.570217725457,16661.986394967902,17195.891988271484,197750.51198564537,0.12103360304539479,59.6395025734454,0.0,0.0,0.0,False,False,False
main,deterministic,deterministic,2025-10-01,43,True,True,0,,,0.7,20.0,optimal,2.45066009999573,2.450660799993784,0.0,0,0,16307.664624421875,533.9055933035798,16841.570217725457,15662.043785288579,16195.949378592159,177572.1305189079,0.0,59.05200074198466,0.0,0.0,0.0,False,False,False
main,deterministic,deterministic,2025-10-01,44,True,True,0,,,0.7,20.0,optimal,2.45066009999573,2.450660799993784,0.0,0,0,16307.664624421875,533.9055933035798,16841.570217725457,16113.107544886894,16647.013138190476,185496.36976737008,0.0019256684169630667,57.584870137698815,0.0,0.0,0.0,False,False,False
main,deterministic,deterministic,2025-10-01,45,True,True,0,,,0.7,20.0,optimal,2.45066009999573,2.450660799993784,0.0,0,0,16307.664624421875,533.9055933035798,16841.570217725457,16806.5423035385,17340.44789684208,202949.80628253732,0.0,57.32080369684932,0.0,0.0,0.0,False,False,False
main,deterministic,deterministic,2025-10-01,46,True,True,0,,,0.7,20.0,optimal,2.45066009999573,2.450660799993784,0.0,0,0,16307.664624421875,533.9055933035798,16841.570217725457,16429.909222129743,16963.814815433325,194663.4468767164,0.2709542397226645,56.650177904900225,0.0,0.0,0.0,False,False,False
main,deterministic,deterministic,2025-10-01,47,True,True,0,,,0.7,20.0,optimal,2.45066009999573,2.450660799993784,0.0,0,0,16307.664624421875,533.9055933035798,16841.570217725457,16481.90280470522,17015.8083980088,202246.30417639308,0.0,55.153360751865506,0.0,0.0,0.0,False,False,False
main,deterministic,deterministic,2025-10-01,48,True,True,0,,,0.7,20.0,optimal,2.45066009999573,2.450660799993784,0.0,0,0,16307.664624421875,533.9055933035798,16841.570217725457,17136.851476718937,17670.75707002252,212170.7370007635,0.1313510416313628,54.30513661605667,0.0,0.0,0.0,False,False,False
main,deterministic,deterministic,2025-10-01,49,True,True,0,,,0.7,20.0,optimal,2.45066009999573,2.450660799993784,0.0,0,0,16307.664624421875,533.9055933035798,16841.570217725457,16552.55897624433,17086.464569547912,206828.38548361757,0.005100447325973478,59.963099371596016,0.0,0.0,0.0,False,False,False
main,deterministic,deterministic,2025-10-01,50,True,True,0,,,0.7,20.0,optimal,2.45066009999573,2.450660799993784,0.0,0,0,16307.664624421875,533.9055933035798,16841.570217725457,16207.91338715697,16741.81898046055,194980.53967273582,0.008298462945399931,60.371936504872444,0.0,0.0,0.0,False,False,False
main,deterministic,deterministic,2025-10-01,51,True,True,0,,,0.7,20.0,optimal,2.45066009999573,2.450660799993784,0.0,0,0,16307.664624421875,533.9055933035798,16841.570217725457,15870.558821915009,16404.46441521859,184759.7723562813,0.3898975042369185,55.51246532803563,0.0,0.0,0.0,False,False,False
main,deterministic,deterministic,2025-10-01,52,True,True,0,,,0.7,20.0,optimal,2.45066009999573,2.450660799993784,0.0,0,0,16307.664624421875,533.9055933035798,16841.570217725457,16990.202721697955,17524.108315001537,208812.34449331483,0.03744938713602047,59.43962960074808,0.0,0.0,0.0,False,False,False
main,deterministic,deterministic,2025-10-01,53,True,True,0,,,0.7,20.0,optimal,2.45066009999573,2.450660799993784,0.0,0,0,16307.664624421875,533.9055933035798,16841.570217725457,16364.785245052684,16898.690838356266,189187.3086997832,0.0,50.816481226794,0.0,0.0,0.0,False,False,False
main,deterministic,deterministic,2025-10-01,54,True,True,0,,,0.7,20.0,optimal,2.45066009999573,2.450660799993784,0.0,0,0,16307.664624421875,533.9055933035798,16841.570217725457,16939.193532929832,17473.099126233414,205083.58981779634,0.0,52.84639467530694,0.0,0.0,0.0,False,False,False
main,deterministic,deterministic,2025-10-01,55,True,True,0,,,0.7,20.0,optimal,2.45066009999573,2.450660799993784,0.0,0,0,16307.664624421875,533.9055933035798,16841.570217725457,16417.909522534545,16951.815115838126,192495.251693071,0.0,60.3476871853379,0.0,0.0,0.0,False,False,False
main,deterministic,deterministic,2025-10-01,56,True,True,0,,,0.7,20.0,optimal,2.45066009999573,2.450660799993784,0.0,0,0,16307.664624421875,533.9055933035798,16841.570217725457,16404.210965594044,16938.116558897626,196113.85279594405,0.0,44.43291852751302,0.0,0.0,0.0,False,False,False
main,deterministic,deterministic,2025-10-01,57,True,True,0,,,0.7,20.0,optimal,2.45066009999573,2.450660799993784,0.0,0,0,16307.664624421875,533.9055933035798,16841.570217725457,16285.427620857636,16819.333214161215,190448.55183614398,0.0,51.698901421462885,0.0,0.0,0.0,False,False,False
main,deterministic,deterministic,2025-10-01,58,True,True,0,,,0.7,20.0,optimal,2.45066009999573,2.450660799993784,0.0,0,0,16307.664624421875,533.9055933035798,16841.570217725457,17187.943583989145,17721.849177292726,212460.22729707605,0.12289987132625235,62.475206707454824,0.0,0.021053477473058413,0.0,False,True,False
main,deterministic,deterministic,2025-10-01,59,True,True,0,,,0.7,20.0,optimal,2.45066009999573,2.450660799993784,0.0,0,0,16307.664624421875,533.9055933035798,16841.570217725457,17171.385096796195,17705.290690099777,212359.7820272917,0.0,56.10036623329223,0.0,0.0,0.0,False,False,False
main,deterministic,deterministic,2025-10-01,60,True,True,0,,,0.7,20.0,optimal,2.45066009999573,2.450660799993784,0.0,0,0,16307.664624421875,533.9055933035798,16841.570217725457,16363.124269687463,16897.029862991043,199344.00783193708,0.0,52.510845885963036,0.0,0.0,0.0,False,False,False
main,deterministic,deterministic,2025-10-01,61,True,True,0,,,0.7,20.0,optimal,2.45066009999573,2.450660799993784,0.0,0,0,16307.664624421875,533.9055933035798,16841.570217725457,16410.186684723587,16944.09227802717,197192.2994542075,0.0,43.69059785719446,0.0,0.0,0.0,False,False,False
main,deterministic,deterministic,2025-10-01,62,True,True,0,,,0.7,20.0,optimal,2.45066009999573,2.450660799993784,0.0,0,0,16307.664624421875,533.9055933035798,16841.570217725457,15772.747924094943,16306.653517398523,179672.3183963751,0.0,58.117460952303695,0.0,0.0,0.0,False,False,False
main,deterministic,deterministic,2025-10-01,63,True,True,0,,,0.7,20.0,optimal,2.45066009999573,2.450660799993784,0.0,0,0,16307.664624421875,533.9055933035798,16841.570217725457,16701.484304786212,17235.389898089794,192233.18259052592,0.4440187999217926,63.45722910899651,0.0,0.0,0.0,False,False,False
main,deterministic,deterministic,2025-10-01,64,True,True,0,,,0.7,20.0,optimal,2.45066009999573,2.450660799993784,0.0,0,0,16307.664624421875,533.9055933035798,16841.570217725457,15978.03483197085,16511.94042527443,181139.49807942315,0.0,50.55011966342923,0.0,0.0,0.0,False,False,False
main,deterministic,deterministic,2025-10-01,65,True,True,0,,,0.7,20.0,optimal,2.45066009999573,2.450660799993784,0.0,0,0,16307.664624421875,533.9055933035798,16841.570217725457,16848.47041469143,17382.37600799501,194547.1540454361,0.0,59.15995643749898,0.0,0.0,0.0,False,False,False
main,deterministic,deterministic,2025-10-01,66,True,True,0,,,0.7,20.0,optimal,2.45066009999573,2.450660799993784,0.0,0,0,16307.664624421875,533.9055933035798,16841.570217725457,16692.573196703877,17226.47879000746,202024.16773595285,0.0,65.74198456600556,0.0,0.0,0.0,False,False,False
main,deterministic,deterministic,2025-10-01,67,True,True,0,,,0.7,20.0,optimal,2.45066009999573,2.450660799993784,0.0,0,0,16307.664624421875,533.9055933035798,16841.570217725457,15784.656059143432,16318.561652447012,175905.7046418136,0.0,55.19847271051044,0.0,0.0,0.0,False,False,False
main,deterministic,deterministic,2025-10-01,68,True,True,0,,,0.7,20.0,optimal,2.45066009999573,2.450660799993784,0.0,0,0,16307.664624421875,533.9055933035798,16841.570217725457,17398.17768215533,17932.08327545891,219519.12172508013,0.23494900260131513,57.62880051725603,0.0,0.0,0.0,False,False,False
main,deterministic,deterministic,2025-10-01,69,True,True,0,,,0.7,20.0,optimal,2.45066009999573,2.450660799993784,0.0,0,0,16307.664624421875,533.9055933035798,16841.570217725457,17158.090080497164,17691.995673800746,215146.69264468667,0.4315317303206469,60.19340552314615,0.0,0.0,0.0,False,False,False
main,deterministic,deterministic,2025-10-01,70,True,True,0,,,0.7,20.0,optimal,2.45066009999573,2.450660799993784,0.0,0,0,16307.664624421875,533.9055933035798,16841.570217725457,16776.18147366673,17310.08706697031,206103.24685651073,0.0,57.65754417693274,0.0,0.0,0.0,False,False,False
main,deterministic,deterministic,2025-10-01,71,True,True,0,,,0.7,20.0,optimal,2.45066009999573,2.450660799993784,0.0,0,0,16307.664624421875,533.9055933035798,16841.570217725457,15894.080868221,16427.986461524582,186783.24380398198,0.5076135438524344,63.062233465160666,0.0,0.0,0.0,False,False,False
main,deterministic,deterministic,2025-10-01,72,True,True,0,,,0.7,20.0,optimal,2.45066009999573,2.450660799993784,0.0,0,0,16307.664624421875,533.9055933035798,16841.570217725457,16128.8105060562,16662.71609935978,188407.75333216475,0.3085490333501493,61.41441653692489,0.0,0.0,0.0,False,False,False
main,deterministic,deterministic,2025-10-01,73,True,True,0,,,0.7,20.0,optimal,2.45066009999573,2.450660799993784,0.0,0,0,16307.664624421875,533.9055933035798,16841.570217725457,16396.256763521287,16930.16235682487,191233.1836633864,0.027631316575585485,52.92745570892391,0.0,0.0,0.0,False,False,False
main,deterministic,deterministic,2025-10-01,74,True,True,0,,,0.7,20.0,optimal,2.45066009999573,2.450660799993784,0.0,0,0,16307.664624421875,533.9055933035798,16841.570217725457,16063.670442420744,16597.576035724323,179396.3634185825,0.0,57.842783858213664,0.0,0.0,0.0,False,False,False
main,deterministic,deterministic,2025-10-01,75,True,True,0,,,0.7,20.0,optimal,2.45066009999573,2.450660799993784,0.0,0,0,16307.664624421875,533.9055933035798,16841.570217725457,16558.69308612335,17092.59867942693,197118.123975213,0.03907898136872892,54.2682243532414,0.0,0.0,0.0,False,False,False
main,deterministic,deterministic,2025-10-01,76,True,True,0,,,0.7,20.0,optimal,2.45066009999573,2.450660799993784,0.0,0,0,16307.664624421875,533.9055933035798,16841.570217725457,17021.970211903834,17555.875805207415,213430.98721754606,0.0,56.73411862272189,0.0,0.0,0.0,False,False,False
main,deterministic,deterministic,2025-10-01,77,True,True,0,,,0.7,20.0,optimal,2.45066009999573,2.450660799993784,0.0,0,0,16307.664624421875,533.9055933035798,16841.570217725457,16055.089964950022,16588.995558253602,179393.7041753208,0.19948011092643453,55.45110322925155,0.0,0.0,0.0,False,False,False
main,deterministic,deterministic,2025-10-01,78,True,True,0,,,0.7,20.0,optimal,2.45066009999573,2.450660799993784,0.0,0,0,16307.664624421875,533.9055933035798,16841.570217725457,15983.14145971107,16517.047053014652,183915.42200273453,0.04097361460016202,54.25323651425728,0.0,0.0,0.0,False,False,False
main,deterministic,deterministic,2025-10-01,79,True,True,0,,,0.7,20.0,optimal,2.45066009999573,2.450660799993784,0.0,0,0,16307.664624421875,533.9055933035798,16841.570217725457,17052.119127582275,17586.024720885856,207125.8465588726,0.0,52.354137671256765,0.0,0.0,0.0,False,False,False
main,deterministic,deterministic,2025-10-01,80,True,True,0,,,0.7,20.0,optimal,2.45066009999573,2.450660799993784,0.0,0,0,16307.664624421875,533.9055933035798,16841.570217725457,16822.553885178953,17356.459478482535,206178.5723500696,0.0,52.65741817177139,0.0,0.0,0.0,False,False,False
main,deterministic,deterministic,2025-10-01,81,True,True,0,,,0.7,20.0,optimal,2.45066009999573,2.450660799993784,0.0,0,0,16307.664624421875,533.9055933035798,16841.570217725457,16572.257666916565,17106.163260220146,192085.91132989575,0.18229568757055842,62.171580495087376,0.0,0.0,0.0,False,False,False
main,deterministic,deterministic,2025-10-01,82,True,True,0,,,0.7,20.0,optimal,2.45066009999573,2.450660799993784,0.0,0,0,16307.664624421875,533.9055933035798,16841.570217725457,16050.495351170712,16584.40094447429,187293.07529868124,0.0,49.345597490319626,0.0,0.0,0.0,False,False,False
main,deterministic,deterministic,2025-10-01,83,True,True,0,,,0.7,20.0,optimal,2.45066009999573,2.450660799993784,0.0,0,0,16307.664624421875,533.9055933035798,16841.570217725457,16932.55046429632,17466.456057599902,209695.11149992124,0.5152925753368074,53.13368123158352,0.0,0.0,0.0,False,False,False
main,deterministic,deterministic,2025-10-01,84,True,True,0,,,0.7,20.0,optimal,2.45066009999573,2.450660799993784,0.0,0,0,16307.664624421875,533.9055933035798,16841.570217725457,17262.9330800129,17796.83867331648,209654.30997804998,0.774034241782884,51.513591813576,0.0,0.0,0.0,False,False,False
main,deterministic,deterministic,2025-10-01,85,True,True,0,,,0.7,20.0,optimal,2.45066009999573,2.450660799993784,0.0,0,0,16307.664624421875,533.9055933035798,16841.570217725457,16670.845386693552,17204.750979997134,198970.462715686,0.29326929963002524,60.71270693959813,0.0,0.0,0.0,False,False,False
main,deterministic,deterministic,2025-10-01,86,True,True,0,,,0.7,20.0,optimal,2.45066009999573,2.450660799993784,0.0,0,0,16307.664624421875,533.9055933035798,16841.570217725457,16680.212649444256,17214.118242747838,197544.78314909007,0.0,48.53039472371304,0.0,0.0,0.0,False,False,False
main,deterministic,deterministic,2025-10-01,87,True,True,0,,,0.7,20.0,optimal,2.45066009999573,2.450660799993784,0.0,0,0,16307.664624421875,533.9055933035798,16841.570217725457,15617.065704449371,16150.97129775295,174667.81833097938,0.004742950326517337,54.437467468126286,0.0,0.0,0.0,False,False,False
main,deterministic,deterministic,2025-10-01,88,True,True,0,,,0.7,20.0,optimal,2.45066009999573,2.450660799993784,0.0,0,0,16307.664624421875,533.9055933035798,16841.570217725457,16013.796571825007,16547.702165128587,177837.81902014915,0.034866124793479836,59.171772618142136,0.0,0.0,0.0,False,False,False
main,deterministic,deterministic,2025-10-01,89,True,True,0,,,0.7,20.0,optimal,2.45066009999573,2.450660799993784,0.0,0,0,16307.664624421875,533.9055933035798,16841.570217725457,16441.999469785616,16975.905063089198,194316.01534757068,0.0,56.13763417928518,0.0,0.0,0.0,False,False,False
main,deterministic,deterministic,2025-10-01,90,True,True,0,,,0.7,20.0,optimal,2.45066009999573,2.450660799993784,0.0,0,0,16307.664624421875,533.9055933035798,16841.570217725457,16220.113068642226,16754.018661945807,189673.44049470397,0.0493037221340758,59.15165763793408,0.0,0.0,0.0,False,False,False
main,deterministic,deterministic,2025-10-01,91,True,True,0,,,0.7,20.0,optimal,2.45066009999573,2.450660799993784,0.0,0,0,16307.664624421875,533.9055933035798,16841.570217725457,15526.841965010726,16060.747558314306,167882.64468597565,0.5831021171636801,54.97195766718751,0.0,0.0,0.0,False,False,False
main,deterministic,deterministic,2025-10-01,92,True,True,0,,,0.7,20.0,optimal,2.45066009999573,2.450660799993784,0.0,0,0,16307.664624421875,533.9055933035798,16841.570217725457,16318.144218990521,16852.049812294103,182737.06403739695,0.0,44.42553040935448,0.0,0.0,0.0,False,False,False
main,deterministic,deterministic,2025-10-01,93,True,True,0,,,0.7,20.0,optimal,2.45066009999573,2.450660799993784,0.0,0,0,16307.664624421875,533.9055933035798,16841.570217725457,16218.958602512812,16752.864195816393,195470.0093758702,0.6286250921557219,56.71290761465362,0.0,0.0,0.0,False,False,False
main,deterministic,deterministic,2025-10-01,94,True,True,0,,,0.7,20.0,optimal,2.45066009999573,2.450660799993784,0.0,0,0,16307.664624421875,533.9055933035798,16841.570217725457,15913.682270600651,16447.58786390423,185706.82390952905,0.0,101.05981290459131,0.0,0.0,0.90098766200825,False,False,True
main,deterministic,deterministic,2025-10-01,95,True,True,0,,,0.7,20.0,optimal,2.45066009999573,2.450660799993784,0.0,0,0,16307.664624421875,533.9055933035798,16841.570217725457,15942.895326608981,16476.800919912563,182772.0651740415,0.0,57.52125565279138,0.0,0.0,0.0,False,False,False
main,deterministic,deterministic,2025-10-01,96,True,True,0,,,0.7,20.0,optimal,2.45066009999573,2.450660799993784,0.0,0,0,16307.664624421875,533.9055933035798,16841.570217725457,16143.195252941414,16677.100846244994,189095.6410871761,0.12406774906877113,52.5530258021989,0.0,0.00045145804355706254,0.0,False,True,False
main,deterministic,deterministic,2025-10-01,97,True,True,0,,,0.7,20.0,optimal,2.45066009999573,2.450660799993784,0.0,0,0,16307.664624421875,533.9055933035798,16841.570217725457,16169.142759566901,16703.048352870483,187262.30714940155,0.0,56.369188557958616,0.0,0.0,0.0,False,False,False
main,deterministic,deterministic,2025-10-01,98,True,True,0,,,0.7,20.0,optimal,2.45066009999573,2.450660799993784,0.0,0,0,16307.664624421875,533.9055933035798,16841.570217725457,16294.438380944886,16828.343974248466,187589.3622696559,0.0,48.097128441600454,0.0,0.0,0.0,False,False,False
main,deterministic,deterministic,2025-10-01,99,True,True,0,,,0.7,20.0,optimal,2.45066009999573,2.450660799993784,0.0,0,0,16307.664624421875,533.9055933035798,16841.570217725457,16036.129065569423,16570.034658873003,184708.66503363673,0.20284949585426038,56.01189313110661,0.0,0.0,0.0,False,False,False
main,tv_dro_rho_0p01,tv_dro,2025-01-01,0,True,True,20,,0.01,0.7,20.0,optimal_decomposed,77.46086670000659,77.45990929999971,0.0,1,2,15664.81197399028,174.34157851920855,15839.153552509488,14832.11366860157,15006.455247120779,170162.2015585077,0.7281182697567887,51.15938169179635,0.0,0.0,0.0,False,False,False
main,tv_dro_rho_0p01,tv_dro,2025-01-01,1,True,True,20,,0.01,0.7,20.0,optimal_decomposed,77.46086670000659,77.45990929999971,0.0,1,2,15664.81197399028,174.34157851920855,15839.153552509488,15841.166186660335,16015.507765179544,190417.23908093327,0.08684864855887026,57.84729829001175,0.0,0.0,0.0,False,False,False
main,tv_dro_rho_0p01,tv_dro,2025-01-01,2,True,True,20,,0.01,0.7,20.0,optimal_decomposed,77.46086670000659,77.45990929999971,0.0,1,2,15664.81197399028,174.34157851920855,15839.153552509488,15498.57454135681,15672.916119876018,180773.4571643936,0.08188014820472636,45.05538710327439,0.0,0.0,0.0,False,False,False
main,tv_dro_rho_0p01,tv_dro,2025-01-01,3,True,True,20,,0.01,0.7,20.0,optimal_decomposed,77.46086670000659,77.45990929999971,0.0,1,2,15664.81197399028,174.34157851920855,15839.153552509488,15722.802299843232,15897.14387836244,189720.73725189955,0.0,51.80665773721203,0.0,0.0,0.0,False,False,False
main,tv_dro_rho_0p01,tv_dro,2025-01-01,4,True,True,20,,0.01,0.7,20.0,optimal_decomposed,77.46086670000659,77.45990929999971,0.0,1,2,15664.81197399028,174.34157851920855,15839.153552509488,15643.0660625444,15817.407641063608,185318.0644022235,0.0632302808889269,49.73660610188082,0.0,0.0,0.0,False,False,False
main,tv_dro_rho_0p01,tv_dro,2025-01-01,5,True,True,20,,0.01,0.7,20.0,optimal_decomposed,77.46086670000659,77.45990929999971,0.0,1,2,15664.81197399028,174.34157851920855,15839.153552509488,16040.224227801753,16214.565806320961,200946.4929802215,0.0,53.760324613050656,0.0,0.0,0.0,False,False,False
main,tv_dro_rho_0p01,tv_dro,2025-01-01,6,True,True,20,,0.01,0.7,20.0,optimal_decomposed,77.46086670000659,77.45990929999971,0.0,1,2,15664.81197399028,174.34157851920855,15839.153552509488,15936.458788115564,16110.800366634772,194205.9385205809,0.10346398882538343,47.12215681346564,0.0,0.0,0.0,False,False,False
main,tv_dro_rho_0p01,tv_dro,2025-01-01,7,True,True,20,,0.01,0.7,20.0,optimal_decomposed,77.46086670000659,77.45990929999971,0.0,1,2,15664.81197399028,174.34157851920855,15839.153552509488,15293.763148071594,15468.104726590802,175692.34944694102,0.019384031851351097,49.78496784817788,0.0,0.0,0.0,False,False,False
main,tv_dro_rho_0p01,tv_dro,2025-01-01,8,True,True,20,,0.01,0.7,20.0,optimal_decomposed,77.46086670000659,77.45990929999971,0.0,1,2,15664.81197399028,174.34157851920855,15839.153552509488,15837.50565563411,16011.847234153318,190245.88983981268,0.15842303005788594,52.37662318539487,0.0,0.0,0.0,False,False,False
main,tv_dro_rho_0p01,tv_dro,2025-01-01,9,True,True,20,,0.01,0.7,20.0,optimal_decomposed,77.46086670000659,77.45990929999971,0.0,1,2,15664.81197399028,174.34157851920855,15839.153552509488,15840.121984018915,16014.463562538123,192714.0522073988,0.03048889653098863,59.642053703841555,0.0,0.0,0.0,False,False,False
main,tv_dro_rho_0p01,tv_dro,2025-01-01,10,True,True,20,,0.01,0.7,20.0,optimal_decomposed,77.46086670000659,77.45990929999971,0.0,1,2,15664.81197399028,174.34157851920855,15839.153552509488,15510.55545506624,15684.897033585448,183554.66908760188,0.3421670266642495,51.972087455697384,0.0,0.0,0.0,False,False,False
main,tv_dro_rho_0p01,tv_dro,2025-01-01,11,True,True,20,,0.01,0.7,20.0,optimal_decomposed,77.46086670000659,77.45990929999971,0.0,1,2,15664.81197399028,174.34157851920855,15839.153552509488,15264.539005209479,15438.880583728687,183436.51253371002,0.00316476189314141,42.83497494822606,0.0,0.0,0.0,False,False,False
main,tv_dro_rho_0p01,tv_dro,2025-01-01,12,True,True,20,,0.01,0.7,20.0,optimal_decomposed,77.46086670000659,77.45990929999971,0.0,1,2,15664.81197399028,174.34157851920855,15839.153552509488,15855.989998221927,16030.331576741135,195914.46566953114,0.0,44.58840945527538,0.0,0.0,0.0,False,False,False
main,tv_dro_rho_0p01,tv_dro,2025-01-01,13,True,True,20,,0.01,0.7,20.0,optimal_decomposed,77.46086670000659,77.45990929999971,0.0,1,2,15664.81197399028,174.34157851920855,15839.153552509488,16096.646307980756,16270.987886499965,198443.09411659886,0.34109898145426565,53.475078834401174,0.0,0.0,0.0,False,False,False
main,tv_dro_rho_0p01,tv_dro,2025-01-01,14,True,True,20,,0.01,0.7,20.0,optimal_decomposed,77.46086670000659,77.45990929999971,0.0,1,2,15664.81197399028,174.34157851920855,15839.153552509488,15343.082290641936,15517.423869161144,178205.45753078925,0.2115377166082063,50.84093239100662,0.0,0.0,0.0,False,False,False
main,tv_dro_rho_0p01,tv_dro,2025-01-01,15,True,True,20,,0.01,0.7,20.0,optimal_decomposed,77.46086670000659,77.45990929999971,0.0,1,2,15664.81197399028,174.34157851920855,15839.153552509488,15347.673912867387,15522.015491386595,174292.37075968142,0.021678658843421378,44.97956028470542,0.0,0.0,0.0,False,False,False
main,tv_dro_rho_0p01,tv_dro,2025-01-01,16,True,True,20,,0.01,0.7,20.0,optimal_decomposed,77.46086670000659,77.45990929999971,0.0,1,2,15664.81197399028,174.34157851920855,15839.153552509488,15074.10652954462,15248.448108063829,170863.09052364895,0.03606366855062573,47.24927380559116,0.0,0.0,0.0,False,False,False
main,tv_dro_rho_0p01,tv_dro,2025-01-01,17,True,True,20,,0.01,0.7,20.0,optimal_decomposed,77.46086670000659,77.45990929999971,0.0,1,2,15664.81197399028,174.34157851920855,15839.153552509488,15323.59490230833,15497.936480827539,177948.90889517905,0.11524825228210123,56.18155242766291,0.0,0.0,0.0,False,False,False
main,tv_dro_rho_0p01,tv_dro,2025-01-01,18,True,True,20,,0.01,0.7,20.0,optimal_decomposed,77.46086670000659,77.45990929999971,0.0,1,2,15664.81197399028,174.34157851920855,15839.153552509488,15705.58605519618,15879.927633715388,190225.78115358198,0.0,55.001053487369916,0.0,0.0,0.0,False,False,False
main,tv_dro_rho_0p01,tv_dro,2025-01-01,19,True,True,20,,0.01,0.7,20.0,optimal_decomposed,77.46086670000659,77.45990929999971,0.0,1,2,15664.81197399028,174.34157851920855,15839.153552509488,15572.25021308994,15746.591791609148,189493.92017869125,0.09808048998735885,52.046411623050275,0.0,0.0,0.0,False,False,False
main,tv_dro_rho_0p01,tv_dro,2025-01-01,20,True,True,20,,0.01,0.7,20.0,optimal_decomposed,77.46086670000659,77.45990929999971,0.0,1,2,15664.81197399028,174.34157851920855,15839.153552509488,16104.037868486324,16278.379447005533,194006.37730929785,0.0,46.8977390473891,0.0,0.0,0.0,False,False,False
main,tv_dro_rho_0p01,tv_dro,2025-01-01,21,True,True,20,,0.01,0.7,20.0,optimal_decomposed,77.46086670000659,77.45990929999971,0.0,1,2,15664.81197399028,174.34157851920855,15839.153552509488,15162.006915250304,15336.348493769512,174884.1148815649,0.14558437698452803,44.891568263867896,0.0,0.0,0.0,False,False,False
main,tv_dro_rho_0p01,tv_dro,2025-01-01,22,True,True,20,,0.01,0.7,20.0,optimal_decomposed,77.46086670000659,77.45990929999971,0.0,1,2,15664.81197399028,174.34157851920855,15839.153552509488,15833.826074124845,16008.167652644053,190411.5432406669,0.026577847206338046,49.90730621280238,0.0,0.0,0.0,False,False,False
main,tv_dro_rho_0p01,tv_dro,2025-01-01,23,True,True,20,,0.01,0.7,20.0,optimal_decomposed,77.46086670000659,77.45990929999971,0.0,1,2,15664.81197399028,174.34157851920855,15839.153552509488,15916.072995086011,16090.41457360522,189947.69070612558,0.0,48.47907627602078,0.0,0.0,0.0,False,False,False
main,tv_dro_rho_0p01,tv_dro,2025-01-01,24,True,True,20,,0.01,0.7,20.0,optimal_decomposed,77.46086670000659,77.45990929999971,0.0,1,2,15664.81197399028,174.34157851920855,15839.153552509488,15315.519033335175,15489.860611854383,180406.34626057767,0.10567313604808662,52.67686536795421,0.0,0.0,0.0,False,False,False
main,tv_dro_rho_0p01,tv_dro,2025-01-01,25,True,True,20,,0.01,0.7,20.0,optimal_decomposed,77.46086670000659,77.45990929999971,0.0,1,2,15664.81197399028,174.34157851920855,15839.153552509488,16809.519031686406,16983.860610205615,221311.59388977668,0.0,46.135379248111064,0.0,0.0,0.0,False,False,False
main,tv_dro_rho_0p01,tv_dro,2025-01-01,26,True,True,20,,0.01,0.7,20.0,optimal_decomposed,77.46086670000659,77.45990929999971,0.0,1,2,15664.81197399028,174.34157851920855,15839.153552509488,15816.113259707501,15990.45483822671,186481.08704344154,0.16005282596429318,55.172218597962015,0.0,0.0,0.0,False,False,False
main,tv_dro_rho_0p01,tv_dro,2025-01-01,27,True,True,20,,0.01,0.7,20.0,optimal_decomposed,77.46086670000659,77.45990929999971,0.0,1,2,15664.81197399028,174.34157851920855,15839.153552509488,14543.332480017318,14717.674058536526,169093.80851064998,0.41062498679103615,54.71865125245286,0.0,0.0,0.0,False,False,False
main,tv_dro_rho_0p01,tv_dro,2025-01-01,28,True,True,20,,0.01,0.7,20.0,optimal_decomposed,77.46086670000659,77.45990929999971,0.0,1,2,15664.81197399028,174.34157851920855,15839.153552509488,15616.391945801068,15790.733524320276,185814.17063219313,0.013328971990677202,40.59943223089264,0.0,0.0,0.0,False,False,False
main,tv_dro_rho_0p01,tv_dro,2025-01-01,29,True,True,20,,0.01,0.7,20.0,optimal_decomposed,77.46086670000659,77.45990929999971,0.0,1,2,15664.81197399028,174.34157851920855,15839.153552509488,15882.475610013627,16056.817188532836,195771.88608143895,0.030916769877295164,39.76923700184651,0.0,0.0,0.0,False,False,False
main,tv_dro_rho_0p01,tv_dro,2025-01-01,30,True,True,20,,0.01,0.7,20.0,optimal_decomposed,77.46086670000659,77.45990929999971,0.0,1,2,15664.81197399028,174.34157851920855,15839.153552509488,14998.082894158528,15172.424472677736,165161.84125733864,0.0,46.36368172226838,0.0,0.0,0.0,False,False,False
main,tv_dro_rho_0p01,tv_dro,2025-01-01,31,True,True,20,,0.01,0.7,20.0,optimal_decomposed,77.46086670000659,77.45990929999971,0.0,1,2,15664.81197399028,174.34157851920855,15839.153552509488,15898.189407073902,16072.53098559311,202141.03602567976,0.016464618731668823,50.27088006795035,0.0,0.0,0.0,False,False,False
main,tv_dro_rho_0p01,tv_dro,2025-01-01,32,True,True,20,,0.01,0.7,20.0,optimal_decomposed,77.46086670000659,77.45990929999971,0.0,1,2,15664.81197399028,174.34157851920855,15839.153552509488,15675.807295493587,15850.148874012795,184424.93681148408,0.0,49.00613652626271,0.0,0.0,0.0,False,False,False
main,tv_dro_rho_0p01,tv_dro,2025-01-01,33,True,True,20,,0.01,0.7,20.0,optimal_decomposed,77.46086670000659,77.45990929999971,0.0,1,2,15664.81197399028,174.34157851920855,15839.153552509488,16907.31763360138,17081.659212120587,219904.41879951005,0.04697440711880671,61.56254046638759,0.0,0.0,0.0,False,False,False
main,tv_dro_rho_0p01,tv_dro,2025-01-01,34,True,True,20,,0.01,0.7,20.0,optimal_decomposed,77.46086670000659,77.45990929999971,0.0,1,2,15664.81197399028,174.34157851920855,15839.153552509488,16128.814797807574,16303.156376326782,194342.29672807982,0.4828118072559311,51.862788910174714,0.0,0.0,0.0,False,False,False
main,tv_dro_rho_0p01,tv_dro,2025-01-01,35,True,True,20,,0.01,0.7,20.0,optimal_decomposed,77.46086670000659,77.45990929999971,0.0,1,2,15664.81197399028,174.34157851920855,15839.153552509488,14898.549566924694,15072.891145443902,176506.43016343418,0.0,55.13109415145799,0.0,0.0,0.0,False,False,False
main,tv_dro_rho_0p01,tv_dro,2025-01-01,36,True,True,20,,0.01,0.7,20.0,optimal_decomposed,77.46086670000659,77.45990929999971,0.0,1,2,15664.81197399028,174.34157851920855,15839.153552509488,15202.096993703986,15376.438572223195,174600.20840224836,0.0,54.48587543600241,0.0,0.0,0.0,False,False,False
main,tv_dro_rho_0p01,tv_dro,2025-01-01,37,True,True,20,,0.01,0.7,20.0,optimal_decomposed,77.46086670000659,77.45990929999971,0.0,1,2,15664.81197399028,174.34157851920855,15839.153552509488,15481.146991856805,15655.488570376014,183204.40612082972,0.0,41.6010891749153,0.0,0.0,0.0,False,False,False
main,tv_dro_rho_0p01,tv_dro,2025-01-01,38,True,True,20,,0.01,0.7,20.0,optimal_decomposed,77.46086670000659,77.45990929999971,0.0,1,2,15664.81197399028,174.34157851920855,15839.153552509488,15440.044613755173,15614.386192274382,184868.69301072997,0.0,49.12385028359136,0.0,0.0,0.0,False,False,False
main,tv_dro_rho_0p01,tv_dro,2025-01-01,39,True,True,20,,0.01,0.7,20.0,optimal_decomposed,77.46086670000659,77.45990929999971,0.0,1,2,15664.81197399028,174.34157851920855,15839.153552509488,15664.685574325102,15839.02715284431,195320.60574247743,0.057814929904075885,41.06246127018632,0.0,0.0,0.0,False,False,False
main,tv_dro_rho_0p01,tv_dro,2025-01-01,40,True,True,20,,0.01,0.7,20.0,optimal_decomposed,77.46086670000659,77.45990929999971,0.0,1,2,15664.81197399028,174.34157851920855,15839.153552509488,16159.55889670054,16333.900475219749,196295.50651722847,0.0,43.10208730247653,0.0,0.0,0.0,False,False,False
main,tv_dro_rho_0p01,tv_dro,2025-01-01,41,True,True,20,,0.01,0.7,20.0,optimal_decomposed,77.46086670000659,77.45990929999971,0.0,1,2,15664.81197399028,174.34157851920855,15839.153552509488,15604.91010930862,15779.251687827827,191153.76172028223,0.012079901919028635,37.18975915175718,0.0,0.0,0.0,False,False,False
main,tv_dro_rho_0p01,tv_dro,2025-01-01,42,True,True,20,,0.01,0.7,20.0,optimal_decomposed,77.46086670000659,77.45990929999971,0.0,1,2,15664.81197399028,174.34157851920855,15839.153552509488,16260.319187919438,16434.660766438647,192141.15906906,0.0,55.00037621183572,0.0,0.0,0.0,False,False,False
main,tv_dro_rho_0p01,tv_dro,2025-01-01,43,True,True,20,,0.01,0.7,20.0,optimal_decomposed,77.46086670000659,77.45990929999971,0.0,1,2,15664.81197399028,174.34157851920855,15839.153552509488,15071.73366313034,15246.075241649549,172284.31210175334,0.13724718452205356,53.07194992334041,0.0,0.0,0.0,False,False,False
main,tv_dro_rho_0p01,tv_dro,2025-01-01,44,True,True,20,,0.01,0.7,20.0,optimal_decomposed,77.46086670000659,77.45990929999971,0.0,1,2,15664.81197399028,174.34157851920855,15839.153552509488,15253.498692708912,15427.84027122812,180100.55275666952,0.2173192735070159,49.881614732122614,0.0,0.0,0.0,False,False,False
main,tv_dro_rho_0p01,tv_dro,2025-01-01,45,True,True,20,,0.01,0.7,20.0,optimal_decomposed,77.46086670000659,77.45990929999971,0.0,1,2,15664.81197399028,174.34157851920855,15839.153552509488,16331.09904845771,16505.44062697692,196698.58101611573,0.17832304096206386,54.844685327462194,0.0,0.0,0.0,False,False,False
main,tv_dro_rho_0p01,tv_dro,2025-01-01,46,True,True,20,,0.01,0.7,20.0,optimal_decomposed,77.46086670000659,77.45990929999971,0.0,1,2,15664.81197399028,174.34157851920855,15839.153552509488,15790.078630569747,15964.420209088956,188935.5453637033,0.1519928808573402,50.56255741535132,0.0,0.0,0.0,False,False,False
main,tv_dro_rho_0p01,tv_dro,2025-01-01,47,True,True,20,,0.01,0.7,20.0,optimal_decomposed,77.46086670000659,77.45990929999971,0.0,1,2,15664.81197399028,174.34157851920855,15839.153552509488,15733.682410092868,15908.023988612076,195727.32948291858,0.0,51.54527210290054,0.0,0.0,0.0,False,False,False
main,tv_dro_rho_0p01,tv_dro,2025-01-01,48,True,True,20,,0.01,0.7,20.0,optimal_decomposed,77.46086670000659,77.45990929999971,0.0,1,2,15664.81197399028,174.34157851920855,15839.153552509488,16097.931685799802,16272.27326431901,206765.86281827575,0.0,48.240262645018895,0.0,0.0,0.0,False,False,False
main,tv_dro_rho_0p01,tv_dro,2025-01-01,49,True,True,20,,0.01,0.7,20.0,optimal_decomposed,77.46086670000659,77.45990929999971,0.0,1,2,15664.81197399028,174.34157851920855,15839.153552509488,16016.283652605818,16190.625231125026,200926.29177570785,0.04570459077504027,51.4034629262144,0.0,0.0,0.0,False,False,False
main,tv_dro_rho_0p01,tv_dro,2025-01-01,50,True,True,20,,0.01,0.7,20.0,optimal_decomposed,77.46086670000659,77.45990929999971,0.0,1,2,15664.81197399028,174.34157851920855,15839.153552509488,15656.605809139543,15830.94738765875,188876.32703541825,0.0,56.09789996471321,0.0,0.0,0.0,False,False,False
main,tv_dro_rho_0p01,tv_dro,2025-01-01,51,True,True,20,,0.01,0.7,20.0,optimal_decomposed,77.46086670000659,77.45990929999971,0.0,1,2,15664.81197399028,174.34157851920855,15839.153552509488,15583.926028548705,15758.267607067914,179703.68339160713,0.0,49.01062136303216,0.0,0.0,0.0,False,False,False
main,tv_dro_rho_0p01,tv_dro,2025-01-01,52,True,True,20,,0.01,0.7,20.0,optimal_decomposed,77.46086670000659,77.45990929999971,0.0,1,2,15664.81197399028,174.34157851920855,15839.153552509488,16236.650508590707,16410.992087109917,201668.20475760047,0.46116576506395424,56.26227674729276,0.0,0.0,0.0,False,False,False
main,tv_dro_rho_0p01,tv_dro,2025-01-01,53,True,True,20,,0.01,0.7,20.0,optimal_decomposed,77.46086670000659,77.45990929999971,0.0,1,2,15664.81197399028,174.34157851920855,15839.153552509488,15447.373268561756,15621.714847080964,183055.66647240304,0.0,44.33925184507779,0.0,0.0,0.0,False,False,False
main,tv_dro_rho_0p01,tv_dro,2025-01-01,54,True,True,20,,0.01,0.7,20.0,optimal_decomposed,77.46086670000659,77.45990929999971,0.0,1,2,15664.81197399028,174.34157851920855,15839.153552509488,15992.223003840987,16166.564582360195,201210.81882242227,0.0,46.23906332169241,0.0,0.0,0.0,False,False,False
main,tv_dro_rho_0p01,tv_dro,2025-01-01,55,True,True,20,,0.01,0.7,20.0,optimal_decomposed,77.46086670000659,77.45990929999971,0.0,1,2,15664.81197399028,174.34157851920855,15839.153552509488,15638.69118534668,15813.03276386589,185355.7349424719,0.1465514522543745,55.221909553295596,0.0,0.0,0.0,False,False,False
main,tv_dro_rho_0p01,tv_dro,2025-01-01,56,True,True,20,,0.01,0.7,20.0,optimal_decomposed,77.46086670000659,77.45990929999971,0.0,1,2,15664.81197399028,174.34157851920855,15839.153552509488,15955.453630446475,16129.795208965683,192509.0828184739,0.00531490235267737,40.14602186761487,0.0,0.0,0.0,False,False,False
main,tv_dro_rho_0p01,tv_dro,2025-01-01,57,True,True,20,,0.01,0.7,20.0,optimal_decomposed,77.46086670000659,77.45990929999971,0.0,1,2,15664.81197399028,174.34157851920855,15839.153552509488,15630.402495487333,15804.744074006541,184845.33648056773,0.0,50.15024016358464,0.0,0.0,0.0,False,False,False
main,tv_dro_rho_0p01,tv_dro,2025-01-01,58,True,True,20,,0.01,0.7,20.0,optimal_decomposed,77.46086670000659,77.45990929999971,0.0,1,2,15664.81197399028,174.34157851920855,15839.153552509488,16232.59124756489,16406.9328260841,205794.5416704212,0.08597396612886121,57.41742399918907,0.0,0.0,0.0,False,False,False
main,tv_dro_rho_0p01,tv_dro,2025-01-01,59,True,True,20,,0.01,0.7,20.0,optimal_decomposed,77.46086670000659,77.45990929999971,0.0,1,2,15664.81197399028,174.34157851920855,15839.153552509488,16303.124361718073,16477.46594023728,206631.21580311167,0.0,53.072146798615,0.0,0.0,0.0,False,False,False
main,tv_dro_rho_0p01,tv_dro,2025-01-01,60,True,True,20,,0.01,0.7,20.0,optimal_decomposed,77.46086670000659,77.45990929999971,0.0,1,2,15664.81197399028,174.34157851920855,15839.153552509488,15716.504176818326,15890.845755337534,194461.02117924424,0.07273788038766604,51.748389366797035,0.0,0.0,0.0,False,False,False
main,tv_dro_rho_0p01,tv_dro,2025-01-01,61,True,True,20,,0.01,0.7,20.0,optimal_decomposed,77.46086670000659,77.45990929999971,0.0,1,2,15664.81197399028,174.34157851920855,15839.153552509488,15604.25274040618,15778.594318925389,190438.4641095535,0.03200460281438236,42.258568532413484,0.0,0.0,0.0,False,False,False
main,tv_dro_rho_0p01,tv_dro,2025-01-01,62,True,True,20,,0.01,0.7,20.0,optimal_decomposed,77.46086670000659,77.45990929999971,0.0,1,2,15664.81197399028,174.34157851920855,15839.153552509488,15030.845182657764,15205.186761176972,175728.81740983014,0.11120945945039218,55.11526029682517,0.0,0.0,0.0,False,False,False
main,tv_dro_rho_0p01,tv_dro,2025-01-01,63,True,True,20,,0.01,0.7,20.0,optimal_decomposed,77.46086670000659,77.45990929999971,0.0,1,2,15664.81197399028,174.34157851920855,15839.153552509488,15702.608751180145,15876.950329699353,184957.90418460168,0.06945584855482481,55.70268903497302,0.0,0.0,0.0,False,False,False
main,tv_dro_rho_0p01,tv_dro,2025-01-01,64,True,True,20,,0.01,0.7,20.0,optimal_decomposed,77.46086670000659,77.45990929999971,0.0,1,2,15664.81197399028,174.34157851920855,15839.153552509488,15408.633405042967,15582.974983562175,173842.17316561777,0.08966492577927723,49.73690638700551,0.0,0.0,0.0,False,False,False
main,tv_dro_rho_0p01,tv_dro,2025-01-01,65,True,True,20,,0.01,0.7,20.0,optimal_decomposed,77.46086670000659,77.45990929999971,0.0,1,2,15664.81197399028,174.34157851920855,15839.153552509488,15900.193717939082,16074.53529645829,189640.8866686257,0.056542801966318335,53.820382211286045,0.0,0.0,0.0,False,False,False
main,tv_dro_rho_0p01,tv_dro,2025-01-01,66,True,True,20,,0.01,0.7,20.0,optimal_decomposed,77.46086670000659,77.45990929999971,0.0,1,2,15664.81197399028,174.34157851920855,15839.153552509488,15808.036561782106,15982.378140301314,193218.59913030313,0.0,57.25871680718365,0.0,0.0,0.0,False,False,False
main,tv_dro_rho_0p01,tv_dro,2025-01-01,67,True,True,20,,0.01,0.7,20.0,optimal_decomposed,77.46086670000659,77.45990929999971,0.0,1,2,15664.81197399028,174.34157851920855,15839.153552509488,15111.24978800641,15285.591366525618,169652.41017788995,0.0,50.773800892571366,0.0,0.0,0.0,False,False,False
main,tv_dro_rho_0p01,tv_dro,2025-01-01,68,True,True,20,,0.01,0.7,20.0,optimal_decomposed,77.46086670000659,77.45990929999971,0.0,1,2,15664.81197399028,174.34157851920855,15839.153552509488,16870.185132715702,17044.52671123491,214168.4646788158,0.0,55.24738193973821,0.0,0.0,0.0,False,False,False
main,tv_dro_rho_0p01,tv_dro,2025-01-01,69,True,True,20,,0.01,0.7,20.0,optimal_decomposed,77.46086670000659,77.45990929999971,0.0,1,2,15664.81197399028,174.34157851920855,15839.153552509488,16153.565639734477,16327.907218253686,208064.06964556317,0.0,51.76584786908613,0.0,0.0,0.0,False,False,False
main,tv_dro_rho_0p01,tv_dro,2025-01-01,70,True,True,20,,0.01,0.7,20.0,optimal_decomposed,77.46086670000659,77.45990929999971,0.0,1,2,15664.81197399028,174.34157851920855,15839.153552509488,15967.878287910109,16142.219866429317,201933.16083545232,0.0,54.78991076714903,0.0,0.0,0.0,False,False,False
main,tv_dro_rho_0p01,tv_dro,2025-01-01,71,True,True,20,,0.01,0.7,20.0,optimal_decomposed,77.46086670000659,77.45990929999971,0.0,1,2,15664.81197399028,174.34157851920855,15839.153552509488,15661.56976401507,15835.911342534278,182017.16991765486,0.008352711610149222,57.06672198444837,0.0,0.0,0.0,False,False,False
main,tv_dro_rho_0p01,tv_dro,2025-01-01,72,True,True,20,,0.01,0.7,20.0,optimal_decomposed,77.46086670000659,77.45990929999971,0.0,1,2,15664.81197399028,174.34157851920855,15839.153552509488,15329.678681241543,15504.020259760751,181495.41240337066,0.0,58.48689865724184,0.0,0.0,0.0,False,False,False
main,tv_dro_rho_0p01,tv_dro,2025-01-01,73,True,True,20,,0.01,0.7,20.0,optimal_decomposed,77.46086670000659,77.45990929999971,0.0,1,2,15664.81197399028,174.34157851920855,15839.153552509488,15438.457408286367,15612.798986805576,184154.04145015712,0.02226089584332297,48.41078904313054,0.0,0.0,0.0,False,False,False
main,tv_dro_rho_0p01,tv_dro,2025-01-01,74,True,True,20,,0.01,0.7,20.0,optimal_decomposed,77.46086670000659,77.45990929999971,0.0,1,2,15664.81197399028,174.34157851920855,15839.153552509488,15223.00562408246,15397.347202601668,172671.15561254718,0.0,52.94205522226403,0.0,0.0,0.0,False,False,False
main,tv_dro_rho_0p01,tv_dro,2025-01-01,75,True,True,20,,0.01,0.7,20.0,optimal_decomposed,77.46086670000659,77.45990929999971,0.0,1,2,15664.81197399028,174.34157851920855,15839.153552509488,15660.651401428076,15834.992979947285,191025.13933409203,0.17896047596245424,50.63631232923715,0.0,0.0,0.0,False,False,False
main,tv_dro_rho_0p01,tv_dro,2025-01-01,76,True,True,20,,0.01,0.7,20.0,optimal_decomposed,77.46086670000659,77.45990929999971,0.0,1,2,15664.81197399028,174.34157851920855,15839.153552509488,15926.071003179744,16100.412581698953,210807.3167318904,0.0,51.139207777594024,0.0,0.0,0.0,False,False,False
main,tv_dro_rho_0p01,tv_dro,2025-01-01,77,True,True,20,,0.01,0.7,20.0,optimal_decomposed,77.46086670000659,77.45990929999971,0.0,1,2,15664.81197399028,174.34157851920855,15839.153552509488,15294.31150177544,15468.653080294649,173021.64374939943,0.0,46.23916576747567,0.0,0.0,0.0,False,False,False
main,tv_dro_rho_0p01,tv_dro,2025-01-01,78,True,True,20,,0.01,0.7,20.0,optimal_decomposed,77.46086670000659,77.45990929999971,0.0,1,2,15664.81197399028,174.34157851920855,15839.153552509488,15290.531272854065,15464.872851373273,178129.04938741575,0.0,49.84934499044501,0.0,0.0,0.0,False,False,False
main,tv_dro_rho_0p01,tv_dro,2025-01-01,79,True,True,20,,0.01,0.7,20.0,optimal_decomposed,77.46086670000659,77.45990929999971,0.0,1,2,15664.81197399028,174.34157851920855,15839.153552509488,16276.94964737546,16451.29122589467,199956.3608508209,0.20390619040131663,48.258826638872485,0.0,0.0,0.0,False,False,False
main,tv_dro_rho_0p01,tv_dro,2025-01-01,80,True,True,20,,0.01,0.7,20.0,optimal_decomposed,77.46086670000659,77.45990929999971,0.0,1,2,15664.81197399028,174.34157851920855,15839.153552509488,16055.014142004015,16229.355720523223,201176.08715618736,0.0,49.375167716483276,0.0,0.0,0.0,False,False,False
main,tv_dro_rho_0p01,tv_dro,2025-01-01,81,True,True,20,,0.01,0.7,20.0,optimal_decomposed,77.46086670000659,77.45990929999971,0.0,1,2,15664.81197399028,174.34157851920855,15839.153552509488,15666.4539820918,15840.795560611008,185230.90213874678,0.124687834387083,58.79627485118109,0.0,0.0,0.0,False,False,False
main,tv_dro_rho_0p01,tv_dro,2025-01-01,82,True,True,20,,0.01,0.7,20.0,optimal_decomposed,77.46086670000659,77.45990929999971,0.0,1,2,15664.81197399028,174.34157851920855,15839.153552509488,15352.867732919276,15527.209311438484,183161.74615782444,0.07305403701739724,45.031712130329154,0.0,0.0,0.0,False,False,False
main,tv_dro_rho_0p01,tv_dro,2025-01-01,83,True,True,20,,0.01,0.7,20.0,optimal_decomposed,77.46086670000659,77.45990929999971,0.0,1,2,15664.81197399028,174.34157851920855,15839.153552509488,16039.567896791708,16213.909475310917,202869.83369985127,0.09065018156939603,43.85141095682769,0.0,0.0,0.0,False,False,False
main,tv_dro_rho_0p01,tv_dro,2025-01-01,84,True,True,20,,0.01,0.7,20.0,optimal_decomposed,77.46086670000659,77.45990929999971,0.0,1,2,15664.81197399028,174.34157851920855,15839.153552509488,15888.34753392461,16062.689112443819,203512.68942712815,0.11651222011883869,41.95274085587086,0.0,0.0,0.0,False,False,False
main,tv_dro_rho_0p01,tv_dro,2025-01-01,85,True,True,20,,0.01,0.7,20.0,optimal_decomposed,77.46086670000659,77.45990929999971,0.0,1,2,15664.81197399028,174.34157851920855,15839.153552509488,15846.660693729338,16021.002272248546,192788.39640533307,0.0,54.08187222365309,0.0,0.0,0.0,False,False,False
main,tv_dro_rho_0p01,tv_dro,2025-01-01,86,True,True,20,,0.01,0.7,20.0,optimal_decomposed,77.46086670000659,77.45990929999971,0.0,1,2,15664.81197399028,174.34157851920855,15839.153552509488,16052.160958896697,16226.502537415905,194991.1331290598,0.07687092651645885,44.659727908514675,0.0,0.0,0.0,False,False,False
main,tv_dro_rho_0p01,tv_dro,2025-01-01,87,True,True,20,,0.01,0.7,20.0,optimal_decomposed,77.46086670000659,77.45990929999971,0.0,1,2,15664.81197399028,174.34157851920855,15839.153552509488,15149.223230088137,15323.564808607345,171235.64300590078,0.15755769463181557,49.37727833059627,0.0,0.0,0.0,False,False,False
main,tv_dro_rho_0p01,tv_dro,2025-01-01,88,True,True,20,,0.01,0.7,20.0,optimal_decomposed,77.46086670000659,77.45990929999971,0.0,1,2,15664.81197399028,174.34157851920855,15839.153552509488,15814.358559071434,15988.700137590642,171892.45488600468,0.44248697752550203,57.7077450020588,0.0,0.0,0.0,False,False,False
main,tv_dro_rho_0p01,tv_dro,2025-01-01,89,True,True,20,,0.01,0.7,20.0,optimal_decomposed,77.46086670000659,77.45990929999971,0.0,1,2,15664.81197399028,174.34157851920855,15839.153552509488,16179.268683226954,16353.610261746162,190006.69280027892,0.0,49.89169251918939,0.0,0.0,0.0,False,False,False
main,tv_dro_rho_0p01,tv_dro,2025-01-01,90,True,True,20,,0.01,0.7,20.0,optimal_decomposed,77.46086670000659,77.45990929999971,0.0,1,2,15664.81197399028,174.34157851920855,15839.153552509488,15308.517341395318,15482.858919914526,184245.80669133182,0.14272223111062188,55.06057370560426,0.0,0.0,0.0,False,False,False
main,tv_dro_rho_0p01,tv_dro,2025-01-01,91,True,True,20,,0.01,0.7,20.0,optimal_decomposed,77.46086670000659,77.45990929999971,0.0,1,2,15664.81197399028,174.34157851920855,15839.153552509488,14931.89557388096,15106.237152400168,163140.34811903528,0.0,48.14205564661062,0.0,0.0,0.0,False,False,False
main,tv_dro_rho_0p01,tv_dro,2025-01-01,92,True,True,20,,0.01,0.7,20.0,optimal_decomposed,77.46086670000659,77.45990929999971,0.0,1,2,15664.81197399028,174.34157851920855,15839.153552509488,15791.596509109293,15965.938087628501,178303.34700843378,0.0,43.04031002488766,0.0,0.0,0.0,False,False,False
main,tv_dro_rho_0p01,tv_dro,2025-01-01,93,True,True,20,,0.01,0.7,20.0,optimal_decomposed,77.46086670000659,77.45990929999971,0.0,1,2,15664.81197399028,174.34157851920855,15839.153552509488,15557.27142956859,15731.613008087797,190592.86720400548,0.5418913849940208,50.797540496228386,0.0,0.0,0.0,False,False,False
main,tv_dro_rho_0p01,tv_dro,2025-01-01,94,True,True,20,,0.01,0.7,20.0,optimal_decomposed,77.46086670000659,77.45990929999971,0.0,1,2,15664.81197399028,174.34157851920855,15839.153552509488,15214.994207607528,15389.335786126736,180970.60763804067,0.021764084787162047,46.18522174433864,0.0,0.0,0.0,False,False,False
main,tv_dro_rho_0p01,tv_dro,2025-01-01,95,True,True,20,,0.01,0.7,20.0,optimal_decomposed,77.46086670000659,77.45990929999971,0.0,1,2,15664.81197399028,174.34157851920855,15839.153552509488,14972.329898764267,15146.671477283475,174708.5017129716,0.03120652959486822,51.129437548293765,0.0,0.0,0.0,False,False,False
main,tv_dro_rho_0p01,tv_dro,2025-01-01,96,True,True,20,,0.01,0.7,20.0,optimal_decomposed,77.46086670000659,77.45990929999971,0.0,1,2,15664.81197399028,174.34157851920855,15839.153552509488,15524.265989580046,15698.607568099254,182059.06783105727,0.07874070332594343,48.55582310574076,0.0,0.0,0.0,False,False,False
main,tv_dro_rho_0p01,tv_dro,2025-01-01,97,True,True,20,,0.01,0.7,20.0,optimal_decomposed,77.46086670000659,77.45990929999971,0.0,1,2,15664.81197399028,174.34157851920855,15839.153552509488,15552.041944377106,15726.383522896314,181099.28613169142,0.0034880513700517035,50.762829115312975,0.0,0.0,0.0,False,False,False
main,tv_dro_rho_0p01,tv_dro,2025-01-01,98,True,True,20,,0.01,0.7,20.0,optimal_decomposed,77.46086670000659,77.45990929999971,0.0,1,2,15664.81197399028,174.34157851920855,15839.153552509488,15695.585114265203,15869.926692784411,182406.3587907474,0.101202988710867,46.084131138244175,0.0,0.0,0.0,False,False,False
main,tv_dro_rho_0p01,tv_dro,2025-01-01,99,True,True,20,,0.01,0.7,20.0,optimal_decomposed,77.46086670000659,77.45990929999971,0.0,1,2,15664.81197399028,174.34157851920855,15839.153552509488,15547.333847046797,15721.675425566005,179237.75566333492,0.06784896363151327,52.15358846219959,0.0,0.0,0.0,False,False,False
main,tv_dro_rho_0p01,tv_dro,2025-04-01,0,True,True,20,,0.01,0.7,20.0,optimal_decomposed,77.4272512000025,77.4263873000018,0.0,1,2,15462.571691668627,498.3322510884225,15960.90394275705,14847.159750317454,15345.492001405877,119823.36882167448,0.06267343170731954,56.39185085785658,0.0,0.0,0.0,False,False,False
main,tv_dro_rho_0p01,tv_dro,2025-04-01,1,True,True,20,,0.01,0.7,20.0,optimal_decomposed,77.4272512000025,77.4263873000018,0.0,1,2,15462.571691668627,498.3322510884225,15960.90394275705,15816.884248178758,16315.21649926718,134809.0244635843,0.0,62.517059943451244,0.0,0.0,0.0,False,False,False
main,tv_dro_rho_0p01,tv_dro,2025-04-01,2,True,True,20,,0.01,0.7,20.0,optimal_decomposed,77.4272512000025,77.4263873000018,0.0,1,2,15462.571691668627,498.3322510884225,15960.90394275705,15335.889181822697,15834.22143291112,128642.14393404705,0.0,50.94449722555083,0.0,0.0,0.0,False,False,False
main,tv_dro_rho_0p01,tv_dro,2025-04-01,3,True,True,20,,0.01,0.7,20.0,optimal_decomposed,77.4272512000025,77.4263873000018,0.0,1,2,15462.571691668627,498.3322510884225,15960.90394275705,15851.310654239891,16349.642905328314,135660.949571975,0.0,55.76956133713892,0.0,0.0,0.0,False,False,False
main,tv_dro_rho_0p01,tv_dro,2025-04-01,4,True,True,20,,0.01,0.7,20.0,optimal_decomposed,77.4272512000025,77.4263873000018,0.0,1,2,15462.571691668627,498.3322510884225,15960.90394275705,15594.388269950297,16092.72052103872,133011.92517216504,0.0,52.392428945413975,0.0,0.0,0.0,False,False,False
main,tv_dro_rho_0p01,tv_dro,2025-04-01,5,True,True,20,,0.01,0.7,20.0,optimal_decomposed,77.4272512000025,77.4263873000018,0.0,1,2,15462.571691668627,498.3322510884225,15960.90394275705,16065.973803161138,16564.30605424956,146013.954390542,0.0,60.29929762934389,0.0,0.0,0.0,False,False,False
main,tv_dro_rho_0p01,tv_dro,2025-04-01,6,True,True,20,,0.01,0.7,20.0,optimal_decomposed,77.4272512000025,77.4263873000018,0.0,1,2,15462.571691668627,498.3322510884225,15960.90394275705,15859.345983388605,16357.678234477027,138861.05045055633,0.0,54.077730896335034,0.0,0.0,0.0,False,False,False
main,tv_dro_rho_0p01,tv_dro,2025-04-01,7,True,True,20,,0.01,0.7,20.0,optimal_decomposed,77.4272512000025,77.4263873000018,0.0,1,2,15462.571691668627,498.3322510884225,15960.90394275705,15296.850457371782,15795.182708460205,124447.1166190503,0.0,52.60366394567528,0.0,0.0,0.0,False,False,False
main,tv_dro_rho_0p01,tv_dro,2025-04-01,8,True,True,20,,0.01,0.7,20.0,optimal_decomposed,77.4272512000025,77.4263873000018,0.0,1,2,15462.571691668627,498.3322510884225,15960.90394275705,15932.618662276996,16430.950913365417,137485.7348939092,0.06427780609289224,53.65005882514199,0.0,0.0,0.0,False,False,False
main,tv_dro_rho_0p01,tv_dro,2025-04-01,9,True,True,20,,0.01,0.7,20.0,optimal_decomposed,77.4272512000025,77.4263873000018,0.0,1,2,15462.571691668627,498.3322510884225,15960.90394275705,16067.098070053984,16565.430321142405,137879.33492049648,0.2267513533956229,62.535814641090674,0.0,0.0,0.0,False,False,False
main,tv_dro_rho_0p01,tv_dro,2025-04-01,10,True,True,20,,0.01,0.7,20.0,optimal_decomposed,77.4272512000025,77.4263873000018,0.0,1,2,15462.571691668627,498.3322510884225,15960.90394275705,15570.970507279993,16069.302758368416,129490.9679084302,0.0,51.27728671963675,0.0,0.0,0.0,False,False,False
main,tv_dro_rho_0p01,tv_dro,2025-04-01,11,True,True,20,,0.01,0.7,20.0,optimal_decomposed,77.4272512000025,77.4263873000018,0.0,1,2,15462.571691668627,498.3322510884225,15960.90394275705,15568.590780688839,16066.923031777262,129139.13815529611,0.0,46.157469800640875,0.0,0.0,0.0,False,False,False
main,tv_dro_rho_0p01,tv_dro,2025-04-01,12,True,True,20,,0.01,0.7,20.0,optimal_decomposed,77.4272512000025,77.4263873000018,0.0,1,2,15462.571691668627,498.3322510884225,15960.90394275705,15629.359710011659,16127.691961100081,141916.20029616088,0.0,48.642686621568224,0.0,0.0,0.0,False,False,False
main,tv_dro_rho_0p01,tv_dro,2025-04-01,13,True,True,20,,0.01,0.7,20.0,optimal_decomposed,77.4272512000025,77.4263873000018,0.0,1,2,15462.571691668627,498.3322510884225,15960.90394275705,16082.041396707878,16580.3736477963,142167.81147873856,0.19492002224912505,56.232669966219795,0.0,0.0,0.0,False,False,False
main,tv_dro_rho_0p01,tv_dro,2025-04-01,14,True,True,20,,0.01,0.7,20.0,optimal_decomposed,77.4272512000025,77.4263873000018,0.0,1,2,15462.571691668627,498.3322510884225,15960.90394275705,15241.98804836144,15740.320299449862,125495.31041630497,0.0,51.01516976154284,0.0,0.0,0.0,False,False,False
main,tv_dro_rho_0p01,tv_dro,2025-04-01,15,True,True,20,,0.01,0.7,20.0,optimal_decomposed,77.4272512000025,77.4263873000018,0.0,1,2,15462.571691668627,498.3322510884225,15960.90394275705,15094.756252419684,15593.088503508106,123173.51162740531,0.0,49.37590423013098,0.0,0.0,0.0,False,False,False
main,tv_dro_rho_0p01,tv_dro,2025-04-01,16,True,True,20,,0.01,0.7,20.0,optimal_decomposed,77.4272512000025,77.4263873000018,0.0,1,2,15462.571691668627,498.3322510884225,15960.90394275705,14964.343658243713,15462.675909332136,119184.46862117642,0.0,50.66954007036834,0.0,0.0,0.0,False,False,False
main,tv_dro_rho_0p01,tv_dro,2025-04-01,17,True,True,20,,0.01,0.7,20.0,optimal_decomposed,77.4272512000025,77.4263873000018,0.0,1,2,15462.571691668627,498.3322510884225,15960.90394275705,15505.58323455766,16003.915485646083,126440.15981874321,0.45655898951311086,62.88812583041892,0.0,0.0,0.0,False,False,False
main,tv_dro_rho_0p01,tv_dro,2025-04-01,18,True,True,20,,0.01,0.7,20.0,optimal_decomposed,77.4272512000025,77.4263873000018,0.0,1,2,15462.571691668627,498.3322510884225,15960.90394275705,16013.724255206465,16512.056506294888,135236.95504659656,0.15456800560491313,58.38352407986121,0.0,0.0,0.0,False,False,False
main,tv_dro_rho_0p01,tv_dro,2025-04-01,19,True,True,20,,0.01,0.7,20.0,optimal_decomposed,77.4272512000025,77.4263873000018,0.0,1,2,15462.571691668627,498.3322510884225,15960.90394275705,15535.155553800598,16033.48780488902,135901.9521618958,0.03357741706804013,52.39104043085813,0.0,0.0,0.0,False,False,False
main,tv_dro_rho_0p01,tv_dro,2025-04-01,20,True,True,20,,0.01,0.7,20.0,optimal_decomposed,77.4272512000025,77.4263873000018,0.0,1,2,15462.571691668627,498.3322510884225,15960.90394275705,15915.388870945024,16413.721122033447,139387.729065708,0.0,49.51518190906482,0.0,0.0,0.0,False,False,False
main,tv_dro_rho_0p01,tv_dro,2025-04-01,21,True,True,20,,0.01,0.7,20.0,optimal_decomposed,77.4272512000025,77.4263873000018,0.0,1,2,15462.571691668627,498.3322510884225,15960.90394275705,15527.783156547517,16026.11540763594,123377.85265568028,0.002128181034477261,49.46434385733093,0.0,0.0,0.0,False,False,False
main,tv_dro_rho_0p01,tv_dro,2025-04-01,22,True,True,20,,0.01,0.7,20.0,optimal_decomposed,77.4272512000025,77.4263873000018,0.0,1,2,15462.571691668627,498.3322510884225,15960.90394275705,15762.259817155416,16260.59206824384,135898.63960771955,0.0,54.05514047626085,0.0,0.0,0.0,False,False,False
main,tv_dro_rho_0p01,tv_dro,2025-04-01,23,True,True,20,,0.01,0.7,20.0,optimal_decomposed,77.4272512000025,77.4263873000018,0.0,1,2,15462.571691668627,498.3322510884225,15960.90394275705,15731.728046513463,16230.060297601885,134733.48221201313,0.010348883767712147,51.00217256942087,0.0,0.0,0.0,False,False,False
main,tv_dro_rho_0p01,tv_dro,2025-04-01,24,True,True,20,,0.01,0.7,20.0,optimal_decomposed,77.4272512000025,77.4263873000018,0.0,1,2,15462.571691668627,498.3322510884225,15960.90394275705,15215.645093586778,15713.9773446752,127810.89655966652,0.2775368767961963,61.197716519192255,0.0,0.0,0.0,False,False,False
main,tv_dro_rho_0p01,tv_dro,2025-04-01,25,True,True,20,,0.01,0.7,20.0,optimal_decomposed,77.4272512000025,77.4263873000018,0.0,1,2,15462.571691668627,498.3322510884225,15960.90394275705,17065.163125734012,17563.495376822433,163202.32560201932,0.0,49.71591890998706,0.0,0.0,0.0,False,False,False
main,tv_dro_rho_0p01,tv_dro,2025-04-01,26,True,True,20,,0.01,0.7,20.0,optimal_decomposed,77.4272512000025,77.4263873000018,0.0,1,2,15462.571691668627,498.3322510884225,15960.90394275705,15518.453310814075,16016.785561902498,133741.26459907077,0.0,60.150747308647794,0.0,0.0,0.0,False,False,False
main,tv_dro_rho_0p01,tv_dro,2025-04-01,27,True,True,20,,0.01,0.7,20.0,optimal_decomposed,77.4272512000025,77.4263873000018,0.0,1,2,15462.571691668627,498.3322510884225,15960.90394275705,14989.938688577162,15488.270939665585,118874.2277943208,0.11993636259854895,58.89586055448288,0.0,0.0,0.0,False,False,False
main,tv_dro_rho_0p01,tv_dro,2025-04-01,28,True,True,20,,0.01,0.7,20.0,optimal_decomposed,77.4272512000025,77.4263873000018,0.0,1,2,15462.571691668627,498.3322510884225,15960.90394275705,15696.242255574336,16194.574506662759,132280.92653177748,0.0,45.12164256714944,0.0,0.0,0.0,False,False,False
main,tv_dro_rho_0p01,tv_dro,2025-04-01,29,True,True,20,,0.01,0.7,20.0,optimal_decomposed,77.4272512000025,77.4263873000018,0.0,1,2,15462.571691668627,498.3322510884225,15960.90394275705,16120.802830475008,16619.13508156343,141442.16775593953,0.0,43.36330003360219,0.0,0.0,0.0,False,False,False
main,tv_dro_rho_0p01,tv_dro,2025-04-01,30,True,True,20,,0.01,0.7,20.0,optimal_decomposed,77.4272512000025,77.4263873000018,0.0,1,2,15462.571691668627,498.3322510884225,15960.90394275705,14879.898507421392,15378.230758509815,113448.80739514898,0.0,46.80351647902885,0.0,0.0,0.0,False,False,False
main,tv_dro_rho_0p01,tv_dro,2025-04-01,31,True,True,20,,0.01,0.7,20.0,optimal_decomposed,77.4272512000025,77.4263873000018,0.0,1,2,15462.571691668627,498.3322510884225,15960.90394275705,15995.305326952204,16493.637578040627,147667.76959077094,0.0,51.60172259644351,0.0,0.0,0.0,False,False,False
main,tv_dro_rho_0p01,tv_dro,2025-04-01,32,True,True,20,,0.01,0.7,20.0,optimal_decomposed,77.4272512000025,77.4263873000018,0.0,1,2,15462.571691668627,498.3322510884225,15960.90394275705,15127.734112498552,15626.066363586975,131073.36535639188,0.0,50.078820451820235,0.0,0.0,0.0,False,False,False
main,tv_dro_rho_0p01,tv_dro,2025-04-01,33,True,True,20,,0.01,0.7,20.0,optimal_decomposed,77.4272512000025,77.4263873000018,0.0,1,2,15462.571691668627,498.3322510884225,15960.90394275705,16952.89511511584,17451.22736620426,161659.87463521457,0.0,65.12102347793179,0.0,0.0,0.0,False,False,False
main,tv_dro_rho_0p01,tv_dro,2025-04-01,34,True,True,20,,0.01,0.7,20.0,optimal_decomposed,77.4272512000025,77.4263873000018,0.0,1,2,15462.571691668627,498.3322510884225,15960.90394275705,15964.577839526231,16462.910090614652,138596.5157346111,0.0,55.88965445909586,0.0,0.0,0.0,False,False,False
main,tv_dro_rho_0p01,tv_dro,2025-04-01,35,True,True,20,,0.01,0.7,20.0,optimal_decomposed,77.4272512000025,77.4263873000018,0.0,1,2,15462.571691668627,498.3322510884225,15960.90394275705,15404.11553929931,15902.447790387732,123836.93123451255,0.0,58.79443561047027,0.0,0.0,0.0,False,False,False
main,tv_dro_rho_0p01,tv_dro,2025-04-01,36,True,True,20,,0.01,0.7,20.0,optimal_decomposed,77.4272512000025,77.4263873000018,0.0,1,2,15462.571691668627,498.3322510884225,15960.90394275705,15086.99753006873,15585.329781157152,123208.51619495664,0.0,64.29413677899532,0.0,0.0,0.0,False,False,False
main,tv_dro_rho_0p01,tv_dro,2025-04-01,37,True,True,20,,0.01,0.7,20.0,optimal_decomposed,77.4272512000025,77.4263873000018,0.0,1,2,15462.571691668627,498.3322510884225,15960.90394275705,15239.405378910827,15737.73762999925,130726.8550618491,0.0,45.155980095777196,0.0,0.0,0.0,False,False,False
main,tv_dro_rho_0p01,tv_dro,2025-04-01,38,True,True,20,,0.01,0.7,20.0,optimal_decomposed,77.4272512000025,77.4263873000018,0.0,1,2,15462.571691668627,498.3322510884225,15960.90394275705,15426.174669973338,15924.50692106176,131429.55575324513,0.0,50.92642132161264,0.0,0.0,0.0,False,False,False
main,tv_dro_rho_0p01,tv_dro,2025-04-01,39,True,True,20,,0.01,0.7,20.0,optimal_decomposed,77.4272512000025,77.4263873000018,0.0,1,2,15462.571691668627,498.3322510884225,15960.90394275705,15879.304492036897,16377.63674312532,141941.55999789576,0.0,47.78808504484197,0.0,0.0,0.0,False,False,False
main,tv_dro_rho_0p01,tv_dro,2025-04-01,40,True,True,20,,0.01,0.7,20.0,optimal_decomposed,77.4272512000025,77.4263873000018,0.0,1,2,15462.571691668627,498.3322510884225,15960.90394275705,15885.620151882798,16383.952402971221,141194.56533886658,0.0,48.94821409274207,0.0,0.0,0.0,False,False,False
main,tv_dro_rho_0p01,tv_dro,2025-04-01,41,True,True,20,,0.01,0.7,20.0,optimal_decomposed,77.4272512000025,77.4263873000018,0.0,1,2,15462.571691668627,498.3322510884225,15960.90394275705,16095.358624352612,16593.690875441032,137757.6933006113,0.40974411614184,46.01290566092403,0.0,0.0,0.0,False,False,False
main,tv_dro_rho_0p01,tv_dro,2025-04-01,42,True,True,20,,0.01,0.7,20.0,optimal_decomposed,77.4272512000025,77.4263873000018,0.0,1,2,15462.571691668627,498.3322510884225,15960.90394275705,15625.828520359915,16124.160771448338,137863.01191372512,0.16541935761334697,60.97541993023884,0.0,0.0,0.0,False,False,False
main,tv_dro_rho_0p01,tv_dro,2025-04-01,43,True,True,20,,0.01,0.7,20.0,optimal_decomposed,77.4272512000025,77.4263873000018,0.0,1,2,15462.571691668627,498.3322510884225,15960.90394275705,14991.833527611356,15490.165778699778,120484.10665737255,0.40552579944603495,54.6463769772132,0.0,0.0,0.0,False,False,False
main,tv_dro_rho_0p01,tv_dro,2025-04-01,44,True,True,20,,0.01,0.7,20.0,optimal_decomposed,77.4272512000025,77.4263873000018,0.0,1,2,15462.571691668627,498.3322510884225,15960.90394275705,15511.907772974579,16010.240024063001,126262.11893814905,0.21118655196571468,54.90287961469421,0.0,0.0,0.0,False,False,False
main,tv_dro_rho_0p01,tv_dro,2025-04-01,45,True,True,20,,0.01,0.7,20.0,optimal_decomposed,77.4272512000025,77.4263873000018,0.0,1,2,15462.571691668627,498.3322510884225,15960.90394275705,16246.38166948822,16744.713920576643,142368.69901570308,0.1526145748679526,57.477414140874295,0.0,0.0,0.0,False,False,False
main,tv_dro_rho_0p01,tv_dro,2025-04-01,46,True,True,20,,0.01,0.7,20.0,optimal_decomposed,77.4272512000025,77.4263873000018,0.0,1,2,15462.571691668627,498.3322510884225,15960.90394275705,15655.87929807469,16154.211549163112,135142.37456024266,0.5565381923972567,54.73468649990838,0.0,0.0,0.0,False,False,False
main,tv_dro_rho_0p01,tv_dro,2025-04-01,47,True,True,20,,0.01,0.7,20.0,optimal_decomposed,77.4272512000025,77.4263873000018,0.0,1,2,15462.571691668627,498.3322510884225,15960.90394275705,15885.744251924747,16384.07650301317,142025.03687373374,0.20245962445366628,53.166418185839255,0.0,0.0,0.0,False,False,False
main,tv_dro_rho_0p01,tv_dro,2025-04-01,48,True,True,20,,0.01,0.7,20.0,optimal_decomposed,77.4272512000025,77.4263873000018,0.0,1,2,15462.571691668627,498.3322510884225,15960.90394275705,16470.706545938003,16969.038797026424,149850.79912366977,0.0,49.09372274614189,0.0,0.0,0.0,False,False,False
main,tv_dro_rho_0p01,tv_dro,2025-04-01,49,True,True,20,,0.01,0.7,20.0,optimal_decomposed,77.4272512000025,77.4263873000018,0.0,1,2,15462.571691668627,498.3322510884225,15960.90394275705,16116.717080025323,16615.049331113743,145858.5772824027,0.1782045498700895,60.2652864162755,0.0,0.0,0.0,False,False,False
main,tv_dro_rho_0p01,tv_dro,2025-04-01,50,True,True,20,,0.01,0.7,20.0,optimal_decomposed,77.4272512000025,77.4263873000018,0.0,1,2,15462.571691668627,498.3322510884225,15960.90394275705,15315.44070308669,15813.772954175112,135498.12910102573,0.0,56.550236419102845,0.0,0.0,0.0,False,False,False
main,tv_dro_rho_0p01,tv_dro,2025-04-01,51,True,True,20,,0.01,0.7,20.0,optimal_decomposed,77.4272512000025,77.4263873000018,0.0,1,2,15462.571691668627,498.3322510884225,15960.90394275705,15101.084624245403,15599.416875333825,126647.5462463719,0.021790986289795367,52.221465129456206,0.0,0.0,0.0,False,False,False
main,tv_dro_rho_0p01,tv_dro,2025-04-01,52,True,True,20,,0.01,0.7,20.0,optimal_decomposed,77.4272512000025,77.4263873000018,0.0,1,2,15462.571691668627,498.3322510884225,15960.90394275705,16240.2699730025,16738.602224090922,144961.17136562956,0.32051681140728894,57.52426550861555,0.0,0.0,0.0,False,False,False
main,tv_dro_rho_0p01,tv_dro,2025-04-01,53,True,True,20,,0.01,0.7,20.0,optimal_decomposed,77.4272512000025,77.4263873000018,0.0,1,2,15462.571691668627,498.3322510884225,15960.90394275705,15618.772761399026,16117.10501248745,130565.09379144094,0.0,47.724054814413336,0.0,0.0,0.0,False,False,False
main,tv_dro_rho_0p01,tv_dro,2025-04-01,54,True,True,20,,0.01,0.7,20.0,optimal_decomposed,77.4272512000025,77.4263873000018,0.0,1,2,15462.571691668627,498.3322510884225,15960.90394275705,16315.744768768353,16814.077019856773,144523.92562860536,0.0,51.69123143164191,0.0,0.0,0.0,False,False,False
main,tv_dro_rho_0p01,tv_dro,2025-04-01,55,True,True,20,,0.01,0.7,20.0,optimal_decomposed,77.4272512000025,77.4263873000018,0.0,1,2,15462.571691668627,498.3322510884225,15960.90394275705,15522.161049260008,16020.493300348431,132169.9832915914,0.0,56.05943504006671,0.0,0.0,0.0,False,False,False
main,tv_dro_rho_0p01,tv_dro,2025-04-01,56,True,True,20,,0.01,0.7,20.0,optimal_decomposed,77.4272512000025,77.4263873000018,0.0,1,2,15462.571691668627,498.3322510884225,15960.90394275705,15804.233622296648,16302.56587338507,137355.14897327425,0.0,40.80179538192506,0.0,0.0,0.0,False,False,False
main,tv_dro_rho_0p01,tv_dro,2025-04-01,57,True,True,20,,0.01,0.7,20.0,optimal_decomposed,77.4272512000025,77.4263873000018,0.0,1,2,15462.571691668627,498.3322510884225,15960.90394275705,15436.529092485902,15934.861343574325,131428.40765488855,0.2511639840525328,52.312298917715516,0.0,0.0,0.0,False,False,False
main,tv_dro_rho_0p01,tv_dro,2025-04-01,58,True,True,20,,0.01,0.7,20.0,optimal_decomposed,77.4272512000025,77.4263873000018,0.0,1,2,15462.571691668627,498.3322510884225,15960.90394275705,16537.36543664176,17035.697687730182,150023.8208494185,0.0,61.36589718646453,0.0,0.0,0.0,False,False,False
main,tv_dro_rho_0p01,tv_dro,2025-04-01,59,True,True,20,,0.01,0.7,20.0,optimal_decomposed,77.4272512000025,77.4263873000018,0.0,1,2,15462.571691668627,498.3322510884225,15960.90394275705,16427.142524943138,16925.47477603156,150046.59240984527,0.0,54.36344193737873,0.0,0.0,0.0,False,False,False
main,tv_dro_rho_0p01,tv_dro,2025-04-01,60,True,True,20,,0.01,0.7,20.0,optimal_decomposed,77.4272512000025,77.4263873000018,0.0,1,2,15462.571691668627,498.3322510884225,15960.90394275705,15780.298367343425,16278.630618431847,140086.8269155237,0.09663663546114343,56.32788795176112,0.0,0.0,0.0,False,False,False
main,tv_dro_rho_0p01,tv_dro,2025-04-01,61,True,True,20,,0.01,0.7,20.0,optimal_decomposed,77.4272512000025,77.4263873000018,0.0,1,2,15462.571691668627,498.3322510884225,15960.90394275705,15738.836467737476,16237.168718825898,137458.4865244395,0.0,44.85591105900936,0.0,0.0,0.0,False,False,False
main,tv_dro_rho_0p01,tv_dro,2025-04-01,62,True,True,20,,0.01,0.7,20.0,optimal_decomposed,77.4272512000025,77.4263873000018,0.0,1,2,15462.571691668627,498.3322510884225,15960.90394275705,15094.998366951779,15593.330618040201,123344.78161428576,0.0,57.29991646536848,0.0,0.0,0.0,False,False,False
main,tv_dro_rho_0p01,tv_dro,2025-04-01,63,True,True,20,,0.01,0.7,20.0,optimal_decomposed,77.4272512000025,77.4263873000018,0.0,1,2,15462.571691668627,498.3322510884225,15960.90394275705,15755.934154051838,16254.26640514026,130596.06741391812,0.0,62.842558486258234,0.0,0.0,0.0,False,False,False
main,tv_dro_rho_0p01,tv_dro,2025-04-01,64,True,True,20,,0.01,0.7,20.0,optimal_decomposed,77.4272512000025,77.4263873000018,0.0,1,2,15462.571691668627,498.3322510884225,15960.90394275705,15378.513025332064,15876.845276420487,122441.41277774553,0.23346997798675861,50.33773430098306,0.0,0.0,0.0,False,False,False
main,tv_dro_rho_0p01,tv_dro,2025-04-01,65,True,True,20,,0.01,0.7,20.0,optimal_decomposed,77.4272512000025,77.4263873000018,0.0,1,2,15462.571691668627,498.3322510884225,15960.90394275705,15995.251490331664,16493.583741420087,134580.33920681087,0.0,59.120384431563146,0.0,0.0,0.0,False,False,False
main,tv_dro_rho_0p01,tv_dro,2025-04-01,66,True,True,20,,0.01,0.7,20.0,optimal_decomposed,77.4272512000025,77.4263873000018,0.0,1,2,15462.571691668627,498.3322510884225,15960.90394275705,15921.48030672515,16419.812557813573,139241.29445270257,0.0,61.36219833865017,0.0,0.0,0.0,False,False,False
main,tv_dro_rho_0p01,tv_dro,2025-04-01,67,True,True,20,,0.01,0.7,20.0,optimal_decomposed,77.4272512000025,77.4263873000018,0.0,1,2,15462.571691668627,498.3322510884225,15960.90394275705,14753.080395450877,15251.4126465393,119579.66242650175,0.0,57.730418160662765,0.0,0.0,0.0,False,False,False
main,tv_dro_rho_0p01,tv_dro,2025-04-01,68,True,True,20,,0.01,0.7,20.0,optimal_decomposed,77.4272512000025,77.4263873000018,0.0,1,2,15462.571691668627,498.3322510884225,15960.90394275705,16716.355380771754,17214.687631860175,157563.32450126114,0.017277909464774588,54.672171324776905,0.0,0.0,0.0,False,False,False
main,tv_dro_rho_0p01,tv_dro,2025-04-01,69,True,True,20,,0.01,0.7,20.0,optimal_decomposed,77.4272512000025,77.4263873000018,0.0,1,2,15462.571691668627,498.3322510884225,15960.90394275705,16930.87349187666,17429.20574296508,152343.9755081061,0.07724978725300907,57.449547582120395,0.0,0.0,0.0,False,False,False
main,tv_dro_rho_0p01,tv_dro,2025-04-01,70,True,True,20,,0.01,0.7,20.0,optimal_decomposed,77.4272512000025,77.4263873000018,0.0,1,2,15462.571691668627,498.3322510884225,15960.90394275705,16065.166586955509,16563.49883804393,145419.02391615746,0.029272857390598095,62.00250136645451,0.0,0.0,0.0,False,False,False
main,tv_dro_rho_0p01,tv_dro,2025-04-01,71,True,True,20,,0.01,0.7,20.0,optimal_decomposed,77.4272512000025,77.4263873000018,0.0,1,2,15462.571691668627,498.3322510884225,15960.90394275705,14998.083028974344,15496.415280062767,129246.72592623277,0.11324839822006783,59.96260271487483,0.0,0.0,0.0,False,False,False
main,tv_dro_rho_0p01,tv_dro,2025-04-01,72,True,True,20,,0.01,0.7,20.0,optimal_decomposed,77.4272512000025,77.4263873000018,0.0,1,2,15462.571691668627,498.3322510884225,15960.90394275705,15508.214448060391,16006.546699148814,129483.76910001789,0.043015377848461434,60.714671784044064,0.0,0.0,0.0,False,False,False
main,tv_dro_rho_0p01,tv_dro,2025-04-01,73,True,True,20,,0.01,0.7,20.0,optimal_decomposed,77.4272512000025,77.4263873000018,0.0,1,2,15462.571691668627,498.3322510884225,15960.90394275705,15648.322650108266,16146.654901196689,130399.32931079066,0.0,52.37575171722433,0.0,0.0,0.0,False,False,False
main,tv_dro_rho_0p01,tv_dro,2025-04-01,74,True,True,20,,0.01,0.7,20.0,optimal_decomposed,77.4272512000025,77.4263873000018,0.0,1,2,15462.571691668627,498.3322510884225,15960.90394275705,15353.152842672946,15851.485093761368,121335.55596884865,0.09269872859022721,54.88343690248168,0.0,0.0,0.0,False,False,False
main,tv_dro_rho_0p01,tv_dro,2025-04-01,75,True,True,20,,0.01,0.7,20.0,optimal_decomposed,77.4272512000025,77.4263873000018,0.0,1,2,15462.571691668627,498.3322510884225,15960.90394275705,15891.874545694847,16390.20679678327,136012.27126329413,0.06707832122676963,49.659408577937135,0.0,0.0,0.0,False,False,False
main,tv_dro_rho_0p01,tv_dro,2025-04-01,76,True,True,20,,0.01,0.7,20.0,optimal_decomposed,77.4272512000025,77.4263873000018,0.0,1,2,15462.571691668627,498.3322510884225,15960.90394275705,16410.078293132166,16908.410544220587,153403.3883891416,0.0,53.43217423014247,0.0,0.0,0.0,False,False,False
main,tv_dro_rho_0p01,tv_dro,2025-04-01,77,True,True,20,,0.01,0.7,20.0,optimal_decomposed,77.4272512000025,77.4263873000018,0.0,1,2,15462.571691668627,498.3322510884225,15960.90394275705,14919.296046606765,15417.628297695188,121542.60534422444,0.08897348996871624,48.77739601178835,0.0,0.0,0.0,False,False,False
main,tv_dro_rho_0p01,tv_dro,2025-04-01,78,True,True,20,,0.01,0.7,20.0,optimal_decomposed,77.4272512000025,77.4263873000018,0.0,1,2,15462.571691668627,498.3322510884225,15960.90394275705,15439.909882416658,15938.24213350508,126370.64701525975,0.7724226530890583,54.456725645317775,0.0,0.0,0.0,False,False,False
main,tv_dro_rho_0p01,tv_dro,2025-04-01,79,True,True,20,,0.01,0.7,20.0,optimal_decomposed,77.4272512000025,77.4263873000018,0.0,1,2,15462.571691668627,498.3322510884225,15960.90394275705,16157.628700557301,16655.960951645724,144868.8647514756,0.0,49.90079385973883,0.0,0.0,0.0,False,False,False
main,tv_dro_rho_0p01,tv_dro,2025-04-01,80,True,True,20,,0.01,0.7,20.0,optimal_decomposed,77.4272512000025,77.4263873000018,0.0,1,2,15462.571691668627,498.3322510884225,15960.90394275705,16296.13961904725,16794.471870135672,145569.93389202192,0.0,48.79729472191089,0.0,0.0,0.0,False,False,False
main,tv_dro_rho_0p01,tv_dro,2025-04-01,81,True,True,20,,0.01,0.7,20.0,optimal_decomposed,77.4272512000025,77.4263873000018,0.0,1,2,15462.571691668627,498.3322510884225,15960.90394275705,15702.24863758364,16200.580888672062,131344.8736759734,0.0,59.83850973013945,0.0,0.0,0.0,False,False,False
main,tv_dro_rho_0p01,tv_dro,2025-04-01,82,True,True,20,,0.01,0.7,20.0,optimal_decomposed,77.4272512000025,77.4263873000018,0.0,1,2,15462.571691668627,498.3322510884225,15960.90394275705,15361.351626057418,15859.68387714584,130506.7789595045,0.0,47.96074269747309,0.0,0.0,0.0,False,False,False
main,tv_dro_rho_0p01,tv_dro,2025-04-01,83,True,True,20,,0.01,0.7,20.0,optimal_decomposed,77.4272512000025,77.4263873000018,0.0,1,2,15462.571691668627,498.3322510884225,15960.90394275705,16232.639145517023,16730.971396605444,149075.47607329694,0.0,47.74112260661511,0.0,0.03331793582856557,0.0,False,True,False
main,tv_dro_rho_0p01,tv_dro,2025-04-01,84,True,True,20,,0.01,0.7,20.0,optimal_decomposed,77.4272512000025,77.4263873000018,0.0,1,2,15462.571691668627,498.3322510884225,15960.90394275705,16327.116735843734,16825.448986932155,148137.10514104355,0.19813330840373683,49.76305504900899,0.0,0.0,0.0,False,False,False
main,tv_dro_rho_0p01,tv_dro,2025-04-01,85,True,True,20,,0.01,0.7,20.0,optimal_decomposed,77.4272512000025,77.4263873000018,0.0,1,2,15462.571691668627,498.3322510884225,15960.90394275705,16034.104294159215,16532.436545247638,136839.29565584217,0.0,64.32355751259566,0.0,0.0,0.0,False,False,False
main,tv_dro_rho_0p01,tv_dro,2025-04-01,86,True,True,20,,0.01,0.7,20.0,optimal_decomposed,77.4272512000025,77.4263873000018,0.0,1,2,15462.571691668627,498.3322510884225,15960.90394275705,15877.822097321816,16376.154348410239,137937.1660047642,0.0,46.20181305434038,0.0,0.0,0.0,False,False,False
main,tv_dro_rho_0p01,tv_dro,2025-04-01,87,True,True,20,,0.01,0.7,20.0,optimal_decomposed,77.4272512000025,77.4263873000018,0.0,1,2,15462.571691668627,498.3322510884225,15960.90394275705,14774.29825638216,15272.630507470583,118952.05825376417,0.17690397569920008,50.48347973411941,0.0,0.0,0.0,False,False,False
main,tv_dro_rho_0p01,tv_dro,2025-04-01,88,True,True,20,,0.01,0.7,20.0,optimal_decomposed,77.4272512000025,77.4263873000018,0.0,1,2,15462.571691668627,498.3322510884225,15960.90394275705,15193.355279155092,15691.687530243515,121082.86772626115,0.07657055370938459,63.08613078425569,0.0,0.052034770468540215,0.0,False,True,False
main,tv_dro_rho_0p01,tv_dro,2025-04-01,89,True,True,20,,0.01,0.7,20.0,optimal_decomposed,77.4272512000025,77.4263873000018,0.0,1,2,15462.571691668627,498.3322510884225,15960.90394275705,16010.752481033363,16509.084732121784,136152.05497218078,0.0,52.04416192747148,0.0,0.0,0.0,False,False,False
main,tv_dro_rho_0p01,tv_dro,2025-04-01,90,True,True,20,,0.01,0.7,20.0,optimal_decomposed,77.4272512000025,77.4263873000018,0.0,1,2,15462.571691668627,498.3322510884225,15960.90394275705,15691.689897585315,16190.022148673737,131287.47060219393,0.42234575751437226,59.312532937454044,0.0,0.0,0.0,False,False,False
main,tv_dro_rho_0p01,tv_dro,2025-04-01,91,True,True,20,,0.01,0.7,20.0,optimal_decomposed,77.4272512000025,77.4263873000018,0.0,1,2,15462.571691668627,498.3322510884225,15960.90394275705,14833.687798244748,15332.02004933317,113207.4806030215,0.0,54.5188505837827,0.0,0.0,0.0,False,False,False
main,tv_dro_rho_0p01,tv_dro,2025-04-01,92,True,True,20,,0.01,0.7,20.0,optimal_decomposed,77.4272512000025,77.4263873000018,0.0,1,2,15462.571691668627,498.3322510884225,15960.90394275705,15298.473440358253,15796.805691446676,124976.963773931,0.0,44.17351818791746,0.0,0.0,0.0,False,False,False
main,tv_dro_rho_0p01,tv_dro,2025-04-01,93,True,True,20,,0.01,0.7,20.0,optimal_decomposed,77.4272512000025,77.4263873000018,0.0,1,2,15462.571691668627,498.3322510884225,15960.90394275705,15384.544388739283,15882.876639827706,135486.8734564763,0.0,53.8994796836687,0.0,0.0,0.0,False,False,False
main,tv_dro_rho_0p01,tv_dro,2025-04-01,94,True,True,20,,0.01,0.7,20.0,optimal_decomposed,77.4272512000025,77.4263873000018,0.0,1,2,15462.571691668627,498.3322510884225,15960.90394275705,15313.299896274304,15811.632147362727,127216.9137529595,0.0,49.6126031317368,0.0,0.0,0.0,False,False,False
main,tv_dro_rho_0p01,tv_dro,2025-04-01,95,True,True,20,,0.01,0.7,20.0,optimal_decomposed,77.4272512000025,77.4263873000018,0.0,1,2,15462.571691668627,498.3322510884225,15960.90394275705,15081.172207116158,15579.504458204581,124145.58014157203,0.0,55.677054709273754,0.0,0.0,0.0,False,False,False
main,tv_dro_rho_0p01,tv_dro,2025-04-01,96,True,True,20,,0.01,0.7,20.0,optimal_decomposed,77.4272512000025,77.4263873000018,0.0,1,2,15462.571691668627,498.3322510884225,15960.90394275705,15195.096459650153,15693.428710738575,130617.9458385347,0.0,55.1968064871979,0.0,0.0,0.0,False,False,False
main,tv_dro_rho_0p01,tv_dro,2025-04-01,97,True,True,20,,0.01,0.7,20.0,optimal_decomposed,77.4272512000025,77.4263873000018,0.0,1,2,15462.571691668627,498.3322510884225,15960.90394275705,15385.609047394995,15883.941298483418,128015.32531446965,0.0,55.49240331231658,0.0,0.0,0.0,False,False,False
main,tv_dro_rho_0p01,tv_dro,2025-04-01,98,True,True,20,,0.01,0.7,20.0,optimal_decomposed,77.4272512000025,77.4263873000018,0.0,1,2,15462.571691668627,498.3322510884225,15960.90394275705,15493.929973202634,15992.262224291057,128961.66141930154,0.007569312128888672,44.80117680691458,0.0,0.0,0.0,False,False,False
main,tv_dro_rho_0p01,tv_dro,2025-04-01,99,True,True,20,,0.01,0.7,20.0,optimal_decomposed,77.4272512000025,77.4263873000018,0.0,1,2,15462.571691668627,498.3322510884225,15960.90394275705,15122.440469823852,15620.772720912275,124982.18610448272,0.0,56.16174583408156,0.0,0.0,0.0,False,False,False
main,tv_dro_rho_0p01,tv_dro,2025-07-01,0,True,True,20,,0.01,0.7,20.0,optimal_decomposed,74.86793700000271,74.86730160000297,0.0,1,2,15865.460962360698,295.2709491819056,16160.731911542603,14977.772434409724,15273.04338359163,151720.9483210396,0.0,60.49494841626866,0.0,0.0,0.0,False,False,False
main,tv_dro_rho_0p01,tv_dro,2025-07-01,1,True,True,20,,0.01,0.7,20.0,optimal_decomposed,74.86793700000271,74.86730160000297,0.0,1,2,15865.460962360698,295.2709491819056,16160.731911542603,16270.39115667213,16565.662105854037,168641.9316621325,0.0,67.77123038720359,0.0,0.0,0.0,False,False,False
main,tv_dro_rho_0p01,tv_dro,2025-07-01,2,True,True,20,,0.01,0.7,20.0,optimal_decomposed,74.86793700000271,74.86730160000297,0.0,1,2,15865.460962360698,295.2709491819056,16160.731911542603,15551.97999766245,15847.250946844357,161504.61014837888,0.0,53.607481292753235,0.0,0.0,0.0,False,False,False
main,tv_dro_rho_0p01,tv_dro,2025-07-01,3,True,True,20,,0.01,0.7,20.0,optimal_decomposed,74.86793700000271,74.86730160000297,0.0,1,2,15865.460962360698,295.2709491819056,16160.731911542603,15973.880598206117,16269.151547388023,169094.45374896616,0.0,61.260878469050446,0.0,0.0,0.0,False,False,False
main,tv_dro_rho_0p01,tv_dro,2025-07-01,4,True,True,20,,0.01,0.7,20.0,optimal_decomposed,74.86793700000271,74.86730160000297,0.0,1,2,15865.460962360698,295.2709491819056,16160.731911542603,15697.516996568742,15992.787945750648,167411.4464348149,0.0,54.144684742799214,0.0,0.0,0.0,False,False,False
main,tv_dro_rho_0p01,tv_dro,2025-07-01,5,True,True,20,,0.01,0.7,20.0,optimal_decomposed,74.86793700000271,74.86730160000297,0.0,1,2,15865.460962360698,295.2709491819056,16160.731911542603,16197.181237477742,16492.452186659648,179987.25802966402,0.0,60.51495942415223,0.0,0.0,0.0,False,False,False
main,tv_dro_rho_0p01,tv_dro,2025-07-01,6,True,True,20,,0.01,0.7,20.0,optimal_decomposed,74.86793700000271,74.86730160000297,0.0,1,2,15865.460962360698,295.2709491819056,16160.731911542603,16618.762377264553,16914.033326446457,172660.07520406,0.0,58.13664540483519,0.0,0.0,0.0,False,False,False
main,tv_dro_rho_0p01,tv_dro,2025-07-01,7,True,True,20,,0.01,0.7,20.0,optimal_decomposed,74.86793700000271,74.86730160000297,0.0,1,2,15865.460962360698,295.2709491819056,16160.731911542603,15872.833434138985,16168.104383320891,156549.5976358412,0.0,57.19180621244388,0.0,0.0,0.0,False,False,False
main,tv_dro_rho_0p01,tv_dro,2025-07-01,8,True,True,20,,0.01,0.7,20.0,optimal_decomposed,74.86793700000271,74.86730160000297,0.0,1,2,15865.460962360698,295.2709491819056,16160.731911542603,15991.795365197657,16287.066314379563,169753.42258154642,0.0255647053036957,58.81787273478664,0.0,0.0,0.0,False,False,False
main,tv_dro_rho_0p01,tv_dro,2025-07-01,9,True,True,20,,0.01,0.7,20.0,optimal_decomposed,74.86793700000271,74.86730160000297,0.0,1,2,15865.460962360698,295.2709491819056,16160.731911542603,16330.411630308181,16625.682579490087,172662.1776856647,0.0,66.69034296115615,0.0,0.0,0.0,False,False,False
main,tv_dro_rho_0p01,tv_dro,2025-07-01,10,True,True,20,,0.01,0.7,20.0,optimal_decomposed,74.86793700000271,74.86730160000297,0.0,1,2,15865.460962360698,295.2709491819056,16160.731911542603,15810.911196206865,16106.182145388771,163159.16108205283,0.0,57.242504134466024,0.0,0.0,0.0,False,False,False
main,tv_dro_rho_0p01,tv_dro,2025-07-01,11,True,True,20,,0.01,0.7,20.0,optimal_decomposed,74.86793700000271,74.86730160000297,0.0,1,2,15865.460962360698,295.2709491819056,16160.731911542603,15904.395332187463,16199.66628136937,162623.19600819104,0.0,52.99072204027627,0.0,0.0,0.0,False,False,False
main,tv_dro_rho_0p01,tv_dro,2025-07-01,12,True,True,20,,0.01,0.7,20.0,optimal_decomposed,74.86793700000271,74.86730160000297,0.0,1,2,15865.460962360698,295.2709491819056,16160.731911542603,16249.542376343077,16544.81332552498,175744.74632755577,0.0,55.24365622971494,0.0,0.0,0.0,False,False,False
main,tv_dro_rho_0p01,tv_dro,2025-07-01,13,True,True,20,,0.01,0.7,20.0,optimal_decomposed,74.86793700000271,74.86730160000297,0.0,1,2,15865.460962360698,295.2709491819056,16160.731911542603,16556.163901095755,16851.43485027766,176834.13825856528,0.0,61.93627130732633,0.0,0.0,0.0,False,False,False
main,tv_dro_rho_0p01,tv_dro,2025-07-01,14,True,True,20,,0.01,0.7,20.0,optimal_decomposed,74.86793700000271,74.86730160000297,0.0,1,2,15865.460962360698,295.2709491819056,16160.731911542603,15614.801432042022,15910.072381223928,158824.44029188863,0.0,57.84210221677507,0.0,0.0,0.0,False,False,False
main,tv_dro_rho_0p01,tv_dro,2025-07-01,15,True,True,20,,0.01,0.7,20.0,optimal_decomposed,74.86793700000271,74.86730160000297,0.0,1,2,15865.460962360698,295.2709491819056,16160.731911542603,15383.90598431606,15679.176933497965,154514.82470321792,0.0,52.28879279476163,0.0,0.0,0.0,False,False,False
main,tv_dro_rho_0p01,tv_dro,2025-07-01,16,True,True,20,,0.01,0.7,20.0,optimal_decomposed,74.86793700000271,74.86730160000297,0.0,1,2,15865.460962360698,295.2709491819056,16160.731911542603,15308.856471371,15604.127420552906,151673.68750474742,0.0,54.189515327912794,0.0,0.0,0.0,False,False,False
main,tv_dro_rho_0p01,tv_dro,2025-07-01,17,True,True,20,,0.01,0.7,20.0,optimal_decomposed,74.86793700000271,74.86730160000297,0.0,1,2,15865.460962360698,295.2709491819056,16160.731911542603,16037.586159241233,16332.857108423139,157775.02823508412,0.0,65.90976838216744,0.0,0.0,0.0,False,False,False
main,tv_dro_rho_0p01,tv_dro,2025-07-01,18,True,True,20,,0.01,0.7,20.0,optimal_decomposed,74.86793700000271,74.86730160000297,0.0,1,2,15865.460962360698,295.2709491819056,16160.731911542603,16529.787918099475,16825.05886728138,168235.98755649664,0.0,60.769173816723544,0.0,0.0,0.0,False,False,False
main,tv_dro_rho_0p01,tv_dro,2025-07-01,19,True,True,20,,0.01,0.7,20.0,optimal_decomposed,74.86793700000271,74.86730160000297,0.0,1,2,15865.460962360698,295.2709491819056,16160.731911542603,15710.16457953275,16005.435528714655,168108.9705271041,0.0,57.394080854344054,0.0,0.0,0.0,False,False,False
main,tv_dro_rho_0p01,tv_dro,2025-07-01,20,True,True,20,,0.01,0.7,20.0,optimal_decomposed,74.86793700000271,74.86730160000297,0.0,1,2,15865.460962360698,295.2709491819056,16160.731911542603,16494.239800300362,16789.510749482266,173475.89330786763,0.0,53.80452416966848,0.0,0.0,0.0,False,False,False
main,tv_dro_rho_0p01,tv_dro,2025-07-01,21,True,True,20,,0.01,0.7,20.0,optimal_decomposed,74.86793700000271,74.86730160000297,0.0,1,2,15865.460962360698,295.2709491819056,16160.731911542603,15788.113959118065,16083.384908299971,155897.42906823056,0.01656327298464927,52.225912574098516,0.0,0.0,0.0,False,False,False
main,tv_dro_rho_0p01,tv_dro,2025-07-01,22,True,True,20,,0.01,0.7,20.0,optimal_decomposed,74.86793700000271,74.86730160000297,0.0,1,2,15865.460962360698,295.2709491819056,16160.731911542603,16251.642721676091,16546.913670857997,170059.89154608027,0.0,56.85185302115397,0.0,0.0,0.0,False,False,False
main,tv_dro_rho_0p01,tv_dro,2025-07-01,23,True,True,20,,0.01,0.7,20.0,optimal_decomposed,74.86793700000271,74.86730160000297,0.0,1,2,15865.460962360698,295.2709491819056,16160.731911542603,16060.247488979268,16355.518438161174,169380.19717536386,0.0,58.14737325777846,0.0,0.0,0.0,False,False,False
main,tv_dro_rho_0p01,tv_dro,2025-07-01,24,True,True,20,,0.01,0.7,20.0,optimal_decomposed,74.86793700000271,74.86730160000297,0.0,1,2,15865.460962360698,295.2709491819056,16160.731911542603,16042.64392416876,16337.914873350666,160482.9934539424,0.0,66.78781536450465,0.0,0.0,0.0,False,False,False
main,tv_dro_rho_0p01,tv_dro,2025-07-01,25,True,True,20,,0.01,0.7,20.0,optimal_decomposed,74.86793700000271,74.86730160000297,0.0,1,2,15865.460962360698,295.2709491819056,16160.731911542603,17574.973171450714,17870.24412063262,199070.67324420123,0.0,53.52610293046565,0.0,0.0,0.0,False,False,False
main,tv_dro_rho_0p01,tv_dro,2025-07-01,26,True,True,20,,0.01,0.7,20.0,optimal_decomposed,74.86793700000271,74.86730160000297,0.0,1,2,15865.460962360698,295.2709491819056,16160.731911542603,15827.982004960393,16123.2529541423,166527.13226849938,0.0,65.68728825669275,0.0,0.0,0.0,False,False,False
main,tv_dro_rho_0p01,tv_dro,2025-07-01,27,True,True,20,,0.01,0.7,20.0,optimal_decomposed,74.86793700000271,74.86730160000297,0.0,1,2,15865.460962360698,295.2709491819056,16160.731911542603,15185.664809879205,15480.93575906111,151326.97965302248,0.0,64.14798521068697,0.0,0.0,0.0,False,False,False
main,tv_dro_rho_0p01,tv_dro,2025-07-01,28,True,True,20,,0.01,0.7,20.0,optimal_decomposed,74.86793700000271,74.86730160000297,0.0,1,2,15865.460962360698,295.2709491819056,16160.731911542603,16120.1701679114,16415.441117093305,166112.0870418831,0.0,50.16835887385922,0.0,0.0,0.0,False,False,False
main,tv_dro_rho_0p01,tv_dro,2025-07-01,29,True,True,20,,0.01,0.7,20.0,optimal_decomposed,74.86793700000271,74.86730160000297,0.0,1,2,15865.460962360698,295.2709491819056,16160.731911542603,16152.771216314066,16448.042165495972,175700.46410192162,0.0,48.740491310823685,0.0,0.0,0.0,False,False,False
main,tv_dro_rho_0p01,tv_dro,2025-07-01,30,True,True,20,,0.01,0.7,20.0,optimal_decomposed,74.86793700000271,74.86730160000297,0.0,1,2,15865.460962360698,295.2709491819056,16160.731911542603,15409.244773707678,15704.515722889584,145368.13052787608,0.0,53.58503983063095,0.0,0.0,0.0,False,False,False
main,tv_dro_rho_0p01,tv_dro,2025-07-01,31,True,True,20,,0.01,0.7,20.0,optimal_decomposed,74.86793700000271,74.86730160000297,0.0,1,2,15865.460962360698,295.2709491819056,16160.731911542603,16542.47526413085,16837.746213312756,183214.6672883837,0.0,56.85510111395981,0.0,0.0,0.0,False,False,False
main,tv_dro_rho_0p01,tv_dro,2025-07-01,32,True,True,20,,0.01,0.7,20.0,optimal_decomposed,74.86793700000271,74.86730160000297,0.0,1,2,15865.460962360698,295.2709491819056,16160.731911542603,15667.604879197223,15962.875828379129,163963.7298101838,0.0,63.296648361833796,0.0,0.0,0.0,False,False,False
main,tv_dro_rho_0p01,tv_dro,2025-07-01,33,True,True,20,,0.01,0.7,20.0,optimal_decomposed,74.86793700000271,74.86730160000297,0.0,1,2,15865.460962360698,295.2709491819056,16160.731911542603,17082.771342402582,17378.042291584487,198684.98863374535,0.0,72.1615969533355,0.0,0.0,0.0,False,False,False
main,tv_dro_rho_0p01,tv_dro,2025-07-01,34,True,True,20,,0.01,0.7,20.0,optimal_decomposed,74.86793700000271,74.86730160000297,0.0,1,2,15865.460962360698,295.2709491819056,16160.731911542603,16453.624848053194,16748.895797235098,173571.521111046,0.0,62.086257853529276,0.0,0.0,0.0,False,False,False
main,tv_dro_rho_0p01,tv_dro,2025-07-01,35,True,True,20,,0.01,0.7,20.0,optimal_decomposed,74.86793700000271,74.86730160000297,0.0,1,2,15865.460962360698,295.2709491819056,16160.731911542603,16033.048354888651,16328.319304070557,155992.63375437958,0.0,60.67180410845646,0.0,0.0,0.0,False,False,False
main,tv_dro_rho_0p01,tv_dro,2025-07-01,36,True,True,20,,0.01,0.7,20.0,optimal_decomposed,74.86793700000271,74.86730160000297,0.0,1,2,15865.460962360698,295.2709491819056,16160.731911542603,15374.797232038236,15670.068181220142,155333.2246200043,0.0,66.36453295610782,0.0,0.0,0.0,False,False,False
main,tv_dro_rho_0p01,tv_dro,2025-07-01,37,True,True,20,,0.01,0.7,20.0,optimal_decomposed,74.86793700000271,74.86730160000297,0.0,1,2,15865.460962360698,295.2709491819056,16160.731911542603,15652.322780964332,15947.593730146238,163044.8230960667,0.0,46.98881375462247,0.0,0.0,0.0,False,False,False
main,tv_dro_rho_0p01,tv_dro,2025-07-01,38,True,True,20,,0.01,0.7,20.0,optimal_decomposed,74.86793700000271,74.86730160000297,0.0,1,2,15865.460962360698,295.2709491819056,16160.731911542603,15806.575249435544,16101.84619861745,165481.53293430584,0.0,51.59304865255174,0.0,0.0,0.0,False,False,False
main,tv_dro_rho_0p01,tv_dro,2025-07-01,39,True,True,20,,0.01,0.7,20.0,optimal_decomposed,74.86793700000271,74.86730160000297,0.0,1,2,15865.460962360698,295.2709491819056,16160.731911542603,15989.350623242804,16284.62157242471,175077.0844700727,0.0,50.85447613557145,0.0,0.0,0.0,False,False,False
main,tv_dro_rho_0p01,tv_dro,2025-07-01,40,True,True,20,,0.01,0.7,20.0,optimal_decomposed,74.86793700000271,74.86730160000297,0.0,1,2,15865.460962360698,295.2709491819056,16160.731911542603,16354.269083652769,16649.540032834673,176203.8693057448,0.0,48.19699455143796,0.0,0.0,0.0,False,False,False
main,tv_dro_rho_0p01,tv_dro,2025-07-01,41,True,True,20,,0.01,0.7,20.0,optimal_decomposed,74.86793700000271,74.86730160000297,0.0,1,2,15865.460962360698,295.2709491819056,16160.731911542603,15972.654428652035,16267.92537783394,171260.03730296224,0.0,43.86573571989,0.0,0.0,0.0,False,False,False
main,tv_dro_rho_0p01,tv_dro,2025-07-01,42,True,True,20,,0.01,0.7,20.0,optimal_decomposed,74.86793700000271,74.86730160000297,0.0,1,2,15865.460962360698,295.2709491819056,16160.731911542603,16389.153474334045,16684.42442351595,170746.68904395477,0.08918469898143094,64.5247670036995,0.0,0.0,0.0,False,False,False
main,tv_dro_rho_0p01,tv_dro,2025-07-01,43,True,True,20,,0.01,0.7,20.0,optimal_decomposed,74.86793700000271,74.86730160000297,0.0,1,2,15865.460962360698,295.2709491819056,16160.731911542603,15232.552223529687,15527.823172711593,152498.9316722135,0.0,58.74979235152985,0.0,0.0,0.0,False,False,False
main,tv_dro_rho_0p01,tv_dro,2025-07-01,44,True,True,20,,0.01,0.7,20.0,optimal_decomposed,74.86793700000271,74.86730160000297,0.0,1,2,15865.460962360698,295.2709491819056,16160.731911542603,15802.846177181318,16098.117126363224,160312.64994616687,0.0,58.53529400445483,0.0,0.0,0.0,False,False,False
main,tv_dro_rho_0p01,tv_dro,2025-07-01,45,True,True,20,,0.01,0.7,20.0,optimal_decomposed,74.86793700000271,74.86730160000297,0.0,1,2,15865.460962360698,295.2709491819056,16160.731911542603,16376.308946393789,16671.579895575695,177242.85933029468,0.0,66.09115805539768,0.0,0.0,0.0,False,False,False
main,tv_dro_rho_0p01,tv_dro,2025-07-01,46,True,True,20,,0.01,0.7,20.0,optimal_decomposed,74.86793700000271,74.86730160000297,0.0,1,2,15865.460962360698,295.2709491819056,16160.731911542603,16435.045564452077,16730.31651363398,168752.96825087376,0.0052605814655330985,60.8312896934117,0.0,0.0,0.0,False,False,False
main,tv_dro_rho_0p01,tv_dro,2025-07-01,47,True,True,20,,0.01,0.7,20.0,optimal_decomposed,74.86793700000271,74.86730160000297,0.0,1,2,15865.460962360698,295.2709491819056,16160.731911542603,16509.17537921312,16804.446328395024,175481.03835407278,0.0,59.10973390650891,0.0,0.0,0.0,False,False,False
main,tv_dro_rho_0p01,tv_dro,2025-07-01,48,True,True,20,,0.01,0.7,20.0,optimal_decomposed,74.86793700000271,74.86730160000297,0.0,1,2,15865.460962360698,295.2709491819056,16160.731911542603,16909.05988837625,17204.330837558155,184270.77642510165,0.0,56.56869329058412,0.0,0.0,0.0,False,False,False
main,tv_dro_rho_0p01,tv_dro,2025-07-01,49,True,True,20,,0.01,0.7,20.0,optimal_decomposed,74.86793700000271,74.86730160000297,0.0,1,2,15865.460962360698,295.2709491819056,16160.731911542603,16616.179942387134,16911.45089156904,180511.98061684112,0.0,67.92838132183942,0.0,0.0,0.0,False,False,False
main,tv_dro_rho_0p01,tv_dro,2025-07-01,50,True,True,20,,0.01,0.7,20.0,optimal_decomposed,74.86793700000271,74.86730160000297,0.0,1,2,15865.460962360698,295.2709491819056,16160.731911542603,15682.891552261653,15978.16250144356,169025.07418077352,0.0,63.50307737021157,0.0,0.0,0.0,False,False,False
main,tv_dro_rho_0p01,tv_dro,2025-07-01,51,True,True,20,,0.01,0.7,20.0,optimal_decomposed,74.86793700000271,74.86730160000297,0.0,1,2,15865.460962360698,295.2709491819056,16160.731911542603,15632.839991867686,15928.110941049592,159650.3615599227,0.0,57.89325073797857,0.0,0.0,0.0,False,False,False
main,tv_dro_rho_0p01,tv_dro,2025-07-01,52,True,True,20,,0.01,0.7,20.0,optimal_decomposed,74.86793700000271,74.86730160000297,0.0,1,2,15865.460962360698,295.2709491819056,16160.731911542603,16799.3726871703,17094.643636352204,181298.67647135098,0.0,59.8647448455096,0.0,0.0,0.0,False,False,False
main,tv_dro_rho_0p01,tv_dro,2025-07-01,53,True,True,20,,0.01,0.7,20.0,optimal_decomposed,74.86793700000271,74.86730160000297,0.0,1,2,15865.460962360698,295.2709491819056,16160.731911542603,15863.958759858311,16159.229709040217,162950.20589775304,0.0,49.1854238036653,0.0,0.0,0.0,False,False,False
main,tv_dro_rho_0p01,tv_dro,2025-07-01,54,True,True,20,,0.01,0.7,20.0,optimal_decomposed,74.86793700000271,74.86730160000297,0.0,1,2,15865.460962360698,295.2709491819056,16160.731911542603,16965.93665375743,17261.207602939336,178331.24264022222,0.0,55.6281664449575,0.0,0.0,0.0,False,False,False
main,tv_dro_rho_0p01,tv_dro,2025-07-01,55,True,True,20,,0.01,0.7,20.0,optimal_decomposed,74.86793700000271,74.86730160000297,0.0,1,2,15865.460962360698,295.2709491819056,16160.731911542603,16011.753186039086,16307.024135220992,165710.9259765637,0.0,62.88554793441912,0.0,0.0,0.0,False,False,False
main,tv_dro_rho_0p01,tv_dro,2025-07-01,56,True,True,20,,0.01,0.7,20.0,optimal_decomposed,74.86793700000271,74.86730160000297,0.0,1,2,15865.460962360698,295.2709491819056,16160.731911542603,16221.677831589404,16516.94878077131,169272.85793512358,0.0,48.69774887240072,0.0,0.0,0.0,False,False,False
main,tv_dro_rho_0p01,tv_dro,2025-07-01,57,True,True,20,,0.01,0.7,20.0,optimal_decomposed,74.86793700000271,74.86730160000297,0.0,1,2,15865.460962360698,295.2709491819056,16160.731911542603,16206.425549652626,16501.69649883453,163629.13499604535,0.0,55.520890564598396,0.0,0.0,0.0,False,False,False
main,tv_dro_rho_0p01,tv_dro,2025-07-01,58,True,True,20,,0.01,0.7,20.0,optimal_decomposed,74.86793700000271,74.86730160000297,0.0,1,2,15865.460962360698,295.2709491819056,16160.731911542603,16760.745112345994,17056.0160615279,185575.78820736505,0.0,65.60802792165852,0.0,0.0,0.0,False,False,False
main,tv_dro_rho_0p01,tv_dro,2025-07-01,59,True,True,20,,0.01,0.7,20.0,optimal_decomposed,74.86793700000271,74.86730160000297,0.0,1,2,15865.460962360698,295.2709491819056,16160.731911542603,17081.552727905346,17376.82367708725,186045.16998508904,0.0,60.91713182176555,0.0,0.0,0.0,False,False,False
main,tv_dro_rho_0p01,tv_dro,2025-07-01,60,True,True,20,,0.01,0.7,20.0,optimal_decomposed,74.86793700000271,74.86730160000297,0.0,1,2,15865.460962360698,295.2709491819056,16160.731911542603,16028.66733764118,16323.938286823086,173361.4253076694,0.0,58.230543920899954,0.0,0.0,0.0,False,False,False
main,tv_dro_rho_0p01,tv_dro,2025-07-01,61,True,True,20,,0.01,0.7,20.0,optimal_decomposed,74.86793700000271,74.86730160000297,0.0,1,2,15865.460962360698,295.2709491819056,16160.731911542603,16131.597654720143,16426.868603902047,170782.91127001224,0.0,44.337181666467266,0.0,0.0,0.0,False,False,False
main,tv_dro_rho_0p01,tv_dro,2025-07-01,62,True,True,20,,0.01,0.7,20.0,optimal_decomposed,74.86793700000271,74.86730160000297,0.0,1,2,15865.460962360698,295.2709491819056,16160.731911542603,15474.063486489898,15769.334435671804,154886.1924279857,0.0,60.92943329424592,0.0,0.0,0.0,False,False,False
main,tv_dro_rho_0p01,tv_dro,2025-07-01,63,True,True,20,,0.01,0.7,20.0,optimal_decomposed,74.86793700000271,74.86730160000297,0.0,1,2,15865.460962360698,295.2709491819056,16160.731911542603,16071.677001829546,16366.947951011452,165773.84807124475,0.0,66.8745885925622,0.0,0.0,0.0,False,False,False
main,tv_dro_rho_0p01,tv_dro,2025-07-01,64,True,True,20,,0.01,0.7,20.0,optimal_decomposed,74.86793700000271,74.86730160000297,0.0,1,2,15865.460962360698,295.2709491819056,16160.731911542603,15847.208968132643,16142.47991731455,156191.3527525079,0.0,55.063011641565375,0.0,0.0,0.0,False,False,False
main,tv_dro_rho_0p01,tv_dro,2025-07-01,65,True,True,20,,0.01,0.7,20.0,optimal_decomposed,74.86793700000271,74.86730160000297,0.0,1,2,15865.460962360698,295.2709491819056,16160.731911542603,16639.109482373613,16934.380431555517,168670.99479368085,0.0,57.50753164452603,0.0,0.0,0.0,False,False,False
main,tv_dro_rho_0p01,tv_dro,2025-07-01,66,True,True,20,,0.01,0.7,20.0,optimal_decomposed,74.86793700000271,74.86730160000297,0.0,1,2,15865.460962360698,295.2709491819056,16160.731911542603,16257.262614496458,16552.533563678364,174373.1289132525,0.0,69.69902771400088,0.0,0.0,0.0,False,False,False
main,tv_dro_rho_0p01,tv_dro,2025-07-01,67,True,True,20,,0.01,0.7,20.0,optimal_decomposed,74.86793700000271,74.86730160000297,0.0,1,2,15865.460962360698,295.2709491819056,16160.731911542603,15153.160025529549,15448.430974711455,151608.20897318132,0.0,53.363767742819476,0.0,0.0,0.0,False,False,False
main,tv_dro_rho_0p01,tv_dro,2025-07-01,68,True,True,20,,0.01,0.7,20.0,optimal_decomposed,74.86793700000271,74.86730160000297,0.0,1,2,15865.460962360698,295.2709491819056,16160.731911542603,17217.380588644086,17512.65153782599,192092.86525827806,0.0,59.72753768263762,0.0,0.0,0.0,False,False,False
main,tv_dro_rho_0p01,tv_dro,2025-07-01,69,True,True,20,,0.01,0.7,20.0,optimal_decomposed,74.86793700000271,74.86730160000297,0.0,1,2,15865.460962360698,295.2709491819056,16160.731911542603,17313.885873798234,17609.156822980138,187837.41110426336,0.0,59.94910200818649,0.0,0.0,0.0,False,False,False
main,tv_dro_rho_0p01,tv_dro,2025-07-01,70,True,True,20,,0.01,0.7,20.0,optimal_decomposed,74.86793700000271,74.86730160000297,0.0,1,2,15865.460962360698,295.2709491819056,16160.731911542603,16545.453716718766,16840.72466590067,180024.05928589497,0.0,63.622840534015765,0.0,0.0,0.0,False,False,False
main,tv_dro_rho_0p01,tv_dro,2025-07-01,71,True,True,20,,0.01,0.7,20.0,optimal_decomposed,74.86793700000271,74.86730160000297,0.0,1,2,15865.460962360698,295.2709491819056,16160.731911542603,15198.596422925335,15493.867372107241,162698.12708176835,0.0,70.47648046535676,0.0,0.0,0.0,False,False,False
main,tv_dro_rho_0p01,tv_dro,2025-07-01,72,True,True,20,,0.01,0.7,20.0,optimal_decomposed,74.86793700000271,74.86730160000297,0.0,1,2,15865.460962360698,295.2709491819056,16160.731911542603,15817.017241419544,16112.28819060145,162378.9788178383,0.0,65.64888573305376,0.0,0.0,0.0,False,False,False
main,tv_dro_rho_0p01,tv_dro,2025-07-01,73,True,True,20,,0.01,0.7,20.0,optimal_decomposed,74.86793700000271,74.86730160000297,0.0,1,2,15865.460962360698,295.2709491819056,16160.731911542603,16077.272281883139,16372.543231065045,164910.33130547314,0.0,60.681807483016684,0.0,0.0,0.0,False,False,False
main,tv_dro_rho_0p01,tv_dro,2025-07-01,74,True,True,20,,0.01,0.7,20.0,optimal_decomposed,74.86793700000271,74.86730160000297,0.0,1,2,15865.460962360698,295.2709491819056,16160.731911542603,15854.37693875455,16149.647887936457,153437.71437724418,0.0,57.059021699817826,0.0,0.0,0.0,False,False,False
main,tv_dro_rho_0p01,tv_dro,2025-07-01,75,True,True,20,,0.01,0.7,20.0,optimal_decomposed,74.86793700000271,74.86730160000297,0.0,1,2,15865.460962360698,295.2709491819056,16160.731911542603,16412.71513264714,16707.986081829044,170170.7966913371,0.023703068181614745,58.51972198992261,0.0,0.0,0.0,False,False,False
main,tv_dro_rho_0p01,tv_dro,2025-07-01,76,True,True,20,,0.01,0.7,20.0,optimal_decomposed,74.86793700000271,74.86730160000297,0.0,1,2,15865.460962360698,295.2709491819056,16160.731911542603,16532.360417089036,16827.63136627094,186784.35303455582,0.0,56.38622813661967,0.0,0.0,0.0,False,False,False
main,tv_dro_rho_0p01,tv_dro,2025-07-01,77,True,True,20,,0.01,0.7,20.0,optimal_decomposed,74.86793700000271,74.86730160000297,0.0,1,2,15865.460962360698,295.2709491819056,16160.731911542603,15497.031413601513,15792.302362783419,153777.07973117143,0.0,56.78946568281274,0.0,0.0,0.0,False,False,False
main,tv_dro_rho_0p01,tv_dro,2025-07-01,78,True,True,20,,0.01,0.7,20.0,optimal_decomposed,74.86793700000271,74.86730160000297,0.0,1,2,15865.460962360698,295.2709491819056,16160.731911542603,15500.64362803001,15795.914577211915,159614.52893029083,0.0,62.93186812928538,0.0,0.0,0.0,False,False,False
main,tv_dro_rho_0p01,tv_dro,2025-07-01,79,True,True,20,,0.01,0.7,20.0,optimal_decomposed,74.86793700000271,74.86730160000297,0.0,1,2,15865.460962360698,295.2709491819056,16160.731911542603,16625.76550745737,16921.036456639275,180410.15162487022,0.0,54.178417343673914,0.0,0.0,0.0,False,False,False
main,tv_dro_rho_0p01,tv_dro,2025-07-01,80,True,True,20,,0.01,0.7,20.0,optimal_decomposed,74.86793700000271,74.86730160000297,0.0,1,2,15865.460962360698,295.2709491819056,16160.731911542603,16795.154219586788,17090.425168768692,179231.39466357624,0.0,57.77651979736845,0.0,0.0,0.0,False,False,False
main,tv_dro_rho_0p01,tv_dro,2025-07-01,81,True,True,20,,0.01,0.7,20.0,optimal_decomposed,74.86793700000271,74.86730160000297,0.0,1,2,15865.460962360698,295.2709491819056,16160.731911542603,15993.645618828295,16288.916568010201,165305.39819011255,0.0,67.91294185436652,0.0,0.0,0.0,False,False,False
main,tv_dro_rho_0p01,tv_dro,2025-07-01,82,True,True,20,,0.01,0.7,20.0,optimal_decomposed,74.86793700000271,74.86730160000297,0.0,1,2,15865.460962360698,295.2709491819056,16160.731911542603,15751.907636193235,16047.17858537514,163213.774807448,0.0,52.0759956408308,0.0,0.0,0.0,False,False,False
main,tv_dro_rho_0p01,tv_dro,2025-07-01,83,True,True,20,,0.01,0.7,20.0,optimal_decomposed,74.86793700000271,74.86730160000297,0.0,1,2,15865.460962360698,295.2709491819056,16160.731911542603,16754.741741509577,17050.01269069148,183719.73211433078,0.0,58.803770300569795,0.0,0.0,0.0,False,False,False
main,tv_dro_rho_0p01,tv_dro,2025-07-01,84,True,True,20,,0.01,0.7,20.0,optimal_decomposed,74.86793700000271,74.86730160000297,0.0,1,2,15865.460962360698,295.2709491819056,16160.731911542603,16709.58730332299,17004.858252504895,183259.86796548858,0.0,57.322175739968266,0.0,0.0,0.0,False,False,False
main,tv_dro_rho_0p01,tv_dro,2025-07-01,85,True,True,20,,0.01,0.7,20.0,optimal_decomposed,74.86793700000271,74.86730160000297,0.0,1,2,15865.460962360698,295.2709491819056,16160.731911542603,16378.552448362567,16673.82339754447,171599.78883228893,0.0,67.37876610705985,0.0,0.0,0.0,False,False,False
main,tv_dro_rho_0p01,tv_dro,2025-07-01,86,True,True,20,,0.01,0.7,20.0,optimal_decomposed,74.86793700000271,74.86730160000297,0.0,1,2,15865.460962360698,295.2709491819056,16160.731911542603,16200.475724693959,16495.746673875863,172157.94033821288,0.0,52.217373440217365,0.0,0.0,0.0,False,False,False
main,tv_dro_rho_0p01,tv_dro,2025-07-01,87,True,True,20,,0.01,0.7,20.0,optimal_decomposed,74.86793700000271,74.86730160000297,0.0,1,2,15865.460962360698,295.2709491819056,16160.731911542603,15544.97493618769,15840.245885369595,150415.6685988636,0.0,58.72884575071338,0.0,0.0,0.0,False,False,False
main,tv_dro_rho_0p01,tv_dro,2025-07-01,88,True,True,20,,0.01,0.7,20.0,optimal_decomposed,74.86793700000271,74.86730160000297,0.0,1,2,15865.460962360698,295.2709491819056,16160.731911542603,15327.089626050127,15622.360575232033,153749.87942816305,0.0,64.51656125548084,0.0,0.0,0.0,False,False,False
main,tv_dro_rho_0p01,tv_dro,2025-07-01,89,True,True,20,,0.01,0.7,20.0,optimal_decomposed,74.86793700000271,74.86730160000297,0.0,1,2,15865.460962360698,295.2709491819056,16160.731911542603,16330.902269161643,16626.17321834355,168877.54460912177,0.0,57.719274087857976,0.0,0.0,0.0,False,False,False
main,tv_dro_rho_0p01,tv_dro,2025-07-01,90,True,True,20,,0.01,0.7,20.0,optimal_decomposed,74.86793700000271,74.86730160000297,0.0,1,2,15865.460962360698,295.2709491819056,16160.731911542603,15860.41032417932,16155.681273361226,164372.75416295862,0.0,63.663644706531244,0.0,0.0,0.0,False,False,False
main,tv_dro_rho_0p01,tv_dro,2025-07-01,91,True,True,20,,0.01,0.7,20.0,optimal_decomposed,74.86793700000271,74.86730160000297,0.0,1,2,15865.460962360698,295.2709491819056,16160.731911542603,14904.372552200452,15199.643501382357,143867.90972318486,0.0,56.017486656138665,0.0,0.0,0.0,False,False,False
main,tv_dro_rho_0p01,tv_dro,2025-07-01,92,True,True,20,,0.01,0.7,20.0,optimal_decomposed,74.86793700000271,74.86730160000297,0.0,1,2,15865.460962360698,295.2709491819056,16160.731911542603,15578.919889497418,15874.190838679324,157961.73197394848,0.0,44.98069032955426,0.0,0.0,0.0,False,False,False
main,tv_dro_rho_0p01,tv_dro,2025-07-01,93,True,True,20,,0.01,0.7,20.0,optimal_decomposed,74.86793700000271,74.86730160000297,0.0,1,2,15865.460962360698,295.2709491819056,16160.731911542603,15703.916845450223,15999.18779463213,168679.85823035738,0.0,58.16937194982229,0.0,0.0,0.0,False,False,False
main,tv_dro_rho_0p01,tv_dro,2025-07-01,94,True,True,20,,0.01,0.7,20.0,optimal_decomposed,74.86793700000271,74.86730160000297,0.0,1,2,15865.460962360698,295.2709491819056,16160.731911542603,15770.029543855706,16065.300493037612,160589.104079701,0.0,54.434093703179116,0.0,0.0,0.0,False,False,False
main,tv_dro_rho_0p01,tv_dro,2025-07-01,95,True,True,20,,0.01,0.7,20.0,optimal_decomposed,74.86793700000271,74.86730160000297,0.0,1,2,15865.460962360698,295.2709491819056,16160.731911542603,15415.127867074425,15710.398816256331,157198.2766349578,0.0,58.071882848761625,0.0,0.0,0.0,False,False,False
main,tv_dro_rho_0p01,tv_dro,2025-07-01,96,True,True,20,,0.01,0.7,20.0,optimal_decomposed,74.86793700000271,74.86730160000297,0.0,1,2,15865.460962360698,295.2709491819056,16160.731911542603,15953.519619520033,16248.79056870194,163508.45055939574,0.0,55.8622356521547,0.0,0.0,0.0,False,False,False
main,tv_dro_rho_0p01,tv_dro,2025-07-01,97,True,True,20,,0.01,0.7,20.0,optimal_decomposed,74.86793700000271,74.86730160000297,0.0,1,2,15865.460962360698,295.2709491819056,16160.731911542603,15707.67192506715,16002.942874249056,160497.15665021894,0.0,58.92865184511622,0.0,0.0,0.0,False,False,False
main,tv_dro_rho_0p01,tv_dro,2025-07-01,98,True,True,20,,0.01,0.7,20.0,optimal_decomposed,74.86793700000271,74.86730160000297,0.0,1,2,15865.460962360698,295.2709491819056,16160.731911542603,15752.77581834893,16048.046767530835,162590.64408743705,0.0,48.31938428386414,0.0,0.0,0.0,False,False,False
main,tv_dro_rho_0p01,tv_dro,2025-07-01,99,True,True,20,,0.01,0.7,20.0,optimal_decomposed,74.86793700000271,74.86730160000297,0.0,1,2,15865.460962360698,295.2709491819056,16160.731911542603,15526.546288879632,15821.817238061538,157921.77541812608,0.0,58.56607166172515,0.0,0.0,0.0,False,False,False
main,tv_dro_rho_0p01,tv_dro,2025-10-01,0,True,True,20,,0.01,0.7,20.0,optimal_decomposed,74.52247270000225,74.52163529999962,0.0,1,2,16307.664624421883,533.9055933035839,16841.570217725468,15383.965121239045,15917.870714542629,175851.40644918996,0.04447364293549683,57.2069150770916,0.0,0.0,0.0,False,False,False
main,tv_dro_rho_0p01,tv_dro,2025-10-01,1,True,True,20,,0.01,0.7,20.0,optimal_decomposed,74.52247270000225,74.52163529999962,0.0,1,2,16307.664624421883,533.9055933035839,16841.570217725468,16671.310693268904,17205.21628657249,196219.1853534942,0.05663426110415953,63.16804164431095,0.0,0.0,0.0,False,False,False
main,tv_dro_rho_0p01,tv_dro,2025-10-01,2,True,True,20,,0.01,0.7,20.0,optimal_decomposed,74.52247270000225,74.52163529999962,0.0,1,2,16307.664624421883,533.9055933035839,16841.570217725468,15855.114248024094,16389.019841327678,187553.49322642802,0.028333434944215835,48.43400604055388,0.0,0.0,0.0,False,False,False
main,tv_dro_rho_0p01,tv_dro,2025-10-01,3,True,True,20,,0.01,0.7,20.0,optimal_decomposed,74.52247270000225,74.52163529999962,0.0,1,2,16307.664624421883,533.9055933035839,16841.570217725468,16536.676663703896,17070.58225700748,196135.16208746022,0.0,56.59121317211564,0.0,0.0,0.0,False,False,False
main,tv_dro_rho_0p01,tv_dro,2025-10-01,4,True,True,20,,0.01,0.7,20.0,optimal_decomposed,74.52247270000225,74.52163529999962,0.0,1,2,16307.664624421883,533.9055933035839,16841.570217725468,16139.617179376242,16673.522772679826,192247.27946914628,0.05943544424201369,52.43364705405049,0.0,0.0,0.0,False,False,False
main,tv_dro_rho_0p01,tv_dro,2025-10-01,5,True,True,20,,0.01,0.7,20.0,optimal_decomposed,74.52247270000225,74.52163529999962,0.0,1,2,16307.664624421883,533.9055933035839,16841.570217725468,16575.445375161966,17109.35096846555,206423.15892483873,0.0,60.16210991081914,0.0,0.0,0.0,False,False,False
main,tv_dro_rho_0p01,tv_dro,2025-10-01,6,True,True,20,,0.01,0.7,20.0,optimal_decomposed,74.52247270000225,74.52163529999962,0.0,1,2,16307.664624421883,533.9055933035839,16841.570217725468,16770.84903930794,17304.754632611526,198017.58134754532,0.0,49.94320293252552,0.0,0.0,0.0,False,False,False
main,tv_dro_rho_0p01,tv_dro,2025-10-01,7,True,True,20,,0.01,0.7,20.0,optimal_decomposed,74.52247270000225,74.52163529999962,0.0,1,2,16307.664624421883,533.9055933035839,16841.570217725468,15821.453066162314,16355.358659465897,182373.54253975002,0.0,53.59198279264111,0.0,0.0,0.0,False,False,False
main,tv_dro_rho_0p01,tv_dro,2025-10-01,8,True,True,20,,0.01,0.7,20.0,optimal_decomposed,74.52247270000225,74.52163529999962,0.0,1,2,16307.664624421883,533.9055933035839,16841.570217725468,16271.457308627469,16805.362901931054,195905.41479606862,0.1564594410875464,51.97238411288432,0.0,0.0,0.0,False,False,False
main,tv_dro_rho_0p01,tv_dro,2025-10-01,9,True,True,20,,0.01,0.7,20.0,optimal_decomposed,74.52247270000225,74.52163529999962,0.0,1,2,16307.664624421883,533.9055933035839,16841.570217725468,16628.700067932114,17162.6056612357,199137.9108556162,0.023819295176504607,62.02402364048389,0.0,0.0,0.0,False,False,False
main,tv_dro_rho_0p01,tv_dro,2025-10-01,10,True,True,20,,0.01,0.7,20.0,optimal_decomposed,74.52247270000225,74.52163529999962,0.0,1,2,16307.664624421883,533.9055933035839,16841.570217725468,16081.996235353761,16615.901828657345,190183.69949149402,0.0,55.03825205907764,0.0,0.0,0.0,False,False,False
main,tv_dro_rho_0p01,tv_dro,2025-10-01,11,True,True,20,,0.01,0.7,20.0,optimal_decomposed,74.52247270000225,74.52163529999962,0.0,1,2,16307.664624421883,533.9055933035839,16841.570217725468,16372.326725538538,16906.23231884212,188919.4958095729,0.05441382539801132,49.96314512842769,0.0,0.0,0.0,False,False,False
main,tv_dro_rho_0p01,tv_dro,2025-10-01,12,True,True,20,,0.01,0.7,20.0,optimal_decomposed,74.52247270000225,74.52163529999962,0.0,1,2,16307.664624421883,533.9055933035839,16841.570217725468,16379.388440264902,16913.294033568487,201869.62433748547,0.0,48.25277206387475,0.0,0.0,0.0,False,False,False
main,tv_dro_rho_0p01,tv_dro,2025-10-01,13,True,True,20,,0.01,0.7,20.0,optimal_decomposed,74.52247270000225,74.52163529999962,0.0,1,2,16307.664624421883,533.9055933035839,16841.570217725468,16893.359843110145,17427.26543641373,202911.80172470765,0.09122929881697803,56.023856874828624,0.0,0.0,0.0,False,False,False
main,tv_dro_rho_0p01,tv_dro,2025-10-01,14,True,True,20,,0.01,0.7,20.0,optimal_decomposed,74.52247270000225,74.52163529999962,0.0,1,2,16307.664624421883,533.9055933035839,16841.570217725468,15918.561056393584,16452.46664969717,183462.5019941348,0.0,50.701812099753866,0.0,0.0,0.0,False,False,False
main,tv_dro_rho_0p01,tv_dro,2025-10-01,15,True,True,20,,0.01,0.7,20.0,optimal_decomposed,74.52247270000225,74.52163529999962,0.0,1,2,16307.664624421883,533.9055933035839,16841.570217725468,15699.166923234734,16233.072516538317,179500.7731903536,0.0,48.312463682538464,0.0,0.0,0.0,False,False,False
main,tv_dro_rho_0p01,tv_dro,2025-10-01,16,True,True,20,,0.01,0.7,20.0,optimal_decomposed,74.52247270000225,74.52163529999962,0.0,1,2,16307.664624421883,533.9055933035839,16841.570217725468,15608.751961201919,16142.657554505502,175202.37501973074,0.0,51.0573076723514,0.0,0.0,0.0,False,False,False
main,tv_dro_rho_0p01,tv_dro,2025-10-01,17,True,True,20,,0.01,0.7,20.0,optimal_decomposed,74.52247270000225,74.52163529999962,0.0,1,2,16307.664624421883,533.9055933035839,16841.570217725468,16098.484260023544,16632.389853327128,182443.42090890204,0.2389786336575186,62.16657434390967,0.0,0.0,0.0,False,False,False
main,tv_dro_rho_0p01,tv_dro,2025-10-01,18,True,True,20,,0.01,0.7,20.0,optimal_decomposed,74.52247270000225,74.52163529999962,0.0,1,2,16307.664624421883,533.9055933035839,16841.570217725468,16653.618397628947,17187.523990932532,194144.04001052873,0.0,57.99924505377737,0.0,0.0,0.0,False,False,False
main,tv_dro_rho_0p01,tv_dro,2025-10-01,19,True,True,20,,0.01,0.7,20.0,optimal_decomposed,74.52247270000225,74.52163529999962,0.0,1,2,16307.664624421883,533.9055933035839,16841.570217725468,16004.173554393927,16538.07914769751,194227.63966657585,0.02743152028306839,53.678131910705844,0.0,0.0,0.0,False,False,False
main,tv_dro_rho_0p01,tv_dro,2025-10-01,20,True,True,20,,0.01,0.7,20.0,optimal_decomposed,74.52247270000225,74.52163529999962,0.0,1,2,16307.664624421883,533.9055933035839,16841.570217725468,16584.11777886513,17118.023372168715,200210.60477631295,0.0,50.016718235631615,0.0,0.0,0.0,False,False,False
main,tv_dro_rho_0p01,tv_dro,2025-10-01,21,True,True,20,,0.01,0.7,20.0,optimal_decomposed,74.52247270000225,74.52163529999962,0.0,1,2,16307.664624421883,533.9055933035839,16841.570217725468,15921.865589470073,16455.771182773657,181302.80965034518,0.0920376637240175,49.20172860599013,0.0,0.0,0.0,False,False,False
main,tv_dro_rho_0p01,tv_dro,2025-10-01,22,True,True,20,,0.01,0.7,20.0,optimal_decomposed,74.52247270000225,74.52163529999962,0.0,1,2,16307.664624421883,533.9055933035839,16841.570217725468,16463.718247676585,16997.62384098017,195908.6243803494,0.0,51.605888823906504,0.0,0.0,0.0,False,False,False
main,tv_dro_rho_0p01,tv_dro,2025-10-01,23,True,True,20,,0.01,0.7,20.0,optimal_decomposed,74.52247270000225,74.52163529999962,0.0,1,2,16307.664624421883,533.9055933035839,16841.570217725468,16660.506240351948,17194.411833655533,195249.0871132226,0.0,51.28762552256615,0.0,0.0,0.0,False,False,False
main,tv_dro_rho_0p01,tv_dro,2025-10-01,24,True,True,20,,0.01,0.7,20.0,optimal_decomposed,74.52247270000225,74.52163529999962,0.0,1,2,16307.664624421883,533.9055933035839,16841.570217725468,16278.346347337694,16812.25194064128,186429.20057572436,0.05212642278757615,58.967607519043874,0.0,0.0,0.0,False,False,False
main,tv_dro_rho_0p01,tv_dro,2025-10-01,25,True,True,20,,0.01,0.7,20.0,optimal_decomposed,74.52247270000225,74.52163529999962,0.0,1,2,16307.664624421883,533.9055933035839,16841.570217725468,17723.873495483185,18257.77908878677,226521.60448607022,0.0,48.96296144171584,0.0,0.0,0.0,False,False,False
main,tv_dro_rho_0p01,tv_dro,2025-10-01,26,True,True,20,,0.01,0.7,20.0,optimal_decomposed,74.52247270000225,74.52163529999962,0.0,1,2,16307.664624421883,533.9055933035839,16841.570217725468,16074.97149179036,16608.877085093944,192825.8346794274,0.06528090917943333,60.55857150720355,0.0,0.0,0.0,False,False,False
main,tv_dro_rho_0p01,tv_dro,2025-10-01,27,True,True,20,,0.01,0.7,20.0,optimal_decomposed,74.52247270000225,74.52163529999962,0.0,1,2,16307.664624421883,533.9055933035839,16841.570217725468,15364.4700230661,15898.375616369683,176013.051380953,0.16505442455350872,59.79078219902823,0.0,0.0,0.0,False,False,False
main,tv_dro_rho_0p01,tv_dro,2025-10-01,28,True,True,20,,0.01,0.7,20.0,optimal_decomposed,74.52247270000225,74.52163529999962,0.0,1,2,16307.664624421883,533.9055933035839,16841.570217725468,16435.445492202536,16969.35108550612,191643.78784612275,0.0,45.16126992463472,0.0,0.0,0.0,False,False,False
main,tv_dro_rho_0p01,tv_dro,2025-10-01,29,True,True,20,,0.01,0.7,20.0,optimal_decomposed,74.52247270000225,74.52163529999962,0.0,1,2,16307.664624421883,533.9055933035839,16841.570217725468,16514.5583399672,17048.463933270785,202999.90899989053,0.0,42.94752199289224,0.0,0.0,0.0,False,False,False
main,tv_dro_rho_0p01,tv_dro,2025-10-01,30,True,True,20,,0.01,0.7,20.0,optimal_decomposed,74.52247270000225,74.52163529999962,0.0,1,2,16307.664624421883,533.9055933035839,16841.570217725468,15604.54129972671,16138.446893030294,169595.41677587313,0.08286725023275299,51.61084936394936,0.0,0.0,0.0,False,False,False
main,tv_dro_rho_0p01,tv_dro,2025-10-01,31,True,True,20,,0.01,0.7,20.0,optimal_decomposed,74.52247270000225,74.52163529999962,0.0,1,2,16307.664624421883,533.9055933035839,16841.570217725468,16800.701762224766,17334.60735552835,210541.27755113132,0.0,50.68992766277971,0.0,0.0,0.0,False,False,False
main,tv_dro_rho_0p01,tv_dro,2025-10-01,32,True,True,20,,0.01,0.7,20.0,optimal_decomposed,74.52247270000225,74.52163529999962,0.0,1,2,16307.664624421883,533.9055933035839,16841.570217725468,16186.864660970925,16720.77025427451,189651.21539043103,0.0,58.29186461462498,0.0,0.0,0.0,False,False,False
main,tv_dro_rho_0p01,tv_dro,2025-10-01,33,True,True,20,,0.01,0.7,20.0,optimal_decomposed,74.52247270000225,74.52163529999962,0.0,1,2,16307.664624421883,533.9055933035839,16841.570217725468,17613.946592336943,18147.852185640528,225584.66322133673,0.021843819952746646,66.78383943131735,0.0,0.0,0.0,False,False,False
main,tv_dro_rho_0p01,tv_dro,2025-10-01,34,True,True,20,,0.01,0.7,20.0,optimal_decomposed,74.52247270000225,74.52163529999962,0.0,1,2,16307.664624421883,533.9055933035839,16841.570217725468,16687.93209562047,17221.837688924054,199272.11677950027,0.0312620858652195,53.81341865714339,0.0,0.0,0.0,False,False,False
main,tv_dro_rho_0p01,tv_dro,2025-10-01,35,True,True,20,,0.01,0.7,20.0,optimal_decomposed,74.52247270000225,74.52163529999962,0.0,1,2,16307.664624421883,533.9055933035839,16841.570217725468,16047.173662398372,16581.079255701956,182440.9514599668,0.0,57.665638417764626,0.0,0.0,0.0,False,False,False
main,tv_dro_rho_0p01,tv_dro,2025-10-01,36,True,True,20,,0.01,0.7,20.0,optimal_decomposed,74.52247270000225,74.52163529999962,0.0,1,2,16307.664624421883,533.9055933035839,16841.570217725468,15790.772782364784,16324.678375668367,179987.29989705054,0.0,62.635741209429234,0.0,0.0,0.0,False,False,False
main,tv_dro_rho_0p01,tv_dro,2025-10-01,37,True,True,20,,0.01,0.7,20.0,optimal_decomposed,74.52247270000225,74.52163529999962,0.0,1,2,16307.664624421883,533.9055933035839,16841.570217725468,16149.849246673939,16683.754839977522,189679.4304503823,0.04232734429059293,43.36696654616681,0.0,0.0,0.0,False,False,False
main,tv_dro_rho_0p01,tv_dro,2025-10-01,38,True,True,20,,0.01,0.7,20.0,optimal_decomposed,74.52247270000225,74.52163529999962,0.0,1,2,16307.664624421883,533.9055933035839,16841.570217725468,16000.011123264474,16533.91671656806,189940.60907036316,0.0,51.54861760338711,0.0,0.0,0.0,False,False,False
main,tv_dro_rho_0p01,tv_dro,2025-10-01,39,True,True,20,,0.01,0.7,20.0,optimal_decomposed,74.52247270000225,74.52163529999962,0.0,1,2,16307.664624421883,533.9055933035839,16841.570217725468,16564.642646020722,17098.548239324307,200186.54080963554,0.004268216643565359,42.990871281802114,0.0,0.0,0.0,False,False,False
main,tv_dro_rho_0p01,tv_dro,2025-10-01,40,True,True,20,,0.01,0.7,20.0,optimal_decomposed,74.52247270000225,74.52163529999962,0.0,1,2,16307.664624421883,533.9055933035839,16841.570217725468,16881.428062777628,17415.333656081213,201879.3715023142,0.0,47.053472747447685,0.0,0.0,0.0,False,False,False
main,tv_dro_rho_0p01,tv_dro,2025-10-01,41,True,True,20,,0.01,0.7,20.0,optimal_decomposed,74.52247270000225,74.52163529999962,0.0,1,2,16307.664624421883,533.9055933035839,16841.570217725468,16414.820580080202,16948.726173383788,197006.90812190567,0.009504784249689369,40.59134144012237,0.0,0.0,0.0,False,False,False
main,tv_dro_rho_0p01,tv_dro,2025-10-01,42,True,True,20,,0.01,0.7,20.0,optimal_decomposed,74.52247270000225,74.52163529999962,0.0,1,2,16307.664624421883,533.9055933035839,16841.570217725468,16638.007329584616,17171.9129228882,197861.49417783078,0.0,57.91009662969074,0.0,0.0,0.0,False,False,False
main,tv_dro_rho_0p01,tv_dro,2025-10-01,43,True,True,20,,0.01,0.7,20.0,optimal_decomposed,74.52247270000225,74.52163529999962,0.0,1,2,16307.664624421883,533.9055933035839,16841.570217725468,15662.19629193031,16196.101885233893,177712.1381327711,0.08698571381843043,58.677727878314876,0.0,0.0,0.0,False,False,False
main,tv_dro_rho_0p01,tv_dro,2025-10-01,44,True,True,20,,0.01,0.7,20.0,optimal_decomposed,74.52247270000225,74.52163529999962,0.0,1,2,16307.664624421883,533.9055933035839,16841.570217725468,16110.401041238572,16644.306634542158,185661.99241107702,0.09183515110650342,56.676417898187296,0.0,0.0,0.0,False,False,False
main,tv_dro_rho_0p01,tv_dro,2025-10-01,45,True,True,20,,0.01,0.7,20.0,optimal_decomposed,74.52247270000225,74.52163529999962,0.0,1,2,16307.664624421883,533.9055933035839,16841.570217725468,16801.365015187926,17335.27060849151,203248.87022659028,0.01470827279588982,56.968401355214915,0.0,0.0,0.0,False,False,False
main,tv_dro_rho_0p01,tv_dro,2025-10-01,46,True,True,20,,0.01,0.7,20.0,optimal_decomposed,74.52247270000225,74.52163529999962,0.0,1,2,16307.664624421883,533.9055933035839,16841.570217725468,16422.363014556086,16956.26860785967,194619.36814029628,0.0890719710830983,55.785907823881914,0.0,0.0,0.0,False,False,False
main,tv_dro_rho_0p01,tv_dro,2025-10-01,47,True,True,20,,0.01,0.7,20.0,optimal_decomposed,74.52247270000225,74.52163529999962,0.0,1,2,16307.664624421883,533.9055933035839,16841.570217725468,16468.630720105746,17002.53631340933,202307.17724467575,0.0,53.842636452202036,0.0,0.0,0.0,False,False,False
main,tv_dro_rho_0p01,tv_dro,2025-10-01,48,True,True,20,,0.01,0.7,20.0,optimal_decomposed,74.52247270000225,74.52163529999962,0.0,1,2,16307.664624421883,533.9055933035839,16841.570217725468,17133.28085159023,17667.186444893814,212279.70713969332,0.11558166595634578,52.71429659008051,0.0,0.0,0.0,False,False,False
main,tv_dro_rho_0p01,tv_dro,2025-10-01,49,True,True,20,,0.01,0.7,20.0,optimal_decomposed,74.52247270000225,74.52163529999962,0.0,1,2,16307.664624421883,533.9055933035839,16841.570217725468,16542.21038849803,17076.115981801617,206859.80457069058,0.0,59.21974654869791,0.0,0.0,0.0,False,False,False
main,tv_dro_rho_0p01,tv_dro,2025-10-01,50,True,True,20,,0.01,0.7,20.0,optimal_decomposed,74.52247270000225,74.52163529999962,0.0,1,2,16307.664624421883,533.9055933035839,16841.570217725468,16201.13856940571,16735.044162709295,195120.50454486004,0.008298475745838196,59.19044238745532,0.0,0.0,0.0,False,False,False
main,tv_dro_rho_0p01,tv_dro,2025-10-01,51,True,True,20,,0.01,0.7,20.0,optimal_decomposed,74.52247270000225,74.52163529999962,0.0,1,2,16307.664624421883,533.9055933035839,16841.570217725468,15867.166699452206,16401.07229275579,184759.93088927175,0.030662923055646996,54.644589055613345,0.0,0.0,0.0,False,False,False
main,tv_dro_rho_0p01,tv_dro,2025-10-01,52,True,True,20,,0.01,0.7,20.0,optimal_decomposed,74.52247270000225,74.52163529999962,0.0,1,2,16307.664624421883,533.9055933035839,16841.570217725468,16983.210264179317,17517.115857482902,209001.94086298315,0.0,58.93745983717731,0.0,0.0,0.0,False,False,False
main,tv_dro_rho_0p01,tv_dro,2025-10-01,53,True,True,20,,0.01,0.7,20.0,optimal_decomposed,74.52247270000225,74.52163529999962,0.0,1,2,16307.664624421883,533.9055933035839,16841.570217725468,16363.641726019194,16897.547319322777,189582.52465773385,0.0,50.60683685983596,0.0,0.0,0.0,False,False,False
main,tv_dro_rho_0p01,tv_dro,2025-10-01,54,True,True,20,,0.01,0.7,20.0,optimal_decomposed,74.52247270000225,74.52163529999962,0.0,1,2,16307.664624421883,533.9055933035839,16841.570217725468,16936.87414911177,17470.779742415354,205174.49229481863,0.0,50.49082850157883,0.0,0.0,0.0,False,False,False
main,tv_dro_rho_0p01,tv_dro,2025-10-01,55,True,True,20,,0.01,0.7,20.0,optimal_decomposed,74.52247270000225,74.52163529999962,0.0,1,2,16307.664624421883,533.9055933035839,16841.570217725468,16414.820731795677,16948.726325099262,192597.31677209953,0.0,60.13818688665118,0.0,0.0,0.0,False,False,False
main,tv_dro_rho_0p01,tv_dro,2025-10-01,56,True,True,20,,0.01,0.7,20.0,optimal_decomposed,74.52247270000225,74.52163529999962,0.0,1,2,16307.664624421883,533.9055933035839,16841.570217725468,16396.321342789175,16930.22693609276,196245.30465576198,0.0,42.85333216277603,0.0,0.0,0.0,False,False,False
main,tv_dro_rho_0p01,tv_dro,2025-10-01,57,True,True,20,,0.01,0.7,20.0,optimal_decomposed,74.52247270000225,74.52163529999962,0.0,1,2,16307.664624421883,533.9055933035839,16841.570217725468,16279.288320337264,16813.193913640847,190564.19392416652,0.0,51.635536963522064,0.0,0.0,0.0,False,False,False
main,tv_dro_rho_0p01,tv_dro,2025-10-01,58,True,True,20,,0.01,0.7,20.0,optimal_decomposed,74.52247270000225,74.52163529999962,0.0,1,2,16307.664624421883,533.9055933035839,16841.570217725468,17183.589356501485,17717.49494980507,212670.68036552513,0.0,61.1131715140148,0.0,0.0,0.0,False,False,False
main,tv_dro_rho_0p01,tv_dro,2025-10-01,59,True,True,20,,0.01,0.7,20.0,optimal_decomposed,74.52247270000225,74.52163529999962,0.0,1,2,16307.664624421883,533.9055933035839,16841.570217725468,17169.883937768776,17703.78953107236,212573.2384690464,0.0,54.16824086397871,0.0,0.0,0.0,False,False,False
main,tv_dro_rho_0p01,tv_dro,2025-10-01,60,True,True,20,,0.01,0.7,20.0,optimal_decomposed,74.52247270000225,74.52163529999962,0.0,1,2,16307.664624421883,533.9055933035839,16841.570217725468,16368.481458039532,16902.387051343117,199543.99394350356,0.07609954922611473,52.051095573991695,0.0,0.0,0.0,False,False,False
main,tv_dro_rho_0p01,tv_dro,2025-10-01,61,True,True,20,,0.01,0.7,20.0,optimal_decomposed,74.52247270000225,74.52163529999962,0.0,1,2,16307.664624421883,533.9055933035839,16841.570217725468,16404.852353758306,16938.75794706189,197305.41199881386,0.0,42.79723223162596,0.0,0.0,0.0,False,False,False
main,tv_dro_rho_0p01,tv_dro,2025-10-01,62,True,True,20,,0.01,0.7,20.0,optimal_decomposed,74.52247270000225,74.52163529999962,0.0,1,2,16307.664624421883,533.9055933035839,16841.570217725468,15770.35244060023,16304.258033903814,179776.65260357276,0.0,57.3825487138164,0.0,0.0,0.0,False,False,False
main,tv_dro_rho_0p01,tv_dro,2025-10-01,63,True,True,20,,0.01,0.7,20.0,optimal_decomposed,74.52247270000225,74.52163529999962,0.0,1,2,16307.664624421883,533.9055933035839,16841.570217725468,16676.924791292007,17210.830384595592,192530.17379874116,0.0,60.395556184742986,0.0,0.0,0.0,False,False,False
main,tv_dro_rho_0p01,tv_dro,2025-10-01,64,True,True,20,,0.01,0.7,20.0,optimal_decomposed,74.52247270000225,74.52163529999962,0.0,1,2,16307.664624421883,533.9055933035839,16841.570217725468,15971.565507172501,16505.471100476087,181277.18111168142,0.0,49.841573929675185,0.0,0.0,0.0,False,False,False
main,tv_dro_rho_0p01,tv_dro,2025-10-01,65,True,True,20,,0.01,0.7,20.0,optimal_decomposed,74.52247270000225,74.52163529999962,0.0,1,2,16307.664624421883,533.9055933035839,16841.570217725468,16843.613466648792,17377.519059952378,194654.82606601054,0.0,58.96259768083732,0.0,0.0,0.0,False,False,False
main,tv_dro_rho_0p01,tv_dro,2025-10-01,66,True,True,20,,0.01,0.7,20.0,optimal_decomposed,74.52247270000225,74.52163529999962,0.0,1,2,16307.664624421883,533.9055933035839,16841.570217725468,16688.615013853658,17222.520607157243,202208.28461141948,0.0,64.14464109482658,0.0,0.0,0.0,False,False,False
main,tv_dro_rho_0p01,tv_dro,2025-10-01,67,True,True,20,,0.01,0.7,20.0,optimal_decomposed,74.52247270000225,74.52163529999962,0.0,1,2,16307.664624421883,533.9055933035839,16841.570217725468,15768.062938784335,16301.968532087918,175827.3336354172,0.0,54.909674964741534,0.0,0.0,0.0,False,False,False
main,tv_dro_rho_0p01,tv_dro,2025-10-01,68,True,True,20,,0.01,0.7,20.0,optimal_decomposed,74.52247270000225,74.52163529999962,0.0,1,2,16307.664624421883,533.9055933035839,16841.570217725468,17390.00934368634,17923.914936989924,219685.6849117347,0.05158312512693075,57.11784403948159,0.0,0.0,0.0,False,False,False
main,tv_dro_rho_0p01,tv_dro,2025-10-01,69,True,True,20,,0.01,0.7,20.0,optimal_decomposed,74.52247270000225,74.52163529999962,0.0,1,2,16307.664624421883,533.9055933035839,16841.570217725468,17142.483443031928,17676.389036335513,215076.51145558865,0.0359053647379699,58.712488203342495,0.0,0.0,0.0,False,False,False
main,tv_dro_rho_0p01,tv_dro,2025-10-01,70,True,True,20,,0.01,0.7,20.0,optimal_decomposed,74.52247270000225,74.52163529999962,0.0,1,2,16307.664624421883,533.9055933035839,16841.570217725468,16770.21259592904,17304.118189232624,206222.45118007166,0.0,57.56489675314903,0.0,0.0,0.0,False,False,False
main,tv_dro_rho_0p01,tv_dro,2025-10-01,71,True,True,20,,0.01,0.7,20.0,optimal_decomposed,74.52247270000225,74.52163529999962,0.0,1,2,16307.664624421883,533.9055933035839,16841.570217725468,15889.117225464099,16423.022818767684,186763.79336101914,0.15134995862756095,62.089238692884614,0.0,0.0,0.0,False,False,False
main,tv_dro_rho_0p01,tv_dro,2025-10-01,72,True,True,20,,0.01,0.7,20.0,optimal_decomposed,74.52247270000225,74.52163529999962,0.0,1,2,16307.664624421883,533.9055933035839,16841.570217725468,16124.552342858558,16658.457936162144,188401.10872317632,0.05158312916047092,60.48626525322538,0.0,0.0,0.0,False,False,False
main,tv_dro_rho_0p01,tv_dro,2025-10-01,73,True,True,20,,0.01,0.7,20.0,optimal_decomposed,74.52247270000225,74.52163529999962,0.0,1,2,16307.664624421883,533.9055933035839,16841.570217725468,16387.891717016963,16921.797310320548,191365.2370564331,0.027631315900142894,52.2537231931203,0.0,0.0,0.0,False,False,False
main,tv_dro_rho_0p01,tv_dro,2025-10-01,74,True,True,20,,0.01,0.7,20.0,optimal_decomposed,74.52247270000225,74.52163529999962,0.0,1,2,16307.664624421883,533.9055933035839,16841.570217725468,16058.872382676682,16592.777975980265,179447.14084023028,0.0,57.69208459813185,0.0,0.0,0.0,False,False,False
main,tv_dro_rho_0p01,tv_dro,2025-10-01,75,True,True,20,,0.01,0.7,20.0,optimal_decomposed,74.52247270000225,74.52163529999962,0.0,1,2,16307.664624421883,533.9055933035839,16841.570217725468,16557.07626902318,17090.981862326764,197289.12564670475,0.12898846405826928,51.976621191949725,0.0,0.0,0.0,False,False,False
main,tv_dro_rho_0p01,tv_dro,2025-10-01,76,True,True,20,,0.01,0.7,20.0,optimal_decomposed,74.52247270000225,74.52163529999962,0.0,1,2,16307.664624421883,533.9055933035839,16841.570217725468,17019.80325620824,17553.708849511826,213694.89829136533,0.0,54.53079034865611,0.0,0.0,0.0,False,False,False
main,tv_dro_rho_0p01,tv_dro,2025-10-01,77,True,True,20,,0.01,0.7,20.0,optimal_decomposed,74.52247270000225,74.52163529999962,0.0,1,2,16307.664624421883,533.9055933035839,16841.570217725468,16044.22515208662,16578.130745390205,179397.23290430973,0.084260881141067,53.692020861883115,0.0,0.0,0.0,False,False,False
main,tv_dro_rho_0p01,tv_dro,2025-10-01,78,True,True,20,,0.01,0.7,20.0,optimal_decomposed,74.52247270000225,74.52163529999962,0.0,1,2,16307.664624421883,533.9055933035839,16841.570217725468,15981.529230932383,16515.434824235967,183941.93840095858,0.005599682193174749,54.194313640641646,0.0,0.0,0.0,False,False,False
main,tv_dro_rho_0p01,tv_dro,2025-10-01,79,True,True,20,,0.01,0.7,20.0,optimal_decomposed,74.52247270000225,74.52163529999962,0.0,1,2,16307.664624421883,533.9055933035839,16841.570217725468,17049.760813570167,17583.666406873752,207238.7687196537,0.0,51.57319683508803,0.0,0.0,0.0,False,False,False
main,tv_dro_rho_0p01,tv_dro,2025-10-01,80,True,True,20,,0.01,0.7,20.0,optimal_decomposed,74.52247270000225,74.52163529999962,0.0,1,2,16307.664624421883,533.9055933035839,16841.570217725468,16816.679186736266,17350.58478003985,206481.84776534475,0.0,51.046581754471205,0.0,0.0,0.0,False,False,False
main,tv_dro_rho_0p01,tv_dro,2025-10-01,81,True,True,20,,0.01,0.7,20.0,optimal_decomposed,74.52247270000225,74.52163529999962,0.0,1,2,16307.664624421883,533.9055933035839,16841.570217725468,16567.074128624034,17100.97972192762,192272.80975208202,0.14885480137573823,61.02073460422498,0.0,0.0,0.0,False,False,False
main,tv_dro_rho_0p01,tv_dro,2025-10-01,82,True,True,20,,0.01,0.7,20.0,optimal_decomposed,74.52247270000225,74.52163529999962,0.0,1,2,16307.664624421883,533.9055933035839,16841.570217725468,16050.633112287233,16584.538705590818,187312.5256096672,0.019507323756886713,48.69048631065327,0.0,0.0,0.0,False,False,False
main,tv_dro_rho_0p01,tv_dro,2025-10-01,83,True,True,20,,0.01,0.7,20.0,optimal_decomposed,74.52247270000225,74.52163529999962,0.0,1,2,16307.664624421883,533.9055933035839,16841.570217725468,16914.664929916038,17448.570523219623,209606.39334178335,0.0,51.75037572094126,0.0,0.0,0.0,False,False,False
main,tv_dro_rho_0p01,tv_dro,2025-10-01,84,True,True,20,,0.01,0.7,20.0,optimal_decomposed,74.52247270000225,74.52163529999962,0.0,1,2,16307.664624421883,533.9055933035839,16841.570217725468,17250.201927211594,17784.10752051518,209379.49017050475,0.06296550685832822,51.24436914969213,0.0,0.0,0.0,False,False,False
main,tv_dro_rho_0p01,tv_dro,2025-10-01,85,True,True,20,,0.01,0.7,20.0,optimal_decomposed,74.52247270000225,74.52163529999962,0.0,1,2,16307.664624421883,533.9055933035839,16841.570217725468,16663.55500819735,17197.460601500934,198923.20349052324,0.0,60.407785578978114,0.0,0.0,0.0,False,False,False
main,tv_dro_rho_0p01,tv_dro,2025-10-01,86,True,True,20,,0.01,0.7,20.0,optimal_decomposed,74.52247270000225,74.52163529999962,0.0,1,2,16307.664624421883,533.9055933035839,16841.570217725468,16677.45459315508,17211.360186458664,197721.5703959008,0.02332421325594833,47.306137736044796,0.0,0.0,0.0,False,False,False
main,tv_dro_rho_0p01,tv_dro,2025-10-01,87,True,True,20,,0.01,0.7,20.0,optimal_decomposed,74.52247270000225,74.52163529999962,0.0,1,2,16307.664624421883,533.9055933035839,16841.570217725468,15609.038952534313,16142.944545837896,175010.0757406116,0.13713361339733182,55.018742296318294,0.0,0.0,0.0,False,False,False
main,tv_dro_rho_0p01,tv_dro,2025-10-01,88,True,True,20,,0.01,0.7,20.0,optimal_decomposed,74.52247270000225,74.52163529999962,0.0,1,2,16307.664624421883,533.9055933035839,16841.570217725468,16013.654666980476,16547.56026028406,177970.14185081248,0.005891923854369541,58.729822805594374,0.0,0.0,0.0,False,False,False
main,tv_dro_rho_0p01,tv_dro,2025-10-01,89,True,True,20,,0.01,0.7,20.0,optimal_decomposed,74.52247270000225,74.52163529999962,0.0,1,2,16307.664624421883,533.9055933035839,16841.570217725468,16433.887776762025,16967.79337006561,194466.17719378613,0.0,52.97268734947163,0.0,0.0,0.0,False,False,False
main,tv_dro_rho_0p01,tv_dro,2025-10-01,90,True,True,20,,0.01,0.7,20.0,optimal_decomposed,74.52247270000225,74.52163529999962,0.0,1,2,16307.664624421883,533.9055933035839,16841.570217725468,16221.88295974014,16755.788553043723,189893.56836910752,0.1928119022713955,58.18498280198402,0.0,0.0,0.0,False,False,False
main,tv_dro_rho_0p01,tv_dro,2025-10-01,91,True,True,20,,0.01,0.7,20.0,optimal_decomposed,74.52247270000225,74.52163529999962,0.0,1,2,16307.664624421883,533.9055933035839,16841.570217725468,15506.56006114814,16040.465654451724,168027.03288001183,0.20044484116281247,54.06422084438727,0.0,0.0,0.0,False,False,False
main,tv_dro_rho_0p01,tv_dro,2025-10-01,92,True,True,20,,0.01,0.7,20.0,optimal_decomposed,74.52247270000225,74.52163529999962,0.0,1,2,16307.664624421883,533.9055933035839,16841.570217725468,16317.922078456664,16851.82767176025,182792.3083151863,0.0,45.12013102678533,0.0,0.0,0.0,False,False,False
main,tv_dro_rho_0p01,tv_dro,2025-10-01,93,True,True,20,,0.01,0.7,20.0,optimal_decomposed,74.52247270000225,74.52163529999962,0.0,1,2,16307.664624421883,533.9055933035839,16841.570217725468,16207.345299657636,16741.25089296122,195388.41363097224,0.0,55.92833016740457,0.0,0.0,0.0,False,False,False
main,tv_dro_rho_0p01,tv_dro,2025-10-01,94,True,True,20,,0.01,0.7,20.0,optimal_decomposed,74.52247270000225,74.52163529999962,0.0,1,2,16307.664624421883,533.9055933035839,16841.570217725468,16217.747590619341,16751.653183922925,186624.26938028162,0.0,50.309329024801414,0.0,0.0,0.0,False,False,False
main,tv_dro_rho_0p01,tv_dro,2025-10-01,95,True,True,20,,0.01,0.7,20.0,optimal_decomposed,74.52247270000225,74.52163529999962,0.0,1,2,16307.664624421883,533.9055933035839,16841.570217725468,15940.92464146206,16474.830234765643,182954.82893128973,0.0,57.414284135613755,0.0,0.0,0.0,False,False,False
main,tv_dro_rho_0p01,tv_dro,2025-10-01,96,True,True,20,,0.01,0.7,20.0,optimal_decomposed,74.52247270000225,74.52163529999962,0.0,1,2,16307.664624421883,533.9055933035839,16841.570217725468,16132.943635679572,16666.849228983156,189257.6595684644,0.025193990065432798,52.160888941979096,0.0,0.0,0.0,False,False,False
main,tv_dro_rho_0p01,tv_dro,2025-10-01,97,True,True,20,,0.01,0.7,20.0,optimal_decomposed,74.52247270000225,74.52163529999962,0.0,1,2,16307.664624421883,533.9055933035839,16841.570217725468,16167.50426386853,16701.409857172115,187251.22919552558,0.0,55.5312986607788,0.0,0.0,0.0,False,False,False
main,tv_dro_rho_0p01,tv_dro,2025-10-01,98,True,True,20,,0.01,0.7,20.0,optimal_decomposed,74.52247270000225,74.52163529999962,0.0,1,2,16307.664624421883,533.9055933035839,16841.570217725468,16291.4361492121,16825.341742515684,187821.0593535658,0.04765627545035647,47.77229198909263,0.0,0.0,0.0,False,False,False
main,tv_dro_rho_0p01,tv_dro,2025-10-01,99,True,True,20,,0.01,0.7,20.0,optimal_decomposed,74.52247270000225,74.52163529999962,0.0,1,2,16307.664624421883,533.9055933035839,16841.570217725468,16032.607263885107,16566.512857188693,184786.63975814494,0.12021612697516637,55.21155431845339,0.0,0.0,0.0,False,False,False
