suite,configuration,method,window,workload_replay_id,energy_uncertainty,workload_uncertainty,sample_size,gamma,rho,effective_capacity_fraction,bess_degradation_cost_usd_per_mwh_throughput,solver_status,solve_wall_time_seconds,solver_runtime_seconds,mip_gap,decomposition_iterations,active_scenario_count,nominal_grid_cost_usd,nominal_bess_degradation_cost_usd,nominal_operating_cost_usd,actual_grid_cost_usd,actual_operating_cost_usd,actual_carbon_kg,actual_curtailment_mwh,batch_adjustment_mwh,workload_envelope_violation_mwh,grid_limit_violation_mw,ramp_violation_mw,workload_violation,grid_limit_violation,ramp_violation
main,deterministic,deterministic,2025-01-01,0,True,True,0,,,0.7,20.0,optimal,1.7531288000027416,1.753130400000373,0.0,0,0,15739.054160344675,148.70054368396262,15887.754704028637,14862.389707644463,15011.090251328425,170056.5149815231,0.7311130639195813,51.9238427458775,0.0,0.0,0.0,False,False,False
main,deterministic,deterministic,2025-01-01,1,True,True,0,,,0.7,20.0,optimal,1.7531288000027416,1.753130400000373,0.0,0,0,15739.054160344675,148.70054368396262,15887.754704028637,15872.913748912524,16021.614292596487,190486.94275754018,0.08684864855887026,57.95331481698022,0.0,0.0,0.0,False,False,False
main,deterministic,deterministic,2025-01-01,2,True,True,0,,,0.7,20.0,optimal,1.7531288000027416,1.753130400000373,0.0,0,0,15739.054160344675,148.70054368396262,15887.754704028637,15532.043637018744,15680.744180702706,180855.49947512813,0.08188014820472636,48.0356077228005,0.0,0.0,0.0,False,False,False
main,deterministic,deterministic,2025-01-01,3,True,True,0,,,0.7,20.0,optimal,1.7531288000027416,1.753130400000373,0.0,0,0,15739.054160344675,148.70054368396262,15887.754704028637,15756.067539027737,15904.7680827117,189754.79008660986,0.0,52.64547702423074,0.0,0.0,0.0,False,False,False
main,deterministic,deterministic,2025-01-01,4,True,True,0,,,0.7,20.0,optimal,1.7531288000027416,1.753130400000373,0.0,0,0,15739.054160344675,148.70054368396262,15887.754704028637,15670.924807008574,15819.625350692537,185486.91553328652,0.0632302808889269,49.647215416431486,0.0,0.0,0.0,False,False,False
main,deterministic,deterministic,2025-01-01,5,True,True,0,,,0.7,20.0,optimal,1.7531288000027416,1.753130400000373,0.0,0,0,15739.054160344675,148.70054368396262,15887.754704028637,16072.0053361951,16220.705879879062,201000.07858255602,0.0,54.06499661426188,0.0,0.0,0.0,False,False,False
main,deterministic,deterministic,2025-01-01,6,True,True,0,,,0.7,20.0,optimal,1.7531288000027416,1.753130400000373,0.0,0,0,15739.054160344675,148.70054368396262,15887.754704028637,15967.266938082523,16115.967481766485,194219.21177004013,0.0,45.81097394819249,0.0,0.0,0.0,False,False,False
main,deterministic,deterministic,2025-01-01,7,True,True,0,,,0.7,20.0,optimal,1.7531288000027416,1.753130400000373,0.0,0,0,15739.054160344675,148.70054368396262,15887.754704028637,15332.008411586385,15480.708955270347,175799.31000403265,0.031217422233970643,51.00528288231481,0.0,0.0,0.0,False,False,False
main,deterministic,deterministic,2025-01-01,8,True,True,0,,,0.7,20.0,optimal,1.7531288000027416,1.753130400000373,0.0,0,0,15739.054160344675,148.70054368396262,15887.754704028637,15861.181851139641,16009.882394823604,190209.3145013684,0.2661699831255029,51.41252866601268,0.0,0.0,0.0,False,False,False
main,deterministic,deterministic,2025-01-01,9,True,True,0,,,0.7,20.0,optimal,1.7531288000027416,1.753130400000373,0.0,0,0,15739.054160344675,148.70054368396262,15887.754704028637,15868.460449574704,16017.160993258667,192656.31761829456,0.0,59.0300308805216,0.0,0.0,0.0,False,False,False
main,deterministic,deterministic,2025-01-01,10,True,True,0,,,0.7,20.0,optimal,1.7531288000027416,1.753130400000373,0.0,0,0,15739.054160344675,148.70054368396262,15887.754704028637,15538.942285163206,15687.642828847169,183417.04608080437,0.20759734103464283,52.31959704981729,0.0,0.0,0.0,False,False,False
main,deterministic,deterministic,2025-01-01,11,True,True,0,,,0.7,20.0,optimal,1.7531288000027416,1.753130400000373,0.0,0,0,15739.054160344675,148.70054368396262,15887.754704028637,15297.437659170848,15446.13820285481,183339.83755562178,0.0,44.889596332444,0.0,0.0,0.0,False,False,False
main,deterministic,deterministic,2025-01-01,12,True,True,0,,,0.7,20.0,optimal,1.7531288000027416,1.753130400000373,0.0,0,0,15739.054160344675,148.70054368396262,15887.754704028637,15889.093950574474,16037.794494258436,196051.60509253124,0.0,46.9849496685756,0.0,0.0,0.0,False,False,False
main,deterministic,deterministic,2025-01-01,13,True,True,0,,,0.7,20.0,optimal,1.7531288000027416,1.753130400000373,0.0,0,0,15739.054160344675,148.70054368396262,15887.754704028637,16122.535778455336,16271.236322139299,198342.7038644434,0.15005231031754085,54.60441342313256,0.0,0.0,0.0,False,False,False
main,deterministic,deterministic,2025-01-01,14,True,True,0,,,0.7,20.0,optimal,1.7531288000027416,1.753130400000373,0.0,0,0,15739.054160344675,148.70054368396262,15887.754704028637,15370.14298179283,15518.843525476792,178126.2251589464,0.15396041916963998,50.25577572422808,0.0,0.0,0.0,False,False,False
main,deterministic,deterministic,2025-01-01,15,True,True,0,,,0.7,20.0,optimal,1.7531288000027416,1.753130400000373,0.0,0,0,15739.054160344675,148.70054368396262,15887.754704028637,15377.121052275468,15525.82159595943,174332.75819293765,0.03903193903568827,47.72526458473097,0.0,0.0,0.0,False,False,False
main,deterministic,deterministic,2025-01-01,16,True,True,0,,,0.7,20.0,optimal,1.7531288000027416,1.753130400000373,0.0,0,0,15739.054160344675,148.70054368396262,15887.754704028637,15104.668634220812,15253.369177904775,170907.36252972612,0.03606366855062573,48.03799665192177,0.0,0.0,0.0,False,False,False
main,deterministic,deterministic,2025-01-01,17,True,True,0,,,0.7,20.0,optimal,1.7531288000027416,1.753130400000373,0.0,0,0,15739.054160344675,148.70054368396262,15887.754704028637,15345.829522121527,15494.53006580549,177917.3739282514,0.06270100865641126,56.46237343327617,0.0,0.0,0.0,False,False,False
main,deterministic,deterministic,2025-01-01,18,True,True,0,,,0.7,20.0,optimal,1.7531288000027416,1.753130400000373,0.0,0,0,15739.054160344675,148.70054368396262,15887.754704028637,15739.691892169618,15888.39243585358,190231.65936380855,0.0,56.39458389364731,0.0,0.0,0.0,False,False,False
main,deterministic,deterministic,2025-01-01,19,True,True,0,,,0.7,20.0,optimal,1.7531288000027416,1.753130400000373,0.0,0,0,15739.054160344675,148.70054368396262,15887.754704028637,15594.313258442398,15743.013802126361,189423.5588779573,0.08097823354357891,54.194167588066286,0.0,0.0,0.0,False,False,False
main,deterministic,deterministic,2025-01-01,20,True,True,0,,,0.7,20.0,optimal,1.7531288000027416,1.753130400000373,0.0,0,0,15739.054160344675,148.70054368396262,15887.754704028637,16130.783510017685,16279.484053701648,194010.37384297617,0.0,46.58702994439241,0.0,0.0,0.0,False,False,False
main,deterministic,deterministic,2025-01-01,21,True,True,0,,,0.7,20.0,optimal,1.7531288000027416,1.753130400000373,0.0,0,0,15739.054160344675,148.70054368396262,15887.754704028637,15189.814459099196,15338.515002783159,174864.65190494465,0.14558437698452803,45.80101965490898,0.0,0.0,0.0,False,False,False
main,deterministic,deterministic,2025-01-01,22,True,True,0,,,0.7,20.0,optimal,1.7531288000027416,1.753130400000373,0.0,0,0,15739.054160344675,148.70054368396262,15887.754704028637,15854.39814240452,16003.098686088482,190386.02955661406,0.026577846457195742,48.975916150636046,0.0,0.0,0.0,False,False,False
main,deterministic,deterministic,2025-01-01,23,True,True,0,,,0.7,20.0,optimal,1.7531288000027416,1.753130400000373,0.0,0,0,15739.054160344675,148.70054368396262,15887.754704028637,15947.44745754676,16096.148001230722,190044.37848138672,0.0,49.7930757784783,0.0,0.0,0.0,False,False,False
main,deterministic,deterministic,2025-01-01,24,True,True,0,,,0.7,20.0,optimal,1.7531288000027416,1.753130400000373,0.0,0,0,15739.054160344675,148.70054368396262,15887.754704028637,15345.402021360942,15494.102565044905,180447.91819420605,0.10567313604808662,52.00614373860228,0.0,0.0,0.0,False,False,False
main,deterministic,deterministic,2025-01-01,25,True,True,0,,,0.7,20.0,optimal,1.7531288000027416,1.753130400000373,0.0,0,0,15739.054160344675,148.70054368396262,15887.754704028637,16842.125770571674,16990.826314255635,221293.3999817721,0.0,47.16682988881265,0.0,0.0,0.0,False,False,False
main,deterministic,deterministic,2025-01-01,26,True,True,0,,,0.7,20.0,optimal,1.7531288000027416,1.753130400000373,0.0,0,0,15739.054160344675,148.70054368396262,15887.754704028637,15845.968628579127,15994.66917226309,186522.3178934675,0.2668843852327538,56.636478607631446,0.0,0.0,0.0,False,False,False
main,deterministic,deterministic,2025-01-01,27,True,True,0,,,0.7,20.0,optimal,1.7531288000027416,1.753130400000373,0.0,0,0,15739.054160344675,148.70054368396262,15887.754704028637,14572.336514614128,14721.03705829809,168924.68152592928,0.14431034237662138,55.78971685099384,0.0,0.0,0.0,False,False,False
main,deterministic,deterministic,2025-01-01,28,True,True,0,,,0.7,20.0,optimal,1.7531288000027416,1.753130400000373,0.0,0,0,15739.054160344675,148.70054368396262,15887.754704028637,15646.890597894915,15795.591141578878,185782.18640857865,0.06611016582146415,41.87195959062512,0.0,0.0,0.0,False,False,False
main,deterministic,deterministic,2025-01-01,29,True,True,0,,,0.7,20.0,optimal,1.7531288000027416,1.753130400000373,0.0,0,0,15739.054160344675,148.70054368396262,15887.754704028637,15910.668902633552,16059.369446317514,195833.49807537548,0.030916769877295164,39.72115959710657,0.0,0.0,0.0,False,False,False
main,deterministic,deterministic,2025-01-01,30,True,True,0,,,0.7,20.0,optimal,1.7531288000027416,1.753130400000373,0.0,0,0,15739.054160344675,148.70054368396262,15887.754704028637,15026.671977058273,15175.372520742236,165213.39568815837,0.0,47.58665310546479,0.0,0.0,0.0,False,False,False
main,deterministic,deterministic,2025-01-01,31,True,True,0,,,0.7,20.0,optimal,1.7531288000027416,1.753130400000373,0.0,0,0,15739.054160344675,148.70054368396262,15887.754704028637,15933.136406591751,16081.836950275714,202365.97198030647,0.2371088544861295,51.54554838839553,0.0,0.0,0.0,False,False,False
main,deterministic,deterministic,2025-01-01,32,True,True,0,,,0.7,20.0,optimal,1.7531288000027416,1.753130400000373,0.0,0,0,15739.054160344675,148.70054368396262,15887.754704028637,15705.315821424472,15854.016365108435,184331.06595053102,0.0,50.164386487384235,0.0,0.0,0.0,False,False,False
main,deterministic,deterministic,2025-01-01,33,True,True,0,,,0.7,20.0,optimal,1.7531288000027416,1.753130400000373,0.0,0,0,15739.054160344675,148.70054368396262,15887.754704028637,16934.491322598216,17083.191866282177,219914.69467229868,0.04697440711880671,61.98972547719535,0.0,0.0,0.0,False,False,False
main,deterministic,deterministic,2025-01-01,34,True,True,0,,,0.7,20.0,optimal,1.7531288000027416,1.753130400000373,0.0,0,0,15739.054160344675,148.70054368396262,15887.754704028637,16149.379118398932,16298.079662082895,194111.4938901034,0.28542326923213057,52.54250335048304,0.0,0.0,0.0,False,False,False
main,deterministic,deterministic,2025-01-01,35,True,True,0,,,0.7,20.0,optimal,1.7531288000027416,1.753130400000373,0.0,0,0,15739.054160344675,148.70054368396262,15887.754704028637,14929.28739379635,15077.987937480313,176473.03726592433,0.0,55.48449302974637,0.0,0.0,0.0,False,False,False
main,deterministic,deterministic,2025-01-01,36,True,True,0,,,0.7,20.0,optimal,1.7531288000027416,1.753130400000373,0.0,0,0,15739.054160344675,148.70054368396262,15887.754704028637,15229.646117549097,15378.34666123306,174582.76308203553,0.0,53.88439626143977,0.0,0.0,0.0,False,False,False
main,deterministic,deterministic,2025-01-01,37,True,True,0,,,0.7,20.0,optimal,1.7531288000027416,1.753130400000373,0.0,0,0,15739.054160344675,148.70054368396262,15887.754704028637,15510.012991867128,15658.71353555109,183282.75843079755,0.0,43.92496272234653,0.0,0.0,0.0,False,False,False
main,deterministic,deterministic,2025-01-01,38,True,True,0,,,0.7,20.0,optimal,1.7531288000027416,1.753130400000373,0.0,0,0,15739.054160344675,148.70054368396262,15887.754704028637,15468.52437515317,15617.224918837133,184949.88592358722,0.0,49.38961117400617,0.0,0.0,0.0,False,False,False
main,deterministic,deterministic,2025-01-01,39,True,True,0,,,0.7,20.0,optimal,1.7531288000027416,1.753130400000373,0.0,0,0,15739.054160344675,148.70054368396262,15887.754704028637,15695.216072830472,15843.916616514434,195366.33846068647,0.057814929904075885,40.10589393394623,0.0,0.0,0.0,False,False,False
main,deterministic,deterministic,2025-01-01,40,True,True,0,,,0.7,20.0,optimal,1.7531288000027416,1.753130400000373,0.0,0,0,15739.054160344675,148.70054368396262,15887.754704028637,16186.99410556341,16335.694649247373,196326.1748111011,0.0,45.937161128086785,0.0,0.0,0.0,False,False,False
main,deterministic,deterministic,2025-01-01,41,True,True,0,,,0.7,20.0,optimal,1.7531288000027416,1.753130400000373,0.0,0,0,15739.054160344675,148.70054368396262,15887.754704028637,15634.818063225184,15783.518606909147,191197.9703615565,0.007626743376417111,38.0941877641487,0.0,0.0,0.0,False,False,False
main,deterministic,deterministic,2025-01-01,42,True,True,0,,,0.7,20.0,optimal,1.7531288000027416,1.753130400000373,0.0,0,0,15739.054160344675,148.70054368396262,15887.754704028637,16292.319637925137,16441.0201816091,192123.70056920568,0.0,55.23824436501729,0.0,0.0,0.0,False,False,False
main,deterministic,deterministic,2025-01-01,43,True,True,0,,,0.7,20.0,optimal,1.7531288000027416,1.753130400000373,0.0,0,0,15739.054160344675,148.70054368396262,15887.754704028637,15096.878003149974,15245.578546833936,172303.06556139808,0.13724718452205356,52.74516932790525,0.0,0.0,0.0,False,False,False
main,deterministic,deterministic,2025-01-01,44,True,True,0,,,0.7,20.0,optimal,1.7531288000027416,1.753130400000373,0.0,0,0,15739.054160344675,148.70054368396262,15887.754704028637,15283.92804793698,15432.628591620944,180054.58208089104,0.14222632282577624,50.9863064544541,0.0,0.0,0.0,False,False,False
main,deterministic,deterministic,2025-01-01,45,True,True,0,,,0.7,20.0,optimal,1.7531288000027416,1.753130400000373,0.0,0,0,15739.054160344675,148.70054368396262,15887.754704028637,16361.295020639074,16509.995564323035,196749.0812734012,0.25435933906888186,55.83184906783927,0.0,0.0,0.0,False,False,False
main,deterministic,deterministic,2025-01-01,46,True,True,0,,,0.7,20.0,optimal,1.7531288000027416,1.753130400000373,0.0,0,0,15739.054160344675,148.70054368396262,15887.754704028637,15819.9817003808,15968.682244064763,188947.32235504463,0.15199288085733975,50.78499887541503,0.0,0.0,0.0,False,False,False
main,deterministic,deterministic,2025-01-01,47,True,True,0,,,0.7,20.0,optimal,1.7531288000027416,1.753130400000373,0.0,0,0,15739.054160344675,148.70054368396262,15887.754704028637,15762.615856387496,15911.316400071459,195811.6372501775,0.1561521730057267,51.96375691572424,0.0,0.0,0.0,False,False,False
main,deterministic,deterministic,2025-01-01,48,True,True,0,,,0.7,20.0,optimal,1.7531288000027416,1.753130400000373,0.0,0,0,15739.054160344675,148.70054368396262,15887.754704028637,16123.532757922952,16272.233301606915,206787.33153458207,0.0,49.60093862185615,0.0,0.0,0.0,False,False,False
main,deterministic,deterministic,2025-01-01,49,True,True,0,,,0.7,20.0,optimal,1.7531288000027416,1.753130400000373,0.0,0,0,15739.054160344675,148.70054368396262,15887.754704028637,16046.004536094413,16194.705079778376,200949.07480561972,0.04570459077504027,51.2956674523745,0.0,0.0,0.0,False,False,False
main,deterministic,deterministic,2025-01-01,50,True,True,0,,,0.7,20.0,optimal,1.7531288000027416,1.753130400000373,0.0,0,0,15739.054160344675,148.70054368396262,15887.754704028637,15676.593564036431,15825.294107720394,188853.21840646892,0.0,55.83896986137153,0.0,0.0,0.0,False,False,False
main,deterministic,deterministic,2025-01-01,51,True,True,0,,,0.7,20.0,optimal,1.7531288000027416,1.753130400000373,0.0,0,0,15739.054160344675,148.70054368396262,15887.754704028637,15615.630097724648,15764.330641408611,179804.5419191552,0.0,51.10013429837204,0.0,0.0,0.0,False,False,False
main,deterministic,deterministic,2025-01-01,52,True,True,0,,,0.7,20.0,optimal,1.7531288000027416,1.753130400000373,0.0,0,0,15739.054160344675,148.70054368396262,15887.754704028637,16266.945388468119,16415.64593215208,201576.8553285466,0.3832887126686071,56.49776785245422,0.0,0.0,0.0,False,False,False
main,deterministic,deterministic,2025-01-01,53,True,True,0,,,0.7,20.0,optimal,1.7531288000027416,1.753130400000373,0.0,0,0,15739.054160344675,148.70054368396262,15887.754704028637,15470.843048008603,15619.543591692565,183061.10575170707,0.0,45.455061617404716,0.0,0.0,0.0,False,False,False
main,deterministic,deterministic,2025-01-01,54,True,True,0,,,0.7,20.0,optimal,1.7531288000027416,1.753130400000373,0.0,0,0,15739.054160344675,148.70054368396262,15887.754704028637,16020.896317233719,16169.596860917682,201231.1597242792,0.0,47.08998879259623,0.0,0.0,0.0,False,False,False
main,deterministic,deterministic,2025-01-01,55,True,True,0,,,0.7,20.0,optimal,1.7531288000027416,1.753130400000373,0.0,0,0,15739.054160344675,148.70054368396262,15887.754704028637,15668.238316469193,15816.938860153155,185377.2615589211,0.12500787853802398,55.114683477580016,0.0,0.0,0.0,False,False,False
main,deterministic,deterministic,2025-01-01,56,True,True,0,,,0.7,20.0,optimal,1.7531288000027416,1.753130400000373,0.0,0,0,15739.054160344675,148.70054368396262,15887.754704028637,15975.630614048328,16124.331157732291,192600.6932070468,0.00531490235267737,39.94351934239819,0.0,0.0,0.0,False,False,False
main,deterministic,deterministic,2025-01-01,57,True,True,0,,,0.7,20.0,optimal,1.7531288000027416,1.753130400000373,0.0,0,0,15739.054160344675,148.70054368396262,15887.754704028637,15658.051729928888,15806.75227361285,184861.64301660427,0.0,51.406168050104405,0.0,0.0,0.0,False,False,False
main,deterministic,deterministic,2025-01-01,58,True,True,0,,,0.7,20.0,optimal,1.7531288000027416,1.753130400000373,0.0,0,0,15739.054160344675,148.70054368396262,15887.754704028637,16260.8106277541,16409.511171438062,205857.43066826905,0.058741548678924005,57.98032691220592,0.0,0.0,0.0,False,False,False
main,deterministic,deterministic,2025-01-01,59,True,True,0,,,0.7,20.0,optimal,1.7531288000027416,1.753130400000373,0.0,0,0,15739.054160344675,148.70054368396262,15887.754704028637,16340.661462732207,16489.36200641617,206778.69031173698,0.2605820723797929,54.54288210958905,0.0,0.0,0.0,False,False,False
main,deterministic,deterministic,2025-01-01,60,True,True,0,,,0.7,20.0,optimal,1.7531288000027416,1.753130400000373,0.0,0,0,15739.054160344675,148.70054368396262,15887.754704028637,15745.393122330917,15894.09366601488,194523.32536381923,0.33044689144633954,51.71693171608553,0.0,0.0,0.0,False,False,False
main,deterministic,deterministic,2025-01-01,61,True,True,0,,,0.7,20.0,optimal,1.7531288000027416,1.753130400000373,0.0,0,0,15739.054160344675,148.70054368396262,15887.754704028637,15627.472499454552,15776.173043138515,190475.34429845787,0.03200460281438236,41.92667339047977,0.0,0.0,0.0,False,False,False
main,deterministic,deterministic,2025-01-01,62,True,True,0,,,0.7,20.0,optimal,1.7531288000027416,1.753130400000373,0.0,0,0,15739.054160344675,148.70054368396262,15887.754704028637,15064.144113810156,15212.844657494119,175684.17566486212,0.038715287491645434,56.51264881786244,0.0,0.0,0.0,False,False,False
main,deterministic,deterministic,2025-01-01,63,True,True,0,,,0.7,20.0,optimal,1.7531288000027416,1.753130400000373,0.0,0,0,15739.054160344675,148.70054368396262,15887.754704028637,15732.32029407829,15881.020837762253,184952.52590656132,0.030237710168281057,56.05968071150226,0.0,0.0,0.0,False,False,False
main,deterministic,deterministic,2025-01-01,64,True,True,0,,,0.7,20.0,optimal,1.7531288000027416,1.753130400000373,0.0,0,0,15739.054160344675,148.70054368396262,15887.754704028637,15440.011679272331,15588.712222956294,173892.29639487955,0.06243250015520599,50.123539119859835,0.0,0.0,0.0,False,False,False
main,deterministic,deterministic,2025-01-01,65,True,True,0,,,0.7,20.0,optimal,1.7531288000027416,1.753130400000373,0.0,0,0,15739.054160344675,148.70054368396262,15887.754704028637,15930.18771397211,16078.888257656072,189690.32478968694,0.03384908118792107,54.73980615713032,0.0,0.0,0.0,False,False,False
main,deterministic,deterministic,2025-01-01,66,True,True,0,,,0.7,20.0,optimal,1.7531288000027416,1.753130400000373,0.0,0,0,15739.054160344675,148.70054368396262,15887.754704028637,15835.865511216683,15984.566054900646,193231.6395142653,0.0,58.27201878544089,0.0,0.0,0.0,False,False,False
main,deterministic,deterministic,2025-01-01,67,True,True,0,,,0.7,20.0,optimal,1.7531288000027416,1.753130400000373,0.0,0,0,15739.054160344675,148.70054368396262,15887.754704028637,15142.634977053263,15291.335520737226,169674.6244982248,0.0,50.37806258931215,0.0,0.0,0.0,False,False,False
main,deterministic,deterministic,2025-01-01,68,True,True,0,,,0.7,20.0,optimal,1.7531288000027416,1.753130400000373,0.0,0,0,15739.054160344675,148.70054368396262,15887.754704028637,16896.74646054197,17045.44700422593,214157.96314642805,0.0,54.30566106539558,0.0,0.0,0.0,False,False,False
main,deterministic,deterministic,2025-01-01,69,True,True,0,,,0.7,20.0,optimal,1.7531288000027416,1.753130400000373,0.0,0,0,15739.054160344675,148.70054368396262,15887.754704028637,16182.556926735884,16331.257470419847,208013.50191590004,0.0,52.18763994549812,0.0,0.0,0.0,False,False,False
main,deterministic,deterministic,2025-01-01,70,True,True,0,,,0.7,20.0,optimal,1.7531288000027416,1.753130400000373,0.0,0,0,15739.054160344675,148.70054368396262,15887.754704028637,16000.713211182152,16149.413754866115,201994.55214360703,0.0,54.88868453969543,0.0,0.0,0.0,False,False,False
main,deterministic,deterministic,2025-01-01,71,True,True,0,,,0.7,20.0,optimal,1.7531288000027416,1.753130400000373,0.0,0,0,15739.054160344675,148.70054368396262,15887.754704028637,15693.76465450241,15842.465198186374,182104.64388290723,0.008352711610149222,56.75286346320821,0.0,0.0,0.0,False,False,False
main,deterministic,deterministic,2025-01-01,72,True,True,0,,,0.7,20.0,optimal,1.7531288000027416,1.753130400000373,0.0,0,0,15739.054160344675,148.70054368396262,15887.754704028637,15365.882337524057,15514.58288120802,181587.8164590246,0.0,59.12343394093408,0.0,0.0,0.0,False,False,False
main,deterministic,deterministic,2025-01-01,73,True,True,0,,,0.7,20.0,optimal,1.7531288000027416,1.753130400000373,0.0,0,0,15739.054160344675,148.70054368396262,15887.754704028637,15472.532554887668,15621.23309857163,184189.86338706093,0.08672108060498201,49.7190992351905,0.0,0.0,0.0,False,False,False
main,deterministic,deterministic,2025-01-01,74,True,True,0,,,0.7,20.0,optimal,1.7531288000027416,1.753130400000373,0.0,0,0,15739.054160344675,148.70054368396262,15887.754704028637,15255.53274511499,15404.233288798952,172740.26451462408,0.0,52.66654421192499,0.0,0.0,0.0,False,False,False
main,deterministic,deterministic,2025-01-01,75,True,True,0,,,0.7,20.0,optimal,1.7531288000027416,1.753130400000373,0.0,0,0,15739.054160344675,148.70054368396262,15887.754704028637,15691.667144116534,15840.367687800497,190982.53532708503,0.17896047596245424,52.14197767185788,0.0,0.0,0.0,False,False,False
main,deterministic,deterministic,2025-01-01,76,True,True,0,,,0.7,20.0,optimal,1.7531288000027416,1.753130400000373,0.0,0,0,15739.054160344675,148.70054368396262,15887.754704028637,15957.0551883333,16105.755732017262,210779.38078366462,0.0,51.220734591567464,0.0,0.0,0.0,False,False,False
main,deterministic,deterministic,2025-01-01,77,True,True,0,,,0.7,20.0,optimal,1.7531288000027416,1.753130400000373,0.0,0,0,15739.054160344675,148.70054368396262,15887.754704028637,15319.311927149707,15468.01247083367,173066.1382117899,0.0,47.074653802322146,0.0,0.0,0.0,False,False,False
main,deterministic,deterministic,2025-01-01,78,True,True,0,,,0.7,20.0,optimal,1.7531288000027416,1.753130400000373,0.0,0,0,15739.054160344675,148.70054368396262,15887.754704028637,15312.766349268104,15461.466892952067,178080.9813833818,0.0,50.55006319230209,0.0,0.0,0.0,False,False,False
main,deterministic,deterministic,2025-01-01,79,True,True,0,,,0.7,20.0,optimal,1.7531288000027416,1.753130400000373,0.0,0,0,15739.054160344675,148.70054368396262,15887.754704028637,16309.91337236629,16458.613916050253,199886.63857987776,0.0,47.859194737667806,0.0,0.0,0.0,False,False,False
main,deterministic,deterministic,2025-01-01,80,True,True,0,,,0.7,20.0,optimal,1.7531288000027416,1.753130400000373,0.0,0,0,15739.054160344675,148.70054368396262,15887.754704028637,16079.457660821148,16228.158204505111,201125.8178231511,0.0,50.203982319176156,0.0,0.0,0.0,False,False,False
main,deterministic,deterministic,2025-01-01,81,True,True,0,,,0.7,20.0,optimal,1.7531288000027416,1.753130400000373,0.0,0,0,15739.054160344675,148.70054368396262,15887.754704028637,15696.134043607548,15844.83458729151,185267.0896859882,0.124687834387083,59.53156234444496,0.0,0.0,0.0,False,False,False
main,deterministic,deterministic,2025-01-01,82,True,True,0,,,0.7,20.0,optimal,1.7531288000027416,1.753130400000373,0.0,0,0,15739.054160344675,148.70054368396262,15887.754704028637,15375.109858603384,15523.810402287347,183178.75660924756,0.07305403701739724,44.67641779341995,0.0,0.0,0.0,False,False,False
main,deterministic,deterministic,2025-01-01,83,True,True,0,,,0.7,20.0,optimal,1.7531288000027416,1.753130400000373,0.0,0,0,15739.054160344675,148.70054368396262,15887.754704028637,16065.98996929887,16214.690512982832,202943.31414537673,0.04106225130651758,44.23042213064315,0.0,0.0,0.0,False,False,False
main,deterministic,deterministic,2025-01-01,84,True,True,0,,,0.7,20.0,optimal,1.7531288000027416,1.753130400000373,0.0,0,0,15739.054160344675,148.70054368396262,15887.754704028637,15920.781937932334,16069.482481616296,203536.344276964,0.11651222011883869,43.09555509142607,0.0,0.0,0.0,False,False,False
main,deterministic,deterministic,2025-01-01,85,True,True,0,,,0.7,20.0,optimal,1.7531288000027416,1.753130400000373,0.0,0,0,15739.054160344675,148.70054368396262,15887.754704028637,15872.996803465028,16021.697347148991,192764.82330196892,0.0,54.69343193638886,0.0,0.0,0.0,False,False,False
main,deterministic,deterministic,2025-01-01,86,True,True,0,,,0.7,20.0,optimal,1.7531288000027416,1.753130400000373,0.0,0,0,15739.054160344675,148.70054368396262,15887.754704028637,16080.574527126448,16229.27507081041,195061.2767209466,0.07687092651645885,44.43301494462586,0.0,0.0,0.0,False,False,False
main,deterministic,deterministic,2025-01-01,87,True,True,0,,,0.7,20.0,optimal,1.7531288000027416,1.753130400000373,0.0,0,0,15739.054160344675,148.70054368396262,15887.754704028637,15176.896851207419,15325.597394891382,171283.83812586122,0.15755769463181557,49.88959398947248,0.0,0.0,0.0,False,False,False
main,deterministic,deterministic,2025-01-01,88,True,True,0,,,0.7,20.0,optimal,1.7531288000027416,1.753130400000373,0.0,0,0,15739.054160344675,148.70054368396262,15887.754704028637,15848.606014650704,15997.306558334667,171923.15233367434,0.576379733038139,59.44006061909862,0.0,0.0,0.0,False,False,False
main,deterministic,deterministic,2025-01-01,89,True,True,0,,,0.7,20.0,optimal,1.7531288000027416,1.753130400000373,0.0,0,0,15739.054160344675,148.70054368396262,15887.754704028637,16205.501441912558,16354.20198559652,190068.81492522292,0.0,50.24171752969914,0.0,0.0,0.0,False,False,False
main,deterministic,deterministic,2025-01-01,90,True,True,0,,,0.7,20.0,optimal,1.7531288000027416,1.753130400000373,0.0,0,0,15739.054160344675,148.70054368396262,15887.754704028637,15331.873290600935,15480.573834284898,184225.4710981166,0.14272223111062188,53.651555736835206,0.0,0.0,0.0,False,False,False
main,deterministic,deterministic,2025-01-01,91,True,True,0,,,0.7,20.0,optimal,1.7531288000027416,1.753130400000373,0.0,0,0,15739.054160344675,148.70054368396262,15887.754704028637,14962.085918831988,15110.786462515951,163252.34544702846,0.0,50.389342309320305,0.0,0.0,0.0,False,False,False
main,deterministic,deterministic,2025-01-01,92,True,True,0,,,0.7,20.0,optimal,1.7531288000027416,1.753130400000373,0.0,0,0,15739.054160344675,148.70054368396262,15887.754704028637,15814.34708299168,15963.047626675643,178333.92959932386,0.0,42.72313288575164,0.0,0.0,0.0,False,False,False
main,deterministic,deterministic,2025-01-01,93,True,True,0,,,0.7,20.0,optimal,1.7531288000027416,1.753130400000373,0.0,0,0,15739.054160344675,148.70054368396262,15887.754704028637,15581.418426077536,15730.1189697615,190509.19790974833,0.2920772766025635,51.28984804255669,0.0,0.0,0.0,False,False,False
main,deterministic,deterministic,2025-01-01,94,True,True,0,,,0.7,20.0,optimal,1.7531288000027416,1.753130400000373,0.0,0,0,15739.054160344675,148.70054368396262,15887.754704028637,15241.195655662012,15389.896199345974,180947.27951829857,0.02420138798376345,46.19752304037505,0.0,0.0,0.0,False,False,False
main,deterministic,deterministic,2025-01-01,95,True,True,0,,,0.7,20.0,optimal,1.7531288000027416,1.753130400000373,0.0,0,0,15739.054160344675,148.70054368396262,15887.754704028637,15000.871091186282,15149.571634870244,174683.9086377619,0.03120652959486822,51.68756530997146,0.0,0.0,0.0,False,False,False
main,deterministic,deterministic,2025-01-01,96,True,True,0,,,0.7,20.0,optimal,1.7531288000027416,1.753130400000373,0.0,0,0,15739.054160344675,148.70054368396262,15887.754704028637,15553.902364756636,15702.602908440598,182146.50653350583,0.10798400974825087,48.83974530939206,0.0,0.0,0.0,False,False,False
main,deterministic,deterministic,2025-01-01,97,True,True,0,,,0.7,20.0,optimal,1.7531288000027416,1.753130400000373,0.0,0,0,15739.054160344675,148.70054368396262,15887.754704028637,15583.05815865314,15731.758702337103,181112.28683810605,0.0,50.67297373976411,0.0,0.0,0.0,False,False,False
main,deterministic,deterministic,2025-01-01,98,True,True,0,,,0.7,20.0,optimal,1.7531288000027416,1.753130400000373,0.0,0,0,15739.054160344675,148.70054368396262,15887.754704028637,15730.799523084585,15879.500066768547,182451.0661173769,0.101202988710867,45.29473667533499,0.0,0.0,0.0,False,False,False
main,deterministic,deterministic,2025-01-01,99,True,True,0,,,0.7,20.0,optimal,1.7531288000027416,1.753130400000373,0.0,0,0,15739.054160344675,148.70054368396262,15887.754704028637,15578.506119548567,15727.20666323253,179262.79666896394,0.06784896363151327,53.09955598781845,0.0,0.0,0.0,False,False,False
main,deterministic,deterministic,2025-04-01,0,True,True,0,,,0.7,20.0,optimal,1.7218243999959668,1.7218265999981668,0.0,0,0,15594.359987076225,448.4677356664462,16042.827722742672,14911.60882178975,15360.076557456197,119995.82286806447,0.0,54.84009600988037,0.0,0.0,0.0,False,False,False
main,deterministic,deterministic,2025-04-01,1,True,True,0,,,0.7,20.0,optimal,1.7218243999959668,1.7218265999981668,0.0,0,0,15594.359987076225,448.4677356664462,16042.827722742672,15880.452027632926,16328.919763299373,134806.50136398748,0.0,60.51768428278031,0.0,0.0,0.0,False,False,False
main,deterministic,deterministic,2025-04-01,2,True,True,0,,,0.7,20.0,optimal,1.7218243999959668,1.7218265999981668,0.0,0,0,15594.359987076225,448.4677356664462,16042.827722742672,15387.890097614983,15836.35783328143,128716.46905070778,0.0,50.0586474681471,0.0,0.0,0.0,False,False,False
main,deterministic,deterministic,2025-04-01,3,True,True,0,,,0.7,20.0,optimal,1.7218243999959668,1.7218265999981668,0.0,0,0,15594.359987076225,448.4677356664462,16042.827722742672,15914.369179343035,16362.836915009482,135811.87828265846,0.0,54.86952521958706,0.0,0.0,0.0,False,False,False
main,deterministic,deterministic,2025-04-01,4,True,True,0,,,0.7,20.0,optimal,1.7218243999959668,1.7218265999981668,0.0,0,0,15594.359987076225,448.4677356664462,16042.827722742672,15637.157589142062,16085.625324808509,133059.5117723506,0.0,51.44924243934795,0.0,0.0,0.0,False,False,False
main,deterministic,deterministic,2025-04-01,5,True,True,0,,,0.7,20.0,optimal,1.7218243999959668,1.7218265999981668,0.0,0,0,15594.359987076225,448.4677356664462,16042.827722742672,16119.122151304447,16567.589886970894,146095.44633633943,0.13094645520539372,56.31148601518617,0.0,0.0,0.0,False,False,False
main,deterministic,deterministic,2025-04-01,6,True,True,0,,,0.7,20.0,optimal,1.7218243999959668,1.7218265999981668,0.0,0,0,15594.359987076225,448.4677356664462,16042.827722742672,15891.263832540732,16339.731568207178,138969.74268323588,0.0,51.860236616748935,0.0,0.0,0.0,False,False,False
main,deterministic,deterministic,2025-04-01,7,True,True,0,,,0.7,20.0,optimal,1.7218243999959668,1.7218265999981668,0.0,0,0,15594.359987076225,448.4677356664462,16042.827722742672,15357.276213748195,15805.743949414642,124561.64518986823,0.01274867818822532,51.65907270334394,0.0,0.0,0.0,False,False,False
main,deterministic,deterministic,2025-04-01,8,True,True,0,,,0.7,20.0,optimal,1.7218243999959668,1.7218265999981668,0.0,0,0,15594.359987076225,448.4677356664462,16042.827722742672,15999.739556572898,16448.207292239345,137485.4005727119,0.060292170828891045,52.733993452555,0.0,0.0,0.0,False,False,False
main,deterministic,deterministic,2025-04-01,9,True,True,0,,,0.7,20.0,optimal,1.7218243999959668,1.7218265999981668,0.0,0,0,15594.359987076225,448.4677356664462,16042.827722742672,16128.486231346318,16576.953967012763,137979.59194343677,0.15644467533394368,58.74490852353387,0.0,0.0,0.0,False,False,False
main,deterministic,deterministic,2025-04-01,10,True,True,0,,,0.7,20.0,optimal,1.7218243999959668,1.7218265999981668,0.0,0,0,15594.359987076225,448.4677356664462,16042.827722742672,15632.26097830906,16080.728713975506,129617.34606147355,0.0,50.101207568972455,0.0,0.0,0.0,False,False,False
main,deterministic,deterministic,2025-04-01,11,True,True,0,,,0.7,20.0,optimal,1.7218243999959668,1.7218265999981668,0.0,0,0,15594.359987076225,448.4677356664462,16042.827722742672,15638.42189826475,16086.889633931198,129232.07922986205,0.0,44.697447116971716,0.0,0.0,0.0,False,False,False
main,deterministic,deterministic,2025-04-01,12,True,True,0,,,0.7,20.0,optimal,1.7218243999959668,1.7218265999981668,0.0,0,0,15594.359987076225,448.4677356664462,16042.827722742672,15689.32754247673,16137.795278143178,142050.09953733897,0.0,46.60144984460176,0.0,0.0,0.0,False,False,False
main,deterministic,deterministic,2025-04-01,13,True,True,0,,,0.7,20.0,optimal,1.7218243999959668,1.7218265999981668,0.0,0,0,15594.359987076225,448.4677356664462,16042.827722742672,16147.774213791863,16596.24194945831,142362.5047498897,0.22741142279345766,54.18677183752381,0.0,0.0,0.0,False,False,False
main,deterministic,deterministic,2025-04-01,14,True,True,0,,,0.7,20.0,optimal,1.7218243999959668,1.7218265999981668,0.0,0,0,15594.359987076225,448.4677356664462,16042.827722742672,15287.890954614008,15736.358690280455,125584.88782161316,0.0,51.94629285241506,0.0,0.0,0.0,False,False,False
main,deterministic,deterministic,2025-04-01,15,True,True,0,,,0.7,20.0,optimal,1.7218243999959668,1.7218265999981668,0.0,0,0,15594.359987076225,448.4677356664462,16042.827722742672,15134.051029262218,15582.518764928665,123317.50620134445,0.0,49.96056847541401,0.0,0.0,0.0,False,False,False
main,deterministic,deterministic,2025-04-01,16,True,True,0,,,0.7,20.0,optimal,1.7218243999959668,1.7218265999981668,0.0,0,0,15594.359987076225,448.4677356664462,16042.827722742672,15025.316802781885,15473.784538448332,119440.21761161838,0.0,49.3528211197894,0.0,0.0,0.0,False,False,False
main,deterministic,deterministic,2025-04-01,17,True,True,0,,,0.7,20.0,optimal,1.7218243999959668,1.7218265999981668,0.0,0,0,15594.359987076225,448.4677356664462,16042.827722742672,15502.623740285873,15951.09147595232,126490.8598442008,0.03904472827596417,62.56514262651589,0.0,0.0,0.0,False,False,False
main,deterministic,deterministic,2025-04-01,18,True,True,0,,,0.7,20.0,optimal,1.7218243999959668,1.7218265999981668,0.0,0,0,15594.359987076225,448.4677356664462,16042.827722742672,16072.752971349832,16521.220707016277,135412.00577338555,0.07360012849294695,57.70436803099463,0.0,0.0,0.0,False,False,False
main,deterministic,deterministic,2025-04-01,19,True,True,0,,,0.7,20.0,optimal,1.7218243999959668,1.7218265999981668,0.0,0,0,15594.359987076225,448.4677356664462,16042.827722742672,15586.289103343232,16034.756839009679,136018.09340152086,0.0,51.81469547099554,0.0,0.0,0.0,False,False,False
main,deterministic,deterministic,2025-04-01,20,True,True,0,,,0.7,20.0,optimal,1.7218243999959668,1.7218265999981668,0.0,0,0,15594.359987076225,448.4677356664462,16042.827722742672,15978.742198091526,16427.20993375797,139490.14642206486,0.0,47.43632404093133,0.0,0.0,0.0,False,False,False
main,deterministic,deterministic,2025-04-01,21,True,True,0,,,0.7,20.0,optimal,1.7218243999959668,1.7218265999981668,0.0,0,0,15594.359987076225,448.4677356664462,16042.827722742672,15589.68624660113,16038.153982267577,123470.66319284598,0.15239662244898877,48.43728919453066,0.0,0.0,0.0,False,False,False
main,deterministic,deterministic,2025-04-01,22,True,True,0,,,0.7,20.0,optimal,1.7218243999959668,1.7218265999981668,0.0,0,0,15594.359987076225,448.4677356664462,16042.827722742672,15811.66634974818,16260.134085414627,135947.24577923416,0.0,52.46483322179626,0.0,0.0,0.0,False,False,False
main,deterministic,deterministic,2025-04-01,23,True,True,0,,,0.7,20.0,optimal,1.7218243999959668,1.7218265999981668,0.0,0,0,15594.359987076225,448.4677356664462,16042.827722742672,15593.87796625573,16042.345701922177,135009.32640066018,0.0,114.48092370609135,0.0,0.0,0.8564422227489343,False,False,True
main,deterministic,deterministic,2025-04-01,24,True,True,0,,,0.7,20.0,optimal,1.7218243999959668,1.7218265999981668,0.0,0,0,15594.359987076225,448.4677356664462,16042.827722742672,15272.704577190556,15721.172312857003,127987.65583797671,0.1796690583828029,59.40394812096247,0.0,0.0,0.0,False,False,False
main,deterministic,deterministic,2025-04-01,25,True,True,0,,,0.7,20.0,optimal,1.7218243999959668,1.7218265999981668,0.0,0,0,15594.359987076225,448.4677356664462,16042.827722742672,17125.383611506106,17573.851347172553,163305.56013625575,0.0,47.10810273452369,0.0,0.0,0.0,False,False,False
main,deterministic,deterministic,2025-04-01,26,True,True,0,,,0.7,20.0,optimal,1.7218243999959668,1.7218265999981668,0.0,0,0,15594.359987076225,448.4677356664462,16042.827722742672,15583.457838631866,16031.925574298313,133870.85044920893,0.045226343067770125,60.2175497838807,0.0,0.0,0.0,False,False,False
main,deterministic,deterministic,2025-04-01,27,True,True,0,,,0.7,20.0,optimal,1.7218243999959668,1.7218265999981668,0.0,0,0,15594.359987076225,448.4677356664462,16042.827722742672,15043.763576491998,15492.231312158445,118960.9621555357,0.07359842246790166,57.630687980818955,0.0,0.0,0.0,False,False,False
main,deterministic,deterministic,2025-04-01,28,True,True,0,,,0.7,20.0,optimal,1.7218243999959668,1.7218265999981668,0.0,0,0,15594.359987076225,448.4677356664462,16042.827722742672,15765.151710271139,16213.619445937586,132392.77401284172,0.0,45.801085730522665,0.0,0.0,0.0,False,False,False
main,deterministic,deterministic,2025-04-01,29,True,True,0,,,0.7,20.0,optimal,1.7218243999959668,1.7218265999981668,0.0,0,0,15594.359987076225,448.4677356664462,16042.827722742672,16170.093604294925,16618.561339961372,141598.28397492395,0.0,41.809545846746815,0.0,0.0,0.0,False,False,False
main,deterministic,deterministic,2025-04-01,30,True,True,0,,,0.7,20.0,optimal,1.7218243999959668,1.7218265999981668,0.0,0,0,15594.359987076225,448.4677356664462,16042.827722742672,14955.889289469498,15404.357025135945,113639.75971471945,0.0,47.90145175405936,0.0,0.0,0.0,False,False,False
main,deterministic,deterministic,2025-04-01,31,True,True,0,,,0.7,20.0,optimal,1.7218243999959668,1.7218265999981668,0.0,0,0,15594.359987076225,448.4677356664462,16042.827722742672,16048.964696220984,16497.43243188743,147761.6254710528,0.0,49.42239400680783,0.0,0.0,0.0,False,False,False
main,deterministic,deterministic,2025-04-01,32,True,True,0,,,0.7,20.0,optimal,1.7218243999959668,1.7218265999981668,0.0,0,0,15594.359987076225,448.4677356664462,16042.827722742672,15184.464784648706,15632.932520315153,131273.5633365002,0.0,49.30808533011461,0.0,0.0,0.0,False,False,False
main,deterministic,deterministic,2025-04-01,33,True,True,0,,,0.7,20.0,optimal,1.7218243999959668,1.7218265999981668,0.0,0,0,15594.359987076225,448.4677356664462,16042.827722742672,16991.14405430509,17439.611789971535,161791.68061036366,0.0,64.32827702522988,0.0,0.0,0.0,False,False,False
main,deterministic,deterministic,2025-04-01,34,True,True,0,,,0.7,20.0,optimal,1.7218243999959668,1.7218265999981668,0.0,0,0,15594.359987076225,448.4677356664462,16042.827722742672,16025.897104942575,16474.36484060902,138799.4958287242,0.013352119948894625,55.09546720794241,0.0,0.0,0.0,False,False,False
main,deterministic,deterministic,2025-04-01,35,True,True,0,,,0.7,20.0,optimal,1.7218243999959668,1.7218265999981668,0.0,0,0,15594.359987076225,448.4677356664462,16042.827722742672,15462.931973230785,15911.399708897232,123964.08634047859,0.0,57.13013402528589,0.0,0.0,0.0,False,False,False
main,deterministic,deterministic,2025-04-01,36,True,True,0,,,0.7,20.0,optimal,1.7218243999959668,1.7218265999981668,0.0,0,0,15594.359987076225,448.4677356664462,16042.827722742672,15126.353426450878,15574.821162117325,123265.66166582885,0.026310093236468157,61.58605216817694,0.0,0.0,0.0,False,False,False
main,deterministic,deterministic,2025-04-01,37,True,True,0,,,0.7,20.0,optimal,1.7218243999959668,1.7218265999981668,0.0,0,0,15594.359987076225,448.4677356664462,16042.827722742672,15303.899254165533,15752.36698983198,130897.54150623428,0.0,43.59024541741393,0.0,0.0,0.0,False,False,False
main,deterministic,deterministic,2025-04-01,38,True,True,0,,,0.7,20.0,optimal,1.7218243999959668,1.7218265999981668,0.0,0,0,15594.359987076225,448.4677356664462,16042.827722742672,15492.914360686229,15941.382096352676,131635.1203170609,0.0,50.46077227793929,0.0,0.0,0.0,False,False,False
main,deterministic,deterministic,2025-04-01,39,True,True,0,,,0.7,20.0,optimal,1.7218243999959668,1.7218265999981668,0.0,0,0,15594.359987076225,448.4677356664462,16042.827722742672,15927.485428566019,16375.953164232465,142066.71879332673,0.05980427768810692,47.68968482380205,0.0,0.0,0.0,False,False,False
main,deterministic,deterministic,2025-04-01,40,True,True,0,,,0.7,20.0,optimal,1.7218243999959668,1.7218265999981668,0.0,0,0,15594.359987076225,448.4677356664462,16042.827722742672,15953.029750510283,16401.49748617673,141361.86946369256,0.0,48.23418748397026,0.0,0.0,0.0,False,False,False
main,deterministic,deterministic,2025-04-01,41,True,True,0,,,0.7,20.0,optimal,1.7218243999959668,1.7218265999981668,0.0,0,0,15594.359987076225,448.4677356664462,16042.827722742672,16143.454535845096,16591.922271511543,137797.3972607772,0.1778368976190987,42.890325425808655,0.0,0.0,0.0,False,False,False
main,deterministic,deterministic,2025-04-01,42,True,True,0,,,0.7,20.0,optimal,1.7218243999959668,1.7218265999981668,0.0,0,0,15594.359987076225,448.4677356664462,16042.827722742672,15693.471629048081,16141.939364714528,138061.2705038561,0.3126070461314016,58.25490770721179,0.0,0.0,0.0,False,False,False
main,deterministic,deterministic,2025-04-01,43,True,True,0,,,0.7,20.0,optimal,1.7218243999959668,1.7218265999981668,0.0,0,0,15594.359987076225,448.4677356664462,16042.827722742672,15060.705756300249,15509.173491966696,120588.78518163731,0.0,52.55078920161469,0.0,0.0,0.0,False,False,False
main,deterministic,deterministic,2025-04-01,44,True,True,0,,,0.7,20.0,optimal,1.7218243999959668,1.7218265999981668,0.0,0,0,15594.359987076225,448.4677356664462,16042.827722742672,15565.956945841506,16014.424681507953,126312.69123534489,0.0,54.563417072665274,0.0,0.0,0.0,False,False,False
main,deterministic,deterministic,2025-04-01,45,True,True,0,,,0.7,20.0,optimal,1.7218243999959668,1.7218265999981668,0.0,0,0,15594.359987076225,448.4677356664462,16042.827722742672,16293.28787799389,16741.755613660334,142507.89437889916,0.062853439134398,53.667963349958505,0.0,0.0,0.0,False,False,False
main,deterministic,deterministic,2025-04-01,46,True,True,0,,,0.7,20.0,optimal,1.7218243999959668,1.7218265999981668,0.0,0,0,15594.359987076225,448.4677356664462,16042.827722742672,15715.388504520457,16163.856240186904,135119.23905819352,0.21171142948918764,55.48565298088158,0.0,0.0,0.0,False,False,False
main,deterministic,deterministic,2025-04-01,47,True,True,0,,,0.7,20.0,optimal,1.7218243999959668,1.7218265999981668,0.0,0,0,15594.359987076225,448.4677356664462,16042.827722742672,15929.348374212437,16377.816109878884,142084.75695128014,0.03472221845619394,51.69922948873219,0.0,0.0,0.0,False,False,False
main,deterministic,deterministic,2025-04-01,48,True,True,0,,,0.7,20.0,optimal,1.7218243999959668,1.7218265999981668,0.0,0,0,15594.359987076225,448.4677356664462,16042.827722742672,16532.717076778154,16981.1848124446,149821.87028963934,0.0,48.2096928790045,0.0,0.0,0.0,False,False,False
main,deterministic,deterministic,2025-04-01,49,True,True,0,,,0.7,20.0,optimal,1.7218243999959668,1.7218265999981668,0.0,0,0,15594.359987076225,448.4677356664462,16042.827722742672,16171.883716347422,16620.351452013867,146204.51248491474,0.06428890256840902,58.66204971904763,0.0,0.0,0.0,False,False,False
main,deterministic,deterministic,2025-04-01,50,True,True,0,,,0.7,20.0,optimal,1.7218243999959668,1.7218265999981668,0.0,0,0,15594.359987076225,448.4677356664462,16042.827722742672,15110.864765137487,15559.332500803934,135540.60769503328,0.0,111.47642775606528,0.0,0.0,0.8714830378098941,False,False,True
main,deterministic,deterministic,2025-04-01,51,True,True,0,,,0.7,20.0,optimal,1.7218243999959668,1.7218265999981668,0.0,0,0,15594.359987076225,448.4677356664462,16042.827722742672,15171.041623825937,15619.509359492384,126742.60666125584,0.0,51.85661264340154,0.0,0.0,0.0,False,False,False
main,deterministic,deterministic,2025-04-01,52,True,True,0,,,0.7,20.0,optimal,1.7218243999959668,1.7218265999981668,0.0,0,0,15594.359987076225,448.4677356664462,16042.827722742672,16032.190462745002,16480.65819841145,145185.73563444824,0.0,112.43523898541325,0.0,0.0,0.8541582540690265,False,False,True
main,deterministic,deterministic,2025-04-01,53,True,True,0,,,0.7,20.0,optimal,1.7218243999959668,1.7218265999981668,0.0,0,0,15594.359987076225,448.4677356664462,16042.827722742672,15679.898753026144,16128.36648869259,130635.74575379342,0.0582376084301654,46.54127765584687,0.0,0.0,0.0,False,False,False
main,deterministic,deterministic,2025-04-01,54,True,True,0,,,0.7,20.0,optimal,1.7218243999959668,1.7218265999981668,0.0,0,0,15594.359987076225,448.4677356664462,16042.827722742672,16377.641160845613,16826.108896512058,144576.42520233197,0.0,50.00336863656762,0.0,0.0,0.0,False,False,False
main,deterministic,deterministic,2025-04-01,55,True,True,0,,,0.7,20.0,optimal,1.7218243999959668,1.7218265999981668,0.0,0,0,15594.359987076225,448.4677356664462,16042.827722742672,15585.698418473487,16034.166154139933,132351.95756700897,0.0,54.80738832761196,0.0,0.0,0.0,False,False,False
main,deterministic,deterministic,2025-04-01,56,True,True,0,,,0.7,20.0,optimal,1.7218243999959668,1.7218265999981668,0.0,0,0,15594.359987076225,448.4677356664462,16042.827722742672,15842.776717976383,16291.24445364283,137400.6081259235,0.0,40.811342490811306,0.0,0.0,0.0,False,False,False
main,deterministic,deterministic,2025-04-01,57,True,True,0,,,0.7,20.0,optimal,1.7218243999959668,1.7218265999981668,0.0,0,0,15594.359987076225,448.4677356664462,16042.827722742672,15490.077777593886,15938.545513260333,131526.3168169014,0.09666509539366586,52.19338050984092,0.0,0.0,0.0,False,False,False
main,deterministic,deterministic,2025-04-01,58,True,True,0,,,0.7,20.0,optimal,1.7218243999959668,1.7218265999981668,0.0,0,0,15594.359987076225,448.4677356664462,16042.827722742672,16605.270294116002,17053.73802978245,150211.99110280265,0.0,58.281467902637274,0.0,0.0,0.0,False,False,False
main,deterministic,deterministic,2025-04-01,59,True,True,0,,,0.7,20.0,optimal,1.7218243999959668,1.7218265999981668,0.0,0,0,15594.359987076225,448.4677356664462,16042.827722742672,16494.004690424295,16942.472426090742,150270.46750921156,0.0,54.92630676914918,0.0,0.0,0.0,False,False,False
main,deterministic,deterministic,2025-04-01,60,True,True,0,,,0.7,20.0,optimal,1.7218243999959668,1.7218265999981668,0.0,0,0,15594.359987076225,448.4677356664462,16042.827722742672,15839.295524055116,16287.763259721563,140218.6201927436,0.026282391049073706,52.57809473296591,0.0,0.0,0.0,False,False,False
main,deterministic,deterministic,2025-04-01,61,True,True,0,,,0.7,20.0,optimal,1.7218243999959668,1.7218265999981668,0.0,0,0,15594.359987076225,448.4677356664462,16042.827722742672,15786.634003792498,16235.101739458945,137630.18843325585,0.0,42.97168467186715,0.0,0.0,0.0,False,False,False
main,deterministic,deterministic,2025-04-01,62,True,True,0,,,0.7,20.0,optimal,1.7218243999959668,1.7218265999981668,0.0,0,0,15594.359987076225,448.4677356664462,16042.827722742672,14884.33468271757,15332.802418384017,123442.08993882968,0.0,113.7527076743781,0.0,0.0,0.8839614202369679,False,False,True
main,deterministic,deterministic,2025-04-01,63,True,True,0,,,0.7,20.0,optimal,1.7218243999959668,1.7218265999981668,0.0,0,0,15594.359987076225,448.4677356664462,16042.827722742672,15815.208626442367,16263.676362108814,130863.83001312082,0.0,62.24809096520492,0.0,0.0,0.0,False,False,False
main,deterministic,deterministic,2025-04-01,64,True,True,0,,,0.7,20.0,optimal,1.7218243999959668,1.7218265999981668,0.0,0,0,15594.359987076225,448.4677356664462,16042.827722742672,15415.966783527048,15864.434519193495,122565.20082776214,0.20178702086121536,49.41216749502933,0.0,0.0,0.0,False,False,False
main,deterministic,deterministic,2025-04-01,65,True,True,0,,,0.7,20.0,optimal,1.7218243999959668,1.7218265999981668,0.0,0,0,15594.359987076225,448.4677356664462,16042.827722742672,16055.657496885155,16504.1252325516,134758.47764031976,0.340624878922026,56.16102543841313,0.0,0.0,0.0,False,False,False
main,deterministic,deterministic,2025-04-01,66,True,True,0,,,0.7,20.0,optimal,1.7218243999959668,1.7218265999981668,0.0,0,0,15594.359987076225,448.4677356664462,16042.827722742672,15980.963228145798,16429.430963812243,139461.97702690968,0.0,60.09532102498719,0.0,0.0,0.0,False,False,False
main,deterministic,deterministic,2025-04-01,67,True,True,0,,,0.7,20.0,optimal,1.7218243999959668,1.7218265999981668,0.0,0,0,15594.359987076225,448.4677356664462,16042.827722742672,14814.431881666098,15262.899617332545,119745.9795982148,0.0,55.41168480369342,0.0,0.0,0.0,False,False,False
main,deterministic,deterministic,2025-04-01,68,True,True,0,,,0.7,20.0,optimal,1.7218243999959668,1.7218265999981668,0.0,0,0,15594.359987076225,448.4677356664462,16042.827722742672,16761.30320849993,17209.770944166376,157566.90395538753,0.0,53.790771245336806,0.0,0.0,0.0,False,False,False
main,deterministic,deterministic,2025-04-01,69,True,True,0,,,0.7,20.0,optimal,1.7218243999959668,1.7218265999981668,0.0,0,0,15594.359987076225,448.4677356664462,16042.827722742672,16995.01879067593,17443.486526342378,152433.3647203664,0.0,56.74365394801007,0.0,0.0,0.0,False,False,False
main,deterministic,deterministic,2025-04-01,70,True,True,0,,,0.7,20.0,optimal,1.7218243999959668,1.7218265999981668,0.0,0,0,15594.359987076225,448.4677356664462,16042.827722742672,15829.416649169476,16277.884384835923,145908.29895252094,0.0,114.17477941701868,0.0,0.0,0.8682171367282536,False,False,True
main,deterministic,deterministic,2025-04-01,71,True,True,0,,,0.7,20.0,optimal,1.7218243999959668,1.7218265999981668,0.0,0,0,15594.359987076225,448.4677356664462,16042.827722742672,15066.796800731992,15515.26453639844,129329.18782738196,0.04230192344257366,56.611361770694124,0.0,0.0,0.0,False,False,False
main,deterministic,deterministic,2025-04-01,72,True,True,0,,,0.7,20.0,optimal,1.7218243999959668,1.7218265999981668,0.0,0,0,15594.359987076225,448.4677356664462,16042.827722742672,15545.673768999544,15994.141504665991,129459.31800671216,0.010146951689239181,58.5789296263681,0.0,0.0,0.0,False,False,False
main,deterministic,deterministic,2025-04-01,73,True,True,0,,,0.7,20.0,optimal,1.7218243999959668,1.7218265999981668,0.0,0,0,15594.359987076225,448.4677356664462,16042.827722742672,15720.282860353469,16168.750596019916,130557.2821626501,0.0,51.179350598137205,0.0,0.0,0.0,False,False,False
main,deterministic,deterministic,2025-04-01,74,True,True,0,,,0.7,20.0,optimal,1.7218243999959668,1.7218265999981668,0.0,0,0,15594.359987076225,448.4677356664462,16042.827722742672,15406.693045456414,15855.16078112286,121423.60957447799,0.029684695398017213,54.48711068830689,0.0,0.0,0.0,False,False,False
main,deterministic,deterministic,2025-04-01,75,True,True,0,,,0.7,20.0,optimal,1.7218243999959668,1.7218265999981668,0.0,0,0,15594.359987076225,448.4677356664462,16042.827722742672,15944.978322032466,16393.44605769891,136188.73576115593,0.084865910472258,47.80691226626909,0.0,0.0,0.0,False,False,False
main,deterministic,deterministic,2025-04-01,76,True,True,0,,,0.7,20.0,optimal,1.7218243999959668,1.7218265999981668,0.0,0,0,15594.359987076225,448.4677356664462,16042.827722742672,16472.84599786585,16921.313733532297,153456.56411764945,0.0,52.40343555003516,0.0,0.0,0.0,False,False,False
main,deterministic,deterministic,2025-04-01,77,True,True,0,,,0.7,20.0,optimal,1.7218243999959668,1.7218265999981668,0.0,0,0,15594.359987076225,448.4677356664462,16042.827722742672,14968.24587419855,15416.713609864997,121707.26045531203,0.012535519149794228,45.16077740068554,0.0,0.0,0.0,False,False,False
main,deterministic,deterministic,2025-04-01,78,True,True,0,,,0.7,20.0,optimal,1.7218243999959668,1.7218265999981668,0.0,0,0,15594.359987076225,448.4677356664462,16042.827722742672,15476.73825186021,15925.205987526657,126342.72248906158,0.39791551919223145,52.55451796888587,0.0,0.0,0.0,False,False,False
main,deterministic,deterministic,2025-04-01,79,True,True,0,,,0.7,20.0,optimal,1.7218243999959668,1.7218265999981668,0.0,0,0,15594.359987076225,448.4677356664462,16042.827722742672,16226.285624267395,16674.753359933842,144976.47737303638,0.0,48.47689600015429,0.0,0.0,0.0,False,False,False
main,deterministic,deterministic,2025-04-01,80,True,True,0,,,0.7,20.0,optimal,1.7218243999959668,1.7218265999981668,0.0,0,0,15594.359987076225,448.4677356664462,16042.827722742672,16349.872086632653,16798.339822299098,145785.90542962617,0.0,48.39516263956141,0.0,0.0,0.0,False,False,False
main,deterministic,deterministic,2025-04-01,81,True,True,0,,,0.7,20.0,optimal,1.7218243999959668,1.7218265999981668,0.0,0,0,15594.359987076225,448.4677356664462,16042.827722742672,15770.368045973208,16218.835781639655,131486.3160491918,0.011697731270583323,57.204711984039335,0.0,0.0,0.0,False,False,False
main,deterministic,deterministic,2025-04-01,82,True,True,0,,,0.7,20.0,optimal,1.7218243999959668,1.7218265999981668,0.0,0,0,15594.359987076225,448.4677356664462,16042.827722742672,15404.994404784165,15853.462140450612,130542.71775972121,0.0,48.70663109378271,0.0,0.0,0.0,False,False,False
main,deterministic,deterministic,2025-04-01,83,True,True,0,,,0.7,20.0,optimal,1.7218243999959668,1.7218265999981668,0.0,0,0,15594.359987076225,448.4677356664462,16042.827722742672,16295.200471199996,16743.66820686644,149122.67411927608,0.1985662452479372,44.64451519806388,0.0,0.0,0.0,False,False,False
main,deterministic,deterministic,2025-04-01,84,True,True,0,,,0.7,20.0,optimal,1.7218243999959668,1.7218265999981668,0.0,0,0,15594.359987076225,448.4677356664462,16042.827722742672,16379.727669552261,16828.195405218707,148271.9141022734,0.014507794829771714,47.891426087436244,0.0,0.0,0.0,False,False,False
main,deterministic,deterministic,2025-04-01,85,True,True,0,,,0.7,20.0,optimal,1.7218243999959668,1.7218265999981668,0.0,0,0,15594.359987076225,448.4677356664462,16042.827722742672,16089.924918595882,16538.392654262327,137087.13760385956,0.0028754196904432483,62.484953579052465,0.0,0.0,0.0,False,False,False
main,deterministic,deterministic,2025-04-01,86,True,True,0,,,0.7,20.0,optimal,1.7218243999959668,1.7218265999981668,0.0,0,0,15594.359987076225,448.4677356664462,16042.827722742672,15940.538879845506,16389.006615511953,138049.915888899,0.0,44.7589125441033,0.0,0.0,0.0,False,False,False
main,deterministic,deterministic,2025-04-01,87,True,True,0,,,0.7,20.0,optimal,1.7218243999959668,1.7218265999981668,0.0,0,0,15594.359987076225,448.4677356664462,16042.827722742672,14831.567389485343,15280.03512515179,119036.94394296806,0.05595772368813512,49.625321206190996,0.0,0.0,0.0,False,False,False
main,deterministic,deterministic,2025-04-01,88,True,True,0,,,0.7,20.0,optimal,1.7218243999959668,1.7218265999981668,0.0,0,0,15594.359987076225,448.4677356664462,16042.827722742672,15258.219360151139,15706.687095817586,121179.59214213432,0.0,60.52489632044541,0.0,0.0,0.0,False,False,False
main,deterministic,deterministic,2025-04-01,89,True,True,0,,,0.7,20.0,optimal,1.7218243999959668,1.7218265999981668,0.0,0,0,15594.359987076225,448.4677356664462,16042.827722742672,16076.736897988427,16525.204633654874,136199.0361167945,0.0,50.93045653193658,0.0,0.0,0.0,False,False,False
main,deterministic,deterministic,2025-04-01,90,True,True,0,,,0.7,20.0,optimal,1.7218243999959668,1.7218265999981668,0.0,0,0,15594.359987076225,448.4677356664462,16042.827722742672,15743.771274291541,16192.239009957988,131353.17440530032,0.2234539690495505,59.449218275581096,0.0,0.0,0.0,False,False,False
main,deterministic,deterministic,2025-04-01,91,True,True,0,,,0.7,20.0,optimal,1.7218243999959668,1.7218265999981668,0.0,0,0,15594.359987076225,448.4677356664462,16042.827722742672,14885.576481111582,15334.04421677803,113330.14836054418,0.0,54.68390855741736,0.0,0.0,0.0,False,False,False
main,deterministic,deterministic,2025-04-01,92,True,True,0,,,0.7,20.0,optimal,1.7218243999959668,1.7218265999981668,0.0,0,0,15594.359987076225,448.4677356664462,16042.827722742672,15360.525566607725,15808.993302274172,125040.13378711409,0.0,45.41362950574295,0.0,0.0,0.0,False,False,False
main,deterministic,deterministic,2025-04-01,93,True,True,0,,,0.7,20.0,optimal,1.7218243999959668,1.7218265999981668,0.0,0,0,15594.359987076225,448.4677356664462,16042.827722742672,15446.40738606399,15894.875121730436,135616.14047624325,0.03392998666418001,53.85093790425842,0.0,0.0,0.0,False,False,False
main,deterministic,deterministic,2025-04-01,94,True,True,0,,,0.7,20.0,optimal,1.7218243999959668,1.7218265999981668,0.0,0,0,15594.359987076225,448.4677356664462,16042.827722742672,15380.323262868089,15828.790998534536,127370.09500505275,0.0,49.95420364244035,0.0,0.0,0.0,False,False,False
main,deterministic,deterministic,2025-04-01,95,True,True,0,,,0.7,20.0,optimal,1.7218243999959668,1.7218265999981668,0.0,0,0,15594.359987076225,448.4677356664462,16042.827722742672,15144.285527998314,15592.753263664761,124271.76681822907,0.0028754411061824303,55.07170322414071,0.0,0.0,0.0,False,False,False
main,deterministic,deterministic,2025-04-01,96,True,True,0,,,0.7,20.0,optimal,1.7218243999959668,1.7218265999981668,0.0,0,0,15594.359987076225,448.4677356664462,16042.827722742672,15227.845747751115,15676.313483417562,130763.90103199267,0.0,52.93330308279015,0.0,0.0,0.0,False,False,False
main,deterministic,deterministic,2025-04-01,97,True,True,0,,,0.7,20.0,optimal,1.7218243999959668,1.7218265999981668,0.0,0,0,15594.359987076225,448.4677356664462,16042.827722742672,15451.640851773673,15900.10858744012,128307.43508173578,0.0,53.61406594535442,0.0,0.0,0.0,False,False,False
main,deterministic,deterministic,2025-04-01,98,True,True,0,,,0.7,20.0,optimal,1.7218243999959668,1.7218265999981668,0.0,0,0,15594.359987076225,448.4677356664462,16042.827722742672,15552.976298171494,16001.44403383794,129165.672668101,0.0,44.726983520291995,0.0,0.0,0.0,False,False,False
main,deterministic,deterministic,2025-04-01,99,True,True,0,,,0.7,20.0,optimal,1.7218243999959668,1.7218265999981668,0.0,0,0,15594.359987076225,448.4677356664462,16042.827722742672,15177.090029910634,15625.557765577081,125124.8657185934,0.0,55.89028933821092,0.0,0.0,0.0,False,False,False
main,deterministic,deterministic,2025-07-01,0,True,True,0,,,0.7,20.0,optimal,1.7799450000020443,1.7799458000081358,0.0,0,0,15969.299123511342,259.3869017513279,16228.68602526267,15050.705533876873,15310.092435628201,151627.02396599817,0.007878804379365056,59.83317586510769,0.0,0.0,0.0,False,False,False
main,deterministic,deterministic,2025-07-01,1,True,True,0,,,0.7,20.0,optimal,1.7799450000020443,1.7799458000081358,0.0,0,0,15969.299123511342,259.3869017513279,16228.68602526267,16344.088897502603,16603.47579925393,168911.9986442275,0.35660253577206796,68.92593550865674,0.0,0.0,0.0,False,False,False
main,deterministic,deterministic,2025-07-01,2,True,True,0,,,0.7,20.0,optimal,1.7799450000020443,1.7799458000081358,0.0,0,0,15969.299123511342,259.3869017513279,16228.68602526267,15598.969707374348,15858.356609125676,161591.2612003582,0.2504469965664987,53.447411205006844,0.0,0.0,0.0,False,False,False
main,deterministic,deterministic,2025-07-01,3,True,True,0,,,0.7,20.0,optimal,1.7799450000020443,1.7799458000081358,0.0,0,0,15969.299123511342,259.3869017513279,16228.68602526267,16058.16474541478,16317.551647166109,169115.86099855235,0.0,59.74579817232792,0.0,0.0,0.0,False,False,False
main,deterministic,deterministic,2025-07-01,4,True,True,0,,,0.7,20.0,optimal,1.7799450000020443,1.7799458000081358,0.0,0,0,15969.299123511342,259.3869017513279,16228.68602526267,15766.129401154674,16025.516302906002,167328.4458273249,0.03916039253504999,54.24486184364682,0.0,0.0,0.0,False,False,False
main,deterministic,deterministic,2025-07-01,5,True,True,0,,,0.7,20.0,optimal,1.7799450000020443,1.7799458000081358,0.0,0,0,15969.299123511342,259.3869017513279,16228.68602526267,16279.878869358097,16539.265771109425,180054.648064528,0.5954220862686721,59.69882630734977,0.0,0.0,0.0,False,False,False
main,deterministic,deterministic,2025-07-01,6,True,True,0,,,0.7,20.0,optimal,1.7799450000020443,1.7799458000081358,0.0,0,0,15969.299123511342,259.3869017513279,16228.68602526267,16646.885979265408,16906.272881016735,172749.49614420225,0.0,57.395642058523165,0.0,0.0,0.0,False,False,False
main,deterministic,deterministic,2025-07-01,7,True,True,0,,,0.7,20.0,optimal,1.7799450000020443,1.7799458000081358,0.0,0,0,15969.299123511342,259.3869017513279,16228.68602526267,15938.997012985341,16198.383914736669,156660.2481593997,0.08732288728894302,56.757057540677785,0.0,0.0,0.0,False,False,False
main,deterministic,deterministic,2025-07-01,8,True,True,0,,,0.7,20.0,optimal,1.7799450000020443,1.7799458000081358,0.0,0,0,15969.299123511342,259.3869017513279,16228.68602526267,16073.50937570672,16332.896277458049,170041.9945139842,0.1708718713893597,59.40454328313315,0.0,0.0,0.0,False,False,False
main,deterministic,deterministic,2025-07-01,9,True,True,0,,,0.7,20.0,optimal,1.7799450000020443,1.7799458000081358,0.0,0,0,15969.299123511342,259.3869017513279,16228.68602526267,16046.27301890849,16305.659920659818,172130.1221732381,0.0,117.09237660484666,0.0,0.0,0.7986772465179817,False,False,True
main,deterministic,deterministic,2025-07-01,10,True,True,0,,,0.7,20.0,optimal,1.7799450000020443,1.7799458000081358,0.0,0,0,15969.299123511342,259.3869017513279,16228.68602526267,15858.138919347475,16117.525821098803,163340.84496945204,0.0,57.02352713427839,0.0,0.0,0.0,False,False,False
main,deterministic,deterministic,2025-07-01,11,True,True,0,,,0.7,20.0,optimal,1.7799450000020443,1.7799458000081358,0.0,0,0,15969.299123511342,259.3869017513279,16228.68602526267,15947.11747309298,16206.504374844308,162785.31233613053,0.4380001700748739,53.906266494269644,0.0,0.0,0.0,False,False,False
main,deterministic,deterministic,2025-07-01,12,True,True,0,,,0.7,20.0,optimal,1.7799450000020443,1.7799458000081358,0.0,0,0,15969.299123511342,259.3869017513279,16228.68602526267,16333.271128222794,16592.65802997412,176080.52020958028,0.4014109180176158,54.21332164349866,0.0,0.0,0.0,False,False,False
main,deterministic,deterministic,2025-07-01,13,True,True,0,,,0.7,20.0,optimal,1.7799450000020443,1.7799458000081358,0.0,0,0,15969.299123511342,259.3869017513279,16228.68602526267,16638.44362199211,16897.83052374344,176943.36661171314,0.41218614408448395,60.73982136047672,0.0,0.0,0.0,False,False,False
main,deterministic,deterministic,2025-07-01,14,True,True,0,,,0.7,20.0,optimal,1.7799450000020443,1.7799458000081358,0.0,0,0,15969.299123511342,259.3869017513279,16228.68602526267,15679.777789467573,15939.1646912189,159232.7229819159,0.8127324765798147,57.87806505627389,0.0,0.0007712266159154435,0.0,False,True,False
main,deterministic,deterministic,2025-07-01,15,True,True,0,,,0.7,20.0,optimal,1.7799450000020443,1.7799458000081358,0.0,0,0,15969.299123511342,259.3869017513279,16228.68602526267,15428.990796083945,15688.377697835273,154593.31077985646,0.021902789094586678,53.928980703414496,0.0,0.0,0.0,False,False,False
main,deterministic,deterministic,2025-07-01,16,True,True,0,,,0.7,20.0,optimal,1.7799450000020443,1.7799458000081358,0.0,0,0,15969.299123511342,259.3869017513279,16228.68602526267,15394.05980118443,15653.446702935758,151909.59195478272,0.5841480070626764,57.54555584526575,0.0,0.03430540890944678,0.0,False,True,False
main,deterministic,deterministic,2025-07-01,17,True,True,0,,,0.7,20.0,optimal,1.7799450000020443,1.7799458000081358,0.0,0,0,15969.299123511342,259.3869017513279,16228.68602526267,16073.078004962266,16332.464906713594,157883.96976292788,0.0,67.56808611045912,0.0,0.0,0.0,False,False,False
main,deterministic,deterministic,2025-07-01,18,True,True,0,,,0.7,20.0,optimal,1.7799450000020443,1.7799458000081358,0.0,0,0,15969.299123511342,259.3869017513279,16228.68602526267,16566.131668202797,16825.518569954125,168300.2856678597,0.23113602689776314,62.79333373789615,0.0,0.0,0.0,False,False,False
main,deterministic,deterministic,2025-07-01,19,True,True,0,,,0.7,20.0,optimal,1.7799450000020443,1.7799458000081358,0.0,0,0,15969.299123511342,259.3869017513279,16228.68602526267,15748.590919261029,16007.977821012357,168256.78961064108,0.08120236379474433,55.993005766034194,0.0,0.0,0.0,False,False,False
main,deterministic,deterministic,2025-07-01,20,True,True,0,,,0.7,20.0,optimal,1.7799450000020443,1.7799458000081358,0.0,0,0,15969.299123511342,259.3869017513279,16228.68602526267,16536.122572333326,16795.509474084654,173466.52454283374,0.0,53.38650129607747,0.0,0.0,0.0,False,False,False
main,deterministic,deterministic,2025-07-01,21,True,True,0,,,0.7,20.0,optimal,1.7799450000020443,1.7799458000081358,0.0,0,0,15969.299123511342,259.3869017513279,16228.68602526267,15825.197408956057,16084.584310707385,156035.22407697383,0.14580850723569344,54.38767140677879,0.0,0.1822335913433648,0.0,False,True,False
main,deterministic,deterministic,2025-07-01,22,True,True,0,,,0.7,20.0,optimal,1.7799450000020443,1.7799458000081358,0.0,0,0,15969.299123511342,259.3869017513279,16228.68602526267,16302.3004327691,16561.687334520426,170182.5707790122,0.0,59.07946263744615,0.0,0.05360107751401455,0.0,False,True,False
main,deterministic,deterministic,2025-07-01,23,True,True,0,,,0.7,20.0,optimal,1.7799450000020443,1.7799458000081358,0.0,0,0,15969.299123511342,259.3869017513279,16228.68602526267,16104.675781349402,16364.06268310073,169472.56573434483,0.41124030955867463,59.20985590755773,0.0,0.0,0.0,False,False,False
main,deterministic,deterministic,2025-07-01,24,True,True,0,,,0.7,20.0,optimal,1.7799450000020443,1.7799458000081358,0.0,0,0,15969.299123511342,259.3869017513279,16228.68602526267,16134.253496277319,16393.640398028645,160871.98017885617,1.897363963245633,66.86860000022527,0.0,0.0,0.0,False,False,False
main,deterministic,deterministic,2025-07-01,25,True,True,0,,,0.7,20.0,optimal,1.7799450000020443,1.7799458000081358,0.0,0,0,15969.299123511342,259.3869017513279,16228.68602526267,17619.25909263875,17878.645994390077,199096.44930304744,0.0,53.870873005216275,0.0,0.0,0.0,False,False,False
main,deterministic,deterministic,2025-07-01,26,True,True,0,,,0.7,20.0,optimal,1.7799450000020443,1.7799458000081358,0.0,0,0,15969.299123511342,259.3869017513279,16228.68602526267,15885.535926905937,16144.922828657265,166670.62296996714,0.22070097805646013,65.6108300633038,0.0,0.02876239428583105,0.0,False,True,False
main,deterministic,deterministic,2025-07-01,27,True,True,0,,,0.7,20.0,optimal,1.7799450000020443,1.7799458000081358,0.0,0,0,15969.299123511342,259.3869017513279,16228.68602526267,15228.659786126602,15488.04668787793,151479.46850436533,0.1731305917367072,64.25551916704256,0.0,0.0,0.0,False,False,False
main,deterministic,deterministic,2025-07-01,28,True,True,0,,,0.7,20.0,optimal,1.7799450000020443,1.7799458000081358,0.0,0,0,15969.299123511342,259.3869017513279,16228.68602526267,16153.479533980288,16412.866435731616,166099.6900969476,0.013553102241842502,48.59382633668463,0.0,0.0,0.0,False,False,False
main,deterministic,deterministic,2025-07-01,29,True,True,0,,,0.7,20.0,optimal,1.7799450000020443,1.7799458000081358,0.0,0,0,15969.299123511342,259.3869017513279,16228.68602526267,16204.706022791763,16464.09292454309,176040.58462685774,0.7197757649192146,48.643488564103116,0.0,0.0,0.0,False,False,False
main,deterministic,deterministic,2025-07-01,30,True,True,0,,,0.7,20.0,optimal,1.7799450000020443,1.7799458000081358,0.0,0,0,15969.299123511342,259.3869017513279,16228.68602526267,15483.504084064085,15742.890985815413,145557.91464971218,0.025329286167012244,54.61216574372983,0.0,0.0,0.0,False,False,False
main,deterministic,deterministic,2025-07-01,31,True,True,0,,,0.7,20.0,optimal,1.7799450000020443,1.7799458000081358,0.0,0,0,15969.299123511342,259.3869017513279,16228.68602526267,16590.109191278483,16849.49609302981,183318.8261072436,0.304336405190868,56.66192064084476,0.0,0.0,0.0,False,False,False
main,deterministic,deterministic,2025-07-01,32,True,True,0,,,0.7,20.0,optimal,1.7799450000020443,1.7799458000081358,0.0,0,0,15969.299123511342,259.3869017513279,16228.68602526267,15696.881836233144,15956.268737984472,163903.08762270206,0.027654777433960942,63.755379523579414,0.0,0.0,0.0,False,False,False
main,deterministic,deterministic,2025-07-01,33,True,True,0,,,0.7,20.0,optimal,1.7799450000020443,1.7799458000081358,0.0,0,0,15969.299123511342,259.3869017513279,16228.68602526267,17145.805268286447,17405.192170037775,198707.18515840662,0.04719853736997201,72.56460074550652,0.0,0.0,0.0,False,False,False
main,deterministic,deterministic,2025-07-01,34,True,True,0,,,0.7,20.0,optimal,1.7799450000020443,1.7799458000081358,0.0,0,0,15969.299123511342,259.3869017513279,16228.68602526267,16537.24699108692,16796.633892838247,173523.9541014388,0.011933426865450514,62.4280091148028,0.0,0.01156537676954894,0.0,False,True,False
main,deterministic,deterministic,2025-07-01,35,True,True,0,,,0.7,20.0,optimal,1.7799450000020443,1.7799458000081358,0.0,0,0,15969.299123511342,259.3869017513279,16228.68602526267,16066.691459186912,16326.07836093824,156028.43238579915,0.0,62.878585196676774,0.0,0.0,0.0,False,False,False
main,deterministic,deterministic,2025-07-01,36,True,True,0,,,0.7,20.0,optimal,1.7799450000020443,1.7799458000081358,0.0,0,0,15969.299123511342,259.3869017513279,16228.68602526267,15417.788646554158,15677.175548305486,155360.89922485343,0.23975031363268784,65.74845340018103,0.0,0.0,0.0,False,False,False
main,deterministic,deterministic,2025-07-01,37,True,True,0,,,0.7,20.0,optimal,1.7799450000020443,1.7799458000081358,0.0,0,0,15969.299123511342,259.3869017513279,16228.68602526267,15712.060690863302,15971.44759261463,163048.39594167564,0.0,49.483892130799276,0.0,0.0,0.0,False,False,False
main,deterministic,deterministic,2025-07-01,38,True,True,0,,,0.7,20.0,optimal,1.7799450000020443,1.7799458000081358,0.0,0,0,15969.299123511342,259.3869017513279,16228.68602526267,15866.485600246004,16125.872501997332,165778.52075291635,0.5310079805144646,51.30848864934655,0.0,0.05384561521287412,0.0,False,True,False
main,deterministic,deterministic,2025-07-01,39,True,True,0,,,0.7,20.0,optimal,1.7799450000020443,1.7799458000081358,0.0,0,0,15969.299123511342,259.3869017513279,16228.68602526267,16010.8573141505,16270.244215901828,175136.1989347883,0.058039060155241295,50.088342317672854,0.0,0.0,0.0,False,False,False
main,deterministic,deterministic,2025-07-01,40,True,True,0,,,0.7,20.0,optimal,1.7799450000020443,1.7799458000081358,0.0,0,0,15969.299123511342,259.3869017513279,16228.68602526267,16105.127045628684,16364.513947380012,175880.88624042235,0.0,112.24035112818316,0.0,0.6755896645896489,1.0756058867551315,False,True,True
main,deterministic,deterministic,2025-07-01,41,True,True,0,,,0.7,20.0,optimal,1.7799450000020443,1.7799458000081358,0.0,0,0,15969.299123511342,259.3869017513279,16228.68602526267,16052.833890262706,16312.220792014034,171301.52614732675,0.007850873627582522,44.354372894122186,0.0,0.0,0.0,False,False,False
main,deterministic,deterministic,2025-07-01,42,True,True,0,,,0.7,20.0,optimal,1.7799450000020443,1.7799458000081358,0.0,0,0,15969.299123511342,259.3869017513279,16228.68602526267,16423.09817068915,16682.48507244048,170916.54149675966,0.2705209174050426,66.29432190683194,0.0,0.0,0.0,False,False,False
main,deterministic,deterministic,2025-07-01,43,True,True,0,,,0.7,20.0,optimal,1.7799450000020443,1.7799458000081358,0.0,0,0,15969.299123511342,259.3869017513279,16228.68602526267,15314.80903815087,15574.195939902198,152700.00082044792,0.1495233483020473,58.301583553906404,0.0,0.0,0.0,False,False,False
main,deterministic,deterministic,2025-07-01,44,True,True,0,,,0.7,20.0,optimal,1.7799450000020443,1.7799458000081358,0.0,0,0,15969.299123511342,259.3869017513279,16228.68602526267,15846.182791001367,16105.569692752695,160382.7483870314,0.11815643447189933,58.695415371827394,0.0,0.0,0.0,False,False,False
main,deterministic,deterministic,2025-07-01,45,True,True,0,,,0.7,20.0,optimal,1.7799450000020443,1.7799458000081358,0.0,0,0,15969.299123511342,259.3869017513279,16228.68602526267,16117.269996717261,16376.65689846859,176693.8664350784,0.0,119.21219738752983,0.0,0.6869485068811885,1.0733410958947638,False,True,True
main,deterministic,deterministic,2025-07-01,46,True,True,0,,,0.7,20.0,optimal,1.7799450000020443,1.7799458000081358,0.0,0,0,15969.299123511342,259.3869017513279,16228.68602526267,16479.08514043286,16738.47204218419,168871.89644956938,0.3059515133092007,60.47752096162977,0.0,0.01880649791269029,0.0,False,True,False
main,deterministic,deterministic,2025-07-01,47,True,True,0,,,0.7,20.0,optimal,1.7799450000020443,1.7799458000081358,0.0,0,0,15969.299123511342,259.3869017513279,16228.68602526267,16560.325884145524,16819.712785896852,175747.75659858924,0.490013200731813,60.7567129228255,0.0,0.0,0.0,False,False,False
main,deterministic,deterministic,2025-07-01,48,True,True,0,,,0.7,20.0,optimal,1.7799450000020443,1.7799458000081358,0.0,0,0,15969.299123511342,259.3869017513279,16228.68602526267,16983.99686666088,17243.383768412208,184364.46504031293,0.04946469665351433,57.83019972193837,0.0,0.0,0.0,False,False,False
main,deterministic,deterministic,2025-07-01,49,True,True,0,,,0.7,20.0,optimal,1.7799450000020443,1.7799458000081358,0.0,0,0,15969.299123511342,259.3869017513279,16228.68602526267,16717.342129709625,16976.729031460953,181111.91844032225,1.8087188656804472,66.03496218251533,0.0,0.0,0.0,False,False,False
main,deterministic,deterministic,2025-07-01,50,True,True,0,,,0.7,20.0,optimal,1.7799450000020443,1.7799458000081358,0.0,0,0,15969.299123511342,259.3869017513279,16228.68602526267,15731.2198547078,15990.606756459129,168972.05370333022,0.029065563589409482,63.831571715765456,0.0,0.0,0.0,False,False,False
main,deterministic,deterministic,2025-07-01,51,True,True,0,,,0.7,20.0,optimal,1.7799450000020443,1.7799458000081358,0.0,0,0,15969.299123511342,259.3869017513279,16228.68602526267,15719.487355049845,15978.874256801173,159866.1552142156,0.22105138750212194,57.302150440327615,0.0,0.011163766683887077,0.0,False,True,False
main,deterministic,deterministic,2025-07-01,52,True,True,0,,,0.7,20.0,optimal,1.7799450000020443,1.7799458000081358,0.0,0,0,15969.299123511342,259.3869017513279,16228.68602526267,16862.80372670628,17122.190628457607,181580.88337252318,0.7187105891427591,62.46700340703218,0.0,0.0,0.0,False,False,False
main,deterministic,deterministic,2025-07-01,53,True,True,0,,,0.7,20.0,optimal,1.7799450000020443,1.7799458000081358,0.0,0,0,15969.299123511342,259.3869017513279,16228.68602526267,15898.037406350719,16157.424308102047,162933.77015991346,0.0,51.7486854405286,0.0,0.0,0.0,False,False,False
main,deterministic,deterministic,2025-07-01,54,True,True,0,,,0.7,20.0,optimal,1.7799450000020443,1.7799458000081358,0.0,0,0,15969.299123511342,259.3869017513279,16228.68602526267,17000.32861219559,17259.715513946918,178343.79037377256,0.0,57.58299911858953,0.0,0.0,0.0,False,False,False
main,deterministic,deterministic,2025-07-01,55,True,True,0,,,0.7,20.0,optimal,1.7799450000020443,1.7799458000081358,0.0,0,0,15969.299123511342,259.3869017513279,16228.68602526267,16057.75841853082,16317.145320282149,165692.80933743794,0.0,61.90371376031292,0.0,0.0,0.0,False,False,False
main,deterministic,deterministic,2025-07-01,56,True,True,0,,,0.7,20.0,optimal,1.7799450000020443,1.7799458000081358,0.0,0,0,15969.299123511342,259.3869017513279,16228.68602526267,16264.668890073583,16524.05579182491,169326.05422022782,0.005539032603842781,47.3105923274207,0.0,0.0,0.0,False,False,False
main,deterministic,deterministic,2025-07-01,57,True,True,0,,,0.7,20.0,optimal,1.7799450000020443,1.7799458000081358,0.0,0,0,15969.299123511342,259.3869017513279,16228.68602526267,16260.5868265397,16519.97372829103,163683.54918131497,0.24981371407132213,57.35831007920151,0.0,0.0,0.0,False,False,False
main,deterministic,deterministic,2025-07-01,58,True,True,0,,,0.7,20.0,optimal,1.7799450000020443,1.7799458000081358,0.0,0,0,15969.299123511342,259.3869017513279,16228.68602526267,16814.113469982472,17073.5003717338,185574.5179756923,0.0,66.80826232731971,0.0,0.0,0.0,False,False,False
main,deterministic,deterministic,2025-07-01,59,True,True,0,,,0.7,20.0,optimal,1.7799450000020443,1.7799458000081358,0.0,0,0,15969.299123511342,259.3869017513279,16228.68602526267,17134.449025441354,17393.835927192682,186082.0116725899,0.055518429297694016,61.6356776657392,0.0,0.0,0.0,False,False,False
main,deterministic,deterministic,2025-07-01,60,True,True,0,,,0.7,20.0,optimal,1.7799450000020443,1.7799458000081358,0.0,0,0,15969.299123511342,259.3869017513279,16228.68602526267,16075.95847568336,16335.345377434687,173565.16359407536,0.12414435456213513,58.66754027531773,0.0,0.0,0.0,False,False,False
main,deterministic,deterministic,2025-07-01,61,True,True,0,,,0.7,20.0,optimal,1.7799450000020443,1.7799458000081358,0.0,0,0,15969.299123511342,259.3869017513279,16228.68602526267,16163.18650793834,16422.573409689667,170807.6957733019,0.03222873306554766,46.56248099688129,0.0,0.0,0.0,False,False,False
main,deterministic,deterministic,2025-07-01,62,True,True,0,,,0.7,20.0,optimal,1.7799450000020443,1.7799458000081358,0.0,0,0,15969.299123511342,259.3869017513279,16228.68602526267,15497.68814601129,15757.075047762619,154862.4046407739,0.0,61.51444874701045,0.0,0.0,0.0,False,False,False
main,deterministic,deterministic,2025-07-01,63,True,True,0,,,0.7,20.0,optimal,1.7799450000020443,1.7799458000081358,0.0,0,0,15969.299123511342,259.3869017513279,16228.68602526267,15804.550257561283,16063.93715931261,165731.11169217195,0.0,114.90332760441137,0.0,0.0,0.7523520955210543,False,False,True
main,deterministic,deterministic,2025-07-01,64,True,True,0,,,0.7,20.0,optimal,1.7799450000020443,1.7799458000081358,0.0,0,0,15969.299123511342,259.3869017513279,16228.68602526267,15889.102615634554,16148.489517385882,156235.94368494174,0.015293666153831459,55.77023525711997,0.0,0.0,0.0,False,False,False
main,deterministic,deterministic,2025-07-01,65,True,True,0,,,0.7,20.0,optimal,1.7799450000020443,1.7799458000081358,0.0,0,0,15969.299123511342,259.3869017513279,16228.68602526267,16676.990659092953,16936.37756084428,168633.5478844966,0.0,59.88858693503603,0.0,0.0,0.0,False,False,False
main,deterministic,deterministic,2025-07-01,66,True,True,0,,,0.7,20.0,optimal,1.7799450000020443,1.7799458000081358,0.0,0,0,15969.299123511342,259.3869017513279,16228.68602526267,16304.266975776121,16563.65387752745,174470.80428651095,0.45609672613153385,69.61022237149803,0.0,0.0,0.0,False,False,False
main,deterministic,deterministic,2025-07-01,67,True,True,0,,,0.7,20.0,optimal,1.7799450000020443,1.7799458000081358,0.0,0,0,15969.299123511342,259.3869017513279,16228.68602526267,15184.638738409487,15444.025640160815,151586.19717700416,0.0,53.13077792042322,0.0,0.0,0.0,False,False,False
main,deterministic,deterministic,2025-07-01,68,True,True,0,,,0.7,20.0,optimal,1.7799450000020443,1.7799458000081358,0.0,0,0,15969.299123511342,259.3869017513279,16228.68602526267,17258.314182973736,17517.701084725064,192172.10297744852,0.1552540391252134,59.560616892313426,0.0,0.0,0.0,False,False,False
main,deterministic,deterministic,2025-07-01,69,True,True,0,,,0.7,20.0,optimal,1.7799450000020443,1.7799458000081358,0.0,0,0,15969.299123511342,259.3869017513279,16228.68602526267,17351.682731152807,17611.069632904135,187908.59994382935,0.0,63.05860701452459,0.0,0.0,0.0,False,False,False
main,deterministic,deterministic,2025-07-01,70,True,True,0,,,0.7,20.0,optimal,1.7799450000020443,1.7799458000081358,0.0,0,0,15969.299123511342,259.3869017513279,16228.68602526267,16603.667830146685,16863.054731898013,180197.9396191125,0.4678201002019838,65.50337663750344,0.0,0.0,0.0,False,False,False
main,deterministic,deterministic,2025-07-01,71,True,True,0,,,0.7,20.0,optimal,1.7799450000020443,1.7799458000081358,0.0,0,0,15969.299123511342,259.3869017513279,16228.68602526267,15284.880791975438,15544.267693726766,162736.64580094203,0.08063565367782427,69.80604551150296,0.0,0.0,0.0,False,False,False
main,deterministic,deterministic,2025-07-01,72,True,True,0,,,0.7,20.0,optimal,1.7799450000020443,1.7799458000081358,0.0,0,0,15969.299123511342,259.3869017513279,16228.68602526267,15858.20631919706,16117.593220948387,162351.4529479972,0.3314967750564956,64.15209120996634,0.0,0.0,0.0,False,False,False
main,deterministic,deterministic,2025-07-01,73,True,True,0,,,0.7,20.0,optimal,1.7799450000020443,1.7799458000081358,0.0,0,0,15969.299123511342,259.3869017513279,16228.68602526267,16121.025609723058,16380.412511474386,164910.28398323906,0.02248502609448838,62.16132874873762,0.0,0.0,0.0,False,False,False
main,deterministic,deterministic,2025-07-01,74,True,True,0,,,0.7,20.0,optimal,1.7799450000020443,1.7799458000081358,0.0,0,0,15969.299123511342,259.3869017513279,16228.68602526267,15908.5218259641,16167.908727715429,153746.0544755471,0.587194085281474,57.435810654929284,0.0,0.0,0.0,False,False,False
main,deterministic,deterministic,2025-07-01,75,True,True,0,,,0.7,20.0,optimal,1.7799450000020443,1.7799458000081358,0.0,0,0,15969.299123511342,259.3869017513279,16228.68602526267,16454.29611736156,16713.683019112887,170196.6592762082,0.36518162058841613,58.85898823503531,0.0,0.0,0.0,False,False,False
main,deterministic,deterministic,2025-07-01,76,True,True,0,,,0.7,20.0,optimal,1.7799450000020443,1.7799458000081358,0.0,0,0,15969.299123511342,259.3869017513279,16228.68602526267,16602.505002178474,16861.8919039298,187012.99830037242,0.7582889952256355,56.94797083522663,0.0,0.0,0.0,False,False,False
main,deterministic,deterministic,2025-07-01,77,True,True,0,,,0.7,20.0,optimal,1.7799450000020443,1.7799458000081358,0.0,0,0,15969.299123511342,259.3869017513279,16228.68602526267,15532.761445606828,15792.148347358156,153890.10020738275,0.0,55.99691950432927,0.0,0.0,0.0,False,False,False
main,deterministic,deterministic,2025-07-01,78,True,True,0,,,0.7,20.0,optimal,1.7799450000020443,1.7799458000081358,0.0,0,0,15969.299123511342,259.3869017513279,16228.68602526267,15535.944808589473,15795.3317103408,159780.18761486438,0.029107070602686802,61.871367654856385,0.0,0.020217823791961242,0.0,False,True,False
main,deterministic,deterministic,2025-07-01,79,True,True,0,,,0.7,20.0,optimal,1.7799450000020443,1.7799458000081358,0.0,0,0,15969.299123511342,259.3869017513279,16228.68602526267,16693.420586255084,16952.807488006412,180459.12364741892,0.0,54.23892465767612,0.0,0.0,0.0,False,False,False
main,deterministic,deterministic,2025-07-01,80,True,True,0,,,0.7,20.0,optimal,1.7799450000020443,1.7799458000081358,0.0,0,0,15969.299123511342,259.3869017513279,16228.68602526267,16861.48960765451,17120.876509405836,179572.7381163242,0.9711287967787472,57.41831386245699,0.0,0.0,0.0,False,False,False
main,deterministic,deterministic,2025-07-01,81,True,True,0,,,0.7,20.0,optimal,1.7799450000020443,1.7799458000081358,0.0,0,0,15969.299123511342,259.3869017513279,16228.68602526267,16089.389744792727,16348.776646544055,165562.1700279853,0.3929735957418038,67.08904186786285,0.0,0.0,0.0,False,False,False
main,deterministic,deterministic,2025-07-01,82,True,True,0,,,0.7,20.0,optimal,1.7799450000020443,1.7799458000081358,0.0,0,0,15969.299123511342,259.3869017513279,16228.68602526267,15810.76014644081,16070.147048192139,163378.54279137615,0.09913912709003694,49.63811673291861,0.0,0.0,0.0,False,False,False
main,deterministic,deterministic,2025-07-01,83,True,True,0,,,0.7,20.0,optimal,1.7799450000020443,1.7799458000081358,0.0,0,0,15969.299123511342,259.3869017513279,16228.68602526267,16804.457827184186,17063.844728935514,183768.5248570426,0.041286381557682994,59.632612096678685,0.0,0.0,0.0,False,False,False
main,deterministic,deterministic,2025-07-01,84,True,True,0,,,0.7,20.0,optimal,1.7799450000020443,1.7799458000081358,0.0,0,0,15969.299123511342,259.3869017513279,16228.68602526267,16757.51612453365,17016.903026284977,183312.63107396834,0.11905167394363514,57.077118692805485,0.0,0.0,0.0,False,False,False
main,deterministic,deterministic,2025-07-01,85,True,True,0,,,0.7,20.0,optimal,1.7799450000020443,1.7799458000081358,0.0,0,0,15969.299123511342,259.3869017513279,16228.68602526267,16406.247859777843,16665.63476152917,171770.77081067947,0.0,68.55251068839054,0.0,0.0,0.0,False,False,False
main,deterministic,deterministic,2025-07-01,86,True,True,0,,,0.7,20.0,optimal,1.7799450000020443,1.7799458000081358,0.0,0,0,15969.299123511342,259.3869017513279,16228.68602526267,16238.700345587975,16498.087247339303,172205.51294507083,0.07709505676762426,52.41956870762777,0.0,0.0,0.0,False,False,False
main,deterministic,deterministic,2025-07-01,87,True,True,0,,,0.7,20.0,optimal,1.7799450000020443,1.7799458000081358,0.0,0,0,15969.299123511342,259.3869017513279,16228.68602526267,15637.217616721007,15896.604518472335,150713.82909770927,0.32714593908439626,56.18825480942351,0.0,0.0,0.0,False,False,False
main,deterministic,deterministic,2025-07-01,88,True,True,0,,,0.7,20.0,optimal,1.7799450000020443,1.7799458000081358,0.0,0,0,15969.299123511342,259.3869017513279,16228.68602526267,15362.283364350647,15621.670266101975,153883.82001759426,0.01973794598584888,64.54150313112936,0.0,0.0,0.0,False,False,False
main,deterministic,deterministic,2025-07-01,89,True,True,0,,,0.7,20.0,optimal,1.7799450000020443,1.7799458000081358,0.0,0,0,15969.299123511342,259.3869017513279,16228.68602526267,16375.042466425304,16634.429368176632,168793.66922476553,0.0,56.59793926091668,0.0,0.0,0.0,False,False,False
main,deterministic,deterministic,2025-07-01,90,True,True,0,,,0.7,20.0,optimal,1.7799450000020443,1.7799458000081358,0.0,0,0,15969.299123511342,259.3869017513279,16228.68602526267,15905.876723120475,16165.263624871803,164577.35292020967,0.5101531998467016,63.153149795429265,0.0,0.0,0.0,False,False,False
main,deterministic,deterministic,2025-07-01,91,True,True,0,,,0.7,20.0,optimal,1.7799450000020443,1.7799458000081358,0.0,0,0,15969.299123511342,259.3869017513279,16228.68602526267,14968.588152982378,15227.975054733706,143848.78255656743,0.0,57.15803004939338,0.0,0.0,0.0,False,False,False
main,deterministic,deterministic,2025-07-01,92,True,True,0,,,0.7,20.0,optimal,1.7799450000020443,1.7799458000081358,0.0,0,0,15969.299123511342,259.3869017513279,16228.68602526267,15614.616580905513,15874.00348265684,158006.84488065325,0.0,45.28543655348369,0.0,0.011565376769548275,0.0,False,True,False
main,deterministic,deterministic,2025-07-01,93,True,True,0,,,0.7,20.0,optimal,1.7799450000020443,1.7799458000081358,0.0,0,0,15969.299123511342,259.3869017513279,16228.68602526267,15786.311026780364,16045.697928531692,168759.1545644643,0.23949226993417905,58.27329362572649,0.0,0.0,0.0,False,False,False
main,deterministic,deterministic,2025-07-01,94,True,True,0,,,0.7,20.0,optimal,1.7799450000020443,1.7799458000081358,0.0,0,0,15969.299123511342,259.3869017513279,16228.68602526267,15835.001144474058,16094.388046225386,160510.6662819331,0.021988215038327458,55.67757843407474,0.0,0.0,0.0,False,False,False
main,deterministic,deterministic,2025-07-01,95,True,True,0,,,0.7,20.0,optimal,1.7799450000020443,1.7799458000081358,0.0,0,0,15969.299123511342,259.3869017513279,16228.68602526267,15447.633072566474,15707.019974317802,157163.57889144702,0.03143065984603363,58.067340200535,0.0,0.0,0.0,False,False,False
main,deterministic,deterministic,2025-07-01,96,True,True,0,,,0.7,20.0,optimal,1.7799450000020443,1.7799458000081358,0.0,0,0,15969.299123511342,259.3869017513279,16228.68602526267,15980.759414066259,16240.146315817587,163508.46273893808,0.07896483357710873,55.449978724567934,0.0,0.0,0.0,False,False,False
main,deterministic,deterministic,2025-07-01,97,True,True,0,,,0.7,20.0,optimal,1.7799450000020443,1.7799458000081358,0.0,0,0,15969.299123511342,259.3869017513279,16228.68602526267,15752.98843573962,16012.375337490948,160713.11587358668,0.0,59.18732514275095,0.0,0.0,0.0,False,False,False
main,deterministic,deterministic,2025-07-01,98,True,True,0,,,0.7,20.0,optimal,1.7799450000020443,1.7799458000081358,0.0,0,0,15969.299123511342,259.3869017513279,16228.68602526267,15799.342913447179,16058.729815198507,162688.64358193774,0.10142711896203241,49.216052421155084,0.0,0.0,0.0,False,False,False
main,deterministic,deterministic,2025-07-01,99,True,True,0,,,0.7,20.0,optimal,1.7799450000020443,1.7799458000081358,0.0,0,0,15969.299123511342,259.3869017513279,16228.68602526267,15600.332146030745,15859.719047782073,157979.9350672683,0.06807309388267868,60.76265375087538,0.0,0.0,0.0,False,False,False
main,deterministic,deterministic,2025-10-01,0,True,True,0,,,0.7,20.0,optimal,1.7145022000040626,1.7145028999948408,0.0,0,0,16437.08899340545,475.0400887709887,16912.129082176438,15442.74645333194,15917.78654210293,175814.99926071023,0.22309938067149604,57.6822573484049,0.0,0.0,0.0,False,False,False
main,deterministic,deterministic,2025-10-01,1,True,True,0,,,0.7,20.0,optimal,1.7145022000040626,1.7145028999948408,0.0,0,0,16437.08899340545,475.0400887709887,16912.129082176438,16737.660900583916,17212.700989354904,196028.81528349535,0.048850939204079014,66.69703237893823,0.0,0.0,0.0,False,False,False
main,deterministic,deterministic,2025-10-01,2,True,True,0,,,0.7,20.0,optimal,1.7145022000040626,1.7145028999948408,0.0,0,0,16437.08899340545,475.0400887709887,16912.129082176438,15920.679432604595,16395.719521375584,187369.31928003748,0.0,50.45603412803065,0.0,0.0,0.0,False,False,False
main,deterministic,deterministic,2025-10-01,3,True,True,0,,,0.7,20.0,optimal,1.7145022000040626,1.7145028999948408,0.0,0,0,16437.08899340545,475.0400887709887,16912.129082176438,16601.278190118297,17076.318278889285,195974.09823679752,0.0,57.807177244341695,0.0,0.0,0.0,False,False,False
main,deterministic,deterministic,2025-10-01,4,True,True,0,,,0.7,20.0,optimal,1.7145022000040626,1.7145028999948408,0.0,0,0,16437.08899340545,475.0400887709887,16912.129082176438,16200.66285192206,16675.70294069305,192122.82582812355,0.2399016849914093,52.2721435070301,0.0,0.0,0.0,False,False,False
main,deterministic,deterministic,2025-10-01,5,True,True,0,,,0.7,20.0,optimal,1.7145022000040626,1.7145028999948408,0.0,0,0,16437.08899340545,475.0400887709887,16912.129082176438,16639.28204921698,17114.32213798797,206226.64065779053,0.0,60.69551576836878,0.0,0.0,0.0,False,False,False
main,deterministic,deterministic,2025-10-01,6,True,True,0,,,0.7,20.0,optimal,1.7145022000040626,1.7145028999948408,0.0,0,0,16437.08899340545,475.0400887709887,16912.129082176438,16829.34289342495,17304.382982195937,197907.37188461894,0.0,50.49795350294595,0.0,0.0,0.0,False,False,False
main,deterministic,deterministic,2025-10-01,7,True,True,0,,,0.7,20.0,optimal,1.7145022000040626,1.7145028999948408,0.0,0,0,16437.08899340545,475.0400887709887,16912.129082176438,15873.062223252618,16348.102312023608,182212.6690246075,0.0,55.27318763482709,0.0,0.0,0.0,False,False,False
main,deterministic,deterministic,2025-10-01,8,True,True,0,,,0.7,20.0,optimal,1.7145022000040626,1.7145028999948408,0.0,0,0,16437.08899340545,475.0400887709887,16912.129082176438,16332.770216433497,16807.810305204486,195817.51871515097,0.0,53.79186849659723,0.0,0.0,0.0,False,False,False
main,deterministic,deterministic,2025-10-01,9,True,True,0,,,0.7,20.0,optimal,1.7145022000040626,1.7145028999948408,0.0,0,0,16437.08899340545,475.0400887709887,16912.129082176438,16688.73915317575,17163.779241946737,199039.9983125491,0.005240621238197241,63.405115506787126,0.0,0.0,0.0,False,False,False
main,deterministic,deterministic,2025-10-01,10,True,True,0,,,0.7,20.0,optimal,1.7145022000040626,1.7145028999948408,0.0,0,0,16437.08899340545,475.0400887709887,16912.129082176438,16148.48491741879,16623.52500618978,190037.7835133011,0.0,54.73640788795395,0.0,0.0,0.0,False,False,False
main,deterministic,deterministic,2025-10-01,11,True,True,0,,,0.7,20.0,optimal,1.7145022000040626,1.7145028999948408,0.0,0,0,16437.08899340545,475.0400887709887,16912.129082176438,16443.666274942043,16918.70636371303,188805.81250372372,0.1501204702905704,51.93416654735001,0.0,0.0,0.0,False,False,False
main,deterministic,deterministic,2025-10-01,12,True,True,0,,,0.7,20.0,optimal,1.7145022000040626,1.7145028999948408,0.0,0,0,16437.08899340545,475.0400887709887,16912.129082176438,16457.08814988031,16932.128238651298,201766.72858992225,0.11602159264296913,50.569354545498406,0.0,0.0,0.0,False,False,False
main,deterministic,deterministic,2025-10-01,13,True,True,0,,,0.7,20.0,optimal,1.7145022000040626,1.7145028999948408,0.0,0,0,16437.08899340545,475.0400887709887,16912.129082176438,16947.47850798982,17422.51859676081,202778.71472631334,0.0,58.94892919179157,0.0,0.0,0.0,False,False,False
main,deterministic,deterministic,2025-10-01,14,True,True,0,,,0.7,20.0,optimal,1.7145022000040626,1.7145028999948408,0.0,0,0,16437.08899340545,475.0400887709887,16912.129082176438,15985.357133728758,16460.397222499745,183254.6285789057,0.0,52.25520814583127,0.0,0.0,0.0,False,False,False
main,deterministic,deterministic,2025-10-01,15,True,True,0,,,0.7,20.0,optimal,1.7145022000040626,1.7145028999948408,0.0,0,0,16437.08899340545,475.0400887709887,16912.129082176438,15766.383261663328,16241.423350434317,179388.15376047624,0.01533300365870005,48.7621495555819,0.0,0.0,0.0,False,False,False
main,deterministic,deterministic,2025-10-01,16,True,True,0,,,0.7,20.0,optimal,1.7145022000040626,1.7145028999948408,0.0,0,0,16437.08899340545,475.0400887709887,16912.129082176438,15666.584730599567,16141.624819370556,175003.59382933824,0.0,53.36092930254049,0.0,0.0,0.0,False,False,False
main,deterministic,deterministic,2025-10-01,17,True,True,0,,,0.7,20.0,optimal,1.7145022000040626,1.7145028999948408,0.0,0,0,16437.08899340545,475.0400887709887,16912.129082176438,16173.960182011613,16649.000270782602,182438.09108346514,0.2001777610492283,61.84298215290924,0.0,0.0,0.0,False,False,False
main,deterministic,deterministic,2025-10-01,18,True,True,0,,,0.7,20.0,optimal,1.7145022000040626,1.7145028999948408,0.0,0,0,16437.08899340545,475.0400887709887,16912.129082176438,16721.578992891973,17196.61908166296,193998.83938210903,0.0,59.3882932479996,0.0,0.0,0.0,False,False,False
main,deterministic,deterministic,2025-10-01,19,True,True,0,,,0.7,20.0,optimal,1.7145022000040626,1.7145028999948408,0.0,0,0,16437.08899340545,475.0400887709887,16912.129082176438,16071.212272326584,16546.252361097573,194226.41216476072,0.02904017750995136,54.542363017151665,0.0,0.0,0.0,False,False,False
main,deterministic,deterministic,2025-10-01,20,True,True,0,,,0.7,20.0,optimal,1.7145022000040626,1.7145028999948408,0.0,0,0,16437.08899340545,475.0400887709887,16912.129082176438,16647.60081070999,17122.64089948098,200038.68162699902,0.0,51.571118688324134,0.0,0.0,0.0,False,False,False
main,deterministic,deterministic,2025-10-01,21,True,True,0,,,0.7,20.0,optimal,1.7145022000040626,1.7145028999948408,0.0,0,0,16437.08899340545,475.0400887709887,16912.129082176438,15983.728106226794,16458.76819499778,181279.75290973537,0.07119945608463896,49.862706035341304,0.0,0.0,0.0,False,False,False
main,deterministic,deterministic,2025-10-01,22,True,True,0,,,0.7,20.0,optimal,1.7145022000040626,1.7145028999948408,0.0,0,0,16437.08899340545,475.0400887709887,16912.129082176438,16533.05616866494,17008.09625743593,195789.37632329276,0.0,54.063107005281765,0.0,0.0,0.0,False,False,False
main,deterministic,deterministic,2025-10-01,23,True,True,0,,,0.7,20.0,optimal,1.7145022000040626,1.7145028999948408,0.0,0,0,16437.08899340545,475.0400887709887,16912.129082176438,16728.390844742255,17203.430933513242,195060.10406494146,0.0,53.61305465816516,0.0,0.0,0.0,False,False,False
main,deterministic,deterministic,2025-10-01,24,True,True,0,,,0.7,20.0,optimal,1.7145022000040626,1.7145028999948408,0.0,0,0,16437.08899340545,475.0400887709887,16912.129082176438,16348.361859881583,16823.401948652572,186427.80553155224,0.0,62.688464537978206,0.0,0.0,0.0,False,False,False
main,deterministic,deterministic,2025-10-01,25,True,True,0,,,0.7,20.0,optimal,1.7145022000040626,1.7145028999948408,0.0,0,0,16437.08899340545,475.0400887709887,16912.129082176438,17786.231418717598,18261.271507488585,226337.14767996615,0.0,51.28790687907669,0.0,0.0,0.0,False,False,False
main,deterministic,deterministic,2025-10-01,26,True,True,0,,,0.7,20.0,optimal,1.7145022000040626,1.7145028999948408,0.0,0,0,16437.08899340545,475.0400887709887,16912.129082176438,16137.709153074073,16612.74924184506,192666.40479228942,0.0,62.71681224718769,0.0,0.0,0.0,False,False,False
main,deterministic,deterministic,2025-10-01,27,True,True,0,,,0.7,20.0,optimal,1.7145022000040626,1.7145028999948408,0.0,0,0,16437.08899340545,475.0400887709887,16912.129082176438,15414.098613907001,15889.13870267799,176027.6370563173,0.03696562492360078,62.45624051373261,0.0,0.0,0.0,False,False,False
main,deterministic,deterministic,2025-10-01,28,True,True,0,,,0.7,20.0,optimal,1.7145022000040626,1.7145028999948408,0.0,0,0,16437.08899340545,475.0400887709887,16912.129082176438,16506.4643961452,16981.504484916186,191593.2187507418,0.022533629271768496,46.75948556655627,0.0,0.0,0.0,False,False,False
main,deterministic,deterministic,2025-10-01,29,True,True,0,,,0.7,20.0,optimal,1.7145022000040626,1.7145028999948408,0.0,0,0,16437.08899340545,475.0400887709887,16912.129082176438,16588.95255384746,17063.992642618447,202716.1820993592,0.0,42.54669877274693,0.0,0.0,0.0,False,False,False
main,deterministic,deterministic,2025-10-01,30,True,True,0,,,0.7,20.0,optimal,1.7145022000040626,1.7145028999948408,0.0,0,0,16437.08899340545,475.0400887709887,16912.129082176438,15664.859286114624,16139.899374885614,169637.5779459275,0.1859807627017931,54.68804412513339,0.0,0.0,0.0,False,False,False
main,deterministic,deterministic,2025-10-01,31,True,True,0,,,0.7,20.0,optimal,1.7145022000040626,1.7145028999948408,0.0,0,0,16437.08899340545,475.0400887709887,16912.129082176438,16866.785041479066,17341.825130250054,210325.14256012515,0.0,52.09823150679967,0.0,0.0,0.0,False,False,False
main,deterministic,deterministic,2025-10-01,32,True,True,0,,,0.7,20.0,optimal,1.7145022000040626,1.7145028999948408,0.0,0,0,16437.08899340545,475.0400887709887,16912.129082176438,16260.12657917587,16735.166667946858,189515.08061784972,0.0,59.37458235447457,0.0,0.0,0.0,False,False,False
main,deterministic,deterministic,2025-10-01,33,True,True,0,,,0.7,20.0,optimal,1.7145022000040626,1.7145028999948408,0.0,0,0,16437.08899340545,475.0400887709887,16912.129082176438,17670.921634085476,18145.961722856464,225375.2571727619,0.020447741761819627,68.3745748363071,0.0,0.0,0.0,False,False,False
main,deterministic,deterministic,2025-10-01,34,True,True,0,,,0.7,20.0,optimal,1.7145022000040626,1.7145028999948408,0.0,0,0,16437.08899340545,475.0400887709887,16912.129082176438,16753.6646277416,17228.704716512588,199115.50022887444,0.06032337476759264,55.05463531826909,0.0,0.0,0.0,False,False,False
main,deterministic,deterministic,2025-10-01,35,True,True,0,,,0.7,20.0,optimal,1.7145022000040626,1.7145028999948408,0.0,0,0,16437.08899340545,475.0400887709887,16912.129082176438,16118.618158222751,16593.65824699374,182396.92651878914,0.0,58.49270349500314,0.0,0.0,0.0,False,False,False
main,deterministic,deterministic,2025-10-01,36,True,True,0,,,0.7,20.0,optimal,1.7145022000040626,1.7145028999948408,0.0,0,0,16437.08899340545,475.0400887709887,16912.129082176438,15857.191801821607,16332.231890592597,179934.6169120482,0.0,63.20403673121253,0.0,0.0,0.0,False,False,False
main,deterministic,deterministic,2025-10-01,37,True,True,0,,,0.7,20.0,optimal,1.7145022000040626,1.7145028999948408,0.0,0,0,16437.08899340545,475.0400887709887,16912.129082176438,16228.23975819108,16703.27984696207,189711.27559411176,0.10316618867636662,44.89672196206465,0.0,0.0,0.0,False,False,False
main,deterministic,deterministic,2025-10-01,38,True,True,0,,,0.7,20.0,optimal,1.7145022000040626,1.7145028999948408,0.0,0,0,16437.08899340545,475.0400887709887,16912.129082176438,16061.123522423683,16536.163611194672,189832.06774281175,0.0,52.02401567517264,0.0,0.0,0.0,False,False,False
main,deterministic,deterministic,2025-10-01,39,True,True,0,,,0.7,20.0,optimal,1.7145022000040626,1.7145028999948408,0.0,0,0,16437.08899340545,475.0400887709887,16912.129082176438,16631.946094161558,17106.986182932545,200036.9132742525,0.0,45.0506173234225,0.0,0.0,0.0,False,False,False
main,deterministic,deterministic,2025-10-01,40,True,True,0,,,0.7,20.0,optimal,1.7145022000040626,1.7145028999948408,0.0,0,0,16437.08899340545,475.0400887709887,16912.129082176438,16941.211945829247,17416.252034600235,201694.9536056196,0.0,49.089328845277116,0.0,0.0,0.0,False,False,False
main,deterministic,deterministic,2025-10-01,41,True,True,0,,,0.7,20.0,optimal,1.7145022000040626,1.7145028999948408,0.0,0,0,16437.08899340545,475.0400887709887,16912.129082176438,16481.39210815475,16956.432196925736,196995.32088219587,0.03633150130030649,43.255981966027996,0.0,0.0,0.0,False,False,False
main,deterministic,deterministic,2025-10-01,42,True,True,0,,,0.7,20.0,optimal,1.7145022000040626,1.7145028999948408,0.0,0,0,16437.08899340545,475.0400887709887,16912.129082176438,16729.464701421362,17204.50479019235,197881.04429445515,0.17224096014109025,59.59590129586142,0.0,0.0,0.0,False,False,False
main,deterministic,deterministic,2025-10-01,43,True,True,0,,,0.7,20.0,optimal,1.7145022000040626,1.7145028999948408,0.0,0,0,16437.08899340545,475.0400887709887,16912.129082176438,15708.024525128678,16183.064613899667,177600.90173328176,0.0,59.19748386779027,0.0,0.0,0.0,False,False,False
main,deterministic,deterministic,2025-10-01,44,True,True,0,,,0.7,20.0,optimal,1.7145022000040626,1.7145028999948408,0.0,0,0,16437.08899340545,475.0400887709887,16912.129082176438,16174.714043123591,16649.75413189458,185592.52968674665,0.0,57.44176913631965,0.0,0.0,0.0,False,False,False
main,deterministic,deterministic,2025-10-01,45,True,True,0,,,0.7,20.0,optimal,1.7145022000040626,1.7145028999948408,0.0,0,0,16437.08899340545,475.0400887709887,16912.129082176438,16871.440491180958,17346.480579951945,203139.652202757,0.0,59.172071856100864,0.0,0.0,0.0,False,False,False
main,deterministic,deterministic,2025-10-01,46,True,True,0,,,0.7,20.0,optimal,1.7145022000040626,1.7145028999948408,0.0,0,0,16437.08899340545,475.0400887709887,16912.129082176438,16485.262461495924,16960.30255026691,194694.1344681915,0.06429552416292816,55.16222442158744,0.0,0.0,0.0,False,False,False
main,deterministic,deterministic,2025-10-01,47,True,True,0,,,0.7,20.0,optimal,1.7145022000040626,1.7145028999948408,0.0,0,0,16437.08899340545,475.0400887709887,16912.129082176438,16549.033867338374,17024.07395610936,202306.15683249233,0.0,55.137708488580216,0.0,0.0,0.0,False,False,False
main,deterministic,deterministic,2025-10-01,48,True,True,0,,,0.7,20.0,optimal,1.7145022000040626,1.7145028999948408,0.0,0,0,16437.08899340545,475.0400887709887,16912.129082176438,17193.697935484586,17668.738024255574,212214.7579334195,0.1313509034629865,54.75248053178981,0.0,0.0,0.0,False,False,False
main,deterministic,deterministic,2025-10-01,49,True,True,0,,,0.7,20.0,optimal,1.7145022000040626,1.7145028999948408,0.0,0,0,16437.08899340545,475.0400887709887,16912.129082176438,16605.723700784783,17080.76378955577,206666.24910104307,0.0,58.20418641919554,0.0,0.0,0.0,False,False,False
main,deterministic,deterministic,2025-10-01,50,True,True,0,,,0.7,20.0,optimal,1.7145022000040626,1.7145028999948408,0.0,0,0,16437.08899340545,475.0400887709887,16912.129082176438,16269.538364931046,16744.578453702034,195056.19200876297,0.04130281930130364,60.81635104388394,0.0,0.0,0.0,False,False,False
main,deterministic,deterministic,2025-10-01,51,True,True,0,,,0.7,20.0,optimal,1.7145022000040626,1.7145028999948408,0.0,0,0,16437.08899340545,475.0400887709887,16912.129082176438,15936.562728845227,16411.602817616214,184726.61906455192,0.0607073080971019,56.99433970094626,0.0,0.0,0.0,False,False,False
main,deterministic,deterministic,2025-10-01,52,True,True,0,,,0.7,20.0,optimal,1.7145022000040626,1.7145028999948408,0.0,0,0,16437.08899340545,475.0400887709887,16912.129082176438,17062.31678795674,17537.35687672773,208949.95969348334,0.0,60.29038904239714,0.0,0.0,0.0,False,False,False
main,deterministic,deterministic,2025-10-01,53,True,True,0,,,0.7,20.0,optimal,1.7145022000040626,1.7145028999948408,0.0,0,0,16437.08899340545,475.0400887709887,16912.129082176438,16419.33445736017,16894.37454613116,189402.1163036608,0.0,51.35852810285159,0.0,0.0,0.0,False,False,False
main,deterministic,deterministic,2025-10-01,54,True,True,0,,,0.7,20.0,optimal,1.7145022000040626,1.7145028999948408,0.0,0,0,16437.08899340545,475.0400887709887,16912.129082176438,17006.60167881025,17481.641767581237,205173.41325086603,0.0,54.58415760106249,0.0,0.0,0.0,False,False,False
main,deterministic,deterministic,2025-10-01,55,True,True,0,,,0.7,20.0,optimal,1.7145022000040626,1.7145028999948408,0.0,0,0,16437.08899340545,475.0400887709887,16912.129082176438,16477.264808535736,16952.304897306723,192476.02110306878,0.0,61.833832777980604,0.0,0.0,0.0,False,False,False
main,deterministic,deterministic,2025-10-01,56,True,True,0,,,0.7,20.0,optimal,1.7145022000040626,1.7145028999948408,0.0,0,0,16437.08899340545,475.0400887709887,16912.129082176438,16458.21839265863,16933.258481429617,196133.9940991685,0.0,45.19546122324664,0.0,0.0,0.0,False,False,False
main,deterministic,deterministic,2025-10-01,57,True,True,0,,,0.7,20.0,optimal,1.7145022000040626,1.7145028999948408,0.0,0,0,16437.08899340545,475.0400887709887,16912.129082176438,16350.765276561295,16825.805365332282,190502.46106532542,0.0,52.80744382633979,0.0,0.0,0.0,False,False,False
main,deterministic,deterministic,2025-10-01,58,True,True,0,,,0.7,20.0,optimal,1.7145022000040626,1.7145028999948408,0.0,0,0,16437.08899340545,475.0400887709887,16912.129082176438,17247.912608760675,17722.952697531662,212501.39801715696,0.10316617991246724,62.31931829171257,0.0,0.0,0.0,False,False,False
main,deterministic,deterministic,2025-10-01,59,True,True,0,,,0.7,20.0,optimal,1.7145022000040626,1.7145028999948408,0.0,0,0,16437.08899340545,475.0400887709887,16912.129082176438,17232.345059986765,17707.385148757752,212358.75094940086,0.0,57.17324263544461,0.0,0.0,0.0,False,False,False
main,deterministic,deterministic,2025-10-01,60,True,True,0,,,0.7,20.0,optimal,1.7145022000040626,1.7145028999948408,0.0,0,0,16437.08899340545,475.0400887709887,16912.129082176438,16426.666368744693,16901.70645751568,199428.00792884515,0.0,53.112816186144386,0.0,0.0,0.0,False,False,False
main,deterministic,deterministic,2025-10-01,61,True,True,0,,,0.7,20.0,optimal,1.7145022000040626,1.7145028999948408,0.0,0,0,16437.08899340545,475.0400887709887,16912.129082176438,16466.36399756977,16941.404086340757,197139.35558919964,0.008384836567332021,44.35518886122392,0.0,0.0,0.0,False,False,False
main,deterministic,deterministic,2025-10-01,62,True,True,0,,,0.7,20.0,optimal,1.7145022000040626,1.7145028999948408,0.0,0,0,16437.08899340545,475.0400887709887,16912.129082176438,15828.43754796569,16303.47763673668,179744.54448039102,0.0,58.71926166645347,0.0,0.0,0.0,False,False,False
main,deterministic,deterministic,2025-10-01,63,True,True,0,,,0.7,20.0,optimal,1.7145022000040626,1.7145028999948408,0.0,0,0,16437.08899340545,475.0400887709887,16912.129082176438,16766.707383918718,17241.747472689705,192260.3254559256,0.1658212938888325,64.76281258227401,0.0,0.0,0.0,False,False,False
main,deterministic,deterministic,2025-10-01,64,True,True,0,,,0.7,20.0,optimal,1.7145022000040626,1.7145028999948408,0.0,0,0,16437.08899340545,475.0400887709887,16912.129082176438,16050.613344076623,16525.653432847612,181286.87010062035,0.0,51.30828097213012,0.0,0.0,0.0,False,False,False
main,deterministic,deterministic,2025-10-01,65,True,True,0,,,0.7,20.0,optimal,1.7145022000040626,1.7145028999948408,0.0,0,0,16437.08899340545,475.0400887709887,16912.129082176438,16895.91728986924,17370.95737864023,194516.4203036326,0.0,58.075969508740904,0.0,0.0,0.0,False,False,False
main,deterministic,deterministic,2025-10-01,66,True,True,0,,,0.7,20.0,optimal,1.7145022000040626,1.7145028999948408,0.0,0,0,16437.08899340545,475.0400887709887,16912.129082176438,16760.075578435994,17235.11566720698,202112.3485377732,0.0,64.7248736916815,0.0,0.0,0.0,False,False,False
main,deterministic,deterministic,2025-10-01,67,True,True,0,,,0.7,20.0,optimal,1.7145022000040626,1.7145028999948408,0.0,0,0,16437.08899340545,475.0400887709887,16912.129082176438,15839.803506541988,16314.843595312977,175863.28842061953,0.0,55.039666647077915,0.0,0.0,0.0,False,False,False
main,deterministic,deterministic,2025-10-01,68,True,True,0,,,0.7,20.0,optimal,1.7145022000040626,1.7145028999948408,0.0,0,0,16437.08899340545,475.0400887709887,16912.129082176438,17445.34580633182,17920.38589510281,219461.98293168034,0.0,59.08802283976751,0.0,0.0,0.0,False,False,False
main,deterministic,deterministic,2025-10-01,69,True,True,0,,,0.7,20.0,optimal,1.7145022000040626,1.7145028999948408,0.0,0,0,16437.08899340545,475.0400887709887,16912.129082176438,17208.103334043808,17683.143422814795,214881.62477188234,0.006208343887911472,60.99786497212278,0.0,0.0,0.0,False,False,False
main,deterministic,deterministic,2025-10-01,70,True,True,0,,,0.7,20.0,optimal,1.7145022000040626,1.7145028999948408,0.0,0,0,16437.08899340545,475.0400887709887,16912.129082176438,16835.731931796967,17310.772020567954,206196.70668416153,0.0,58.64328466347183,0.0,0.0,0.0,False,False,False
main,deterministic,deterministic,2025-10-01,71,True,True,0,,,0.7,20.0,optimal,1.7145022000040626,1.7145028999948408,0.0,0,0,16437.08899340545,475.0400887709887,16912.129082176438,15945.835715216195,16420.875803987183,186657.99486546562,0.22763039440227972,62.77912379482602,0.0,0.0,0.0,False,False,False
main,deterministic,deterministic,2025-10-01,72,True,True,0,,,0.7,20.0,optimal,1.7145022000040626,1.7145028999948408,0.0,0,0,16437.08899340545,475.0400887709887,16912.129082176438,16186.16694447969,16661.207033250677,188367.84693547108,0.004758767487378135,61.57975899971333,0.0,0.0,0.0,False,False,False
main,deterministic,deterministic,2025-10-01,73,True,True,0,,,0.7,20.0,optimal,1.7145022000040626,1.7145028999948408,0.0,0,0,16437.08899340545,475.0400887709887,16912.129082176438,16464.46273938468,16939.502828155666,191335.71181353542,0.046573194652819394,53.86710426613989,0.0,0.0,0.0,False,False,False
main,deterministic,deterministic,2025-10-01,74,True,True,0,,,0.7,20.0,optimal,1.7145022000040626,1.7145028999948408,0.0,0,0,16437.08899340545,475.0400887709887,16912.129082176438,16124.484804027215,16599.524892798203,179369.66032381597,0.0,57.71382732964435,0.0,0.0,0.0,False,False,False
main,deterministic,deterministic,2025-10-01,75,True,True,0,,,0.7,20.0,optimal,1.7145022000040626,1.7145028999948408,0.0,0,0,16437.08899340545,475.0400887709887,16912.129082176438,16621.886535592443,17096.92662436343,197206.5923209375,0.02205872856872884,54.7655514488537,0.0,0.0,0.0,False,False,False
main,deterministic,deterministic,2025-10-01,76,True,True,0,,,0.7,20.0,optimal,1.7145022000040626,1.7145028999948408,0.0,0,0,16437.08899340545,475.0400887709887,16912.129082176438,17077.37425727652,17552.414346047506,213539.2444634849,0.0,56.787790646642286,0.0,0.0,0.0,False,False,False
main,deterministic,deterministic,2025-10-01,77,True,True,0,,,0.7,20.0,optimal,1.7145022000040626,1.7145028999948408,0.0,0,0,16437.08899340545,475.0400887709887,16912.129082176438,16109.17715424802,16584.217243019008,179449.93908373194,0.10146214914864543,55.122905260962455,0.0,0.0,0.0,False,False,False
main,deterministic,deterministic,2025-10-01,78,True,True,0,,,0.7,20.0,optimal,1.7145022000040626,1.7145028999948408,0.0,0,0,16437.08899340545,475.0400887709887,16912.129082176438,16050.483436263481,16525.52352503447,183937.51254320485,0.011412142888655552,54.31512683814221,0.0,0.0,0.0,False,False,False
main,deterministic,deterministic,2025-10-01,79,True,True,0,,,0.7,20.0,optimal,1.7145022000040626,1.7145028999948408,0.0,0,0,16437.08899340545,475.0400887709887,16912.129082176438,17114.195093836326,17589.235182607314,207202.81896359797,0.0,53.27421772409101,0.0,0.0,0.0,False,False,False
main,deterministic,deterministic,2025-10-01,80,True,True,0,,,0.7,20.0,optimal,1.7145022000040626,1.7145028999948408,0.0,0,0,16437.08899340545,475.0400887709887,16912.129082176438,16893.692822130688,17368.732910901675,206345.00806908763,0.0,53.34058817211576,0.0,0.0,0.0,False,False,False
main,deterministic,deterministic,2025-10-01,81,True,True,0,,,0.7,20.0,optimal,1.7145022000040626,1.7145028999948408,0.0,0,0,16437.08899340545,475.0400887709887,16912.129082176438,16631.58827726659,17106.628366037578,192185.28205236004,0.1381562112433088,61.368851966304675,0.0,0.0,0.0,False,False,False
main,deterministic,deterministic,2025-10-01,82,True,True,0,,,0.7,20.0,optimal,1.7145022000040626,1.7145028999948408,0.0,0,0,16437.08899340545,475.0400887709887,16912.129082176438,16101.593087474146,16576.633176245134,187308.39471904055,0.0,50.92856569159697,0.0,0.0,0.0,False,False,False
main,deterministic,deterministic,2025-10-01,83,True,True,0,,,0.7,20.0,optimal,1.7145022000040626,1.7145028999948408,0.0,0,0,16437.08899340545,475.0400887709887,16912.129082176438,16979.108159366333,17454.14824813732,209511.6601155814,0.0,52.730085394832145,0.0,0.0,0.0,False,False,False
main,deterministic,deterministic,2025-10-01,84,True,True,0,,,0.7,20.0,optimal,1.7145022000040626,1.7145028999948408,0.0,0,0,16437.08899340545,475.0400887709887,16912.129082176438,17305.015451297477,17780.055540068464,209514.8134705448,0.08382706944452578,51.893140055922785,0.0,0.0,0.0,False,False,False
main,deterministic,deterministic,2025-10-01,85,True,True,0,,,0.7,20.0,optimal,1.7145022000040626,1.7145028999948408,0.0,0,0,16437.08899340545,475.0400887709887,16912.129082176438,16725.849550565545,17200.889639336532,198935.16672746342,0.0,60.85890883738346,0.0,0.0,0.0,False,False,False
main,deterministic,deterministic,2025-10-01,86,True,True,0,,,0.7,20.0,optimal,1.7145022000040626,1.7145028999948408,0.0,0,0,16437.08899340545,475.0400887709887,16912.129082176438,16741.762509402375,17216.802598173363,197636.29106861315,0.0,50.58247648377498,0.0,0.0,0.0,False,False,False
main,deterministic,deterministic,2025-10-01,87,True,True,0,,,0.7,20.0,optimal,1.7145022000040626,1.7145028999948408,0.0,0,0,16437.08899340545,475.0400887709887,16912.129082176438,15665.676080403784,16140.716169174773,174745.3561174559,0.0,56.16543612465693,0.0,0.0,0.0,False,False,False
main,deterministic,deterministic,2025-10-01,88,True,True,0,,,0.7,20.0,optimal,1.7145022000040626,1.7145028999948408,0.0,0,0,16437.08899340545,475.0400887709887,16912.129082176438,16075.585121160684,16550.625209931673,177956.61157278897,0.09157740201251618,59.30774102182967,0.0,0.0,0.0,False,False,False
main,deterministic,deterministic,2025-10-01,89,True,True,0,,,0.7,20.0,optimal,1.7145022000040626,1.7145028999948408,0.0,0,0,16437.08899340545,475.0400887709887,16912.129082176438,16511.612240380477,16986.652329151464,194422.75895019752,0.0,57.337379579507456,0.0,0.0,0.0,False,False,False
main,deterministic,deterministic,2025-10-01,90,True,True,0,,,0.7,20.0,optimal,1.7145022000040626,1.7145028999948408,0.0,0,0,16437.08899340545,475.0400887709887,16912.129082176438,16282.74320180912,16757.783290580108,189780.23550519362,0.046842734504552785,59.554874009265404,0.0,0.0,0.0,False,False,False
main,deterministic,deterministic,2025-10-01,91,True,True,0,,,0.7,20.0,optimal,1.7145022000040626,1.7145028999948408,0.0,0,0,16437.08899340545,475.0400887709887,16912.129082176438,15573.706741446009,16048.746830216998,167866.71772267044,0.15537368514415428,54.96315904975121,0.0,0.0,0.0,False,False,False
main,deterministic,deterministic,2025-10-01,92,True,True,0,,,0.7,20.0,optimal,1.7145022000040626,1.7145028999948408,0.0,0,0,16437.08899340545,475.0400887709887,16912.129082176438,16374.180581951043,16849.220670722032,182835.2425953086,0.0,44.42635557943192,0.0,0.0,0.0,False,False,False
main,deterministic,deterministic,2025-10-01,93,True,True,0,,,0.7,20.0,optimal,1.7145022000040626,1.7145028999948408,0.0,0,0,16437.08899340545,475.0400887709887,16912.129082176438,16262.518447021435,16737.558535792425,195191.41096737966,0.0,57.56326817685226,0.0,0.0,0.0,False,False,False
main,deterministic,deterministic,2025-10-01,94,True,True,0,,,0.7,20.0,optimal,1.7145022000040626,1.7145028999948408,0.0,0,0,16437.08899340545,475.0400887709887,16912.129082176438,16265.185543967027,16740.225632738016,186366.9844601226,0.0,51.72587517083042,0.0,0.0,0.0,False,False,False
main,deterministic,deterministic,2025-10-01,95,True,True,0,,,0.7,20.0,optimal,1.7145022000040626,1.7145028999948408,0.0,0,0,16437.08899340545,475.0400887709887,16912.129082176438,16000.86924282198,16475.909331592968,182773.5794641561,0.0,57.32379704000806,0.0,0.0,0.0,False,False,False
main,deterministic,deterministic,2025-10-01,96,True,True,0,,,0.7,20.0,optimal,1.7145022000040626,1.7145028999948408,0.0,0,0,16437.08899340545,475.0400887709887,16912.129082176438,16188.772355676268,16663.812444447256,189087.3593553943,0.09437959039693972,53.390836341559066,0.0,0.0,0.0,False,False,False
main,deterministic,deterministic,2025-10-01,97,True,True,0,,,0.7,20.0,optimal,1.7145022000040626,1.7145028999948408,0.0,0,0,16437.08899340545,475.0400887709887,16912.129082176438,16225.566968849771,16700.60705762076,187286.86513783634,0.0,58.545383461185,0.0,0.0,0.0,False,False,False
main,deterministic,deterministic,2025-10-01,98,True,True,0,,,0.7,20.0,optimal,1.7145022000040626,1.7145028999948408,0.0,0,0,16437.08899340545,475.0400887709887,16912.129082176438,16355.599626578032,16830.63971534902,187727.83116721254,0.0,48.4814685912594,0.0,0.0,0.0,False,False,False
main,deterministic,deterministic,2025-10-01,99,True,True,0,,,0.7,20.0,optimal,1.7145022000040626,1.7145028999948408,0.0,0,0,16437.08899340545,475.0400887709887,16912.129082176438,16094.709745037448,16569.749833808437,184740.7184323244,0.20284935267932003,57.47074069230397,0.0,0.0,0.0,False,False,False
