suite,configuration,method,window,workload_replay_id,energy_uncertainty,workload_uncertainty,sample_size,gamma,rho,effective_capacity_fraction,bess_degradation_cost_usd_per_mwh_throughput,solver_status,solve_wall_time_seconds,solver_runtime_seconds,mip_gap,decomposition_iterations,active_scenario_count,nominal_grid_cost_usd,nominal_bess_degradation_cost_usd,nominal_operating_cost_usd,actual_grid_cost_usd,actual_operating_cost_usd,actual_carbon_kg,actual_curtailment_mwh,batch_adjustment_mwh,workload_envelope_violation_mwh,grid_limit_violation_mw,ramp_violation_mw,workload_violation,grid_limit_violation,ramp_violation
main,deterministic,deterministic,2025-01-01,0,True,True,0,,,0.7,20.0,optimal,1.652274899999611,1.6522754000034183,0.0,0,0,15664.811973990281,174.34157851920799,15839.15355250949,16068.786236391572,16243.12781491078,194692.45172543993,0.1463983626450212,48.896624850895485,0.0,0.0,0.0,False,False,False
main,deterministic,deterministic,2025-01-01,1,True,True,0,,,0.7,20.0,optimal,1.652274899999611,1.6522754000034183,0.0,0,0,15664.811973990281,174.34157851920799,15839.15355250949,15101.523671900917,15275.865250420125,171134.43930784386,0.15629603210282367,58.36895416259603,0.0,0.0,0.0,False,False,False
main,deterministic,deterministic,2025-01-01,2,True,True,0,,,0.7,20.0,optimal,1.652274899999611,1.6522754000034183,0.0,0,0,15664.811973990281,174.34157851920799,15839.15355250949,15682.947295979744,15857.288874498952,171935.78986183164,0.12487943847383656,46.13537842097222,0.0,0.0,0.0,False,False,False
main,deterministic,deterministic,2025-01-01,3,True,True,0,,,0.7,20.0,optimal,1.652274899999611,1.6522754000034183,0.0,0,0,15664.811973990281,174.34157851920799,15839.15355250949,16122.986809438526,16297.328387957734,190004.14804079355,0.06725549963156408,51.942014860529206,0.0,0.0,0.0,False,False,False
main,deterministic,deterministic,2025-01-01,4,True,True,0,,,0.7,20.0,optimal,1.652274899999611,1.6522754000034183,0.0,0,0,15664.811973990281,174.34157851920799,15839.15355250949,15379.906028376541,15554.24760689575,184846.75644148508,0.0632518984557674,48.11822247342294,0.0,0.0,0.0,False,False,False
main,deterministic,deterministic,2025-01-01,5,True,True,0,,,0.7,20.0,optimal,1.652274899999611,1.6522754000034183,0.0,0,0,15664.811973990281,174.34157851920799,15839.15355250949,14808.078074841225,14982.419653360434,162930.51171205586,0.0,52.901132904325074,0.0,0.0,0.0,False,False,False
main,deterministic,deterministic,2025-01-01,6,True,True,0,,,0.7,20.0,optimal,1.652274899999611,1.6522754000034183,0.0,0,0,15664.811973990281,174.34157851920799,15839.15355250949,15762.326195663905,15936.667774183114,178152.77942141463,0.0,47.3380445806801,0.0,0.0,0.0,False,False,False
main,deterministic,deterministic,2025-01-01,7,True,True,0,,,0.7,20.0,optimal,1.652274899999611,1.6522754000034183,0.0,0,0,15664.811973990281,174.34157851920799,15839.15355250949,15498.758853693264,15673.100432212472,191006.79265059737,0.1659360758241463,48.90461521416381,0.0,0.0,0.0,False,False,False
main,deterministic,deterministic,2025-01-01,8,True,True,0,,,0.7,20.0,optimal,1.652274899999611,1.6522754000034183,0.0,0,0,15664.811973990281,174.34157851920799,15839.15355250949,15378.011949422924,15552.353527942132,181074.50404491063,0.1464215711354745,49.15359887755558,0.0,0.0,0.0,False,False,False
main,deterministic,deterministic,2025-01-01,9,True,True,0,,,0.7,20.0,optimal,1.652274899999611,1.6522754000034183,0.0,0,0,15664.811973990281,174.34157851920799,15839.15355250949,15096.350874697315,15270.692453216523,174035.94391420053,0.0,57.67403195506887,0.0,0.0,0.0,False,False,False
main,deterministic,deterministic,2025-01-01,10,True,True,0,,,0.7,20.0,optimal,1.652274899999611,1.6522754000034183,0.0,0,0,15664.811973990281,174.34157851920799,15839.15355250949,15507.885641313123,15682.227219832332,182067.27983379274,0.14806213751141395,50.74161364276787,0.0,0.0,0.0,False,False,False
main,deterministic,deterministic,2025-01-01,11,True,True,0,,,0.7,20.0,optimal,1.652274899999611,1.6522754000034183,0.0,0,0,15664.811973990281,174.34157851920799,15839.15355250949,15582.709002671145,15757.050581190353,181149.762387111,0.10867568350993984,42.79163755048064,0.0,0.0,0.0,False,False,False
main,deterministic,deterministic,2025-01-01,12,True,True,0,,,0.7,20.0,optimal,1.652274899999611,1.6522754000034183,0.0,0,0,15664.811973990281,174.34157851920799,15839.15355250949,15625.969675056731,15800.31125357594,182462.6247162901,0.08282093459342885,45.53803156478777,0.0,0.0,0.0,False,False,False
main,deterministic,deterministic,2025-01-01,13,True,True,0,,,0.7,20.0,optimal,1.652274899999611,1.6522754000034183,0.0,0,0,15664.811973990281,174.34157851920799,15839.15355250949,15504.275158470966,15678.616736990174,178425.1714514127,0.07897571502687803,50.578284745818685,0.0,0.0,0.0,False,False,False
main,deterministic,deterministic,2025-01-01,14,True,True,0,,,0.7,20.0,optimal,1.652274899999611,1.6522754000034183,0.0,0,0,15664.811973990281,174.34157851920799,15839.15355250949,15967.620752797997,16141.962331317205,197294.62449976127,0.37649072717736576,48.24639822311066,0.0,0.0,0.0,False,False,False
main,deterministic,deterministic,2025-01-01,15,True,True,0,,,0.7,20.0,optimal,1.652274899999611,1.6522754000034183,0.0,0,0,15664.811973990281,174.34157851920799,15839.15355250949,15751.667367592523,15926.008946111731,197918.73215272845,0.18989190595288266,47.29629269611041,0.0,0.0,0.0,False,False,False
main,deterministic,deterministic,2025-01-01,16,True,True,0,,,0.7,20.0,optimal,1.652274899999611,1.6522754000034183,0.0,0,0,15664.811973990281,174.34157851920799,15839.15355250949,16325.920908372818,16500.262486892025,209792.312232358,0.0,45.19119115914234,0.0,0.0,0.0,False,False,False
main,deterministic,deterministic,2025-01-01,17,True,True,0,,,0.7,20.0,optimal,1.652274899999611,1.6522754000034183,0.0,0,0,15664.811973990281,174.34157851920799,15839.15355250949,16299.500776530906,16473.842355050114,204822.2307039422,0.03193218366203099,57.28577866057398,0.0,0.0,0.0,False,False,False
main,deterministic,deterministic,2025-01-01,18,True,True,0,,,0.7,20.0,optimal,1.652274899999611,1.6522754000034183,0.0,0,0,15664.811973990281,174.34157851920799,15839.15355250949,15375.911460005676,15550.253038524885,182108.51223782238,0.044899095379621,54.86003643147276,0.0,0.0,0.0,False,False,False
main,deterministic,deterministic,2025-01-01,19,True,True,0,,,0.7,20.0,optimal,1.652274899999611,1.6522754000034183,0.0,0,0,15664.811973990281,174.34157851920799,15839.15355250949,15455.012804254986,15629.354382774194,178280.79794333727,0.242380451165632,51.04559217426997,0.0,0.0,0.0,False,False,False
main,deterministic,deterministic,2025-01-01,20,True,True,0,,,0.7,20.0,optimal,1.652274899999611,1.6522754000034183,0.0,0,0,15664.811973990281,174.34157851920799,15839.15355250949,15606.850299068212,15781.19187758742,194472.64838732302,0.0,46.05723818209793,0.0,0.0,0.0,False,False,False
main,deterministic,deterministic,2025-01-01,21,True,True,0,,,0.7,20.0,optimal,1.652274899999611,1.6522754000034183,0.0,0,0,15664.811973990281,174.34157851920799,15839.15355250949,16613.197318256003,16787.53889677521,216854.49900774032,0.0233148135430139,46.16709114276473,0.0,0.0,0.0,False,False,False
main,deterministic,deterministic,2025-01-01,22,True,True,0,,,0.7,20.0,optimal,1.652274899999611,1.6522754000034183,0.0,0,0,15664.811973990281,174.34157851920799,15839.15355250949,15895.409798614563,16069.75137713377,195014.5594812682,0.25630532660985156,51.292429317059614,0.0,0.0,0.0,False,False,False
main,deterministic,deterministic,2025-01-01,23,True,True,0,,,0.7,20.0,optimal,1.652274899999611,1.6522754000034183,0.0,0,0,15664.811973990281,174.34157851920799,15839.15355250949,16356.485022819494,16530.8266013387,202689.857731903,0.044942474225107165,50.338311298788845,0.0,0.0,0.0,False,False,False
main,deterministic,deterministic,2025-01-01,24,True,True,0,,,0.7,20.0,optimal,1.652274899999611,1.6522754000034183,0.0,0,0,15664.811973990281,174.34157851920799,15839.15355250949,15619.822529729801,15794.16410824901,187862.75511891564,0.08677987645911597,50.53055018908302,0.0,0.0,0.0,False,False,False
main,deterministic,deterministic,2025-01-01,25,True,True,0,,,0.7,20.0,optimal,1.652274899999611,1.6522754000034183,0.0,0,0,15664.811973990281,174.34157851920799,15839.15355250949,15668.1469540931,15842.488532612308,188005.52391003372,0.0,46.568229376168944,0.0,0.0,0.0,False,False,False
main,deterministic,deterministic,2025-01-01,26,True,True,0,,,0.7,20.0,optimal,1.652274899999611,1.6522754000034183,0.0,0,0,15664.811973990281,174.34157851920799,15839.15355250949,16227.511554885565,16401.853133404773,191679.4437485731,0.06179965393237041,55.709526422984446,0.0,0.0,0.0,False,False,False
main,deterministic,deterministic,2025-01-01,27,True,True,0,,,0.7,20.0,optimal,1.652274899999611,1.6522754000034183,0.0,0,0,15664.811973990281,174.34157851920799,15839.15355250949,15387.857210269069,15562.198788788277,185529.7910701512,0.0,52.87148627388788,0.0,0.0,0.0,False,False,False
main,deterministic,deterministic,2025-01-01,28,True,True,0,,,0.7,20.0,optimal,1.652274899999611,1.6522754000034183,0.0,0,0,15664.811973990281,174.34157851920799,15839.15355250949,15436.500566052962,15610.84214457217,182114.50502801462,0.0,44.22944117113342,0.0,0.0,0.0,False,False,False
main,deterministic,deterministic,2025-01-01,29,True,True,0,,,0.7,20.0,optimal,1.652274899999611,1.6522754000034183,0.0,0,0,15664.811973990281,174.34157851920799,15839.15355250949,16114.300733777745,16288.642312296954,194647.57215341937,0.0,38.05567805746831,0.0,0.0,0.0,False,False,False
main,deterministic,deterministic,2025-01-01,30,True,True,0,,,0.7,20.0,optimal,1.652274899999611,1.6522754000034183,0.0,0,0,15664.811973990281,174.34157851920799,15839.15355250949,15328.21411463549,15502.555693154698,192649.90132632267,0.059831959636590576,47.527063264276634,0.0,0.0,0.0,False,False,False
main,deterministic,deterministic,2025-01-01,31,True,True,0,,,0.7,20.0,optimal,1.652274899999611,1.6522754000034183,0.0,0,0,15664.811973990281,174.34157851920799,15839.15355250949,15551.238129443302,15725.57970796251,181342.6717214766,0.24615003423640458,49.723485257056005,0.0,0.0,0.0,False,False,False
main,deterministic,deterministic,2025-01-01,32,True,True,0,,,0.7,20.0,optimal,1.652274899999611,1.6522754000034183,0.0,0,0,15664.811973990281,174.34157851920799,15839.15355250949,15395.643646010192,15569.9852245294,185378.96777628866,0.06034641665716564,49.22832241857593,0.0,0.0,0.0,False,False,False
main,deterministic,deterministic,2025-01-01,33,True,True,0,,,0.7,20.0,optimal,1.652274899999611,1.6522754000034183,0.0,0,0,15664.811973990281,174.34157851920799,15839.15355250949,15946.646574447883,16120.988152967091,188925.86756231554,0.01981615146600965,62.47859063607489,0.0,0.0,0.0,False,False,False
main,deterministic,deterministic,2025-01-01,34,True,True,0,,,0.7,20.0,optimal,1.652274899999611,1.6522754000034183,0.0,0,0,15664.811973990281,174.34157851920799,15839.15355250949,15395.797832589675,15570.139411108883,176543.06823235276,0.0,52.31859149670754,0.0,0.0,0.0,False,False,False
main,deterministic,deterministic,2025-01-01,35,True,True,0,,,0.7,20.0,optimal,1.652274899999611,1.6522754000034183,0.0,0,0,15664.811973990281,174.34157851920799,15839.15355250949,14852.180035314628,15026.521613833836,166895.44649504806,0.19622574655483416,54.54561327797832,0.0,0.0,0.0,False,False,False
main,deterministic,deterministic,2025-01-01,36,True,True,0,,,0.7,20.0,optimal,1.652274899999611,1.6522754000034183,0.0,0,0,15664.811973990281,174.34157851920799,15839.15355250949,15516.43443450236,15690.776013021568,180220.54213963507,0.0,55.33239935098579,0.0,0.0,0.0,False,False,False
main,deterministic,deterministic,2025-01-01,37,True,True,0,,,0.7,20.0,optimal,1.652274899999611,1.6522754000034183,0.0,0,0,15664.811973990281,174.34157851920799,15839.15355250949,15388.225356067771,15562.56693458698,179620.9989868176,0.01707358934954023,41.62757968084916,0.0,0.0,0.0,False,False,False
main,deterministic,deterministic,2025-01-01,38,True,True,0,,,0.7,20.0,optimal,1.652274899999611,1.6522754000034183,0.0,0,0,15664.811973990281,174.34157851920799,15839.15355250949,15503.825373651915,15678.166952171123,176189.99201831085,0.014666945378551843,49.06607725134392,0.0,0.0,0.0,False,False,False
main,deterministic,deterministic,2025-01-01,39,True,True,0,,,0.7,20.0,optimal,1.652274899999611,1.6522754000034183,0.0,0,0,15664.811973990281,174.34157851920799,15839.15355250949,15513.040599819968,15687.382178339176,188197.92487754763,0.0,38.00348229052639,0.0,0.0,0.0,False,False,False
main,deterministic,deterministic,2025-01-01,40,True,True,0,,,0.7,20.0,optimal,1.652274899999611,1.6522754000034183,0.0,0,0,15664.811973990281,174.34157851920799,15839.15355250949,16872.39332571968,17046.73490423889,222929.39641638714,0.0,42.50929103279731,0.0,0.0,0.0,False,False,False
main,deterministic,deterministic,2025-01-01,41,True,True,0,,,0.7,20.0,optimal,1.652274899999611,1.6522754000034183,0.0,0,0,15664.811973990281,174.34157851920799,15839.15355250949,15876.77045944585,16051.112037965058,195052.01572336673,0.13103542468249235,36.9678125403062,0.0,0.0,0.0,False,False,False
main,deterministic,deterministic,2025-01-01,42,True,True,0,,,0.7,20.0,optimal,1.652274899999611,1.6522754000034183,0.0,0,0,15664.811973990281,174.34157851920799,15839.15355250949,15831.308526642391,16005.6501051616,193776.5829708948,0.08500193084432306,53.59751344238281,0.0,0.0,0.0,False,False,False
main,deterministic,deterministic,2025-01-01,43,True,True,0,,,0.7,20.0,optimal,1.652274899999611,1.6522754000034183,0.0,0,0,15664.811973990281,174.34157851920799,15839.15355250949,15878.366898404334,16052.708476923543,193055.3962441789,0.0,52.150640466909145,0.0,0.0,0.0,False,False,False
main,deterministic,deterministic,2025-01-01,44,True,True,0,,,0.7,20.0,optimal,1.652274899999611,1.6522754000034183,0.0,0,0,15664.811973990281,174.34157851920799,15839.15355250949,15293.052511532846,15467.394090052054,178724.44614106163,0.010986528932383166,49.392683899140756,0.0,0.0,0.0,False,False,False
main,deterministic,deterministic,2025-01-01,45,True,True,0,,,0.7,20.0,optimal,1.652274899999611,1.6522754000034183,0.0,0,0,15664.811973990281,174.34157851920799,15839.15355250949,15674.770356694891,15849.1119352141,184756.4810433609,0.13928415950124592,53.595636904362564,0.0,0.0,0.0,False,False,False
main,deterministic,deterministic,2025-01-01,46,True,True,0,,,0.7,20.0,optimal,1.652274899999611,1.6522754000034183,0.0,0,0,15664.811973990281,174.34157851920799,15839.15355250949,15661.489791385153,15835.831369904361,190961.54612368526,0.0,50.50116371327177,0.0,0.0,0.0,False,False,False
main,deterministic,deterministic,2025-01-01,47,True,True,0,,,0.7,20.0,optimal,1.652274899999611,1.6522754000034183,0.0,0,0,15664.811973990281,174.34157851920799,15839.15355250949,15911.12168631954,16085.463264838749,195841.69625287355,0.03700490456821415,51.009304300018606,0.0,0.0,0.0,False,False,False
main,deterministic,deterministic,2025-01-01,48,True,True,0,,,0.7,20.0,optimal,1.652274899999611,1.6522754000034183,0.0,0,0,15664.811973990281,174.34157851920799,15839.15355250949,15160.198013044848,15334.539591564057,179013.8240448512,0.0,46.609733298325885,0.0,0.0,0.0,False,False,False
main,deterministic,deterministic,2025-01-01,49,True,True,0,,,0.7,20.0,optimal,1.652274899999611,1.6522754000034183,0.0,0,0,15664.811973990281,174.34157851920799,15839.15355250949,15289.5530436049,15463.894622124108,191206.2715707157,0.01839072539408501,50.522925423764235,0.0,0.0,0.0,False,False,False
main,deterministic,deterministic,2025-01-01,50,True,True,0,,,0.7,20.0,optimal,1.652274899999611,1.6522754000034183,0.0,0,0,15664.811973990281,174.34157851920799,15839.15355250949,15287.58027489788,15461.921853417089,178167.893315573,0.09216020289527257,58.01031073235872,0.0,0.0,0.0,False,False,False
main,deterministic,deterministic,2025-01-01,51,True,True,0,,,0.7,20.0,optimal,1.652274899999611,1.6522754000034183,0.0,0,0,15664.811973990281,174.34157851920799,15839.15355250949,14926.26270718994,15100.604285709149,169728.69052635692,0.013248897270886795,50.296250731432096,0.0,0.0,0.0,False,False,False
main,deterministic,deterministic,2025-01-01,52,True,True,0,,,0.7,20.0,optimal,1.652274899999611,1.6522754000034183,0.0,0,0,15664.811973990281,174.34157851920799,15839.15355250949,16046.987681183315,16221.329259702523,193120.43823707456,0.2120299443459103,58.51756527942374,0.0,0.0,0.0,False,False,False
main,deterministic,deterministic,2025-01-01,53,True,True,0,,,0.7,20.0,optimal,1.652274899999611,1.6522754000034183,0.0,0,0,15664.811973990281,174.34157851920799,15839.15355250949,15940.763875022749,16115.105453541957,198549.1255331116,0.0028598077394203503,44.14657506286248,0.0,0.0,0.0,False,False,False
main,deterministic,deterministic,2025-01-01,54,True,True,0,,,0.7,20.0,optimal,1.652274899999611,1.6522754000034183,0.0,0,0,15664.811973990281,174.34157851920799,15839.15355250949,16038.372914327478,16212.714492846686,196998.58162245085,0.0,48.361972852048176,0.0,0.0,0.0,False,False,False
main,deterministic,deterministic,2025-01-01,55,True,True,0,,,0.7,20.0,optimal,1.652274899999611,1.6522754000034183,0.0,0,0,15664.811973990281,174.34157851920799,15839.15355250949,15117.358767890997,15291.700346410205,168482.64621380327,0.0,52.733581553792696,0.0,0.0,0.0,False,False,False
main,deterministic,deterministic,2025-01-01,56,True,True,0,,,0.7,20.0,optimal,1.652274899999611,1.6522754000034183,0.0,0,0,15664.811973990281,174.34157851920799,15839.15355250949,15609.42776298387,15783.769341503079,192177.9487466904,0.0,39.17318468342573,0.0,0.0,0.0,False,False,False
main,deterministic,deterministic,2025-01-01,57,True,True,0,,,0.7,20.0,optimal,1.652274899999611,1.6522754000034183,0.0,0,0,15664.811973990281,174.34157851920799,15839.15355250949,15306.104650726938,15480.446229246147,183036.5980854752,0.2638007182292606,49.98620825274905,0.0,0.0,0.0,False,False,False
main,deterministic,deterministic,2025-01-01,58,True,True,0,,,0.7,20.0,optimal,1.652274899999611,1.6522754000034183,0.0,0,0,15664.811973990281,174.34157851920799,15839.15355250949,15357.102407762852,15531.44398628206,191709.54439373306,0.22555448291884922,59.40795946400795,0.0,0.0,0.0,False,False,False
main,deterministic,deterministic,2025-01-01,59,True,True,0,,,0.7,20.0,optimal,1.652274899999611,1.6522754000034183,0.0,0,0,15664.811973990281,174.34157851920799,15839.15355250949,15562.712446964928,15737.054025484136,188481.20253659293,0.12697390541906928,53.923686158386644,0.0,0.0,0.0,False,False,False
main,deterministic,deterministic,2025-01-01,60,True,True,0,,,0.7,20.0,optimal,1.652274899999611,1.6522754000034183,0.0,0,0,15664.811973990281,174.34157851920799,15839.15355250949,15890.599790971386,16064.941369490594,197182.19902522184,0.2178372997665481,52.30801337439834,0.0,0.0,0.0,False,False,False
main,deterministic,deterministic,2025-01-01,61,True,True,0,,,0.7,20.0,optimal,1.652274899999611,1.6522754000034183,0.0,0,0,15664.811973990281,174.34157851920799,15839.15355250949,15243.569298731969,15417.910877251177,179451.82551139995,0.002369927697212365,40.21265629617541,0.0,0.0,0.0,False,False,False
main,deterministic,deterministic,2025-01-01,62,True,True,0,,,0.7,20.0,optimal,1.652274899999611,1.6522754000034183,0.0,0,0,15664.811973990281,174.34157851920799,15839.15355250949,15463.821089693305,15638.162668212513,175593.0889144745,0.06706480573706752,53.91648766684625,0.0,0.0,0.0,False,False,False
main,deterministic,deterministic,2025-01-01,63,True,True,0,,,0.7,20.0,optimal,1.652274899999611,1.6522754000034183,0.0,0,0,15664.811973990281,174.34157851920799,15839.15355250949,15813.450296533012,15987.79187505222,197087.93803752435,0.0,53.12979319346966,0.0,0.0,0.0,False,False,False
main,deterministic,deterministic,2025-01-01,64,True,True,0,,,0.7,20.0,optimal,1.652274899999611,1.6522754000034183,0.0,0,0,15664.811973990281,174.34157851920799,15839.15355250949,15490.276736059272,15664.61831457848,186784.9742214138,0.08236155828023461,47.635518902822724,0.0,0.0,0.0,False,False,False
main,deterministic,deterministic,2025-01-01,65,True,True,0,,,0.7,20.0,optimal,1.652274899999611,1.6522754000034183,0.0,0,0,15664.811973990281,174.34157851920799,15839.15355250949,15754.990110078346,15929.331688597555,201813.55392892106,0.04960880655012079,53.298616209273355,0.0,0.0,0.0,False,False,False
main,deterministic,deterministic,2025-01-01,66,True,True,0,,,0.7,20.0,optimal,1.652274899999611,1.6522754000034183,0.0,0,0,15664.811973990281,174.34157851920799,15839.15355250949,15330.025423444757,15504.367001963965,180062.82905197507,0.0,57.46425263609956,0.0,0.0,0.0,False,False,False
main,deterministic,deterministic,2025-01-01,67,True,True,0,,,0.7,20.0,optimal,1.652274899999611,1.6522754000034183,0.0,0,0,15664.811973990281,174.34157851920799,15839.15355250949,15628.4556838942,15802.797262413409,190723.02985720328,0.008198477115557323,49.37730837758163,0.0,0.0,0.0,False,False,False
main,deterministic,deterministic,2025-01-01,68,True,True,0,,,0.7,20.0,optimal,1.652274899999611,1.6522754000034183,0.0,0,0,15664.811973990281,174.34157851920799,15839.15355250949,15469.61820711619,15643.959785635398,183594.70420005303,0.0,52.70033719299441,0.0,0.0,0.0,False,False,False
main,deterministic,deterministic,2025-01-01,69,True,True,0,,,0.7,20.0,optimal,1.652274899999611,1.6522754000034183,0.0,0,0,15664.811973990281,174.34157851920799,15839.15355250949,16105.080643052805,16279.422221572013,197900.5534720456,0.0,49.78805788988579,0.0,0.0,0.0,False,False,False
main,deterministic,deterministic,2025-01-01,70,True,True,0,,,0.7,20.0,optimal,1.652274899999611,1.6522754000034183,0.0,0,0,15664.811973990281,174.34157851920799,15839.15355250949,15541.541937283691,15715.8835158029,198092.82245583937,0.015629935178477883,53.620050477701426,0.0,0.0,0.0,False,False,False
main,deterministic,deterministic,2025-01-01,71,True,True,0,,,0.7,20.0,optimal,1.652274899999611,1.6522754000034183,0.0,0,0,15664.811973990281,174.34157851920799,15839.15355250949,16574.062635633476,16748.404214152684,217438.53810974065,0.0,57.24903734563891,0.0,0.0,0.0,False,False,False
main,deterministic,deterministic,2025-01-01,72,True,True,0,,,0.7,20.0,optimal,1.652274899999611,1.6522754000034183,0.0,0,0,15664.811973990281,174.34157851920799,15839.15355250949,16925.11326585267,17099.454844371878,222280.02474402168,0.004485685989336963,57.35272189635757,0.0,0.0,0.0,False,False,False
main,deterministic,deterministic,2025-01-01,73,True,True,0,,,0.7,20.0,optimal,1.652274899999611,1.6522754000034183,0.0,0,0,15664.811973990281,174.34157851920799,15839.15355250949,15741.281540514059,15915.623119033267,193724.00146105513,0.23327098340504354,49.74428259124659,0.0,0.0,0.0,False,False,False
main,deterministic,deterministic,2025-01-01,74,True,True,0,,,0.7,20.0,optimal,1.652274899999611,1.6522754000034183,0.0,0,0,15664.811973990281,174.34157851920799,15839.15355250949,15825.999005223046,16000.340583742254,190473.22969599956,0.053634499628482935,52.03743746980333,0.0,0.0,0.0,False,False,False
main,deterministic,deterministic,2025-01-01,75,True,True,0,,,0.7,20.0,optimal,1.652274899999611,1.6522754000034183,0.0,0,0,15664.811973990281,174.34157851920799,15839.15355250949,15606.882063629162,15781.22364214837,193788.41606028177,0.0,51.003526476787634,0.0,0.0,0.0,False,False,False
main,deterministic,deterministic,2025-01-01,76,True,True,0,,,0.7,20.0,optimal,1.652274899999611,1.6522754000034183,0.0,0,0,15664.811973990281,174.34157851920799,15839.15355250949,15143.373646692797,15317.715225212005,182851.46470892857,0.11506558306178752,50.68527938574388,0.0,0.0,0.0,False,False,False
main,deterministic,deterministic,2025-01-01,77,True,True,0,,,0.7,20.0,optimal,1.652274899999611,1.6522754000034183,0.0,0,0,15664.811973990281,174.34157851920799,15839.15355250949,15817.274025071187,15991.615603590395,200162.82139462797,0.0266688221188614,47.79076718885508,0.0,0.0,0.0,False,False,False
main,deterministic,deterministic,2025-01-01,78,True,True,0,,,0.7,20.0,optimal,1.652274899999611,1.6522754000034183,0.0,0,0,15664.811973990281,174.34157851920799,15839.15355250949,15741.301073547858,15915.642652067067,191626.11271761463,0.10771498311975014,50.07922174678405,0.0,0.0,0.0,False,False,False
main,deterministic,deterministic,2025-01-01,79,True,True,0,,,0.7,20.0,optimal,1.652274899999611,1.6522754000034183,0.0,0,0,15664.811973990281,174.34157851920799,15839.15355250949,15317.66476234559,15492.006340864798,176305.66882217926,0.0,48.86519869307708,0.0,0.0,0.0,False,False,False
main,deterministic,deterministic,2025-01-01,80,True,True,0,,,0.7,20.0,optimal,1.652274899999611,1.6522754000034183,0.0,0,0,15664.811973990281,174.34157851920799,15839.15355250949,15505.135812475752,15679.47739099496,185850.58400313772,0.09697812169368258,48.835506372694574,0.0,0.0,0.0,False,False,False
main,deterministic,deterministic,2025-01-01,81,True,True,0,,,0.7,20.0,optimal,1.652274899999611,1.6522754000034183,0.0,0,0,15664.811973990281,174.34157851920799,15839.15355250949,16436.825056742884,16611.166635262092,201803.1823865321,0.05424617387137687,57.41350103532241,0.0,0.0,0.0,False,False,False
main,deterministic,deterministic,2025-01-01,82,True,True,0,,,0.7,20.0,optimal,1.652274899999611,1.6522754000034183,0.0,0,0,15664.811973990281,174.34157851920799,15839.15355250949,15734.764939036191,15909.1065175554,198190.50636506936,0.0,42.01709885724783,0.0,0.0,0.0,False,False,False
main,deterministic,deterministic,2025-01-01,83,True,True,0,,,0.7,20.0,optimal,1.652274899999611,1.6522754000034183,0.0,0,0,15664.811973990281,174.34157851920799,15839.15355250949,15466.221689265629,15640.563267784837,182721.69373157708,0.0,43.70491986952625,0.0,0.0,0.0,False,False,False
main,deterministic,deterministic,2025-01-01,84,True,True,0,,,0.7,20.0,optimal,1.652274899999611,1.6522754000034183,0.0,0,0,15664.811973990281,174.34157851920799,15839.15355250949,16219.12764503143,16393.469223550637,208484.19106766488,0.03982422677667383,42.062444735530676,0.0,0.0,0.0,False,False,False
main,deterministic,deterministic,2025-01-01,85,True,True,0,,,0.7,20.0,optimal,1.652274899999611,1.6522754000034183,0.0,0,0,15664.811973990281,174.34157851920799,15839.15355250949,15309.660249346722,15484.00182786593,192471.33266414874,0.0,56.51973314606523,0.0,0.0,0.0,False,False,False
main,deterministic,deterministic,2025-01-01,86,True,True,0,,,0.7,20.0,optimal,1.652274899999611,1.6522754000034183,0.0,0,0,15664.811973990281,174.34157851920799,15839.15355250949,15617.280498689086,15791.622077208294,188331.4283470734,0.08974106564720671,44.943855302864456,0.0,0.0,0.0,False,False,False
main,deterministic,deterministic,2025-01-01,87,True,True,0,,,0.7,20.0,optimal,1.652274899999611,1.6522754000034183,0.0,0,0,15664.811973990281,174.34157851920799,15839.15355250949,16266.950825533475,16441.29240405268,198140.50882738215,0.0,49.95988251330916,0.0,0.0,0.0,False,False,False
main,deterministic,deterministic,2025-01-01,88,True,True,0,,,0.7,20.0,optimal,1.652274899999611,1.6522754000034183,0.0,0,0,15664.811973990281,174.34157851920799,15839.15355250949,14933.815140301582,15108.15671882079,176850.12115884278,0.10818203685719907,56.425058501197036,0.0,0.0,0.0,False,False,False
main,deterministic,deterministic,2025-01-01,89,True,True,0,,,0.7,20.0,optimal,1.652274899999611,1.6522754000034183,0.0,0,0,15664.811973990281,174.34157851920799,15839.15355250949,16303.602861034748,16477.944439553954,204752.68246845977,0.005299075014164378,48.00642116198284,0.0,0.0,0.0,False,False,False
main,deterministic,deterministic,2025-01-01,90,True,True,0,,,0.7,20.0,optimal,1.652274899999611,1.6522754000034183,0.0,0,0,15664.811973990281,174.34157851920799,15839.15355250949,15112.980525389294,15287.322103908502,168676.07349272593,0.11676776751897888,54.028141522577485,0.0,0.0,0.0,False,False,False
main,deterministic,deterministic,2025-01-01,91,True,True,0,,,0.7,20.0,optimal,1.652274899999611,1.6522754000034183,0.0,0,0,15664.811973990281,174.34157851920799,15839.15355250949,15401.40742258013,15575.749001099339,175417.44237171122,0.0,48.78614713296173,0.0,0.0,0.0,False,False,False
main,deterministic,deterministic,2025-01-01,92,True,True,0,,,0.7,20.0,optimal,1.652274899999611,1.6522754000034183,0.0,0,0,15664.811973990281,174.34157851920799,15839.15355250949,16219.12664122589,16393.468219745097,202453.09492563715,0.08069917210326685,42.7701631694154,0.0,0.0,0.0,False,False,False
main,deterministic,deterministic,2025-01-01,93,True,True,0,,,0.7,20.0,optimal,1.652274899999611,1.6522754000034183,0.0,0,0,15664.811973990281,174.34157851920799,15839.15355250949,15417.891459696466,15592.233038215674,180086.58287923684,0.005397149075120677,53.035103550879484,0.0,0.0,0.0,False,False,False
main,deterministic,deterministic,2025-01-01,94,True,True,0,,,0.7,20.0,optimal,1.652274899999611,1.6522754000034183,0.0,0,0,15664.811973990281,174.34157851920799,15839.15355250949,15171.749024602112,15346.09060312132,185417.4151463996,0.02010116962148631,45.99037941655764,0.0,0.0,0.0,False,False,False
main,deterministic,deterministic,2025-01-01,95,True,True,0,,,0.7,20.0,optimal,1.652274899999611,1.6522754000034183,0.0,0,0,15664.811973990281,174.34157851920799,15839.15355250949,15558.632889383709,15732.974467902917,190825.45754160327,0.0,50.6062198203722,0.0,0.0,0.0,False,False,False
main,deterministic,deterministic,2025-01-01,96,True,True,0,,,0.7,20.0,optimal,1.652274899999611,1.6522754000034183,0.0,0,0,15664.811973990281,174.34157851920799,15839.15355250949,15608.548323411102,15782.88990193031,196341.81889526383,0.0491203011477899,48.624489409927214,0.0,0.0,0.0,False,False,False
main,deterministic,deterministic,2025-01-01,97,True,True,0,,,0.7,20.0,optimal,1.652274899999611,1.6522754000034183,0.0,0,0,15664.811973990281,174.34157851920799,15839.15355250949,16167.23734231047,16341.578920829677,210367.0137426846,0.0,49.890932512774334,0.0,0.0,0.0,False,False,False
main,deterministic,deterministic,2025-01-01,98,True,True,0,,,0.7,20.0,optimal,1.652274899999611,1.6522754000034183,0.0,0,0,15664.811973990281,174.34157851920799,15839.15355250949,15665.08569485813,15839.427273377338,189092.48501045466,0.1361851495697263,42.12346045230645,0.0,0.0,0.0,False,False,False
main,deterministic,deterministic,2025-01-01,99,True,True,0,,,0.7,20.0,optimal,1.652274899999611,1.6522754000034183,0.0,0,0,15664.811973990281,174.34157851920799,15839.15355250949,15828.325367012665,16002.666945531873,185751.9733710464,0.01249711882568183,52.89134140245688,0.0,0.0,0.0,False,False,False
main,deterministic,deterministic,2025-04-01,0,True,True,0,,,0.7,20.0,optimal,1.9373362000042107,1.9373370999965118,0.0,0,0,15462.571691668632,498.33225108842646,15960.903942757059,15983.912672922077,16482.244924010505,137714.48091491757,0.0174347185084604,52.744901477349885,0.0,0.0,0.0,False,False,False
main,deterministic,deterministic,2025-04-01,1,True,True,0,,,0.7,20.0,optimal,1.9373362000042107,1.9373370999965118,0.0,0,0,15462.571691668632,498.33225108842646,15960.903942757059,14836.301930547837,15334.634181636264,119058.56393929507,0.06768050754194116,60.796738443144555,0.0,0.0,0.0,False,False,False
main,deterministic,deterministic,2025-04-01,2,True,True,0,,,0.7,20.0,optimal,1.9373362000042107,1.9373370999965118,0.0,0,0,15462.571691668632,498.33225108842646,15960.903942757059,15107.657120381667,15605.989371470094,121455.88857948926,0.0,47.26817269339464,0.0,0.0,0.0,False,False,False
main,deterministic,deterministic,2025-04-01,3,True,True,0,,,0.7,20.0,optimal,1.9373362000042107,1.9373370999965118,0.0,0,0,15462.571691668632,498.33225108842646,15960.903942757059,16149.398711684169,16647.730962772595,135923.6506351512,0.19568067597296196,54.86932406195085,0.0,0.0,0.0,False,False,False
main,deterministic,deterministic,2025-04-01,4,True,True,0,,,0.7,20.0,optimal,1.9373362000042107,1.9373370999965118,0.0,0,0,15462.571691668632,498.33225108842646,15960.903942757059,15743.23322386907,16241.565474957497,131601.715898915,0.0,50.65776289581288,0.0,0.0,0.0,False,False,False
main,deterministic,deterministic,2025-04-01,5,True,True,0,,,0.7,20.0,optimal,1.9373362000042107,1.9373370999965118,0.0,0,0,15462.571691668632,498.33225108842646,15960.903942757059,14881.29465559324,15379.626906681666,113403.19320993766,0.007212958999699204,57.284935606182195,0.0,0.0,0.0,False,False,False
main,deterministic,deterministic,2025-04-01,6,True,True,0,,,0.7,20.0,optimal,1.9373362000042107,1.9373370999965118,0.0,0,0,15462.571691668632,498.33225108842646,15960.903942757059,15309.156133979115,15807.488385067541,125213.38358022712,0.0,50.9816186820799,0.0,0.0,0.0,False,False,False
main,deterministic,deterministic,2025-04-01,7,True,True,0,,,0.7,20.0,optimal,1.9373362000042107,1.9373370999965118,0.0,0,0,15462.571691668632,498.33225108842646,15960.903942757059,15381.392796784616,15879.725047873042,136368.12705652605,0.10668592113003006,52.41057731314992,0.0,0.0,0.0,False,False,False
main,deterministic,deterministic,2025-04-01,8,True,True,0,,,0.7,20.0,optimal,1.9373362000042107,1.9373370999965118,0.0,0,0,15462.571691668632,498.33225108842646,15960.903942757059,15352.383702623205,15850.715953711631,127325.85613018421,0.08199013014910317,52.60173727044624,0.0,0.0,0.0,False,False,False
main,deterministic,deterministic,2025-04-01,9,True,True,0,,,0.7,20.0,optimal,1.9373362000042107,1.9373370999965118,0.0,0,0,15462.571691668632,498.33225108842646,15960.903942757059,15036.04822009987,15534.380471188297,123230.5452721611,0.0267506379752116,61.09614778528717,0.0,0.0,0.0,False,False,False
main,deterministic,deterministic,2025-04-01,10,True,True,0,,,0.7,20.0,optimal,1.9373362000042107,1.9373370999965118,0.0,0,0,15462.571691668632,498.33225108842646,15960.903942757059,15180.207412122572,15678.539663210999,130622.38044086532,0.0,52.68084227920602,0.0,0.0,0.0,False,False,False
main,deterministic,deterministic,2025-04-01,11,True,True,0,,,0.7,20.0,optimal,1.9373362000042107,1.9373370999965118,0.0,0,0,15462.571691668632,498.33225108842646,15960.903942757059,15337.37849401595,15835.710745104376,128254.80318772815,0.0633198013681589,46.65778975382186,0.0,0.0,0.0,False,False,False
main,deterministic,deterministic,2025-04-01,12,True,True,0,,,0.7,20.0,optimal,1.9373362000042107,1.9373370999965118,0.0,0,0,15462.571691668632,498.33225108842646,15960.903942757059,15631.903922014948,16130.236173103374,128639.00397523743,0.16200238378085585,47.093177390583534,0.0,0.0,0.0,False,False,False
main,deterministic,deterministic,2025-04-01,13,True,True,0,,,0.7,20.0,optimal,1.9373362000042107,1.9373370999965118,0.0,0,0,15462.571691668632,498.33225108842646,15960.903942757059,15138.544965387277,15636.877216475703,124397.96895518916,0.06432429913312004,58.00834801771573,0.0,0.0,0.0,False,False,False
main,deterministic,deterministic,2025-04-01,14,True,True,0,,,0.7,20.0,optimal,1.9373362000042107,1.9373370999965118,0.0,0,0,15462.571691668632,498.33225108842646,15960.903942757059,15878.444941012856,16376.777192101283,142816.33659566776,0.0,53.2034115238399,0.0,0.0,0.0,False,False,False
main,deterministic,deterministic,2025-04-01,15,True,True,0,,,0.7,20.0,optimal,1.9373362000042107,1.9373370999965118,0.0,0,0,15462.571691668632,498.33225108842646,15960.903942757059,16085.818947237227,16584.151198325653,143062.84677738106,0.07543408649146988,53.57989658924839,0.0,0.0,0.0,False,False,False
main,deterministic,deterministic,2025-04-01,16,True,True,0,,,0.7,20.0,optimal,1.9373362000042107,1.9373370999965118,0.0,0,0,15462.571691668632,498.33225108842646,15960.903942757059,16292.33339744907,16790.6656485375,154644.71240429475,0.0,48.322674994765315,0.0,0.0,0.0,False,False,False
main,deterministic,deterministic,2025-04-01,17,True,True,0,,,0.7,20.0,optimal,1.9373362000042107,1.9373370999965118,0.0,0,0,15462.571691668632,498.33225108842646,15960.903942757059,16633.716433897993,17132.04868498642,149941.5086837697,0.0,65.44049107088077,0.0,0.0,0.0,False,False,False
main,deterministic,deterministic,2025-04-01,18,True,True,0,,,0.7,20.0,optimal,1.9373362000042107,1.9373370999965118,0.0,0,0,15462.571691668632,498.33225108842646,15960.903942757059,15848.932779302882,16347.265030391309,128121.23326409253,0.07055992817438073,55.98710825536653,0.0,0.0,0.0,False,False,False
main,deterministic,deterministic,2025-04-01,19,True,True,0,,,0.7,20.0,optimal,1.9373362000042107,1.9373370999965118,0.0,0,0,15462.571691668632,498.33225108842646,15960.903942757059,15282.836442990878,15781.168694079304,127958.5510426117,0.14608483824601842,52.538589028350266,0.0,0.0,0.0,False,False,False
main,deterministic,deterministic,2025-04-01,20,True,True,0,,,0.7,20.0,optimal,1.9373362000042107,1.9373370999965118,0.0,0,0,15462.571691668632,498.33225108842646,15960.903942757059,15974.286719461905,16472.61897055033,139957.0167527233,0.0,47.33577907854694,0.0,0.0,0.0,False,False,False
main,deterministic,deterministic,2025-04-01,21,True,True,0,,,0.7,20.0,optimal,1.9373362000042107,1.9373370999965118,0.0,0,0,15462.571691668632,498.33225108842646,15960.903942757059,17020.952479200994,17519.284730289422,158742.71199637005,0.0,50.89863785900314,0.0,0.0,0.0,False,False,False
main,deterministic,deterministic,2025-04-01,22,True,True,0,,,0.7,20.0,optimal,1.9373362000042107,1.9373370999965118,0.0,0,0,15462.571691668632,498.33225108842646,15960.903942757059,15961.569203535828,16459.901454624254,140661.26296141747,0.08249621736189117,56.06334983840477,0.0,0.0,0.0,False,False,False
main,deterministic,deterministic,2025-04-01,23,True,True,0,,,0.7,20.0,optimal,1.9373362000042107,1.9373370999965118,0.0,0,0,15462.571691668632,498.33225108842646,15960.903942757059,16283.575690788117,16781.907941876543,147101.035791231,0.0,51.52846974431819,0.0,0.0,0.0,False,False,False
main,deterministic,deterministic,2025-04-01,24,True,True,0,,,0.7,20.0,optimal,1.9373362000042107,1.9373370999965118,0.0,0,0,15462.571691668632,498.33225108842646,15960.903942757059,15334.669658887044,15833.00190997547,133960.10306956308,0.0,55.956053040181,0.0,0.0,0.0,False,False,False
main,deterministic,deterministic,2025-04-01,25,True,True,0,,,0.7,20.0,optimal,1.9373362000042107,1.9373370999965118,0.0,0,0,15462.571691668632,498.33225108842646,15960.903942757059,15673.945460951387,16172.277712039813,135208.3585513167,0.0,49.7677957885506,0.0,0.0,0.0,False,False,False
main,deterministic,deterministic,2025-04-01,26,True,True,0,,,0.7,20.0,optimal,1.9373362000042107,1.9373370999965118,0.0,0,0,15462.571691668632,498.33225108842646,15960.903942757059,15825.870647665493,16324.20289875392,137008.0862373819,0.0,60.14838439834055,0.0,0.0,0.0,False,False,False
main,deterministic,deterministic,2025-04-01,27,True,True,0,,,0.7,20.0,optimal,1.9373362000042107,1.9373370999965118,0.0,0,0,15462.571691668632,498.33225108842646,15960.903942757059,15658.827077163618,16157.159328252044,132091.61023076402,0.0,59.30963857761789,0.0,0.0,0.0,False,False,False
main,deterministic,deterministic,2025-04-01,28,True,True,0,,,0.7,20.0,optimal,1.9373362000042107,1.9373370999965118,0.0,0,0,15462.571691668632,498.33225108842646,15960.903942757059,15711.183690547003,16209.515941635429,128725.08139256435,0.05694670350800384,46.82597680374621,0.0,0.0,0.0,False,False,False
main,deterministic,deterministic,2025-04-01,29,True,True,0,,,0.7,20.0,optimal,1.9373362000042107,1.9373370999965118,0.0,0,0,15462.571691668632,498.33225108842646,15960.903942757059,15678.346719508278,16176.678970596704,141863.9577868554,0.06989482390030986,42.31379571546705,0.0,0.0,0.0,False,False,False
main,deterministic,deterministic,2025-04-01,30,True,True,0,,,0.7,20.0,optimal,1.9373362000042107,1.9373370999965118,0.0,0,0,15462.571691668632,498.33225108842646,15960.903942757059,15704.304580498245,16202.636831586671,137712.3715235787,0.0,51.15297774542599,0.0,0.0,0.0,False,False,False
main,deterministic,deterministic,2025-04-01,31,True,True,0,,,0.7,20.0,optimal,1.9373362000042107,1.9373370999965118,0.0,0,0,15462.571691668632,498.33225108842646,15960.903942757059,15338.928848908341,15837.261099996767,129890.97540548244,0.0,49.60539587435938,0.0,0.0,0.0,False,False,False
main,deterministic,deterministic,2025-04-01,32,True,True,0,,,0.7,20.0,optimal,1.9373362000042107,1.9373370999965118,0.0,0,0,15462.571691668632,498.33225108842646,15960.903942757059,15265.906977572178,15764.239228660605,132141.9752303177,0.0,50.023459457598456,0.0,0.0,0.0,False,False,False
main,deterministic,deterministic,2025-04-01,33,True,True,0,,,0.7,20.0,optimal,1.9373362000042107,1.9373370999965118,0.0,0,0,15462.571691668632,498.33225108842646,15960.903942757059,15858.552394009408,16356.884645097834,134135.27783528125,0.0,63.82023079479352,0.0,0.0,0.0,False,False,False
main,deterministic,deterministic,2025-04-01,34,True,True,0,,,0.7,20.0,optimal,1.9373362000042107,1.9373370999965118,0.0,0,0,15462.571691668632,498.33225108842646,15960.903942757059,15442.278386780348,15940.610637868775,124939.36045630879,0.0,56.274986751589424,0.0,0.0,0.0,False,False,False
main,deterministic,deterministic,2025-04-01,35,True,True,0,,,0.7,20.0,optimal,1.9373362000042107,1.9373370999965118,0.0,0,0,15462.571691668632,498.33225108842646,15960.903942757059,14738.151570464363,15236.483821552789,115730.69030640004,0.16126017618183308,57.59186707946198,0.0,0.0,0.0,False,False,False
main,deterministic,deterministic,2025-04-01,36,True,True,0,,,0.7,20.0,optimal,1.9373362000042107,1.9373370999965118,0.0,0,0,15462.571691668632,498.33225108842646,15960.903942757059,15049.438666304637,15547.770917393063,127374.6284549137,0.0,58.880523525249984,0.0,0.0,0.0,False,False,False
main,deterministic,deterministic,2025-04-01,37,True,True,0,,,0.7,20.0,optimal,1.9373362000042107,1.9373370999965118,0.0,0,0,15462.571691668632,498.33225108842646,15960.903942757059,15472.332718288566,15970.664969376992,127868.7387212579,0.0,47.6098737125474,0.0,0.0,0.0,False,False,False
main,deterministic,deterministic,2025-04-01,38,True,True,0,,,0.7,20.0,optimal,1.9373362000042107,1.9373370999965118,0.0,0,0,15462.571691668632,498.33225108842646,15960.903942757059,15536.120554482948,16034.452805571374,123488.41839899488,0.0,52.025875957955904,0.0,0.0,0.0,False,False,False
main,deterministic,deterministic,2025-04-01,39,True,True,0,,,0.7,20.0,optimal,1.9373362000042107,1.9373370999965118,0.0,0,0,15462.571691668632,498.33225108842646,15960.903942757059,15549.753412437552,16048.085663525979,135097.20561387314,0.0007785018755916973,43.7943624572069,0.0,0.0,0.0,False,False,False
main,deterministic,deterministic,2025-04-01,40,True,True,0,,,0.7,20.0,optimal,1.9373362000042107,1.9373370999965118,0.0,0,0,15462.571691668632,498.33225108842646,15960.903942757059,17029.904762843686,17528.237013932114,163336.2447493033,0.0,47.033200177111794,0.0,0.0,0.0,False,False,False
main,deterministic,deterministic,2025-04-01,41,True,True,0,,,0.7,20.0,optimal,1.9373362000042107,1.9373370999965118,0.0,0,0,15462.571691668632,498.33225108842646,15960.903942757059,16083.27022603753,16581.602477125958,141402.00359995788,0.10514581625089431,41.71052938512589,0.0,0.0,0.0,False,False,False
main,deterministic,deterministic,2025-04-01,42,True,True,0,,,0.7,20.0,optimal,1.9373362000042107,1.9373370999965118,0.0,0,0,15462.571691668632,498.33225108842646,15960.903942757059,15917.159757311601,16415.49200840003,139718.0246416242,0.0,56.695180448139766,0.0,0.0,0.0,False,False,False
main,deterministic,deterministic,2025-04-01,43,True,True,0,,,0.7,20.0,optimal,1.9373362000042107,1.9373370999965118,0.0,0,0,15462.571691668632,498.33225108842646,15960.903942757059,15578.28157638526,16076.613827473686,139749.01212783004,0.0,51.01101335031396,0.0,0.0,0.0,False,False,False
main,deterministic,deterministic,2025-04-01,44,True,True,0,,,0.7,20.0,optimal,1.9373362000042107,1.9373370999965118,0.0,0,0,15462.571691668632,498.33225108842646,15960.903942757059,15307.482833875722,15805.815084964148,126831.63125568425,0.0,56.4575609049231,0.0,0.0,0.0,False,False,False
main,deterministic,deterministic,2025-04-01,45,True,True,0,,,0.7,20.0,optimal,1.9373362000042107,1.9373370999965118,0.0,0,0,15462.571691668632,498.33225108842646,15960.903942757059,15730.226069801733,16228.558320890159,133344.9344372504,0.07186456269461372,57.917838229418194,0.0,0.0,0.0,False,False,False
main,deterministic,deterministic,2025-04-01,46,True,True,0,,,0.7,20.0,optimal,1.9373362000042107,1.9373370999965118,0.0,0,0,15462.571691668632,498.33225108842646,15960.903942757059,15921.70401946202,16420.03627055045,137519.13660589134,0.0,53.20651880574849,0.0,0.0,0.0,False,False,False
main,deterministic,deterministic,2025-04-01,47,True,True,0,,,0.7,20.0,optimal,1.9373362000042107,1.9373370999965118,0.0,0,0,15462.571691668632,498.33225108842646,15960.903942757059,16008.872243412392,16507.20449450082,141592.18098310035,0.2059381125001183,53.20858315868859,0.0,0.0,0.0,False,False,False
main,deterministic,deterministic,2025-04-01,48,True,True,0,,,0.7,20.0,optimal,1.9373362000042107,1.9373370999965118,0.0,0,0,15462.571691668632,498.33225108842646,15960.903942757059,14929.12387976457,15427.456130852996,127745.6362456556,0.0,50.59433859004054,0.0,0.0,0.0,False,False,False
main,deterministic,deterministic,2025-04-01,49,True,True,0,,,0.7,20.0,optimal,1.9373362000042107,1.9373370999965118,0.0,0,0,15462.571691668632,498.33225108842646,15960.903942757059,15800.562196628769,16298.894447717195,136541.53949503644,0.07200997590865277,58.62200925550793,0.0,0.0,0.0,False,False,False
main,deterministic,deterministic,2025-04-01,50,True,True,0,,,0.7,20.0,optimal,1.9373362000042107,1.9373370999965118,0.0,0,0,15462.571691668632,498.33225108842646,15960.903942757059,15245.605288474975,15743.937539563402,125424.17738289865,0.04969806002038385,54.68642680360756,0.0,0.0,0.0,False,False,False
main,deterministic,deterministic,2025-04-01,51,True,True,0,,,0.7,20.0,optimal,1.9373362000042107,1.9373370999965118,0.0,0,0,15462.571691668632,498.33225108842646,15960.903942757059,14781.141246107467,15279.473497195893,119297.3865987431,0.036032087580043504,53.86849416900638,0.0,0.0,0.0,False,False,False
main,deterministic,deterministic,2025-04-01,52,True,True,0,,,0.7,20.0,optimal,1.9373362000042107,1.9373370999965118,0.0,0,0,15462.571691668632,498.33225108842646,15960.903942757059,15793.616034584633,16291.94828567306,140185.96997761246,0.029289160498999767,56.83346054563514,0.0,0.0,0.0,False,False,False
main,deterministic,deterministic,2025-04-01,53,True,True,0,,,0.7,20.0,optimal,1.9373362000042107,1.9373370999965118,0.0,0,0,15462.571691668632,498.33225108842646,15960.903942757059,15933.666144340863,16431.99839542929,142302.94839493636,0.0,45.978469455195,0.0,0.0,0.0,False,False,False
main,deterministic,deterministic,2025-04-01,54,True,True,0,,,0.7,20.0,optimal,1.9373362000042107,1.9373370999965118,0.0,0,0,15462.571691668632,498.33225108842646,15960.903942757059,16006.520655828537,16504.852906916964,142890.3611306928,0.0,52.73325578033805,0.0,0.0,0.0,False,False,False
main,deterministic,deterministic,2025-04-01,55,True,True,0,,,0.7,20.0,optimal,1.9373362000042107,1.9373370999965118,0.0,0,0,15462.571691668632,498.33225108842646,15960.903942757059,15064.596884373004,15562.92913546143,117332.2589224701,0.0,55.37052501400367,0.0,0.0,0.0,False,False,False
main,deterministic,deterministic,2025-04-01,56,True,True,0,,,0.7,20.0,optimal,1.9373362000042107,1.9373370999965118,0.0,0,0,15462.571691668632,498.33225108842646,15960.903942757059,15625.201158838361,16123.533409926787,137044.98108705567,0.0,39.87707768338156,0.0,0.0,0.0,False,False,False
main,deterministic,deterministic,2025-04-01,57,True,True,0,,,0.7,20.0,optimal,1.9373362000042107,1.9373370999965118,0.0,0,0,15462.571691668632,498.33225108842646,15960.903942757059,15487.403486566398,15985.735737654824,130059.16732036431,0.17765258144919865,52.06893361640493,0.0,0.0,0.0,False,False,False
main,deterministic,deterministic,2025-04-01,58,True,True,0,,,0.7,20.0,optimal,1.9373362000042107,1.9373370999965118,0.0,0,0,15462.571691668632,498.33225108842646,15960.903942757059,15939.29957185686,16437.631822945288,136143.33225490316,0.007480828426021935,60.01931365714514,0.0,0.0,0.0,False,False,False
main,deterministic,deterministic,2025-04-01,59,True,True,0,,,0.7,20.0,optimal,1.9373362000042107,1.9373370999965118,0.0,0,0,15462.571691668632,498.33225108842646,15960.903942757059,15524.787732574365,16023.119983662791,136148.48563380816,0.0,55.18096557517565,0.0,0.0,0.0,False,False,False
main,deterministic,deterministic,2025-04-01,60,True,True,0,,,0.7,20.0,optimal,1.9373362000042107,1.9373370999965118,0.0,0,0,15462.571691668632,498.33225108842646,15960.903942757059,16054.085458502443,16552.41770959087,141545.3678291146,0.04717028157784542,53.78958900299978,0.0,0.0,0.0,False,False,False
main,deterministic,deterministic,2025-04-01,61,True,True,0,,,0.7,20.0,optimal,1.9373362000042107,1.9373370999965118,0.0,0,0,15462.571691668632,498.33225108842646,15960.903942757059,15317.847005066204,15816.17925615463,127505.64933413659,0.4205671313040707,46.77910815642531,0.0,0.0,0.0,False,False,False
main,deterministic,deterministic,2025-04-01,62,True,True,0,,,0.7,20.0,optimal,1.9373362000042107,1.9373370999965118,0.0,0,0,15462.571691668632,498.33225108842646,15960.903942757059,15067.401486747278,15565.733737835704,123864.12479922878,0.0,55.67073804863089,0.0,0.0,0.0,False,False,False
main,deterministic,deterministic,2025-04-01,63,True,True,0,,,0.7,20.0,optimal,1.9373362000042107,1.9373370999965118,0.0,0,0,15462.571691668632,498.33225108842646,15960.903942757059,16261.162224457985,16759.494475546413,141825.2164341834,0.0,60.92852081288323,0.0,0.0,0.0,False,False,False
main,deterministic,deterministic,2025-04-01,64,True,True,0,,,0.7,20.0,optimal,1.9373362000042107,1.9373370999965118,0.0,0,0,15462.571691668632,498.33225108842646,15960.903942757059,15422.034920641256,15920.367171729682,133883.78764510996,0.0,47.708506718733595,0.0,0.0,0.0,False,False,False
main,deterministic,deterministic,2025-04-01,65,True,True,0,,,0.7,20.0,optimal,1.9373362000042107,1.9373370999965118,0.0,0,0,15462.571691668632,498.33225108842646,15960.903942757059,16431.429306663475,16929.761557751903,148745.07817318235,0.01982045565820556,59.021875966936285,0.0,0.0,0.0,False,False,False
main,deterministic,deterministic,2025-04-01,66,True,True,0,,,0.7,20.0,optimal,1.9373362000042107,1.9373370999965118,0.0,0,0,15462.571691668632,498.33225108842646,15960.903942757059,15082.026386787995,15580.358637876421,127969.02345297094,0.0,62.74979278919912,0.0,0.0,0.0,False,False,False
main,deterministic,deterministic,2025-04-01,67,True,True,0,,,0.7,20.0,optimal,1.9373362000042107,1.9373370999965118,0.0,0,0,15462.571691668632,498.33225108842646,15960.903942757059,15636.394335551444,16134.72658663987,135405.23155415003,0.0,54.27218440859796,0.0,0.0,0.0,False,False,False
main,deterministic,deterministic,2025-04-01,68,True,True,0,,,0.7,20.0,optimal,1.9373362000042107,1.9373370999965118,0.0,0,0,15462.571691668632,498.33225108842646,15960.903942757059,15184.22876447712,15682.561015565547,131155.70461460904,0.13294893690379417,52.50588057805749,0.0,0.0,0.0,False,False,False
main,deterministic,deterministic,2025-04-01,69,True,True,0,,,0.7,20.0,optimal,1.9373362000042107,1.9373370999965118,0.0,0,0,15462.571691668632,498.33225108842646,15960.903942757059,15881.67275489,16380.005005978426,142333.23704263696,0.013138726141777246,54.67385356313512,0.0,0.0,0.0,False,False,False
main,deterministic,deterministic,2025-04-01,70,True,True,0,,,0.7,20.0,optimal,1.9373362000042107,1.9373370999965118,0.0,0,0,15462.571691668632,498.33225108842646,15960.903942757059,16025.32701892088,16523.659270009306,143070.49208338337,0.0,60.03439709413441,0.0,0.0,0.0,False,False,False
main,deterministic,deterministic,2025-04-01,71,True,True,0,,,0.7,20.0,optimal,1.9373362000042107,1.9373370999965118,0.0,0,0,15462.571691668632,498.33225108842646,15960.903942757059,16661.160115825183,17159.49236691361,161174.72175004662,0.0,61.24138381181109,0.0,0.0,0.0,False,False,False
main,deterministic,deterministic,2025-04-01,72,True,True,0,,,0.7,20.0,optimal,1.9373362000042107,1.9373370999965118,0.0,0,0,15462.571691668632,498.33225108842646,15960.903942757059,17275.91181708862,17774.24406817705,163672.31665837168,0.054680683266477126,61.54689721648321,0.0,0.0,0.0,False,False,False
main,deterministic,deterministic,2025-04-01,73,True,True,0,,,0.7,20.0,optimal,1.9373362000042107,1.9373370999965118,0.0,0,0,15462.571691668632,498.33225108842646,15960.903942757059,15675.77352451999,16174.105775608416,137683.5591962093,0.13550918201646672,50.26159420631968,0.0,0.0,0.0,False,False,False
main,deterministic,deterministic,2025-04-01,74,True,True,0,,,0.7,20.0,optimal,1.9373362000042107,1.9373370999965118,0.0,0,0,15462.571691668632,498.33225108842646,15960.903942757059,15465.953824217051,15964.286075305477,136830.5400571498,0.04738529802227026,54.43595017894201,0.0,0.0,0.0,False,False,False
main,deterministic,deterministic,2025-04-01,75,True,True,0,,,0.7,20.0,optimal,1.9373362000042107,1.9373370999965118,0.0,0,0,15462.571691668632,498.33225108842646,15960.903942757059,15768.633196432156,16266.965447520583,140119.37960208268,0.07169517269238934,49.98985319697479,0.0,0.0,0.0,False,False,False
main,deterministic,deterministic,2025-04-01,76,True,True,0,,,0.7,20.0,optimal,1.9373362000042107,1.9373370999965118,0.0,0,0,15462.571691668632,498.33225108842646,15960.903942757059,15138.537284645661,15636.869535734088,129872.44152978619,0.08139700764426,53.298072927333685,0.0,0.0,0.0,False,False,False
main,deterministic,deterministic,2025-04-01,77,True,True,0,,,0.7,20.0,optimal,1.9373362000042107,1.9373370999965118,0.0,0,0,15462.571691668632,498.33225108842646,15960.903942757059,15932.065388137906,16430.397639226332,143653.6148479273,0.05117779672456324,49.3458362463337,0.0,0.0,0.0,False,False,False
main,deterministic,deterministic,2025-04-01,78,True,True,0,,,0.7,20.0,optimal,1.9373362000042107,1.9373370999965118,0.0,0,0,15462.571691668632,498.33225108842646,15960.903942757059,15807.181721192004,16305.51397228043,137423.19946623276,0.2873080091277868,53.42364184621628,0.0,0.0,0.0,False,False,False
main,deterministic,deterministic,2025-04-01,79,True,True,0,,,0.7,20.0,optimal,1.9373362000042107,1.9373370999965118,0.0,0,0,15462.571691668632,498.33225108842646,15960.903942757059,15425.644974838382,15923.977225926808,124919.3440735113,0.0,49.77272795476705,0.0,0.0,0.0,False,False,False
main,deterministic,deterministic,2025-04-01,80,True,True,0,,,0.7,20.0,optimal,1.9373362000042107,1.9373370999965118,0.0,0,0,15462.571691668632,498.33225108842646,15960.903942757059,15710.579940907714,16208.91219199614,133166.80398085644,0.04521530332247686,50.62290423078772,0.0,0.0,0.0,False,False,False
main,deterministic,deterministic,2025-04-01,81,True,True,0,,,0.7,20.0,optimal,1.9373362000042107,1.9373370999965118,0.0,0,0,15462.571691668632,498.33225108842646,15960.903942757059,16082.761923337759,16581.094174426187,146610.18320836005,0.0,59.696897674017244,0.0,0.0,0.0,False,False,False
main,deterministic,deterministic,2025-04-01,82,True,True,0,,,0.7,20.0,optimal,1.9373362000042107,1.9373370999965118,0.0,0,0,15462.571691668632,498.33225108842646,15960.903942757059,15889.962628676914,16388.29487976534,143867.29778248107,0.011193694702018142,46.24550045426419,0.0,0.0,0.0,False,False,False
main,deterministic,deterministic,2025-04-01,83,True,True,0,,,0.7,20.0,optimal,1.9373362000042107,1.9373370999965118,0.0,0,0,15462.571691668632,498.33225108842646,15960.903942757059,15585.273478353636,16083.605729442063,129927.7056190774,0.9319338135338409,47.089079518754744,0.0,0.0,0.0,False,False,False
main,deterministic,deterministic,2025-04-01,84,True,True,0,,,0.7,20.0,optimal,1.9373362000042107,1.9373370999965118,0.0,0,0,15462.571691668632,498.33225108842646,15960.903942757059,16566.467694379,17064.79994546743,152010.6261928925,0.24712163356315414,47.200326388471964,0.0,0.0,0.0,False,False,False
main,deterministic,deterministic,2025-04-01,85,True,True,0,,,0.7,20.0,optimal,1.9373362000042107,1.9373370999965118,0.0,0,0,15462.571691668632,498.33225108842646,15960.903942757059,15778.910027015,16277.242278103426,139080.57236843096,0.03540302559749953,66.70543767842523,0.0,0.0,0.0,False,False,False
main,deterministic,deterministic,2025-04-01,86,True,True,0,,,0.7,20.0,optimal,1.9373362000042107,1.9373370999965118,0.0,0,0,15462.571691668632,498.33225108842646,15960.903942757059,15600.215735723852,16098.547986812278,133429.81935254476,0.04938302376761067,44.09177197519938,0.0,0.0,0.0,False,False,False
main,deterministic,deterministic,2025-04-01,87,True,True,0,,,0.7,20.0,optimal,1.9373362000042107,1.9373370999965118,0.0,0,0,15462.571691668632,498.33225108842646,15960.903942757059,16107.458204043622,16605.79045513205,141854.8462408892,0.07486278127954682,52.820628363278985,0.0,0.0,0.0,False,False,False
main,deterministic,deterministic,2025-04-01,88,True,True,0,,,0.7,20.0,optimal,1.9373362000042107,1.9373370999965118,0.0,0,0,15462.571691668632,498.33225108842646,15960.903942757059,15111.768154046618,15610.100405135045,126589.7568489449,0.0,64.18391918622534,0.0,0.0,0.0,False,False,False
main,deterministic,deterministic,2025-04-01,89,True,True,0,,,0.7,20.0,optimal,1.9373362000042107,1.9373370999965118,0.0,0,0,15462.571691668632,498.33225108842646,15960.903942757059,16150.44075262776,16648.773003716185,148816.17435428867,0.0,49.97400670883858,0.0,0.0,0.0,False,False,False
main,deterministic,deterministic,2025-04-01,90,True,True,0,,,0.7,20.0,optimal,1.9373362000042107,1.9373370999965118,0.0,0,0,15462.571691668632,498.33225108842646,15960.903942757059,14980.642049026936,15478.974300115362,117703.4333971933,0.012691573603094364,58.52911502362841,0.0,0.0,0.0,False,False,False
main,deterministic,deterministic,2025-04-01,91,True,True,0,,,0.7,20.0,optimal,1.9373362000042107,1.9373370999965118,0.0,0,0,15462.571691668632,498.33225108842646,15960.903942757059,15225.165779006084,15723.49803009451,122624.84408878516,0.008839217667731825,54.53551468652442,0.0,0.0,0.0,False,False,False
main,deterministic,deterministic,2025-04-01,92,True,True,0,,,0.7,20.0,optimal,1.9373362000042107,1.9373370999965118,0.0,0,0,15462.571691668632,498.33225108842646,15960.903942757059,16452.097537485788,16950.429788574216,147463.09199144895,0.028125537137014114,46.699334002904735,0.0,0.0,0.0,False,False,False
main,deterministic,deterministic,2025-04-01,93,True,True,0,,,0.7,20.0,optimal,1.9373362000042107,1.9373370999965118,0.0,0,0,15462.571691668632,498.33225108842646,15960.903942757059,15397.302517306727,15895.634768395154,127543.22405639444,0.0,54.69331824438829,0.0,0.0,0.0,False,False,False
main,deterministic,deterministic,2025-04-01,94,True,True,0,,,0.7,20.0,optimal,1.9373362000042107,1.9373370999965118,0.0,0,0,15462.571691668632,498.33225108842646,15960.903942757059,15495.036628416594,15993.36887950502,132653.33857853455,0.047704015895664975,48.49418002244329,0.0,0.0,0.0,False,False,False
main,deterministic,deterministic,2025-04-01,95,True,True,0,,,0.7,20.0,optimal,1.9373362000042107,1.9373370999965118,0.0,0,0,15462.571691668632,498.33225108842646,15960.903942757059,15156.271274037948,15654.603525126375,137759.99802431423,0.06589944519201824,54.656271446102444,0.0,0.0,0.0,False,False,False
main,deterministic,deterministic,2025-04-01,96,True,True,0,,,0.7,20.0,optimal,1.9373362000042107,1.9373370999965118,0.0,0,0,15462.571691668632,498.33225108842646,15960.903942757059,16019.23929639252,16517.571547480948,140581.15602007756,0.016010119457936844,51.24314379313532,0.0,0.0,0.0,False,False,False
main,deterministic,deterministic,2025-04-01,97,True,True,0,,,0.7,20.0,optimal,1.9373362000042107,1.9373370999965118,0.0,0,0,15462.571691668632,498.33225108842646,15960.903942757059,16327.932257851215,16826.264508939643,153785.88356625693,0.0,52.70431687124111,0.0,0.0,0.0,False,False,False
main,deterministic,deterministic,2025-04-01,98,True,True,0,,,0.7,20.0,optimal,1.9373362000042107,1.9373370999965118,0.0,0,0,15462.571691668632,498.33225108842646,15960.903942757059,15548.655440874414,16046.98769196284,135684.41252087033,0.11118347172521703,43.274333635332994,0.0,0.0,0.0,False,False,False
main,deterministic,deterministic,2025-04-01,99,True,True,0,,,0.7,20.0,optimal,1.9373362000042107,1.9373370999965118,0.0,0,0,15462.571691668632,498.33225108842646,15960.903942757059,15813.693333757876,16312.025584846302,132899.03776010821,0.0,55.00000696840186,0.0,0.0,0.0,False,False,False
main,deterministic,deterministic,2025-07-01,0,True,True,0,,,0.7,20.0,optimal,1.7527270999999018,1.7527275000029476,0.0,0,0,15865.460962360758,295.2709491819242,16160.731911542682,16143.906070614488,16439.177019796414,172046.2851235089,0.5317465742452938,57.99794845699838,0.0,0.0,0.0,False,False,False
main,deterministic,deterministic,2025-07-01,1,True,True,0,,,0.7,20.0,optimal,1.7527270999999018,1.7527275000029476,0.0,0,0,15865.460962360758,295.2709491819242,16160.731911542682,15504.725274560984,15799.996223742908,150777.23801420812,0.434464896026471,65.84962766698827,0.0,0.0,0.0,False,False,False
main,deterministic,deterministic,2025-07-01,2,True,True,0,,,0.7,20.0,optimal,1.7527270999999018,1.7527275000029476,0.0,0,0,15865.460962360758,295.2709491819242,16160.731911542682,15356.469297251035,15651.740246432959,154358.72845384732,0.6001903236019532,50.83874271869216,0.0,0.0,0.0,False,False,False
main,deterministic,deterministic,2025-07-01,3,True,True,0,,,0.7,20.0,optimal,1.7527270999999018,1.7527275000029476,0.0,0,0,15865.460962360758,295.2709491819242,16160.731911542682,16273.83971633542,16569.110665517346,168841.08887473188,0.0,63.80713664680419,0.0,0.0,0.0,False,False,False
main,deterministic,deterministic,2025-07-01,4,True,True,0,,,0.7,20.0,optimal,1.7527270999999018,1.7527275000029476,0.0,0,0,15865.460962360758,295.2709491819242,16160.731911542682,15758.569673125392,16053.840622307316,165500.6633640911,0.960741197802174,51.976321333170446,0.0,0.0,0.0,False,False,False
main,deterministic,deterministic,2025-07-01,5,True,True,0,,,0.7,20.0,optimal,1.7527270999999018,1.7527275000029476,0.0,0,0,15865.460962360758,295.2709491819242,16160.731911542682,14982.187639351638,15277.458588533562,143692.52466223107,0.01162962524970168,58.730750798381905,0.0,0.0,0.0,False,False,False
main,deterministic,deterministic,2025-07-01,6,True,True,0,,,0.7,20.0,optimal,1.7527270999999018,1.7527275000029476,0.0,0,0,15865.460962360758,295.2709491819242,16160.731911542682,15659.363232389853,15954.634181571777,158035.45264501704,0.07197695163937451,52.48561376256144,0.0,0.0,0.0,False,False,False
main,deterministic,deterministic,2025-07-01,7,True,True,0,,,0.7,20.0,optimal,1.7527270999999018,1.7527275000029476,0.0,0,0,15865.460962360758,295.2709491819242,16160.731911542682,15758.418254066491,16053.689203248416,169571.88048283162,0.8288190422147268,52.89962217096014,0.0,0.0,0.0,False,False,False
main,deterministic,deterministic,2025-07-01,8,True,True,0,,,0.7,20.0,optimal,1.7527270999999018,1.7527275000029476,0.0,0,0,15865.460962360758,295.2709491819242,16160.731911542682,15726.707333797558,16021.978282979482,161087.37309538247,0.06932613198345472,59.86485677522283,0.0,0.0,0.0,False,False,False
main,deterministic,deterministic,2025-07-01,9,True,True,0,,,0.7,20.0,optimal,1.7527270999999018,1.7527275000029476,0.0,0,0,15865.460962360758,295.2709491819242,16160.731911542682,15483.184551674203,15778.455500856127,156354.65140164102,0.2750914362189416,65.86431975721972,0.0,0.0,0.0,False,False,False
main,deterministic,deterministic,2025-07-01,10,True,True,0,,,0.7,20.0,optimal,1.7527270999999018,1.7527275000029476,0.0,0,0,15865.460962360758,295.2709491819242,16160.731911542682,15904.844631815015,16200.115580996939,163821.29970821636,0.0,61.16895254159365,0.0,0.0,0.0,False,False,False
main,deterministic,deterministic,2025-07-01,11,True,True,0,,,0.7,20.0,optimal,1.7527270999999018,1.7527275000029476,0.0,0,0,15865.460962360758,295.2709491819242,16160.731911542682,15755.769078987863,16051.040028169788,160623.08264639715,0.15144095678862396,55.372292715931565,0.0,0.0,0.0,False,False,False
main,deterministic,deterministic,2025-07-01,12,True,True,0,,,0.7,20.0,optimal,1.7527270999999018,1.7527275000029476,0.0,0,0,15865.460962360758,295.2709491819242,16160.731911542682,15806.37258349579,16101.643532677714,162183.25285023655,0.10006531764459434,52.141425246901036,0.0,0.0,0.0,False,False,False
main,deterministic,deterministic,2025-07-01,13,True,True,0,,,0.7,20.0,optimal,1.7527270999999018,1.7527275000029476,0.0,0,0,15865.460962360758,295.2709491819242,16160.731911542682,15676.207382391793,15971.478331573717,156997.07189386612,0.22400647023187778,56.68228966521037,0.0,0.0,0.0,False,False,False
main,deterministic,deterministic,2025-07-01,14,True,True,0,,,0.7,20.0,optimal,1.7527270999999018,1.7527275000029476,0.0,0,0,15865.460962360758,295.2709491819242,16160.731911542682,16407.60445808547,16702.875407267395,176482.68887680286,0.1811754021149916,57.50380653126424,0.0,0.0,0.0,False,False,False
main,deterministic,deterministic,2025-07-01,15,True,True,0,,,0.7,20.0,optimal,1.7527270999999018,1.7527275000029476,0.0,0,0,15865.460962360758,295.2709491819242,16160.731911542682,16367.76291340826,16663.033862590186,178283.20926181172,0.6914900363870289,55.48851104596918,0.0,0.0,0.0,False,False,False
main,deterministic,deterministic,2025-07-01,16,True,True,0,,,0.7,20.0,optimal,1.7527270999999018,1.7527275000029476,0.0,0,0,15865.460962360758,295.2709491819242,16160.731911542682,17235.881191161072,17531.152140342998,189476.3085969376,0.2781697284323095,55.76710296853637,0.0,0.0,0.0,False,False,False
main,deterministic,deterministic,2025-07-01,17,True,True,0,,,0.7,20.0,optimal,1.7527270999999018,1.7527275000029476,0.0,0,0,15865.460962360758,295.2709491819242,16160.731911542682,17006.79874814665,17302.069697328578,184730.52664822666,0.1787921965988426,68.38762043534894,0.0,0.0,0.0,False,False,False
main,deterministic,deterministic,2025-07-01,18,True,True,0,,,0.7,20.0,optimal,1.7527270999999018,1.7527275000029476,0.0,0,0,15865.460962360758,295.2709491819242,16160.731911542682,16594.962344930256,16890.233294112182,162819.06779836543,0.5454063423250348,59.80941766819877,0.0,0.0,0.0,False,False,False
main,deterministic,deterministic,2025-07-01,19,True,True,0,,,0.7,20.0,optimal,1.7527270999999018,1.7527275000029476,0.0,0,0,15865.460962360758,295.2709491819242,16160.731911542682,15531.29077475258,15826.561723934505,159964.8718621405,0.14594369573338256,58.556866333495215,0.0,0.0,0.0,False,False,False
main,deterministic,deterministic,2025-07-01,20,True,True,0,,,0.7,20.0,optimal,1.7527270999999018,1.7527275000029476,0.0,0,0,15865.460962360758,295.2709491819242,16160.731911542682,16267.952074465247,16563.223023647173,173063.94301316584,0.5026919975220656,52.92897510014305,0.0,0.0,0.0,False,False,False
main,deterministic,deterministic,2025-07-01,21,True,True,0,,,0.7,20.0,optimal,1.7527270999999018,1.7527275000029476,0.0,0,0,15865.460962360758,295.2709491819242,16160.731911542682,17618.552357591914,17913.82330677384,193519.1970864197,0.017564363899425173,51.13831850604649,0.0,0.0,0.0,False,False,False
main,deterministic,deterministic,2025-07-01,22,True,True,0,,,0.7,20.0,optimal,1.7527270999999018,1.7527275000029476,0.0,0,0,15865.460962360758,295.2709491819242,16160.731911542682,16368.372495459997,16663.643444641923,174943.4619401638,0.10522797310843263,58.053046736174856,0.0,0.0,0.0,False,False,False
main,deterministic,deterministic,2025-07-01,23,True,True,0,,,0.7,20.0,optimal,1.7527270999999018,1.7527275000029476,0.0,0,0,15865.460962360758,295.2709491819242,16160.731911542682,16286.971645959196,16582.24259514112,182033.68583342593,0.0,107.54940829865284,0.0,0.0,0.8850299536897366,False,False,True
main,deterministic,deterministic,2025-07-01,24,True,True,0,,,0.7,20.0,optimal,1.7527270999999018,1.7527275000029476,0.0,0,0,15865.460962360758,295.2709491819242,16160.731911542682,15885.235373190679,16180.506322372603,166824.8875068916,0.6217657606758134,63.22267426109951,0.0,0.0,0.0,False,False,False
main,deterministic,deterministic,2025-07-01,25,True,True,0,,,0.7,20.0,optimal,1.7527270999999018,1.7527275000029476,0.0,0,0,15865.460962360758,295.2709491819242,16160.731911542682,16149.987784586112,16445.258733768038,169759.620573984,0.0,52.96218137875614,0.0,0.0,0.0,False,False,False
main,deterministic,deterministic,2025-07-01,26,True,True,0,,,0.7,20.0,optimal,1.7527270999999018,1.7527275000029476,0.0,0,0,15865.460962360758,295.2709491819242,16160.731911542682,16207.502678782212,16502.773627964136,170687.7921605891,0.0,65.11253788104868,0.0,0.0,0.0,False,False,False
main,deterministic,deterministic,2025-07-01,27,True,True,0,,,0.7,20.0,optimal,1.7527270999999018,1.7527275000029476,0.0,0,0,15865.460962360758,295.2709491819242,16160.731911542682,16195.06270057822,16490.333649760145,165588.18873429846,0.2243292644541986,62.16989998133566,0.0,0.0,0.0,False,False,False
main,deterministic,deterministic,2025-07-01,28,True,True,0,,,0.7,20.0,optimal,1.7527270999999018,1.7527275000029476,0.0,0,0,15865.460962360758,295.2709491819242,16160.731911542682,16202.890860547865,16498.16180972979,161632.08693557285,0.0,51.837868628876805,0.0,0.0,0.0,False,False,False
main,deterministic,deterministic,2025-07-01,29,True,True,0,,,0.7,20.0,optimal,1.7527270999999018,1.7527275000029476,0.0,0,0,15865.460962360758,295.2709491819242,16160.731911542682,16140.79646222628,16436.067411408207,175563.23665262348,0.170853455996398,50.24516336547005,0.0,0.0,0.0,False,False,False
main,deterministic,deterministic,2025-07-01,30,True,True,0,,,0.7,20.0,optimal,1.7527270999999018,1.7527275000029476,0.0,0,0,15865.460962360758,295.2709491819242,16160.731911542682,16279.76553399545,16575.036483177377,171490.83062113286,0.052782324082713744,53.150450556423394,0.0,0.0,0.0,False,False,False
main,deterministic,deterministic,2025-07-01,31,True,True,0,,,0.7,20.0,optimal,1.7527270999999018,1.7527275000029476,0.0,0,0,15865.460962360758,295.2709491819242,16160.731911542682,15743.613972841642,16038.884922023566,162005.32339109655,0.22373993758163996,61.02857935274452,0.0,0.0,0.0,False,False,False
main,deterministic,deterministic,2025-07-01,32,True,True,0,,,0.7,20.0,optimal,1.7527270999999018,1.7527275000029476,0.0,0,0,15865.460962360758,295.2709491819242,16160.731911542682,15613.412682271224,15908.683631453148,166379.30148283407,1.122217561593459,62.584889425531436,0.0,0.0,0.0,False,False,False
main,deterministic,deterministic,2025-07-01,33,True,True,0,,,0.7,20.0,optimal,1.7527270999999018,1.7527275000029476,0.0,0,0,15865.460962360758,295.2709491819242,16160.731911542682,16370.760640310295,16666.03158949222,168593.45882983808,0.6467638356391296,67.72688863182849,0.0,0.0,0.0,False,False,False
main,deterministic,deterministic,2025-07-01,34,True,True,0,,,0.7,20.0,optimal,1.7527270999999018,1.7527275000029476,0.0,0,0,15865.460962360758,295.2709491819242,16160.731911542682,15822.363496587337,16117.634445769261,157921.47880210276,0.0,60.93481449093823,0.0,0.0,0.0,False,False,False
main,deterministic,deterministic,2025-07-01,35,True,True,0,,,0.7,20.0,optimal,1.7527270999999018,1.7527275000029476,0.0,0,0,15865.460962360758,295.2709491819242,16160.731911542682,15289.778874889294,15585.049824071219,147776.4908524764,0.9875215111453557,62.167039631616476,0.0,0.0,0.0,False,False,False
main,deterministic,deterministic,2025-07-01,36,True,True,0,,,0.7,20.0,optimal,1.7527270999999018,1.7527275000029476,0.0,0,0,15865.460962360758,295.2709491819242,16160.731911542682,15674.24116121922,15969.512110401145,159945.32257408067,0.10122886776049056,65.57789249141858,0.0,0.0,0.0,False,False,False
main,deterministic,deterministic,2025-07-01,37,True,True,0,,,0.7,20.0,optimal,1.7527270999999018,1.7527275000029476,0.0,0,0,15865.460962360758,295.2709491819242,16160.731911542682,15559.40705099079,15854.678000172715,161035.61181810717,0.41301891795743834,47.553881468520316,0.0,0.0,0.0,False,False,False
main,deterministic,deterministic,2025-07-01,38,True,True,0,,,0.7,20.0,optimal,1.7527270999999018,1.7527275000029476,0.0,0,0,15865.460962360758,295.2709491819242,16160.731911542682,15677.312673194236,15972.58362237616,156670.2596233311,0.05845352134699311,54.155577008861655,0.0,0.0,0.0,False,False,False
main,deterministic,deterministic,2025-07-01,39,True,True,0,,,0.7,20.0,optimal,1.7527270999999018,1.7527275000029476,0.0,0,0,15865.460962360758,295.2709491819242,16160.731911542682,16277.571742549846,16572.84269173177,168871.64075670924,0.1405769038848077,46.709378333168154,0.0,0.0,0.0,False,False,False
main,deterministic,deterministic,2025-07-01,40,True,True,0,,,0.7,20.0,optimal,1.7527270999999018,1.7527275000029476,0.0,0,0,15865.460962360758,295.2709491819242,16160.731911542682,17469.818394651167,17765.089343833093,200161.49654227422,0.6864832954079734,51.772146104997475,0.0,0.038099801838964886,0.0,False,True,False
main,deterministic,deterministic,2025-07-01,41,True,True,0,,,0.7,20.0,optimal,1.7527270999999018,1.7527275000029476,0.0,0,0,15865.460962360758,295.2709491819242,16160.731911542682,16302.271477450497,16597.542426632423,175315.251924557,0.1312236964670071,42.60936329205889,0.0,0.0,0.0,False,False,False
main,deterministic,deterministic,2025-07-01,42,True,True,0,,,0.7,20.0,optimal,1.7527270999999018,1.7527275000029476,0.0,0,0,15865.460962360758,295.2709491819242,16160.731911542682,16323.211197766392,16618.482146948318,174019.97217246488,0.931444347286637,62.735173161043235,0.0,0.027201788585465403,0.0,False,True,False
main,deterministic,deterministic,2025-07-01,43,True,True,0,,,0.7,20.0,optimal,1.7527270999999018,1.7527275000029476,0.0,0,0,15865.460962360758,295.2709491819242,16160.731911542682,16366.890075839203,16662.161025021127,171480.91851886373,0.007096804210224739,55.877089531713224,0.0,0.0,0.0,False,False,False
main,deterministic,deterministic,2025-07-01,44,True,True,0,,,0.7,20.0,optimal,1.7527270999999018,1.7527275000029476,0.0,0,0,15865.460962360758,295.2709491819242,16160.731911542682,15583.184900960949,15878.455850142873,157623.6863863087,0.3048752035881684,56.53228398811306,0.0,0.0,0.0,False,False,False
main,deterministic,deterministic,2025-07-01,45,True,True,0,,,0.7,20.0,optimal,1.7527270999999018,1.7527275000029476,0.0,0,0,15865.460962360758,295.2709491819242,16160.731911542682,16252.56037342928,16547.831322611204,165765.76496029453,0.051713343354181845,64.71950153137284,0.0,0.0,0.0,False,False,False
main,deterministic,deterministic,2025-07-01,46,True,True,0,,,0.7,20.0,optimal,1.7527270999999018,1.7527275000029476,0.0,0,0,15865.460962360758,295.2709491819242,16160.731911542682,16097.604812514293,16392.875761696218,171148.1733592632,0.5013856607294073,56.94413939451517,0.0,0.005811293790691563,0.0,False,True,False
main,deterministic,deterministic,2025-07-01,47,True,True,0,,,0.7,20.0,optimal,1.7527270999999018,1.7527275000029476,0.0,0,0,15865.460962360758,295.2709491819242,16160.731911542682,16664.080547477264,16959.35149665919,175612.0088376809,1.3376450591241738,59.07818118584654,0.0,0.0,0.0,False,False,False
main,deterministic,deterministic,2025-07-01,48,True,True,0,,,0.7,20.0,optimal,1.7527270999999018,1.7527275000029476,0.0,0,0,15865.460962360758,295.2709491819242,16160.731911542682,15638.356658839391,15933.627608021316,159160.40176027003,0.0,56.13047986378112,0.0,0.0,0.0,False,False,False
main,deterministic,deterministic,2025-07-01,49,True,True,0,,,0.7,20.0,optimal,1.7527270999999018,1.7527275000029476,0.0,0,0,15865.460962360758,295.2709491819242,16160.731911542682,15892.131518047057,16187.402467228982,168407.09930751336,0.0356351084452505,66.47653526450507,0.0,0.0,0.0,False,False,False
main,deterministic,deterministic,2025-07-01,50,True,True,0,,,0.7,20.0,optimal,1.7527270999999018,1.7527275000029476,0.0,0,0,15865.460962360758,295.2709491819242,16160.731911542682,15626.028123924892,15921.299073106817,157411.23247993883,0.10940458594643807,64.56898629808093,0.0,0.0,0.0,False,False,False
main,deterministic,deterministic,2025-07-01,51,True,True,0,,,0.7,20.0,optimal,1.7527270999999018,1.7527275000029476,0.0,0,0,15865.460962360758,295.2709491819242,16160.731911542682,15020.400547582587,15315.671496764511,150603.95438849684,0.39155798094694544,59.402264997972885,0.0,0.0,0.0,False,False,False
main,deterministic,deterministic,2025-07-01,52,True,True,0,,,0.7,20.0,optimal,1.7527270999999018,1.7527275000029476,0.0,0,0,15865.460962360758,295.2709491819242,16160.731911542682,16327.30178247789,16622.572731659817,173937.32191741213,2.0741282538776495,60.72003536607075,0.0,0.0,0.0,False,False,False
main,deterministic,deterministic,2025-07-01,53,True,True,0,,,0.7,20.0,optimal,1.7527270999999018,1.7527275000029476,0.0,0,0,15865.460962360758,295.2709491819242,16160.731911542682,16395.344707884462,16690.615657066388,175499.00849208384,0.06390203568054731,49.060982350821014,0.0,0.040544881681479294,0.0,False,True,False
main,deterministic,deterministic,2025-07-01,54,True,True,0,,,0.7,20.0,optimal,1.7527270999999018,1.7527275000029476,0.0,0,0,15865.460962360758,295.2709491819242,16160.731911542682,16392.947708948446,16688.218658130372,176710.37910732956,0.4693731542881465,57.07195057596319,0.0,0.0,0.0,False,False,False
main,deterministic,deterministic,2025-07-01,55,True,True,0,,,0.7,20.0,optimal,1.7527270999999018,1.7527275000029476,0.0,0,0,15865.460962360758,295.2709491819242,16160.731911542682,15432.891709250396,15728.16265843232,150941.4543199238,0.27265217783429535,60.69351325077786,0.0,0.0,0.0,False,False,False
main,deterministic,deterministic,2025-07-01,56,True,True,0,,,0.7,20.0,optimal,1.7527270999999018,1.7527275000029476,0.0,0,0,15865.460962360758,295.2709491819242,16160.731911542682,16263.776789283482,16559.047738465408,170759.98105389316,0.24613833884686637,48.855345637198596,0.0,0.0,0.0,False,False,False
main,deterministic,deterministic,2025-07-01,57,True,True,0,,,0.7,20.0,optimal,1.7527270999999018,1.7527275000029476,0.0,0,0,15865.460962360758,295.2709491819242,16160.731911542682,15818.368309978885,16113.63925916081,163409.20272744045,0.5797126017637244,54.870203764678436,0.0,0.0,0.0,False,False,False
main,deterministic,deterministic,2025-07-01,58,True,True,0,,,0.7,20.0,optimal,1.7527270999999018,1.7527275000029476,0.0,0,0,15865.460962360758,295.2709491819242,16160.731911542682,16025.497572074548,16320.768521256472,171349.28102918653,0.1520353178679164,62.83480790047318,0.0,0.0,0.0,False,False,False
main,deterministic,deterministic,2025-07-01,59,True,True,0,,,0.7,20.0,optimal,1.7527270999999018,1.7527275000029476,0.0,0,0,15865.460962360758,295.2709491819242,16160.731911542682,15907.906879847144,16203.177829029068,170424.2621213565,0.4893590045608965,62.726443475069914,0.0,0.0,0.0,False,False,False
main,deterministic,deterministic,2025-07-01,60,True,True,0,,,0.7,20.0,optimal,1.7527270999999018,1.7527275000029476,0.0,0,0,15865.460962360758,295.2709491819242,16160.731911542682,16336.860573495615,16632.13152267754,176799.42942036744,0.11924140411867956,57.115203651553024,0.0,0.0,0.0,False,False,False
main,deterministic,deterministic,2025-07-01,61,True,True,0,,,0.7,20.0,optimal,1.7527270999999018,1.7527275000029476,0.0,0,0,15865.460962360758,295.2709491819242,16160.731911542682,15787.936321572166,16083.20727075409,159384.60837595793,0.019614310748377856,47.80181935806966,0.0,0.0,0.0,False,False,False
main,deterministic,deterministic,2025-07-01,62,True,True,0,,,0.7,20.0,optimal,1.7527270999999018,1.7527275000029476,0.0,0,0,15865.460962360758,295.2709491819242,16160.731911542682,15898.857561612453,16194.128510794377,156677.22003149765,0.022601855730340015,60.79427617330008,0.0,0.0,0.0,False,False,False
main,deterministic,deterministic,2025-07-01,63,True,True,0,,,0.7,20.0,optimal,1.7527270999999018,1.7527275000029476,0.0,0,0,15865.460962360758,295.2709491819242,16160.731911542682,16694.901040569115,16990.17198975104,175475.44975667502,0.07079757263871711,68.09648772751399,0.0,0.0,0.0,False,False,False
main,deterministic,deterministic,2025-07-01,64,True,True,0,,,0.7,20.0,optimal,1.7527270999999018,1.7527275000029476,0.0,0,0,15865.460962360758,295.2709491819242,16160.731911542682,15797.042602343467,16092.31355152539,166600.29517338352,0.5798687705183692,51.41653168797664,0.0,0.0,0.0,False,False,False
main,deterministic,deterministic,2025-07-01,65,True,True,0,,,0.7,20.0,optimal,1.7527270999999018,1.7527275000029476,0.0,0,0,15865.460962360758,295.2709491819242,16160.731911542682,16870.63985343777,17165.910802619695,182873.4473416373,0.20991819906861436,56.36531522386887,0.0,0.0,0.0,False,False,False
main,deterministic,deterministic,2025-07-01,66,True,True,0,,,0.7,20.0,optimal,1.7527270999999018,1.7527275000029476,0.0,0,0,15865.460962360758,295.2709491819242,16160.731911542682,15514.084018267498,15809.354967449422,161097.23457534256,0.5075524534269626,68.42133932031165,0.0,0.0,0.0,False,False,False
main,deterministic,deterministic,2025-07-01,67,True,True,0,,,0.7,20.0,optimal,1.7527270999999018,1.7527275000029476,0.0,0,0,15865.460962360758,295.2709491819242,16160.731911542682,16303.638059903085,16598.90900908501,169140.32106680528,0.025442860166722814,55.30267303083329,0.0,0.0,0.0,False,False,False
main,deterministic,deterministic,2025-07-01,68,True,True,0,,,0.7,20.0,optimal,1.7527270999999018,1.7527275000029476,0.0,0,0,15865.460962360758,295.2709491819242,16160.731911542682,15934.398558478204,16229.669507660128,164978.0678119556,0.23375659592841697,59.759525175387175,0.0,0.0,0.0,False,False,False
main,deterministic,deterministic,2025-07-01,69,True,True,0,,,0.7,20.0,optimal,1.7527270999999018,1.7527275000029476,0.0,0,0,15865.460962360758,295.2709491819242,16160.731911542682,16480.431956266442,16775.70290544837,177402.34829977484,0.8977996198703571,58.91999487278317,0.0,0.0,0.0,False,False,False
main,deterministic,deterministic,2025-07-01,70,True,True,0,,,0.7,20.0,optimal,1.7527270999999018,1.7527275000029476,0.0,0,0,15865.460962360758,295.2709491819242,16160.731911542682,16428.385067476847,16723.656016658773,177185.0403053805,0.5676040596123362,62.20095015809464,0.0,0.0,0.0,False,False,False
main,deterministic,deterministic,2025-07-01,71,True,True,0,,,0.7,20.0,optimal,1.7527270999999018,1.7527275000029476,0.0,0,0,15865.460962360758,295.2709491819242,16160.731911542682,17402.424230066255,17697.69517924818,197824.79352247083,0.4942646109569351,68.65119331239565,0.0,0.0,0.0,False,False,False
main,deterministic,deterministic,2025-07-01,72,True,True,0,,,0.7,20.0,optimal,1.7527270999999018,1.7527275000029476,0.0,0,0,15865.460962360758,295.2709491819242,16160.731911542682,17701.75935973974,17997.030308921665,200396.26926614536,0.009092122525310664,66.08631998936016,0.0,0.0,0.0,False,False,False
main,deterministic,deterministic,2025-07-01,73,True,True,0,,,0.7,20.0,optimal,1.7527270999999018,1.7527275000029476,0.0,0,0,15865.460962360758,295.2709491819242,16160.731911542682,16264.062345429855,16559.33329461178,172139.58543808814,0.10882931169736554,60.4125906259887,0.0,0.0,0.0,False,False,False
main,deterministic,deterministic,2025-07-01,74,True,True,0,,,0.7,20.0,optimal,1.7527270999999018,1.7527275000029476,0.0,0,0,15865.460962360758,295.2709491819242,16160.731911542682,16151.177471766203,16446.448420948127,170463.66550782265,0.8242166943958148,61.10277130578212,0.0,0.0,0.0,False,False,False
main,deterministic,deterministic,2025-07-01,75,True,True,0,,,0.7,20.0,optimal,1.7527270999999018,1.7527275000029476,0.0,0,0,15865.460962360758,295.2709491819242,16160.731911542682,16382.095989677819,16677.366938859745,173934.38668059904,0.4827688560843275,56.18926211968473,0.0,0.0,0.0,False,False,False
main,deterministic,deterministic,2025-07-01,76,True,True,0,,,0.7,20.0,optimal,1.7527270999999018,1.7527275000029476,0.0,0,0,15865.460962360758,295.2709491819242,16160.731911542682,15619.273375676687,15914.54432485861,162861.489675587,1.1003761992861618,57.39317284743845,0.0,0.0,0.0,False,False,False
main,deterministic,deterministic,2025-07-01,77,True,True,0,,,0.7,20.0,optimal,1.7527270999999018,1.7527275000029476,0.0,0,0,15865.460962360758,295.2709491819242,16160.731911542682,16513.7151732458,16808.986122427727,178015.84617506777,0.7693745767083743,57.190768869133684,0.0,0.03829876671347776,0.0,False,True,False
main,deterministic,deterministic,2025-07-01,78,True,True,0,,,0.7,20.0,optimal,1.7527270999999018,1.7527275000029476,0.0,0,0,15865.460962360758,295.2709491819242,16160.731911542682,16156.695315970943,16451.966265152867,171250.61907443724,0.10311059092467212,59.934011874084106,0.0,0.0,0.0,False,False,False
main,deterministic,deterministic,2025-07-01,79,True,True,0,,,0.7,20.0,optimal,1.7527270999999018,1.7527275000029476,0.0,0,0,15865.460962360758,295.2709491819242,16160.731911542682,15746.64554532703,16041.916494508954,158021.5510302751,0.0,55.164022096736986,0.0,0.0,0.0,False,False,False
main,deterministic,deterministic,2025-07-01,80,True,True,0,,,0.7,20.0,optimal,1.7527270999999018,1.7527275000029476,0.0,0,0,15865.460962360758,295.2709491819242,16160.731911542682,16216.346266859202,16511.617216041126,167404.95545342652,0.5748328168849277,57.77355125085594,0.0,0.0,0.0,False,False,False
main,deterministic,deterministic,2025-07-01,81,True,True,0,,,0.7,20.0,optimal,1.7527270999999018,1.7527275000029476,0.0,0,0,15865.460962360758,295.2709491819242,16160.731911542682,16567.613209444906,16862.88415862683,182703.22159573165,0.6115375491808093,66.33269043360369,0.0,0.0,0.0,False,False,False
main,deterministic,deterministic,2025-07-01,82,True,True,0,,,0.7,20.0,optimal,1.7527270999999018,1.7527275000029476,0.0,0,0,15865.460962360758,295.2709491819242,16160.731911542682,16548.425262280398,16843.696211462324,178887.38363858312,0.0,44.169199714891334,0.0,0.0,0.0,False,False,False
main,deterministic,deterministic,2025-07-01,83,True,True,0,,,0.7,20.0,optimal,1.7527270999999018,1.7527275000029476,0.0,0,0,15865.460962360758,295.2709491819242,16160.731911542682,16347.630607310652,16642.901556492576,163063.12028480857,0.3886049330103414,57.92739851791915,0.0,0.0,0.0,False,False,False
main,deterministic,deterministic,2025-07-01,84,True,True,0,,,0.7,20.0,optimal,1.7527270999999018,1.7527275000029476,0.0,0,0,15865.460962360758,295.2709491819242,16160.731911542682,16804.642466947542,17099.913416129468,187773.64290914478,0.05797339642990293,53.69534598155871,0.0,0.04569994004772249,0.0,False,True,False
main,deterministic,deterministic,2025-07-01,85,True,True,0,,,0.7,20.0,optimal,1.7527270999999018,1.7527275000029476,0.0,0,0,15865.460962360758,295.2709491819242,16160.731911542682,16214.9505111571,16510.221460339024,172781.129663857,0.0,70.06945401696618,0.0,0.0,0.0,False,False,False
main,deterministic,deterministic,2025-07-01,86,True,True,0,,,0.7,20.0,optimal,1.7527270999999018,1.7527275000029476,0.0,0,0,15865.460962360758,295.2709491819242,16160.731911542682,16282.270956093744,16577.54190527567,166659.9859461053,0.646469296133509,49.74878549812419,0.0,0.0,0.0,False,False,False
main,deterministic,deterministic,2025-07-01,87,True,True,0,,,0.7,20.0,optimal,1.7527270999999018,1.7527275000029476,0.0,0,0,15865.460962360758,295.2709491819242,16160.731911542682,16692.252371550396,16987.52332073232,176960.18899334897,0.190081785777925,57.80068045339115,0.0,0.0,0.0,False,False,False
main,deterministic,deterministic,2025-07-01,88,True,True,0,,,0.7,20.0,optimal,1.7527270999999018,1.7527275000029476,0.0,0,0,15865.460962360758,295.2709491819242,16160.731911542682,15630.90377685323,15926.174726035155,159373.91584390198,0.6086772619893587,68.11563675329373,0.0,0.004447747428693916,0.0,False,True,False
main,deterministic,deterministic,2025-07-01,89,True,True,0,,,0.7,20.0,optimal,1.7527270999999018,1.7527275000029476,0.0,0,0,15865.460962360758,295.2709491819242,16160.731911542682,16817.87952172659,17113.150470908517,183830.02997316778,0.0,55.788908492020646,0.0,0.0,0.0,False,False,False
main,deterministic,deterministic,2025-07-01,90,True,True,0,,,0.7,20.0,optimal,1.7527270999999018,1.7527275000029476,0.0,0,0,15865.460962360758,295.2709491819242,16160.731911542682,15272.395169050069,15567.666118231993,149477.99079136306,0.7922092152770056,59.20813738542062,0.0,0.0,0.0,False,False,False
main,deterministic,deterministic,2025-07-01,91,True,True,0,,,0.7,20.0,optimal,1.7527270999999018,1.7527275000029476,0.0,0,0,15865.460962360758,295.2709491819242,16160.731911542682,15291.542603293748,15586.813552475673,154838.09069565925,0.0,58.62855881198454,0.0,0.0,0.0,False,False,False
main,deterministic,deterministic,2025-07-01,92,True,True,0,,,0.7,20.0,optimal,1.7527270999999018,1.7527275000029476,0.0,0,0,15865.460962360758,295.2709491819242,16160.731911542682,16705.23561220814,17000.506561390066,182463.37993164305,0.09794355515443234,47.765550574211666,0.0,0.0,0.0,False,False,False
main,deterministic,deterministic,2025-07-01,93,True,True,0,,,0.7,20.0,optimal,1.7527270999999018,1.7527275000029476,0.0,0,0,15865.460962360758,295.2709491819242,16160.731911542682,15976.693715830363,16271.964665012287,161071.58420898722,0.1997494808670321,61.92167988197478,0.0,0.0,0.0,False,False,False
main,deterministic,deterministic,2025-07-01,94,True,True,0,,,0.7,20.0,optimal,1.7527270999999018,1.7527275000029476,0.0,0,0,15865.460962360758,295.2709491819242,16160.731911542682,16104.806016118744,16400.07696530067,165795.25632658257,0.15195496225713676,51.178958030163685,0.0,0.0,0.0,False,False,False
main,deterministic,deterministic,2025-07-01,95,True,True,0,,,0.7,20.0,optimal,1.7527270999999018,1.7527275000029476,0.0,0,0,15865.460962360758,295.2709491819242,16160.731911542682,15759.047250694835,16054.31819987676,170921.22722863246,0.6767109876994687,58.81102348958781,0.0,0.0,0.0,False,False,False
main,deterministic,deterministic,2025-07-01,96,True,True,0,,,0.7,20.0,optimal,1.7527270999999018,1.7527275000029476,0.0,0,0,15865.460962360758,295.2709491819242,16160.731911542682,16274.429794248088,16569.700743430014,175570.67553095927,0.06636468419895539,56.735856001247924,0.0,0.0,0.0,False,False,False
main,deterministic,deterministic,2025-07-01,97,True,True,0,,,0.7,20.0,optimal,1.7527270999999018,1.7527275000029476,0.0,0,0,15865.460962360758,295.2709491819242,16160.731911542682,16910.155422939763,17205.42637212169,189509.43452574091,0.0,58.35711423198224,0.0,0.0,0.0,False,False,False
main,deterministic,deterministic,2025-07-01,98,True,True,0,,,0.7,20.0,optimal,1.7527270999999018,1.7527275000029476,0.0,0,0,15865.460962360758,295.2709491819242,16160.731911542682,16235.049907438373,16530.3208566203,168653.61913004768,0.3886941621889862,46.588178922618724,0.0,0.0,0.0,False,False,False
main,deterministic,deterministic,2025-07-01,99,True,True,0,,,0.7,20.0,optimal,1.7527270999999018,1.7527275000029476,0.0,0,0,15865.460962360758,295.2709491819242,16160.731911542682,16247.405205485336,16542.67615466726,165712.69421559037,0.02974150187684721,59.79548129195583,0.0,0.0,0.0,False,False,False
main,deterministic,deterministic,2025-10-01,0,True,True,0,,,0.7,20.0,optimal,1.6550376000086544,1.6550378999963868,0.0,0,0,16307.664624421875,533.9055933035798,16841.570217725457,16600.809959469574,17134.715552773156,197348.90322783487,0.19343312181658834,56.442758460396725,0.0,0.0,0.0,False,False,False
main,deterministic,deterministic,2025-10-01,1,True,True,0,,,0.7,20.0,optimal,1.6550376000086544,1.6550378999963868,0.0,0,0,16307.664624421875,533.9055933035798,16841.570217725457,15642.164116297394,16176.069709600974,174887.4100739567,0.29178001924455116,65.01358694782483,0.0,0.0,0.0,False,False,False
main,deterministic,deterministic,2025-10-01,2,True,True,0,,,0.7,20.0,optimal,1.6550376000086544,1.6550378999963868,0.0,0,0,16307.664624421875,533.9055933035798,16841.570217725457,15951.233003128895,16485.138596432476,178014.09486980698,0.0,49.38332741415912,0.0,0.0,0.0,False,False,False
main,deterministic,deterministic,2025-10-01,3,True,True,0,,,0.7,20.0,optimal,1.6550376000086544,1.6550378999963868,0.0,0,0,16307.664624421875,533.9055933035798,16841.570217725457,16443.735890916738,16977.64148422032,194479.75366380924,0.34593037275377625,57.155777234429586,0.0,0.0,0.0,False,False,False
main,deterministic,deterministic,2025-10-01,4,True,True,0,,,0.7,20.0,optimal,1.6550376000086544,1.6550378999963868,0.0,0,0,16307.664624421875,533.9055933035798,16841.570217725457,16231.476675648573,16765.382268952155,190429.56683495062,0.14919677884703142,49.93037749481334,0.0,0.0,0.0,False,False,False
main,deterministic,deterministic,2025-10-01,5,True,True,0,,,0.7,20.0,optimal,1.6550376000086544,1.6550378999963868,0.0,0,0,16307.664624421875,533.9055933035798,16841.570217725457,15525.014511690213,16058.920104993793,167714.06781198957,0.06832820516181592,59.24328906196082,0.0,0.0,0.0,False,False,False
main,deterministic,deterministic,2025-10-01,6,True,True,0,,,0.7,20.0,optimal,1.6550376000086544,1.6550378999963868,0.0,0,0,16307.664624421875,533.9055933035798,16841.570217725457,16398.978937545515,16932.884530849096,182576.8484734575,0.0,49.822542617276326,0.0,0.0,0.0,False,False,False
main,deterministic,deterministic,2025-10-01,7,True,True,0,,,0.7,20.0,optimal,1.6550376000086544,1.6550378999963868,0.0,0,0,16307.664624421875,533.9055933035798,16841.570217725457,16285.705417167253,16819.611010470835,196015.71226911424,0.17611585015474493,52.02770117512382,0.0,0.0,0.0,False,False,False
main,deterministic,deterministic,2025-10-01,8,True,True,0,,,0.7,20.0,optimal,1.6550376000086544,1.6550378999963868,0.0,0,0,16307.664624421875,533.9055933035798,16841.570217725457,16108.37170819869,16642.277301502272,187065.51008727067,0.7890948925411745,51.80424663251033,0.0,0.0,0.0,False,False,False
main,deterministic,deterministic,2025-10-01,9,True,True,0,,,0.7,20.0,optimal,1.6550376000086544,1.6550378999963868,0.0,0,0,16307.664624421875,533.9055933035798,16841.570217725457,16002.775186415862,16536.68077971944,181650.05063363272,0.09145062213491051,60.99945107328297,0.0,0.0,0.0,False,False,False
main,deterministic,deterministic,2025-10-01,10,True,True,0,,,0.7,20.0,optimal,1.6550376000086544,1.6550378999963868,0.0,0,0,16307.664624421875,533.9055933035798,16841.570217725457,16085.38143808099,16619.28703138457,189421.84313711338,0.0,58.89658081776889,0.0,0.06079513233501932,0.0,False,True,False
main,deterministic,deterministic,2025-10-01,11,True,True,0,,,0.7,20.0,optimal,1.6550376000086544,1.6550378999963868,0.0,0,0,16307.664624421875,533.9055933035798,16841.570217725457,16200.269933172545,16734.175526476127,187317.0235682515,0.0,49.17646657883317,0.0,0.0,0.0,False,False,False
main,deterministic,deterministic,2025-10-01,12,True,True,0,,,0.7,20.0,optimal,1.6550376000086544,1.6550378999963868,0.0,0,0,16307.664624421875,533.9055933035798,16841.570217725457,16231.196846238532,16765.102439542112,187435.49546436282,0.1555932084878901,51.54228419088481,0.0,0.0,0.0,False,False,False
main,deterministic,deterministic,2025-10-01,13,True,True,0,,,0.7,20.0,optimal,1.6550376000086544,1.6550378999963868,0.0,0,0,16307.664624421875,533.9055933035798,16841.570217725457,16092.540068884022,16626.4456621876,183763.35104088325,0.0,57.68160636421052,0.0,0.0,0.0,False,False,False
main,deterministic,deterministic,2025-10-01,14,True,True,0,,,0.7,20.0,optimal,1.6550376000086544,1.6550378999963868,0.0,0,0,16307.664624421875,533.9055933035798,16841.570217725457,16624.17700790609,17158.082601209673,203461.41370987496,0.0,53.267509243741195,0.0,0.0,0.0,False,False,False
main,deterministic,deterministic,2025-10-01,15,True,True,0,,,0.7,20.0,optimal,1.6550376000086544,1.6550378999963868,0.0,0,0,16307.664624421875,533.9055933035798,16841.570217725457,16559.47889037266,17093.38448367624,203547.30899599078,0.5889990055450122,49.02107283270268,0.0,0.0,0.0,False,False,False
main,deterministic,deterministic,2025-10-01,16,True,True,0,,,0.7,20.0,optimal,1.6550376000086544,1.6550378999963868,0.0,0,0,16307.664624421875,533.9055933035798,16841.570217725457,17096.22751601348,17630.133109317063,216564.02612001667,0.19148314099398514,49.8492840994075,0.0,0.0,0.0,False,False,False
main,deterministic,deterministic,2025-10-01,17,True,True,0,,,0.7,20.0,optimal,1.6550376000086544,1.6550378999963868,0.0,0,0,16307.664624421875,533.9055933035798,16841.570217725457,17291.719372743275,17825.624966046857,210673.33027168573,0.6452020335039381,64.22438085592057,0.0,0.0,0.0,False,False,False
main,deterministic,deterministic,2025-10-01,18,True,True,0,,,0.7,20.0,optimal,1.6550376000086544,1.6550378999963868,0.0,0,0,16307.664624421875,533.9055933035798,16841.570217725457,16282.380630669713,16816.286223973293,189229.39190499988,0.0,56.26444277951267,0.0,0.0,0.0,False,False,False
main,deterministic,deterministic,2025-10-01,19,True,True,0,,,0.7,20.0,optimal,1.6550376000086544,1.6550378999963868,0.0,0,0,16307.664624421875,533.9055933035798,16841.570217725457,15989.753799907423,16523.659393211004,185712.5305549013,0.25793884006791973,55.77416511279812,0.0,0.0016915313157932488,0.0,False,True,False
main,deterministic,deterministic,2025-10-01,20,True,True,0,,,0.7,20.0,optimal,1.6550376000086544,1.6550378999963868,0.0,0,0,16307.664624421875,533.9055933035798,16841.570217725457,16369.347545099348,16903.253138402928,199032.4030359872,0.0,49.58372678826086,0.0,0.0,0.0,False,False,False
main,deterministic,deterministic,2025-10-01,21,True,True,0,,,0.7,20.0,optimal,1.6550376000086544,1.6550378999963868,0.0,0,0,16307.664624421875,533.9055933035798,16841.570217725457,17635.80117658356,18169.706769887143,220968.7188063927,0.0,51.8686072443127,0.0,0.16023468172566768,0.0,False,True,False
main,deterministic,deterministic,2025-10-01,22,True,True,0,,,0.7,20.0,optimal,1.6550376000086544,1.6550378999963868,0.0,0,0,16307.664624421875,533.9055933035798,16841.570217725457,16716.039533558796,17249.945126862378,201200.2795325243,0.0,54.186509332685176,0.0,0.0,0.0,False,False,False
main,deterministic,deterministic,2025-10-01,23,True,True,0,,,0.7,20.0,optimal,1.6550376000086544,1.6550378999963868,0.0,0,0,16307.664624421875,533.9055933035798,16841.570217725457,16994.437024932686,17528.342618236267,207961.3634423859,0.0,54.289044673943586,0.0,0.0,0.0,False,False,False
main,deterministic,deterministic,2025-10-01,24,True,True,0,,,0.7,20.0,optimal,1.6550376000086544,1.6550378999963868,0.0,0,0,16307.664624421875,533.9055933035798,16841.570217725457,16155.956984802331,16689.862578105913,192133.74740980292,0.022081296829411956,59.41844052085812,0.0,0.0,0.0,False,False,False
main,deterministic,deterministic,2025-10-01,25,True,True,0,,,0.7,20.0,optimal,1.6550376000086544,1.6550378999963868,0.0,0,0,16307.664624421875,533.9055933035798,16841.570217725457,16578.245762323044,17112.151355626625,195906.17352401657,0.0,50.09356502725389,0.0,0.0,0.0,False,False,False
main,deterministic,deterministic,2025-10-01,26,True,True,0,,,0.7,20.0,optimal,1.6550376000086544,1.6550378999963868,0.0,0,0,16307.664624421875,533.9055933035798,16841.570217725457,16643.519534579642,17177.425127883223,197230.91082587116,0.17030771182202264,61.920169709612864,0.0,0.0,0.0,False,False,False
main,deterministic,deterministic,2025-10-01,27,True,True,0,,,0.7,20.0,optimal,1.6550376000086544,1.6550378999963868,0.0,0,0,16307.664624421875,533.9055933035798,16841.570217725457,16353.92351035241,16887.82910365599,191897.20881490936,0.40009913270460673,58.538517767502164,0.0,0.0,0.0,False,False,False
main,deterministic,deterministic,2025-10-01,28,True,True,0,,,0.7,20.0,optimal,1.6550376000086544,1.6550378999963868,0.0,0,0,16307.664624421875,533.9055933035798,16841.570217725457,16522.866206800867,17056.77180010445,186503.56809527642,0.0,47.04767267711805,0.0,0.0,0.0,False,False,False
main,deterministic,deterministic,2025-10-01,29,True,True,0,,,0.7,20.0,optimal,1.6550376000086544,1.6550378999963868,0.0,0,0,16307.664624421875,533.9055933035798,16841.570217725457,16489.96781380093,17023.87340710451,200847.60914321835,0.0,45.62984402388199,0.0,0.0,0.0,False,False,False
main,deterministic,deterministic,2025-10-01,30,True,True,0,,,0.7,20.0,optimal,1.6550376000086544,1.6550378999963868,0.0,0,0,16307.664624421875,533.9055933035798,16841.570217725457,16304.701966804481,16838.607560108063,198495.17543522056,0.05158301788116404,50.53841089309016,0.0,0.0,0.0,False,False,False
main,deterministic,deterministic,2025-10-01,31,True,True,0,,,0.7,20.0,optimal,1.6550376000086544,1.6550378999963868,0.0,0,0,16307.664624421875,533.9055933035798,16841.570217725457,16250.822282469257,16784.727875772838,186899.2305395113,0.24075100361976842,52.71094200781777,0.0,0.0,0.0,False,False,False
main,deterministic,deterministic,2025-10-01,32,True,True,0,,,0.7,20.0,optimal,1.6550376000086544,1.6550378999963868,0.0,0,0,16307.664624421875,533.9055933035798,16841.570217725457,16068.08740988694,16601.99300319052,192428.03246218682,0.40009414990220105,58.22973992909101,0.0,0.010494757106584318,0.0,False,True,False
main,deterministic,deterministic,2025-10-01,33,True,True,0,,,0.7,20.0,optimal,1.6550376000086544,1.6550378999963868,0.0,0,0,16307.664624421875,533.9055933035798,16841.570217725457,16578.158322433334,17112.063915736915,194007.7181715087,0.051583088820359,66.21009504254103,0.0,0.0,0.0,False,False,False
main,deterministic,deterministic,2025-10-01,34,True,True,0,,,0.7,20.0,optimal,1.6550376000086544,1.6550378999963868,0.0,0,0,16307.664624421875,533.9055933035798,16841.570217725457,16066.450312289418,16600.355905592998,182099.05771263104,0.24199178863663318,53.963245682565116,0.0,0.0,0.0,False,False,False
main,deterministic,deterministic,2025-10-01,35,True,True,0,,,0.7,20.0,optimal,1.6550376000086544,1.6550378999963868,0.0,0,0,16307.664624421875,533.9055933035798,16841.570217725457,15532.26339044923,16066.16898375281,172567.84012123587,0.1182824673396694,56.81255474685055,0.0,0.0,0.0,False,False,False
main,deterministic,deterministic,2025-10-01,36,True,True,0,,,0.7,20.0,optimal,1.6550376000086544,1.6550378999963868,0.0,0,0,16307.664624421875,533.9055933035798,16841.570217725457,16245.147873707358,16779.053467010937,185221.86823388084,0.0,61.58177750223811,0.0,0.0,0.0,False,False,False
main,deterministic,deterministic,2025-10-01,37,True,True,0,,,0.7,20.0,optimal,1.6550376000086544,1.6550378999963868,0.0,0,0,16307.664624421875,533.9055933035798,16841.570217725457,16177.516405792463,16711.421999096045,184955.2743682803,0.16984584860580554,47.03175287087277,0.0,0.0,0.0,False,False,False
main,deterministic,deterministic,2025-10-01,38,True,True,0,,,0.7,20.0,optimal,1.6550376000086544,1.6550378999963868,0.0,0,0,16307.664624421875,533.9055933035798,16841.570217725457,16136.330963318307,16670.236556621887,182119.36871211277,0.04574372264424298,53.02395398545835,0.0,0.0,0.0,False,False,False
main,deterministic,deterministic,2025-10-01,39,True,True,0,,,0.7,20.0,optimal,1.6550376000086544,1.6550378999963868,0.0,0,0,16307.664624421875,533.9055933035798,16841.570217725457,16445.069673276295,16978.975266579877,193901.54036259823,0.0,44.046663269420364,0.0,0.0,0.0,False,False,False
main,deterministic,deterministic,2025-10-01,40,True,True,0,,,0.7,20.0,optimal,1.6550376000086544,1.6550378999963868,0.0,0,0,16307.664624421875,533.9055933035798,16841.570217725457,17600.125399483797,18134.03099278738,227801.46679974475,0.017793425888946057,47.18990414447717,0.0,0.0,0.0,False,False,False
main,deterministic,deterministic,2025-10-01,41,True,True,0,,,0.7,20.0,optimal,1.6550376000086544,1.6550378999963868,0.0,0,0,16307.664624421875,533.9055933035798,16841.570217725457,16626.431189639596,17160.336782943177,202937.4047167972,0.05040093547910707,41.0994177001161,0.0,0.0,0.0,False,False,False
main,deterministic,deterministic,2025-10-01,42,True,True,0,,,0.7,20.0,optimal,1.6550376000086544,1.6550378999963868,0.0,0,0,16307.664624421875,533.9055933035798,16841.570217725457,16662.413484033757,17196.31907733734,199273.21157509444,0.033561917871453684,55.19051478580493,0.0,0.0,0.0,False,False,False
main,deterministic,deterministic,2025-10-01,43,True,True,0,,,0.7,20.0,optimal,1.6550376000086544,1.6550378999963868,0.0,0,0,16307.664624421875,533.9055933035798,16841.570217725457,16346.046892568882,16879.95248587246,196163.9881115876,0.0,56.62957890528069,0.0,0.0,0.0,False,False,False
main,deterministic,deterministic,2025-10-01,44,True,True,0,,,0.7,20.0,optimal,1.6550376000086544,1.6550378999963868,0.0,0,0,16307.664624421875,533.9055933035798,16841.570217725457,15878.657247814004,16412.562841117586,182680.71960373636,0.0,58.36745835927768,0.0,0.0,0.0,False,False,False
main,deterministic,deterministic,2025-10-01,45,True,True,0,,,0.7,20.0,optimal,1.6550376000086544,1.6550378999963868,0.0,0,0,16307.664624421875,533.9055933035798,16841.570217725457,16545.1291196441,17079.034712947683,192499.86908335096,0.0,58.963557173766674,0.0,0.0,0.0,False,False,False
main,deterministic,deterministic,2025-10-01,46,True,True,0,,,0.7,20.0,optimal,1.6550376000086544,1.6550378999963868,0.0,0,0,16307.664624421875,533.9055933035798,16841.570217725457,16313.501756135263,16847.407349438843,197380.06285137354,0.034220593922489106,55.878464561006986,0.0,0.0,0.0,False,False,False
main,deterministic,deterministic,2025-10-01,47,True,True,0,,,0.7,20.0,optimal,1.6550376000086544,1.6550378999963868,0.0,0,0,16307.664624421875,533.9055933035798,16841.570217725457,16619.926375631298,17153.83196893488,202151.11639839824,0.5740261439809115,56.09261451072766,0.0,0.0,0.0,False,False,False
main,deterministic,deterministic,2025-10-01,48,True,True,0,,,0.7,20.0,optimal,1.6550376000086544,1.6550378999963868,0.0,0,0,16307.664624421875,533.9055933035798,16841.570217725457,15865.24626050986,16399.15185381344,184527.78752518963,0.2525772396195809,52.6086589948084,0.0,0.0,0.0,False,False,False
main,deterministic,deterministic,2025-10-01,49,True,True,0,,,0.7,20.0,optimal,1.6550376000086544,1.6550378999963868,0.0,0,0,16307.664624421875,533.9055933035798,16841.570217725457,16321.80681084366,16855.71240414724,194261.55085558284,0.0,59.536722822195706,0.0,0.0,0.0,False,False,False
main,deterministic,deterministic,2025-10-01,50,True,True,0,,,0.7,20.0,optimal,1.6550376000086544,1.6550378999963868,0.0,0,0,16307.664624421875,533.9055933035798,16841.570217725457,16188.807938413971,16722.713531717553,183458.28383324345,0.19860514799190032,57.88830956765059,0.0,0.0,0.0,False,False,False
main,deterministic,deterministic,2025-10-01,51,True,True,0,,,0.7,20.0,optimal,1.6550376000086544,1.6550378999963868,0.0,0,0,16307.664624421875,533.9055933035798,16841.570217725457,15103.43950485029,15637.34509815387,174836.69347244888,0.0,103.34796937345189,0.0,0.0,0.8677453830434614,False,False,True
main,deterministic,deterministic,2025-10-01,52,True,True,0,,,0.7,20.0,optimal,1.6550376000086544,1.6550378999963868,0.0,0,0,16307.664624421875,533.9055933035798,16841.570217725457,16592.65734193199,17126.56293523557,198597.85572600123,0.05159367715676383,62.07629069696038,0.0,0.0,0.0,False,False,False
main,deterministic,deterministic,2025-10-01,53,True,True,0,,,0.7,20.0,optimal,1.6550376000086544,1.6550378999963868,0.0,0,0,16307.664624421875,533.9055933035798,16841.570217725457,16464.466224929274,16998.371818232856,201500.4725763593,0.0,50.19332962690676,0.0,0.0,0.0,False,False,False
main,deterministic,deterministic,2025-10-01,54,True,True,0,,,0.7,20.0,optimal,1.6550376000086544,1.6550378999963868,0.0,0,0,16307.664624421875,533.9055933035798,16841.570217725457,16739.889084349834,17273.794677653415,202434.27621021259,0.0,52.47031644155384,0.0,0.0,0.0,False,False,False
main,deterministic,deterministic,2025-10-01,55,True,True,0,,,0.7,20.0,optimal,1.6550376000086544,1.6550378999963868,0.0,0,0,16307.664624421875,533.9055933035798,16841.570217725457,15839.108850089833,16373.014443393413,174333.20440470972,0.0,59.09567842391471,0.0,0.0,0.0,False,False,False
main,deterministic,deterministic,2025-10-01,56,True,True,0,,,0.7,20.0,optimal,1.6550376000086544,1.6550378999963868,0.0,0,0,16307.664624421875,533.9055933035798,16841.570217725457,16463.475792365458,16997.38138566904,197367.47947339917,0.0,45.25039365942084,0.0,0.0,0.0,False,False,False
main,deterministic,deterministic,2025-10-01,57,True,True,0,,,0.7,20.0,optimal,1.6550376000086544,1.6550378999963868,0.0,0,0,16307.664624421875,533.9055933035798,16841.570217725457,15975.373640254573,16509.279233558154,190041.54697207277,0.0,53.51819186327571,0.0,0.0,0.0,False,False,False
main,deterministic,deterministic,2025-10-01,58,True,True,0,,,0.7,20.0,optimal,1.6550376000086544,1.6550378999963868,0.0,0,0,16307.664624421875,533.9055933035798,16841.570217725457,16475.389095558265,17009.294688861846,196895.4314886065,0.10316622617930382,62.006024980791445,0.0,0.0,0.0,False,False,False
main,deterministic,deterministic,2025-10-01,59,True,True,0,,,0.7,20.0,optimal,1.6550376000086544,1.6550378999963868,0.0,0,0,16307.664624421875,533.9055933035798,16841.570217725457,16273.359595170175,16807.265188473757,196067.95174471493,0.23787187294923795,58.903207504195734,0.0,0.0,0.0,False,False,False
main,deterministic,deterministic,2025-10-01,60,True,True,0,,,0.7,20.0,optimal,1.6550376000086544,1.6550378999963868,0.0,0,0,16307.664624421875,533.9055933035798,16841.570217725457,16682.74004975311,17216.64564305669,203089.24540931816,0.0,52.38294966051504,0.0,0.0,0.0,False,False,False
main,deterministic,deterministic,2025-10-01,61,True,True,0,,,0.7,20.0,optimal,1.6550376000086544,1.6550378999963868,0.0,0,0,16307.664624421875,533.9055933035798,16841.570217725457,16006.31726371533,16540.22285701891,184297.9472442446,0.0,44.6799853663105,0.0,0.0,0.0,False,False,False
main,deterministic,deterministic,2025-10-01,62,True,True,0,,,0.7,20.0,optimal,1.6550376000086544,1.6550378999963868,0.0,0,0,16307.664624421875,533.9055933035798,16841.570217725457,16017.249122907295,16551.154716210876,181241.50050407142,0.0,58.77244663163366,0.0,0.0,0.0,False,False,False
main,deterministic,deterministic,2025-10-01,63,True,True,0,,,0.7,20.0,optimal,1.6550376000086544,1.6550378999963868,0.0,0,0,16307.664624421875,533.9055933035798,16841.570217725457,16560.212457684698,17094.11805098828,201111.1829940285,0.2707553546390701,61.04026279092106,0.0,0.0,0.0,False,False,False
main,deterministic,deterministic,2025-10-01,64,True,True,0,,,0.7,20.0,optimal,1.6550376000086544,1.6550378999963868,0.0,0,0,16307.664624421875,533.9055933035798,16841.570217725457,16037.662696532487,16571.56828983607,192074.29839650035,0.06591460579199698,49.298365231746175,0.0,0.0,0.0,False,False,False
main,deterministic,deterministic,2025-10-01,65,True,True,0,,,0.7,20.0,optimal,1.6550376000086544,1.6550378999963868,0.0,0,0,16307.664624421875,533.9055933035798,16841.570217725457,16895.916402562,17429.821995865583,208716.7061473454,0.0,59.19648676595043,0.0,0.0038190539764331177,0.0,False,True,False
main,deterministic,deterministic,2025-10-01,66,True,True,0,,,0.7,20.0,optimal,1.6550376000086544,1.6550378999963868,0.0,0,0,16307.664624421875,533.9055933035798,16841.570217725457,16123.47485712339,16657.380450426972,185929.35949370734,0.0,64.47175537391152,0.0,0.0,0.0,False,False,False
main,deterministic,deterministic,2025-10-01,67,True,True,0,,,0.7,20.0,optimal,1.6550376000086544,1.6550378999963868,0.0,0,0,16307.664624421875,533.9055933035798,16841.570217725457,16408.524718275796,16942.430311579377,195740.4436938467,0.0,54.394684071389534,0.0,0.0,0.0,False,False,False
main,deterministic,deterministic,2025-10-01,68,True,True,0,,,0.7,20.0,optimal,1.6550376000086544,1.6550378999963868,0.0,0,0,16307.664624421875,533.9055933035798,16841.570217725457,16224.497782311806,16758.403375615388,190622.6796674727,0.47969848909975854,54.05364777977012,0.0,0.0,0.0,False,False,False
main,deterministic,deterministic,2025-10-01,69,True,True,0,,,0.7,20.0,optimal,1.6550376000086544,1.6550378999963868,0.0,0,0,16307.664624421875,533.9055933035798,16841.570217725457,16741.258639171145,17275.164232474726,202688.4354263864,0.032089209900428184,61.05192519691116,0.0,0.0,0.0,False,False,False
main,deterministic,deterministic,2025-10-01,70,True,True,0,,,0.7,20.0,optimal,1.6550376000086544,1.6550378999963868,0.0,0,0,16307.664624421875,533.9055933035798,16841.570217725457,16824.505983404706,17358.411576708288,203069.00347512445,0.0,60.079815632097414,0.0,0.0,0.0,False,False,False
main,deterministic,deterministic,2025-10-01,71,True,True,0,,,0.7,20.0,optimal,1.6550376000086544,1.6550378999963868,0.0,0,0,16307.664624421875,533.9055933035798,16841.570217725457,17397.72145154707,17931.62704485065,224137.609428197,0.3127045110803157,65.76960704363131,0.0,0.0,0.0,False,False,False
main,deterministic,deterministic,2025-10-01,72,True,True,0,,,0.7,20.0,optimal,1.6550376000086544,1.6550378999963868,0.0,0,0,16307.664624421875,533.9055933035798,16841.570217725457,17693.420291283666,18227.325884587248,227281.99796473782,0.465765311786465,60.18638943867977,0.0,0.0,0.0,False,False,False
main,deterministic,deterministic,2025-10-01,73,True,True,0,,,0.7,20.0,optimal,1.6550376000086544,1.6550378999963868,0.0,0,0,16307.664624421875,533.9055933035798,16841.570217725457,16380.813771987847,16914.71936529143,198009.98193890965,0.06341591099226362,53.10662599800223,0.0,0.0,0.0,False,False,False
main,deterministic,deterministic,2025-10-01,74,True,True,0,,,0.7,20.0,optimal,1.6550376000086544,1.6550378999963868,0.0,0,0,16307.664624421875,533.9055933035798,16841.570217725457,16683.026609192304,17216.932202495886,195041.60356744076,0.0,57.89780708381122,0.0,0.07339337798640622,0.0,False,True,False
main,deterministic,deterministic,2025-10-01,75,True,True,0,,,0.7,20.0,optimal,1.6550376000086544,1.6550378999963868,0.0,0,0,16307.664624421875,533.9055933035798,16841.570217725457,16675.85173712674,17209.757330430322,200927.7997945997,0.0,55.68475078276618,0.0,0.0,0.0,False,False,False
main,deterministic,deterministic,2025-10-01,76,True,True,0,,,0.7,20.0,optimal,1.6550376000086544,1.6550378999963868,0.0,0,0,16307.664624421875,533.9055933035798,16841.570217725457,16151.337724820669,16685.24331812425,187311.26883053768,0.0,57.65500821232748,0.0,0.0,0.0,False,False,False
main,deterministic,deterministic,2025-10-01,77,True,True,0,,,0.7,20.0,optimal,1.6550376000086544,1.6550378999963868,0.0,0,0,16307.664624421875,533.9055933035798,16841.570217725457,16654.583126934886,17188.488720238467,204592.5392515896,0.21089614766820342,55.63682086469477,0.0,0.0,0.0,False,False,False
main,deterministic,deterministic,2025-10-01,78,True,True,0,,,0.7,20.0,optimal,1.6550376000086544,1.6550378999963868,0.0,0,0,16307.664624421875,533.9055933035798,16841.570217725457,16412.093707137516,16945.999300441097,198137.8196437528,0.0,55.78774375409739,0.0,0.0,0.0,False,False,False
main,deterministic,deterministic,2025-10-01,79,True,True,0,,,0.7,20.0,optimal,1.6550376000086544,1.6550378999963868,0.0,0,0,16307.664624421875,533.9055933035798,16841.570217725457,16303.25299920441,16837.15859250799,183968.99914349345,0.0,51.823731254866125,0.0,0.0,0.0,False,False,False
main,deterministic,deterministic,2025-10-01,80,True,True,0,,,0.7,20.0,optimal,1.6550376000086544,1.6550378999963868,0.0,0,0,16307.664624421875,533.9055933035798,16841.570217725457,16330.592481540842,16864.49807484442,193033.25141392884,0.0,56.7197499907339,0.0,0.0,0.0,False,False,False
main,deterministic,deterministic,2025-10-01,81,True,True,0,,,0.7,20.0,optimal,1.6550376000086544,1.6550378999963868,0.0,0,0,16307.664624421875,533.9055933035798,16841.570217725457,16880.856548825584,17414.762142129166,208478.08801329893,0.09698873720148393,61.9942676985941,0.0,0.0,0.0,False,False,False
main,deterministic,deterministic,2025-10-01,82,True,True,0,,,0.7,20.0,optimal,1.6550376000086544,1.6550378999963868,0.0,0,0,16307.664624421875,533.9055933035798,16841.570217725457,16707.401918452084,17241.307511755665,205212.2658443034,0.0,46.91669749530631,0.0,0.0,0.0,False,False,False
main,deterministic,deterministic,2025-10-01,83,True,True,0,,,0.7,20.0,optimal,1.6550376000086544,1.6550378999963868,0.0,0,0,16307.664624421875,533.9055933035798,16841.570217725457,16363.791378866397,16897.69697216998,188284.16435254522,0.0,52.244781708579794,0.0,0.0,0.0,False,False,False
main,deterministic,deterministic,2025-10-01,84,True,True,0,,,0.7,20.0,optimal,1.6550376000086544,1.6550378999963868,0.0,0,0,16307.664624421875,533.9055933035798,16841.570217725457,16955.03870182011,17488.944295123692,213646.3884575705,0.26298573041646844,50.213486472591214,0.0,0.0,0.0,False,False,False
main,deterministic,deterministic,2025-10-01,85,True,True,0,,,0.7,20.0,optimal,1.6550376000086544,1.6550378999963868,0.0,0,0,16307.664624421875,533.9055933035798,16841.570217725457,16222.87235299375,16756.77794629733,198908.1905150021,0.8134481493513268,65.54884171552632,0.0,0.0,0.0,False,False,False
main,deterministic,deterministic,2025-10-01,86,True,True,0,,,0.7,20.0,optimal,1.6550376000086544,1.6550378999963868,0.0,0,0,16307.664624421875,533.9055933035798,16841.570217725457,16455.465690579727,16989.37128388331,191918.90458558715,0.0,49.922839046827875,0.0,0.0,0.0,False,False,False
main,deterministic,deterministic,2025-10-01,87,True,True,0,,,0.7,20.0,optimal,1.6550376000086544,1.6550378999963868,0.0,0,0,16307.664624421875,533.9055933035798,16841.570217725457,16921.47472993939,17455.38032324297,203201.94750051427,0.0,54.16021514936258,0.0,0.0,0.0,False,False,False
main,deterministic,deterministic,2025-10-01,88,True,True,0,,,0.7,20.0,optimal,1.6550376000086544,1.6550378999963868,0.0,0,0,16307.664624421875,533.9055933035798,16841.570217725457,15580.179138130406,16114.084731433986,184080.4089400274,0.0911881405299253,61.65811752752278,0.0,0.0,0.0,False,False,False
main,deterministic,deterministic,2025-10-01,89,True,True,0,,,0.7,20.0,optimal,1.6550376000086544,1.6550378999963868,0.0,0,0,16307.664624421875,533.9055933035798,16841.570217725457,16988.60591766634,17522.51151096992,210129.85068067416,0.0,55.89971368870077,0.0,0.0,0.0,False,False,False
main,deterministic,deterministic,2025-10-01,90,True,True,0,,,0.7,20.0,optimal,1.6550376000086544,1.6550378999963868,0.0,0,0,16307.664624421875,533.9055933035798,16841.570217725457,15764.404960293214,16298.310553596793,174927.65634138018,0.0,58.35245947345309,0.0,0.0,0.0,False,False,False
main,deterministic,deterministic,2025-10-01,91,True,True,0,,,0.7,20.0,optimal,1.6550376000086544,1.6550378999963868,0.0,0,0,16307.664624421875,533.9055933035798,16841.570217725457,15812.798614091456,16346.704207395036,179931.0590364422,0.6650742326203379,56.28012841040963,0.0,0.0,0.0,False,False,False
main,deterministic,deterministic,2025-10-01,92,True,True,0,,,0.7,20.0,optimal,1.6550376000086544,1.6550378999963868,0.0,0,0,16307.664624421875,533.9055933035798,16841.570217725457,17156.40243731453,17690.30803061811,210058.29534999828,0.0,46.27902439399893,0.0,0.0,0.0,False,False,False
main,deterministic,deterministic,2025-10-01,93,True,True,0,,,0.7,20.0,optimal,1.6550376000086544,1.6550378999963868,0.0,0,0,16307.664624421875,533.9055933035798,16841.570217725457,16093.528364195488,16627.43395749907,185885.1442462544,0.23607967437282212,59.431396332473255,0.0,0.0,0.0,False,False,False
main,deterministic,deterministic,2025-10-01,94,True,True,0,,,0.7,20.0,optimal,1.6550376000086544,1.6550378999963868,0.0,0,0,16307.664624421875,533.9055933035798,16841.570217725457,16290.94713940482,16824.8527327084,192260.69293800733,0.2744027801992904,49.20480662020291,0.0,0.0,0.0,False,False,False
main,deterministic,deterministic,2025-10-01,95,True,True,0,,,0.7,20.0,optimal,1.6550376000086544,1.6550378999963868,0.0,0,0,16307.664624421875,533.9055933035798,16841.570217725457,16148.677646051263,16682.583239354844,197470.85771237907,0.0,61.23885431284323,0.0,0.0,0.0,False,False,False
main,deterministic,deterministic,2025-10-01,96,True,True,0,,,0.7,20.0,optimal,1.6550376000086544,1.6550378999963868,0.0,0,0,16307.664624421875,533.9055933035798,16841.570217725457,16656.281746501278,17190.18733980486,201866.16806583919,0.5652146475956543,53.16011514699134,0.0,0.0,0.0,False,False,False
main,deterministic,deterministic,2025-10-01,97,True,True,0,,,0.7,20.0,optimal,1.6550376000086544,1.6550378999963868,0.0,0,0,16307.664624421875,533.9055933035798,16841.570217725457,16975.899677808382,17509.805271111964,217755.44365962426,0.0,53.50780787269477,0.0,0.0,0.0,False,False,False
main,deterministic,deterministic,2025-10-01,98,True,True,0,,,0.7,20.0,optimal,1.6550376000086544,1.6550378999963868,0.0,0,0,16307.664624421875,533.9055933035798,16841.570217725457,16461.076738050724,16994.982331354306,194955.39791994108,0.05408581322125827,46.80502675214554,0.0,0.0,0.0,False,False,False
main,deterministic,deterministic,2025-10-01,99,True,True,0,,,0.7,20.0,optimal,1.6550376000086544,1.6550378999963868,0.0,0,0,16307.664624421875,533.9055933035798,16841.570217725457,16331.167222114547,16865.072815418127,190792.91570209787,0.4594983838275028,55.257084899992726,0.0,0.0,0.0,False,False,False
main,tv_dro_rho_0p01,tv_dro,2025-01-01,0,True,True,20,,0.01,0.7,20.0,optimal_decomposed,72.45647570000438,72.45579399999406,0.0,1,2,15664.81197399028,174.34157851920855,15839.153552509488,16071.98053569214,16246.322114211349,194756.53699404333,0.3239490018115881,48.87944833905963,0.0,0.0,0.0,False,False,False
main,tv_dro_rho_0p01,tv_dro,2025-01-01,1,True,True,20,,0.01,0.7,20.0,optimal_decomposed,72.45647570000438,72.45579399999406,0.0,1,2,15664.81197399028,174.34157851920855,15839.153552509488,15103.794945804268,15278.136524323476,171142.99110885567,0.15629603210282367,58.786437127498615,0.0,0.0,0.0,False,False,False
main,tv_dro_rho_0p01,tv_dro,2025-01-01,2,True,True,20,,0.01,0.7,20.0,optimal_decomposed,72.45647570000438,72.45579399999406,0.0,1,2,15664.81197399028,174.34157851920855,15839.153552509488,15684.131724973397,15858.473303492605,171934.98741391525,0.12487943847383656,46.38112617160602,0.0,0.0,0.0,False,False,False
main,tv_dro_rho_0p01,tv_dro,2025-01-01,3,True,True,20,,0.01,0.7,20.0,optimal_decomposed,72.45647570000438,72.45579399999406,0.0,1,2,15664.81197399028,174.34157851920855,15839.153552509488,16124.830151950502,16299.17173046971,190051.54520308823,0.07939923540331012,51.80983741561815,0.0,0.0,0.0,False,False,False
main,tv_dro_rho_0p01,tv_dro,2025-01-01,4,True,True,20,,0.01,0.7,20.0,optimal_decomposed,72.45647570000438,72.45579399999406,0.0,1,2,15664.81197399028,174.34157851920855,15839.153552509488,15383.105011740307,15557.446590259515,184822.25517696925,0.0632518984557674,48.394446743071576,0.0,0.0,0.0,False,False,False
main,tv_dro_rho_0p01,tv_dro,2025-01-01,5,True,True,20,,0.01,0.7,20.0,optimal_decomposed,72.45647570000438,72.45579399999406,0.0,1,2,15664.81197399028,174.34157851920855,15839.153552509488,14808.600707512305,14982.942286031514,162919.6091541925,0.0,52.89847633775552,0.0,0.0,0.0,False,False,False
main,tv_dro_rho_0p01,tv_dro,2025-01-01,6,True,True,20,,0.01,0.7,20.0,optimal_decomposed,72.45647570000438,72.45579399999406,0.0,1,2,15664.81197399028,174.34157851920855,15839.153552509488,15762.37135680554,15936.712935324747,178149.42240850208,0.0,47.269273069742574,0.0,0.0,0.0,False,False,False
main,tv_dro_rho_0p01,tv_dro,2025-01-01,7,True,True,20,,0.01,0.7,20.0,optimal_decomposed,72.45647570000438,72.45579399999406,0.0,1,2,15664.81197399028,174.34157851920855,15839.153552509488,15500.796815050906,15675.138393570114,190965.71343662782,0.15504884742324446,48.846500640572586,0.0,0.0,0.0,False,False,False
main,tv_dro_rho_0p01,tv_dro,2025-01-01,8,True,True,20,,0.01,0.7,20.0,optimal_decomposed,72.45647570000438,72.45579399999406,0.0,1,2,15664.81197399028,174.34157851920855,15839.153552509488,15379.532735767143,15553.874314286351,180994.11250351823,0.05208174893228923,49.1372677096593,0.0,0.0,0.0,False,False,False
main,tv_dro_rho_0p01,tv_dro,2025-01-01,9,True,True,20,,0.01,0.7,20.0,optimal_decomposed,72.45647570000438,72.45579399999406,0.0,1,2,15664.81197399028,174.34157851920855,15839.153552509488,15099.37123858112,15273.712817100328,174063.7936899521,0.0,58.26676365684512,0.0,0.0,0.0,False,False,False
main,tv_dro_rho_0p01,tv_dro,2025-01-01,10,True,True,20,,0.01,0.7,20.0,optimal_decomposed,72.45647570000438,72.45579399999406,0.0,1,2,15664.81197399028,174.34157851920855,15839.153552509488,15510.694874716899,15685.036453236107,182085.59356113692,0.14806213751162756,50.825210363310994,0.0,0.0,0.0,False,False,False
main,tv_dro_rho_0p01,tv_dro,2025-01-01,11,True,True,20,,0.01,0.7,20.0,optimal_decomposed,72.45647570000438,72.45579399999406,0.0,1,2,15664.81197399028,174.34157851920855,15839.153552509488,15586.354988120711,15760.69656663992,181144.57361262586,0.10867568350993984,43.04723941613594,0.0,0.0,0.0,False,False,False
main,tv_dro_rho_0p01,tv_dro,2025-01-01,12,True,True,20,,0.01,0.7,20.0,optimal_decomposed,72.45647570000438,72.45579399999406,0.0,1,2,15664.81197399028,174.34157851920855,15839.153552509488,15625.495245616028,15799.836824135236,182454.25038783785,0.08282093459342885,45.515130259166455,0.0,0.0,0.0,False,False,False
main,tv_dro_rho_0p01,tv_dro,2025-01-01,13,True,True,20,,0.01,0.7,20.0,optimal_decomposed,72.45647570000438,72.45579399999406,0.0,1,2,15664.81197399028,174.34157851920855,15839.153552509488,15506.608267562446,15680.949846081654,178478.4917929014,0.24058856252149788,50.75764414403757,0.0,0.0,0.0,False,False,False
main,tv_dro_rho_0p01,tv_dro,2025-01-01,14,True,True,20,,0.01,0.7,20.0,optimal_decomposed,72.45647570000438,72.45579399999406,0.0,1,2,15664.81197399028,174.34157851920855,15839.153552509488,15969.202529224323,16143.544107743532,197215.69965940667,0.0,48.225510262479496,0.0,0.0,0.0,False,False,False
main,tv_dro_rho_0p01,tv_dro,2025-01-01,15,True,True,20,,0.01,0.7,20.0,optimal_decomposed,72.45647570000438,72.45579399999406,0.0,1,2,15664.81197399028,174.34157851920855,15839.153552509488,15754.785432344299,15929.127010863507,197914.50491922567,0.12902485614676965,47.274076562858326,0.0,0.0,0.0,False,False,False
main,tv_dro_rho_0p01,tv_dro,2025-01-01,16,True,True,20,,0.01,0.7,20.0,optimal_decomposed,72.45647570000438,72.45579399999406,0.0,1,2,15664.81197399028,174.34157851920855,15839.153552509488,16328.391828247051,16502.73340676626,209790.86746565232,0.0,45.57049523043922,0.0,0.0,0.0,False,False,False
main,tv_dro_rho_0p01,tv_dro,2025-01-01,17,True,True,20,,0.01,0.7,20.0,optimal_decomposed,72.45647570000438,72.45579399999406,0.0,1,2,15664.81197399028,174.34157851920855,15839.153552509488,16302.169360565165,16476.510939084375,204827.95981667112,0.03193218366198036,57.69066372312343,0.0,0.0,0.0,False,False,False
main,tv_dro_rho_0p01,tv_dro,2025-01-01,18,True,True,20,,0.01,0.7,20.0,optimal_decomposed,72.45647570000438,72.45579399999406,0.0,1,2,15664.81197399028,174.34157851920855,15839.153552509488,15376.86475799631,15551.206336515519,182121.23293004098,0.07638748454668942,54.06875491401142,0.0,0.0,0.0,False,False,False
main,tv_dro_rho_0p01,tv_dro,2025-01-01,19,True,True,20,,0.01,0.7,20.0,optimal_decomposed,72.45647570000438,72.45579399999406,0.0,1,2,15664.81197399028,174.34157851920855,15839.153552509488,15455.676666272893,15630.018244792102,178293.10787530828,0.2423804511641423,50.89966524546454,0.0,0.0,0.0,False,False,False
main,tv_dro_rho_0p01,tv_dro,2025-01-01,20,True,True,20,,0.01,0.7,20.0,optimal_decomposed,72.45647570000438,72.45579399999406,0.0,1,2,15664.81197399028,174.34157851920855,15839.153552509488,15609.54657542271,15783.888153941918,194467.0826534883,0.0,46.49477032393596,0.0,0.0,0.0,False,False,False
main,tv_dro_rho_0p01,tv_dro,2025-01-01,21,True,True,20,,0.01,0.7,20.0,optimal_decomposed,72.45647570000438,72.45579399999406,0.0,1,2,15664.81197399028,174.34157851920855,15839.153552509488,16613.304848960583,16787.64642747979,217035.2692119907,0.41609929689345965,46.03033071410163,0.0,0.0,0.0,False,False,False
main,tv_dro_rho_0p01,tv_dro,2025-01-01,22,True,True,20,,0.01,0.7,20.0,optimal_decomposed,72.45647570000438,72.45579399999406,0.0,1,2,15664.81197399028,174.34157851920855,15839.153552509488,15897.725373363368,16072.066951882576,195019.73786126444,0.25630532660914834,51.54484187814358,0.0,0.0,0.0,False,False,False
main,tv_dro_rho_0p01,tv_dro,2025-01-01,23,True,True,20,,0.01,0.7,20.0,optimal_decomposed,72.45647570000438,72.45579399999406,0.0,1,2,15664.81197399028,174.34157851920855,15839.153552509488,16358.991103529903,16533.332682049113,202649.96549688437,0.044942474225107165,50.61392197265932,0.0,0.0,0.0,False,False,False
main,tv_dro_rho_0p01,tv_dro,2025-01-01,24,True,True,20,,0.01,0.7,20.0,optimal_decomposed,72.45647570000438,72.45579399999406,0.0,1,2,15664.81197399028,174.34157851920855,15839.153552509488,15621.71217093157,15796.053749450779,187850.43328594737,0.11078375124901094,51.224139440656145,0.0,0.0,0.0,False,False,False
main,tv_dro_rho_0p01,tv_dro,2025-01-01,25,True,True,20,,0.01,0.7,20.0,optimal_decomposed,72.45647570000438,72.45579399999406,0.0,1,2,15664.81197399028,174.34157851920855,15839.153552509488,15670.272041923296,15844.613620442504,188069.97143939894,0.03464857315319925,46.55467115335547,0.0,0.0,0.0,False,False,False
main,tv_dro_rho_0p01,tv_dro,2025-01-01,26,True,True,20,,0.01,0.7,20.0,optimal_decomposed,72.45647570000438,72.45579399999406,0.0,1,2,15664.81197399028,174.34157851920855,15839.153552509488,16227.417201679047,16401.758780198255,191661.0176707548,0.0,55.44564162115143,0.0,0.0,0.0,False,False,False
main,tv_dro_rho_0p01,tv_dro,2025-01-01,27,True,True,20,,0.01,0.7,20.0,optimal_decomposed,72.45647570000438,72.45579399999406,0.0,1,2,15664.81197399028,174.34157851920855,15839.153552509488,15387.705439036676,15562.047017555884,185498.69503708885,0.0,52.95170977398664,0.0,0.0,0.0,False,False,False
main,tv_dro_rho_0p01,tv_dro,2025-01-01,28,True,True,20,,0.01,0.7,20.0,optimal_decomposed,72.45647570000438,72.45579399999406,0.0,1,2,15664.81197399028,174.34157851920855,15839.153552509488,15436.381092875266,15610.722671394475,182142.8046526164,0.12461830212236402,43.18435900406034,0.0,0.0,0.0,False,False,False
main,tv_dro_rho_0p01,tv_dro,2025-01-01,29,True,True,20,,0.01,0.7,20.0,optimal_decomposed,72.45647570000438,72.45579399999406,0.0,1,2,15664.81197399028,174.34157851920855,15839.153552509488,16116.648977117153,16290.990555636361,194670.60388514248,0.0,38.607805367523795,0.0,0.0,0.0,False,False,False
main,tv_dro_rho_0p01,tv_dro,2025-01-01,30,True,True,20,,0.01,0.7,20.0,optimal_decomposed,72.45647570000438,72.45579399999406,0.0,1,2,15664.81197399028,174.34157851920855,15839.153552509488,15329.218113167966,15503.559691687175,192620.73573634878,0.059831959636590576,48.19015955172149,0.0,0.0,0.0,False,False,False
main,tv_dro_rho_0p01,tv_dro,2025-01-01,31,True,True,20,,0.01,0.7,20.0,optimal_decomposed,72.45647570000438,72.45579399999406,0.0,1,2,15664.81197399028,174.34157851920855,15839.153552509488,15552.918881026791,15727.260459546,181334.06918173633,0.21483821467111153,49.811012571411354,0.0,0.0,0.0,False,False,False
main,tv_dro_rho_0p01,tv_dro,2025-01-01,32,True,True,20,,0.01,0.7,20.0,optimal_decomposed,72.45647570000438,72.45579399999406,0.0,1,2,15664.81197399028,174.34157851920855,15839.153552509488,15397.850672302446,15572.192250821654,185350.08396917183,0.06034641665716564,48.93096426018578,0.0,0.0,0.0,False,False,False
main,tv_dro_rho_0p01,tv_dro,2025-01-01,33,True,True,20,,0.01,0.7,20.0,optimal_decomposed,72.45647570000438,72.45579399999406,0.0,1,2,15664.81197399028,174.34157851920855,15839.153552509488,15947.882016259142,16122.22359477835,188906.57463649038,0.022843857783059612,62.66798943639958,0.0,0.0,0.0,False,False,False
main,tv_dro_rho_0p01,tv_dro,2025-01-01,34,True,True,20,,0.01,0.7,20.0,optimal_decomposed,72.45647570000438,72.45579399999406,0.0,1,2,15664.81197399028,174.34157851920855,15839.153552509488,15397.454116659936,15571.795695179144,176647.17453768512,0.21908636556276784,52.21732682615165,0.0,0.0,0.0,False,False,False
main,tv_dro_rho_0p01,tv_dro,2025-01-01,35,True,True,20,,0.01,0.7,20.0,optimal_decomposed,72.45647570000438,72.45579399999406,0.0,1,2,15664.81197399028,174.34157851920855,15839.153552509488,14853.5745563946,15027.916134913808,166902.2192754734,0.2625167617889247,54.14687020171473,0.0,0.0,0.0,False,False,False
main,tv_dro_rho_0p01,tv_dro,2025-01-01,36,True,True,20,,0.01,0.7,20.0,optimal_decomposed,72.45647570000438,72.45579399999406,0.0,1,2,15664.81197399028,174.34157851920855,15839.153552509488,15518.472536915802,15692.81411543501,180213.32032647054,0.0,56.109035587800605,0.0,0.0,0.0,False,False,False
main,tv_dro_rho_0p01,tv_dro,2025-01-01,37,True,True,20,,0.01,0.7,20.0,optimal_decomposed,72.45647570000438,72.45579399999406,0.0,1,2,15664.81197399028,174.34157851920855,15839.153552509488,15388.300646540016,15562.642225059224,179603.28289728414,0.01707358935229536,41.49309212514988,0.0,0.0,0.0,False,False,False
main,tv_dro_rho_0p01,tv_dro,2025-01-01,38,True,True,20,,0.01,0.7,20.0,optimal_decomposed,72.45647570000438,72.45579399999406,0.0,1,2,15664.81197399028,174.34157851920855,15839.153552509488,15503.707131709267,15678.048710228475,176174.7900153045,0.014666945378551843,48.966008743824815,0.0,0.0,0.0,False,False,False
main,tv_dro_rho_0p01,tv_dro,2025-01-01,39,True,True,20,,0.01,0.7,20.0,optimal_decomposed,72.45647570000438,72.45579399999406,0.0,1,2,15664.81197399028,174.34157851920855,15839.153552509488,15515.90617183115,15690.247750350358,188187.97711488925,0.0,38.36237228364462,0.0,0.0,0.0,False,False,False
main,tv_dro_rho_0p01,tv_dro,2025-01-01,40,True,True,20,,0.01,0.7,20.0,optimal_decomposed,72.45647570000438,72.45579399999406,0.0,1,2,15664.81197399028,174.34157851920855,15839.153552509488,16871.17845743931,17045.520035958518,222889.53335646747,0.0,42.01826060077217,0.0,0.0,0.0,False,False,False
main,tv_dro_rho_0p01,tv_dro,2025-01-01,41,True,True,20,,0.01,0.7,20.0,optimal_decomposed,72.45647570000438,72.45579399999406,0.0,1,2,15664.81197399028,174.34157851920855,15839.153552509488,15877.138091772995,16051.479670292203,195043.51941813613,0.13103542468279256,36.92779578024271,0.0,0.0,0.0,False,False,False
main,tv_dro_rho_0p01,tv_dro,2025-01-01,42,True,True,20,,0.01,0.7,20.0,optimal_decomposed,72.45647570000438,72.45579399999406,0.0,1,2,15664.81197399028,174.34157851920855,15839.153552509488,15831.431535402813,16005.773113922021,193725.1450883096,0.0,53.791425428910195,0.0,0.0,0.0,False,False,False
main,tv_dro_rho_0p01,tv_dro,2025-01-01,43,True,True,20,,0.01,0.7,20.0,optimal_decomposed,72.45647570000438,72.45579399999406,0.0,1,2,15664.81197399028,174.34157851920855,15839.153552509488,15878.384077453818,16052.725655973027,193050.71670277818,0.029517033746878585,52.49925399561473,0.0,0.0,0.0,False,False,False
main,tv_dro_rho_0p01,tv_dro,2025-01-01,44,True,True,20,,0.01,0.7,20.0,optimal_decomposed,72.45647570000438,72.45579399999406,0.0,1,2,15664.81197399028,174.34157851920855,15839.153552509488,15296.606387800464,15470.947966319673,178749.9083674872,0.09531145510133482,49.02760030512968,0.0,0.0,0.0,False,False,False
main,tv_dro_rho_0p01,tv_dro,2025-01-01,45,True,True,20,,0.01,0.7,20.0,optimal_decomposed,72.45647570000438,72.45579399999406,0.0,1,2,15664.81197399028,174.34157851920855,15839.153552509488,15675.303552791675,15849.645131310883,184731.46281926695,0.1513236904775603,53.619501363127235,0.0,0.0,0.0,False,False,False
main,tv_dro_rho_0p01,tv_dro,2025-01-01,46,True,True,20,,0.01,0.7,20.0,optimal_decomposed,72.45647570000438,72.45579399999406,0.0,1,2,15664.81197399028,174.34157851920855,15839.153552509488,15662.550299350036,15836.891877869244,190977.940572749,0.03353042715396082,50.604796910495914,0.0,0.0,0.0,False,False,False
main,tv_dro_rho_0p01,tv_dro,2025-01-01,47,True,True,20,,0.01,0.7,20.0,optimal_decomposed,72.45647570000438,72.45579399999406,0.0,1,2,15664.81197399028,174.34157851920855,15839.153552509488,15913.073272274565,16087.414850793773,195804.09569084021,0.0,50.934371027126005,0.0,0.0,0.0,False,False,False
main,tv_dro_rho_0p01,tv_dro,2025-01-01,48,True,True,20,,0.01,0.7,20.0,optimal_decomposed,72.45647570000438,72.45579399999406,0.0,1,2,15664.81197399028,174.34157851920855,15839.153552509488,15163.223834841532,15337.56541336074,178956.85958789926,0.0,47.4309779170714,0.0,0.0,0.0,False,False,False
main,tv_dro_rho_0p01,tv_dro,2025-01-01,49,True,True,20,,0.01,0.7,20.0,optimal_decomposed,72.45647570000438,72.45579399999406,0.0,1,2,15664.81197399028,174.34157851920855,15839.153552509488,15291.27476352415,15465.616342043359,191149.7075793497,0.01839072539408501,50.75456698972104,0.0,0.0,0.0,False,False,False
main,tv_dro_rho_0p01,tv_dro,2025-01-01,50,True,True,20,,0.01,0.7,20.0,optimal_decomposed,72.45647570000438,72.45579399999406,0.0,1,2,15664.81197399028,174.34157851920855,15839.153552509488,15290.025672304519,15464.367250823727,178157.63073924204,0.09216020289527257,58.57533734958299,0.0,0.0,0.0,False,False,False
main,tv_dro_rho_0p01,tv_dro,2025-01-01,51,True,True,20,,0.01,0.7,20.0,optimal_decomposed,72.45647570000438,72.45579399999406,0.0,1,2,15664.81197399028,174.34157851920855,15839.153552509488,14929.604279179879,15103.945857699087,169701.70760943525,0.013248897270886795,50.50940208096084,0.0,0.0,0.0,False,False,False
main,tv_dro_rho_0p01,tv_dro,2025-01-01,52,True,True,20,,0.01,0.7,20.0,optimal_decomposed,72.45647570000438,72.45579399999406,0.0,1,2,15664.81197399028,174.34157851920855,15839.153552509488,16048.871264870995,16223.212843390203,193117.37857384662,0.21202994434571135,58.42312154071395,0.0,0.0,0.0,False,False,False
main,tv_dro_rho_0p01,tv_dro,2025-01-01,53,True,True,20,,0.01,0.7,20.0,optimal_decomposed,72.45647570000438,72.45579399999406,0.0,1,2,15664.81197399028,174.34157851920855,15839.153552509488,15941.904665663133,16116.24624418234,198549.18661088374,0.0028598077394203503,44.28000771283125,0.0,0.0,0.0,False,False,False
main,tv_dro_rho_0p01,tv_dro,2025-01-01,54,True,True,20,,0.01,0.7,20.0,optimal_decomposed,72.45647570000438,72.45579399999406,0.0,1,2,15664.81197399028,174.34157851920855,15839.153552509488,16040.089283444742,16214.43086196395,196969.18722547672,0.0,48.09151322207573,0.0,0.0,0.0,False,False,False
main,tv_dro_rho_0p01,tv_dro,2025-01-01,55,True,True,20,,0.01,0.7,20.0,optimal_decomposed,72.45647570000438,72.45579399999406,0.0,1,2,15664.81197399028,174.34157851920855,15839.153552509488,15120.394462943246,15294.736041462455,168475.13374280857,0.0,52.53710775994655,0.0,0.0,0.0,False,False,False
main,tv_dro_rho_0p01,tv_dro,2025-01-01,56,True,True,20,,0.01,0.7,20.0,optimal_decomposed,72.45647570000438,72.45579399999406,0.0,1,2,15664.81197399028,174.34157851920855,15839.153552509488,15612.006605807863,15786.348184327071,192175.55175087124,0.0,39.39148466649722,0.0,0.0,0.0,False,False,False
main,tv_dro_rho_0p01,tv_dro,2025-01-01,57,True,True,20,,0.01,0.7,20.0,optimal_decomposed,72.45647570000438,72.45579399999406,0.0,1,2,15664.81197399028,174.34157851920855,15839.153552509488,15304.91748763821,15479.259066157418,182996.49842345496,0.13821413208098993,49.83508552295816,0.0,0.0,0.0,False,False,False
main,tv_dro_rho_0p01,tv_dro,2025-01-01,58,True,True,20,,0.01,0.7,20.0,optimal_decomposed,72.45647570000438,72.45579399999406,0.0,1,2,15664.81197399028,174.34157851920855,15839.153552509488,15359.99366197574,15534.33524049495,191676.31584170685,0.22555448291848174,59.72311784980173,0.0,0.0,0.0,False,False,False
main,tv_dro_rho_0p01,tv_dro,2025-01-01,59,True,True,20,,0.01,0.7,20.0,optimal_decomposed,72.45647570000438,72.45579399999406,0.0,1,2,15664.81197399028,174.34157851920855,15839.153552509488,15564.201956359353,15738.543534878561,188464.54886483095,0.0,53.48672426478209,0.0,0.0,0.0,False,False,False
main,tv_dro_rho_0p01,tv_dro,2025-01-01,60,True,True,20,,0.01,0.7,20.0,optimal_decomposed,72.45647570000438,72.45579399999406,0.0,1,2,15664.81197399028,174.34157851920855,15839.153552509488,15891.739651451006,16066.081229970214,197131.17681630925,0.10199702106751407,52.051191802275845,0.0,0.0,0.0,False,False,False
main,tv_dro_rho_0p01,tv_dro,2025-01-01,61,True,True,20,,0.01,0.7,20.0,optimal_decomposed,72.45647570000438,72.45579399999406,0.0,1,2,15664.81197399028,174.34157851920855,15839.153552509488,15245.295537053831,15419.63711557304,179450.8613327627,0.013287781192007936,40.6849632930738,0.0,0.0,0.0,False,False,False
main,tv_dro_rho_0p01,tv_dro,2025-01-01,62,True,True,20,,0.01,0.7,20.0,optimal_decomposed,72.45647570000438,72.45579399999406,0.0,1,2,15664.81197399028,174.34157851920855,15839.153552509488,15465.472491343779,15639.814069862987,175573.81102388958,0.06706480573717011,53.522452811656294,0.0,0.0,0.0,False,False,False
main,tv_dro_rho_0p01,tv_dro,2025-01-01,63,True,True,20,,0.01,0.7,20.0,optimal_decomposed,72.45647570000438,72.45579399999406,0.0,1,2,15664.81197399028,174.34157851920855,15839.153552509488,15814.792340129476,15989.133918648684,197109.57364763445,0.0,53.08931524248501,0.0,0.0,0.0,False,False,False
main,tv_dro_rho_0p01,tv_dro,2025-01-01,64,True,True,20,,0.01,0.7,20.0,optimal_decomposed,72.45647570000438,72.45579399999406,0.0,1,2,15664.81197399028,174.34157851920855,15839.153552509488,15489.923314296857,15664.264892816065,186789.77270540493,0.0823615582801751,47.362986010657586,0.0,0.0,0.0,False,False,False
main,tv_dro_rho_0p01,tv_dro,2025-01-01,65,True,True,20,,0.01,0.7,20.0,optimal_decomposed,72.45647570000438,72.45579399999406,0.0,1,2,15664.81197399028,174.34157851920855,15839.153552509488,15756.158056743192,15930.4996352624,201807.58694280838,0.04960880198803408,53.04934156296845,0.0,0.0,0.0,False,False,False
main,tv_dro_rho_0p01,tv_dro,2025-01-01,66,True,True,20,,0.01,0.7,20.0,optimal_decomposed,72.45647570000438,72.45579399999406,0.0,1,2,15664.81197399028,174.34157851920855,15839.153552509488,15332.09198429416,15506.433562813369,180063.84206979614,0.0,57.38274091762288,0.0,0.0,0.0,False,False,False
main,tv_dro_rho_0p01,tv_dro,2025-01-01,67,True,True,20,,0.01,0.7,20.0,optimal_decomposed,72.45647570000438,72.45579399999406,0.0,1,2,15664.81197399028,174.34157851920855,15839.153552509488,15630.594790432131,15804.93636895134,190688.2026928544,0.008198477115557323,49.73001199438982,0.0,0.0,0.0,False,False,False
main,tv_dro_rho_0p01,tv_dro,2025-01-01,68,True,True,20,,0.01,0.7,20.0,optimal_decomposed,72.45647570000438,72.45579399999406,0.0,1,2,15664.81197399028,174.34157851920855,15839.153552509488,15471.791055989044,15646.132634508253,183596.9023390407,0.0,52.657306436300395,0.0,0.0,0.0,False,False,False
main,tv_dro_rho_0p01,tv_dro,2025-01-01,69,True,True,20,,0.01,0.7,20.0,optimal_decomposed,72.45647570000438,72.45579399999406,0.0,1,2,15664.81197399028,174.34157851920855,15839.153552509488,16107.722467974692,16282.0640464939,197910.5753155932,0.0,49.823516463244225,0.0,0.0,0.0,False,False,False
main,tv_dro_rho_0p01,tv_dro,2025-01-01,70,True,True,20,,0.01,0.7,20.0,optimal_decomposed,72.45647570000438,72.45579399999406,0.0,1,2,15664.81197399028,174.34157851920855,15839.153552509488,15542.849391356176,15717.190969875384,198103.70387005154,0.0,53.42620791275409,0.0,0.0,0.0,False,False,False
main,tv_dro_rho_0p01,tv_dro,2025-01-01,71,True,True,20,,0.01,0.7,20.0,optimal_decomposed,72.45647570000438,72.45579399999406,0.0,1,2,15664.81197399028,174.34157851920855,15839.153552509488,16578.50979248139,16752.851371000597,217490.17386037993,0.0,56.85566236173934,0.0,0.0,0.0,False,False,False
main,tv_dro_rho_0p01,tv_dro,2025-01-01,72,True,True,20,,0.01,0.7,20.0,optimal_decomposed,72.45647570000438,72.45579399999406,0.0,1,2,15664.81197399028,174.34157851920855,15839.153552509488,16926.389820070326,17100.731398589534,222293.94722142324,0.0,57.107785097822955,0.0,0.0,0.0,False,False,False
main,tv_dro_rho_0p01,tv_dro,2025-01-01,73,True,True,20,,0.01,0.7,20.0,optimal_decomposed,72.45647570000438,72.45579399999406,0.0,1,2,15664.81197399028,174.34157851920855,15839.153552509488,15741.952994811494,15916.294573330702,193677.25092710246,0.0915849286462001,49.04653037537916,0.0,0.0,0.0,False,False,False
main,tv_dro_rho_0p01,tv_dro,2025-01-01,74,True,True,20,,0.01,0.7,20.0,optimal_decomposed,72.45647570000438,72.45579399999406,0.0,1,2,15664.81197399028,174.34157851920855,15839.153552509488,15829.314153060757,16003.655731579966,190444.44218395618,0.053634499628482935,52.50243170390224,0.0,0.0,0.0,False,False,False
main,tv_dro_rho_0p01,tv_dro,2025-01-01,75,True,True,20,,0.01,0.7,20.0,optimal_decomposed,72.45647570000438,72.45579399999406,0.0,1,2,15664.81197399028,174.34157851920855,15839.153552509488,15609.640919020841,15783.98249754005,193792.16267511042,0.0,50.90504192741952,0.0,0.0,0.0,False,False,False
main,tv_dro_rho_0p01,tv_dro,2025-01-01,76,True,True,20,,0.01,0.7,20.0,optimal_decomposed,72.45647570000438,72.45579399999406,0.0,1,2,15664.81197399028,174.34157851920855,15839.153552509488,15143.532493920977,15317.874072440185,182854.42086654765,0.11506558306178752,50.4488133293497,0.0,0.0,0.0,False,False,False
main,tv_dro_rho_0p01,tv_dro,2025-01-01,77,True,True,20,,0.01,0.7,20.0,optimal_decomposed,72.45647570000438,72.45579399999406,0.0,1,2,15664.81197399028,174.34157851920855,15839.153552509488,15820.468401834747,15994.809980353955,200164.8059957195,0.0266688221188614,47.9786266456097,0.0,0.0,0.0,False,False,False
main,tv_dro_rho_0p01,tv_dro,2025-01-01,78,True,True,20,,0.01,0.7,20.0,optimal_decomposed,72.45647570000438,72.45579399999406,0.0,1,2,15664.81197399028,174.34157851920855,15839.153552509488,15742.642171011203,15916.983749530411,191615.21649596034,0.1077149831196138,50.405258425317705,0.0,0.0,0.0,False,False,False
main,tv_dro_rho_0p01,tv_dro,2025-01-01,79,True,True,20,,0.01,0.7,20.0,optimal_decomposed,72.45647570000438,72.45579399999406,0.0,1,2,15664.81197399028,174.34157851920855,15839.153552509488,15320.36697401692,15494.708552536129,176383.68865871854,0.24989252401221956,48.953477625668626,0.0,0.0,0.0,False,False,False
main,tv_dro_rho_0p01,tv_dro,2025-01-01,80,True,True,20,,0.01,0.7,20.0,optimal_decomposed,72.45647570000438,72.45579399999406,0.0,1,2,15664.81197399028,174.34157851920855,15839.153552509488,15507.152483607595,15681.494062126803,185832.71485932084,0.09697812169368258,49.174839924771724,0.0,0.0,0.0,False,False,False
main,tv_dro_rho_0p01,tv_dro,2025-01-01,81,True,True,20,,0.01,0.7,20.0,optimal_decomposed,72.45647570000438,72.45579399999406,0.0,1,2,15664.81197399028,174.34157851920855,15839.153552509488,16436.99461360766,16611.33619212687,201784.39758857997,0.0,57.51145708756046,0.0,0.0,0.0,False,False,False
main,tv_dro_rho_0p01,tv_dro,2025-01-01,82,True,True,20,,0.01,0.7,20.0,optimal_decomposed,72.45647570000438,72.45579399999406,0.0,1,2,15664.81197399028,174.34157851920855,15839.153552509488,15737.04433482402,15911.385913343229,198160.52733068189,0.0,42.21082008882176,0.0,0.0,0.0,False,False,False
main,tv_dro_rho_0p01,tv_dro,2025-01-01,83,True,True,20,,0.01,0.7,20.0,optimal_decomposed,72.45647570000438,72.45579399999406,0.0,1,2,15664.81197399028,174.34157851920855,15839.153552509488,15467.631038049622,15641.97261656883,182725.37632713412,0.0,44.016255840014004,0.0,0.0,0.0,False,False,False
main,tv_dro_rho_0p01,tv_dro,2025-01-01,84,True,True,20,,0.01,0.7,20.0,optimal_decomposed,72.45647570000438,72.45579399999406,0.0,1,2,15664.81197399028,174.34157851920855,15839.153552509488,16221.034924538139,16395.37650305735,208487.51298336397,0.03982422677667383,42.54197574706607,0.0,0.0,0.0,False,False,False
main,tv_dro_rho_0p01,tv_dro,2025-01-01,85,True,True,20,,0.01,0.7,20.0,optimal_decomposed,72.45647570000438,72.45579399999406,0.0,1,2,15664.81197399028,174.34157851920855,15839.153552509488,15308.093588811353,15482.435167330561,192446.13486548085,0.0,56.59015134131764,0.0,0.0,0.0,False,False,False
main,tv_dro_rho_0p01,tv_dro,2025-01-01,86,True,True,20,,0.01,0.7,20.0,optimal_decomposed,72.45647570000438,72.45579399999406,0.0,1,2,15664.81197399028,174.34157851920855,15839.153552509488,15620.357763611757,15794.699342130965,188304.6137575146,0.08974106564720671,44.737661745518736,0.0,0.0,0.0,False,False,False
main,tv_dro_rho_0p01,tv_dro,2025-01-01,87,True,True,20,,0.01,0.7,20.0,optimal_decomposed,72.45647570000438,72.45579399999406,0.0,1,2,15664.81197399028,174.34157851920855,15839.153552509488,16269.587253939042,16443.928832458252,198148.50771982686,0.0,50.08323779552657,0.0,0.0,0.0,False,False,False
main,tv_dro_rho_0p01,tv_dro,2025-01-01,88,True,True,20,,0.01,0.7,20.0,optimal_decomposed,72.45647570000438,72.45579399999406,0.0,1,2,15664.81197399028,174.34157851920855,15839.153552509488,14932.921463135539,15107.263041654747,176916.06442253035,0.1304844596637298,56.301167941706325,0.0,0.0,0.0,False,False,False
main,tv_dro_rho_0p01,tv_dro,2025-01-01,89,True,True,20,,0.01,0.7,20.0,optimal_decomposed,72.45647570000438,72.45579399999406,0.0,1,2,15664.81197399028,174.34157851920855,15839.153552509488,16304.992499478241,16479.33407799745,204771.93296523724,0.010130602991881288,47.62067205118528,0.0,0.0,0.0,False,False,False
main,tv_dro_rho_0p01,tv_dro,2025-01-01,90,True,True,20,,0.01,0.7,20.0,optimal_decomposed,72.45647570000438,72.45579399999406,0.0,1,2,15664.81197399028,174.34157851920855,15839.153552509488,15115.00537964724,15289.346958166449,168671.40373435305,0.11676776751897888,55.193961155516526,0.0,0.0,0.0,False,False,False
main,tv_dro_rho_0p01,tv_dro,2025-01-01,91,True,True,20,,0.01,0.7,20.0,optimal_decomposed,72.45647570000438,72.45579399999406,0.0,1,2,15664.81197399028,174.34157851920855,15839.153552509488,15402.40400611832,15576.745584637529,175414.2786715717,0.0,48.52435507517987,0.0,0.0,0.0,False,False,False
main,tv_dro_rho_0p01,tv_dro,2025-01-01,92,True,True,20,,0.01,0.7,20.0,optimal_decomposed,72.45647570000438,72.45579399999406,0.0,1,2,15664.81197399028,174.34157851920855,15839.153552509488,16218.411965139912,16392.75354365912,202418.66897189314,0.08069917210326685,42.13842679160657,0.0,0.0,0.0,False,False,False
main,tv_dro_rho_0p01,tv_dro,2025-01-01,93,True,True,20,,0.01,0.7,20.0,optimal_decomposed,72.45647570000438,72.45579399999406,0.0,1,2,15664.81197399028,174.34157851920855,15839.153552509488,15420.642831026049,15594.984409545257,180064.616569611,0.005397149075120677,53.33058278880819,0.0,0.0,0.0,False,False,False
main,tv_dro_rho_0p01,tv_dro,2025-01-01,94,True,True,20,,0.01,0.7,20.0,optimal_decomposed,72.45647570000438,72.45579399999406,0.0,1,2,15664.81197399028,174.34157851920855,15839.153552509488,15173.394492918325,15347.736071437534,185409.83390003027,0.02010116962148631,45.954232358541475,0.0,0.0,0.0,False,False,False
main,tv_dro_rho_0p01,tv_dro,2025-01-01,95,True,True,20,,0.01,0.7,20.0,optimal_decomposed,72.45647570000438,72.45579399999406,0.0,1,2,15664.81197399028,174.34157851920855,15839.153552509488,15560.601821946551,15734.94340046576,190785.4605645178,0.0,50.711103962027465,0.0,0.0,0.0,False,False,False
main,tv_dro_rho_0p01,tv_dro,2025-01-01,96,True,True,20,,0.01,0.7,20.0,optimal_decomposed,72.45647570000438,72.45579399999406,0.0,1,2,15664.81197399028,174.34157851920855,15839.153552509488,15608.579719928586,15782.921298447794,196311.72860327264,0.0491203011477899,48.757728377026716,0.0,0.0,0.0,False,False,False
main,tv_dro_rho_0p01,tv_dro,2025-01-01,97,True,True,20,,0.01,0.7,20.0,optimal_decomposed,72.45647570000438,72.45579399999406,0.0,1,2,15664.81197399028,174.34157851920855,15839.153552509488,16169.628216391553,16343.969794910761,210349.44003588898,0.0,50.478711489515014,0.0,0.0,0.0,False,False,False
main,tv_dro_rho_0p01,tv_dro,2025-01-01,98,True,True,20,,0.01,0.7,20.0,optimal_decomposed,72.45647570000438,72.45579399999406,0.0,1,2,15664.81197399028,174.34157851920855,15839.153552509488,15665.604369508286,15839.945948027495,189094.6668574422,0.16563533955633072,41.82327349557611,0.0,0.0,0.0,False,False,False
main,tv_dro_rho_0p01,tv_dro,2025-01-01,99,True,True,20,,0.01,0.7,20.0,optimal_decomposed,72.45647570000438,72.45579399999406,0.0,1,2,15664.81197399028,174.34157851920855,15839.153552509488,15830.811695606042,16005.15327412525,185755.8328009355,0.0286412396691762,53.02390788530945,0.0,0.0,0.0,False,False,False
main,tv_dro_rho_0p01,tv_dro,2025-04-01,0,True,True,20,,0.01,0.7,20.0,optimal_decomposed,76.25823279999895,76.25751759999548,0.0,1,2,15462.571691668627,498.3322510884225,15960.90394275705,15974.691565499757,16473.02381658818,137658.1853672717,0.0,54.230506393910126,0.0,0.0,0.0,False,False,False
main,tv_dro_rho_0p01,tv_dro,2025-04-01,1,True,True,20,,0.01,0.7,20.0,optimal_decomposed,76.25823279999895,76.25751759999548,0.0,1,2,15462.571691668627,498.3322510884225,15960.90394275705,14832.831697010266,15331.163948098689,118931.64809329623,0.03856902913895871,61.35502499505108,0.0,0.0,0.0,False,False,False
main,tv_dro_rho_0p01,tv_dro,2025-04-01,2,True,True,20,,0.01,0.7,20.0,optimal_decomposed,76.25823279999895,76.25751759999548,0.0,1,2,15462.571691668627,498.3322510884225,15960.90394275705,15106.448020950651,15604.780272039074,121320.95694931946,0.0,47.95000242835381,0.0,0.05203477046853755,0.0,False,True,False
main,tv_dro_rho_0p01,tv_dro,2025-04-01,3,True,True,20,,0.01,0.7,20.0,optimal_decomposed,76.25823279999895,76.25751759999548,0.0,1,2,15462.571691668627,498.3322510884225,15960.90394275705,16140.052675314348,16638.38492640277,135681.61191914656,0.0,57.128321469904996,0.0,0.0,0.0,False,False,False
main,tv_dro_rho_0p01,tv_dro,2025-04-01,4,True,True,20,,0.01,0.7,20.0,optimal_decomposed,76.25823279999895,76.25751759999548,0.0,1,2,15462.571691668627,498.3322510884225,15960.90394275705,15740.912469459652,16239.244720548075,131538.34913090736,0.0,50.600580495734604,0.0,0.0,0.0,False,False,False
main,tv_dro_rho_0p01,tv_dro,2025-04-01,5,True,True,20,,0.01,0.7,20.0,optimal_decomposed,76.25823279999895,76.25751759999548,0.0,1,2,15462.571691668627,498.3322510884225,15960.90394275705,14876.794418598793,15375.126669687215,113319.8775758685,0.0,58.35664605777938,0.0,0.0,0.0,False,False,False
main,tv_dro_rho_0p01,tv_dro,2025-04-01,6,True,True,20,,0.01,0.7,20.0,optimal_decomposed,76.25823279999895,76.25751759999548,0.0,1,2,15462.571691668627,498.3322510884225,15960.90394275705,15312.841977098658,15811.174228187081,125163.57451996364,0.0,51.93665547360635,0.0,0.0,0.0,False,False,False
main,tv_dro_rho_0p01,tv_dro,2025-04-01,7,True,True,20,,0.01,0.7,20.0,optimal_decomposed,76.25823279999895,76.25751759999548,0.0,1,2,15462.571691668627,498.3322510884225,15960.90394275705,15376.819022529267,15875.15127361769,136265.63137993138,0.011592651473193577,52.83010247878957,0.0,0.0,0.0,False,False,False
main,tv_dro_rho_0p01,tv_dro,2025-04-01,8,True,True,20,,0.01,0.7,20.0,optimal_decomposed,76.25823279999895,76.25751759999548,0.0,1,2,15462.571691668627,498.3322510884225,15960.90394275705,15346.697204753633,15845.029455842056,127296.09746544497,0.13433626876511728,52.27575357119504,0.0,0.0,0.0,False,False,False
main,tv_dro_rho_0p01,tv_dro,2025-04-01,9,True,True,20,,0.01,0.7,20.0,optimal_decomposed,76.25823279999895,76.25751759999548,0.0,1,2,15462.571691668627,498.3322510884225,15960.90394275705,15038.608299140824,15536.940550229247,123273.16127533124,0.13065779599930982,63.05211188200929,0.0,0.0,0.0,False,False,False
main,tv_dro_rho_0p01,tv_dro,2025-04-01,10,True,True,20,,0.01,0.7,20.0,optimal_decomposed,76.25823279999895,76.25751759999548,0.0,1,2,15462.571691668627,498.3322510884225,15960.90394275705,15185.390267929753,15683.722519018176,130452.67727525605,0.0,53.24620124681404,0.0,0.0,0.0,False,False,False
main,tv_dro_rho_0p01,tv_dro,2025-04-01,11,True,True,20,,0.01,0.7,20.0,optimal_decomposed,76.25823279999895,76.25751759999548,0.0,1,2,15462.571691668627,498.3322510884225,15960.90394275705,15338.94153665673,15837.273787745153,128226.32642762072,0.0,47.035103791269385,0.0,0.0,0.0,False,False,False
main,tv_dro_rho_0p01,tv_dro,2025-04-01,12,True,True,20,,0.01,0.7,20.0,optimal_decomposed,76.25823279999895,76.25751759999548,0.0,1,2,15462.571691668627,498.3322510884225,15960.90394275705,15621.591763399549,16119.924014487971,128595.16236403202,0.026407877070710795,49.27077204846341,0.0,0.0,0.0,False,False,False
main,tv_dro_rho_0p01,tv_dro,2025-04-01,13,True,True,20,,0.01,0.7,20.0,optimal_decomposed,76.25823279999895,76.25751759999548,0.0,1,2,15462.571691668627,498.3322510884225,15960.90394275705,15132.47243515075,15630.804686239173,124286.35958081832,0.18076327312687823,58.78100008389754,0.0,0.0,0.0,False,False,False
main,tv_dro_rho_0p01,tv_dro,2025-04-01,14,True,True,20,,0.01,0.7,20.0,optimal_decomposed,76.25823279999895,76.25751759999548,0.0,1,2,15462.571691668627,498.3322510884225,15960.90394275705,15881.23645505596,16379.568706144382,142776.36329433654,0.0,53.060639671412865,0.0,0.0,0.0,False,False,False
main,tv_dro_rho_0p01,tv_dro,2025-04-01,15,True,True,20,,0.01,0.7,20.0,optimal_decomposed,76.25823279999895,76.25751759999548,0.0,1,2,15462.571691668627,498.3322510884225,15960.90394275705,16088.60814497446,16586.94039606288,142944.03885462458,0.0,52.76976763282197,0.0,0.0,0.0,False,False,False
main,tv_dro_rho_0p01,tv_dro,2025-04-01,16,True,True,20,,0.01,0.7,20.0,optimal_decomposed,76.25823279999895,76.25751759999548,0.0,1,2,15462.571691668627,498.3322510884225,15960.90394275705,16291.655769458583,16789.988020547004,154632.31160776838,0.0,48.30199842233181,0.0,0.0,0.0,False,False,False
main,tv_dro_rho_0p01,tv_dro,2025-04-01,17,True,True,20,,0.01,0.7,20.0,optimal_decomposed,76.25823279999895,76.25751759999548,0.0,1,2,15462.571691668627,498.3322510884225,15960.90394275705,16632.21091651485,17130.54316760327,149776.0981382591,0.009677250631930923,64.96828948226636,0.0,0.0,0.0,False,False,False
main,tv_dro_rho_0p01,tv_dro,2025-04-01,18,True,True,20,,0.01,0.7,20.0,optimal_decomposed,76.25823279999895,76.25751759999548,0.0,1,2,15462.571691668627,498.3322510884225,15960.90394275705,15852.289788035303,16350.622039123726,128094.11090576016,0.18325943812236067,56.920198270397364,0.0,0.0,0.0,False,False,False
main,tv_dro_rho_0p01,tv_dro,2025-04-01,19,True,True,20,,0.01,0.7,20.0,optimal_decomposed,76.25823279999895,76.25751759999548,0.0,1,2,15462.571691668627,498.3322510884225,15960.90394275705,15274.505476986878,15772.837728075301,127861.77015403387,0.0,53.308529859235236,0.0,0.0,0.0,False,False,False
main,tv_dro_rho_0p01,tv_dro,2025-04-01,20,True,True,20,,0.01,0.7,20.0,optimal_decomposed,76.25823279999895,76.25751759999548,0.0,1,2,15462.571691668627,498.3322510884225,15960.90394275705,15976.713277257244,16475.045528345665,139863.96147933122,0.0,47.54432770323297,0.0,0.0,0.0,False,False,False
main,tv_dro_rho_0p01,tv_dro,2025-04-01,21,True,True,20,,0.01,0.7,20.0,optimal_decomposed,76.25823279999895,76.25751759999548,0.0,1,2,15462.571691668627,498.3322510884225,15960.90394275705,17021.100814202582,17519.433065291003,158650.6593743953,0.0,51.108038198962674,0.0,0.0,0.0,False,False,False
main,tv_dro_rho_0p01,tv_dro,2025-04-01,22,True,True,20,,0.01,0.7,20.0,optimal_decomposed,76.25823279999895,76.25751759999548,0.0,1,2,15462.571691668627,498.3322510884225,15960.90394275705,15963.93398737991,16462.26623846833,140591.71800171526,0.0,56.39099269875807,0.0,0.0,0.0,False,False,False
main,tv_dro_rho_0p01,tv_dro,2025-04-01,23,True,True,20,,0.01,0.7,20.0,optimal_decomposed,76.25823279999895,76.25751759999548,0.0,1,2,15462.571691668627,498.3322510884225,15960.90394275705,16284.699894279762,16783.032145368183,146880.59053181158,0.0,53.227260332238785,0.0,0.0,0.0,False,False,False
main,tv_dro_rho_0p01,tv_dro,2025-04-01,24,True,True,20,,0.01,0.7,20.0,optimal_decomposed,76.25823279999895,76.25751759999548,0.0,1,2,15462.571691668627,498.3322510884225,15960.90394275705,15332.302433595232,15830.634684683655,133894.12013206375,0.10951415663169994,56.06739798186837,0.0,0.0,0.0,False,False,False
main,tv_dro_rho_0p01,tv_dro,2025-04-01,25,True,True,20,,0.01,0.7,20.0,optimal_decomposed,76.25823279999895,76.25751759999548,0.0,1,2,15462.571691668627,498.3322510884225,15960.90394275705,15671.757638681342,16170.089889769764,135074.02376963393,0.0,51.11004386967698,0.0,0.0,0.0,False,False,False
main,tv_dro_rho_0p01,tv_dro,2025-04-01,26,True,True,20,,0.01,0.7,20.0,optimal_decomposed,76.25823279999895,76.25751759999548,0.0,1,2,15462.571691668627,498.3322510884225,15960.90394275705,15826.163913782359,16324.496164870781,136875.35994692775,0.0,60.34932806535924,0.0,0.0,0.0,False,False,False
main,tv_dro_rho_0p01,tv_dro,2025-04-01,27,True,True,20,,0.01,0.7,20.0,optimal_decomposed,76.25823279999895,76.25751759999548,0.0,1,2,15462.571691668627,498.3322510884225,15960.90394275705,15661.73789058643,16160.070141674852,131979.00963497386,0.09594438345637157,60.612762783020735,0.0,0.0,0.0,False,False,False
main,tv_dro_rho_0p01,tv_dro,2025-04-01,28,True,True,20,,0.01,0.7,20.0,optimal_decomposed,76.25823279999895,76.25751759999548,0.0,1,2,15462.571691668627,498.3322510884225,15960.90394275705,15705.515835895585,16203.848086984008,128704.57243183308,0.0,46.75321753065676,0.0,0.0,0.0,False,False,False
main,tv_dro_rho_0p01,tv_dro,2025-04-01,29,True,True,20,,0.01,0.7,20.0,optimal_decomposed,76.25823279999895,76.25751759999548,0.0,1,2,15462.571691668627,498.3322510884225,15960.90394275705,15687.313420155117,16185.64567124354,141762.19368396088,0.0,44.09796774939478,0.0,0.0,0.0,False,False,False
main,tv_dro_rho_0p01,tv_dro,2025-04-01,30,True,True,20,,0.01,0.7,20.0,optimal_decomposed,76.25823279999895,76.25751759999548,0.0,1,2,15462.571691668627,498.3322510884225,15960.90394275705,15698.14974161523,16196.481992703653,137652.54414954022,0.0,51.25808580923801,0.0,0.0,0.0,False,False,False
main,tv_dro_rho_0p01,tv_dro,2025-04-01,31,True,True,20,,0.01,0.7,20.0,optimal_decomposed,76.25823279999895,76.25751759999548,0.0,1,2,15462.571691668627,498.3322510884225,15960.90394275705,15342.457500658038,15840.78975174646,129808.71115812912,0.006405132157842441,50.92743470744196,0.0,0.0,0.0,False,False,False
main,tv_dro_rho_0p01,tv_dro,2025-04-01,32,True,True,20,,0.01,0.7,20.0,optimal_decomposed,76.25823279999895,76.25751759999548,0.0,1,2,15462.571691668627,498.3322510884225,15960.90394275705,15268.279421358762,15766.611672447185,132135.39525929393,0.024027292840498093,50.97704323437131,0.0,0.0,0.0,False,False,False
main,tv_dro_rho_0p01,tv_dro,2025-04-01,33,True,True,20,,0.01,0.7,20.0,optimal_decomposed,76.25823279999895,76.25751759999548,0.0,1,2,15462.571691668627,498.3322510884225,15960.90394275705,15850.750854610247,16349.08310569867,134000.5263659288,0.0,63.5566784523632,0.0,0.0,0.0,False,False,False
main,tv_dro_rho_0p01,tv_dro,2025-04-01,34,True,True,20,,0.01,0.7,20.0,optimal_decomposed,76.25823279999895,76.25751759999548,0.0,1,2,15462.571691668627,498.3322510884225,15960.90394275705,15437.729297176433,15936.061548264855,124834.30346984186,0.0,57.14117539257072,0.0,0.0,0.0,False,False,False
main,tv_dro_rho_0p01,tv_dro,2025-04-01,35,True,True,20,,0.01,0.7,20.0,optimal_decomposed,76.25823279999895,76.25751759999548,0.0,1,2,15462.571691668627,498.3322510884225,15960.90394275705,14739.776215558924,15238.108466647347,115685.06586473135,0.0400883596432291,57.779901632948096,0.0,0.0,0.0,False,False,False
main,tv_dro_rho_0p01,tv_dro,2025-04-01,36,True,True,20,,0.01,0.7,20.0,optimal_decomposed,76.25823279999895,76.25751759999548,0.0,1,2,15462.571691668627,498.3322510884225,15960.90394275705,15049.258869954514,15547.591121042937,127268.31865219348,0.0,59.04109929996487,0.0,0.0,0.0,False,False,False
main,tv_dro_rho_0p01,tv_dro,2025-04-01,37,True,True,20,,0.01,0.7,20.0,optimal_decomposed,76.25823279999895,76.25751759999548,0.0,1,2,15462.571691668627,498.3322510884225,15960.90394275705,15467.902552197069,15966.234803285492,127706.82365326624,0.0,48.50079663499432,0.0,0.0,0.0,False,False,False
main,tv_dro_rho_0p01,tv_dro,2025-04-01,38,True,True,20,,0.01,0.7,20.0,optimal_decomposed,76.25823279999895,76.25751759999548,0.0,1,2,15462.571691668627,498.3322510884225,15960.90394275705,15535.230322302481,16033.562573390904,123419.7671216986,0.0,52.28952278318114,0.0,0.0,0.0,False,False,False
main,tv_dro_rho_0p01,tv_dro,2025-04-01,39,True,True,20,,0.01,0.7,20.0,optimal_decomposed,76.25823279999895,76.25751759999548,0.0,1,2,15462.571691668627,498.3322510884225,15960.90394275705,15552.6502207398,16050.982471828223,135004.8922210662,0.0,44.60903095306683,0.0,0.0,0.0,False,False,False
main,tv_dro_rho_0p01,tv_dro,2025-04-01,40,True,True,20,,0.01,0.7,20.0,optimal_decomposed,76.25823279999895,76.25751759999548,0.0,1,2,15462.571691668627,498.3322510884225,15960.90394275705,17029.320064657495,17527.652315745916,163286.02565388638,0.0,47.48017023138788,0.0,0.0,0.0,False,False,False
main,tv_dro_rho_0p01,tv_dro,2025-04-01,41,True,True,20,,0.01,0.7,20.0,optimal_decomposed,76.25823279999895,76.25751759999548,0.0,1,2,15462.571691668627,498.3322510884225,15960.90394275705,16072.958319823521,16571.290570911944,141306.45219576263,0.0,41.82198697092427,0.0,0.0,0.0,False,False,False
main,tv_dro_rho_0p01,tv_dro,2025-04-01,42,True,True,20,,0.01,0.7,20.0,optimal_decomposed,76.25823279999895,76.25751759999548,0.0,1,2,15462.571691668627,498.3322510884225,15960.90394275705,15916.937421954548,16415.26967304297,139651.99145638847,0.0,56.68355616699745,0.0,0.0,0.0,False,False,False
main,tv_dro_rho_0p01,tv_dro,2025-04-01,43,True,True,20,,0.01,0.7,20.0,optimal_decomposed,76.25823279999895,76.25751759999548,0.0,1,2,15462.571691668627,498.3322510884225,15960.90394275705,15575.873774232137,16074.20602532056,139724.61853864547,0.0,51.84562101464812,0.0,0.0,0.0,False,False,False
main,tv_dro_rho_0p01,tv_dro,2025-04-01,44,True,True,20,,0.01,0.7,20.0,optimal_decomposed,76.25823279999895,76.25751759999548,0.0,1,2,15462.571691668627,498.3322510884225,15960.90394275705,15312.02061243742,15810.352863525843,126769.42983447092,0.0,56.40021103018701,0.0,0.0,0.0,False,False,False
main,tv_dro_rho_0p01,tv_dro,2025-04-01,45,True,True,20,,0.01,0.7,20.0,optimal_decomposed,76.25823279999895,76.25751759999548,0.0,1,2,15462.571691668627,498.3322510884225,15960.90394275705,15737.417948216207,16235.75019930463,133396.53801487735,0.3599388946696507,57.90993776586881,0.0,0.0,0.0,False,False,False
main,tv_dro_rho_0p01,tv_dro,2025-04-01,46,True,True,20,,0.01,0.7,20.0,optimal_decomposed,76.25823279999895,76.25751759999548,0.0,1,2,15462.571691668627,498.3322510884225,15960.90394275705,15922.521561309446,16420.85381239787,137446.44982072344,0.0,54.776985545853556,0.0,0.0,0.0,False,False,False
main,tv_dro_rho_0p01,tv_dro,2025-04-01,47,True,True,20,,0.01,0.7,20.0,optimal_decomposed,76.25823279999895,76.25751759999548,0.0,1,2,15462.571691668627,498.3322510884225,15960.90394275705,16000.646798540589,16498.97904962901,141601.71949144744,0.0,53.76263008474475,0.0,0.0,0.0,False,False,False
main,tv_dro_rho_0p01,tv_dro,2025-04-01,48,True,True,20,,0.01,0.7,20.0,optimal_decomposed,76.25823279999895,76.25751759999548,0.0,1,2,15462.571691668627,498.3322510884225,15960.90394275705,14916.998482110062,15415.330733198485,127684.98347636101,0.0,51.291167354759324,0.0,0.0,0.0,False,False,False
main,tv_dro_rho_0p01,tv_dro,2025-04-01,49,True,True,20,,0.01,0.7,20.0,optimal_decomposed,76.25823279999895,76.25751759999548,0.0,1,2,15462.571691668627,498.3322510884225,15960.90394275705,15801.420459445977,16299.7527105344,136506.2197200545,0.2528562599686113,59.7977295152571,0.0,0.0,0.0,False,False,False
main,tv_dro_rho_0p01,tv_dro,2025-04-01,50,True,True,20,,0.01,0.7,20.0,optimal_decomposed,76.25823279999895,76.25751759999548,0.0,1,2,15462.571691668627,498.3322510884225,15960.90394275705,15245.972352752804,15744.304603841227,125314.9786616507,0.0,54.86837948353499,0.0,0.0,0.0,False,False,False
main,tv_dro_rho_0p01,tv_dro,2025-04-01,51,True,True,20,,0.01,0.7,20.0,optimal_decomposed,76.25823279999895,76.25751759999548,0.0,1,2,15462.571691668627,498.3322510884225,15960.90394275705,14785.182974916259,15283.515226004682,119393.03965088908,0.5274939844903451,53.71189874785325,0.0,0.0,0.0,False,False,False
main,tv_dro_rho_0p01,tv_dro,2025-04-01,52,True,True,20,,0.01,0.7,20.0,optimal_decomposed,76.25823279999895,76.25751759999548,0.0,1,2,15462.571691668627,498.3322510884225,15960.90394275705,15805.584464369464,16303.916715457886,140155.11912147026,0.05401035020355516,58.23680898704757,0.0,0.0,0.0,False,False,False
main,tv_dro_rho_0p01,tv_dro,2025-04-01,53,True,True,20,,0.01,0.7,20.0,optimal_decomposed,76.25823279999895,76.25751759999548,0.0,1,2,15462.571691668627,498.3322510884225,15960.90394275705,15933.29138290964,16431.62363399806,142311.46189862452,0.0,46.57721188656651,0.0,0.0,0.0,False,False,False
main,tv_dro_rho_0p01,tv_dro,2025-04-01,54,True,True,20,,0.01,0.7,20.0,optimal_decomposed,76.25823279999895,76.25751759999548,0.0,1,2,15462.571691668627,498.3322510884225,15960.90394275705,16004.076978129176,16502.4092292176,142898.62612318507,0.0,53.33978760478364,0.0,0.0,0.0,False,False,False
main,tv_dro_rho_0p01,tv_dro,2025-04-01,55,True,True,20,,0.01,0.7,20.0,optimal_decomposed,76.25823279999895,76.25751759999548,0.0,1,2,15462.571691668627,498.3322510884225,15960.90394275705,15068.32821160977,15566.660462698193,117245.14872101111,0.0,56.40302601488952,0.0,0.0,0.0,False,False,False
main,tv_dro_rho_0p01,tv_dro,2025-04-01,56,True,True,20,,0.01,0.7,20.0,optimal_decomposed,76.25823279999895,76.25751759999548,0.0,1,2,15462.571691668627,498.3322510884225,15960.90394275705,15623.984806997623,16122.317058086046,137012.8588979526,0.0,39.982015552063324,0.0,0.0,0.0,False,False,False
main,tv_dro_rho_0p01,tv_dro,2025-04-01,57,True,True,20,,0.01,0.7,20.0,optimal_decomposed,76.25823279999895,76.25751759999548,0.0,1,2,15462.571691668627,498.3322510884225,15960.90394275705,15488.826892521902,15987.159143610324,130023.1091256151,0.1532483284405517,51.87743482778448,0.0,0.0,0.0,False,False,False
main,tv_dro_rho_0p01,tv_dro,2025-04-01,58,True,True,20,,0.01,0.7,20.0,optimal_decomposed,76.25823279999895,76.25751759999548,0.0,1,2,15462.571691668627,498.3322510884225,15960.90394275705,15935.60463662116,16433.93688770958,136003.65873790623,0.0,61.92617077678546,0.0,0.0,0.0,False,False,False
main,tv_dro_rho_0p01,tv_dro,2025-04-01,59,True,True,20,,0.01,0.7,20.0,optimal_decomposed,76.25823279999895,76.25751759999548,0.0,1,2,15462.571691668627,498.3322510884225,15960.90394275705,15534.585591896723,16032.917842985145,136054.49469580507,0.0,56.7689108454298,0.0,0.0,0.0,False,False,False
main,tv_dro_rho_0p01,tv_dro,2025-04-01,60,True,True,20,,0.01,0.7,20.0,optimal_decomposed,76.25823279999895,76.25751759999548,0.0,1,2,15462.571691668627,498.3322510884225,15960.90394275705,16052.704026945656,16551.036278034077,141427.1286508705,0.0,54.48228211288461,0.0,0.0,0.0,False,False,False
main,tv_dro_rho_0p01,tv_dro,2025-04-01,61,True,True,20,,0.01,0.7,20.0,optimal_decomposed,76.25823279999895,76.25751759999548,0.0,1,2,15462.571691668627,498.3322510884225,15960.90394275705,15313.81225710367,15812.144508192092,127343.95038361441,0.0,47.74881671211399,0.0,0.0,0.0,False,False,False
main,tv_dro_rho_0p01,tv_dro,2025-04-01,62,True,True,20,,0.01,0.7,20.0,optimal_decomposed,76.25823279999895,76.25751759999548,0.0,1,2,15462.571691668627,498.3322510884225,15960.90394275705,15096.635923643464,15594.968174731886,123789.74229417149,0.0,56.53144961859642,0.0,0.0,0.0,False,False,False
main,tv_dro_rho_0p01,tv_dro,2025-04-01,63,True,True,20,,0.01,0.7,20.0,optimal_decomposed,76.25823279999895,76.25751759999548,0.0,1,2,15462.571691668627,498.3322510884225,15960.90394275705,16257.074074641085,16755.406325729506,141741.1519850856,0.0,62.10390540830214,0.0,0.0,0.0,False,False,False
main,tv_dro_rho_0p01,tv_dro,2025-04-01,64,True,True,20,,0.01,0.7,20.0,optimal_decomposed,76.25823279999895,76.25751759999548,0.0,1,2,15462.571691668627,498.3322510884225,15960.90394275705,15421.444523044014,15919.776774132437,133752.13834776956,0.12693318263365128,48.64136224460262,0.0,0.0,0.0,False,False,False
main,tv_dro_rho_0p01,tv_dro,2025-04-01,65,True,True,20,,0.01,0.7,20.0,optimal_decomposed,76.25823279999895,76.25751759999548,0.0,1,2,15462.571691668627,498.3322510884225,15960.90394275705,16436.760653451984,16935.092904540405,148671.60566966364,0.034028649377869424,59.641851021406296,0.0,0.0,0.0,False,False,False
main,tv_dro_rho_0p01,tv_dro,2025-04-01,66,True,True,20,,0.01,0.7,20.0,optimal_decomposed,76.25823279999895,76.25751759999548,0.0,1,2,15462.571691668627,498.3322510884225,15960.90394275705,15087.350821444223,15585.683072532645,127858.56841657743,0.04602811773493265,64.65610765065765,0.0,0.0,0.0,False,False,False
main,tv_dro_rho_0p01,tv_dro,2025-04-01,67,True,True,20,,0.01,0.7,20.0,optimal_decomposed,76.25823279999895,76.25751759999548,0.0,1,2,15462.571691668627,498.3322510884225,15960.90394275705,15639.670675426913,16138.002926515335,135296.53534586643,0.0,56.349202019883236,0.0,0.0,0.0,False,False,False
main,tv_dro_rho_0p01,tv_dro,2025-04-01,68,True,True,20,,0.01,0.7,20.0,optimal_decomposed,76.25823279999895,76.25751759999548,0.0,1,2,15462.571691668627,498.3322510884225,15960.90394275705,15183.662067431811,15681.994318520234,131106.09432177217,0.34123632971256845,52.44063629937574,0.0,0.0,0.0,False,False,False
main,tv_dro_rho_0p01,tv_dro,2025-04-01,69,True,True,20,,0.01,0.7,20.0,optimal_decomposed,76.25823279999895,76.25751759999548,0.0,1,2,15462.571691668627,498.3322510884225,15960.90394275705,15882.892377448417,16381.22462853684,142273.6372684386,0.0,55.88049692683968,0.0,0.0,0.0,False,False,False
main,tv_dro_rho_0p01,tv_dro,2025-04-01,70,True,True,20,,0.01,0.7,20.0,optimal_decomposed,76.25823279999895,76.25751759999548,0.0,1,2,15462.571691668627,498.3322510884225,15960.90394275705,16030.31920531869,16528.65145640711,143087.9678816444,0.0,60.90487456702205,0.0,0.0,0.0,False,False,False
main,tv_dro_rho_0p01,tv_dro,2025-04-01,71,True,True,20,,0.01,0.7,20.0,optimal_decomposed,76.25823279999895,76.25751759999548,0.0,1,2,15462.571691668627,498.3322510884225,15960.90394275705,16662.83676064806,17161.16901173648,161150.20302267434,0.0,61.82476349320145,0.0,0.0,0.0,False,False,False
main,tv_dro_rho_0p01,tv_dro,2025-04-01,72,True,True,20,,0.01,0.7,20.0,optimal_decomposed,76.25823279999895,76.25751759999548,0.0,1,2,15462.571691668627,498.3322510884225,15960.90394275705,17276.088010300195,17774.420261388615,163662.74021930536,0.12588096945259597,61.92522237382115,0.0,0.0,0.0,False,False,False
main,tv_dro_rho_0p01,tv_dro,2025-04-01,73,True,True,20,,0.01,0.7,20.0,optimal_decomposed,76.25823279999895,76.25751759999548,0.0,1,2,15462.571691668627,498.3322510884225,15960.90394275705,15673.735595729808,16172.06784681823,137613.86867599463,0.0,50.55051887924155,0.0,0.0,0.0,False,False,False
main,tv_dro_rho_0p01,tv_dro,2025-04-01,74,True,True,20,,0.01,0.7,20.0,optimal_decomposed,76.25823279999895,76.25751759999548,0.0,1,2,15462.571691668627,498.3322510884225,15960.90394275705,15469.97438344262,15968.306634531044,136783.98748826887,0.16086483532618945,54.64195908987435,0.0,0.0,0.0,False,False,False
main,tv_dro_rho_0p01,tv_dro,2025-04-01,75,True,True,20,,0.01,0.7,20.0,optimal_decomposed,76.25823279999895,76.25751759999548,0.0,1,2,15462.571691668627,498.3322510884225,15960.90394275705,15773.186579589543,16271.518830677966,139957.63508167944,0.0,51.442615057738266,0.0,0.0,0.0,False,False,False
main,tv_dro_rho_0p01,tv_dro,2025-04-01,76,True,True,20,,0.01,0.7,20.0,optimal_decomposed,76.25823279999895,76.25751759999548,0.0,1,2,15462.571691668627,498.3322510884225,15960.90394275705,15134.275230494244,15632.607481582667,129676.08118332084,0.0,55.07424978700282,0.0,0.0,0.0,False,False,False
main,tv_dro_rho_0p01,tv_dro,2025-04-01,77,True,True,20,,0.01,0.7,20.0,optimal_decomposed,76.25823279999895,76.25751759999548,0.0,1,2,15462.571691668627,498.3322510884225,15960.90394275705,15937.498189873893,16435.830440962316,143681.6217030099,0.21970767414296466,50.8110334491931,0.0,0.0,0.0,False,False,False
main,tv_dro_rho_0p01,tv_dro,2025-04-01,78,True,True,20,,0.01,0.7,20.0,optimal_decomposed,76.25823279999895,76.25751759999548,0.0,1,2,15462.571691668627,498.3322510884225,15960.90394275705,15800.568819525772,16298.901070614194,137236.01419344792,0.0,53.79587208469432,0.0,0.0,0.0,False,False,False
main,tv_dro_rho_0p01,tv_dro,2025-04-01,79,True,True,20,,0.01,0.7,20.0,optimal_decomposed,76.25823279999895,76.25751759999548,0.0,1,2,15462.571691668627,498.3322510884225,15960.90394275705,15424.597871743694,15922.930122832116,124922.8132875876,0.0,49.90201925868387,0.0,0.0,0.0,False,False,False
main,tv_dro_rho_0p01,tv_dro,2025-04-01,80,True,True,20,,0.01,0.7,20.0,optimal_decomposed,76.25823279999895,76.25751759999548,0.0,1,2,15462.571691668627,498.3322510884225,15960.90394275705,15715.280260360938,16213.61251144936,133108.07393503597,0.0,50.70185007701511,0.0,0.0,0.0,False,False,False
main,tv_dro_rho_0p01,tv_dro,2025-04-01,81,True,True,20,,0.01,0.7,20.0,optimal_decomposed,76.25823279999895,76.25751759999548,0.0,1,2,15462.571691668627,498.3322510884225,15960.90394275705,16079.641056587634,16577.973307676057,146457.5223390268,0.0,60.02695274380167,0.0,0.0,0.0,False,False,False
main,tv_dro_rho_0p01,tv_dro,2025-04-01,82,True,True,20,,0.01,0.7,20.0,optimal_decomposed,76.25823279999895,76.25751759999548,0.0,1,2,15462.571691668627,498.3322510884225,15960.90394275705,15884.649966000317,16382.98221708874,143776.80690721207,0.0,46.115329128701234,0.0,0.0,0.0,False,False,False
main,tv_dro_rho_0p01,tv_dro,2025-04-01,83,True,True,20,,0.01,0.7,20.0,optimal_decomposed,76.25823279999895,76.25751759999548,0.0,1,2,15462.571691668627,498.3322510884225,15960.90394275705,15577.298474630381,16075.630725718804,129773.14473059392,0.29536423652851657,47.86866249861092,0.0,0.0,0.0,False,False,False
main,tv_dro_rho_0p01,tv_dro,2025-04-01,84,True,True,20,,0.01,0.7,20.0,optimal_decomposed,76.25823279999895,76.25751759999548,0.0,1,2,15462.571691668627,498.3322510884225,15960.90394275705,16566.615117788893,17064.947368877314,151787.41989882162,0.0,49.027183432722666,0.0,0.0,0.0,False,False,False
main,tv_dro_rho_0p01,tv_dro,2025-04-01,85,True,True,20,,0.01,0.7,20.0,optimal_decomposed,76.25823279999895,76.25751759999548,0.0,1,2,15462.571691668627,498.3322510884225,15960.90394275705,15778.702917291579,16277.035168380002,139012.98105283664,0.0,66.15584899064828,0.0,0.0,0.0,False,False,False
main,tv_dro_rho_0p01,tv_dro,2025-04-01,86,True,True,20,,0.01,0.7,20.0,optimal_decomposed,76.25823279999895,76.25751759999548,0.0,1,2,15462.571691668627,498.3322510884225,15960.90394275705,15600.5431324422,16098.875383530623,133439.85145457365,0.0,44.83467204209732,0.0,0.0,0.0,False,False,False
main,tv_dro_rho_0p01,tv_dro,2025-04-01,87,True,True,20,,0.01,0.7,20.0,optimal_decomposed,76.25823279999895,76.25751759999548,0.0,1,2,15462.571691668627,498.3322510884225,15960.90394275705,16103.48464610149,16601.81689718991,141923.0013710673,0.30393240825739576,53.14565884447434,0.0,0.0,0.0,False,False,False
main,tv_dro_rho_0p01,tv_dro,2025-04-01,88,True,True,20,,0.01,0.7,20.0,optimal_decomposed,76.25823279999895,76.25751759999548,0.0,1,2,15462.571691668627,498.3322510884225,15960.90394275705,15110.739727028431,15609.071978116854,126521.67302978763,0.0,64.91217204487745,0.0,0.0,0.0,False,False,False
main,tv_dro_rho_0p01,tv_dro,2025-04-01,89,True,True,20,,0.01,0.7,20.0,optimal_decomposed,76.25823279999895,76.25751759999548,0.0,1,2,15462.571691668627,498.3322510884225,15960.90394275705,16150.616622699708,16648.94887378813,148797.76527256513,0.0,50.08713234748329,0.0,0.0,0.0,False,False,False
main,tv_dro_rho_0p01,tv_dro,2025-04-01,90,True,True,20,,0.01,0.7,20.0,optimal_decomposed,76.25823279999895,76.25751759999548,0.0,1,2,15462.571691668627,498.3322510884225,15960.90394275705,14981.247001364858,15479.57925245328,117682.6392683758,0.2501019059658329,59.22062577629852,0.0,0.0,0.0,False,False,False
main,tv_dro_rho_0p01,tv_dro,2025-04-01,91,True,True,20,,0.01,0.7,20.0,optimal_decomposed,76.25823279999895,76.25751759999548,0.0,1,2,15462.571691668627,498.3322510884225,15960.90394275705,15221.411577244826,15719.743828333249,122562.76853322139,0.0,55.00780408238765,0.0,0.0,0.0,False,False,False
main,tv_dro_rho_0p01,tv_dro,2025-04-01,92,True,True,20,,0.01,0.7,20.0,optimal_decomposed,76.25823279999895,76.25751759999548,0.0,1,2,15462.571691668627,498.3322510884225,15960.90394275705,16449.777336674466,16948.109587762887,147368.78263524998,0.0,45.50142338316321,0.0,0.0,0.0,False,False,False
main,tv_dro_rho_0p01,tv_dro,2025-04-01,93,True,True,20,,0.01,0.7,20.0,optimal_decomposed,76.25823279999895,76.25751759999548,0.0,1,2,15462.571691668627,498.3322510884225,15960.90394275705,15385.589464170134,15883.921715258557,127493.64641657102,0.0,55.74350983558287,0.0,0.0,0.0,False,False,False
main,tv_dro_rho_0p01,tv_dro,2025-04-01,94,True,True,20,,0.01,0.7,20.0,optimal_decomposed,76.25823279999895,76.25751759999548,0.0,1,2,15462.571691668627,498.3322510884225,15960.90394275705,15491.736207555057,15990.06845864348,132598.66448438066,0.0,48.3387682546187,0.0,0.0,0.0,False,False,False
main,tv_dro_rho_0p01,tv_dro,2025-04-01,95,True,True,20,,0.01,0.7,20.0,optimal_decomposed,76.25823279999895,76.25751759999548,0.0,1,2,15462.571691668627,498.3322510884225,15960.90394275705,15160.766280063577,15659.098531152,137653.4571862508,0.13737220009487872,56.066931521901274,0.0,0.0,0.0,False,False,False
main,tv_dro_rho_0p01,tv_dro,2025-04-01,96,True,True,20,,0.01,0.7,20.0,optimal_decomposed,76.25823279999895,76.25751759999548,0.0,1,2,15462.571691668627,498.3322510884225,15960.90394275705,16021.517271534613,16519.849522623033,140442.2322883497,0.0,52.68468180108345,0.0,0.0,0.0,False,False,False
main,tv_dro_rho_0p01,tv_dro,2025-04-01,97,True,True,20,,0.01,0.7,20.0,optimal_decomposed,76.25823279999895,76.25751759999548,0.0,1,2,15462.571691668627,498.3322510884225,15960.90394275705,16327.941751376042,16826.274002464463,153647.10288103885,0.0,53.02251502428837,0.0,0.0,0.0,False,False,False
main,tv_dro_rho_0p01,tv_dro,2025-04-01,98,True,True,20,,0.01,0.7,20.0,optimal_decomposed,76.25823279999895,76.25751759999548,0.0,1,2,15462.571691668627,498.3322510884225,15960.90394275705,15548.998364676638,16047.33061576506,135544.8652037966,0.0,44.869022636897235,0.0,0.0,0.0,False,False,False
main,tv_dro_rho_0p01,tv_dro,2025-04-01,99,True,True,20,,0.01,0.7,20.0,optimal_decomposed,76.25823279999895,76.25751759999548,0.0,1,2,15462.571691668627,498.3322510884225,15960.90394275705,15811.286132914207,16309.61838400263,132763.17207908968,0.0,55.01432338822525,0.0,0.0,0.0,False,False,False
main,tv_dro_rho_0p01,tv_dro,2025-07-01,0,True,True,20,,0.01,0.7,20.0,optimal_decomposed,78.9585905999993,78.95780960000411,0.0,1,2,15865.460962360698,295.2709491819056,16160.731911542603,16092.360630497808,16387.631579679713,171954.6358916653,0.0,60.005995605981525,0.0,0.0,0.0,False,False,False
main,tv_dro_rho_0p01,tv_dro,2025-07-01,1,True,True,20,,0.01,0.7,20.0,optimal_decomposed,78.9585905999993,78.95780960000411,0.0,1,2,15865.460962360698,295.2709491819056,16160.731911542603,15463.88293839605,15759.153887577955,150605.03095122284,0.007130672298471918,67.75051963764635,0.0,0.0,0.0,False,False,False
main,tv_dro_rho_0p01,tv_dro,2025-07-01,2,True,True,20,,0.01,0.7,20.0,optimal_decomposed,78.9585905999993,78.95780960000411,0.0,1,2,15865.460962360698,295.2709491819056,16160.731911542603,15324.516032467789,15619.786981649695,154115.14838182865,0.0,52.99412954495918,0.0,0.0,0.0,False,False,False
main,tv_dro_rho_0p01,tv_dro,2025-07-01,3,True,True,20,,0.01,0.7,20.0,optimal_decomposed,78.9585905999993,78.95780960000411,0.0,1,2,15865.460962360698,295.2709491819056,16160.731911542603,16245.135135029046,16540.40608421095,168780.77565308567,0.0,64.29518995557362,0.0,0.0,0.0,False,False,False
main,tv_dro_rho_0p01,tv_dro,2025-07-01,4,True,True,20,,0.01,0.7,20.0,optimal_decomposed,78.9585905999993,78.95780960000411,0.0,1,2,15865.460962360698,295.2709491819056,16160.731911542603,15691.70234660876,15986.973295790665,165479.13959256807,0.0,53.94170480771848,0.0,0.0,0.0,False,False,False
main,tv_dro_rho_0p01,tv_dro,2025-07-01,5,True,True,20,,0.01,0.7,20.0,optimal_decomposed,78.9585905999993,78.95780960000411,0.0,1,2,15865.460962360698,295.2709491819056,16160.731911542603,14955.3990168142,15250.669965996107,143672.14744990453,0.0,58.847793165771286,0.0,0.0,0.0,False,False,False
main,tv_dro_rho_0p01,tv_dro,2025-07-01,6,True,True,20,,0.01,0.7,20.0,optimal_decomposed,78.9585905999993,78.95780960000411,0.0,1,2,15865.460962360698,295.2709491819056,16160.731911542603,15636.125084003837,15931.396033185743,158159.59797826258,0.0,53.40180566215329,0.0,0.0,0.0,False,False,False
main,tv_dro_rho_0p01,tv_dro,2025-07-01,7,True,True,20,,0.01,0.7,20.0,optimal_decomposed,78.9585905999993,78.95780960000411,0.0,1,2,15865.460962360698,295.2709491819056,16160.731911542603,15706.911475739907,16002.182424921813,169285.65504286988,0.026027743423365585,53.765852809020906,0.0,0.0,0.0,False,False,False
main,tv_dro_rho_0p01,tv_dro,2025-07-01,8,True,True,20,,0.01,0.7,20.0,optimal_decomposed,78.9585905999993,78.95780960000411,0.0,1,2,15865.460962360698,295.2709491819056,16160.731911542603,15700.324778192686,15995.595727374592,161118.13987558126,0.0,61.54941217744588,0.0,0.0,0.0,False,False,False
main,tv_dro_rho_0p01,tv_dro,2025-07-01,9,True,True,20,,0.01,0.7,20.0,optimal_decomposed,78.9585905999993,78.95780960000411,0.0,1,2,15865.460962360698,295.2709491819056,16160.731911542603,15475.716827746788,15770.987776928694,156183.6535185595,0.0,66.32243218972762,0.0,0.0,0.0,False,False,False
main,tv_dro_rho_0p01,tv_dro,2025-07-01,10,True,True,20,,0.01,0.7,20.0,optimal_decomposed,78.9585905999993,78.95780960000411,0.0,1,2,15865.460962360698,295.2709491819056,16160.731911542603,15901.564764142337,16196.835713324243,163742.8589579437,0.0,61.26117273420671,0.0,0.0,0.0,False,False,False
main,tv_dro_rho_0p01,tv_dro,2025-07-01,11,True,True,20,,0.01,0.7,20.0,optimal_decomposed,78.9585905999993,78.95780960000411,0.0,1,2,15865.460962360698,295.2709491819056,16160.731911542603,15728.855637454919,16024.126586636825,160549.4659430793,0.0,55.1986565695882,0.0,0.0,0.0,False,False,False
main,tv_dro_rho_0p01,tv_dro,2025-07-01,12,True,True,20,,0.01,0.7,20.0,optimal_decomposed,78.9585905999993,78.95780960000411,0.0,1,2,15865.460962360698,295.2709491819056,16160.731911542603,15771.34804785161,16066.618997033516,161997.3908722433,0.0,53.90852344724751,0.0,0.0,0.0,False,False,False
main,tv_dro_rho_0p01,tv_dro,2025-07-01,13,True,True,20,,0.01,0.7,20.0,optimal_decomposed,78.9585905999993,78.95780960000411,0.0,1,2,15865.460962360698,295.2709491819056,16160.731911542603,15639.531270996722,15934.802220178628,156873.80837262055,0.0,57.052749202055566,0.0,0.0,0.0,False,False,False
main,tv_dro_rho_0p01,tv_dro,2025-07-01,14,True,True,20,,0.01,0.7,20.0,optimal_decomposed,78.9585905999993,78.95780960000411,0.0,1,2,15865.460962360698,295.2709491819056,16160.731911542603,16406.111923279816,16701.38287246172,176466.7223434334,0.0,57.29643563114906,0.0,0.0,0.0,False,False,False
main,tv_dro_rho_0p01,tv_dro,2025-07-01,15,True,True,20,,0.01,0.7,20.0,optimal_decomposed,78.9585905999993,78.95780960000411,0.0,1,2,15865.460962360698,295.2709491819056,16160.731911542603,16315.636208878046,16610.907158059952,178104.944941021,0.0,56.72923812429099,0.0,0.0,0.0,False,False,False
main,tv_dro_rho_0p01,tv_dro,2025-07-01,16,True,True,20,,0.01,0.7,20.0,optimal_decomposed,78.9585905999993,78.95780960000411,0.0,1,2,15865.460962360698,295.2709491819056,16160.731911542603,17192.71214824977,17487.983097431676,189542.8907327082,0.0,58.13405816931407,0.0,0.0,0.0,False,False,False
main,tv_dro_rho_0p01,tv_dro,2025-07-01,17,True,True,20,,0.01,0.7,20.0,optimal_decomposed,78.9585905999993,78.95780960000411,0.0,1,2,15865.460962360698,295.2709491819056,16160.731911542603,16989.52383902736,17284.794788209263,184622.01800831038,0.0,69.72137060665537,0.0,0.0,0.0,False,False,False
main,tv_dro_rho_0p01,tv_dro,2025-07-01,18,True,True,20,,0.01,0.7,20.0,optimal_decomposed,78.9585905999993,78.95780960000411,0.0,1,2,15865.460962360698,295.2709491819056,16160.731911542603,16580.238844395863,16875.509793577767,162663.7102120971,0.0,59.50042579793841,0.0,0.0,0.0,False,False,False
main,tv_dro_rho_0p01,tv_dro,2025-07-01,19,True,True,20,,0.01,0.7,20.0,optimal_decomposed,78.9585905999993,78.95780960000411,0.0,1,2,15865.460962360698,295.2709491819056,16160.731911542603,15515.627948737409,15810.898897919315,159879.9450122042,0.0,58.03536551283756,0.0,0.0,0.0,False,False,False
main,tv_dro_rho_0p01,tv_dro,2025-07-01,20,True,True,20,,0.01,0.7,20.0,optimal_decomposed,78.9585905999993,78.95780960000411,0.0,1,2,15865.460962360698,295.2709491819056,16160.731911542603,16249.323183930686,16544.59413311259,172905.82641718906,0.0,52.63147298224004,0.0,0.0,0.0,False,False,False
main,tv_dro_rho_0p01,tv_dro,2025-07-01,21,True,True,20,,0.01,0.7,20.0,optimal_decomposed,78.9585905999993,78.95780960000411,0.0,1,2,15865.460962360698,295.2709491819056,16160.731911542603,17612.69064996836,17907.961599150265,193564.42987862945,0.0,52.05897800291991,0.0,0.0,0.0,False,False,False
main,tv_dro_rho_0p01,tv_dro,2025-07-01,22,True,True,20,,0.01,0.7,20.0,optimal_decomposed,78.9585905999993,78.95780960000411,0.0,1,2,15865.460962360698,295.2709491819056,16160.731911542603,16375.244330362511,16670.515279544416,174902.82187555742,0.0,57.614234526664156,0.0,0.0,0.0,False,False,False
main,tv_dro_rho_0p01,tv_dro,2025-07-01,23,True,True,20,,0.01,0.7,20.0,optimal_decomposed,78.9585905999993,78.95780960000411,0.0,1,2,15865.460962360698,295.2709491819056,16160.731911542603,16652.527142940628,16947.79809212253,182176.90098839175,0.0,59.23766428833775,0.0,0.0,0.0,False,False,False
main,tv_dro_rho_0p01,tv_dro,2025-07-01,24,True,True,20,,0.01,0.7,20.0,optimal_decomposed,78.9585905999993,78.95780960000411,0.0,1,2,15865.460962360698,295.2709491819056,16160.731911542603,15841.210454279546,16136.481403461452,166627.60067248074,0.0,63.091837637774994,0.0,0.0,0.0,False,False,False
main,tv_dro_rho_0p01,tv_dro,2025-07-01,25,True,True,20,,0.01,0.7,20.0,optimal_decomposed,78.9585905999993,78.95780960000411,0.0,1,2,15865.460962360698,295.2709491819056,16160.731911542603,16129.05513694785,16424.326086129757,169778.6802960086,0.0,53.79201814298636,0.0,0.0,0.0,False,False,False
main,tv_dro_rho_0p01,tv_dro,2025-07-01,26,True,True,20,,0.01,0.7,20.0,optimal_decomposed,78.9585905999993,78.95780960000411,0.0,1,2,15865.460962360698,295.2709491819056,16160.731911542603,16206.86969367501,16502.140642856913,170623.65870564675,0.0,66.75668306495854,0.0,0.0,0.0,False,False,False
main,tv_dro_rho_0p01,tv_dro,2025-07-01,27,True,True,20,,0.01,0.7,20.0,optimal_decomposed,78.9585905999993,78.95780960000411,0.0,1,2,15865.460962360698,295.2709491819056,16160.731911542603,16179.359911742413,16474.630860924317,165469.60901942113,0.0,62.07416434110729,0.0,0.0,0.0,False,False,False
main,tv_dro_rho_0p01,tv_dro,2025-07-01,28,True,True,20,,0.01,0.7,20.0,optimal_decomposed,78.9585905999993,78.95780960000411,0.0,1,2,15865.460962360698,295.2709491819056,16160.731911542603,16192.86142702901,16488.132376210917,161619.33463415352,0.0,51.709354956575226,0.0,0.0,0.0,False,False,False
main,tv_dro_rho_0p01,tv_dro,2025-07-01,29,True,True,20,,0.01,0.7,20.0,optimal_decomposed,78.9585905999993,78.95780960000411,0.0,1,2,15865.460962360698,295.2709491819056,16160.731911542603,16132.882945246829,16428.153894428735,175466.63416039746,0.0,49.4097119248372,0.0,0.0,0.0,False,False,False
main,tv_dro_rho_0p01,tv_dro,2025-07-01,30,True,True,20,,0.01,0.7,20.0,optimal_decomposed,78.9585905999993,78.95780960000411,0.0,1,2,15865.460962360698,295.2709491819056,16160.731911542603,16244.186058420992,16539.457007602898,171480.87047505393,0.0,53.922482567985966,0.0,0.0,0.0,False,False,False
main,tv_dro_rho_0p01,tv_dro,2025-07-01,31,True,True,20,,0.01,0.7,20.0,optimal_decomposed,78.9585905999993,78.95780960000411,0.0,1,2,15865.460962360698,295.2709491819056,16160.731911542603,15746.103411200318,16041.374360382224,161904.16193923508,0.0,61.8129481288997,0.0,0.0,0.0,False,False,False
main,tv_dro_rho_0p01,tv_dro,2025-07-01,32,True,True,20,,0.01,0.7,20.0,optimal_decomposed,78.9585905999993,78.95780960000411,0.0,1,2,15865.460962360698,295.2709491819056,16160.731911542603,15571.548550892827,15866.819500074733,166186.78287553389,0.0,63.307706452240055,0.0,0.0,0.0,False,False,False
main,tv_dro_rho_0p01,tv_dro,2025-07-01,33,True,True,20,,0.01,0.7,20.0,optimal_decomposed,78.9585905999993,78.95780960000411,0.0,1,2,15865.460962360698,295.2709491819056,16160.731911542603,16308.799259274752,16604.07020845666,168534.54562400436,0.0,68.94797159614127,0.0,0.0,0.0,False,False,False
main,tv_dro_rho_0p01,tv_dro,2025-07-01,34,True,True,20,,0.01,0.7,20.0,optimal_decomposed,78.9585905999993,78.95780960000411,0.0,1,2,15865.460962360698,295.2709491819056,16160.731911542603,15783.214635610047,16078.485584791953,158075.84608694832,0.0,61.42370138363957,0.0,0.0,0.0,False,False,False
main,tv_dro_rho_0p01,tv_dro,2025-07-01,35,True,True,20,,0.01,0.7,20.0,optimal_decomposed,78.9585905999993,78.95780960000411,0.0,1,2,15865.460962360698,295.2709491819056,16160.731911542603,15264.124840745751,15559.395789927657,147494.1248458231,0.026944190431471338,61.33276256243645,0.0,0.0,0.0,False,False,False
main,tv_dro_rho_0p01,tv_dro,2025-07-01,36,True,True,20,,0.01,0.7,20.0,optimal_decomposed,78.9585905999993,78.95780960000411,0.0,1,2,15865.460962360698,295.2709491819056,16160.731911542603,15660.725202980388,15955.996152162294,159979.46409688517,0.0,65.39822325423313,0.0,0.0,0.0,False,False,False
main,tv_dro_rho_0p01,tv_dro,2025-07-01,37,True,True,20,,0.01,0.7,20.0,optimal_decomposed,78.9585905999993,78.95780960000411,0.0,1,2,15865.460962360698,295.2709491819056,16160.731911542603,15488.836771374883,15784.107720556789,160860.01819757704,0.0,48.99251235190817,0.0,0.0,0.0,False,False,False
main,tv_dro_rho_0p01,tv_dro,2025-07-01,38,True,True,20,,0.01,0.7,20.0,optimal_decomposed,78.9585905999993,78.95780960000411,0.0,1,2,15865.460962360698,295.2709491819056,16160.731911542603,15652.049145483472,15947.320094665378,156473.94677869842,0.0,53.9619666833349,0.0,0.0,0.0,False,False,False
main,tv_dro_rho_0p01,tv_dro,2025-07-01,39,True,True,20,,0.01,0.7,20.0,optimal_decomposed,78.9585905999993,78.95780960000411,0.0,1,2,15865.460962360698,295.2709491819056,16160.731911542603,16266.14550496999,16561.416454151895,168912.1890926853,0.0,47.563955546451545,0.0,0.0,0.0,False,False,False
main,tv_dro_rho_0p01,tv_dro,2025-07-01,40,True,True,20,,0.01,0.7,20.0,optimal_decomposed,78.9585905999993,78.95780960000411,0.0,1,2,15865.460962360698,295.2709491819056,16160.731911542603,17453.020249795154,17748.29119897706,199987.72143793956,0.0,51.30957473415105,0.0,0.0,0.0,False,False,False
main,tv_dro_rho_0p01,tv_dro,2025-07-01,41,True,True,20,,0.01,0.7,20.0,optimal_decomposed,78.9585905999993,78.95780960000411,0.0,1,2,15865.460962360698,295.2709491819056,16160.731911542603,16267.372143360375,16562.64309254228,175387.97602490653,0.0,45.53776250713144,0.0,0.0,0.0,False,False,False
main,tv_dro_rho_0p01,tv_dro,2025-07-01,42,True,True,20,,0.01,0.7,20.0,optimal_decomposed,78.9585905999993,78.95780960000411,0.0,1,2,15865.460962360698,295.2709491819056,16160.731911542603,16288.227694039944,16583.49864322185,173633.29428212045,0.0,63.71267120891805,0.0,0.0,0.0,False,False,False
main,tv_dro_rho_0p01,tv_dro,2025-07-01,43,True,True,20,,0.01,0.7,20.0,optimal_decomposed,78.9585905999993,78.95780960000411,0.0,1,2,15865.460962360698,295.2709491819056,16160.731911542603,16334.64004689538,16629.910996077284,171357.89103316545,0.0,56.70705588703905,0.0,0.0,0.0,False,False,False
main,tv_dro_rho_0p01,tv_dro,2025-07-01,44,True,True,20,,0.01,0.7,20.0,optimal_decomposed,78.9585905999993,78.95780960000411,0.0,1,2,15865.460962360698,295.2709491819056,16160.731911542603,15560.967844630675,15856.238793812581,157631.117323544,0.0,57.81439911242687,0.0,0.0,0.0,False,False,False
main,tv_dro_rho_0p01,tv_dro,2025-07-01,45,True,True,20,,0.01,0.7,20.0,optimal_decomposed,78.9585905999993,78.95780960000411,0.0,1,2,15865.460962360698,295.2709491819056,16160.731911542603,16236.036248576062,16531.307197757968,165734.95911012034,0.0020403416942753605,66.1424383225749,0.0,0.0,0.0,False,False,False
main,tv_dro_rho_0p01,tv_dro,2025-07-01,46,True,True,20,,0.01,0.7,20.0,optimal_decomposed,78.9585905999993,78.95780960000411,0.0,1,2,15865.460962360698,295.2709491819056,16160.731911542603,16078.21905150849,16373.490000690395,170994.35224978862,0.0,58.21749780598101,0.0,0.0,0.0,False,False,False
main,tv_dro_rho_0p01,tv_dro,2025-07-01,47,True,True,20,,0.01,0.7,20.0,optimal_decomposed,78.9585905999993,78.95780960000411,0.0,1,2,15865.460962360698,295.2709491819056,16160.731911542603,16625.081133580337,16920.35208276224,175060.35937019036,0.0,59.18080171828848,0.0,0.0,0.0,False,False,False
main,tv_dro_rho_0p01,tv_dro,2025-07-01,48,True,True,20,,0.01,0.7,20.0,optimal_decomposed,78.9585905999993,78.95780960000411,0.0,1,2,15865.460962360698,295.2709491819056,16160.731911542603,15597.372947299627,15892.643896481533,159233.96703755105,0.0,57.60052940977964,0.0,0.0,0.0,False,False,False
main,tv_dro_rho_0p01,tv_dro,2025-07-01,49,True,True,20,,0.01,0.7,20.0,optimal_decomposed,78.9585905999993,78.95780960000411,0.0,1,2,15865.460962360698,295.2709491819056,16160.731911542603,15879.063210806946,16174.334159988852,168430.68062349912,0.0,67.45010373655003,0.0,0.0,0.0,False,False,False
main,tv_dro_rho_0p01,tv_dro,2025-07-01,50,True,True,20,,0.01,0.7,20.0,optimal_decomposed,78.9585905999993,78.95780960000411,0.0,1,2,15865.460962360698,295.2709491819056,16160.731911542603,15641.339160499714,15936.61010968162,157356.84141929136,0.0,64.27873270958035,0.0,0.0,0.0,False,False,False
main,tv_dro_rho_0p01,tv_dro,2025-07-01,51,True,True,20,,0.01,0.7,20.0,optimal_decomposed,78.9585905999993,78.95780960000411,0.0,1,2,15865.460962360698,295.2709491819056,16160.731911542603,14991.543601470716,15286.814550652622,150498.75197092132,0.0,60.897043285557196,0.0,0.0,0.0,False,False,False
main,tv_dro_rho_0p01,tv_dro,2025-07-01,52,True,True,20,,0.01,0.7,20.0,optimal_decomposed,78.9585905999993,78.95780960000411,0.0,1,2,15865.460962360698,295.2709491819056,16160.731911542603,16277.743845393627,16573.01479457553,173260.31413748392,0.0,61.990372278190584,0.0,0.0,0.0,False,False,False
main,tv_dro_rho_0p01,tv_dro,2025-07-01,53,True,True,20,,0.01,0.7,20.0,optimal_decomposed,78.9585905999993,78.95780960000411,0.0,1,2,15865.460962360698,295.2709491819056,16160.731911542603,16390.6411098974,16685.912059079303,175604.56798980743,0.0,50.75586125245046,0.0,0.0,0.0,False,False,False
main,tv_dro_rho_0p01,tv_dro,2025-07-01,54,True,True,20,,0.01,0.7,20.0,optimal_decomposed,78.9585905999993,78.95780960000411,0.0,1,2,15865.460962360698,295.2709491819056,16160.731911542603,16366.598913279175,16661.86986246108,176567.47637056207,0.0,58.54026137540487,0.0,0.0,0.0,False,False,False
main,tv_dro_rho_0p01,tv_dro,2025-07-01,55,True,True,20,,0.01,0.7,20.0,optimal_decomposed,78.9585905999993,78.95780960000411,0.0,1,2,15865.460962360698,295.2709491819056,16160.731911542603,15400.357944473571,15695.628893655477,150930.2210756496,0.06865349028305778,61.79936363030612,0.0,0.0,0.0,False,False,False
main,tv_dro_rho_0p01,tv_dro,2025-07-01,56,True,True,20,,0.01,0.7,20.0,optimal_decomposed,78.9585905999993,78.95780960000411,0.0,1,2,15865.460962360698,295.2709491819056,16160.731911542603,16257.958890122947,16553.22983930485,170717.37847624946,0.0,49.386164642446474,0.0,0.0,0.0,False,False,False
main,tv_dro_rho_0p01,tv_dro,2025-07-01,57,True,True,20,,0.01,0.7,20.0,optimal_decomposed,78.9585905999993,78.95780960000411,0.0,1,2,15865.460962360698,295.2709491819056,16160.731911542603,15790.025899916585,16085.296849098491,163301.13759258713,0.0,56.106067868208726,0.0,0.0,0.0,False,False,False
main,tv_dro_rho_0p01,tv_dro,2025-07-01,58,True,True,20,,0.01,0.7,20.0,optimal_decomposed,78.9585905999993,78.95780960000411,0.0,1,2,15865.460962360698,295.2709491819056,16160.731911542603,15987.473193050084,16282.74414223199,171414.96968275422,0.0,64.5968560187165,0.0,0.0,0.0,False,False,False
main,tv_dro_rho_0p01,tv_dro,2025-07-01,59,True,True,20,,0.01,0.7,20.0,optimal_decomposed,78.9585905999993,78.95780960000411,0.0,1,2,15865.460962360698,295.2709491819056,16160.731911542603,15907.47603285383,16202.746982035736,170636.97813281036,0.25901038844370966,63.363968176440174,0.0,0.0,0.0,False,False,False
main,tv_dro_rho_0p01,tv_dro,2025-07-01,60,True,True,20,,0.01,0.7,20.0,optimal_decomposed,78.9585905999993,78.95780960000411,0.0,1,2,15865.460962360698,295.2709491819056,16160.731911542603,16348.456352536065,16643.72730171797,176740.67711420823,0.0,58.90513690831544,0.0,0.0,0.0,False,False,False
main,tv_dro_rho_0p01,tv_dro,2025-07-01,61,True,True,20,,0.01,0.7,20.0,optimal_decomposed,78.9585905999993,78.95780960000411,0.0,1,2,15865.460962360698,295.2709491819056,16160.731911542603,15773.913211580448,16069.184160762354,159370.8842959436,0.0,47.56470502437949,0.0,0.0,0.0,False,False,False
main,tv_dro_rho_0p01,tv_dro,2025-07-01,62,True,True,20,,0.01,0.7,20.0,optimal_decomposed,78.9585905999993,78.95780960000411,0.0,1,2,15865.460962360698,295.2709491819056,16160.731911542603,15896.740769919263,16192.011719101169,156678.69872828145,0.0,60.50869798021603,0.0,0.0,0.0,False,False,False
main,tv_dro_rho_0p01,tv_dro,2025-07-01,63,True,True,20,,0.01,0.7,20.0,optimal_decomposed,78.9585905999993,78.95780960000411,0.0,1,2,15865.460962360698,295.2709491819056,16160.731911542603,16688.639038061112,16983.909987243016,175477.33548086617,0.0,68.81537328032114,0.0,0.0,0.0,False,False,False
main,tv_dro_rho_0p01,tv_dro,2025-07-01,64,True,True,20,,0.01,0.7,20.0,optimal_decomposed,78.9585905999993,78.95780960000411,0.0,1,2,15865.460962360698,295.2709491819056,16160.731911542603,15785.33495013814,16080.605899320046,166477.66422357553,0.0,51.68644009552255,0.0,0.0,0.0,False,False,False
main,tv_dro_rho_0p01,tv_dro,2025-07-01,65,True,True,20,,0.01,0.7,20.0,optimal_decomposed,78.9585905999993,78.95780960000411,0.0,1,2,15865.460962360698,295.2709491819056,16160.731911542603,16860.209197089203,17155.480146271108,182767.40305062325,0.0,56.93597275673648,0.0,0.0,0.0,False,False,False
main,tv_dro_rho_0p01,tv_dro,2025-07-01,66,True,True,20,,0.01,0.7,20.0,optimal_decomposed,78.9585905999993,78.95780960000411,0.0,1,2,15865.460962360698,295.2709491819056,16160.731911542603,15498.984324122559,15794.255273304465,161107.3214275226,0.0,68.79821914396578,0.0,0.0,0.0,False,False,False
main,tv_dro_rho_0p01,tv_dro,2025-07-01,67,True,True,20,,0.01,0.7,20.0,optimal_decomposed,78.9585905999993,78.95780960000411,0.0,1,2,15865.460962360698,295.2709491819056,16160.731911542603,16313.54384177881,16608.814790960714,169090.186052194,0.0,55.543135961558534,0.0,0.0,0.0,False,False,False
main,tv_dro_rho_0p01,tv_dro,2025-07-01,68,True,True,20,,0.01,0.7,20.0,optimal_decomposed,78.9585905999993,78.95780960000411,0.0,1,2,15865.460962360698,295.2709491819056,16160.731911542603,15935.595631707829,16230.866580889735,164663.6979736856,0.0662314188896459,60.59801266715766,0.0,0.0,0.0,False,False,False
main,tv_dro_rho_0p01,tv_dro,2025-07-01,69,True,True,20,,0.01,0.7,20.0,optimal_decomposed,78.9585905999993,78.95780960000411,0.0,1,2,15865.460962360698,295.2709491819056,16160.731911542603,16456.024231415857,16751.29518059776,177112.2359675358,0.0,59.1861648801212,0.0,0.0,0.0,False,False,False
main,tv_dro_rho_0p01,tv_dro,2025-07-01,70,True,True,20,,0.01,0.7,20.0,optimal_decomposed,78.9585905999993,78.95780960000411,0.0,1,2,15865.460962360698,295.2709491819056,16160.731911542603,16414.467408880275,16709.73835806218,177120.60551410154,0.0893481315343756,63.11616751013899,0.0,0.0,0.0,False,False,False
main,tv_dro_rho_0p01,tv_dro,2025-07-01,71,True,True,20,,0.01,0.7,20.0,optimal_decomposed,78.9585905999993,78.95780960000411,0.0,1,2,15865.460962360698,295.2709491819056,16160.731911542603,17342.889192491282,17638.160141673186,197643.88361282198,0.0,70.42258909121351,0.0,0.0,0.0,False,False,False
main,tv_dro_rho_0p01,tv_dro,2025-07-01,72,True,True,20,,0.01,0.7,20.0,optimal_decomposed,78.9585905999993,78.95780960000411,0.0,1,2,15865.460962360698,295.2709491819056,16160.731911542603,17669.091281763576,17964.36223094548,200384.1376394413,0.0,66.04072957923022,0.0,0.0,0.0,False,False,False
main,tv_dro_rho_0p01,tv_dro,2025-07-01,73,True,True,20,,0.01,0.7,20.0,optimal_decomposed,78.9585905999993,78.95780960000411,0.0,1,2,15865.460962360698,295.2709491819056,16160.731911542603,16250.295647946155,16545.56659712806,172139.4136360472,0.0,60.96123501983625,0.0,0.0,0.0,False,False,False
main,tv_dro_rho_0p01,tv_dro,2025-07-01,74,True,True,20,,0.01,0.7,20.0,optimal_decomposed,78.9585905999993,78.95780960000411,0.0,1,2,15865.460962360698,295.2709491819056,16160.731911542603,16109.124917481084,16404.395866662988,170341.0121830763,0.0,61.44305332347894,0.0,0.0,0.0,False,False,False
main,tv_dro_rho_0p01,tv_dro,2025-07-01,75,True,True,20,,0.01,0.7,20.0,optimal_decomposed,78.9585905999993,78.95780960000411,0.0,1,2,15865.460962360698,295.2709491819056,16160.731911542603,16370.813075823451,16666.084025005355,173912.66357361534,0.0,55.87568019971938,0.0,0.0,0.0,False,False,False
main,tv_dro_rho_0p01,tv_dro,2025-07-01,76,True,True,20,,0.01,0.7,20.0,optimal_decomposed,78.9585905999993,78.95780960000411,0.0,1,2,15865.460962360698,295.2709491819056,16160.731911542603,15588.020411682372,15883.291360864278,162500.79255389457,0.0,58.80555266945072,0.0,0.0,0.0,False,False,False
main,tv_dro_rho_0p01,tv_dro,2025-07-01,77,True,True,20,,0.01,0.7,20.0,optimal_decomposed,78.9585905999993,78.95780960000411,0.0,1,2,15865.460962360698,295.2709491819056,16160.731911542603,16491.237367841284,16786.50831702319,177761.5743477307,0.0,59.19499129745633,0.0,0.0,0.0,False,False,False
main,tv_dro_rho_0p01,tv_dro,2025-07-01,78,True,True,20,,0.01,0.7,20.0,optimal_decomposed,78.9585905999993,78.95780960000411,0.0,1,2,15865.460962360698,295.2709491819056,16160.731911542603,16149.927564432965,16445.19851361487,171264.14063195107,0.0,60.692147500613565,0.0,0.0,0.0,False,False,False
main,tv_dro_rho_0p01,tv_dro,2025-07-01,79,True,True,20,,0.01,0.7,20.0,optimal_decomposed,78.9585905999993,78.95780960000411,0.0,1,2,15865.460962360698,295.2709491819056,16160.731911542603,15740.815008834148,16036.085958016054,158033.9056890945,0.0,54.744284543468765,0.0,0.0,0.0,False,False,False
main,tv_dro_rho_0p01,tv_dro,2025-07-01,80,True,True,20,,0.01,0.7,20.0,optimal_decomposed,78.9585905999993,78.95780960000411,0.0,1,2,15865.460962360698,295.2709491819056,16160.731911542603,16199.472781122742,16494.743730304646,167282.68761570173,0.0,57.780699900888344,0.0,0.0,0.0,False,False,False
main,tv_dro_rho_0p01,tv_dro,2025-07-01,81,True,True,20,,0.01,0.7,20.0,optimal_decomposed,78.9585905999993,78.95780960000411,0.0,1,2,15865.460962360698,295.2709491819056,16160.731911542603,16516.015372931477,16811.28632211338,182659.49096407194,0.0,67.29187468778852,0.0,0.0,0.0,False,False,False
main,tv_dro_rho_0p01,tv_dro,2025-07-01,82,True,True,20,,0.01,0.7,20.0,optimal_decomposed,78.9585905999993,78.95780960000411,0.0,1,2,15865.460962360698,295.2709491819056,16160.731911542603,16497.541282381444,16792.812231563348,178771.0124087697,0.0,45.424244552535484,0.0,0.0,0.0,False,False,False
main,tv_dro_rho_0p01,tv_dro,2025-07-01,83,True,True,20,,0.01,0.7,20.0,optimal_decomposed,78.9585905999993,78.95780960000411,0.0,1,2,15865.460962360698,295.2709491819056,16160.731911542603,16320.155094113808,16615.426043295713,163102.73705829083,0.0,58.84517465014808,0.0,0.0,0.0,False,False,False
main,tv_dro_rho_0p01,tv_dro,2025-07-01,84,True,True,20,,0.01,0.7,20.0,optimal_decomposed,78.9585905999993,78.95780960000411,0.0,1,2,15865.460962360698,295.2709491819056,16160.731911542603,16786.696086788765,17081.96703597067,187704.34780009813,0.0,55.19395281499684,0.0,0.0,0.0,False,False,False
main,tv_dro_rho_0p01,tv_dro,2025-07-01,85,True,True,20,,0.01,0.7,20.0,optimal_decomposed,78.9585905999993,78.95780960000411,0.0,1,2,15865.460962360698,295.2709491819056,16160.731911542603,16218.619584088807,16513.89053327071,172523.84665308363,0.0,68.83654489647964,0.0,0.0,0.0,False,False,False
main,tv_dro_rho_0p01,tv_dro,2025-07-01,86,True,True,20,,0.01,0.7,20.0,optimal_decomposed,78.9585905999993,78.95780960000411,0.0,1,2,15865.460962360698,295.2709491819056,16160.731911542603,16253.935462840338,16549.206412022242,166460.54772778298,0.0,49.80222759021526,0.0,0.0,0.0,False,False,False
main,tv_dro_rho_0p01,tv_dro,2025-07-01,87,True,True,20,,0.01,0.7,20.0,optimal_decomposed,78.9585905999993,78.95780960000411,0.0,1,2,15865.460962360698,295.2709491819056,16160.731911542603,16607.96346665696,16903.234415838862,176778.68147009588,0.0,59.53287672271061,0.0,0.0,0.0,False,False,False
main,tv_dro_rho_0p01,tv_dro,2025-07-01,88,True,True,20,,0.01,0.7,20.0,optimal_decomposed,78.9585905999993,78.95780960000411,0.0,1,2,15865.460962360698,295.2709491819056,16160.731911542603,15570.868010360802,15866.138959542708,159263.29311124983,0.0,67.98316285825273,0.0,0.0,0.0,False,False,False
main,tv_dro_rho_0p01,tv_dro,2025-07-01,89,True,True,20,,0.01,0.7,20.0,optimal_decomposed,78.9585905999993,78.95780960000411,0.0,1,2,15865.460962360698,295.2709491819056,16160.731911542603,16801.538213156447,17096.80916233835,183791.94646435298,0.0,55.81271077685628,0.0,0.0,0.0,False,False,False
main,tv_dro_rho_0p01,tv_dro,2025-07-01,90,True,True,20,,0.01,0.7,20.0,optimal_decomposed,78.9585905999993,78.95780960000411,0.0,1,2,15865.460962360698,295.2709491819056,16160.731911542603,15236.324581520976,15531.595530702882,149254.04677642,0.0,62.313725715469786,0.0,0.0,0.0,False,False,False
main,tv_dro_rho_0p01,tv_dro,2025-07-01,91,True,True,20,,0.01,0.7,20.0,optimal_decomposed,78.9585905999993,78.95780960000411,0.0,1,2,15865.460962360698,295.2709491819056,16160.731911542603,15268.488816359595,15563.759765541501,154787.70769707437,0.0,61.34256100371621,0.0,0.0,0.0,False,False,False
main,tv_dro_rho_0p01,tv_dro,2025-07-01,92,True,True,20,,0.01,0.7,20.0,optimal_decomposed,78.9585905999993,78.95780960000411,0.0,1,2,15865.460962360698,295.2709491819056,16160.731911542603,16712.24325068357,17007.514199865473,182376.1233634455,0.0,48.55169816849417,0.0,0.0,0.0,False,False,False
main,tv_dro_rho_0p01,tv_dro,2025-07-01,93,True,True,20,,0.01,0.7,20.0,optimal_decomposed,78.9585905999993,78.95780960000411,0.0,1,2,15865.460962360698,295.2709491819056,16160.731911542603,15919.44221453885,16214.713163720757,160865.84997612247,0.0,61.219009916344895,0.0,0.0,0.0,False,False,False
main,tv_dro_rho_0p01,tv_dro,2025-07-01,94,True,True,20,,0.01,0.7,20.0,optimal_decomposed,78.9585905999993,78.95780960000411,0.0,1,2,15865.460962360698,295.2709491819056,16160.731911542603,16077.35827639837,16372.629225580276,165663.92380632204,0.0,51.704323290753265,0.0,0.0,0.0,False,False,False
main,tv_dro_rho_0p01,tv_dro,2025-07-01,95,True,True,20,,0.01,0.7,20.0,optimal_decomposed,78.9585905999993,78.95780960000411,0.0,1,2,15865.460962360698,295.2709491819056,16160.731911542603,15748.650822158243,16043.921771340149,170748.46227422552,0.0,58.42894807733787,0.0,0.0,0.0,False,False,False
main,tv_dro_rho_0p01,tv_dro,2025-07-01,96,True,True,20,,0.01,0.7,20.0,optimal_decomposed,78.9585905999993,78.95780960000411,0.0,1,2,15865.460962360698,295.2709491819056,16160.731911542603,16246.79971739054,16542.070666572446,175515.96018739036,0.0,56.32624914289341,0.0,0.0,0.0,False,False,False
main,tv_dro_rho_0p01,tv_dro,2025-07-01,97,True,True,20,,0.01,0.7,20.0,optimal_decomposed,78.9585905999993,78.95780960000411,0.0,1,2,15865.460962360698,295.2709491819056,16160.731911542603,16895.513758615976,17190.78470779788,189442.26615453314,0.0,57.54969737633326,0.0,0.0,0.0,False,False,False
main,tv_dro_rho_0p01,tv_dro,2025-07-01,98,True,True,20,,0.01,0.7,20.0,optimal_decomposed,78.9585905999993,78.95780960000411,0.0,1,2,15865.460962360698,295.2709491819056,16160.731911542603,16229.84332357937,16525.114272761275,168657.1108493877,0.2424286751377033,46.97832187846527,0.0,0.0,0.0,False,False,False
main,tv_dro_rho_0p01,tv_dro,2025-07-01,99,True,True,20,,0.01,0.7,20.0,optimal_decomposed,78.9585905999993,78.95780960000411,0.0,1,2,15865.460962360698,295.2709491819056,16160.731911542603,16191.586809030723,16486.857758212627,165753.48857270903,0.0,61.971008035230994,0.0,0.0,0.0,False,False,False
main,tv_dro_rho_0p01,tv_dro,2025-10-01,0,True,True,20,,0.01,0.7,20.0,optimal_decomposed,69.33670710001024,69.33610810000391,0.0,1,2,16307.664624421883,533.9055933035839,16841.570217725468,16598.989267921712,17132.894861225297,197524.71414352255,0.046624215478914044,55.54853989559795,0.0,0.0,0.0,False,False,False
main,tv_dro_rho_0p01,tv_dro,2025-10-01,1,True,True,20,,0.01,0.7,20.0,optimal_decomposed,69.33670710001024,69.33610810000391,0.0,1,2,16307.664624421883,533.9055933035839,16841.570217725468,15638.501204369191,16172.406797672775,175035.43011020886,0.10274931884231314,63.44775818412639,0.0,0.0,0.0,False,False,False
main,tv_dro_rho_0p01,tv_dro,2025-10-01,2,True,True,20,,0.01,0.7,20.0,optimal_decomposed,69.33670710001024,69.33610810000391,0.0,1,2,16307.664624421883,533.9055933035839,16841.570217725468,15952.254393736057,16486.159987039642,178283.46509991682,0.07133272521332604,48.6273605160725,0.0,0.0,0.0,False,False,False
main,tv_dro_rho_0p01,tv_dro,2025-10-01,3,True,True,20,,0.01,0.7,20.0,optimal_decomposed,69.33670710001024,69.33610810000391,0.0,1,2,16307.664624421883,533.9055933035839,16841.570217725468,16432.92019212389,16966.825785427474,194613.4216781097,0.0,56.591126237410165,0.0,0.0,0.0,False,False,False
main,tv_dro_rho_0p01,tv_dro,2025-10-01,4,True,True,20,,0.01,0.7,20.0,optimal_decomposed,69.33670710001024,69.33610810000391,0.0,1,2,16307.664624421883,533.9055933035839,16841.570217725468,16229.798746984437,16763.704340288023,190543.717468213,0.012900136154478326,49.86275061276246,0.0,0.0,0.0,False,False,False
main,tv_dro_rho_0p01,tv_dro,2025-10-01,5,True,True,20,,0.01,0.7,20.0,optimal_decomposed,69.33670710001024,69.33610810000391,0.0,1,2,16307.664624421883,533.9055933035839,16841.570217725468,15520.911974121977,16054.81756742556,167872.42058086736,0.0,58.64682126089751,0.0,0.0,0.0,False,False,False
main,tv_dro_rho_0p01,tv_dro,2025-10-01,6,True,True,20,,0.01,0.7,20.0,optimal_decomposed,69.33670710001024,69.33610810000391,0.0,1,2,16307.664624421883,533.9055933035839,16841.570217725468,16395.541722316015,16929.4473156196,182644.0243876211,0.0,49.41478636660411,0.0,0.0,0.0,False,False,False
main,tv_dro_rho_0p01,tv_dro,2025-10-01,7,True,True,20,,0.01,0.7,20.0,optimal_decomposed,69.33670710001024,69.33610810000391,0.0,1,2,16307.664624421883,533.9055933035839,16841.570217725468,16279.475026573757,16813.38061987734,196176.53316473533,0.10150213416273393,50.8538946583567,0.0,0.0,0.0,False,False,False
main,tv_dro_rho_0p01,tv_dro,2025-10-01,8,True,True,20,,0.01,0.7,20.0,optimal_decomposed,69.33670710001024,69.33610810000391,0.0,1,2,16307.664624421883,533.9055933035839,16841.570217725468,16094.489026329189,16628.394619632774,186899.2402796296,0.1401622445987849,51.904980223141465,0.0,0.0,0.0,False,False,False
main,tv_dro_rho_0p01,tv_dro,2025-10-01,9,True,True,20,,0.01,0.7,20.0,optimal_decomposed,69.33670710001024,69.33610810000391,0.0,1,2,16307.664624421883,533.9055933035839,16841.570217725468,15997.939128210443,16531.844721514026,181816.79448729302,0.041723668266579805,61.34986751212104,0.0,0.0,0.0,False,False,False
main,tv_dro_rho_0p01,tv_dro,2025-10-01,10,True,True,20,,0.01,0.7,20.0,optimal_decomposed,69.33670710001024,69.33610810000391,0.0,1,2,16307.664624421883,533.9055933035839,16841.570217725468,16084.939834815399,16618.845428118984,189629.56090403197,0.0,59.6786432252779,0.0,0.0,0.0,False,False,False
main,tv_dro_rho_0p01,tv_dro,2025-10-01,11,True,True,20,,0.01,0.7,20.0,optimal_decomposed,69.33670710001024,69.33610810000391,0.0,1,2,16307.664624421883,533.9055933035839,16841.570217725468,16194.365228490948,16728.270821794533,187308.36994965264,0.055128970249429254,47.92882117888709,0.0,0.0,0.0,False,False,False
main,tv_dro_rho_0p01,tv_dro,2025-10-01,12,True,True,20,,0.01,0.7,20.0,optimal_decomposed,69.33670710001024,69.33610810000391,0.0,1,2,16307.664624421883,533.9055933035839,16841.570217725468,16225.685084437904,16759.59067774149,187481.4738887172,0.0682847757914041,50.98531650184602,0.0,0.0,0.0,False,False,False
main,tv_dro_rho_0p01,tv_dro,2025-10-01,13,True,True,20,,0.01,0.7,20.0,optimal_decomposed,69.33670710001024,69.33610810000391,0.0,1,2,16307.664624421883,533.9055933035839,16841.570217725468,16090.423279778111,16624.328873081697,183879.19220591983,0.025429001766367282,57.15423787536206,0.0,0.0,0.0,False,False,False
main,tv_dro_rho_0p01,tv_dro,2025-10-01,14,True,True,20,,0.01,0.7,20.0,optimal_decomposed,69.33670710001024,69.33610810000391,0.0,1,2,16307.664624421883,533.9055933035839,16841.570217725468,16620.357061121857,17154.26265442544,203551.89077143747,0.0,52.880380214369836,0.0,0.0,0.0,False,False,False
main,tv_dro_rho_0p01,tv_dro,2025-10-01,15,True,True,20,,0.01,0.7,20.0,optimal_decomposed,69.33670710001024,69.33610810000391,0.0,1,2,16307.664624421883,533.9055933035839,16841.570217725468,16536.742713109772,17070.648306413357,203599.1679791518,0.06983080683337653,48.14562768988657,0.0,0.0,0.0,False,False,False
main,tv_dro_rho_0p01,tv_dro,2025-10-01,16,True,True,20,,0.01,0.7,20.0,optimal_decomposed,69.33670710001024,69.33610810000391,0.0,1,2,16307.664624421883,533.9055933035839,16841.570217725468,17087.179665280717,17621.085258584302,216556.94229045478,0.0,50.12850573934062,0.0,0.0,0.0,False,False,False
main,tv_dro_rho_0p01,tv_dro,2025-10-01,17,True,True,20,,0.01,0.7,20.0,optimal_decomposed,69.33670710001024,69.33610810000391,0.0,1,2,16307.664624421883,533.9055933035839,16841.570217725468,17264.957022876446,17798.86261618003,210645.79628742745,0.0,63.608412560017754,0.0,0.0,0.0,False,False,False
main,tv_dro_rho_0p01,tv_dro,2025-10-01,18,True,True,20,,0.01,0.7,20.0,optimal_decomposed,69.33670710001024,69.33610810000391,0.0,1,2,16307.664624421883,533.9055933035839,16841.570217725468,16278.803566583802,16812.709159887385,189285.7491032153,0.0,55.78576935221772,0.0,0.0,0.0,False,False,False
main,tv_dro_rho_0p01,tv_dro,2025-10-01,19,True,True,20,,0.01,0.7,20.0,optimal_decomposed,69.33670710001024,69.33610810000391,0.0,1,2,16307.664624421883,533.9055933035839,16841.570217725468,15974.24745712688,16508.153050430465,185833.4233745536,0.07717984773609943,54.328530212849266,0.0,0.0,0.0,False,False,False
main,tv_dro_rho_0p01,tv_dro,2025-10-01,20,True,True,20,,0.01,0.7,20.0,optimal_decomposed,69.33670710001024,69.33610810000391,0.0,1,2,16307.664624421883,533.9055933035839,16841.570217725468,16369.228053993678,16903.13364729726,199218.38278047592,0.0,49.680720235654675,0.0,0.0,0.0,False,False,False
main,tv_dro_rho_0p01,tv_dro,2025-10-01,21,True,True,20,,0.01,0.7,20.0,optimal_decomposed,69.33670710001024,69.33610810000391,0.0,1,2,16307.664624421883,533.9055933035839,16841.570217725468,17635.591669584748,18169.497262888333,220996.83348144815,0.0,50.58782596112297,0.0,0.0,0.0,False,False,False
main,tv_dro_rho_0p01,tv_dro,2025-10-01,22,True,True,20,,0.01,0.7,20.0,optimal_decomposed,69.33670710001024,69.33610810000391,0.0,1,2,16307.664624421883,533.9055933035839,16841.570217725468,16711.211913217743,17245.11750652133,201331.25064101076,0.0344368767967565,52.39169272263718,0.0,0.0,0.0,False,False,False
main,tv_dro_rho_0p01,tv_dro,2025-10-01,23,True,True,20,,0.01,0.7,20.0,optimal_decomposed,69.33670710001024,69.33610810000391,0.0,1,2,16307.664624421883,533.9055933035839,16841.570217725468,16989.06682860392,17522.972421907507,208151.58424186095,0.0,53.184676440764946,0.0,0.0,0.0,False,False,False
main,tv_dro_rho_0p01,tv_dro,2025-10-01,24,True,True,20,,0.01,0.7,20.0,optimal_decomposed,69.33670710001024,69.33610810000391,0.0,1,2,16307.664624421883,533.9055933035839,16841.570217725468,16148.247793369752,16682.153386673337,192296.77196104743,0.03323316319860545,58.05727287781863,0.0,0.0,0.0,False,False,False
main,tv_dro_rho_0p01,tv_dro,2025-10-01,25,True,True,20,,0.01,0.7,20.0,optimal_decomposed,69.33670710001024,69.33610810000391,0.0,1,2,16307.664624421883,533.9055933035839,16841.570217725468,16579.041536618737,17112.947129922322,196052.98926600823,0.0,49.93784844157025,0.0,0.0,0.0,False,False,False
main,tv_dro_rho_0p01,tv_dro,2025-10-01,26,True,True,20,,0.01,0.7,20.0,optimal_decomposed,69.33670710001024,69.33610810000391,0.0,1,2,16307.664624421883,533.9055933035839,16841.570217725468,16632.638329582092,17166.543922885678,197295.72423084045,0.0,60.45352943726079,0.0,0.0,0.0,False,False,False
main,tv_dro_rho_0p01,tv_dro,2025-10-01,27,True,True,20,,0.01,0.7,20.0,optimal_decomposed,69.33670710001024,69.33610810000391,0.0,1,2,16307.664624421883,533.9055933035839,16841.570217725468,16341.769790341816,16875.6753836454,191753.15005832238,0.03934952439921213,57.99199144497642,0.0,0.0,0.0,False,False,False
main,tv_dro_rho_0p01,tv_dro,2025-10-01,28,True,True,20,,0.01,0.7,20.0,optimal_decomposed,69.33670710001024,69.33610810000391,0.0,1,2,16307.664624421883,533.9055933035839,16841.570217725468,16521.58799951888,17055.493592822466,186638.87862221533,0.0,46.78863518715735,0.0,0.0,0.0,False,False,False
main,tv_dro_rho_0p01,tv_dro,2025-10-01,29,True,True,20,,0.01,0.7,20.0,optimal_decomposed,69.33670710001024,69.33610810000391,0.0,1,2,16307.664624421883,533.9055933035839,16841.570217725468,16484.62302243005,17018.528615733634,201101.0802549544,0.0,44.30561108205551,0.0,0.0,0.0,False,False,False
main,tv_dro_rho_0p01,tv_dro,2025-10-01,30,True,True,20,,0.01,0.7,20.0,optimal_decomposed,69.33670710001024,69.33610810000391,0.0,1,2,16307.664624421883,533.9055933035839,16841.570217725468,16303.949801041408,16837.85539434499,198560.0790278665,0.05180754945589419,50.147516039617976,0.0,0.0,0.0,False,False,False
main,tv_dro_rho_0p01,tv_dro,2025-10-01,31,True,True,20,,0.01,0.7,20.0,optimal_decomposed,69.33670710001024,69.33610810000391,0.0,1,2,16307.664624421883,533.9055933035839,16841.570217725468,16235.036728788544,16768.942322092127,187043.24922054727,0.0,52.45332813107008,0.0,0.0,0.0,False,False,False
main,tv_dro_rho_0p01,tv_dro,2025-10-01,32,True,True,20,,0.01,0.7,20.0,optimal_decomposed,69.33670710001024,69.33610810000391,0.0,1,2,16307.664624421883,533.9055933035839,16841.570217725468,16052.974091337617,16586.8796846412,192419.36882178864,0.056743201782676694,57.101434739052195,0.0,0.0,0.0,False,False,False
main,tv_dro_rho_0p01,tv_dro,2025-10-01,33,True,True,20,,0.01,0.7,20.0,optimal_decomposed,69.33670710001024,69.33610810000391,0.0,1,2,16307.664624421883,533.9055933035839,16841.570217725468,16576.096725340332,17110.002318643918,194217.50459114922,0.042327395300308046,63.82462330640755,0.0,0.0,0.0,False,False,False
main,tv_dro_rho_0p01,tv_dro,2025-10-01,34,True,True,20,,0.01,0.7,20.0,optimal_decomposed,69.33670710001024,69.33610810000391,0.0,1,2,16307.664624421883,533.9055933035839,16841.570217725468,16061.68297953605,16595.588572839635,182247.0613975055,0.0,53.21702688935705,0.0,0.0,0.0,False,False,False
main,tv_dro_rho_0p01,tv_dro,2025-10-01,35,True,True,20,,0.01,0.7,20.0,optimal_decomposed,69.33670710001024,69.33610810000391,0.0,1,2,16307.664624421883,533.9055933035839,16841.570217725468,15532.143790764985,16066.049384068569,172766.96430188892,0.12999784233276923,56.72830491907094,0.0,0.0,0.0,False,False,False
main,tv_dro_rho_0p01,tv_dro,2025-10-01,36,True,True,20,,0.01,0.7,20.0,optimal_decomposed,69.33670710001024,69.33610810000391,0.0,1,2,16307.664624421883,533.9055933035839,16841.570217725468,16242.479002008691,16776.384595312276,185344.23460092774,0.0,60.361331692861874,0.0,0.0,0.0,False,False,False
main,tv_dro_rho_0p01,tv_dro,2025-10-01,37,True,True,20,,0.01,0.7,20.0,optimal_decomposed,69.33670710001024,69.33610810000391,0.0,1,2,16307.664624421883,533.9055933035839,16841.570217725468,16165.607292164384,16699.512885467968,185056.08907845966,0.1388192264774213,46.294800725331086,0.0,0.0,0.0,False,False,False
main,tv_dro_rho_0p01,tv_dro,2025-10-01,38,True,True,20,,0.01,0.7,20.0,optimal_decomposed,69.33670710001024,69.33610810000391,0.0,1,2,16307.664624421883,533.9055933035839,16841.570217725468,16130.869516694971,16664.775109998554,182284.4316820509,0.0,51.07059829481684,0.0,0.0,0.0,False,False,False
main,tv_dro_rho_0p01,tv_dro,2025-10-01,39,True,True,20,,0.01,0.7,20.0,optimal_decomposed,69.33670710001024,69.33610810000391,0.0,1,2,16307.664624421883,533.9055933035839,16841.570217725468,16436.636065593575,16970.54165889716,193998.03813498918,0.0,43.555942471429994,0.0,0.0,0.0,False,False,False
main,tv_dro_rho_0p01,tv_dro,2025-10-01,40,True,True,20,,0.01,0.7,20.0,optimal_decomposed,69.33670710001024,69.33610810000391,0.0,1,2,16307.664624421883,533.9055933035839,16841.570217725468,17594.40392063585,18128.309513939435,227938.14004784464,0.0,45.938743149826735,0.0,0.0,0.0,False,False,False
main,tv_dro_rho_0p01,tv_dro,2025-10-01,41,True,True,20,,0.01,0.7,20.0,optimal_decomposed,69.33670710001024,69.33610810000391,0.0,1,2,16307.664624421883,533.9055933035839,16841.570217725468,16625.473885948988,17159.379479252573,203081.28375931396,0.06330342254210164,40.240983993968555,0.0,0.0,0.0,False,False,False
main,tv_dro_rho_0p01,tv_dro,2025-10-01,42,True,True,20,,0.01,0.7,20.0,optimal_decomposed,69.33670710001024,69.33610810000391,0.0,1,2,16307.664624421883,533.9055933035839,16841.570217725468,16655.50595498727,17189.411548290856,199496.2363744577,0.0,54.532092787483414,0.0,0.0,0.0,False,False,False
main,tv_dro_rho_0p01,tv_dro,2025-10-01,43,True,True,20,,0.01,0.7,20.0,optimal_decomposed,69.33670710001024,69.33610810000391,0.0,1,2,16307.664624421883,533.9055933035839,16841.570217725468,16340.773238819782,16874.678832123365,196354.85442669678,0.0,57.0634776078821,0.0,0.0,0.0,False,False,False
main,tv_dro_rho_0p01,tv_dro,2025-10-01,44,True,True,20,,0.01,0.7,20.0,optimal_decomposed,69.33670710001024,69.33610810000391,0.0,1,2,16307.664624421883,533.9055933035839,16841.570217725468,15876.655487400416,16410.561080704,182834.74667239783,0.0,57.21655878706717,0.0,0.0,0.0,False,False,False
main,tv_dro_rho_0p01,tv_dro,2025-10-01,45,True,True,20,,0.01,0.7,20.0,optimal_decomposed,69.33670710001024,69.33610810000391,0.0,1,2,16307.664624421883,533.9055933035839,16841.570217725468,16534.17562530784,17068.081218611424,192704.51917556068,0.0,57.82308862408753,0.0,0.0,0.0,False,False,False
main,tv_dro_rho_0p01,tv_dro,2025-10-01,46,True,True,20,,0.01,0.7,20.0,optimal_decomposed,69.33670710001024,69.33610810000391,0.0,1,2,16307.664624421883,533.9055933035839,16841.570217725468,16314.465168155859,16848.370761459442,197501.0325240012,0.06071666575011192,55.193669433747345,0.0,0.0,0.0,False,False,False
main,tv_dro_rho_0p01,tv_dro,2025-10-01,47,True,True,20,,0.01,0.7,20.0,optimal_decomposed,69.33670710001024,69.33610810000391,0.0,1,2,16307.664624421883,533.9055933035839,16841.570217725468,16602.420365177746,17136.32595848133,202063.02197631626,0.0,56.01660757861634,0.0,0.0,0.0,False,False,False
main,tv_dro_rho_0p01,tv_dro,2025-10-01,48,True,True,20,,0.01,0.7,20.0,optimal_decomposed,69.33670710001024,69.33610810000391,0.0,1,2,16307.664624421883,533.9055933035839,16841.570217725468,15861.634976473946,16395.54056977753,184577.15480931202,0.10627042444237422,51.57859935858328,0.0,0.0,0.0,False,False,False
main,tv_dro_rho_0p01,tv_dro,2025-10-01,49,True,True,20,,0.01,0.7,20.0,optimal_decomposed,69.33670710001024,69.33610810000391,0.0,1,2,16307.664624421883,533.9055933035839,16841.570217725468,16318.77865755718,16852.684250860766,194341.89394676915,0.0,59.08682741116307,0.0,0.0,0.0,False,False,False
main,tv_dro_rho_0p01,tv_dro,2025-10-01,50,True,True,20,,0.01,0.7,20.0,optimal_decomposed,69.33670710001024,69.33610810000391,0.0,1,2,16307.664624421883,533.9055933035839,16841.570217725468,16179.411923252932,16713.317516556515,183539.38105206753,0.12082105107505156,57.947355374546895,0.0,0.0,0.0,False,False,False
main,tv_dro_rho_0p01,tv_dro,2025-10-01,51,True,True,20,,0.01,0.7,20.0,optimal_decomposed,69.33670710001024,69.33610810000391,0.0,1,2,16307.664624421883,533.9055933035839,16841.570217725468,15349.114950769126,15883.02054407271,175083.85828013136,0.09581182714072178,55.08323080014805,0.0,0.0,0.0,False,False,False
main,tv_dro_rho_0p01,tv_dro,2025-10-01,52,True,True,20,,0.01,0.7,20.0,optimal_decomposed,69.33670710001024,69.33610810000391,0.0,1,2,16307.664624421883,533.9055933035839,16841.570217725468,16578.271076021032,17112.176669324617,198703.23591768838,0.03577822210622275,62.29039937223955,0.0,0.0,0.0,False,False,False
main,tv_dro_rho_0p01,tv_dro,2025-10-01,53,True,True,20,,0.01,0.7,20.0,optimal_decomposed,69.33670710001024,69.33610810000391,0.0,1,2,16307.664624421883,533.9055933035839,16841.570217725468,16465.126783491425,16999.03237679501,201617.79401555893,0.0,49.2870309083499,0.0,0.0,0.0,False,False,False
main,tv_dro_rho_0p01,tv_dro,2025-10-01,54,True,True,20,,0.01,0.7,20.0,optimal_decomposed,69.33670710001024,69.33610810000391,0.0,1,2,16307.664624421883,533.9055933035839,16841.570217725468,16738.796924016344,17272.70251731993,202578.0142390787,0.0,51.0730391560886,0.0,0.0,0.0,False,False,False
main,tv_dro_rho_0p01,tv_dro,2025-10-01,55,True,True,20,,0.01,0.7,20.0,optimal_decomposed,69.33670710001024,69.33610810000391,0.0,1,2,16307.664624421883,533.9055933035839,16841.570217725468,15838.930999144031,16372.836592447615,174408.343408927,0.0,58.627902465705766,0.0,0.0,0.0,False,False,False
main,tv_dro_rho_0p01,tv_dro,2025-10-01,56,True,True,20,,0.01,0.7,20.0,optimal_decomposed,69.33670710001024,69.33610810000391,0.0,1,2,16307.664624421883,533.9055933035839,16841.570217725468,16456.764650028676,16990.67024333226,197627.78934854086,0.0,43.494889557189865,0.0,0.0,0.0,False,False,False
main,tv_dro_rho_0p01,tv_dro,2025-10-01,57,True,True,20,,0.01,0.7,20.0,optimal_decomposed,69.33670710001024,69.33610810000391,0.0,1,2,16307.664624421883,533.9055933035839,16841.570217725468,15972.957424256403,16506.863017559986,190205.45510848978,0.08211915558134766,53.752093782040916,0.0,0.0,0.0,False,False,False
main,tv_dro_rho_0p01,tv_dro,2025-10-01,58,True,True,20,,0.01,0.7,20.0,optimal_decomposed,69.33670710001024,69.33610810000391,0.0,1,2,16307.664624421883,533.9055933035839,16841.570217725468,16473.099026024378,17007.004619327963,197025.74095972005,0.04232738805692393,61.04233061471106,0.0,0.0,0.0,False,False,False
main,tv_dro_rho_0p01,tv_dro,2025-10-01,59,True,True,20,,0.01,0.7,20.0,optimal_decomposed,69.33670710001024,69.33610810000391,0.0,1,2,16307.664624421883,533.9055933035839,16841.570217725468,16244.659539460192,16778.565132763775,196241.3473684238,0.0,57.05044971462167,0.0,0.0,0.0,False,False,False
main,tv_dro_rho_0p01,tv_dro,2025-10-01,60,True,True,20,,0.01,0.7,20.0,optimal_decomposed,69.33670710001024,69.33610810000391,0.0,1,2,16307.664624421883,533.9055933035839,16841.570217725468,16686.081763500304,17219.98735680389,203280.11265725805,0.09363020354570528,51.255302032516774,0.0,0.0,0.0,False,False,False
main,tv_dro_rho_0p01,tv_dro,2025-10-01,61,True,True,20,,0.01,0.7,20.0,optimal_decomposed,69.33670710001024,69.33610810000391,0.0,1,2,16307.664624421883,533.9055933035839,16841.570217725468,16001.556116754327,16535.461710057913,184401.7140030581,0.0,42.809889299993685,0.0,0.0,0.0,False,False,False
main,tv_dro_rho_0p01,tv_dro,2025-10-01,62,True,True,20,,0.01,0.7,20.0,optimal_decomposed,69.33670710001024,69.33610810000391,0.0,1,2,16307.664624421883,533.9055933035839,16841.570217725468,16013.295668348745,16547.201261652328,181471.97688817504,0.0,57.53082757674076,0.0,0.0,0.0,False,False,False
main,tv_dro_rho_0p01,tv_dro,2025-10-01,63,True,True,20,,0.01,0.7,20.0,optimal_decomposed,69.33670710001024,69.33610810000391,0.0,1,2,16307.664624421883,533.9055933035839,16841.570217725468,16556.91021532355,17090.815808627136,201166.74592939505,0.0,60.834232135088826,0.0,0.0,0.0,False,False,False
main,tv_dro_rho_0p01,tv_dro,2025-10-01,64,True,True,20,,0.01,0.7,20.0,optimal_decomposed,69.33670710001024,69.33610810000391,0.0,1,2,16307.664624421883,533.9055933035839,16841.570217725468,16031.605642774426,16565.51123607801,192231.685517953,0.0,47.91880469552746,0.0,0.0,0.0,False,False,False
main,tv_dro_rho_0p01,tv_dro,2025-10-01,65,True,True,20,,0.01,0.7,20.0,optimal_decomposed,69.33670710001024,69.33610810000391,0.0,1,2,16307.664624421883,533.9055933035839,16841.570217725468,16891.049393870733,17424.95498717432,209074.56310639757,0.0,58.24398373071276,0.0,0.0,0.0,False,False,False
main,tv_dro_rho_0p01,tv_dro,2025-10-01,66,True,True,20,,0.01,0.7,20.0,optimal_decomposed,69.33670710001024,69.33610810000391,0.0,1,2,16307.664624421883,533.9055933035839,16841.570217725468,16110.178424118969,16644.084017422552,186179.25910476566,0.0,62.8956230843449,0.0,0.0,0.0,False,False,False
main,tv_dro_rho_0p01,tv_dro,2025-10-01,67,True,True,20,,0.01,0.7,20.0,optimal_decomposed,69.33670710001024,69.33610810000391,0.0,1,2,16307.664624421883,533.9055933035839,16841.570217725468,16408.090282378183,16941.99587568177,195831.03663180597,0.0,54.02463363336849,0.0,0.0,0.0,False,False,False
main,tv_dro_rho_0p01,tv_dro,2025-10-01,68,True,True,20,,0.01,0.7,20.0,optimal_decomposed,69.33670710001024,69.33610810000391,0.0,1,2,16307.664624421883,533.9055933035839,16841.570217725468,16209.219241051886,16743.12483435547,190639.02477662885,0.05945925172223654,54.54097592436709,0.0,0.0,0.0,False,False,False
main,tv_dro_rho_0p01,tv_dro,2025-10-01,69,True,True,20,,0.01,0.7,20.0,optimal_decomposed,69.33670710001024,69.33610810000391,0.0,1,2,16307.664624421883,533.9055933035839,16841.570217725468,16740.384609131328,17274.290202434913,202870.15002958296,0.0,58.74697287225669,0.0,0.0,0.0,False,False,False
main,tv_dro_rho_0p01,tv_dro,2025-10-01,70,True,True,20,,0.01,0.7,20.0,optimal_decomposed,69.33670710001024,69.33610810000391,0.0,1,2,16307.664624421883,533.9055933035839,16841.570217725468,16824.831488597094,17358.73708190068,203353.09259523195,0.0,58.71001037909285,0.0,0.0,0.0,False,False,False
main,tv_dro_rho_0p01,tv_dro,2025-10-01,71,True,True,20,,0.01,0.7,20.0,optimal_decomposed,69.33670710001024,69.33610810000391,0.0,1,2,16307.664624421883,533.9055933035839,16841.570217725468,17385.31116949957,17919.216762803157,224098.31061387205,0.12830031197649538,63.90054136903122,0.0,0.0,0.0,False,False,False
main,tv_dro_rho_0p01,tv_dro,2025-10-01,72,True,True,20,,0.01,0.7,20.0,optimal_decomposed,69.33670710001024,69.33610810000391,0.0,1,2,16307.664624421883,533.9055933035839,16841.570217725468,17689.352448831014,18223.2580421346,227305.20725146367,0.12643692971512177,59.69964753704015,0.0,0.0,0.0,False,False,False
main,tv_dro_rho_0p01,tv_dro,2025-10-01,73,True,True,20,,0.01,0.7,20.0,optimal_decomposed,69.33670710001024,69.33610810000391,0.0,1,2,16307.664624421883,533.9055933035839,16841.570217725468,16380.37160734526,16914.277200648845,198085.405520786,0.08069265311125778,52.23167732357264,0.0,0.0,0.0,False,False,False
main,tv_dro_rho_0p01,tv_dro,2025-10-01,74,True,True,20,,0.01,0.7,20.0,optimal_decomposed,69.33670710001024,69.33610810000391,0.0,1,2,16307.664624421883,533.9055933035839,16841.570217725468,16677.711736546888,17211.617329850473,195108.74614711228,8.778636797218686e-05,57.979451677984606,0.0,0.0,0.0,False,False,False
main,tv_dro_rho_0p01,tv_dro,2025-10-01,75,True,True,20,,0.01,0.7,20.0,optimal_decomposed,69.33670710001024,69.33610810000391,0.0,1,2,16307.664624421883,533.9055933035839,16841.570217725468,16671.015646545922,17204.921239849507,201431.890183736,0.0,56.184256512948195,0.0,0.0,0.0,False,False,False
main,tv_dro_rho_0p01,tv_dro,2025-10-01,76,True,True,20,,0.01,0.7,20.0,optimal_decomposed,69.33670710001024,69.33610810000391,0.0,1,2,16307.664624421883,533.9055933035839,16841.570217725468,16147.27935296013,16681.184946263715,187572.56025565247,0.061518869801276826,55.97764587382168,0.0,0.0,0.0,False,False,False
main,tv_dro_rho_0p01,tv_dro,2025-10-01,77,True,True,20,,0.01,0.7,20.0,optimal_decomposed,69.33670710001024,69.33610810000391,0.0,1,2,16307.664624421883,533.9055933035839,16841.570217725468,16653.993327568216,17187.8989208718,204627.40168946938,0.12001634467356426,54.53852696245591,0.0,0.0,0.0,False,False,False
main,tv_dro_rho_0p01,tv_dro,2025-10-01,78,True,True,20,,0.01,0.7,20.0,optimal_decomposed,69.33670710001024,69.33610810000391,0.0,1,2,16307.664624421883,533.9055933035839,16841.570217725468,16410.356109398894,16944.26170270248,198193.71959689294,0.03231949461299599,55.1747768304701,0.0,0.0,0.0,False,False,False
main,tv_dro_rho_0p01,tv_dro,2025-10-01,79,True,True,20,,0.01,0.7,20.0,optimal_decomposed,69.33670710001024,69.33610810000391,0.0,1,2,16307.664624421883,533.9055933035839,16841.570217725468,16302.452791872754,16836.35838517634,184027.6799485489,0.0,51.129499518610395,0.0,0.0,0.0,False,False,False
main,tv_dro_rho_0p01,tv_dro,2025-10-01,80,True,True,20,,0.01,0.7,20.0,optimal_decomposed,69.33670710001024,69.33610810000391,0.0,1,2,16307.664624421883,533.9055933035839,16841.570217725468,16327.253261691043,16861.15885499463,193165.97978868193,0.04343140843317206,54.65547446193977,0.0,0.0,0.0,False,False,False
main,tv_dro_rho_0p01,tv_dro,2025-10-01,81,True,True,20,,0.01,0.7,20.0,optimal_decomposed,69.33670710001024,69.33610810000391,0.0,1,2,16307.664624421883,533.9055933035839,16841.570217725468,16873.732793139407,17407.63838644299,208653.6918976685,0.06797889487493891,61.588916391016234,0.0,0.0,0.0,False,False,False
main,tv_dro_rho_0p01,tv_dro,2025-10-01,82,True,True,20,,0.01,0.7,20.0,optimal_decomposed,69.33670710001024,69.33610810000391,0.0,1,2,16307.664624421883,533.9055933035839,16841.570217725468,16697.2803214729,17231.185914776484,205390.76990671625,0.0,45.95472247046419,0.0,0.0,0.0,False,False,False
main,tv_dro_rho_0p01,tv_dro,2025-10-01,83,True,True,20,,0.01,0.7,20.0,optimal_decomposed,69.33670710001024,69.33610810000391,0.0,1,2,16307.664624421883,533.9055933035839,16841.570217725468,16359.971250322096,16893.87684362568,188561.38537632526,0.0,50.326275205378124,0.0,0.0,0.0,False,False,False
main,tv_dro_rho_0p01,tv_dro,2025-10-01,84,True,True,20,,0.01,0.7,20.0,optimal_decomposed,69.33670710001024,69.33610810000391,0.0,1,2,16307.664624421883,533.9055933035839,16841.570217725468,16950.697895946483,17484.60348925007,213650.42298965532,0.008298470763792087,48.362380907701144,0.0,0.0,0.0,False,False,False
main,tv_dro_rho_0p01,tv_dro,2025-10-01,85,True,True,20,,0.01,0.7,20.0,optimal_decomposed,69.33670710001024,69.33610810000391,0.0,1,2,16307.664624421883,533.9055933035839,16841.570217725468,16194.217701847869,16728.123295151454,198802.75378807285,0.0,65.94181204464368,0.0,0.0,0.0,False,False,False
main,tv_dro_rho_0p01,tv_dro,2025-10-01,86,True,True,20,,0.01,0.7,20.0,optimal_decomposed,69.33670710001024,69.33610810000391,0.0,1,2,16307.664624421883,533.9055933035839,16841.570217725468,16457.975337152526,16991.88093045611,192011.95606263896,0.03619435238669608,49.99439068527204,0.0,0.0,0.0,False,False,False
main,tv_dro_rho_0p01,tv_dro,2025-10-01,87,True,True,20,,0.01,0.7,20.0,optimal_decomposed,69.33670710001024,69.33610810000391,0.0,1,2,16307.664624421883,533.9055933035839,16841.570217725468,16918.0870241878,17451.992617491385,203358.29274606286,0.051583126278160085,53.69133515542112,0.0,0.0,0.0,False,False,False
main,tv_dro_rho_0p01,tv_dro,2025-10-01,88,True,True,20,,0.01,0.7,20.0,optimal_decomposed,69.33670710001024,69.33610810000391,0.0,1,2,16307.664624421883,533.9055933035839,16841.570217725468,15576.17615295522,16110.081746258804,184173.92880320566,0.0227282257675665,61.74477585925654,0.0,0.0,0.0,False,False,False
main,tv_dro_rho_0p01,tv_dro,2025-10-01,89,True,True,20,,0.01,0.7,20.0,optimal_decomposed,69.33670710001024,69.33610810000391,0.0,1,2,16307.664624421883,533.9055933035839,16841.570217725468,16979.830296059135,17513.73588936272,210368.23147558578,0.0,54.07724316272648,0.0,0.0,0.0,False,False,False
main,tv_dro_rho_0p01,tv_dro,2025-10-01,90,True,True,20,,0.01,0.7,20.0,optimal_decomposed,69.33670710001024,69.33610810000391,0.0,1,2,16307.664624421883,533.9055933035839,16841.570217725468,15763.63825444753,16297.543847751112,175154.24960606743,0.18502855074099472,57.64417547389852,0.0,0.0,0.0,False,False,False
main,tv_dro_rho_0p01,tv_dro,2025-10-01,91,True,True,20,,0.01,0.7,20.0,optimal_decomposed,69.33670710001024,69.33610810000391,0.0,1,2,16307.664624421883,533.9055933035839,16841.570217725468,15798.905196333919,16332.810789637502,179860.82285662182,0.01233759917591093,56.40627294074641,0.0,0.0,0.0,False,False,False
main,tv_dro_rho_0p01,tv_dro,2025-10-01,92,True,True,20,,0.01,0.7,20.0,optimal_decomposed,69.33670710001024,69.33610810000391,0.0,1,2,16307.664624421883,533.9055933035839,16841.570217725468,17157.228265731108,17691.133859034693,210087.30564999953,0.027152458842756327,45.821950365624744,0.0,0.0,0.0,False,False,False
main,tv_dro_rho_0p01,tv_dro,2025-10-01,93,True,True,20,,0.01,0.7,20.0,optimal_decomposed,69.33670710001024,69.33610810000391,0.0,1,2,16307.664624421883,533.9055933035839,16841.570217725468,16090.937006629718,16624.8425999333,186015.06818632872,0.0,57.424308696718185,0.0,0.0,0.0,False,False,False
main,tv_dro_rho_0p01,tv_dro,2025-10-01,94,True,True,20,,0.01,0.7,20.0,optimal_decomposed,69.33670710001024,69.33610810000391,0.0,1,2,16307.664624421883,533.9055933035839,16841.570217725468,16286.179667136286,16820.08526043987,192282.3857776353,0.0,48.60674636245296,0.0,0.0,0.0,False,False,False
main,tv_dro_rho_0p01,tv_dro,2025-10-01,95,True,True,20,,0.01,0.7,20.0,optimal_decomposed,69.33670710001024,69.33610810000391,0.0,1,2,16307.664624421883,533.9055933035839,16841.570217725468,16125.901964284529,16659.807557588112,197701.49620401612,0.0,59.76808630887659,0.0,0.0,0.0,False,False,False
main,tv_dro_rho_0p01,tv_dro,2025-10-01,96,True,True,20,,0.01,0.7,20.0,optimal_decomposed,69.33670710001024,69.33610810000391,0.0,1,2,16307.664624421883,533.9055933035839,16841.570217725468,16612.794511570373,17146.70010487396,201770.1809622042,0.0,52.12703712369979,0.0,0.0,0.0,False,False,False
main,tv_dro_rho_0p01,tv_dro,2025-10-01,97,True,True,20,,0.01,0.7,20.0,optimal_decomposed,69.33670710001024,69.33610810000391,0.0,1,2,16307.664624421883,533.9055933035839,16841.570217725468,16972.076468323863,17505.98206162745,217897.75228098634,0.0,53.86170089584079,0.0,0.0,0.0,False,False,False
main,tv_dro_rho_0p01,tv_dro,2025-10-01,98,True,True,20,,0.01,0.7,20.0,optimal_decomposed,69.33670710001024,69.33610810000391,0.0,1,2,16307.664624421883,533.9055933035839,16841.570217725468,16456.81342947515,16990.719022778736,195085.0758338392,0.08263843630921577,45.14001178489524,0.0,0.0,0.0,False,False,False
main,tv_dro_rho_0p01,tv_dro,2025-10-01,99,True,True,20,,0.01,0.7,20.0,optimal_decomposed,69.33670710001024,69.33610810000391,0.0,1,2,16307.664624421883,533.9055933035839,16841.570217725468,16325.164689056543,16859.070282360128,190737.4484962312,0.013826292822229691,55.551417687647664,0.0,0.0,0.0,False,False,False
