suite,configuration,method,window,workload_replay_id,energy_uncertainty,workload_uncertainty,sample_size,gamma,rho,effective_capacity_fraction,bess_degradation_cost_usd_per_mwh_throughput,solver_status,solve_wall_time_seconds,solver_runtime_seconds,mip_gap,decomposition_iterations,active_scenario_count,nominal_grid_cost_usd,nominal_bess_degradation_cost_usd,nominal_operating_cost_usd,actual_grid_cost_usd,actual_operating_cost_usd,actual_carbon_kg,actual_curtailment_mwh,batch_adjustment_mwh,workload_envelope_violation_mwh,grid_limit_violation_mw,ramp_violation_mw,workload_violation,grid_limit_violation,ramp_violation
main,deterministic,deterministic,2025-01-01,0,True,True,0,,,0.7,20.0,optimal,2.3420148999866797,2.34201629999734,0.0,0,0,15664.811973990281,174.34157851920799,15839.15355250949,15976.059754687143,16150.401333206351,202857.21346170636,0.10736594075087763,50.01462952601984,0.0,0.0,0.0,False,False,False
main,deterministic,deterministic,2025-01-01,1,True,True,0,,,0.7,20.0,optimal,2.3420148999866797,2.34201629999734,0.0,0,0,15664.811973990281,174.34157851920799,15839.15355250949,15893.207821238691,16067.5493997579,192682.36089095805,0.02404063005973961,60.47912722522301,0.0,0.0,0.0,False,False,False
main,deterministic,deterministic,2025-01-01,2,True,True,0,,,0.7,20.0,optimal,2.3420148999866797,2.34201629999734,0.0,0,0,15664.811973990281,174.34157851920799,15839.15355250949,15967.992750625961,16142.33432914517,195233.10946713985,0.06038330438980957,45.82159136681357,0.0,0.0,0.0,False,False,False
main,deterministic,deterministic,2025-01-01,3,True,True,0,,,0.7,20.0,optimal,2.3420148999866797,2.34201629999734,0.0,0,0,15664.811973990281,174.34157851920799,15839.15355250949,15125.23578329645,15299.577361815658,170848.3016834795,0.15508873279572466,52.19417600492941,0.0,0.0,0.0,False,False,False
main,deterministic,deterministic,2025-01-01,4,True,True,0,,,0.7,20.0,optimal,2.3420148999866797,2.34201629999734,0.0,0,0,15664.811973990281,174.34157851920799,15839.15355250949,15817.371399203463,15991.712977722671,173131.91382045258,0.047114227385751606,47.939553717598706,0.0,0.0,0.0,False,False,False
main,deterministic,deterministic,2025-01-01,5,True,True,0,,,0.7,20.0,optimal,2.3420148999866797,2.34201629999734,0.0,0,0,15664.811973990281,174.34157851920799,15839.15355250949,16040.567707534972,16214.90928605418,189229.74150486116,0.0,52.02619819189925,0.0,0.0,0.0,False,False,False
main,deterministic,deterministic,2025-01-01,6,True,True,0,,,0.7,20.0,optimal,2.3420148999866797,2.34201629999734,0.0,0,0,15664.811973990281,174.34157851920799,15839.15355250949,15283.629920307572,15457.97149882678,184765.22520038058,0.061954052326103404,44.92967122924505,0.0,0.0,0.0,False,False,False
main,deterministic,deterministic,2025-01-01,7,True,True,0,,,0.7,20.0,optimal,2.3420148999866797,2.34201629999734,0.0,0,0,15664.811973990281,174.34157851920799,15839.15355250949,14846.542923962634,15020.884502481842,163407.92106919628,0.01129217316174791,50.52822715509538,0.0,0.0,0.0,False,False,False
main,deterministic,deterministic,2025-01-01,8,True,True,0,,,0.7,20.0,optimal,2.3420148999866797,2.34201629999734,0.0,0,0,15664.811973990281,174.34157851920799,15839.15355250949,15890.132442614547,16064.474021133756,178327.22280443067,0.0,50.159943095626154,0.0,0.0,0.0,False,False,False
main,deterministic,deterministic,2025-01-01,9,True,True,0,,,0.7,20.0,optimal,2.3420148999866797,2.34201629999734,0.0,0,0,15664.811973990281,174.34157851920799,15839.15355250949,15534.831580728012,15709.17315924722,191268.5303806737,0.11626445833097876,57.010291654356735,0.0,0.0,0.0,False,False,False
main,deterministic,deterministic,2025-01-01,10,True,True,0,,,0.7,20.0,optimal,2.3420148999866797,2.34201629999734,0.0,0,0,15664.811973990281,174.34157851920799,15839.15355250949,15235.453710413592,15409.7952889328,181418.97004298467,0.03721214264709727,53.25315688614766,0.0,0.0,0.0,False,False,False
main,deterministic,deterministic,2025-01-01,11,True,True,0,,,0.7,20.0,optimal,2.3420148999866797,2.34201629999734,0.0,0,0,15664.811973990281,174.34157851920799,15839.15355250949,15058.235031219236,15232.576609738444,174451.93355736174,0.00918528198997487,42.34398591206103,0.0,0.0,0.0,False,False,False
main,deterministic,deterministic,2025-01-01,12,True,True,0,,,0.7,20.0,optimal,2.3420148999866797,2.34201629999734,0.0,0,0,15664.811973990281,174.34157851920799,15839.15355250949,15537.008755782625,15711.350334301833,181954.80772781745,0.05751794050926437,44.6030526543693,0.0,0.0,0.0,False,False,False
main,deterministic,deterministic,2025-01-01,13,True,True,0,,,0.7,20.0,optimal,2.3420148999866797,2.34201629999734,0.0,0,0,15664.811973990281,174.34157851920799,15839.15355250949,15588.048989986655,15762.390568505863,181063.7555178705,0.10536964285898823,52.96141241859499,0.0,0.0,0.0,False,False,False
main,deterministic,deterministic,2025-01-01,14,True,True,0,,,0.7,20.0,optimal,2.3420148999866797,2.34201629999734,0.0,0,0,15664.811973990281,174.34157851920799,15839.15355250949,15710.994825216307,15885.336403735515,182324.3663959558,0.09762174266970547,50.262589599512054,0.0,0.0,0.0,False,False,False
main,deterministic,deterministic,2025-01-01,15,True,True,0,,,0.7,20.0,optimal,2.3420148999866797,2.34201629999734,0.0,0,0,15664.811973990281,174.34157851920799,15839.15355250949,15486.912678875946,15661.254257395154,179023.5086911498,0.11213395554942487,43.020211049974634,0.0,0.0,0.0,False,False,False
main,deterministic,deterministic,2025-01-01,16,True,True,0,,,0.7,20.0,optimal,2.3420148999866797,2.34201629999734,0.0,0,0,15664.811973990281,174.34157851920799,15839.15355250949,15950.033607865642,16124.37518638485,198477.94247878666,0.0737280811257616,43.87643419735372,0.0,0.0,0.0,False,False,False
main,deterministic,deterministic,2025-01-01,17,True,True,0,,,0.7,20.0,optimal,2.3420148999866797,2.34201629999734,0.0,0,0,15664.811973990281,174.34157851920799,15839.15355250949,15766.008640895105,15940.350219414313,197914.44185795297,0.28008968654356,56.72691855514353,0.0,0.0,0.0,False,False,False
main,deterministic,deterministic,2025-01-01,18,True,True,0,,,0.7,20.0,optimal,2.3420148999866797,2.34201629999734,0.0,0,0,15664.811973990281,174.34157851920799,15839.15355250949,16362.394079763979,16536.735658283185,209711.51666299184,0.0,53.670970427999066,0.0,0.0,0.0,False,False,False
main,deterministic,deterministic,2025-01-01,19,True,True,0,,,0.7,20.0,optimal,2.3420148999866797,2.34201629999734,0.0,0,0,15664.811973990281,174.34157851920799,15839.15355250949,16274.104380013147,16448.445958532353,204403.9066606541,0.11067426185498608,51.36907119985067,0.0,0.0,0.0,False,False,False
main,deterministic,deterministic,2025-01-01,20,True,True,0,,,0.7,20.0,optimal,2.3420148999866797,2.34201629999734,0.0,0,0,15664.811973990281,174.34157851920799,15839.15355250949,15283.76810106898,15458.109679588188,182163.33712031355,0.15324597485689964,45.526461720439414,0.0,0.0,0.0,False,False,False
main,deterministic,deterministic,2025-01-01,21,True,True,0,,,0.7,20.0,optimal,2.3420148999866797,2.34201629999734,0.0,0,0,15664.811973990281,174.34157851920799,15839.15355250949,15385.864616842056,15560.206195361265,178446.35842460176,0.1547787789826704,44.157758266823066,0.0,0.0,0.0,False,False,False
main,deterministic,deterministic,2025-01-01,22,True,True,0,,,0.7,20.0,optimal,2.3420148999866797,2.34201629999734,0.0,0,0,15664.811973990281,174.34157851920799,15839.15355250949,15698.275805288386,15872.617383807594,193570.04542433226,0.0,50.85113218914567,0.0,0.0,0.0,False,False,False
main,deterministic,deterministic,2025-01-01,23,True,True,0,,,0.7,20.0,optimal,2.3420148999866797,2.34201629999734,0.0,0,0,15664.811973990281,174.34157851920799,15839.15355250949,16671.076773613222,16845.41835213243,217010.9794469987,0.0,50.41226887355869,0.0,0.0,0.0,False,False,False
main,deterministic,deterministic,2025-01-01,24,True,True,0,,,0.7,20.0,optimal,2.3420148999866797,2.34201629999734,0.0,0,0,15664.811973990281,174.34157851920799,15839.15355250949,15880.901922186727,16055.243500705936,194799.03892563048,0.05269825495591082,52.80806904554849,0.0,0.0,0.0,False,False,False
main,deterministic,deterministic,2025-01-01,25,True,True,0,,,0.7,20.0,optimal,2.3420148999866797,2.34201629999734,0.0,0,0,15664.811973990281,174.34157851920799,15839.15355250949,16335.324409181823,16509.66598770103,202995.67161347662,0.05112291812313899,45.043923309975995,0.0,0.0,0.0,False,False,False
main,deterministic,deterministic,2025-01-01,26,True,True,0,,,0.7,20.0,optimal,2.3420148999866797,2.34201629999734,0.0,0,0,15664.811973990281,174.34157851920799,15839.15355250949,15597.083010284936,15771.424588804144,188308.69391115836,0.10588266331168641,54.46708594195807,0.0,0.0,0.0,False,False,False
main,deterministic,deterministic,2025-01-01,27,True,True,0,,,0.7,20.0,optimal,2.3420148999866797,2.34201629999734,0.0,0,0,15664.811973990281,174.34157851920799,15839.15355250949,15708.396547235758,15882.738125754966,187976.9151784099,0.0,53.40832869956774,0.0,0.0,0.0,False,False,False
main,deterministic,deterministic,2025-01-01,28,True,True,0,,,0.7,20.0,optimal,2.3420148999866797,2.34201629999734,0.0,0,0,15664.811973990281,174.34157851920799,15839.15355250949,16208.599867941959,16382.941446461167,192065.05934223678,0.0,44.12440291415571,0.0,0.0,0.0,False,False,False
main,deterministic,deterministic,2025-01-01,29,True,True,0,,,0.7,20.0,optimal,2.3420148999866797,2.34201629999734,0.0,0,0,15664.811973990281,174.34157851920799,15839.15355250949,15277.113564128114,15451.455142647323,185431.17278195772,0.0,40.65713983974098,0.0,0.0,0.0,False,False,False
main,deterministic,deterministic,2025-01-01,30,True,True,0,,,0.7,20.0,optimal,2.3420148999866797,2.34201629999734,0.0,0,0,15664.811973990281,174.34157851920799,15839.15355250949,15455.724104177772,15630.06568269698,181384.4836164823,0.0,44.82657912058745,0.0,0.0,0.0,False,False,False
main,deterministic,deterministic,2025-01-01,31,True,True,0,,,0.7,20.0,optimal,2.3420148999866797,2.34201629999734,0.0,0,0,15664.811973990281,174.34157851920799,15839.15355250949,16200.223325860949,16374.564904380157,194405.93149174488,0.2783857167823258,49.4577249429585,0.0,0.0,0.0,False,False,False
main,deterministic,deterministic,2025-01-01,32,True,True,0,,,0.7,20.0,optimal,2.3420148999866797,2.34201629999734,0.0,0,0,15664.811973990281,174.34157851920799,15839.15355250949,15420.165519224312,15594.50709774352,192530.27863563804,0.06872213873881108,51.41066034384424,0.0,0.0,0.0,False,False,False
main,deterministic,deterministic,2025-01-01,33,True,True,0,,,0.7,20.0,optimal,2.3420148999866797,2.34201629999734,0.0,0,0,15664.811973990281,174.34157851920799,15839.15355250949,15679.692065127885,15854.033643647093,182112.31603502398,0.0,58.80462726131355,0.0,0.0,0.0,False,False,False
main,deterministic,deterministic,2025-01-01,34,True,True,0,,,0.7,20.0,optimal,2.3420148999866797,2.34201629999734,0.0,0,0,15664.811973990281,174.34157851920799,15839.15355250949,15488.47151425526,15662.813092774468,186387.58178067705,0.29278991568371443,52.09125018478633,0.0,0.0,0.0,False,False,False
main,deterministic,deterministic,2025-01-01,35,True,True,0,,,0.7,20.0,optimal,2.3420148999866797,2.34201629999734,0.0,0,0,15664.811973990281,174.34157851920799,15839.15355250949,15816.023488098133,15990.365066617342,188814.0213122387,0.05181993646122973,55.239851539940695,0.0,0.0,0.0,False,False,False
main,deterministic,deterministic,2025-01-01,36,True,True,0,,,0.7,20.0,optimal,2.3420148999866797,2.34201629999734,0.0,0,0,15664.811973990281,174.34157851920799,15839.15355250949,15374.6829258348,15549.024504354009,176487.6269286201,0.011433406914126087,56.12449552298295,0.0,0.0,0.0,False,False,False
main,deterministic,deterministic,2025-01-01,37,True,True,0,,,0.7,20.0,optimal,2.3420148999866797,2.34201629999734,0.0,0,0,15664.811973990281,174.34157851920799,15839.15355250949,14843.296672604467,15017.638251123675,167259.76139378632,0.15949212534161739,42.65867137879744,0.0,0.0,0.0,False,False,False
main,deterministic,deterministic,2025-01-01,38,True,True,0,,,0.7,20.0,optimal,2.3420148999866797,2.34201629999734,0.0,0,0,15664.811973990281,174.34157851920799,15839.15355250949,15403.958084138123,15578.299662657331,180141.74696715144,0.03934199568313912,46.86740860260004,0.0,0.0,0.0,False,False,False
main,deterministic,deterministic,2025-01-01,39,True,True,0,,,0.7,20.0,optimal,2.3420148999866797,2.34201629999734,0.0,0,0,15664.811973990281,174.34157851920799,15839.15355250949,15321.045719633257,15495.387298152466,179192.9304990191,0.0013464467606799646,38.02223171637765,0.0,0.0,0.0,False,False,False
main,deterministic,deterministic,2025-01-01,40,True,True,0,,,0.7,20.0,optimal,2.3420148999866797,2.34201629999734,0.0,0,0,15664.811973990281,174.34157851920799,15839.15355250949,15548.339966549984,15722.681545069192,176533.48920300117,0.01480174223031716,43.955691741069465,0.0,0.0,0.0,False,False,False
main,deterministic,deterministic,2025-01-01,41,True,True,0,,,0.7,20.0,optimal,2.3420148999866797,2.34201629999734,0.0,0,0,15664.811973990281,174.34157851920799,15839.15355250949,15559.820969654538,15734.162548173746,188461.68491624342,0.0,37.631708614020084,0.0,0.0,0.0,False,False,False
main,deterministic,deterministic,2025-01-01,42,True,True,0,,,0.7,20.0,optimal,2.3420148999866797,2.34201629999734,0.0,0,0,15664.811973990281,174.34157851920799,15839.15355250949,16961.114217204635,17135.455795723843,222822.47060878665,0.05761901830273586,52.75926254472707,0.0,0.0,0.0,False,False,False
main,deterministic,deterministic,2025-01-01,43,True,True,0,,,0.7,20.0,optimal,2.3420148999866797,2.34201629999734,0.0,0,0,15664.811973990281,174.34157851920799,15839.15355250949,15926.084401956656,16100.425980475864,194537.08838784974,0.10423519230952452,50.98817558843736,0.0,0.0,0.0,False,False,False
main,deterministic,deterministic,2025-01-01,44,True,True,0,,,0.7,20.0,optimal,2.3420148999866797,2.34201629999734,0.0,0,0,15664.811973990281,174.34157851920799,15839.15355250949,15682.506123763795,15856.847702283003,194675.24819144924,0.07018960751525527,50.282937014586565,0.0,0.0,0.0,False,False,False
main,deterministic,deterministic,2025-01-01,45,True,True,0,,,0.7,20.0,optimal,2.3420148999866797,2.34201629999734,0.0,0,0,15664.811973990281,174.34157851920799,15839.15355250949,15962.440202914799,16136.781781434007,193793.77793726674,0.0,55.83997284495304,0.0,0.0,0.0,False,False,False
main,deterministic,deterministic,2025-01-01,46,True,True,0,,,0.7,20.0,optimal,2.3420148999866797,2.34201629999734,0.0,0,0,15664.811973990281,174.34157851920799,15839.15355250949,15296.216309627262,15470.55788814647,178888.01276553984,0.023900558291214846,50.81883941688343,0.0,0.0,0.0,False,False,False
main,deterministic,deterministic,2025-01-01,47,True,True,0,,,0.7,20.0,optimal,2.3420148999866797,2.34201629999734,0.0,0,0,15664.811973990281,174.34157851920799,15839.15355250949,15627.012388344217,15801.353966863426,184777.7837898002,0.05316770922027059,51.77208768459407,0.0,0.0,0.0,False,False,False
main,deterministic,deterministic,2025-01-01,48,True,True,0,,,0.7,20.0,optimal,2.3420148999866797,2.34201629999734,0.0,0,0,15664.811973990281,174.34157851920799,15839.15355250949,15698.634406356274,15872.975984875482,190795.03836690143,0.0,46.30073435752464,0.0,0.0,0.0,False,False,False
main,deterministic,deterministic,2025-01-01,49,True,True,0,,,0.7,20.0,optimal,2.3420148999866797,2.34201629999734,0.0,0,0,15664.811973990281,174.34157851920799,15839.15355250949,15896.028952779296,16070.370531298504,195332.100537486,0.0,53.01611170140412,0.0,0.0,0.0,False,False,False
main,deterministic,deterministic,2025-01-01,50,True,True,0,,,0.7,20.0,optimal,2.3420148999866797,2.34201629999734,0.0,0,0,15664.811973990281,174.34157851920799,15839.15355250949,15178.209487589873,15352.551066109081,179288.7936503421,0.030200455120892283,56.91894605987506,0.0,0.0,0.0,False,False,False
main,deterministic,deterministic,2025-01-01,51,True,True,0,,,0.7,20.0,optimal,2.3420148999866797,2.34201629999734,0.0,0,0,15664.811973990281,174.34157851920799,15839.15355250949,15270.337850751957,15444.679429271166,192269.04447381516,0.009436754600271657,50.34196060173661,0.0,0.0,0.0,False,False,False
main,deterministic,deterministic,2025-01-01,52,True,True,0,,,0.7,20.0,optimal,2.3420148999866797,2.34201629999734,0.0,0,0,15664.811973990281,174.34157851920799,15839.15355250949,15240.55097856104,15414.892557080248,178691.223237277,0.236510704365863,56.33059138273144,0.0,0.0,0.0,False,False,False
main,deterministic,deterministic,2025-01-01,53,True,True,0,,,0.7,20.0,optimal,2.3420148999866797,2.34201629999734,0.0,0,0,15664.811973990281,174.34157851920799,15839.15355250949,14856.37518600696,15030.716764526169,169893.03354004977,0.0,45.84391949376811,0.0,0.0,0.0,False,False,False
main,deterministic,deterministic,2025-01-01,54,True,True,0,,,0.7,20.0,optimal,2.3420148999866797,2.34201629999734,0.0,0,0,15664.811973990281,174.34157851920799,15839.15355250949,16012.957532084514,16187.299110603723,193367.23756227543,0.05267882911184324,48.518851182346665,0.0,0.0,0.0,False,False,False
main,deterministic,deterministic,2025-01-01,55,True,True,0,,,0.7,20.0,optimal,2.3420148999866797,2.34201629999734,0.0,0,0,15664.811973990281,174.34157851920799,15839.15355250949,16004.072182206024,16178.413760725232,197835.49656002232,0.0389977408251693,53.09605095758685,0.0,0.0,0.0,False,False,False
main,deterministic,deterministic,2025-01-01,56,True,True,0,,,0.7,20.0,optimal,2.3420148999866797,2.34201629999734,0.0,0,0,15664.811973990281,174.34157851920799,15839.15355250949,16207.82639530354,16382.167973822749,196274.06709295048,0.0,39.55681241804542,0.0,0.0,0.0,False,False,False
main,deterministic,deterministic,2025-01-01,57,True,True,0,,,0.7,20.0,optimal,2.3420148999866797,2.34201629999734,0.0,0,0,15664.811973990281,174.34157851920799,15839.15355250949,15165.936630246184,15340.278208765392,168226.13034930447,0.012145668068849286,49.123707591326095,0.0,0.0,0.0,False,False,False
main,deterministic,deterministic,2025-01-01,58,True,True,0,,,0.7,20.0,optimal,2.3420148999866797,2.34201629999734,0.0,0,0,15664.811973990281,174.34157851920799,15839.15355250949,15406.799288438424,15581.140866957632,192718.38907335667,0.0,56.803466159040156,0.0,0.0,0.0,False,False,False
main,deterministic,deterministic,2025-01-01,59,True,True,0,,,0.7,20.0,optimal,2.3420148999866797,2.34201629999734,0.0,0,0,15664.811973990281,174.34157851920799,15839.15355250949,15227.354185547547,15401.695764066755,183057.6966558546,0.26227223933317567,52.59440882405496,0.0,0.0,0.0,False,False,False
main,deterministic,deterministic,2025-01-01,60,True,True,0,,,0.7,20.0,optimal,2.3420148999866797,2.34201629999734,0.0,0,0,15664.811973990281,174.34157851920799,15839.15355250949,15426.551858687451,15600.89343720666,190998.1292043039,0.13394122973626477,54.23006407345618,0.0,0.0,0.0,False,False,False
main,deterministic,deterministic,2025-01-01,61,True,True,0,,,0.7,20.0,optimal,2.3420148999866797,2.34201629999734,0.0,0,0,15664.811973990281,174.34157851920799,15839.15355250949,15686.81008026969,15861.151658788898,189159.7372537003,0.0,41.33550810228942,0.0,0.0,0.0,False,False,False
main,deterministic,deterministic,2025-01-01,62,True,True,0,,,0.7,20.0,optimal,2.3420148999866797,2.34201629999734,0.0,0,0,15664.811973990281,174.34157851920799,15839.15355250949,15860.575540066046,16034.917118585254,196845.6760131896,0.07979820327690879,55.01239422228879,0.0,0.0,0.0,False,False,False
main,deterministic,deterministic,2025-01-01,63,True,True,0,,,0.7,20.0,optimal,2.3420148999866797,2.34201629999734,0.0,0,0,15664.811973990281,174.34157851920799,15839.15355250949,15114.90089966244,15289.242478181648,179106.91690214907,0.021821385005208166,54.31187258941991,0.0,0.0,0.0,False,False,False
main,deterministic,deterministic,2025-01-01,64,True,True,0,,,0.7,20.0,optimal,2.3420148999866797,2.34201629999734,0.0,0,0,15664.811973990281,174.34157851920799,15839.15355250949,15466.04451359726,15640.386092116469,175620.52917895486,0.08348832193240296,48.58275189420409,0.0,0.0,0.0,False,False,False
main,deterministic,deterministic,2025-01-01,65,True,True,0,,,0.7,20.0,optimal,2.3420148999866797,2.34201629999734,0.0,0,0,15664.811973990281,174.34157851920799,15839.15355250949,15790.9498210892,15965.291399608408,196818.14473523272,0.01611354021428535,55.600637405269545,0.0,0.0,0.0,False,False,False
main,deterministic,deterministic,2025-01-01,66,True,True,0,,,0.7,20.0,optimal,2.3420148999866797,2.34201629999734,0.0,0,0,15664.811973990281,174.34157851920799,15839.15355250949,15487.293105179811,15661.63468369902,187220.99971108904,0.0,58.14127230144966,0.0,0.0,0.0,False,False,False
main,deterministic,deterministic,2025-01-01,67,True,True,0,,,0.7,20.0,optimal,2.3420148999866797,2.34201629999734,0.0,0,0,15664.811973990281,174.34157851920799,15839.15355250949,15841.419472814683,16015.761051333891,202030.46142436107,0.005689616601839309,49.71591155428428,0.0,0.0,0.0,False,False,False
main,deterministic,deterministic,2025-01-01,68,True,True,0,,,0.7,20.0,optimal,2.3420148999866797,2.34201629999734,0.0,0,0,15664.811973990281,174.34157851920799,15839.15355250949,15457.377086700835,15631.718665220043,180083.32422790705,0.0,53.08343918562849,0.0,0.0,0.0,False,False,False
main,deterministic,deterministic,2025-01-01,69,True,True,0,,,0.7,20.0,optimal,2.3420148999866797,2.34201629999734,0.0,0,0,15664.811973990281,174.34157851920799,15839.15355250949,15610.683193856832,15785.02477237604,190581.99428740083,0.0,49.82733273667446,0.0,0.0,0.0,False,False,False
main,deterministic,deterministic,2025-01-01,70,True,True,0,,,0.7,20.0,optimal,2.3420148999866797,2.34201629999734,0.0,0,0,15664.811973990281,174.34157851920799,15839.15355250949,15297.46330035026,15471.804878869469,184370.46333391886,0.11071954638360659,52.952942905159595,0.0,0.0,0.0,False,False,False
main,deterministic,deterministic,2025-01-01,71,True,True,0,,,0.7,20.0,optimal,2.3420148999866797,2.34201629999734,0.0,0,0,15664.811973990281,174.34157851920799,15839.15355250949,16064.145338126455,16238.486916645663,197474.53988166543,0.0,55.25752662552334,0.0,0.0,0.0,False,False,False
main,deterministic,deterministic,2025-01-01,72,True,True,0,,,0.7,20.0,optimal,2.3420148999866797,2.34201629999734,0.0,0,0,15664.811973990281,174.34157851920799,15839.15355250949,15617.83310034423,15792.17467886344,197570.24672536473,0.015629937052275,54.75472835740247,0.0,0.0,0.0,False,False,False
main,deterministic,deterministic,2025-01-01,73,True,True,0,,,0.7,20.0,optimal,2.3420148999866797,2.34201629999734,0.0,0,0,15664.811973990281,174.34157851920799,15839.15355250949,16624.387019898677,16798.728598417885,217473.99681446687,0.0,49.15840921700568,0.0,0.0,0.0,False,False,False
main,deterministic,deterministic,2025-01-01,74,True,True,0,,,0.7,20.0,optimal,2.3420148999866797,2.34201629999734,0.0,0,0,15664.811973990281,174.34157851920799,15839.15355250949,16955.962758547394,17130.304337066602,221893.14323869807,0.0,52.19697647514528,0.0,0.0,0.0,False,False,False
main,deterministic,deterministic,2025-01-01,75,True,True,0,,,0.7,20.0,optimal,2.3420148999866797,2.34201629999734,0.0,0,0,15664.811973990281,174.34157851920799,15839.15355250949,15731.874329882683,15906.215908401891,193915.89145440914,0.11788122944740967,49.63049690938999,0.0,0.0,0.0,False,False,False
main,deterministic,deterministic,2025-01-01,76,True,True,0,,,0.7,20.0,optimal,2.3420148999866797,2.34201629999734,0.0,0,0,15664.811973990281,174.34157851920799,15839.15355250949,15764.383931188579,15938.725509707787,189940.64657021678,0.06003081514517325,52.462488773223605,0.0,0.0,0.0,False,False,False
main,deterministic,deterministic,2025-01-01,77,True,True,0,,,0.7,20.0,optimal,2.3420148999866797,2.34201629999734,0.0,0,0,15664.811973990281,174.34157851920799,15839.15355250949,15564.584824176814,15738.926402696023,193571.30033626553,0.0,47.98303400610169,0.0,0.0,0.0,False,False,False
main,deterministic,deterministic,2025-01-01,78,True,True,0,,,0.7,20.0,optimal,2.3420148999866797,2.34201629999734,0.0,0,0,15664.811973990281,174.34157851920799,15839.15355250949,15119.954919157373,15294.296497676582,182554.29364106915,0.10986215717492726,49.86930131459941,0.0,0.0,0.0,False,False,False
main,deterministic,deterministic,2025-01-01,79,True,True,0,,,0.7,20.0,optimal,2.3420148999866797,2.34201629999734,0.0,0,0,15664.811973990281,174.34157851920799,15839.15355250949,15878.434950768404,16052.776529287612,200290.92988996554,0.02136994832442074,47.92971611062597,0.0,0.0,0.0,False,False,False
main,deterministic,deterministic,2025-01-01,80,True,True,0,,,0.7,20.0,optimal,2.3420148999866797,2.34201629999734,0.0,0,0,15664.811973990281,174.34157851920799,15839.15355250949,15767.31359474351,15941.655173262718,191360.28939985356,0.07603480560332043,46.4212936075206,0.0,0.0,0.0,False,False,False
main,deterministic,deterministic,2025-01-01,81,True,True,0,,,0.7,20.0,optimal,2.3420148999866797,2.34201629999734,0.0,0,0,15664.811973990281,174.34157851920799,15839.15355250949,15331.331182122067,15505.672760641275,175906.2728660295,0.0817102598078221,57.67248094196954,0.0,0.0,0.0,False,False,False
main,deterministic,deterministic,2025-01-01,82,True,True,0,,,0.7,20.0,optimal,2.3420148999866797,2.34201629999734,0.0,0,0,15664.811973990281,174.34157851920799,15839.15355250949,15550.703941943608,15725.045520462816,186241.42609967134,0.09665146598349597,43.4816874637324,0.0,0.0,0.0,False,False,False
main,deterministic,deterministic,2025-01-01,83,True,True,0,,,0.7,20.0,optimal,2.3420148999866797,2.34201629999734,0.0,0,0,15664.811973990281,174.34157851920799,15839.15355250949,16443.928383372022,16618.26996189123,201468.8973831131,0.0,43.605290795377684,0.0,0.0,0.0,False,False,False
main,deterministic,deterministic,2025-01-01,84,True,True,0,,,0.7,20.0,optimal,2.3420148999866797,2.34201629999734,0.0,0,0,15664.811973990281,174.34157851920799,15839.15355250949,15664.50717227303,15838.848750792238,198539.30849971785,0.0,41.884266353626934,0.0,0.0,0.0,False,False,False
main,deterministic,deterministic,2025-01-01,85,True,True,0,,,0.7,20.0,optimal,2.3420148999866797,2.34201629999734,0.0,0,0,15664.811973990281,174.34157851920799,15839.15355250949,15379.818955444971,15554.16053396418,182754.35880482194,0.0,55.172982487115334,0.0,0.0,0.0,False,False,False
main,deterministic,deterministic,2025-01-01,86,True,True,0,,,0.7,20.0,optimal,2.3420148999866797,2.34201629999734,0.0,0,0,15664.811973990281,174.34157851920799,15839.15355250949,16296.616119703214,16470.95769822242,208504.24546893366,0.0431669632705097,46.380586454896985,0.0,0.0,0.0,False,False,False
main,deterministic,deterministic,2025-01-01,87,True,True,0,,,0.7,20.0,optimal,2.3420148999866797,2.34201629999734,0.0,0,0,15664.811973990281,174.34157851920799,15839.15355250949,15408.220420836004,15582.561999355212,192603.19545429727,0.02142576840977778,51.697683675760096,0.0,0.0,0.0,False,False,False
main,deterministic,deterministic,2025-01-01,88,True,True,0,,,0.7,20.0,optimal,2.3420148999866797,2.34201629999734,0.0,0,0,15664.811973990281,174.34157851920799,15839.15355250949,15680.621134925621,15854.96271344483,188260.4147422974,0.1037589767656737,56.06300584260699,0.0,0.0,0.0,False,False,False
main,deterministic,deterministic,2025-01-01,89,True,True,0,,,0.7,20.0,optimal,2.3420148999866797,2.34201629999734,0.0,0,0,15664.811973990281,174.34157851920799,15839.15355250949,16289.04222088752,16463.38379940673,198385.38446582324,0.0414635813274411,49.97377442506209,0.0,0.0,0.0,False,False,False
main,deterministic,deterministic,2025-01-01,90,True,True,0,,,0.7,20.0,optimal,2.3420148999866797,2.34201629999734,0.0,0,0,15664.811973990281,174.34157851920799,15839.15355250949,14851.876368568115,15026.217947087323,176473.2136007317,0.0,51.80282495484649,0.0,0.0,0.0,False,False,False
main,deterministic,deterministic,2025-01-01,91,True,True,0,,,0.7,20.0,optimal,2.3420148999866797,2.34201629999734,0.0,0,0,15664.811973990281,174.34157851920799,15839.15355250949,16324.930561687204,16499.272140206413,204701.80080401435,0.0,47.684170670976634,0.0,0.0,0.0,False,False,False
main,deterministic,deterministic,2025-01-01,92,True,True,0,,,0.7,20.0,optimal,2.3420148999866797,2.34201629999734,0.0,0,0,15664.811973990281,174.34157851920799,15839.15355250949,15098.841052279642,15273.18263079885,169136.57313944292,0.12678142382214483,43.54609379152369,0.0,0.0,0.0,False,False,False
main,deterministic,deterministic,2025-01-01,93,True,True,0,,,0.7,20.0,optimal,2.3420148999866797,2.34201629999734,0.0,0,0,15664.811973990281,174.34157851920799,15839.15355250949,15355.619307771953,15529.960886291161,174666.50170560804,0.0,51.6966594905382,0.0,0.0,0.0,False,False,False
main,deterministic,deterministic,2025-01-01,94,True,True,0,,,0.7,20.0,optimal,2.3420148999866797,2.34201629999734,0.0,0,0,15664.811973990281,174.34157851920799,15839.15355250949,16146.210019692055,16320.551598211263,201745.18123329867,0.07652544845296846,46.58395372402774,0.0,0.0,0.0,False,False,False
main,deterministic,deterministic,2025-01-01,95,True,True,0,,,0.7,20.0,optimal,2.3420148999866797,2.34201629999734,0.0,0,0,15664.811973990281,174.34157851920799,15839.15355250949,15254.644447454888,15428.986025974096,179931.74938443827,0.13858385132620074,52.279514504348164,0.0,0.0,0.0,False,False,False
main,deterministic,deterministic,2025-01-01,96,True,True,0,,,0.7,20.0,optimal,2.3420148999866797,2.34201629999734,0.0,0,0,15664.811973990281,174.34157851920799,15839.15355250949,15195.821034363846,15370.162612883054,185506.14495243604,0.051582447673146375,46.9019815709186,0.0,0.0,0.0,False,False,False
main,deterministic,deterministic,2025-01-01,97,True,True,0,,,0.7,20.0,optimal,2.3420148999866797,2.34201629999734,0.0,0,0,15664.811973990281,174.34157851920799,15839.15355250949,15629.171014240092,15803.5125927593,190697.73643713305,0.0,51.863405966330234,0.0,0.0,0.0,False,False,False
main,deterministic,deterministic,2025-01-01,98,True,True,0,,,0.7,20.0,optimal,2.3420148999866797,2.34201629999734,0.0,0,0,15664.811973990281,174.34157851920799,15839.15355250949,15685.279808115989,15859.621386635197,196006.32495526582,0.046279592448548984,46.323221757150314,0.0,0.0,0.0,False,False,False
main,deterministic,deterministic,2025-01-01,99,True,True,0,,,0.7,20.0,optimal,2.3420148999866797,2.34201629999734,0.0,0,0,15664.811973990281,174.34157851920799,15839.15355250949,16245.511000446668,16419.852578965874,210321.29448029358,0.01654511575589457,52.25517512989157,0.0,0.0,0.0,False,False,False
main,deterministic,deterministic,2025-04-01,0,True,True,0,,,0.7,20.0,optimal,2.9823093000013614,2.982310099992901,0.0,0,0,15462.571691668632,498.33225108842646,15960.903942757059,16428.52028828475,16926.85253937318,147979.6147737677,0.4553285421754202,54.70750101051056,0.0,0.0,0.0,False,False,False
main,deterministic,deterministic,2025-04-01,1,True,True,0,,,0.7,20.0,optimal,2.9823093000013614,2.982310099992901,0.0,0,0,15462.571691668632,498.33225108842646,15960.903942757059,16002.287453416326,16500.619704504752,137171.82702911267,0.0,63.11231779562332,0.0,0.0,0.0,False,False,False
main,deterministic,deterministic,2025-04-01,2,True,True,0,,,0.7,20.0,optimal,2.9823093000013614,2.982310099992901,0.0,0,0,15462.571691668632,498.33225108842646,15960.903942757059,15843.66093451176,16341.993185600186,138132.0922258884,0.0,49.926564631662394,0.0,0.0,0.0,False,False,False
main,deterministic,deterministic,2025-04-01,3,True,True,0,,,0.7,20.0,optimal,2.9823093000013614,2.982310099992901,0.0,0,0,15462.571691668632,498.33225108842646,15960.903942757059,14910.790676610735,15409.122927699162,118992.80774502143,0.06487662455031368,53.80650221631558,0.0,0.0,0.0,False,False,False
main,deterministic,deterministic,2025-04-01,4,True,True,0,,,0.7,20.0,optimal,2.9823093000013614,2.982310099992901,0.0,0,0,15462.571691668632,498.33225108842646,15960.903942757059,15141.450113563304,15639.78236465173,122730.99640902951,0.0,49.60715238561274,0.0,0.0,0.0,False,False,False
main,deterministic,deterministic,2025-04-01,5,True,True,0,,,0.7,20.0,optimal,2.9823093000013614,2.982310099992901,0.0,0,0,15462.571691668632,498.33225108842646,15960.903942757059,16125.328529869188,16623.660780957616,135690.33805139363,0.24155457626840154,57.771682083747024,0.0,0.0,0.0,False,False,False
main,deterministic,deterministic,2025-04-01,6,True,True,0,,,0.7,20.0,optimal,2.9823093000013614,2.982310099992901,0.0,0,0,15462.571691668632,498.33225108842646,15960.903942757059,15785.339860898364,16283.67211198679,131707.98424012598,0.0,52.75809247483251,0.0,0.0,0.0,False,False,False
main,deterministic,deterministic,2025-04-01,7,True,True,0,,,0.7,20.0,optimal,2.9823093000013614,2.982310099992901,0.0,0,0,15462.571691668632,498.33225108842646,15960.903942757059,14829.83854388838,15328.170794976806,114102.61572653883,0.0,52.090623523027666,0.0,0.0,0.0,False,False,False
main,deterministic,deterministic,2025-04-01,8,True,True,0,,,0.7,20.0,optimal,2.9823093000013614,2.982310099992901,0.0,0,0,15462.571691668632,498.33225108842646,15960.903942757059,15264.863065750866,15763.195316839292,125293.97534933682,0.06724256748912216,52.041204265223705,0.0,0.0,0.0,False,False,False
main,deterministic,deterministic,2025-04-01,9,True,True,0,,,0.7,20.0,optimal,2.9823093000013614,2.982310099992901,0.0,0,0,15462.571691668632,498.33225108842646,15960.903942757059,15296.103101184983,15794.435352273409,136221.56020000344,0.13897298393633584,62.22060526766223,0.0,0.0,0.0,False,False,False
main,deterministic,deterministic,2025-04-01,10,True,True,0,,,0.7,20.0,optimal,2.9823093000013614,2.982310099992901,0.0,0,0,15462.571691668632,498.33225108842646,15960.903942757059,15422.41325161268,15920.745502701106,127878.13529778493,0.0,53.812666708288354,0.0,0.0,0.0,False,False,False
main,deterministic,deterministic,2025-04-01,11,True,True,0,,,0.7,20.0,optimal,2.9823093000013614,2.982310099992901,0.0,0,0,15462.571691668632,498.33225108842646,15960.903942757059,15116.260064141323,15614.59231522975,123799.26971478741,0.0,44.81078018406766,0.0,0.0,0.0,False,False,False
main,deterministic,deterministic,2025-04-01,12,True,True,0,,,0.7,20.0,optimal,2.9823093000013614,2.982310099992901,0.0,0,0,15462.571691668632,498.33225108842646,15960.903942757059,15239.060775703376,15737.393026791802,130720.82943991822,0.16102860313995623,48.44884741567618,0.0,0.0,0.0,False,False,False
main,deterministic,deterministic,2025-04-01,13,True,True,0,,,0.7,20.0,optimal,2.9823093000013614,2.982310099992901,0.0,0,0,15462.571691668632,498.33225108842646,15960.903942757059,15382.327065576212,15880.659316664638,128269.56801681036,0.19100116233591585,59.2569613226359,0.0,0.0,0.0,False,False,False
main,deterministic,deterministic,2025-04-01,14,True,True,0,,,0.7,20.0,optimal,2.9823093000013614,2.982310099992901,0.0,0,0,15462.571691668632,498.33225108842646,15960.903942757059,15513.429883353961,16011.762134442388,128888.74795510728,0.0,54.633137898787254,0.0,0.0,0.0,False,False,False
main,deterministic,deterministic,2025-04-01,15,True,True,0,,,0.7,20.0,optimal,2.9823093000013614,2.982310099992901,0.0,0,0,15462.571691668632,498.33225108842646,15960.903942757059,15176.539737705467,15674.871988793893,125293.2306675374,0.07553062807710553,48.90862928518491,0.0,0.0,0.0,False,False,False
main,deterministic,deterministic,2025-04-01,16,True,True,0,,,0.7,20.0,optimal,2.9823093000013614,2.982310099992901,0.0,0,0,15462.571691668632,498.33225108842646,15960.903942757059,15879.865032392285,16378.197283480711,143851.89761242885,0.023999399055787796,47.852500008685304,0.0,0.0,0.0,False,False,False
main,deterministic,deterministic,2025-04-01,17,True,True,0,,,0.7,20.0,optimal,2.9823093000013614,2.982310099992901,0.0,0,0,15462.571691668632,498.33225108842646,15960.903942757059,16070.011698717177,16568.343949805603,142448.0837520939,0.12879924582720745,64.0156214229131,0.0,0.0,0.0,False,False,False
main,deterministic,deterministic,2025-04-01,18,True,True,0,,,0.7,20.0,optimal,2.9823093000013614,2.982310099992901,0.0,0,0,15462.571691668632,498.33225108842646,15960.903942757059,16287.717284524782,16786.04953561321,154552.8549538967,0.0,56.15345661217866,0.0,0.0,0.0,False,False,False
main,deterministic,deterministic,2025-04-01,19,True,True,0,,,0.7,20.0,optimal,2.9823093000013614,2.982310099992901,0.0,0,0,15462.571691668632,498.33225108842646,15960.903942757059,16720.37815194164,17218.71040303007,150153.94113514712,0.7246070008368393,54.5833314895847,0.0,0.0,0.0,False,False,False
main,deterministic,deterministic,2025-04-01,20,True,True,0,,,0.7,20.0,optimal,2.9823093000013614,2.982310099992901,0.0,0,0,15462.571691668632,498.33225108842646,15960.903942757059,15929.360241467719,16427.692492556147,128072.28061501909,0.05243787787661586,48.42951422829751,0.0,0.0,0.0,False,False,False
main,deterministic,deterministic,2025-04-01,21,True,True,0,,,0.7,20.0,optimal,2.9823093000013614,2.982310099992901,0.0,0,0,15462.571691668632,498.33225108842646,15960.903942757059,15203.7856927806,15702.117943869027,128117.12978174919,0.22823568885158818,50.27329258921894,0.0,0.0,0.0,False,False,False
main,deterministic,deterministic,2025-04-01,22,True,True,0,,,0.7,20.0,optimal,2.9823093000013614,2.982310099992901,0.0,0,0,15462.571691668632,498.33225108842646,15960.903942757059,15919.669611260586,16418.001862349014,139300.9661755738,0.32762838967996727,51.97912654456738,0.0,0.0,0.0,False,False,False
main,deterministic,deterministic,2025-04-01,23,True,True,0,,,0.7,20.0,optimal,2.9823093000013614,2.982310099992901,0.0,0,0,15462.571691668632,498.33225108842646,15960.903942757059,16912.874962017424,17411.207213105852,158729.33749035993,0.0,52.58232923592847,0.0,0.0,0.0,False,False,False
main,deterministic,deterministic,2025-04-01,24,True,True,0,,,0.7,20.0,optimal,2.9823093000013614,2.982310099992901,0.0,0,0,15462.571691668632,498.33225108842646,15960.903942757059,15912.402071409055,16410.734322497483,140208.48672715368,0.0,60.50615220172243,0.0,0.0,0.0,False,False,False
main,deterministic,deterministic,2025-04-01,25,True,True,0,,,0.7,20.0,optimal,2.9823093000013614,2.982310099992901,0.0,0,0,15462.571691668632,498.33225108842646,15960.903942757059,16382.125677984384,16880.45792907281,147344.83689442693,0.016384467760044763,47.973775519774975,0.0,0.0,0.0,False,False,False
main,deterministic,deterministic,2025-04-01,26,True,True,0,,,0.7,20.0,optimal,2.9823093000013614,2.982310099992901,0.0,0,0,15462.571691668632,498.33225108842646,15960.903942757059,15403.406964947037,15901.739216035463,134182.4650888271,0.05557010081371422,59.14741546312002,0.0,0.0,0.0,False,False,False
main,deterministic,deterministic,2025-04-01,27,True,True,0,,,0.7,20.0,optimal,2.9823093000013614,2.982310099992901,0.0,0,0,15462.571691668632,498.33225108842646,15960.903942757059,15615.03189538591,16113.364146474336,134975.79286085416,0.0,58.6928302390893,0.0,0.0,0.0,False,False,False
main,deterministic,deterministic,2025-04-01,28,True,True,0,,,0.7,20.0,optimal,2.9823093000013614,2.982310099992901,0.0,0,0,15462.571691668632,498.33225108842646,15960.903942757059,15845.660378255914,16343.99262934434,137553.75414019832,0.0,44.47478627668756,0.0,0.0,0.0,False,False,False
main,deterministic,deterministic,2025-04-01,29,True,True,0,,,0.7,20.0,optimal,2.9823093000013614,2.982310099992901,0.0,0,0,15462.571691668632,498.33225108842646,15960.903942757059,15750.651912877967,16248.984163966394,132093.70862413195,0.07850651233995215,41.55185202422778,0.0,0.0,0.0,False,False,False
main,deterministic,deterministic,2025-04-01,30,True,True,0,,,0.7,20.0,optimal,2.9823093000013614,2.982310099992901,0.0,0,0,15462.571691668632,498.33225108842646,15960.903942757059,15642.377984749073,16140.7102358375,128425.4139696611,0.27910633633254756,46.81330860709676,0.0,0.0,0.0,False,False,False
main,deterministic,deterministic,2025-04-01,31,True,True,0,,,0.7,20.0,optimal,2.9823093000013614,2.982310099992901,0.0,0,0,15462.571691668632,498.33225108842646,15960.903942757059,15673.669974485802,16172.002225574228,141733.513045222,0.19953181721706442,51.69520243230351,0.0,0.0,0.0,False,False,False
main,deterministic,deterministic,2025-04-01,32,True,True,0,,,0.7,20.0,optimal,2.9823093000013614,2.982310099992901,0.0,0,0,15462.571691668632,498.33225108842646,15960.903942757059,15712.225269339298,16210.557520427725,136703.40752149254,0.0,51.54311848387193,0.0,0.0,0.0,False,False,False
main,deterministic,deterministic,2025-04-01,33,True,True,0,,,0.7,20.0,optimal,2.9823093000013614,2.982310099992901,0.0,0,0,15462.571691668632,498.33225108842646,15960.903942757059,15237.813749683148,15736.146000771574,129970.83130553944,0.011628018994872091,64.1147484716307,0.0,0.0,0.0,False,False,False
main,deterministic,deterministic,2025-04-01,34,True,True,0,,,0.7,20.0,optimal,2.9823093000013614,2.982310099992901,0.0,0,0,15462.571691668632,498.33225108842646,15960.903942757059,15403.946219390373,15902.2784704788,132581.29513130858,0.06796833733013585,55.29051403673257,0.0,0.0,0.0,False,False,False
main,deterministic,deterministic,2025-04-01,35,True,True,0,,,0.7,20.0,optimal,2.9823093000013614,2.982310099992901,0.0,0,0,15462.571691668632,498.33225108842646,15960.903942757059,15926.261287437947,16424.593538526373,134617.3382010634,0.0,57.74520969733615,0.0,0.0,0.0,False,False,False
main,deterministic,deterministic,2025-04-01,36,True,True,0,,,0.7,20.0,optimal,2.9823093000013614,2.982310099992901,0.0,0,0,15462.571691668632,498.33225108842646,15960.903942757059,15361.394764636305,15859.727015724731,124916.77411130919,0.0,62.827029072623105,0.0,0.0,0.0,False,False,False
main,deterministic,deterministic,2025-04-01,37,True,True,0,,,0.7,20.0,optimal,2.9823093000013614,2.982310099992901,0.0,0,0,15462.571691668632,498.33225108842646,15960.903942757059,14788.378282301906,15286.710533390333,116239.75936087746,0.07568070539640082,44.19680517575126,0.0,0.0,0.0,False,False,False
main,deterministic,deterministic,2025-04-01,38,True,True,0,,,0.7,20.0,optimal,2.9823093000013614,2.982310099992901,0.0,0,0,15462.571691668632,498.33225108842646,15960.903942757059,15023.149078503371,15521.481329591797,127454.0730476086,0.0,48.95483574582402,0.0,0.0,0.0,False,False,False
main,deterministic,deterministic,2025-04-01,39,True,True,0,,,0.7,20.0,optimal,2.9823093000013614,2.982310099992901,0.0,0,0,15462.571691668632,498.33225108842646,15960.903942757059,15442.65550679483,15940.987757883257,127785.25676036072,0.0,46.04815817205758,0.0,0.0,0.0,False,False,False
main,deterministic,deterministic,2025-04-01,40,True,True,0,,,0.7,20.0,optimal,2.9823093000013614,2.982310099992901,0.0,0,0,15462.571691668632,498.33225108842646,15960.903942757059,15525.188038655315,16023.520289743741,123344.8620612603,0.0,49.906702085190965,0.0,0.0,0.0,False,False,False
main,deterministic,deterministic,2025-04-01,41,True,True,0,,,0.7,20.0,optimal,2.9823093000013614,2.982310099992901,0.0,0,0,15462.571691668632,498.33225108842646,15960.903942757059,15545.113119107593,16043.44537019602,135126.12210682945,0.006066707835640339,40.091223035453694,0.0,0.0,0.0,False,False,False
main,deterministic,deterministic,2025-04-01,42,True,True,0,,,0.7,20.0,optimal,2.9823093000013614,2.982310099992901,0.0,0,0,15462.571691668632,498.33225108842646,15960.903942757059,17019.819229559507,17518.151480647935,163213.82421770776,0.08475293990805643,58.456213610179184,0.0,0.0,0.0,False,False,False
main,deterministic,deterministic,2025-04-01,43,True,True,0,,,0.7,20.0,optimal,2.9823093000013614,2.982310099992901,0.0,0,0,15462.571691668632,498.33225108842646,15960.903942757059,15998.883743473702,16497.215994562128,140845.74987606448,0.0,53.51010190004235,0.0,0.0,0.0,False,False,False
main,deterministic,deterministic,2025-04-01,44,True,True,0,,,0.7,20.0,optimal,2.9823093000013614,2.982310099992901,0.0,0,0,15462.571691668632,498.33225108842646,15960.903942757059,15945.550789619088,16443.883040707515,140392.57205657705,0.0,54.71913768706002,0.0,0.0,0.0,False,False,False
main,deterministic,deterministic,2025-04-01,45,True,True,0,,,0.7,20.0,optimal,2.9823093000013614,2.982310099992901,0.0,0,0,15462.571691668632,498.33225108842646,15960.903942757059,15615.400261490298,16113.732512578725,140480.74740636643,0.0,55.38334922681438,0.0,0.0,0.0,False,False,False
main,deterministic,deterministic,2025-04-01,46,True,True,0,,,0.7,20.0,optimal,2.9823093000013614,2.982310099992901,0.0,0,0,15462.571691668632,498.33225108842646,15960.903942757059,15382.558828395995,15880.891079484421,126816.79417226066,0.0,56.409965861927205,0.0,0.0,0.0,False,False,False
main,deterministic,deterministic,2025-04-01,47,True,True,0,,,0.7,20.0,optimal,2.9823093000013614,2.982310099992901,0.0,0,0,15462.571691668632,498.33225108842646,15960.903942757059,15778.154471133274,16276.4867222217,133497.00326671798,0.07186455988894958,55.41832945405838,0.0,0.0,0.0,False,False,False
main,deterministic,deterministic,2025-04-01,48,True,True,0,,,0.7,20.0,optimal,2.9823093000013614,2.982310099992901,0.0,0,0,15462.571691668632,498.33225108842646,15960.903942757059,15776.122260018892,16274.454511107318,137573.17932127463,0.0,48.868581705124754,0.0,0.0,0.0,False,False,False
main,deterministic,deterministic,2025-04-01,49,True,True,0,,,0.7,20.0,optimal,2.9823093000013614,2.982310099992901,0.0,0,0,15462.571691668632,498.33225108842646,15960.903942757059,15999.907427255608,16498.239678344034,140929.44102164294,0.007931721483874554,58.4988849652905,0.0,0.0,0.0,False,False,False
main,deterministic,deterministic,2025-04-01,50,True,True,0,,,0.7,20.0,optimal,2.9823093000013614,2.982310099992901,0.0,0,0,15462.571691668632,498.33225108842646,15960.903942757059,14904.383897670887,15402.716148759313,127925.5418247106,0.016559131224401114,54.09138107122142,0.0,0.0,0.0,False,False,False
main,deterministic,deterministic,2025-04-01,51,True,True,0,,,0.7,20.0,optimal,2.9823093000013614,2.982310099992901,0.0,0,0,15462.571691668632,498.33225108842646,15960.903942757059,15832.210870362047,16330.543121450473,137611.66854205783,0.0,54.92808308362106,0.0,0.0,0.0,False,False,False
main,deterministic,deterministic,2025-04-01,52,True,True,0,,,0.7,20.0,optimal,2.9823093000013614,2.982310099992901,0.0,0,0,15462.571691668632,498.33225108842646,15960.903942757059,15311.280365204195,15809.612616292621,126070.8350458574,0.2908652472992427,56.86972817359425,0.0,0.0,0.0,False,False,False
main,deterministic,deterministic,2025-04-01,53,True,True,0,,,0.7,20.0,optimal,2.9823093000013614,2.982310099992901,0.0,0,0,15462.571691668632,498.33225108842646,15960.903942757059,14783.69429313251,15282.026544220937,119982.56053489466,0.0,49.546600904571385,0.0,0.0,0.0,False,False,False
main,deterministic,deterministic,2025-04-01,54,True,True,0,,,0.7,20.0,optimal,2.9823093000013614,2.982310099992901,0.0,0,0,15462.571691668632,498.33225108842646,15960.903942757059,15758.627144130094,16256.95939521852,140961.47472649222,0.0,50.99917873736622,0.0,0.0,0.0,False,False,False
main,deterministic,deterministic,2025-04-01,55,True,True,0,,,0.7,20.0,optimal,2.9823093000013614,2.982310099992901,0.0,0,0,15462.571691668632,498.33225108842646,15960.903942757059,15840.83288602867,16339.165137117096,141231.46756393978,0.0,54.09761784270495,0.0,0.0,0.0,False,False,False
main,deterministic,deterministic,2025-04-01,56,True,True,0,,,0.7,20.0,optimal,2.9823093000013614,2.982310099992901,0.0,0,0,15462.571691668632,498.33225108842646,15960.903942757059,15999.699193177703,16498.03144426613,141875.04542057787,0.022659156711597794,44.33332815090477,0.0,0.0,0.0,False,False,False
main,deterministic,deterministic,2025-04-01,57,True,True,0,,,0.7,20.0,optimal,2.9823093000013614,2.982310099992901,0.0,0,0,15462.571691668632,498.33225108842646,15960.903942757059,15118.897701353097,15617.229952441523,116846.37680149665,0.16061702494548258,52.44865731806745,0.0,0.0,0.0,False,False,False
main,deterministic,deterministic,2025-04-01,58,True,True,0,,,0.7,20.0,optimal,2.9823093000013614,2.982310099992901,0.0,0,0,15462.571691668632,498.33225108842646,15960.903942757059,15737.11603961793,16235.448290706356,137747.7193156855,0.06914861307442843,57.73070622750637,0.0,0.0,0.0,False,False,False
main,deterministic,deterministic,2025-04-01,59,True,True,0,,,0.7,20.0,optimal,2.9823093000013614,2.982310099992901,0.0,0,0,15462.571691668632,498.33225108842646,15960.903942757059,15504.637688895535,16002.969939983961,130502.53168083068,0.06529302345580501,52.63261662808002,0.0,0.0,0.0,False,False,False
main,deterministic,deterministic,2025-04-01,60,True,True,0,,,0.7,20.0,optimal,2.9823093000013614,2.982310099992901,0.0,0,0,15462.571691668632,498.33225108842646,15960.903942757059,15793.469234012151,16291.801485100577,135650.60601392938,0.039585826372878885,54.9192460979757,0.0,0.0,0.0,False,False,False
main,deterministic,deterministic,2025-04-01,61,True,True,0,,,0.7,20.0,optimal,2.9823093000013614,2.982310099992901,0.0,0,0,15462.571691668632,498.33225108842646,15960.903942757059,15505.76008745806,16004.092338546487,137145.9468550132,0.0,46.805814734015954,0.0,0.0,0.0,False,False,False
main,deterministic,deterministic,2025-04-01,62,True,True,0,,,0.7,20.0,optimal,2.9823093000013614,2.982310099992901,0.0,0,0,15462.571691668632,498.33225108842646,15960.903942757059,16191.461161767036,16689.793412855463,140598.10838568077,0.5058912610391729,55.439524469697155,0.0,0.0,0.0,False,False,False
main,deterministic,deterministic,2025-04-01,63,True,True,0,,,0.7,20.0,optimal,2.9823093000013614,2.982310099992901,0.0,0,0,15462.571691668632,498.33225108842646,15960.903942757059,15431.380597005402,15929.712848093828,126534.59146671814,0.0,61.13660335407351,0.0,0.0,0.0,False,False,False
main,deterministic,deterministic,2025-04-01,64,True,True,0,,,0.7,20.0,optimal,2.9823093000013614,2.982310099992901,0.0,0,0,15462.571691668632,498.33225108842646,15960.903942757059,14962.020952902696,15460.353203991122,123995.70809093512,0.16803777729181468,46.302408977970714,0.0,0.0,0.0,False,False,False
main,deterministic,deterministic,2025-04-01,65,True,True,0,,,0.7,20.0,optimal,2.9823093000013614,2.982310099992901,0.0,0,0,15462.571691668632,498.33225108842646,15960.903942757059,16225.376155124819,16723.708406213245,141615.04068706758,0.17373716005184794,55.37642016536738,0.0,0.0,0.0,False,False,False
main,deterministic,deterministic,2025-04-01,66,True,True,0,,,0.7,20.0,optimal,2.9823093000013614,2.982310099992901,0.0,0,0,15462.571691668632,498.33225108842646,15960.903942757059,15433.887648142534,15932.21989923096,134045.17600556352,0.0,61.37912385503031,0.0,0.0,0.0,False,False,False
main,deterministic,deterministic,2025-04-01,67,True,True,0,,,0.7,20.0,optimal,2.9823093000013614,2.982310099992901,0.0,0,0,15462.571691668632,498.33225108842646,15960.903942757059,16277.96610925315,16776.298360341578,148602.31861883926,0.0,57.29155000958596,0.0,0.0,0.0,False,False,False
main,deterministic,deterministic,2025-04-01,68,True,True,0,,,0.7,20.0,optimal,2.9823093000013614,2.982310099992901,0.0,0,0,15462.571691668632,498.33225108842646,15960.903942757059,14973.284154550212,15471.616405638639,128146.64876472352,0.025455420867943834,55.24688527073294,0.0,0.0,0.0,False,False,False
main,deterministic,deterministic,2025-04-01,69,True,True,0,,,0.7,20.0,optimal,2.9823093000013614,2.982310099992901,0.0,0,0,15462.571691668632,498.33225108842646,15960.903942757059,15757.370209979545,16255.702461067971,134538.2011410359,0.0,54.58090935958546,0.0,0.0,0.0,False,False,False
main,deterministic,deterministic,2025-04-01,70,True,True,0,,,0.7,20.0,optimal,2.9823093000013614,2.982310099992901,0.0,0,0,15462.571691668632,498.33225108842646,15960.903942757059,15320.82535142145,15819.157602509877,131830.3688718647,0.0,58.793830313913894,0.0,0.0,0.0,False,False,False
main,deterministic,deterministic,2025-04-01,71,True,True,0,,,0.7,20.0,optimal,2.9823093000013614,2.982310099992901,0.0,0,0,15462.571691668632,498.33225108842646,15960.903942757059,15840.732396078207,16339.064647166633,142208.99676275247,0.065698794118485,59.46785143746742,0.0,0.0,0.0,False,False,False
main,deterministic,deterministic,2025-04-01,72,True,True,0,,,0.7,20.0,optimal,2.9823093000013614,2.982310099992901,0.0,0,0,15462.571691668632,498.33225108842646,15960.903942757059,16057.469407194052,16555.80165828248,142214.71859023705,0.0,59.7723755473331,0.0,0.0,0.0,False,False,False
main,deterministic,deterministic,2025-04-01,73,True,True,0,,,0.7,20.0,optimal,2.9823093000013614,2.982310099992901,0.0,0,0,15462.571691668632,498.33225108842646,15960.903942757059,16595.49662187707,17093.8288729655,161046.47559700318,0.0,55.666148504776096,0.0,0.0,0.0,False,False,False
main,deterministic,deterministic,2025-04-01,74,True,True,0,,,0.7,20.0,optimal,2.9823093000013614,2.982310099992901,0.0,0,0,15462.571691668632,498.33225108842646,15960.903942757059,17215.81127205498,17714.143523143408,163797.6103918849,0.08704778733151497,54.555377257842345,0.0,0.0,0.0,False,False,False
main,deterministic,deterministic,2025-04-01,75,True,True,0,,,0.7,20.0,optimal,2.9823093000013614,2.982310099992901,0.0,0,0,15462.571691668632,498.33225108842646,15960.903942757059,15740.706915338218,16239.039166426644,138281.68192629938,0.08569391677140348,50.47482238904754,0.0,0.0,0.0,False,False,False
main,deterministic,deterministic,2025-04-01,76,True,True,0,,,0.7,20.0,optimal,2.9823093000013614,2.982310099992901,0.0,0,0,15462.571691668632,498.33225108842646,15960.903942757059,15532.195877140543,16030.528128228969,135906.41447968292,0.02445830237626828,53.55374789429136,0.0,0.0,0.0,False,False,False
main,deterministic,deterministic,2025-04-01,77,True,True,0,,,0.7,20.0,optimal,2.9823093000013614,2.982310099992901,0.0,0,0,15462.571691668632,498.33225108842646,15960.903942757059,15768.104099225775,16266.436350314201,139648.69633582543,0.06438354318366812,47.365584287703705,0.0,0.0,0.0,False,False,False
main,deterministic,deterministic,2025-04-01,78,True,True,0,,,0.7,20.0,optimal,2.9823093000013614,2.982310099992901,0.0,0,0,15462.571691668632,498.33225108842646,15960.903942757059,15138.393895507275,15636.726146595702,129922.81827214362,0.13121582743340726,54.89674486386523,0.0,0.0,0.0,False,False,False
main,deterministic,deterministic,2025-04-01,79,True,True,0,,,0.7,20.0,optimal,2.9823093000013614,2.982310099992901,0.0,0,0,15462.571691668632,498.33225108842646,15960.903942757059,15952.815136718391,16451.147387806817,143826.42111986064,0.0,49.39016659479566,0.0,0.0,0.0,False,False,False
main,deterministic,deterministic,2025-04-01,80,True,True,0,,,0.7,20.0,optimal,2.9823093000013614,2.982310099992901,0.0,0,0,15462.571691668632,498.33225108842646,15960.903942757059,15827.922034669184,16326.25428575761,137484.18458884797,0.016529798418778607,48.555687394498804,0.0,0.0,0.0,False,False,False
main,deterministic,deterministic,2025-04-01,81,True,True,0,,,0.7,20.0,optimal,2.9823093000013614,2.982310099992901,0.0,0,0,15462.571691668632,498.33225108842646,15960.903942757059,15354.465447886103,15852.79769897453,124910.33131924382,0.0,60.31436350133994,0.0,0.0,0.0,False,False,False
main,deterministic,deterministic,2025-04-01,82,True,True,0,,,0.7,20.0,optimal,2.9823093000013614,2.982310099992901,0.0,0,0,15462.571691668632,498.33225108842646,15960.903942757059,15710.552002643704,16208.88425373213,133234.33809826904,0.04455790948397137,49.600272338818904,0.0,0.0,0.0,False,False,False
main,deterministic,deterministic,2025-04-01,83,True,True,0,,,0.7,20.0,optimal,2.9823093000013614,2.982310099992901,0.0,0,0,15462.571691668632,498.33225108842646,15960.903942757059,16046.239422145982,16544.571673234408,146316.06492289304,0.20779922672082402,47.9825885308198,0.0,0.0,0.0,False,False,False
main,deterministic,deterministic,2025-04-01,84,True,True,0,,,0.7,20.0,optimal,2.9823093000013614,2.982310099992901,0.0,0,0,15462.571691668632,498.33225108842646,15960.903942757059,15850.478127864179,16348.810378952605,144031.88217516584,0.48540441076162544,47.22422374367459,0.0,0.0,0.0,False,False,False
main,deterministic,deterministic,2025-04-01,85,True,True,0,,,0.7,20.0,optimal,2.9823093000013614,2.982310099992901,0.0,0,0,15462.571691668632,498.33225108842646,15960.903942757059,15611.193207818924,16109.52545890735,129953.67383201585,0.02886546963334835,63.44419138548702,0.0,0.0,0.0,False,False,False
main,deterministic,deterministic,2025-04-01,86,True,True,0,,,0.7,20.0,optimal,2.9823093000013614,2.982310099992901,0.0,0,0,15462.571691668632,498.33225108842646,15960.903942757059,16550.119823880355,17048.452074968784,151839.8224683333,0.021698135609198255,47.66548572468637,0.0,0.0,0.0,False,False,False
main,deterministic,deterministic,2025-04-01,87,True,True,0,,,0.7,20.0,optimal,2.9823093000013614,2.982310099992901,0.0,0,0,15462.571691668632,498.33225108842646,15960.903942757059,15720.93410670214,16219.266357790566,139725.63949699161,0.050480039639013485,55.30046171406458,0.0,0.0,0.0,False,False,False
main,deterministic,deterministic,2025-04-01,88,True,True,0,,,0.7,20.0,optimal,2.9823093000013614,2.982310099992901,0.0,0,0,15462.571691668632,498.33225108842646,15960.903942757059,15641.135629366132,16139.467880454558,132838.29041991537,0.0,59.37251760808118,0.0,0.0,0.0,False,False,False
main,deterministic,deterministic,2025-04-01,89,True,True,0,,,0.7,20.0,optimal,2.9823093000013614,2.982310099992901,0.0,0,0,15462.571691668632,498.33225108842646,15960.903942757059,16083.399248691188,16581.731499779617,142020.20017947353,0.11033867911793643,53.7449280457225,0.0,0.0,0.0,False,False,False
main,deterministic,deterministic,2025-04-01,90,True,True,0,,,0.7,20.0,optimal,2.9823093000013614,2.982310099992901,0.0,0,0,15462.571691668632,498.33225108842646,15960.903942757059,15050.68275639175,15549.015007480177,126622.4488463637,0.04836662718909612,62.04333164745255,0.0,0.0,0.0,False,False,False
main,deterministic,deterministic,2025-04-01,91,True,True,0,,,0.7,20.0,optimal,2.9823093000013614,2.982310099992901,0.0,0,0,15462.571691668632,498.33225108842646,15960.903942757059,16243.585558670547,16741.917809758976,148440.90430879593,0.028008672706990867,52.17422799593724,0.0,0.0,0.0,False,False,False
main,deterministic,deterministic,2025-04-01,92,True,True,0,,,0.7,20.0,optimal,2.9823093000013614,2.982310099992901,0.0,0,0,15462.571691668632,498.33225108842646,15960.903942757059,15041.445794700636,15539.778045789062,117830.4451560987,0.08101032362138244,45.779993511570524,0.0,0.0,0.0,False,False,False
main,deterministic,deterministic,2025-04-01,93,True,True,0,,,0.7,20.0,optimal,2.9823093000013614,2.982310099992901,0.0,0,0,15462.571691668632,498.33225108842646,15960.903942757059,15227.441669535128,15725.773920623555,122209.1107935635,0.0,54.53941859369552,0.0,0.0,0.0,False,False,False
main,deterministic,deterministic,2025-04-01,94,True,True,0,,,0.7,20.0,optimal,2.9823093000013614,2.982310099992901,0.0,0,0,15462.571691668632,498.33225108842646,15960.903942757059,16381.599688673288,16879.931939761715,146818.0135062719,0.0,48.58722099152664,0.0,0.0,0.0,False,False,False
main,deterministic,deterministic,2025-04-01,95,True,True,0,,,0.7,20.0,optimal,2.9823093000013614,2.982310099992901,0.0,0,0,15462.571691668632,498.33225108842646,15960.903942757059,15350.320522534257,15848.652773622684,127961.29706031407,0.11803240058284609,58.34921865780726,0.0,0.0,0.0,False,False,False
main,deterministic,deterministic,2025-04-01,96,True,True,0,,,0.7,20.0,optimal,2.9823093000013614,2.982310099992901,0.0,0,0,15462.571691668632,498.33225108842646,15960.903942757059,15594.289587507525,16092.621838595951,132824.05878319257,0.0,50.45371840103895,0.0,0.0,0.0,False,False,False
main,deterministic,deterministic,2025-04-01,97,True,True,0,,,0.7,20.0,optimal,2.9823093000013614,2.982310099992901,0.0,0,0,15462.571691668632,498.33225108842646,15960.903942757059,15248.536680162339,15746.868931250765,137139.0811759449,0.40619276920753217,50.989104967751565,0.0,0.0,0.0,False,False,False
main,deterministic,deterministic,2025-04-01,98,True,True,0,,,0.7,20.0,optimal,2.9823093000013614,2.982310099992901,0.0,0,0,15462.571691668632,498.33225108842646,15960.903942757059,15938.95522482063,16437.287475909056,140542.43531706504,0.00956107704685527,45.29197625374236,0.0,0.0,0.0,False,False,False
main,deterministic,deterministic,2025-04-01,99,True,True,0,,,0.7,20.0,optimal,2.9823093000013614,2.982310099992901,0.0,0,0,15462.571691668632,498.33225108842646,15960.903942757059,16296.285681764164,16794.61793285259,153843.90179702267,0.0,53.632587563909496,0.0,0.0,0.0,False,False,False
main,deterministic,deterministic,2025-07-01,0,True,True,0,,,0.7,20.0,optimal,1.9701789999962784,1.9701795000000857,0.0,0,0,15865.460962360758,295.2709491819242,16160.731911542682,16737.35734355389,17032.628292735815,183169.10270361672,0.1824385248754607,59.99223609941347,0.0,0.0,0.0,False,False,False
main,deterministic,deterministic,2025-07-01,1,True,True,0,,,0.7,20.0,optimal,1.9701789999962784,1.9701795000000857,0.0,0,0,15865.460962360758,295.2709491819242,16160.731911542682,16331.472917701933,16626.74386688386,171702.88239447007,0.3572702918567755,68.86137523763523,0.0,0.0,0.0,False,False,False
main,deterministic,deterministic,2025-07-01,2,True,True,0,,,0.7,20.0,optimal,1.9701789999962784,1.9701795000000857,0.0,0,0,15865.460962360758,295.2709491819242,16160.731911542682,16182.841033868592,16478.111983050516,172402.14577474576,0.33141103865045374,53.88154750538081,0.0,0.0,0.0,False,False,False
main,deterministic,deterministic,2025-07-01,3,True,True,0,,,0.7,20.0,optimal,1.9701789999962784,1.9701795000000857,0.0,0,0,15865.460962360758,295.2709491819242,16160.731911542682,15548.273338713972,15843.544287895897,150692.9363634021,0.152188860042417,59.11639495108844,0.0,0.0,0.0,False,False,False
main,deterministic,deterministic,2025-07-01,4,True,True,0,,,0.7,20.0,optimal,1.9701789999962784,1.9701795000000857,0.0,0,0,15865.460962360758,295.2709491819242,16160.731911542682,15184.152931670824,15479.423880852748,155563.41962801167,0.05618064533505007,52.86968043046253,0.0,0.0,0.0,False,False,False
main,deterministic,deterministic,2025-07-01,5,True,True,0,,,0.7,20.0,optimal,1.9701789999962784,1.9701795000000857,0.0,0,0,15865.460962360758,295.2709491819242,16160.731911542682,16279.528067654064,16574.79901683599,168279.6131044692,0.0731411718100004,63.12200851974015,0.0,0.0,0.0,False,False,False
main,deterministic,deterministic,2025-07-01,6,True,True,0,,,0.7,20.0,optimal,1.9701789999962784,1.9701795000000857,0.0,0,0,15865.460962360758,295.2709491819242,16160.731911542682,15931.417793249091,16226.688742431015,164986.70801524364,0.48508884985629697,52.241328126307565,0.0,0.0,0.0,False,False,False
main,deterministic,deterministic,2025-07-01,7,True,True,0,,,0.7,20.0,optimal,1.9701789999962784,1.9701795000000857,0.0,0,0,15865.460962360758,295.2709491819242,16160.731911542682,14999.870920961917,15295.141870143842,144452.8310049132,0.05399593334796732,54.69209684223722,0.0,0.0,0.0,False,False,False
main,deterministic,deterministic,2025-07-01,8,True,True,0,,,0.7,20.0,optimal,1.9701789999962784,1.9701795000000857,0.0,0,0,15865.460962360758,295.2709491819242,16160.731911542682,15505.114303289749,15800.385252471673,158287.4432212248,0.48687542465719763,55.42239810302089,0.0,0.0,0.0,False,False,False
main,deterministic,deterministic,2025-07-01,9,True,True,0,,,0.7,20.0,optimal,1.9701789999962784,1.9701795000000857,0.0,0,0,15865.460962360758,295.2709491819242,16160.731911542682,15817.933962283823,16113.204911465748,169557.95052502365,0.5035769992869632,65.38690544434017,0.0,0.0,0.0,False,False,False
main,deterministic,deterministic,2025-07-01,10,True,True,0,,,0.7,20.0,optimal,1.9701789999962784,1.9701795000000857,0.0,0,0,15865.460962360758,295.2709491819242,16160.731911542682,15790.154676678168,16085.425625860093,161489.0691203985,0.0,58.77543797907016,0.0,0.0,0.0,False,False,False
main,deterministic,deterministic,2025-07-01,11,True,True,0,,,0.7,20.0,optimal,1.9701789999962784,1.9701795000000857,0.0,0,0,15865.460962360758,295.2709491819242,16160.731911542682,15410.168883996195,15705.43983317812,156738.60528589465,0.02642966504114036,56.29901929185988,0.0,0.0,0.0,False,False,False
main,deterministic,deterministic,2025-07-01,12,True,True,0,,,0.7,20.0,optimal,1.9701789999962784,1.9701795000000857,0.0,0,0,15865.460962360758,295.2709491819242,16160.731911542682,15939.574373039086,16234.84532222101,163603.0934329756,0.07476232356042975,54.51954452785562,0.0,0.0,0.0,False,False,False
main,deterministic,deterministic,2025-07-01,13,True,True,0,,,0.7,20.0,optimal,1.9701789999962784,1.9701795000000857,0.0,0,0,15865.460962360758,295.2709491819242,16160.731911542682,15771.844810948314,16067.115760130238,160627.76747750927,0.40317547958229594,60.10167445537344,0.0,0.0,0.0,False,False,False
main,deterministic,deterministic,2025-07-01,14,True,True,0,,,0.7,20.0,optimal,1.9701789999962784,1.9701795000000857,0.0,0,0,15865.460962360758,295.2709491819242,16160.731911542682,15761.970845244743,16057.241794426667,162427.4124658229,0.009528105239086482,60.76083975245409,0.0,0.0,0.0,False,False,False
main,deterministic,deterministic,2025-07-01,15,True,True,0,,,0.7,20.0,optimal,1.9701789999962784,1.9701795000000857,0.0,0,0,15865.460962360758,295.2709491819242,16160.731911542682,15676.703445324993,15971.974394506917,157983.29755701235,0.09453148601832881,52.55058448517371,0.0,0.0,0.0,False,False,False
main,deterministic,deterministic,2025-07-01,16,True,True,0,,,0.7,20.0,optimal,1.9701789999962784,1.9701795000000857,0.0,0,0,15865.460962360758,295.2709491819242,16160.731911542682,16484.16484601155,16779.435795193476,177769.82860944414,0.09097246417692698,53.83255802243649,0.0,0.0,0.0,False,False,False
main,deterministic,deterministic,2025-07-01,17,True,True,0,,,0.7,20.0,optimal,1.9701789999962784,1.9701795000000857,0.0,0,0,15865.460962360758,295.2709491819242,16160.731911542682,16468.814192256912,16764.085141438838,178280.94541478425,0.6336553989387604,67.67865127471053,0.0,0.0,0.0,False,False,False
main,deterministic,deterministic,2025-07-01,18,True,True,0,,,0.7,20.0,optimal,1.9701789999962784,1.9701795000000857,0.0,0,0,15865.460962360758,295.2709491819242,16160.731911542682,17356.333907120345,17651.60485630227,189074.72525511368,0.9513692231689128,60.78374167085882,0.0,0.0,0.0,False,False,False
main,deterministic,deterministic,2025-07-01,19,True,True,0,,,0.7,20.0,optimal,1.9701789999962784,1.9701795000000857,0.0,0,0,15865.460962360758,295.2709491819242,16160.731911542682,16855.919358084997,17151.190307266923,184363.3484639284,0.0,59.56771358123273,0.0,0.0,0.0,False,False,False
main,deterministic,deterministic,2025-07-01,20,True,True,0,,,0.7,20.0,optimal,1.9701789999962784,1.9701795000000857,0.0,0,0,15865.460962360758,295.2709491819242,16160.731911542682,16451.9819173818,16747.252866563726,163425.39172744812,0.1461963393030228,54.484762693495185,0.0,0.0,0.0,False,False,False
main,deterministic,deterministic,2025-07-01,21,True,True,0,,,0.7,20.0,optimal,1.9701789999962784,1.9701795000000857,0.0,0,0,15865.460962360758,295.2709491819242,16160.731911542682,15455.19311363247,15750.464062814393,160135.0354178182,0.169995913719443,53.91317062939819,0.0,0.0,0.0,False,False,False
main,deterministic,deterministic,2025-07-01,22,True,True,0,,,0.7,20.0,optimal,1.9701789999962784,1.9701795000000857,0.0,0,0,15865.460962360758,295.2709491819242,16160.731911542682,16243.591067586785,16538.86201676871,171772.94374880803,0.8184034049388735,55.09025770577386,0.0,0.0,0.0,False,False,False
main,deterministic,deterministic,2025-07-01,23,True,True,0,,,0.7,20.0,optimal,1.9701789999962784,1.9701795000000857,0.0,0,0,15865.460962360758,295.2709491819242,16160.731911542682,17690.883701344857,17986.154650526783,193545.51545098115,0.586638045075319,57.00771406129926,0.0,0.0,0.0,False,False,False
main,deterministic,deterministic,2025-07-01,24,True,True,0,,,0.7,20.0,optimal,1.9701789999962784,1.9701795000000857,0.0,0,0,15865.460962360758,295.2709491819242,16160.731911542682,16411.16899140147,16706.439940583397,174772.5478328988,0.06994263800707631,64.50112666721823,0.0,0.0,0.0,False,False,False
main,deterministic,deterministic,2025-07-01,25,True,True,0,,,0.7,20.0,optimal,1.9701789999962784,1.9701795000000857,0.0,0,0,15865.460962360758,295.2709491819242,16160.731911542682,16695.925285226964,16991.19623440889,182718.83020989547,0.3458808122087329,51.35595758526732,0.0,0.0,0.0,False,False,False
main,deterministic,deterministic,2025-07-01,26,True,True,0,,,0.7,20.0,optimal,1.9701789999962784,1.9701795000000857,0.0,0,0,15865.460962360758,295.2709491819242,16160.731911542682,15812.52462065391,16107.795569835835,167705.72946053836,0.1397041723299745,63.84242924598167,0.0,0.0,0.0,False,False,False
main,deterministic,deterministic,2025-07-01,27,True,True,0,,,0.7,20.0,optimal,1.9701789999962784,1.9701795000000857,0.0,0,0,15865.460962360758,295.2709491819242,16160.731911542682,16159.873112749565,16455.14406193149,169196.05119032034,0.006122606711368217,65.21013811892384,0.0,0.0,0.0,False,False,False
main,deterministic,deterministic,2025-07-01,28,True,True,0,,,0.7,20.0,optimal,1.9701789999962784,1.9701795000000857,0.0,0,0,15865.460962360758,295.2709491819242,16160.731911542682,16235.941269400393,16531.212218582317,171136.1380917625,0.0,47.06717492973631,0.0,0.0,0.0,False,False,False
main,deterministic,deterministic,2025-07-01,29,True,True,0,,,0.7,20.0,optimal,1.9701789999962784,1.9701795000000857,0.0,0,0,15865.460962360758,295.2709491819242,16160.731911542682,16238.354444013767,16533.625393195693,166152.89980919924,1.393169124230543,47.36790222244815,0.0,0.0,0.0,False,False,False
main,deterministic,deterministic,2025-07-01,30,True,True,0,,,0.7,20.0,optimal,1.9701789999962784,1.9701795000000857,0.0,0,0,15865.460962360758,295.2709491819242,16160.731911542682,16073.759221270775,16369.0301704527,161241.77742061866,0.32682299930589864,53.62747476093155,0.0,0.0,0.0,False,False,False
main,deterministic,deterministic,2025-07-01,31,True,True,0,,,0.7,20.0,optimal,1.9701789999962784,1.9701795000000857,0.0,0,0,15865.460962360758,295.2709491819242,16160.731911542682,16088.454212684614,16383.725161866538,175440.34450823895,0.21503665915378162,63.30720856436945,0.0,0.0,0.0,False,False,False
main,deterministic,deterministic,2025-07-01,32,True,True,0,,,0.7,20.0,optimal,1.9701789999962784,1.9701795000000857,0.0,0,0,15865.460962360758,295.2709491819242,16160.731911542682,16414.995197722797,16710.266146904723,170821.19818956812,0.6208328121940447,60.06206512265981,0.0,0.0,0.0,False,False,False
main,deterministic,deterministic,2025-07-01,33,True,True,0,,,0.7,20.0,optimal,1.9701789999962784,1.9701795000000857,0.0,0,0,15865.460962360758,295.2709491819242,16160.731911542682,15791.582186567755,16086.85313574968,162394.91733364278,0.3118344831172558,71.07471362348397,0.0,0.0,0.0,False,False,False
main,deterministic,deterministic,2025-07-01,34,True,True,0,,,0.7,20.0,optimal,1.9701789999962784,1.9701795000000857,0.0,0,0,15865.460962360758,295.2709491819242,16160.731911542682,15548.074974545885,15843.34592372781,166844.09946075862,0.4220572173182047,60.90295753094929,0.0,0.0,0.0,False,False,False
main,deterministic,deterministic,2025-07-01,35,True,True,0,,,0.7,20.0,optimal,1.9701789999962784,1.9701795000000857,0.0,0,0,15865.460962360758,295.2709491819242,16160.731911542682,16428.51130872329,16723.782257905215,168577.77641533688,0.338458833623817,60.32755792410675,0.0,0.0,0.0,False,False,False
main,deterministic,deterministic,2025-07-01,36,True,True,0,,,0.7,20.0,optimal,1.9701789999962784,1.9701795000000857,0.0,0,0,15865.460962360758,295.2709491819242,16160.731911542682,15865.995269887553,16161.266219069477,157823.79539362428,0.30488358338021454,67.67682162393656,0.0,0.0,0.0,False,False,False
main,deterministic,deterministic,2025-07-01,37,True,True,0,,,0.7,20.0,optimal,1.9701789999962784,1.9701795000000857,0.0,0,0,15865.460962360758,295.2709491819242,16160.731911542682,15111.723442853985,15406.99439203591,148415.31485494832,0.3998349760572967,45.432334845865746,0.0,0.0,0.0,False,False,False
main,deterministic,deterministic,2025-07-01,38,True,True,0,,,0.7,20.0,optimal,1.9701789999962784,1.9701795000000857,0.0,0,0,15865.460962360758,295.2709491819242,16160.731911542682,15694.656257268789,15989.927206450713,159954.1235821619,0.05658637873430461,52.27985465242062,0.0,0.0,0.0,False,False,False
main,deterministic,deterministic,2025-07-01,39,True,True,0,,,0.7,20.0,optimal,1.9701789999962784,1.9701795000000857,0.0,0,0,15865.460962360758,295.2709491819242,16160.731911542682,15718.583850691597,16013.854799873521,160747.5072628558,0.6212604992490515,50.383469337754406,0.0,0.0,0.0,False,False,False
main,deterministic,deterministic,2025-07-01,40,True,True,0,,,0.7,20.0,optimal,1.9701789999962784,1.9701795000000857,0.0,0,0,15865.460962360758,295.2709491819242,16160.731911542682,15695.569676640715,15990.840625822639,157015.95919539727,0.9352848394467633,52.66974266510896,0.0,0.0,0.0,False,False,False
main,deterministic,deterministic,2025-07-01,41,True,True,0,,,0.7,20.0,optimal,1.9701789999962784,1.9701795000000857,0.0,0,0,15865.460962360758,295.2709491819242,16160.731911542682,16177.379136604442,16472.65008578637,168929.59798269387,0.2296851031799474,42.48142331067873,0.0,0.0,0.0,False,False,False
main,deterministic,deterministic,2025-07-01,42,True,True,0,,,0.7,20.0,optimal,1.9701789999962784,1.9701795000000857,0.0,0,0,15865.460962360758,295.2709491819242,16160.731911542682,17577.123145431367,17872.394094613293,199712.34341360515,0.09711867302192578,63.45708364694431,0.0,0.1885652816475365,0.0,False,True,False
main,deterministic,deterministic,2025-07-01,43,True,True,0,,,0.7,20.0,optimal,1.9701789999962784,1.9701795000000857,0.0,0,0,15865.460962360758,295.2709491819242,16160.731911542682,16247.630537981024,16542.901487162948,174952.9806981309,0.12147957536069001,58.51841529620075,0.0,0.0,0.0,False,False,False
main,deterministic,deterministic,2025-07-01,44,True,True,0,,,0.7,20.0,optimal,1.9701789999962784,1.9701795000000857,0.0,0,0,15865.460962360758,295.2709491819242,16160.731911542682,16212.592943425963,16507.86389260789,174719.30649166286,0.08743399056642076,59.86137870134669,0.0,0.030248867365044285,0.0,False,True,False
main,deterministic,deterministic,2025-07-01,45,True,True,0,,,0.7,20.0,optimal,1.9701789999962784,1.9701795000000857,0.0,0,0,15865.460962360758,295.2709491819242,16160.731911542682,16471.466402835835,16766.73735201776,172457.02491484696,0.6577919828357157,64.07550347553423,0.0,0.0,0.0,False,False,False
main,deterministic,deterministic,2025-07-01,46,True,True,0,,,0.7,20.0,optimal,1.9701789999962784,1.9701795000000857,0.0,0,0,15865.460962360758,295.2709491819242,16160.731911542682,15680.60669635309,15975.877645535014,157663.36222643996,0.4973435682655846,58.586719415255615,0.0,0.0,0.0,False,False,False
main,deterministic,deterministic,2025-07-01,47,True,True,0,,,0.7,20.0,optimal,1.9701789999962784,1.9701795000000857,0.0,0,0,15865.460962360758,295.2709491819242,16160.731911542682,16421.779996210735,16717.05094539266,165743.36896487084,0.4122629874852349,58.58150719295572,0.0,0.0,0.0,False,False,False
main,deterministic,deterministic,2025-07-01,48,True,True,0,,,0.7,20.0,optimal,1.9701789999962784,1.9701795000000857,0.0,0,0,15865.460962360758,295.2709491819242,16160.731911542682,15863.720802133572,16158.991751315496,170709.9538207597,0.20845587613113747,58.55629996478373,0.0,0.031273249490651134,0.0,False,True,False
main,deterministic,deterministic,2025-07-01,49,True,True,0,,,0.7,20.0,optimal,1.9701789999962784,1.9701795000000857,0.0,0,0,15865.460962360758,295.2709491819242,16160.731911542682,16485.939206371215,16781.21015555314,174330.09268026782,0.08933114248808993,65.34639329219095,0.0,0.0,0.0,False,False,False
main,deterministic,deterministic,2025-07-01,50,True,True,0,,,0.7,20.0,optimal,1.9701789999962784,1.9701795000000857,0.0,0,0,15865.460962360758,295.2709491819242,16160.731911542682,15633.048180788282,15928.319129970207,159306.5331469132,0.051751009365274186,62.750534778475505,0.0,0.0,0.0,False,False,False
main,deterministic,deterministic,2025-07-01,51,True,True,0,,,0.7,20.0,optimal,1.9701789999962784,1.9701795000000857,0.0,0,0,15865.460962360758,295.2709491819242,16160.731911542682,15906.487557043942,16201.758506225866,169715.70229755557,0.584556168726855,60.72376312315424,0.0,0.0,0.0,False,False,False
main,deterministic,deterministic,2025-07-01,52,True,True,0,,,0.7,20.0,optimal,1.9701789999962784,1.9701795000000857,0.0,0,0,15865.460962360758,295.2709491819242,16160.731911542682,15719.94123390539,16015.212183087315,157911.01279259782,0.24766791641792188,63.74504016175532,0.0,0.0,0.0,False,False,False
main,deterministic,deterministic,2025-07-01,53,True,True,0,,,0.7,20.0,optimal,1.9701789999962784,1.9701795000000857,0.0,0,0,15865.460962360758,295.2709491819242,16160.731911542682,15185.047609453331,15480.318558635256,151013.81212220457,0.0,52.8538618661851,0.0,0.0,0.0,False,False,False
main,deterministic,deterministic,2025-07-01,54,True,True,0,,,0.7,20.0,optimal,1.9701789999962784,1.9701795000000857,0.0,0,0,15865.460962360758,295.2709491819242,16160.731911542682,16465.582695822486,16760.853645004412,174323.37130234588,1.1246534830433617,54.0845732600254,0.0,0.0,0.0,False,False,False
main,deterministic,deterministic,2025-07-01,55,True,True,0,,,0.7,20.0,optimal,1.9701789999962784,1.9701795000000857,0.0,0,0,15865.460962360758,295.2709491819242,16160.731911542682,16230.394268751092,16525.665217933016,174969.04694811572,0.05624212387633473,61.49041152837514,0.0,0.06334220586396078,0.0,False,True,False
main,deterministic,deterministic,2025-07-01,56,True,True,0,,,0.7,20.0,optimal,1.9701789999962784,1.9701795000000857,0.0,0,0,15865.460962360758,295.2709491819242,16160.731911542682,16198.27710051203,16493.548049693956,175776.58429347424,0.1052929714437229,49.24189866709433,0.0,0.0,0.0,False,False,False
main,deterministic,deterministic,2025-07-01,57,True,True,0,,,0.7,20.0,optimal,1.9701789999962784,1.9701795000000857,0.0,0,0,15865.460962360758,295.2709491819242,16160.731911542682,15090.847640886708,15386.118590068632,149897.96479488176,0.0,107.0607870693134,0.0,0.0,0.8455454728841658,False,False,True
main,deterministic,deterministic,2025-07-01,58,True,True,0,,,0.7,20.0,optimal,1.9701789999962784,1.9701795000000857,0.0,0,0,15865.460962360758,295.2709491819242,16160.731911542682,16220.114661547806,16515.385610729732,171352.87350241074,0.13351783150377883,62.433942501523546,0.0,0.0,0.0,False,False,False
main,deterministic,deterministic,2025-07-01,59,True,True,0,,,0.7,20.0,optimal,1.9701789999962784,1.9701795000000857,0.0,0,0,15865.460962360758,295.2709491819242,16160.731911542682,15796.659220775453,16091.930169957377,163778.93540084487,0.7765467926355488,58.59388366815644,0.0,0.0,0.0,False,False,False
main,deterministic,deterministic,2025-07-01,60,True,True,0,,,0.7,20.0,optimal,1.9701789999962784,1.9701795000000857,0.0,0,0,15865.460962360758,295.2709491819242,16160.731911542682,16062.406272070646,16357.67722125257,170845.8380560695,0.10684719146462052,57.745026633081984,0.0,0.0,0.0,False,False,False
main,deterministic,deterministic,2025-07-01,61,True,True,0,,,0.7,20.0,optimal,1.9701789999962784,1.9701795000000857,0.0,0,0,15865.460962360758,295.2709491819242,16160.731911542682,15937.916824888267,16233.187774070191,170785.6805181535,0.5258414631636616,48.4155674256623,0.0,0.0,0.0,False,False,False
main,deterministic,deterministic,2025-07-01,62,True,True,0,,,0.7,20.0,optimal,1.9701789999962784,1.9701795000000857,0.0,0,0,15865.460962360758,295.2709491819242,16160.731911542682,16365.900150633468,16661.171099815394,176121.56834857093,0.4764654146497265,62.09150416789888,0.0,0.0,0.0,False,False,False
main,deterministic,deterministic,2025-07-01,63,True,True,0,,,0.7,20.0,optimal,1.9701789999962784,1.9701795000000857,0.0,0,0,15865.460962360758,295.2709491819242,16160.731911542682,15845.23600054695,16140.506949728875,158500.82262484755,0.1785645499357861,66.74521208683949,0.0,0.0,0.0,False,False,False
main,deterministic,deterministic,2025-07-01,64,True,True,0,,,0.7,20.0,optimal,1.9701789999962784,1.9701795000000857,0.0,0,0,15865.460962360758,295.2709491819242,16160.731911542682,15884.431643521375,16179.7025927033,156817.88232436578,0.08253631687188223,52.197049270534805,0.0,0.0,0.0,False,False,False
main,deterministic,deterministic,2025-07-01,65,True,True,0,,,0.7,20.0,optimal,1.9701789999962784,1.9701795000000857,0.0,0,0,15865.460962360758,295.2709491819242,16160.731911542682,16717.228194822834,17012.49914400476,175348.06678047855,0.0,59.128432703027116,0.0,0.0,0.0,False,False,False
main,deterministic,deterministic,2025-07-01,66,True,True,0,,,0.7,20.0,optimal,1.9701789999962784,1.9701795000000857,0.0,0,0,15865.460962360758,295.2709491819242,16160.731911542682,15799.62491080086,16094.895859982784,167299.6829251172,0.6418028820341131,68.20457392925489,0.0,0.0,0.0,False,False,False
main,deterministic,deterministic,2025-07-01,67,True,True,0,,,0.7,20.0,optimal,1.9701789999962784,1.9701795000000857,0.0,0,0,15865.460962360758,295.2709491819242,16160.731911542682,16723.787943165127,17019.058892347053,183344.55707083817,0.11702996547396344,52.800676535951624,0.0,0.0,0.0,False,False,False
main,deterministic,deterministic,2025-07-01,68,True,True,0,,,0.7,20.0,optimal,1.9701789999962784,1.9701795000000857,0.0,0,0,15865.460962360758,295.2709491819242,16160.731911542682,15519.662639903645,15814.93358908557,160601.65934413663,0.16157263255599608,57.523678385697615,0.0,0.0,0.0,False,False,False
main,deterministic,deterministic,2025-07-01,69,True,True,0,,,0.7,20.0,optimal,1.9701789999962784,1.9701795000000857,0.0,0,0,15865.460962360758,295.2709491819242,16160.731911542682,16514.039369532988,16809.310318714914,168155.8148209707,0.0,61.77561399628553,0.0,0.0,0.0,False,False,False
main,deterministic,deterministic,2025-07-01,70,True,True,0,,,0.7,20.0,optimal,1.9701789999962784,1.9701795000000857,0.0,0,0,15865.460962360758,295.2709491819242,16160.731911542682,15929.933086338162,16225.204035520086,165757.1833332132,0.3236134409030755,63.80574760809016,0.0,0.0,0.0,False,False,False
main,deterministic,deterministic,2025-07-01,71,True,True,0,,,0.7,20.0,optimal,1.9701789999962784,1.9701795000000857,0.0,0,0,15865.460962360758,295.2709491819242,16160.731911542682,16241.136868227131,16536.407817409057,177376.88529698446,0.7651107814928075,67.44942669362801,0.0,0.0,0.0,False,False,False
main,deterministic,deterministic,2025-07-01,72,True,True,0,,,0.7,20.0,optimal,1.9701789999962784,1.9701795000000857,0.0,0,0,15865.460962360758,295.2709491819242,16160.731911542682,16436.525942317243,16731.79689149917,176377.99950271496,0.3749393112881086,63.393255364912484,0.0,0.0,0.0,False,False,False
main,deterministic,deterministic,2025-07-01,73,True,True,0,,,0.7,20.0,optimal,1.9701789999962784,1.9701795000000857,0.0,0,0,15865.460962360758,295.2709491819242,16160.731911542682,17398.512131265114,17693.78308044704,197756.98979390445,0.07872904096817401,61.83570488564244,0.0,0.0,0.0,False,False,False
main,deterministic,deterministic,2025-07-01,74,True,True,0,,,0.7,20.0,optimal,1.9701789999962784,1.9701795000000857,0.0,0,0,15865.460962360758,295.2709491819242,16160.731911542682,17759.038041267053,18054.30899044898,200756.25396034092,0.7884514985468348,63.58430061006615,0.0,0.0,0.0,False,False,False
main,deterministic,deterministic,2025-07-01,75,True,True,0,,,0.7,20.0,optimal,1.9701789999962784,1.9701795000000857,0.0,0,0,15865.460962360758,295.2709491819242,16160.731911542682,16337.625392722059,16632.896341903983,172513.66032752968,0.27032604319934184,56.2148285540329,0.0,0.0,0.0,False,False,False
main,deterministic,deterministic,2025-07-01,76,True,True,0,,,0.7,20.0,optimal,1.9701789999962784,1.9701795000000857,0.0,0,0,15865.460962360758,295.2709491819242,16160.731911542682,16133.57677765101,16428.847726832933,169528.15030555398,1.0020164995511112,57.52553097130713,0.0,0.0,0.0,False,False,False
main,deterministic,deterministic,2025-07-01,77,True,True,0,,,0.7,20.0,optimal,1.9701789999962784,1.9701795000000857,0.0,0,0,15865.460962360758,295.2709491819242,16160.731911542682,16453.38406467142,16748.655013853346,173172.14207138636,0.004088310186322608,53.49401069207323,0.0,0.0,0.0,False,False,False
main,deterministic,deterministic,2025-07-01,78,True,True,0,,,0.7,20.0,optimal,1.9701789999962784,1.9701795000000857,0.0,0,0,15865.460962360758,295.2709491819242,16160.731911542682,15517.292782780958,15812.563731962882,163093.97201062075,0.13343151163016684,62.24021352390974,0.0,0.0,0.0,False,False,False
main,deterministic,deterministic,2025-07-01,79,True,True,0,,,0.7,20.0,optimal,1.9701789999962784,1.9701795000000857,0.0,0,0,15865.460962360758,295.2709491819242,16160.731911542682,16491.904736754503,16787.17568593643,178541.3762443638,0.7049157833333548,54.86090059149672,0.0,0.038298766713477095,0.0,False,True,False
main,deterministic,deterministic,2025-07-01,80,True,True,0,,,0.7,20.0,optimal,1.9701789999962784,1.9701795000000857,0.0,0,0,15865.460962360758,295.2709491819242,16160.731911542682,16237.479088408612,16532.750037590537,171150.10661240446,0.6774968948833736,54.71427755078887,0.0,0.0,0.0,False,False,False
main,deterministic,deterministic,2025-07-01,81,True,True,0,,,0.7,20.0,optimal,1.9701789999962784,1.9701795000000857,0.0,0,0,15865.460962360758,295.2709491819242,16160.731911542682,15628.009188419108,15923.280137601032,157916.74101271725,0.0,65.76199350687655,0.0,0.0,0.0,False,False,False
main,deterministic,deterministic,2025-07-01,82,True,True,0,,,0.7,20.0,optimal,1.9701789999962784,1.9701795000000857,0.0,0,0,15865.460962360758,295.2709491819242,16160.731911542682,16157.618767255208,16452.889716437134,167884.10762809144,0.11389584903466146,47.95944263233633,0.0,0.0,0.0,False,False,False
main,deterministic,deterministic,2025-07-01,83,True,True,0,,,0.7,20.0,optimal,1.9701789999962784,1.9701795000000857,0.0,0,0,15865.460962360758,295.2709491819242,16160.731911542682,16601.214432545923,16896.48538172785,181960.1049493256,0.22267832943111904,56.08005343983931,0.0,0.0,0.0,False,False,False
main,deterministic,deterministic,2025-07-01,84,True,True,0,,,0.7,20.0,optimal,1.9701789999962784,1.9701795000000857,0.0,0,0,15865.460962360758,295.2709491819242,16160.731911542682,16561.56499932215,16856.835948504075,178713.41389281777,0.0,53.777211758986724,0.0,0.0,0.0,False,False,False
main,deterministic,deterministic,2025-07-01,85,True,True,0,,,0.7,20.0,optimal,1.9701789999962784,1.9701795000000857,0.0,0,0,15865.460962360758,295.2709491819242,16160.731911542682,16355.89066671287,16651.161615894795,163367.7502634629,0.6729979509244217,66.95835522445444,0.0,0.0,0.0,False,False,False
main,deterministic,deterministic,2025-07-01,86,True,True,0,,,0.7,20.0,optimal,1.9701789999962784,1.9701795000000857,0.0,0,0,15865.460962360758,295.2709491819242,16160.731911542682,16894.801500383463,17190.07244956539,187828.92603320433,0.06041134632167519,52.349606507259985,0.0,0.009990762052308977,0.0,False,True,False
main,deterministic,deterministic,2025-07-01,87,True,True,0,,,0.7,20.0,optimal,1.9701789999962784,1.9701795000000857,0.0,0,0,15865.460962360758,295.2709491819242,16160.731911542682,16256.914705388726,16552.18565457065,173031.16191978057,0.47930491474920756,60.31700000695713,0.0,0.0,0.0,False,False,False
main,deterministic,deterministic,2025-07-01,88,True,True,0,,,0.7,20.0,optimal,1.9701789999962784,1.9701795000000857,0.0,0,0,15865.460962360758,295.2709491819242,16160.731911542682,16229.555048773795,16524.82599795572,165826.50422480464,0.01305380208147322,64.64621060675034,0.0,0.0,0.0,False,False,False
main,deterministic,deterministic,2025-07-01,89,True,True,0,,,0.7,20.0,optimal,1.9701789999962784,1.9701795000000857,0.0,0,0,15865.460962360758,295.2709491819242,16160.731911542682,16738.515648292137,17033.786597474063,176983.68840827525,0.1251197831569436,58.895358377948455,0.0,0.0,0.0,False,False,False
main,deterministic,deterministic,2025-07-01,90,True,True,0,,,0.7,20.0,optimal,1.9701789999962784,1.9701795000000857,0.0,0,0,15865.460962360758,295.2709491819242,16160.731911542682,15180.437541308305,15475.70849049023,158576.41994221095,0.0,116.02293189377833,0.0,0.5874573799897049,1.3126571839302257,False,True,True
main,deterministic,deterministic,2025-07-01,91,True,True,0,,,0.7,20.0,optimal,1.9701789999962784,1.9701795000000857,0.0,0,0,15865.460962360758,295.2709491819242,16160.731911542682,16718.999605346256,17014.270554528182,183447.8805875058,0.07914563507610484,54.09805626274068,0.0,0.0,0.0,False,False,False
main,deterministic,deterministic,2025-07-01,92,True,True,0,,,0.7,20.0,optimal,1.9701789999962784,1.9701795000000857,0.0,0,0,15865.460962360758,295.2709491819242,16160.731911542682,15265.08473897072,15560.355688152644,149717.72070878,0.1510851707848263,46.72392571113397,0.0,0.0,0.0,False,False,False
main,deterministic,deterministic,2025-07-01,93,True,True,0,,,0.7,20.0,optimal,1.9701789999962784,1.9701795000000857,0.0,0,0,15865.460962360758,295.2709491819242,16160.731911542682,15356.633342957544,15651.904292139468,154353.20716777386,0.2841864703107464,60.55087856380136,0.0,0.0,0.0,False,False,False
main,deterministic,deterministic,2025-07-01,94,True,True,0,,,0.7,20.0,optimal,1.9701789999962784,1.9701795000000857,0.0,0,0,15865.460962360758,295.2709491819242,16160.731911542682,16697.305188768096,16992.57613795002,181387.2172100399,0.09376983150413395,52.98779716417358,0.0,0.0,0.0,False,False,False
main,deterministic,deterministic,2025-07-01,95,True,True,0,,,0.7,20.0,optimal,1.9701789999962784,1.9701795000000857,0.0,0,0,15865.460962360758,295.2709491819242,16160.731911542682,15998.451644575513,16293.722593757437,161014.04394381304,0.7095418870421049,59.35827969286749,0.0,0.0,0.0,False,False,False
main,deterministic,deterministic,2025-07-01,96,True,True,0,,,0.7,20.0,optimal,1.9701789999962784,1.9701795000000857,0.0,0,0,15865.460962360758,295.2709491819242,16160.731911542682,16163.975351639125,16459.24630082105,166286.85824840592,0.3080675771954575,51.16451468416902,0.0,0.0,0.0,False,False,False
main,deterministic,deterministic,2025-07-01,97,True,True,0,,,0.7,20.0,optimal,1.9701789999962784,1.9701795000000857,0.0,0,0,15865.460962360758,295.2709491819242,16160.731911542682,15713.817190925782,16009.088140107706,170663.587987499,0.017078387716806143,57.45370946476551,0.0,0.0,0.0,False,False,False
main,deterministic,deterministic,2025-07-01,98,True,True,0,,,0.7,20.0,optimal,1.9701789999962784,1.9701795000000857,0.0,0,0,15865.460962360758,295.2709491819242,16160.731911542682,16203.438670764028,16498.709619945952,175838.11390904945,0.06352397549971447,47.34916561694447,0.0,0.0,0.0,False,False,False
main,deterministic,deterministic,2025-07-01,99,True,True,0,,,0.7,20.0,optimal,1.9701789999962784,1.9701795000000857,0.0,0,0,15865.460962360758,295.2709491819242,16160.731911542682,16847.479447212907,17142.750396394833,189755.3531726515,0.5192769870892898,57.88876655366392,0.0,0.0,0.0,False,False,False
main,deterministic,deterministic,2025-10-01,0,True,True,0,,,0.7,20.0,optimal,2.246190999998362,2.246191700003692,0.0,0,0,16307.664624421875,533.9055933035798,16841.570217725457,17201.685992045197,17735.59158534878,209106.56543422188,0.18994949407490025,55.527270177659034,0.0,0.0,0.0,False,False,False
main,deterministic,deterministic,2025-10-01,1,True,True,0,,,0.7,20.0,optimal,2.246190999998362,2.246191700003692,0.0,0,0,16307.664624421875,533.9055933035798,16841.570217725457,16626.223470469897,17160.12906377348,198818.6947084754,0.36806137980497833,66.03627040403283,0.0,0.0,0.0,False,False,False
main,deterministic,deterministic,2025-10-01,2,True,True,0,,,0.7,20.0,optimal,2.246190999998362,2.246191700003692,0.0,0,0,16307.664624421875,533.9055933035798,16841.570217725457,16594.638597663466,17128.544190967048,197705.28576213654,0.0,51.000699536419155,0.0,0.0,0.0,False,False,False
main,deterministic,deterministic,2025-10-01,3,True,True,0,,,0.7,20.0,optimal,2.246190999998362,2.246191700003692,0.0,0,0,16307.664624421875,533.9055933035798,16841.570217725457,15634.129774878273,16168.035368181852,174834.84424634546,0.01163253684567378,59.73164867383082,0.0,0.0,0.0,False,False,False
main,deterministic,deterministic,2025-10-01,4,True,True,0,,,0.7,20.0,optimal,2.246190999998362,2.246191700003692,0.0,0,0,16307.664624421875,533.9055933035798,16841.570217725457,15993.481897700452,16527.387491004032,179106.6393714675,0.1569275873692162,49.81709244578479,0.0,0.0,0.0,False,False,False
main,deterministic,deterministic,2025-10-01,5,True,True,0,,,0.7,20.0,optimal,2.246190999998362,2.246191700003692,0.0,0,0,16307.664624421875,533.9055933035798,16841.570217725457,16443.99573278478,16977.901326088362,193794.94025304075,0.6576824413491943,58.771266240515885,0.0,0.0,0.0,False,False,False
main,deterministic,deterministic,2025-10-01,6,True,True,0,,,0.7,20.0,optimal,2.246190999998362,2.246191700003692,0.0,0,0,16307.664624421875,533.9055933035798,16841.570217725457,16292.550732884018,16826.4563261876,189970.99692481032,0.0,48.29017687004067,0.0,0.0,0.0,False,False,False
main,deterministic,deterministic,2025-10-01,7,True,True,0,,,0.7,20.0,optimal,2.246190999998362,2.246191700003692,0.0,0,0,16307.664624421875,533.9055933035798,16841.570217725457,15548.088767068484,16081.994360372064,168329.1393316192,0.03453448768820899,53.65543273942306,0.0,0.0,0.0,False,False,False
main,deterministic,deterministic,2025-10-01,8,True,True,0,,,0.7,20.0,optimal,2.246190999998362,2.246191700003692,0.0,0,0,16307.664624421875,533.9055933035798,16841.570217725457,16267.530633990587,16801.43622729417,182853.91245030172,0.5768631749760498,52.43391667151572,0.0,0.0,0.0,False,False,False
main,deterministic,deterministic,2025-10-01,9,True,True,0,,,0.7,20.0,optimal,2.246190999998362,2.246191700003692,0.0,0,0,16307.664624421875,533.9055933035798,16841.570217725457,16278.271830791207,16812.17742409479,195939.93383019944,0.030932915820235163,60.919065948454964,0.0,0.0,0.0,False,False,False
main,deterministic,deterministic,2025-10-01,10,True,True,0,,,0.7,20.0,optimal,2.246190999998362,2.246191700003692,0.0,0,0,16307.664624421875,533.9055933035798,16841.570217725457,16138.63033117514,16672.53592447872,187212.39124763064,0.0,56.533620493692865,0.0,0.0,0.0,False,False,False
main,deterministic,deterministic,2025-10-01,11,True,True,0,,,0.7,20.0,optimal,2.246190999998362,2.246191700003692,0.0,0,0,16307.664624421875,533.9055933035798,16841.570217725457,15974.407341441261,16508.31293474484,182479.73046410482,0.1158787038322564,50.585414344117744,0.0,0.0,0.0,False,False,False
main,deterministic,deterministic,2025-10-01,12,True,True,0,,,0.7,20.0,optimal,2.246190999998362,2.246191700003692,0.0,0,0,16307.664624421875,533.9055933035798,16841.570217725457,16069.032709674326,16602.938302977906,189125.68592758666,0.27498169182118226,52.26619504122647,0.0,0.0004514580435603932,0.0,False,True,False
main,deterministic,deterministic,2025-10-01,13,True,True,0,,,0.7,20.0,optimal,2.246190999998362,2.246191700003692,0.0,0,0,16307.664624421875,533.9055933035798,16841.570217725457,16207.245926180474,16741.151519484054,187077.7790946263,0.045626164442904016,58.523352466337286,0.0,0.0,0.0,False,False,False
main,deterministic,deterministic,2025-10-01,14,True,True,0,,,0.7,20.0,optimal,2.246190999998362,2.246191700003692,0.0,0,0,16307.664624421875,533.9055933035798,16841.570217725457,16328.627178648016,16862.532771951595,187734.15497400862,0.0,53.779524111630806,0.0,0.0,0.0,False,False,False
main,deterministic,deterministic,2025-10-01,15,True,True,0,,,0.7,20.0,optimal,2.246190999998362,2.246191700003692,0.0,0,0,16307.664624421875,533.9055933035798,16841.570217725457,16141.142733239762,16675.048326543343,184712.54210809083,0.30696378267228264,46.25878247710294,0.0,0.0,0.0,False,False,False
main,deterministic,deterministic,2025-10-01,16,True,True,0,,,0.7,20.0,optimal,2.246190999998362,2.246191700003692,0.0,0,0,16307.664624421875,533.9055933035798,16841.570217725457,16599.575092593564,17133.480685897146,204689.0385757112,0.0,50.9815334147342,0.0,0.0,0.0,False,False,False
main,deterministic,deterministic,2025-10-01,17,True,True,0,,,0.7,20.0,optimal,2.246190999998362,2.246191700003692,0.0,0,0,16307.664624421875,533.9055933035798,16841.570217725457,16576.545197352716,17110.450790656298,203656.0025060844,0.8465543362380399,62.40296701179149,0.0,0.0,0.0,False,False,False
main,deterministic,deterministic,2025-10-01,18,True,True,0,,,0.7,20.0,optimal,2.246190999998362,2.246191700003692,0.0,0,0,16307.664624421875,533.9055933035798,16841.570217725457,17093.272608796484,17627.178202100065,215967.7027909665,0.14414980947799547,56.45494726541245,0.0,0.0,0.0,False,False,False
main,deterministic,deterministic,2025-10-01,19,True,True,0,,,0.7,20.0,optimal,2.246190999998362,2.246191700003692,0.0,0,0,16307.664624421875,533.9055933035798,16841.570217725457,17208.01972191794,17741.92531522152,210042.6087038221,0.17316696036048185,56.294859286245845,0.0,0.0,0.0,False,False,False
main,deterministic,deterministic,2025-10-01,20,True,True,0,,,0.7,20.0,optimal,2.246190999998362,2.246191700003692,0.0,0,0,16307.664624421875,533.9055933035798,16841.570217725457,16223.513237337256,16757.418830640836,189610.5839794927,0.010093953314939758,51.62727162632053,0.0,0.0,0.0,False,False,False
main,deterministic,deterministic,2025-10-01,21,True,True,0,,,0.7,20.0,optimal,2.246190999998362,2.246191700003692,0.0,0,0,16307.664624421875,533.9055933035798,16841.570217725457,15982.267211234923,16516.172804538503,185887.34022029495,0.07037010721185338,53.34089612055642,0.0,0.0016915313157932488,0.0,False,True,False
main,deterministic,deterministic,2025-10-01,22,True,True,0,,,0.7,20.0,optimal,2.246190999998362,2.246191700003692,0.0,0,0,16307.664624421875,533.9055933035798,16841.570217725457,16392.849984471388,16926.75557777497,197638.662372571,0.018717707153729224,53.170500294635424,0.0,0.0,0.0,False,False,False
main,deterministic,deterministic,2025-10-01,23,True,True,0,,,0.7,20.0,optimal,2.246190999998362,2.246191700003692,0.0,0,0,16307.664624421875,533.9055933035798,16841.570217725457,17749.054140362066,18282.959733665648,220771.12471411252,0.0,54.214672317354214,0.0,0.0034896660355385745,0.0,False,True,False
main,deterministic,deterministic,2025-10-01,24,True,True,0,,,0.7,20.0,optimal,2.246190999998362,2.246191700003692,0.0,0,0,16307.664624421875,533.9055933035798,16841.570217725457,16746.224643595142,17280.130236898724,200870.2225713816,0.0,59.70872504829266,0.0,0.0,0.0,False,False,False
main,deterministic,deterministic,2025-10-01,25,True,True,0,,,0.7,20.0,optimal,2.246190999998362,2.246191700003692,0.0,0,0,16307.664624421875,533.9055933035798,16841.570217725457,16904.28371118551,17438.189304489093,208407.18597584043,0.0,46.670014909427444,0.0,0.0,0.0,False,False,False
main,deterministic,deterministic,2025-10-01,26,True,True,0,,,0.7,20.0,optimal,2.246190999998362,2.246191700003692,0.0,0,0,16307.664624421875,533.9055933035798,16841.570217725457,16144.411136007184,16678.316729310765,192831.92691938786,0.1400523765531836,60.85836205368954,0.0,0.0,0.0,False,False,False
main,deterministic,deterministic,2025-10-01,27,True,True,0,,,0.7,20.0,optimal,2.246190999998362,2.246191700003692,0.0,0,0,16307.664624421875,533.9055933035798,16841.570217725457,16604.735190755542,17138.640784059124,195818.36041785945,0.45100948826252224,59.4724210534329,0.0,0.0,0.0,False,False,False
main,deterministic,deterministic,2025-10-01,28,True,True,0,,,0.7,20.0,optimal,2.246190999998362,2.246191700003692,0.0,0,0,16307.664624421875,533.9055933035798,16841.570217725457,16681.64257300936,17215.548166312943,197682.51570389688,0.3407439494755696,47.470393602005295,0.0,0.0,0.0,False,False,False
main,deterministic,deterministic,2025-10-01,29,True,True,0,,,0.7,20.0,optimal,2.246190999998362,2.246191700003692,0.0,0,0,16307.664624421875,533.9055933035798,16841.570217725457,16306.657523583523,16840.563116887104,191792.28230367266,0.0,44.738845652531054,0.0,0.0,0.0,False,False,False
main,deterministic,deterministic,2025-10-01,30,True,True,0,,,0.7,20.0,optimal,2.246190999998362,2.246191700003692,0.0,0,0,16307.664624421875,533.9055933035798,16841.570217725457,16380.849899429013,16914.755492732595,186195.40810622807,0.10977948767359846,51.263036829592465,0.0,0.0,0.0,False,False,False
main,deterministic,deterministic,2025-10-01,31,True,True,0,,,0.7,20.0,optimal,2.246190999998362,2.246191700003692,0.0,0,0,16307.664624421875,533.9055933035798,16841.570217725457,16466.50730895294,17000.41290225652,200192.55453177798,0.0,56.34119051136062,0.0,0.0,0.0,False,False,False
main,deterministic,deterministic,2025-10-01,32,True,True,0,,,0.7,20.0,optimal,2.246190999998362,2.246191700003692,0.0,0,0,16307.664624421875,533.9055933035798,16841.570217725457,16437.462289969797,16971.36788327338,197748.38971998554,0.0,55.630139570435055,0.0,0.0,0.0,False,False,False
main,deterministic,deterministic,2025-10-01,33,True,True,0,,,0.7,20.0,optimal,2.246190999998362,2.246191700003692,0.0,0,0,16307.664624421875,533.9055933035798,16841.570217725457,16324.949505519042,16858.855098822623,186939.56608139953,0.04884963306586654,66.30157344768956,0.0,0.0,0.0,False,False,False
main,deterministic,deterministic,2025-10-01,34,True,True,0,,,0.7,20.0,optimal,2.246190999998362,2.246191700003692,0.0,0,0,16307.664624421875,533.9055933035798,16841.570217725457,16053.791974438664,16587.697567742245,192767.85631152723,0.3128162944707134,55.70725892641014,0.0,0.07606792341978963,0.0,False,True,False
main,deterministic,deterministic,2025-10-01,35,True,True,0,,,0.7,20.0,optimal,2.246190999998362,2.246191700003692,0.0,0,0,16307.664624421875,533.9055933035798,16841.570217725457,16578.563265780343,17112.468859083925,194374.79673369255,0.09389323772949165,57.01606300974814,0.0,0.0,0.0,False,False,False
main,deterministic,deterministic,2025-10-01,36,True,True,0,,,0.7,20.0,optimal,2.246190999998362,2.246191700003692,0.0,0,0,16307.664624421875,533.9055933035798,16841.570217725457,16160.183635805859,16694.08922910944,182124.45119750453,0.0,60.724768095283224,0.0,0.0,0.0,False,False,False
main,deterministic,deterministic,2025-10-01,37,True,True,0,,,0.7,20.0,optimal,2.246190999998362,2.246191700003692,0.0,0,0,16307.664624421875,533.9055933035798,16841.570217725457,15480.778044723675,16014.683638027254,173292.78139259588,0.09151987756480767,46.2811890266466,0.0,0.0,0.0,False,False,False
main,deterministic,deterministic,2025-10-01,38,True,True,0,,,0.7,20.0,optimal,2.246190999998362,2.246191700003692,0.0,0,0,16307.664624421875,533.9055933035798,16841.570217725457,16128.923404222229,16662.82899752581,185236.02117049703,0.0,51.81128334347537,0.0,0.0,0.0,False,False,False
main,deterministic,deterministic,2025-10-01,39,True,True,0,,,0.7,20.0,optimal,2.246190999998362,2.246191700003692,0.0,0,0,16307.664624421875,533.9055933035798,16841.570217725457,16207.365141489503,16741.270734793085,185036.73604124552,0.0,46.00006843517716,0.0,0.0,0.0,False,False,False
main,deterministic,deterministic,2025-10-01,40,True,True,0,,,0.7,20.0,optimal,2.246190999998362,2.246191700003692,0.0,0,0,16307.664624421875,533.9055933035798,16841.570217725457,16206.1447628942,16740.050356197782,182187.17046194544,0.038007879451825266,50.60700024227466,0.0,0.0,0.0,False,False,False
main,deterministic,deterministic,2025-10-01,41,True,True,0,,,0.7,20.0,optimal,2.246190999998362,2.246191700003692,0.0,0,0,16307.664624421875,533.9055933035798,16841.570217725457,16383.324554954846,16917.230148258426,193930.6026187422,0.16986122637210266,41.677904507532126,0.0,0.0,0.0,False,False,False
main,deterministic,deterministic,2025-10-01,42,True,True,0,,,0.7,20.0,optimal,2.246190999998362,2.246191700003692,0.0,0,0,16307.664624421875,533.9055933035798,16841.570217725457,17610.709616381795,18144.615209685377,227469.07769055167,0.07742840502033593,53.399821635326404,0.0,0.0,0.0,False,False,False
main,deterministic,deterministic,2025-10-01,43,True,True,0,,,0.7,20.0,optimal,2.246190999998362,2.246191700003692,0.0,0,0,16307.664624421875,533.9055933035798,16841.570217725457,16576.655351796493,17110.560945100075,202584.47962543994,0.0,56.29390241090749,0.0,0.0,0.0,False,False,False
main,deterministic,deterministic,2025-10-01,44,True,True,0,,,0.7,20.0,optimal,2.246190999998362,2.246191700003692,0.0,0,0,16307.664624421875,533.9055933035798,16841.570217725457,16589.447596275884,17123.353189579466,200107.24964331422,0.0,55.44105061316042,0.0,0.0,0.0,False,False,False
main,deterministic,deterministic,2025-10-01,45,True,True,0,,,0.7,20.0,optimal,2.246190999998362,2.246191700003692,0.0,0,0,16307.664624421875,533.9055933035798,16841.570217725457,16450.646673223524,16984.552266527106,196937.32357333018,0.0,58.9874018816178,0.0,0.0,0.0,False,False,False
main,deterministic,deterministic,2025-10-01,46,True,True,0,,,0.7,20.0,optimal,2.246190999998362,2.246191700003692,0.0,0,0,16307.664624421875,533.9055933035798,16841.570217725457,15897.390505180498,16431.29609848408,182693.41445072566,0.05081181555407466,59.00178815834632,0.0,0.0,0.0,False,False,False
main,deterministic,deterministic,2025-10-01,47,True,True,0,,,0.7,20.0,optimal,2.246190999998362,2.246191700003692,0.0,0,0,16307.664624421875,533.9055933035798,16841.570217725457,16557.15320458987,17091.058797893453,192540.69174650466,0.07509291294618459,53.52347678932301,0.0,0.0,0.0,False,False,False
main,deterministic,deterministic,2025-10-01,48,True,True,0,,,0.7,20.0,optimal,2.246190999998362,2.246191700003692,0.0,0,0,16307.664624421875,533.9055933035798,16841.570217725457,16217.555557419835,16751.461150723415,197304.12564069472,0.22442733222799305,53.065258132464365,0.0,0.0,0.0,False,False,False
main,deterministic,deterministic,2025-10-01,49,True,True,0,,,0.7,20.0,optimal,2.246190999998362,2.246191700003692,0.0,0,0,16307.664624421875,533.9055933035798,16841.570217725457,16649.20879784071,17183.114391144292,201268.13811610534,0.017253745651161,59.29455480862759,0.0,0.0,0.0,False,False,False
main,deterministic,deterministic,2025-10-01,50,True,True,0,,,0.7,20.0,optimal,2.246190999998362,2.246191700003692,0.0,0,0,16307.664624421875,533.9055933035798,16841.570217725457,15969.309276326285,16503.214869629865,184618.30201484758,0.012366977388853284,57.75507338165681,0.0,0.0,0.0,False,False,False
main,deterministic,deterministic,2025-10-01,51,True,True,0,,,0.7,20.0,optimal,2.246190999998362,2.246191700003692,0.0,0,0,16307.664624421875,533.9055933035798,16841.570217725457,16223.786065995075,16757.691659298656,195504.08243140386,0.6206399252075272,57.16140192281511,0.0,0.0,0.0,False,False,False
main,deterministic,deterministic,2025-10-01,52,True,True,0,,,0.7,20.0,optimal,2.246190999998362,2.246191700003692,0.0,0,0,16307.664624421875,533.9055933035798,16841.570217725457,16149.179103671731,16683.08469697531,184028.6507331309,0.0847596779786931,64.0478230201162,0.0,0.0,0.0,False,False,False
main,deterministic,deterministic,2025-10-01,53,True,True,0,,,0.7,20.0,optimal,2.246190999998362,2.246191700003692,0.0,0,0,16307.664624421875,533.9055933035798,16841.570217725457,15396.378880191582,15930.284473495161,175451.0108719788,0.0,52.08523432690993,0.0,0.0,0.0,False,False,False
main,deterministic,deterministic,2025-10-01,54,True,True,0,,,0.7,20.0,optimal,2.246190999998362,2.246191700003692,0.0,0,0,16307.664624421875,533.9055933035798,16841.570217725457,16609.770115135503,17143.675708439085,199496.11033496558,0.17953097310862837,54.85421594020798,0.0,0.0,0.0,False,False,False
main,deterministic,deterministic,2025-10-01,55,True,True,0,,,0.7,20.0,optimal,2.246190999998362,2.246191700003692,0.0,0,0,16307.664624421875,533.9055933035798,16841.570217725457,16478.37260708552,17012.2782003891,200470.62690700716,0.0,57.632008716154914,0.0,0.0,0.0,False,False,False
main,deterministic,deterministic,2025-10-01,56,True,True,0,,,0.7,20.0,optimal,2.246190999998362,2.246191700003692,0.0,0,0,16307.664624421875,533.9055933035798,16841.570217725457,16798.364731185273,17332.270324488854,201324.58391863812,0.0,45.37483709937279,0.0,0.0,0.0,False,False,False
main,deterministic,deterministic,2025-10-01,57,True,True,0,,,0.7,20.0,optimal,2.246190999998362,2.246191700003692,0.0,0,0,16307.664624421875,533.9055933035798,16841.570217725457,15844.436748487326,16378.342341790905,173989.39977118335,0.13859348814320482,53.98890919060869,0.0,0.0,0.0,False,False,False
main,deterministic,deterministic,2025-10-01,58,True,True,0,,,0.7,20.0,optimal,2.246190999998362,2.246191700003692,0.0,0,0,16307.664624421875,533.9055933035798,16841.570217725457,16386.853443195123,16920.759036498705,197664.89217634453,0.051582993797816945,61.933493585582575,0.0,0.0,0.0,False,False,False
main,deterministic,deterministic,2025-10-01,59,True,True,0,,,0.7,20.0,optimal,2.246190999998362,2.246191700003692,0.0,0,0,16307.664624421875,533.9055933035798,16841.570217725457,15970.837183730784,16504.742777034364,190260.6677231787,0.002707152128703788,54.74354791332345,0.0,0.0,0.0,False,False,False
main,deterministic,deterministic,2025-10-01,60,True,True,0,,,0.7,20.0,optimal,2.246190999998362,2.246191700003692,0.0,0,0,16307.664624421875,533.9055933035798,16841.570217725457,16445.116747766704,16979.022341070286,196401.4339542803,0.0,52.90058935105886,0.0,0.0,0.0,False,False,False
main,deterministic,deterministic,2025-10-01,61,True,True,0,,,0.7,20.0,optimal,2.246190999998362,2.246191700003692,0.0,0,0,16307.664624421875,533.9055933035798,16841.570217725457,16320.948368156949,16854.85396146053,196066.2162502147,0.16521442129232933,48.170083886225996,0.0,0.0,0.0,False,False,False
main,deterministic,deterministic,2025-10-01,62,True,True,0,,,0.7,20.0,optimal,2.246190999998362,2.246191700003692,0.0,0,0,16307.664624421875,533.9055933035798,16841.570217725457,16762.479615834854,17296.385209138436,202095.994075234,0.7778534396227963,59.33011935651477,0.0,0.0,0.0,False,False,False
main,deterministic,deterministic,2025-10-01,63,True,True,0,,,0.7,20.0,optimal,2.246190999998362,2.246191700003692,0.0,0,0,16307.664624421875,533.9055933035798,16841.570217725457,15986.790428972989,16520.69602227657,183895.85058987164,0.30383760278861927,62.33905316923079,0.0,0.0,0.0,False,False,False
main,deterministic,deterministic,2025-10-01,64,True,True,0,,,0.7,20.0,optimal,2.246190999998362,2.246191700003692,0.0,0,0,16307.664624421875,533.9055933035798,16841.570217725457,15989.235634944373,16523.141228247954,181408.12672379008,0.0,50.505717575075046,0.0,0.0,0.0,False,False,False
main,deterministic,deterministic,2025-10-01,65,True,True,0,,,0.7,20.0,optimal,2.246190999998362,2.246191700003692,0.0,0,0,16307.664624421875,533.9055933035798,16841.570217725457,16552.373091417918,17086.2786847215,200856.09841803633,0.0,60.1312386043598,0.0,0.0,0.0,False,False,False
main,deterministic,deterministic,2025-10-01,66,True,True,0,,,0.7,20.0,optimal,2.246190999998362,2.246191700003692,0.0,0,0,16307.664624421875,533.9055933035798,16841.570217725457,16008.390640464759,16542.29623376834,192605.0794468167,0.0,63.84750878246079,0.0,0.0,0.0,False,False,False
main,deterministic,deterministic,2025-10-01,67,True,True,0,,,0.7,20.0,optimal,2.246190999998362,2.246191700003692,0.0,0,0,16307.664624421875,533.9055933035798,16841.570217725457,16893.871813579895,17427.777406883477,209274.5230875348,0.0,54.170710730082305,0.0,0.0973380342241632,0.0,False,True,False
main,deterministic,deterministic,2025-10-01,68,True,True,0,,,0.7,20.0,optimal,2.246190999998362,2.246191700003692,0.0,0,0,16307.664624421875,533.9055933035798,16841.570217725457,16165.434440830275,16699.340034133857,186040.47967862926,0.6624658639224157,56.43178089560401,0.0,0.0,0.0,False,False,False
main,deterministic,deterministic,2025-10-01,69,True,True,0,,,0.7,20.0,optimal,2.246190999998362,2.246191700003692,0.0,0,0,16307.664624421875,533.9055933035798,16841.570217725457,16446.221575788204,16980.127169091786,195004.8782906303,0.5163730721653281,59.33538927085721,0.0,0.0,0.0,False,False,False
main,deterministic,deterministic,2025-10-01,70,True,True,0,,,0.7,20.0,optimal,2.246190999998362,2.246191700003692,0.0,0,0,16307.664624421875,533.9055933035798,16841.570217725457,16242.252632070042,16776.158225373623,191332.06123026146,0.0,55.38824746124752,0.0,0.0,0.0,False,False,False
main,deterministic,deterministic,2025-10-01,71,True,True,0,,,0.7,20.0,optimal,2.246190999998362,2.246191700003692,0.0,0,0,16307.664624421875,533.9055933035798,16841.570217725457,16666.509873959683,17200.415467263265,202643.43286214225,0.28901371031851514,64.75422239558478,0.0,0.0,0.0,False,False,False
main,deterministic,deterministic,2025-10-01,72,True,True,0,,,0.7,20.0,optimal,2.246190999998362,2.246191700003692,0.0,0,0,16307.664624421875,533.9055933035798,16841.570217725457,16810.510345364313,17344.415938667895,202722.4951424025,0.5354935679568839,61.80878672507191,0.0,0.0,0.0,False,False,False
main,deterministic,deterministic,2025-10-01,73,True,True,0,,,0.7,20.0,optimal,2.246190999998362,2.246191700003692,0.0,0,0,16307.664624421875,533.9055933035798,16841.570217725457,17411.832088647738,17945.73768195132,224144.99211540673,0.12238135985943055,55.73175660662942,0.0,0.0,0.0,False,False,False
main,deterministic,deterministic,2025-10-01,74,True,True,0,,,0.7,20.0,optimal,2.246190999998362,2.246191700003692,0.0,0,0,16307.664624421875,533.9055933035798,16841.570217725457,17769.152141679962,18303.057734983544,227214.7507122977,0.0,55.74369310649463,0.0,0.0,0.0,False,False,False
main,deterministic,deterministic,2025-10-01,75,True,True,0,,,0.7,20.0,optimal,2.246190999998362,2.246191700003692,0.0,0,0,16307.664624421875,533.9055933035798,16841.570217725457,16408.422138352602,16942.327731656183,198363.22684173367,0.0,56.07298710905618,0.0,0.0,0.0,False,False,False
main,deterministic,deterministic,2025-10-01,76,True,True,0,,,0.7,20.0,optimal,2.246190999998362,2.246191700003692,0.0,0,0,16307.664624421875,533.9055933035798,16841.570217725457,16670.332056139934,17204.237649443516,194191.74282480925,0.0,57.672466629252135,0.0,0.020385949227955225,0.0,False,True,False
main,deterministic,deterministic,2025-10-01,77,True,True,0,,,0.7,20.0,optimal,2.246190999998362,2.246191700003692,0.0,0,0,16307.664624421875,533.9055933035798,16841.570217725457,16777.489201116725,17311.394794420306,200634.59426168344,0.5043592591445726,52.5966584912782,0.0,0.0,0.0,False,False,False
main,deterministic,deterministic,2025-10-01,78,True,True,0,,,0.7,20.0,optimal,2.246190999998362,2.246191700003692,0.0,0,0,16307.664624421875,533.9055933035798,16841.570217725457,16074.303258836697,16608.208852140277,187487.6814092179,0.097040807372338,55.98024108146669,0.0,0.0,0.0,False,False,False
main,deterministic,deterministic,2025-10-01,79,True,True,0,,,0.7,20.0,optimal,2.246190999998362,2.246191700003692,0.0,0,0,16307.664624421875,533.9055933035798,16841.570217725457,16560.692820621694,17094.598413925276,205070.19162845856,0.0642304404811267,54.255567412405284,0.0,0.0,0.0,False,False,False
main,deterministic,deterministic,2025-10-01,80,True,True,0,,,0.7,20.0,optimal,2.246190999998362,2.246191700003692,0.0,0,0,16307.664624421875,533.9055933035798,16841.570217725457,16457.684915453963,16991.590508757545,198047.04276988018,0.0,51.98586179386842,0.0,0.0,0.0,False,False,False
main,deterministic,deterministic,2025-10-01,81,True,True,0,,,0.7,20.0,optimal,2.246190999998362,2.246191700003692,0.0,0,0,16307.664624421875,533.9055933035798,16841.570217725457,16251.748049811726,16785.653643115307,183660.02233708967,0.15923358671809584,61.51847666662182,0.0,0.0,0.0,False,False,False
main,deterministic,deterministic,2025-10-01,82,True,True,0,,,0.7,20.0,optimal,2.246190999998362,2.246191700003692,0.0,0,0,16307.664624421875,533.9055933035798,16841.570217725457,16312.408296452882,16846.313889756464,193092.7189505786,0.0,48.87664549540697,0.0,0.0,0.0,False,False,False
main,deterministic,deterministic,2025-10-01,83,True,True,0,,,0.7,20.0,optimal,2.246190999998362,2.246191700003692,0.0,0,0,16307.664624421875,533.9055933035798,16841.570217725457,16977.109185987618,17511.0147792912,207935.03497619976,0.24479384356441639,52.607369318978186,0.0,0.0,0.0,False,False,False
main,deterministic,deterministic,2025-10-01,84,True,True,0,,,0.7,20.0,optimal,2.246190999998362,2.246191700003692,0.0,0,0,16307.664624421875,533.9055933035798,16841.570217725457,16475.397374078482,17009.302967382064,204765.64624511602,0.0,103.81926938771322,0.0,0.0,1.1360979635287405,False,False,True
main,deterministic,deterministic,2025-10-01,85,True,True,0,,,0.7,20.0,optimal,2.246190999998362,2.246191700003692,0.0,0,0,16307.664624421875,533.9055933035798,16841.570217725457,16383.859505221537,16917.765098525117,188720.16988620913,0.1901040723919269,62.87028854853312,0.0,0.0,0.0,False,False,False
main,deterministic,deterministic,2025-10-01,86,True,True,0,,,0.7,20.0,optimal,2.246190999998362,2.246191700003692,0.0,0,0,16307.664624421875,533.9055933035798,16841.570217725457,16963.32819980445,17497.233793108033,213371.0158808887,0.0,49.3375301536429,0.0,0.0,0.0,False,False,False
main,deterministic,deterministic,2025-10-01,87,True,True,0,,,0.7,20.0,optimal,2.246190999998362,2.246191700003692,0.0,0,0,16307.664624421875,533.9055933035798,16841.570217725457,16136.63397007056,16670.53956337414,198858.2304162897,0.19992738595585152,59.795024046794246,0.0,0.0,0.0,False,False,False
main,deterministic,deterministic,2025-10-01,88,True,True,0,,,0.7,20.0,optimal,2.246190999998362,2.246191700003692,0.0,0,0,16307.664624421875,533.9055933035798,16841.570217725457,16418.02644504161,16951.932038345192,191127.0639610264,0.030932890810426272,62.645269242913976,0.0,0.0,0.0,False,False,False
main,deterministic,deterministic,2025-10-01,89,True,True,0,,,0.7,20.0,optimal,2.246190999998362,2.246191700003692,0.0,0,0,16307.664624421875,533.9055933035798,16841.570217725457,16937.851894432457,17471.75748773604,203027.59197374736,0.0,57.65624715593345,0.0,0.0,0.0,False,False,False
main,deterministic,deterministic,2025-10-01,90,True,True,0,,,0.7,20.0,optimal,2.246190999998362,2.246191700003692,0.0,0,0,16307.664624421875,533.9055933035798,16841.570217725457,15567.830767589316,16101.736360892895,184108.61955599248,0.18170341851787292,60.38430902409238,0.0,0.0,0.0,False,False,False
main,deterministic,deterministic,2025-10-01,91,True,True,0,,,0.7,20.0,optimal,2.246190999998362,2.246191700003692,0.0,0,0,16307.664624421875,533.9055933035798,16841.570217725457,17002.84505316275,17536.75064646633,210121.23477669212,0.4020545884757988,53.59044580057249,0.0,0.0,0.0,False,False,False
main,deterministic,deterministic,2025-10-01,92,True,True,0,,,0.7,20.0,optimal,2.246190999998362,2.246191700003692,0.0,0,0,16307.664624421875,533.9055933035798,16841.570217725457,15749.063915912657,16282.969509216236,175350.76855511608,0.0,43.76885876420166,0.0,0.0,0.0,False,False,False
main,deterministic,deterministic,2025-10-01,93,True,True,0,,,0.7,20.0,optimal,2.246190999998362,2.246191700003692,0.0,0,0,16307.664624421875,533.9055933035798,16841.570217725457,15771.768938070572,16305.674531374152,179413.90496462255,0.3512315103376876,58.07950857630964,0.0,0.0,0.0,False,False,False
main,deterministic,deterministic,2025-10-01,94,True,True,0,,,0.7,20.0,optimal,2.246190999998362,2.246191700003692,0.0,0,0,16307.664624421875,533.9055933035798,16841.570217725457,17234.94092438294,17768.84651768652,208917.68879356733,0.34475955638705236,51.06768341647919,0.0,0.0,0.0,False,False,False
main,deterministic,deterministic,2025-10-01,95,True,True,0,,,0.7,20.0,optimal,2.246190999998362,2.246191700003692,0.0,0,0,16307.664624421875,533.9055933035798,16841.570217725457,16094.351978897921,16628.257572201503,186141.8768499039,0.0,58.6855780537255,0.0,0.0,0.0,False,False,False
main,deterministic,deterministic,2025-10-01,96,True,True,0,,,0.7,20.0,optimal,2.246190999998362,2.246191700003692,0.0,0,0,16307.664624421875,533.9055933035798,16841.570217725457,16259.53765879171,16793.44325209529,192537.15160684736,0.0,49.19632277837453,0.0,0.0,0.0,False,False,False
main,deterministic,deterministic,2025-10-01,97,True,True,0,,,0.7,20.0,optimal,2.246190999998362,2.246191700003692,0.0,0,0,16307.664624421875,533.9055933035798,16841.570217725457,16155.741819636398,16689.64741293998,197501.2289647048,0.5979439236459979,56.039222185517346,0.0,0.0,0.0,False,False,False
main,deterministic,deterministic,2025-10-01,98,True,True,0,,,0.7,20.0,optimal,2.246190999998362,2.246191700003692,0.0,0,0,16307.664624421875,533.9055933035798,16841.570217725457,16664.97482956021,17198.880422863793,201680.8604893883,0.5239227451881496,49.472664912606746,0.0,0.0,0.0,False,False,False
main,deterministic,deterministic,2025-10-01,99,True,True,0,,,0.7,20.0,optimal,2.246190999998362,2.246191700003692,0.0,0,0,16307.664624421875,533.9055933035798,16841.570217725457,16961.953215122365,17495.858808425946,217764.3209920536,0.05158309728774291,57.19296890797268,0.0,0.0,0.0,False,False,False
main,tv_dro_rho_0p01,tv_dro,2025-01-01,0,True,True,20,,0.01,0.7,20.0,optimal_decomposed,71.50588660000358,71.50500140000076,0.0,1,2,15664.81197399028,174.34157851920855,15839.153552509488,15978.610469406782,16152.95204792599,202840.12151004042,0.10736594075087763,50.272740880804164,0.0,0.0,0.0,False,False,False
main,tv_dro_rho_0p01,tv_dro,2025-01-01,1,True,True,20,,0.01,0.7,20.0,optimal_decomposed,71.50588660000358,71.50500140000076,0.0,1,2,15664.81197399028,174.34157851920855,15839.153552509488,15896.973604793726,16071.315183312934,192663.0526035674,0.02404063005973961,60.91806740919301,0.0,0.0,0.0,False,False,False
main,tv_dro_rho_0p01,tv_dro,2025-01-01,2,True,True,20,,0.01,0.7,20.0,optimal_decomposed,71.50588660000358,71.50500140000076,0.0,1,2,15664.81197399028,174.34157851920855,15839.153552509488,15968.615726976534,16142.957305495742,195228.0809943084,0.06038330438980957,45.925781737712605,0.0,0.0,0.0,False,False,False
main,tv_dro_rho_0p01,tv_dro,2025-01-01,3,True,True,20,,0.01,0.7,20.0,optimal_decomposed,71.50588660000358,71.50500140000076,0.0,1,2,15664.81197399028,174.34157851920855,15839.153552509488,15123.674748130754,15298.016326649962,170883.79408895047,0.15508873279572466,52.18836104625348,0.0,0.0,0.0,False,False,False
main,tv_dro_rho_0p01,tv_dro,2025-01-01,4,True,True,20,,0.01,0.7,20.0,optimal_decomposed,71.50588660000358,71.50500140000076,0.0,1,2,15664.81197399028,174.34157851920855,15839.153552509488,15821.425406535134,15995.766985054343,173127.17494115842,0.047114227385751606,48.53186455192968,0.0,0.0,0.0,False,False,False
main,tv_dro_rho_0p01,tv_dro,2025-01-01,5,True,True,20,,0.01,0.7,20.0,optimal_decomposed,71.50588660000358,71.50500140000076,0.0,1,2,15664.81197399028,174.34157851920855,15839.153552509488,16043.019793930245,16217.361372449453,189263.8088992766,0.0,52.43831097563268,0.0,0.0,0.0,False,False,False
main,tv_dro_rho_0p01,tv_dro,2025-01-01,6,True,True,20,,0.01,0.7,20.0,optimal_decomposed,71.50588660000358,71.50500140000076,0.0,1,2,15664.81197399028,174.34157851920855,15839.153552509488,15284.276249591177,15458.617828110386,184741.98748261557,0.061954052326103404,44.9707078075713,0.0,0.0,0.0,False,False,False
main,tv_dro_rho_0p01,tv_dro,2025-01-01,7,True,True,20,,0.01,0.7,20.0,optimal_decomposed,71.50588660000358,71.50500140000076,0.0,1,2,15664.81197399028,174.34157851920855,15839.153552509488,14845.334041736001,15019.67562025521,163389.45672865197,0.0,49.947258929242984,0.0,0.0,0.0,False,False,False
main,tv_dro_rho_0p01,tv_dro,2025-01-01,8,True,True,20,,0.01,0.7,20.0,optimal_decomposed,71.50588660000358,71.50500140000076,0.0,1,2,15664.81197399028,174.34157851920855,15839.153552509488,15891.12327970658,16065.464858225789,178315.32098563,0.0,50.254928685019024,0.0,0.0,0.0,False,False,False
main,tv_dro_rho_0p01,tv_dro,2025-01-01,9,True,True,20,,0.01,0.7,20.0,optimal_decomposed,71.50588660000358,71.50500140000076,0.0,1,2,15664.81197399028,174.34157851920855,15839.153552509488,15537.642769339447,15711.984347858655,191405.59357473464,0.40485869127985386,57.03569105902945,0.0,0.0,0.0,False,False,False
main,tv_dro_rho_0p01,tv_dro,2025-01-01,10,True,True,20,,0.01,0.7,20.0,optimal_decomposed,71.50588660000358,71.50500140000076,0.0,1,2,15664.81197399028,174.34157851920855,15839.153552509488,15237.01782850921,15411.359407028418,181487.4425811954,0.1926541867835575,52.83181545370405,0.0,0.0,0.0,False,False,False
main,tv_dro_rho_0p01,tv_dro,2025-01-01,11,True,True,20,,0.01,0.7,20.0,optimal_decomposed,71.50588660000358,71.50500140000076,0.0,1,2,15664.81197399028,174.34157851920855,15839.153552509488,15060.79035195244,15235.131930471649,174450.40121778674,0.00918528198997487,42.85714180924863,0.0,0.0,0.0,False,False,False
main,tv_dro_rho_0p01,tv_dro,2025-01-01,12,True,True,20,,0.01,0.7,20.0,optimal_decomposed,71.50588660000358,71.50500140000076,0.0,1,2,15664.81197399028,174.34157851920855,15839.153552509488,15537.202906102339,15711.544484621547,181940.24543741823,0.05751794050926437,44.18974201553211,0.0,0.0,0.0,False,False,False
main,tv_dro_rho_0p01,tv_dro,2025-01-01,13,True,True,20,,0.01,0.7,20.0,optimal_decomposed,71.50588660000358,71.50500140000076,0.0,1,2,15664.81197399028,174.34157851920855,15839.153552509488,15588.85768890424,15763.199267423448,181043.79466347015,0.10536964285898823,53.372294480779026,0.0,0.0,0.0,False,False,False
main,tv_dro_rho_0p01,tv_dro,2025-01-01,14,True,True,20,,0.01,0.7,20.0,optimal_decomposed,71.50588660000358,71.50500140000076,0.0,1,2,15664.81197399028,174.34157851920855,15839.153552509488,15711.47113051887,15885.812709038079,182314.04007904185,0.0,49.525744558270596,0.0,0.0,0.0,False,False,False
main,tv_dro_rho_0p01,tv_dro,2025-01-01,15,True,True,20,,0.01,0.7,20.0,optimal_decomposed,71.50588660000358,71.50500140000076,0.0,1,2,15664.81197399028,174.34157851920855,15839.153552509488,15488.480131987026,15662.821710506234,179023.77145071467,0.07703050364925282,43.06543034140638,0.0,0.0,0.0,False,False,False
main,tv_dro_rho_0p01,tv_dro,2025-01-01,16,True,True,20,,0.01,0.7,20.0,optimal_decomposed,71.50588660000358,71.50500140000076,0.0,1,2,15664.81197399028,174.34157851920855,15839.153552509488,15952.884747730806,16127.226326250015,198478.13764984618,0.0737280811257616,44.251113946123255,0.0,0.0,0.0,False,False,False
main,tv_dro_rho_0p01,tv_dro,2025-01-01,17,True,True,20,,0.01,0.7,20.0,optimal_decomposed,71.50588660000358,71.50500140000076,0.0,1,2,15664.81197399028,174.34157851920855,15839.153552509488,15769.707386740649,15944.048965259857,197950.0068927889,0.3194749838504147,57.16703615278037,0.0,0.0,0.0,False,False,False
main,tv_dro_rho_0p01,tv_dro,2025-01-01,18,True,True,20,,0.01,0.7,20.0,optimal_decomposed,71.50588660000358,71.50500140000076,0.0,1,2,15664.81197399028,174.34157851920855,15839.153552509488,16364.205790799118,16538.547369318327,209718.578122351,0.0,53.52167331702701,0.0,0.0,0.0,False,False,False
main,tv_dro_rho_0p01,tv_dro,2025-01-01,19,True,True,20,,0.01,0.7,20.0,optimal_decomposed,71.50588660000358,71.50500140000076,0.0,1,2,15664.81197399028,174.34157851920855,15839.153552509488,16275.50815615226,16449.84973467147,204394.58794660398,0.03193216298523027,51.22071000380424,0.0,0.0,0.0,False,False,False
main,tv_dro_rho_0p01,tv_dro,2025-01-01,20,True,True,20,,0.01,0.7,20.0,optimal_decomposed,71.50588660000358,71.50500140000076,0.0,1,2,15664.81197399028,174.34157851920855,15839.153552509488,15287.051412048899,15461.392990568107,182137.3808199655,0.15324597485689964,45.772390502959546,0.0,0.0,0.0,False,False,False
main,tv_dro_rho_0p01,tv_dro,2025-01-01,21,True,True,20,,0.01,0.7,20.0,optimal_decomposed,71.50588660000358,71.50500140000076,0.0,1,2,15664.81197399028,174.34157851920855,15839.153552509488,15383.480306093354,15557.821884612562,178429.43286132824,0.1547787789826704,44.305111198879096,0.0,0.0,0.0,False,False,False
main,tv_dro_rho_0p01,tv_dro,2025-01-01,22,True,True,20,,0.01,0.7,20.0,optimal_decomposed,71.50588660000358,71.50500140000076,0.0,1,2,15664.81197399028,174.34157851920855,15839.153552509488,15700.578924680482,15874.92050319969,193563.204349692,0.0,50.92512300625308,0.0,0.0,0.0,False,False,False
main,tv_dro_rho_0p01,tv_dro,2025-01-01,23,True,True,20,,0.01,0.7,20.0,optimal_decomposed,71.50588660000358,71.50500140000076,0.0,1,2,15664.81197399028,174.34157851920855,15839.153552509488,16671.325344256948,16845.666922776156,216973.54590133717,0.0,51.09046081397212,0.0,0.0,0.0,False,False,False
main,tv_dro_rho_0p01,tv_dro,2025-01-01,24,True,True,20,,0.01,0.7,20.0,optimal_decomposed,71.50588660000358,71.50500140000076,0.0,1,2,15664.81197399028,174.34157851920855,15839.153552509488,15883.135860746403,16057.47743926561,194800.94007545055,0.05269825495591082,53.37531751802894,0.0,0.0,0.0,False,False,False
main,tv_dro_rho_0p01,tv_dro,2025-01-01,25,True,True,20,,0.01,0.7,20.0,optimal_decomposed,71.50588660000358,71.50500140000076,0.0,1,2,15664.81197399028,174.34157851920855,15839.153552509488,16338.427802568975,16512.769381088183,202979.7020493059,0.05112291812313899,45.39957310650763,0.0,0.0,0.0,False,False,False
main,tv_dro_rho_0p01,tv_dro,2025-01-01,26,True,True,20,,0.01,0.7,20.0,optimal_decomposed,71.50588660000358,71.50500140000076,0.0,1,2,15664.81197399028,174.34157851920855,15839.153552509488,15596.488592452417,15770.830170971625,188286.73067980848,0.10330217133932842,54.14311922863353,0.0,0.0,0.0,False,False,False
main,tv_dro_rho_0p01,tv_dro,2025-01-01,27,True,True,20,,0.01,0.7,20.0,optimal_decomposed,71.50588660000358,71.50500140000076,0.0,1,2,15664.81197399028,174.34157851920855,15839.153552509488,15707.931597933293,15882.273176452502,187968.15654609824,0.0,53.116276281704245,0.0,0.0,0.0,False,False,False
main,tv_dro_rho_0p01,tv_dro,2025-01-01,28,True,True,20,,0.01,0.7,20.0,optimal_decomposed,71.50588660000358,71.50500140000076,0.0,1,2,15664.81197399028,174.34157851920855,15839.153552509488,16208.988134486483,16383.32971300569,192054.61857767866,0.0,43.6119401064217,0.0,0.0,0.0,False,False,False
main,tv_dro_rho_0p01,tv_dro,2025-01-01,29,True,True,20,,0.01,0.7,20.0,optimal_decomposed,71.50588660000358,71.50500140000076,0.0,1,2,15664.81197399028,174.34157851920855,15839.153552509488,15280.01227349618,15454.353852015389,185438.34259138198,0.0748018781962081,40.873675607562724,0.0,0.0,0.0,False,False,False
main,tv_dro_rho_0p01,tv_dro,2025-01-01,30,True,True,20,,0.01,0.7,20.0,optimal_decomposed,71.50588660000358,71.50500140000076,0.0,1,2,15664.81197399028,174.34157851920855,15839.153552509488,15456.066772963366,15630.408351482574,181365.48838132847,0.0,45.41713009671822,0.0,0.0,0.0,False,False,False
main,tv_dro_rho_0p01,tv_dro,2025-01-01,31,True,True,20,,0.01,0.7,20.0,optimal_decomposed,71.50588660000358,71.50500140000076,0.0,1,2,15664.81197399028,174.34157851920855,15839.153552509488,16202.248335763325,16376.589914282533,194381.53509612475,0.12496301504553942,49.63488631460939,0.0,0.0,0.0,False,False,False
main,tv_dro_rho_0p01,tv_dro,2025-01-01,32,True,True,20,,0.01,0.7,20.0,optimal_decomposed,71.50588660000358,71.50500140000076,0.0,1,2,15664.81197399028,174.34157851920855,15839.153552509488,15422.978021938618,15597.319600457826,192515.17256353123,0.06872213873881108,51.59246598564776,0.0,0.0,0.0,False,False,False
main,tv_dro_rho_0p01,tv_dro,2025-01-01,33,True,True,20,,0.01,0.7,20.0,optimal_decomposed,71.50588660000358,71.50500140000076,0.0,1,2,15664.81197399028,174.34157851920855,15839.153552509488,15681.842730651415,15856.184309170623,182232.85424011026,0.26490350189328393,58.92808820155208,0.0,0.0,0.0,False,False,False
main,tv_dro_rho_0p01,tv_dro,2025-01-01,34,True,True,20,,0.01,0.7,20.0,optimal_decomposed,71.50588660000358,71.50500140000076,0.0,1,2,15664.81197399028,174.34157851920855,15839.153552509488,15489.119518690082,15663.46109720929,186355.72755900744,0.14548027587628437,52.567349840300935,0.0,0.0,0.0,False,False,False
main,tv_dro_rho_0p01,tv_dro,2025-01-01,35,True,True,20,,0.01,0.7,20.0,optimal_decomposed,71.50588660000358,71.50500140000076,0.0,1,2,15664.81197399028,174.34157851920855,15839.153552509488,15816.29074693795,15990.632325457158,188795.3939253121,0.05181993646122973,54.92287952967345,0.0,0.0,0.0,False,False,False
main,tv_dro_rho_0p01,tv_dro,2025-01-01,36,True,True,20,,0.01,0.7,20.0,optimal_decomposed,71.50588660000358,71.50500140000076,0.0,1,2,15664.81197399028,174.34157851920855,15839.153552509488,15377.069092072874,15551.410670592082,176621.09251277693,0.3493284912134597,56.247432763965634,0.0,0.0,0.0,False,False,False
main,tv_dro_rho_0p01,tv_dro,2025-01-01,37,True,True,20,,0.01,0.7,20.0,optimal_decomposed,71.50588660000358,71.50500140000076,0.0,1,2,15664.81197399028,174.34157851920855,15839.153552509488,14844.37762704117,15018.71920556038,167267.83118289534,0.15949212534161739,42.7309180921842,0.0,0.0,0.0,False,False,False
main,tv_dro_rho_0p01,tv_dro,2025-01-01,38,True,True,20,,0.01,0.7,20.0,optimal_decomposed,71.50588660000358,71.50500140000076,0.0,1,2,15664.81197399028,174.34157851920855,15839.153552509488,15405.143698282394,15579.485276801603,180121.1658719634,0.03934199568313912,47.53489965410888,0.0,0.0,0.0,False,False,False
main,tv_dro_rho_0p01,tv_dro,2025-01-01,39,True,True,20,,0.01,0.7,20.0,optimal_decomposed,71.50588660000358,71.50500140000076,0.0,1,2,15664.81197399028,174.34157851920855,15839.153552509488,15322.753376906508,15497.094955425717,179166.44016868452,0.0013464467606799646,38.46836867030176,0.0,0.0,0.0,False,False,False
main,tv_dro_rho_0p01,tv_dro,2025-01-01,40,True,True,20,,0.01,0.7,20.0,optimal_decomposed,71.50588660000358,71.50500140000076,0.0,1,2,15664.81197399028,174.34157851920855,15839.153552509488,15547.661711211902,15722.00328973111,176518.8555875183,0.01480174223031716,42.92898742982683,0.0,0.0,0.0,False,False,False
main,tv_dro_rho_0p01,tv_dro,2025-01-01,41,True,True,20,,0.01,0.7,20.0,optimal_decomposed,71.50588660000358,71.50500140000076,0.0,1,2,15664.81197399028,174.34157851920855,15839.153552509488,15560.063071084473,15734.40464960368,188476.2700160249,0.0,37.33554416539366,0.0,0.0,0.0,False,False,False
main,tv_dro_rho_0p01,tv_dro,2025-01-01,42,True,True,20,,0.01,0.7,20.0,optimal_decomposed,71.50588660000358,71.50500140000076,0.0,1,2,15664.81197399028,174.34157851920855,15839.153552509488,16962.70997311983,17137.051551639037,222793.6713039148,0.0,52.754981590983235,0.0,0.0,0.0,False,False,False
main,tv_dro_rho_0p01,tv_dro,2025-01-01,43,True,True,20,,0.01,0.7,20.0,optimal_decomposed,71.50588660000358,71.50500140000076,0.0,1,2,15664.81197399028,174.34157851920855,15839.153552509488,15928.33176764492,16102.673346164129,194556.78865022355,0.10423519230952452,50.778107882593034,0.0,0.0,0.0,False,False,False
main,tv_dro_rho_0p01,tv_dro,2025-01-01,44,True,True,20,,0.01,0.7,20.0,optimal_decomposed,71.50588660000358,71.50500140000076,0.0,1,2,15664.81197399028,174.34157851920855,15839.153552509488,15683.832750349187,15858.174328868396,194665.87704254818,0.07018960751525527,50.135925200927424,0.0,0.0,0.0,False,False,False
main,tv_dro_rho_0p01,tv_dro,2025-01-01,45,True,True,20,,0.01,0.7,20.0,optimal_decomposed,71.50588660000358,71.50500140000076,0.0,1,2,15664.81197399028,174.34157851920855,15839.153552509488,15962.239730312634,16136.581308831843,193783.81085878456,0.02415915327768159,55.80423766435155,0.0,0.0,0.0,False,False,False
main,tv_dro_rho_0p01,tv_dro,2025-01-01,46,True,True,20,,0.01,0.7,20.0,optimal_decomposed,71.50588660000358,71.50500140000076,0.0,1,2,15664.81197399028,174.34157851920855,15839.153552509488,15299.915558300296,15474.257136819504,178919.98191509425,0.10871381746333225,50.875769084540245,0.0,0.0,0.0,False,False,False
main,tv_dro_rho_0p01,tv_dro,2025-01-01,47,True,True,20,,0.01,0.7,20.0,optimal_decomposed,71.50588660000358,71.50500140000076,0.0,1,2,15664.81197399028,174.34157851920855,15839.153552509488,15629.160003525007,15803.501582044215,184784.69434520582,0.025934322092902584,51.48721294007098,0.0,0.0,0.0,False,False,False
main,tv_dro_rho_0p01,tv_dro,2025-01-01,48,True,True,20,,0.01,0.7,20.0,optimal_decomposed,71.50588660000358,71.50500140000076,0.0,1,2,15664.81197399028,174.34157851920855,15839.153552509488,15701.475464290468,15875.817042809676,190787.95323001838,0.0,46.92253342558887,0.0,0.0,0.0,False,False,False
main,tv_dro_rho_0p01,tv_dro,2025-01-01,49,True,True,20,,0.01,0.7,20.0,optimal_decomposed,71.50588660000358,71.50500140000076,0.0,1,2,15664.81197399028,174.34157851920855,15839.153552509488,15897.051643145567,16071.393221664775,195320.88001264085,0.032302281678067035,53.16355462089952,0.0,0.0,0.0,False,False,False
main,tv_dro_rho_0p01,tv_dro,2025-01-01,50,True,True,20,,0.01,0.7,20.0,optimal_decomposed,71.50588660000358,71.50500140000076,0.0,1,2,15664.81197399028,174.34157851920855,15839.153552509488,15179.175006750176,15353.516585269384,179270.52050268374,0.030200455120892283,57.369650992148124,0.0,0.0,0.0,False,False,False
main,tv_dro_rho_0p01,tv_dro,2025-01-01,51,True,True,20,,0.01,0.7,20.0,optimal_decomposed,71.50588660000358,71.50500140000076,0.0,1,2,15664.81197399028,174.34157851920855,15839.153552509488,15272.979142244116,15447.320720763324,192241.71062633867,0.009511766356053497,49.95060909945858,0.0,0.0,0.0,False,False,False
main,tv_dro_rho_0p01,tv_dro,2025-01-01,52,True,True,20,,0.01,0.7,20.0,optimal_decomposed,71.50588660000358,71.50500140000076,0.0,1,2,15664.81197399028,174.34157851920855,15839.153552509488,15243.028180975532,15417.36975949474,178677.09885678493,0.23651070436601754,56.6617505751776,0.0,0.0,0.0,False,False,False
main,tv_dro_rho_0p01,tv_dro,2025-01-01,53,True,True,20,,0.01,0.7,20.0,optimal_decomposed,71.50588660000358,71.50500140000076,0.0,1,2,15664.81197399028,174.34157851920855,15839.153552509488,14857.36734830869,15031.708926827898,169883.85883750484,0.0,46.19226027559741,0.0,0.0,0.0,False,False,False
main,tv_dro_rho_0p01,tv_dro,2025-01-01,54,True,True,20,,0.01,0.7,20.0,optimal_decomposed,71.50588660000358,71.50500140000076,0.0,1,2,15664.81197399028,174.34157851920855,15839.153552509488,16013.90754721575,16188.249125734957,193354.07132505052,0.05267882911184324,48.34516098768467,0.0,0.0,0.0,False,False,False
main,tv_dro_rho_0p01,tv_dro,2025-01-01,55,True,True,20,,0.01,0.7,20.0,optimal_decomposed,71.50588660000358,71.50500140000076,0.0,1,2,15664.81197399028,174.34157851920855,15839.153552509488,16006.170722778981,16180.51230129819,197839.54814071133,0.0389977408251693,53.021042789331695,0.0,0.0,0.0,False,False,False
main,tv_dro_rho_0p01,tv_dro,2025-01-01,56,True,True,20,,0.01,0.7,20.0,optimal_decomposed,71.50588660000358,71.50500140000076,0.0,1,2,15664.81197399028,174.34157851920855,15839.153552509488,16210.851898894307,16385.193477413515,196249.99119393664,0.0,39.903557311703466,0.0,0.0,0.0,False,False,False
main,tv_dro_rho_0p01,tv_dro,2025-01-01,57,True,True,20,,0.01,0.7,20.0,optimal_decomposed,71.50588660000358,71.50500140000076,0.0,1,2,15664.81197399028,174.34157851920855,15839.153552509488,15167.352478319033,15341.694056838242,168247.15079812313,0.08302211155851999,48.984071449833074,0.0,0.0,0.0,False,False,False
main,tv_dro_rho_0p01,tv_dro,2025-01-01,58,True,True,20,,0.01,0.7,20.0,optimal_decomposed,71.50588660000358,71.50500140000076,0.0,1,2,15664.81197399028,174.34157851920855,15839.153552509488,15410.076153727912,15584.41773224712,192749.58030101884,0.0,57.36921387850179,0.0,0.0,0.0,False,False,False
main,tv_dro_rho_0p01,tv_dro,2025-01-01,59,True,True,20,,0.01,0.7,20.0,optimal_decomposed,71.50588660000358,71.50500140000076,0.0,1,2,15664.81197399028,174.34157851920855,15839.153552509488,15227.789250974933,15402.130829494141,183043.706677163,0.14616334807875467,52.62046641832031,0.0,0.0,0.0,False,False,False
main,tv_dro_rho_0p01,tv_dro,2025-01-01,60,True,True,20,,0.01,0.7,20.0,optimal_decomposed,71.50588660000358,71.50500140000076,0.0,1,2,15664.81197399028,174.34157851920855,15839.153552509488,15427.945069052912,15602.28664757212,190961.59376854234,0.04741236920053615,54.235997239873406,0.0,0.0,0.0,False,False,False
main,tv_dro_rho_0p01,tv_dro,2025-01-01,61,True,True,20,,0.01,0.7,20.0,optimal_decomposed,71.50588660000358,71.50500140000076,0.0,1,2,15664.81197399028,174.34157851920855,15839.153552509488,15689.950593739824,15864.292172259033,189147.42357218685,0.0,41.65763762678713,0.0,0.0,0.0,False,False,False
main,tv_dro_rho_0p01,tv_dro,2025-01-01,62,True,True,20,,0.01,0.7,20.0,optimal_decomposed,71.50588660000358,71.50500140000076,0.0,1,2,15664.81197399028,174.34157851920855,15839.153552509488,15860.611186174814,16034.952764694022,196858.4784021025,0.07979820327690879,54.96220397952897,0.0,0.0,0.0,False,False,False
main,tv_dro_rho_0p01,tv_dro,2025-01-01,63,True,True,20,,0.01,0.7,20.0,optimal_decomposed,71.50588660000358,71.50500140000076,0.0,1,2,15664.81197399028,174.34157851920855,15839.153552509488,15116.13206563692,15290.473644156129,179089.75368971642,0.021821385005208166,54.29997816538796,0.0,0.0,0.0,False,False,False
main,tv_dro_rho_0p01,tv_dro,2025-01-01,64,True,True,20,,0.01,0.7,20.0,optimal_decomposed,71.50588660000358,71.50500140000076,0.0,1,2,15664.81197399028,174.34157851920855,15839.153552509488,15466.214977524802,15640.55655604401,175615.5128920756,0.08348832193209232,48.42800817424952,0.0,0.0,0.0,False,False,False
main,tv_dro_rho_0p01,tv_dro,2025-01-01,65,True,True,20,,0.01,0.7,20.0,optimal_decomposed,71.50588660000358,71.50500140000076,0.0,1,2,15664.81197399028,174.34157851920855,15839.153552509488,15791.597701085977,15965.939279605185,196818.9276477003,0.01611354021442879,55.471614080411065,0.0,0.0,0.0,False,False,False
main,tv_dro_rho_0p01,tv_dro,2025-01-01,66,True,True,20,,0.01,0.7,20.0,optimal_decomposed,71.50588660000358,71.50500140000076,0.0,1,2,15664.81197399028,174.34157851920855,15839.153552509488,15488.630814587028,15662.972393106236,187231.6587901589,0.0,58.09088466663875,0.0,0.0,0.0,False,False,False
main,tv_dro_rho_0p01,tv_dro,2025-01-01,67,True,True,20,,0.01,0.7,20.0,optimal_decomposed,71.50588660000358,71.50500140000076,0.0,1,2,15664.81197399028,174.34157851920855,15839.153552509488,15843.944709861924,16018.286288381132,202040.23459275518,0.005689616601839309,50.36955394207423,0.0,0.0,0.0,False,False,False
main,tv_dro_rho_0p01,tv_dro,2025-01-01,68,True,True,20,,0.01,0.7,20.0,optimal_decomposed,71.50588660000358,71.50500140000076,0.0,1,2,15664.81197399028,174.34157851920855,15839.153552509488,15461.113672200185,15635.455250719393,180082.39208066397,0.0,53.59341646319059,0.0,0.0,0.0,False,False,False
main,tv_dro_rho_0p01,tv_dro,2025-01-01,69,True,True,20,,0.01,0.7,20.0,optimal_decomposed,71.50588660000358,71.50500140000076,0.0,1,2,15664.81197399028,174.34157851920855,15839.153552509488,15612.737199242581,15787.07877776179,190555.51865504473,0.0,49.95171852788649,0.0,0.0,0.0,False,False,False
main,tv_dro_rho_0p01,tv_dro,2025-01-01,70,True,True,20,,0.01,0.7,20.0,optimal_decomposed,71.50588660000358,71.50500140000076,0.0,1,2,15664.81197399028,174.34157851920855,15839.153552509488,15299.10369133207,15473.445269851278,184307.63759444357,0.0,52.54295898534921,0.0,0.0,0.0,False,False,False
main,tv_dro_rho_0p01,tv_dro,2025-01-01,71,True,True,20,,0.01,0.7,20.0,optimal_decomposed,71.50588660000358,71.50500140000076,0.0,1,2,15664.81197399028,174.34157851920855,15839.153552509488,16066.423321229913,16240.764899749121,197481.75589899445,0.0142948285178508,54.87521290968933,0.0,0.0,0.0,False,False,False
main,tv_dro_rho_0p01,tv_dro,2025-01-01,72,True,True,20,,0.01,0.7,20.0,optimal_decomposed,71.50588660000358,71.50500140000076,0.0,1,2,15664.81197399028,174.34157851920855,15839.153552509488,15619.425715549482,15793.76729406869,197565.90149149936,0.0,54.78388981012991,0.0,0.0,0.0,False,False,False
main,tv_dro_rho_0p01,tv_dro,2025-01-01,73,True,True,20,,0.01,0.7,20.0,optimal_decomposed,71.50588660000358,71.50500140000076,0.0,1,2,15664.81197399028,174.34157851920855,15839.153552509488,16626.98977073583,16801.331349255037,217545.47361169333,0.16313354975031963,48.56278616123357,0.0,0.0,0.0,False,False,False
main,tv_dro_rho_0p01,tv_dro,2025-01-01,74,True,True,20,,0.01,0.7,20.0,optimal_decomposed,71.50588660000358,71.50500140000076,0.0,1,2,15664.81197399028,174.34157851920855,15839.153552509488,16958.170662357174,17132.512240876382,221900.8244838917,0.0,52.699735719384456,0.0,0.0,0.0,False,False,False
main,tv_dro_rho_0p01,tv_dro,2025-01-01,75,True,True,20,,0.01,0.7,20.0,optimal_decomposed,71.50588660000358,71.50500140000076,0.0,1,2,15664.81197399028,174.34157851920855,15839.153552509488,15734.350572895855,15908.692151415064,193910.91308108307,0.11788122944740967,49.80756723094053,0.0,0.0,0.0,False,False,False
main,tv_dro_rho_0p01,tv_dro,2025-01-01,76,True,True,20,,0.01,0.7,20.0,optimal_decomposed,71.50588660000358,71.50500140000076,0.0,1,2,15664.81197399028,174.34157851920855,15839.153552509488,15767.606290002142,15941.94786852135,189969.84518670317,0.1859614647105731,51.48238783413525,0.0,0.0,0.0,False,False,False
main,tv_dro_rho_0p01,tv_dro,2025-01-01,77,True,True,20,,0.01,0.7,20.0,optimal_decomposed,71.50588660000358,71.50500140000076,0.0,1,2,15664.81197399028,174.34157851920855,15839.153552509488,15567.031289290087,15741.372867809296,193560.5194325782,0.0,48.27505082727303,0.0,0.0,0.0,False,False,False
main,tv_dro_rho_0p01,tv_dro,2025-01-01,78,True,True,20,,0.01,0.7,20.0,optimal_decomposed,71.50588660000358,71.50500140000076,0.0,1,2,15664.81197399028,174.34157851920855,15839.153552509488,15120.902471236228,15295.244049755436,182532.89054204678,0.10986215717492726,50.33931870322993,0.0,0.0,0.0,False,False,False
main,tv_dro_rho_0p01,tv_dro,2025-01-01,79,True,True,20,,0.01,0.7,20.0,optimal_decomposed,71.50588660000358,71.50500140000076,0.0,1,2,15664.81197399028,174.34157851920855,15839.153552509488,15881.022867224885,16055.364445744093,200341.2694092046,0.10635805703648615,48.01212849494974,0.0,0.0,0.0,False,False,False
main,tv_dro_rho_0p01,tv_dro,2025-01-01,80,True,True,20,,0.01,0.7,20.0,optimal_decomposed,71.50588660000358,71.50500140000076,0.0,1,2,15664.81197399028,174.34157851920855,15839.153552509488,15768.225041223355,15942.566619742563,191342.76529484114,0.07603480560332043,46.97647367738633,0.0,0.0,0.0,False,False,False
main,tv_dro_rho_0p01,tv_dro,2025-01-01,81,True,True,20,,0.01,0.7,20.0,optimal_decomposed,71.50588660000358,71.50500140000076,0.0,1,2,15664.81197399028,174.34157851920855,15839.153552509488,15332.271647893429,15506.613226412637,175861.98439477416,0.0,57.63134369680218,0.0,0.0,0.0,False,False,False
main,tv_dro_rho_0p01,tv_dro,2025-01-01,82,True,True,20,,0.01,0.7,20.0,optimal_decomposed,71.50588660000358,71.50500140000076,0.0,1,2,15664.81197399028,174.34157851920855,15839.153552509488,15552.571221170043,15726.912799689251,186190.67106540268,0.09665146598349597,43.61496417465968,0.0,0.0,0.0,False,False,False
main,tv_dro_rho_0p01,tv_dro,2025-01-01,83,True,True,20,,0.01,0.7,20.0,optimal_decomposed,71.50588660000358,71.50500140000076,0.0,1,2,15664.81197399028,174.34157851920855,15839.153552509488,16446.05106186232,16620.392640381528,201508.32237507447,0.11148987227781726,43.49061415160253,0.0,0.0,0.0,False,False,False
main,tv_dro_rho_0p01,tv_dro,2025-01-01,84,True,True,20,,0.01,0.7,20.0,optimal_decomposed,71.50588660000358,71.50500140000076,0.0,1,2,15664.81197399028,174.34157851920855,15839.153552509488,15667.151190655135,15841.492769174343,198514.9098848936,0.0,42.56839113936571,0.0,0.0,0.0,False,False,False
main,tv_dro_rho_0p01,tv_dro,2025-01-01,85,True,True,20,,0.01,0.7,20.0,optimal_decomposed,71.50588660000358,71.50500140000076,0.0,1,2,15664.81197399028,174.34157851920855,15839.153552509488,15378.592496359166,15552.934074878374,182765.4477678806,0.020063022190935476,55.245879831228436,0.0,0.0,0.0,False,False,False
main,tv_dro_rho_0p01,tv_dro,2025-01-01,86,True,True,20,,0.01,0.7,20.0,optimal_decomposed,71.50588660000358,71.50500140000076,0.0,1,2,15664.81197399028,174.34157851920855,15839.153552509488,16300.45553690249,16474.797115421698,208506.23099205972,0.0431669632705097,46.72961302423529,0.0,0.0,0.0,False,False,False
main,tv_dro_rho_0p01,tv_dro,2025-01-01,87,True,True,20,,0.01,0.7,20.0,optimal_decomposed,71.50588660000358,71.50500140000076,0.0,1,2,15664.81197399028,174.34157851920855,15839.153552509488,15408.979946819889,15583.321525339097,192593.31976149115,0.02142576840977778,52.06629594256059,0.0,0.0,0.0,False,False,False
main,tv_dro_rho_0p01,tv_dro,2025-01-01,88,True,True,20,,0.01,0.7,20.0,optimal_decomposed,71.50588660000358,71.50500140000076,0.0,1,2,15664.81197399028,174.34157851920855,15839.153552509488,15683.279132170635,15857.620710689844,188281.292249636,0.11956590388185595,56.02514510504813,0.0,0.0,0.0,False,False,False
main,tv_dro_rho_0p01,tv_dro,2025-01-01,89,True,True,20,,0.01,0.7,20.0,optimal_decomposed,71.50588660000358,71.50500140000076,0.0,1,2,15664.81197399028,174.34157851920855,15839.153552509488,16290.76864526417,16465.11022378338,198396.6776027986,0.0,49.77458452370503,0.0,0.0,0.0,False,False,False
main,tv_dro_rho_0p01,tv_dro,2025-01-01,90,True,True,20,,0.01,0.7,20.0,optimal_decomposed,71.50588660000358,71.50500140000076,0.0,1,2,15664.81197399028,174.34157851920855,15839.153552509488,14854.102010526156,15028.443589045364,176461.9526741976,0.0,52.55583924098204,0.0,0.0,0.0,False,False,False
main,tv_dro_rho_0p01,tv_dro,2025-01-01,91,True,True,20,,0.01,0.7,20.0,optimal_decomposed,71.50588660000358,71.50500140000076,0.0,1,2,15664.81197399028,174.34157851920855,15839.153552509488,16325.838901296413,16500.180479815623,204715.8551191433,0.0,47.252818854293714,0.0,0.0,0.0,False,False,False
main,tv_dro_rho_0p01,tv_dro,2025-01-01,92,True,True,20,,0.01,0.7,20.0,optimal_decomposed,71.50588660000358,71.50500140000076,0.0,1,2,15664.81197399028,174.34157851920855,15839.153552509488,15098.406221204314,15272.747799723522,169140.16952377305,0.12678142382214483,42.70025273791364,0.0,0.0,0.0,False,False,False
main,tv_dro_rho_0p01,tv_dro,2025-01-01,93,True,True,20,,0.01,0.7,20.0,optimal_decomposed,71.50588660000358,71.50500140000076,0.0,1,2,15664.81197399028,174.34157851920855,15839.153552509488,15357.829282646342,15532.17086116555,174628.33093066124,0.0,51.830790435007145,0.0,0.0,0.0,False,False,False
main,tv_dro_rho_0p01,tv_dro,2025-01-01,94,True,True,20,,0.01,0.7,20.0,optimal_decomposed,71.50588660000358,71.50500140000076,0.0,1,2,15664.81197399028,174.34157851920855,15839.153552509488,16146.30326908953,16320.644847608739,201730.07246076158,0.07652544845296846,46.626409125820054,0.0,0.0,0.0,False,False,False
main,tv_dro_rho_0p01,tv_dro,2025-01-01,95,True,True,20,,0.01,0.7,20.0,optimal_decomposed,71.50588660000358,71.50500140000076,0.0,1,2,15664.81197399028,174.34157851920855,15839.153552509488,15256.692673625957,15431.034252145166,179909.35492704922,0.13858385132620074,52.18214515517966,0.0,0.0,0.0,False,False,False
main,tv_dro_rho_0p01,tv_dro,2025-01-01,96,True,True,20,,0.01,0.7,20.0,optimal_decomposed,71.50588660000358,71.50500140000076,0.0,1,2,15664.81197399028,174.34157851920855,15839.153552509488,15197.224834659119,15371.566413178327,185575.29990892764,0.2389969642879797,46.437576600601126,0.0,0.0,0.0,False,False,False
main,tv_dro_rho_0p01,tv_dro,2025-01-01,97,True,True,20,,0.01,0.7,20.0,optimal_decomposed,71.50588660000358,71.50500140000076,0.0,1,2,15664.81197399028,174.34157851920855,15839.153552509488,15630.965848434163,15805.307426953372,190630.80783131626,0.0,52.14245611716452,0.0,0.0,0.0,False,False,False
main,tv_dro_rho_0p01,tv_dro,2025-01-01,98,True,True,20,,0.01,0.7,20.0,optimal_decomposed,71.50588660000358,71.50500140000076,0.0,1,2,15664.81197399028,174.34157851920855,15839.153552509488,15685.393782047155,15859.735360566363,195996.9508377568,0.046279592448548984,46.27690999579097,0.0,0.0,0.0,False,False,False
main,tv_dro_rho_0p01,tv_dro,2025-01-01,99,True,True,20,,0.01,0.7,20.0,optimal_decomposed,71.50588660000358,71.50500140000076,0.0,1,2,15664.81197399028,174.34157851920855,15839.153552509488,16245.549043935049,16419.89062245426,210327.9830907539,0.01654511575589457,52.874725921915775,0.0,0.0,0.0,False,False,False
main,tv_dro_rho_0p01,tv_dro,2025-04-01,0,True,True,20,,0.01,0.7,20.0,optimal_decomposed,85.69322990000364,85.69250550000288,0.0,1,2,15462.571691668627,498.3322510884225,15960.90394275705,16425.818534241855,16924.150785330276,147981.05478206652,0.9108152388597455,55.679130837563335,0.0,0.0,0.0,False,False,False
main,tv_dro_rho_0p01,tv_dro,2025-04-01,1,True,True,20,,0.01,0.7,20.0,optimal_decomposed,85.69322990000364,85.69250550000288,0.0,1,2,15462.571691668627,498.3322510884225,15960.90394275705,15998.166265581729,16496.49851667015,137001.36509800365,0.0,63.848070796088976,0.0,0.0,0.0,False,False,False
main,tv_dro_rho_0p01,tv_dro,2025-04-01,2,True,True,20,,0.01,0.7,20.0,optimal_decomposed,85.69322990000364,85.69250550000288,0.0,1,2,15462.571691668627,498.3322510884225,15960.90394275705,15846.317310159173,16344.649561247596,138057.08067917134,0.0,51.12589124561613,0.0,0.0,0.0,False,False,False
main,tv_dro_rho_0p01,tv_dro,2025-04-01,3,True,True,20,,0.01,0.7,20.0,optimal_decomposed,85.69322990000364,85.69250550000288,0.0,1,2,15462.571691668627,498.3322510884225,15960.90394275705,14909.044231045651,15407.376482134074,118801.78221335965,0.2953717342108803,54.90995311670224,0.0,0.0,0.0,False,False,False
main,tv_dro_rho_0p01,tv_dro,2025-04-01,4,True,True,20,,0.01,0.7,20.0,optimal_decomposed,85.69322990000364,85.69250550000288,0.0,1,2,15462.571691668627,498.3322510884225,15960.90394275705,15135.327843012696,15633.660094101118,122631.88869437974,0.0,49.556568622488186,0.0,0.05203477046853755,0.0,False,True,False
main,tv_dro_rho_0p01,tv_dro,2025-04-01,5,True,True,20,,0.01,0.7,20.0,optimal_decomposed,85.69322990000364,85.69250550000288,0.0,1,2,15462.571691668627,498.3322510884225,15960.90394275705,16117.297391503042,16615.629642591462,135451.90085972828,0.01621501249255186,58.95542167316664,0.0,0.0,0.0,False,False,False
main,tv_dro_rho_0p01,tv_dro,2025-04-01,6,True,True,20,,0.01,0.7,20.0,optimal_decomposed,85.69322990000364,85.69250550000288,0.0,1,2,15462.571691668627,498.3322510884225,15960.90394275705,15786.77835411648,16285.110605204904,131596.81673722627,0.0,52.4323575328915,0.0,0.0,0.0,False,False,False
main,tv_dro_rho_0p01,tv_dro,2025-04-01,7,True,True,20,,0.01,0.7,20.0,optimal_decomposed,85.69322990000364,85.69250550000288,0.0,1,2,15462.571691668627,498.3322510884225,15960.90394275705,14825.903593921572,15324.235845009995,114055.76092471083,0.0,52.21628179857496,0.0,0.0,0.0,False,False,False
main,tv_dro_rho_0p01,tv_dro,2025-04-01,8,True,True,20,,0.01,0.7,20.0,optimal_decomposed,85.69322990000364,85.69250550000288,0.0,1,2,15462.571691668627,498.3322510884225,15960.90394275705,15263.412753287235,15761.745004375658,125289.04670393166,0.12015623759323835,52.63166770426189,0.0,0.0,0.0,False,False,False
main,tv_dro_rho_0p01,tv_dro,2025-04-01,9,True,True,20,,0.01,0.7,20.0,optimal_decomposed,85.69322990000364,85.69250550000288,0.0,1,2,15462.571691668627,498.3322510884225,15960.90394275705,15301.656679026159,15799.988930114581,136263.2832586389,0.26257636927990946,64.40970670811264,0.0,0.0,0.0,False,False,False
main,tv_dro_rho_0p01,tv_dro,2025-04-01,10,True,True,20,,0.01,0.7,20.0,optimal_decomposed,85.69322990000364,85.69250550000288,0.0,1,2,15462.571691668627,498.3322510884225,15960.90394275705,15419.99632649968,15918.328577588103,127806.49797277922,0.0,53.965207630213435,0.0,0.0,0.0,False,False,False
main,tv_dro_rho_0p01,tv_dro,2025-04-01,11,True,True,20,,0.01,0.7,20.0,optimal_decomposed,85.69322990000364,85.69250550000288,0.0,1,2,15462.571691668627,498.3322510884225,15960.90394275705,15117.195579975169,15615.527831063591,123781.17496766866,0.0,45.563803484266785,0.0,0.0,0.0,False,False,False
main,tv_dro_rho_0p01,tv_dro,2025-04-01,12,True,True,20,,0.01,0.7,20.0,optimal_decomposed,85.69322990000364,85.69250550000288,0.0,1,2,15462.571691668627,498.3322510884225,15960.90394275705,15232.154160432967,15730.48641152139,130623.3286534739,0.0,49.846766511038346,0.0,0.0,0.0,False,False,False
main,tv_dro_rho_0p01,tv_dro,2025-04-01,13,True,True,20,,0.01,0.7,20.0,optimal_decomposed,85.69322990000364,85.69250550000288,0.0,1,2,15462.571691668627,498.3322510884225,15960.90394275705,15376.11273471541,15874.444985803833,128116.78265611726,0.13532611647667458,60.62076868435406,0.0,0.0,0.0,False,False,False
main,tv_dro_rho_0p01,tv_dro,2025-04-01,14,True,True,20,,0.01,0.7,20.0,optimal_decomposed,85.69322990000364,85.69250550000288,0.0,1,2,15462.571691668627,498.3322510884225,15960.90394275705,15509.651162780257,16007.98341386868,128882.66475544556,0.02494017143730276,54.436661903030895,0.0,0.0,0.0,False,False,False
main,tv_dro_rho_0p01,tv_dro,2025-04-01,15,True,True,20,,0.01,0.7,20.0,optimal_decomposed,85.69322990000364,85.69250550000288,0.0,1,2,15462.571691668627,498.3322510884225,15960.90394275705,15176.071959993118,15674.40421108154,125170.67631500568,0.0,48.61324039501666,0.0,0.0,0.0,False,False,False
main,tv_dro_rho_0p01,tv_dro,2025-04-01,16,True,True,20,,0.01,0.7,20.0,optimal_decomposed,85.69322990000364,85.69250550000288,0.0,1,2,15462.571691668627,498.3322510884225,15960.90394275705,15875.173161944578,16373.505413033,143849.03277443314,0.0,47.8299973705266,0.0,0.0,0.0,False,False,False
main,tv_dro_rho_0p01,tv_dro,2025-04-01,17,True,True,20,,0.01,0.7,20.0,optimal_decomposed,85.69322990000364,85.69250550000288,0.0,1,2,15462.571691668627,498.3322510884225,15960.90394275705,16077.602670277349,16575.93492136577,142460.51228072468,0.32574131158615416,63.9413776929988,0.0,0.0,0.0,False,False,False
main,tv_dro_rho_0p01,tv_dro,2025-04-01,18,True,True,20,,0.01,0.7,20.0,optimal_decomposed,85.69322990000364,85.69250550000288,0.0,1,2,15462.571691668627,498.3322510884225,15960.90394275705,16286.687261917281,16785.019513005704,154513.77722736512,0.0,57.92559764545447,0.0,0.0,0.0,False,False,False
main,tv_dro_rho_0p01,tv_dro,2025-04-01,19,True,True,20,,0.01,0.7,20.0,optimal_decomposed,85.69322990000364,85.69250550000288,0.0,1,2,15462.571691668627,498.3322510884225,15960.90394275705,16711.01351137185,17209.34576246027,149891.5423924687,0.22431959475004676,54.41925019737805,0.0,0.0,0.0,False,False,False
main,tv_dro_rho_0p01,tv_dro,2025-04-01,20,True,True,20,,0.01,0.7,20.0,optimal_decomposed,85.69322990000364,85.69250550000288,0.0,1,2,15462.571691668627,498.3322510884225,15960.90394275705,15934.285019934887,16432.617271023308,128040.11506273385,0.010093953314940202,49.05697391628611,0.0,0.0,0.0,False,False,False
main,tv_dro_rho_0p01,tv_dro,2025-04-01,21,True,True,20,,0.01,0.7,20.0,optimal_decomposed,85.69322990000364,85.69250550000288,0.0,1,2,15462.571691668627,498.3322510884225,15960.90394275705,15197.955484078251,15696.287735166674,127935.9964111953,0.011322583032619626,50.54803006972871,0.0,0.0,0.0,False,False,False
main,tv_dro_rho_0p01,tv_dro,2025-04-01,22,True,True,20,,0.01,0.7,20.0,optimal_decomposed,85.69322990000364,85.69250550000288,0.0,1,2,15462.571691668627,498.3322510884225,15960.90394275705,15919.871956317242,16418.204207405663,139007.61311233643,0.0,53.65426833412566,0.0,0.0,0.0,False,False,False
main,tv_dro_rho_0p01,tv_dro,2025-04-01,23,True,True,20,,0.01,0.7,20.0,optimal_decomposed,85.69322990000364,85.69250550000288,0.0,1,2,15462.571691668627,498.3322510884225,15960.90394275705,16919.049259315758,17417.38151040418,158751.85554083588,0.0,52.72171014394606,0.0,0.0,0.0,False,False,False
main,tv_dro_rho_0p01,tv_dro,2025-04-01,24,True,True,20,,0.01,0.7,20.0,optimal_decomposed,85.69322990000364,85.69250550000288,0.0,1,2,15462.571691668627,498.3322510884225,15960.90394275705,15910.568091822997,16408.90034291142,140189.9318399863,0.1514988607602814,60.37819391264347,0.0,0.0,0.0,False,False,False
main,tv_dro_rho_0p01,tv_dro,2025-04-01,25,True,True,20,,0.01,0.7,20.0,optimal_decomposed,85.69322990000364,85.69250550000288,0.0,1,2,15462.571691668627,498.3322510884225,15960.90394275705,16382.07163953953,16880.403890627953,147166.8564563554,0.0,49.247096130951135,0.0,0.0,0.0,False,False,False
main,tv_dro_rho_0p01,tv_dro,2025-04-01,26,True,True,20,,0.01,0.7,20.0,optimal_decomposed,85.69322990000364,85.69250550000288,0.0,1,2,15462.571691668627,498.3322510884225,15960.90394275705,15403.611240397997,15901.94349148642,133985.0530413609,0.0,60.52881508056987,0.0,0.0,0.0,False,False,False
main,tv_dro_rho_0p01,tv_dro,2025-04-01,27,True,True,20,,0.01,0.7,20.0,optimal_decomposed,85.69322990000364,85.69250550000288,0.0,1,2,15462.571691668627,498.3322510884225,15960.90394275705,15606.91071739565,16105.242968484074,134818.56069894793,0.0,60.08888391706935,0.0,0.0,0.0,False,False,False
main,tv_dro_rho_0p01,tv_dro,2025-04-01,28,True,True,20,,0.01,0.7,20.0,optimal_decomposed,85.69322990000364,85.69250550000288,0.0,1,2,15462.571691668627,498.3322510884225,15960.90394275705,15841.234635208399,16339.566886296821,137532.04910461957,0.0,44.69780415687199,0.0,0.0,0.0,False,False,False
main,tv_dro_rho_0p01,tv_dro,2025-04-01,29,True,True,20,,0.01,0.7,20.0,optimal_decomposed,85.69322990000364,85.69250550000288,0.0,1,2,15462.571691668627,498.3322510884225,15960.90394275705,15749.050735996118,16247.38298708454,132010.03057255747,0.0136571276870181,43.391338320179095,0.0,0.0,0.0,False,False,False
main,tv_dro_rho_0p01,tv_dro,2025-04-01,30,True,True,20,,0.01,0.7,20.0,optimal_decomposed,85.69322990000364,85.69250550000288,0.0,1,2,15462.571691668627,498.3322510884225,15960.90394275705,15627.249369687403,16125.581620775825,128270.67159727387,0.0,47.97188506529294,0.0,0.0,0.0,False,False,False
main,tv_dro_rho_0p01,tv_dro,2025-04-01,31,True,True,20,,0.01,0.7,20.0,optimal_decomposed,85.69322990000364,85.69250550000288,0.0,1,2,15462.571691668627,498.3322510884225,15960.90394275705,15674.571901646968,16172.904152735391,141555.44534775513,0.08484730037726873,53.61120714050453,0.0,0.0,0.0,False,False,False
main,tv_dro_rho_0p01,tv_dro,2025-04-01,32,True,True,20,,0.01,0.7,20.0,optimal_decomposed,85.69322990000364,85.69250550000288,0.0,1,2,15462.571691668627,498.3322510884225,15960.90394275705,15710.405245626747,16208.73749671517,136711.77220597534,0.0,52.00478500499533,0.0,0.0,0.0,False,False,False
main,tv_dro_rho_0p01,tv_dro,2025-04-01,33,True,True,20,,0.01,0.7,20.0,optimal_decomposed,85.69322990000364,85.69250550000288,0.0,1,2,15462.571691668627,498.3322510884225,15960.90394275705,15225.575365092813,15723.907616181235,129859.45331659955,0.0,65.09603293203538,0.0,0.0,0.0,False,False,False
main,tv_dro_rho_0p01,tv_dro,2025-04-01,34,True,True,20,,0.01,0.7,20.0,optimal_decomposed,85.69322990000364,85.69250550000288,0.0,1,2,15462.571691668627,498.3322510884225,15960.90394275705,15395.205173651138,15893.537424739561,132474.47640162898,0.002024079926233824,55.77514190188954,0.0,0.0,0.0,False,False,False
main,tv_dro_rho_0p01,tv_dro,2025-04-01,35,True,True,20,,0.01,0.7,20.0,optimal_decomposed,85.69322990000364,85.69250550000288,0.0,1,2,15462.571691668627,498.3322510884225,15960.90394275705,15926.760427403338,16425.09267849176,134624.61577272462,0.0,58.12692215777262,0.0,0.0,0.0,False,False,False
main,tv_dro_rho_0p01,tv_dro,2025-04-01,36,True,True,20,,0.01,0.7,20.0,optimal_decomposed,85.69322990000364,85.69250550000288,0.0,1,2,15462.571691668627,498.3322510884225,15960.90394275705,15371.676527812693,15870.008778901116,124933.91319723068,0.10270909641174936,63.298555230999355,0.0,0.0,0.0,False,False,False
main,tv_dro_rho_0p01,tv_dro,2025-04-01,37,True,True,20,,0.01,0.7,20.0,optimal_decomposed,85.69322990000364,85.69250550000288,0.0,1,2,15462.571691668627,498.3322510884225,15960.90394275705,14782.466525453816,15280.798776542239,116142.15811407578,0.01932117194845412,45.073457372266034,0.0,0.0,0.0,False,False,False
main,tv_dro_rho_0p01,tv_dro,2025-04-01,38,True,True,20,,0.01,0.7,20.0,optimal_decomposed,85.69322990000364,85.69250550000288,0.0,1,2,15462.571691668627,498.3322510884225,15960.90394275705,15021.767455161755,15520.099706250177,127305.58856368986,0.002158928786116121,50.15163438716051,0.0,0.0,0.0,False,False,False
main,tv_dro_rho_0p01,tv_dro,2025-04-01,39,True,True,20,,0.01,0.7,20.0,optimal_decomposed,85.69322990000364,85.69250550000288,0.0,1,2,15462.571691668627,498.3322510884225,15960.90394275705,15451.99817085801,15950.330421946433,127844.87707798505,0.0,46.360417374845184,0.0,0.0,0.0,False,False,False
main,tv_dro_rho_0p01,tv_dro,2025-04-01,40,True,True,20,,0.01,0.7,20.0,optimal_decomposed,85.69322990000364,85.69250550000288,0.0,1,2,15462.571691668627,498.3322510884225,15960.90394275705,15528.128728350517,16026.46097943894,123375.5003627495,0.0,49.10807216458422,0.0,0.0,0.0,False,False,False
main,tv_dro_rho_0p01,tv_dro,2025-04-01,41,True,True,20,,0.01,0.7,20.0,optimal_decomposed,85.69322990000364,85.69250550000288,0.0,1,2,15462.571691668627,498.3322510884225,15960.90394275705,15538.295698530139,16036.627949618562,134961.9357660987,0.04032265440144778,42.054465462775966,0.0,0.0,0.0,False,False,False
main,tv_dro_rho_0p01,tv_dro,2025-04-01,42,True,True,20,,0.01,0.7,20.0,optimal_decomposed,85.69322990000364,85.69250550000288,0.0,1,2,15462.571691668627,498.3322510884225,15960.90394275705,17024.285120673332,17522.617371761753,163147.5717896759,0.2145735120469805,59.06892462131346,0.0,0.0,0.0,False,False,False
main,tv_dro_rho_0p01,tv_dro,2025-04-01,43,True,True,20,,0.01,0.7,20.0,optimal_decomposed,85.69322990000364,85.69250550000288,0.0,1,2,15462.571691668627,498.3322510884225,15960.90394275705,15995.014661947886,16493.34691303631,140828.8586912992,0.0,53.98576873004523,0.0,0.0,0.0,False,False,False
main,tv_dro_rho_0p01,tv_dro,2025-04-01,44,True,True,20,,0.01,0.7,20.0,optimal_decomposed,85.69322990000364,85.69250550000288,0.0,1,2,15462.571691668627,498.3322510884225,15960.90394275705,15947.54994146157,16445.88219254999,140348.38548457826,0.0,54.933380671873,0.0,0.0,0.0,False,False,False
main,tv_dro_rho_0p01,tv_dro,2025-04-01,45,True,True,20,,0.01,0.7,20.0,optimal_decomposed,85.69322990000364,85.69250550000288,0.0,1,2,15462.571691668627,498.3322510884225,15960.90394275705,15628.505490127356,16126.837741215779,140444.44561707767,0.0423682633263876,57.64739340699069,0.0,0.0,0.0,False,False,False
main,tv_dro_rho_0p01,tv_dro,2025-04-01,46,True,True,20,,0.01,0.7,20.0,optimal_decomposed,85.69322990000364,85.69250550000288,0.0,1,2,15462.571691668627,498.3322510884225,15960.90394275705,15388.994865085231,15887.327116173654,126776.09603807089,0.3008605437772396,58.10113538223155,0.0,0.0,0.0,False,False,False
main,tv_dro_rho_0p01,tv_dro,2025-04-01,47,True,True,20,,0.01,0.7,20.0,optimal_decomposed,85.69322990000364,85.69250550000288,0.0,1,2,15462.571691668627,498.3322510884225,15960.90394275705,15778.413435444147,16276.74568653257,133610.35607437085,0.34470574894284245,56.02596230531431,0.0,0.0,0.0,False,False,False
main,tv_dro_rho_0p01,tv_dro,2025-04-01,48,True,True,20,,0.01,0.7,20.0,optimal_decomposed,85.69322990000364,85.69250550000288,0.0,1,2,15462.571691668627,498.3322510884225,15960.90394275705,15766.726789032138,16265.05904012056,137501.7799726545,0.01025558291110329,48.74414403758457,0.0,0.0,0.0,False,False,False
main,tv_dro_rho_0p01,tv_dro,2025-04-01,49,True,True,20,,0.01,0.7,20.0,optimal_decomposed,85.69322990000364,85.69250550000288,0.0,1,2,15462.571691668627,498.3322510884225,15960.90394275705,15994.369886473032,16492.702137561453,140732.4358814889,0.0,59.54609475980569,0.0,0.0,0.0,False,False,False
main,tv_dro_rho_0p01,tv_dro,2025-04-01,50,True,True,20,,0.01,0.7,20.0,optimal_decomposed,85.69322990000364,85.69250550000288,0.0,1,2,15462.571691668627,498.3322510884225,15960.90394275705,14906.501751024309,15404.834002112731,127830.80240262978,0.0,54.43664176144668,0.0,0.0,0.0,False,False,False
main,tv_dro_rho_0p01,tv_dro,2025-04-01,51,True,True,20,,0.01,0.7,20.0,optimal_decomposed,85.69322990000364,85.69250550000288,0.0,1,2,15462.571691668627,498.3322510884225,15960.90394275705,15822.2111119144,16320.543363002822,137606.22037039493,0.08191897329249431,54.28656668891888,0.0,0.0,0.0,False,False,False
main,tv_dro_rho_0p01,tv_dro,2025-04-01,52,True,True,20,,0.01,0.7,20.0,optimal_decomposed,85.69322990000364,85.69250550000288,0.0,1,2,15462.571691668627,498.3322510884225,15960.90394275705,15313.182331796888,15811.514582885311,125956.39427057708,0.32331441413787365,58.42771655722865,0.0,0.0,0.0,False,False,False
main,tv_dro_rho_0p01,tv_dro,2025-04-01,53,True,True,20,,0.01,0.7,20.0,optimal_decomposed,85.69322990000364,85.69250550000288,0.0,1,2,15462.571691668627,498.3322510884225,15960.90394275705,14793.225707850565,15291.557958938987,120070.01408971265,0.5626191777207261,50.01599060416784,0.0,0.0,0.0,False,False,False
main,tv_dro_rho_0p01,tv_dro,2025-04-01,54,True,True,20,,0.01,0.7,20.0,optimal_decomposed,85.69322990000364,85.69250550000288,0.0,1,2,15462.571691668627,498.3322510884225,15960.90394275705,15762.552211851413,16260.884462939835,140934.1327837682,0.10216421815902699,52.46085385337471,0.0,0.0,0.0,False,False,False
main,tv_dro_rho_0p01,tv_dro,2025-04-01,55,True,True,20,,0.01,0.7,20.0,optimal_decomposed,85.69322990000364,85.69250550000288,0.0,1,2,15462.571691668627,498.3322510884225,15960.90394275705,15841.179379973199,16339.511631061621,141245.8739698397,0.0,54.20045248515948,0.0,0.0,0.0,False,False,False
main,tv_dro_rho_0p01,tv_dro,2025-04-01,56,True,True,20,,0.01,0.7,20.0,optimal_decomposed,85.69322990000364,85.69250550000288,0.0,1,2,15462.571691668627,498.3322510884225,15960.90394275705,15991.98208002268,16490.3143311111,141871.88315140552,0.0,43.35197607061314,0.0,0.0,0.0,False,False,False
main,tv_dro_rho_0p01,tv_dro,2025-04-01,57,True,True,20,,0.01,0.7,20.0,optimal_decomposed,85.69322990000364,85.69250550000288,0.0,1,2,15462.571691668627,498.3322510884225,15960.90394275705,15119.60339754045,15617.935648628873,116838.17577586659,0.32842418463258816,52.34439223151937,0.0,0.0,0.0,False,False,False
main,tv_dro_rho_0p01,tv_dro,2025-04-01,58,True,True,20,,0.01,0.7,20.0,optimal_decomposed,85.69322990000364,85.69250550000288,0.0,1,2,15462.571691668627,498.3322510884225,15960.90394275705,15732.983956009815,16231.316207098238,137663.84828919673,0.1494340756684409,59.06593209839354,0.0,0.0,0.0,False,False,False
main,tv_dro_rho_0p01,tv_dro,2025-04-01,59,True,True,20,,0.01,0.7,20.0,optimal_decomposed,85.69322990000364,85.69250550000288,0.0,1,2,15462.571691668627,498.3322510884225,15960.90394275705,15507.733063533628,16006.06531462205,130469.1368896214,0.00270715212870401,53.58589558860204,0.0,0.0,0.0,False,False,False
main,tv_dro_rho_0p01,tv_dro,2025-04-01,60,True,True,20,,0.01,0.7,20.0,optimal_decomposed,85.69322990000364,85.69250550000288,0.0,1,2,15462.571691668627,498.3322510884225,15960.90394275705,15794.968308794398,16293.30055988282,135521.83934088,0.09763615409675075,55.863201751519426,0.0,0.0,0.0,False,False,False
main,tv_dro_rho_0p01,tv_dro,2025-04-01,61,True,True,20,,0.01,0.7,20.0,optimal_decomposed,85.69322990000364,85.69250550000288,0.0,1,2,15462.571691668627,498.3322510884225,15960.90394275705,15506.982154862671,16005.314405951094,137003.34508701146,0.0,47.803564826387294,0.0,0.0,0.0,False,False,False
main,tv_dro_rho_0p01,tv_dro,2025-04-01,62,True,True,20,,0.01,0.7,20.0,optimal_decomposed,85.69322990000364,85.69250550000288,0.0,1,2,15462.571691668627,498.3322510884225,15960.90394275705,16192.417667514768,16690.74991860319,140386.7648229256,0.25239286363719876,56.06184300780483,0.0,0.0,0.0,False,False,False
main,tv_dro_rho_0p01,tv_dro,2025-04-01,63,True,True,20,,0.01,0.7,20.0,optimal_decomposed,85.69322990000364,85.69250550000288,0.0,1,2,15462.571691668627,498.3322510884225,15960.90394275705,15433.032209869592,15931.364460958015,126463.40325935687,0.0,61.72776646032747,0.0,0.0,0.0,False,False,False
main,tv_dro_rho_0p01,tv_dro,2025-04-01,64,True,True,20,,0.01,0.7,20.0,optimal_decomposed,85.69322990000364,85.69250550000288,0.0,1,2,15462.571691668627,498.3322510884225,15960.90394275705,15001.455142837458,15499.78739392588,123969.97855419327,0.335893373398632,47.744387015688744,0.0,0.0,0.0,False,False,False
main,tv_dro_rho_0p01,tv_dro,2025-04-01,65,True,True,20,,0.01,0.7,20.0,optimal_decomposed,85.69322990000364,85.69250550000288,0.0,1,2,15462.571691668627,498.3322510884225,15960.90394275705,16230.664057795102,16728.996308883525,141474.81287782878,0.1915035657445937,57.56706886976652,0.0,0.0,0.0,False,False,False
main,tv_dro_rho_0p01,tv_dro,2025-04-01,66,True,True,20,,0.01,0.7,20.0,optimal_decomposed,85.69322990000364,85.69250550000288,0.0,1,2,15462.571691668627,498.3322510884225,15960.90394275705,15434.327358514218,15932.65960960264,133889.94516205773,0.03110612007103586,61.95273156548672,0.0,0.0,0.0,False,False,False
main,tv_dro_rho_0p01,tv_dro,2025-04-01,67,True,True,20,,0.01,0.7,20.0,optimal_decomposed,85.69322990000364,85.69250550000288,0.0,1,2,15462.571691668627,498.3322510884225,15960.90394275705,16283.081032789441,16781.413283877864,148552.96187381863,0.0,58.75707363579442,0.0,0.0,0.0,False,False,False
main,tv_dro_rho_0p01,tv_dro,2025-04-01,68,True,True,20,,0.01,0.7,20.0,optimal_decomposed,85.69322990000364,85.69250550000288,0.0,1,2,15462.571691668627,498.3322510884225,15960.90394275705,14975.126180233878,15473.4584313223,128288.22966180783,0.12874561244722416,55.73092279487393,0.0,0.0,0.0,False,False,False
main,tv_dro_rho_0p01,tv_dro,2025-04-01,69,True,True,20,,0.01,0.7,20.0,optimal_decomposed,85.69322990000364,85.69250550000288,0.0,1,2,15462.571691668627,498.3322510884225,15960.90394275705,15758.281628598834,16256.613879687256,134432.61110970454,0.0,56.486408516610375,0.0,0.0,0.0,False,False,False
main,tv_dro_rho_0p01,tv_dro,2025-04-01,70,True,True,20,,0.01,0.7,20.0,optimal_decomposed,85.69322990000364,85.69250550000288,0.0,1,2,15462.571691668627,498.3322510884225,15960.90394275705,15316.399099157688,15814.731350246111,131779.80750606212,0.0,59.20527106112891,0.0,0.0,0.0,False,False,False
main,tv_dro_rho_0p01,tv_dro,2025-04-01,71,True,True,20,,0.01,0.7,20.0,optimal_decomposed,85.69322990000364,85.69250550000288,0.0,1,2,15462.571691668627,498.3322510884225,15960.90394275705,15834.736003780663,16333.068254869086,142165.19271053618,0.12235669767871338,60.70240979419176,0.0,0.0,0.0,False,False,False
main,tv_dro_rho_0p01,tv_dro,2025-04-01,72,True,True,20,,0.01,0.7,20.0,optimal_decomposed,85.69322990000364,85.69250550000288,0.0,1,2,15462.571691668627,498.3322510884225,15960.90394275705,16060.312114796076,16558.6443658845,142229.90623755718,0.056643009881979234,60.245511539152695,0.0,0.0,0.0,False,False,False
main,tv_dro_rho_0p01,tv_dro,2025-04-01,73,True,True,20,,0.01,0.7,20.0,optimal_decomposed,85.69322990000364,85.69250550000288,0.0,1,2,15462.571691668627,498.3322510884225,15960.90394275705,16601.964908696358,17100.29715978478,160961.49263202705,0.0,55.95916859339441,0.0,0.0,0.0,False,False,False
main,tv_dro_rho_0p01,tv_dro,2025-04-01,74,True,True,20,,0.01,0.7,20.0,optimal_decomposed,85.69322990000364,85.69250550000288,0.0,1,2,15462.571691668627,498.3322510884225,15960.90394275705,17215.1540103292,17713.48626141762,163786.77887591228,0.17148382509877647,55.82922942291394,0.0,0.0,0.0,False,False,False
main,tv_dro_rho_0p01,tv_dro,2025-04-01,75,True,True,20,,0.01,0.7,20.0,optimal_decomposed,85.69322990000364,85.69250550000288,0.0,1,2,15462.571691668627,498.3322510884225,15960.90394275705,15744.13431826786,16242.466569356282,138233.075447924,0.0,51.15262774883723,0.0,0.0,0.0,False,False,False
main,tv_dro_rho_0p01,tv_dro,2025-04-01,76,True,True,20,,0.01,0.7,20.0,optimal_decomposed,85.69322990000364,85.69250550000288,0.0,1,2,15462.571691668627,498.3322510884225,15960.90394275705,15534.756293597065,16033.088544685488,135810.75770374114,0.0,54.80925559355081,0.0,0.0,0.0,False,False,False
main,tv_dro_rho_0p01,tv_dro,2025-04-01,77,True,True,20,,0.01,0.7,20.0,optimal_decomposed,85.69322990000364,85.69250550000288,0.0,1,2,15462.571691668627,498.3322510884225,15960.90394275705,15769.755966125938,16268.088217214361,139546.4854614791,0.11496889860899717,48.79504988569102,0.0,0.0,0.0,False,False,False
main,tv_dro_rho_0p01,tv_dro,2025-04-01,78,True,True,20,,0.01,0.7,20.0,optimal_decomposed,85.69322990000364,85.69250550000288,0.0,1,2,15462.571691668627,498.3322510884225,15960.90394275705,15140.997244802182,15639.329495890604,129770.96007655126,0.010458978414044362,55.84480500986924,0.0,0.0,0.0,False,False,False
main,tv_dro_rho_0p01,tv_dro,2025-04-01,79,True,True,20,,0.01,0.7,20.0,optimal_decomposed,85.69322990000364,85.69250550000288,0.0,1,2,15462.571691668627,498.3322510884225,15960.90394275705,15955.465815397132,16453.798066485553,143918.81099815192,0.06089928063528438,50.540057546706954,0.0,0.0,0.0,False,False,False
main,tv_dro_rho_0p01,tv_dro,2025-04-01,80,True,True,20,,0.01,0.7,20.0,optimal_decomposed,85.69322990000364,85.69250550000288,0.0,1,2,15462.571691668627,498.3322510884225,15960.90394275705,15828.91475445553,16327.247005543953,137398.69202022036,0.010824724222630921,48.82013775192951,0.0,0.0,0.0,False,False,False
main,tv_dro_rho_0p01,tv_dro,2025-04-01,81,True,True,20,,0.01,0.7,20.0,optimal_decomposed,85.69322990000364,85.69250550000288,0.0,1,2,15462.571691668627,498.3322510884225,15960.90394275705,15351.847411500554,15850.179662588976,124802.72908777944,0.0,60.2824539079218,0.0,0.0,0.0,False,False,False
main,tv_dro_rho_0p01,tv_dro,2025-04-01,82,True,True,20,,0.01,0.7,20.0,optimal_decomposed,85.69322990000364,85.69250550000288,0.0,1,2,15462.571691668627,498.3322510884225,15960.90394275705,15710.675120946711,16209.007372035134,133254.07763598778,0.2985462347080274,48.89143008179036,0.0,0.0,0.0,False,False,False
main,tv_dro_rho_0p01,tv_dro,2025-04-01,83,True,True,20,,0.01,0.7,20.0,optimal_decomposed,85.69322990000364,85.69250550000288,0.0,1,2,15462.571691668627,498.3322510884225,15960.90394275705,16046.901985607512,16545.234236695935,146161.63266680823,0.0,48.69677497218201,0.0,0.0,0.0,False,False,False
main,tv_dro_rho_0p01,tv_dro,2025-04-01,84,True,True,20,,0.01,0.7,20.0,optimal_decomposed,85.69322990000364,85.69250550000288,0.0,1,2,15462.571691668627,498.3322510884225,15960.90394275705,15837.469157911059,16335.801408999481,143884.64399955937,0.0,48.24175067522785,0.0,0.0,0.0,False,False,False
main,tv_dro_rho_0p01,tv_dro,2025-04-01,85,True,True,20,,0.01,0.7,20.0,optimal_decomposed,85.69322990000364,85.69250550000288,0.0,1,2,15462.571691668627,498.3322510884225,15960.90394275705,15609.020166653494,16107.352417741917,129927.26468082954,0.0153636833106503,63.661509727169914,0.0,0.0,0.0,False,False,False
main,tv_dro_rho_0p01,tv_dro,2025-04-01,86,True,True,20,,0.01,0.7,20.0,optimal_decomposed,85.69322990000364,85.69250550000288,0.0,1,2,15462.571691668627,498.3322510884225,15960.90394275705,16554.35332370054,17052.68557478896,151585.12681272734,0.0,49.47008452671601,0.0,0.0,0.0,False,False,False
main,tv_dro_rho_0p01,tv_dro,2025-04-01,87,True,True,20,,0.01,0.7,20.0,optimal_decomposed,85.69322990000364,85.69250550000288,0.0,1,2,15462.571691668627,498.3322510884225,15960.90394275705,15718.14059073657,16216.472841824992,139720.9221123169,0.15227227759049666,54.79573753904403,0.0,0.0,0.0,False,False,False
main,tv_dro_rho_0p01,tv_dro,2025-04-01,88,True,True,20,,0.01,0.7,20.0,optimal_decomposed,85.69322990000364,85.69250550000288,0.0,1,2,15462.571691668627,498.3322510884225,15960.90394275705,15647.227153658549,16145.559404746971,132861.74436916577,0.0,61.287664460210834,0.0,0.0,0.0,False,False,False
main,tv_dro_rho_0p01,tv_dro,2025-04-01,89,True,True,20,,0.01,0.7,20.0,optimal_decomposed,85.69322990000364,85.69250550000288,0.0,1,2,15462.571691668627,498.3322510884225,15960.90394275705,16076.87722232593,16575.20947341435,141933.88247179898,0.014768248418144891,54.054066494569554,0.0,0.0,0.0,False,False,False
main,tv_dro_rho_0p01,tv_dro,2025-04-01,90,True,True,20,,0.01,0.7,20.0,optimal_decomposed,85.69322990000364,85.69250550000288,0.0,1,2,15462.571691668627,498.3322510884225,15960.90394275705,15056.520567253894,15554.852818342317,126725.6208508056,0.21002941103831624,62.71912947114033,0.0,0.0,0.0,False,False,False
main,tv_dro_rho_0p01,tv_dro,2025-04-01,91,True,True,20,,0.01,0.7,20.0,optimal_decomposed,85.69322990000364,85.69250550000288,0.0,1,2,15462.571691668627,498.3322510884225,15960.90394275705,16237.094610416096,16735.42686150452,148381.1673064101,0.0,51.90774801040107,0.0,0.0,0.0,False,False,False
main,tv_dro_rho_0p01,tv_dro,2025-04-01,92,True,True,20,,0.01,0.7,20.0,optimal_decomposed,85.69322990000364,85.69250550000288,0.0,1,2,15462.571691668627,498.3322510884225,15960.90394275705,15037.689213059788,15536.02146414821,117757.39314727536,0.0,45.28451555512238,0.0,0.0,0.0,False,False,False
main,tv_dro_rho_0p01,tv_dro,2025-04-01,93,True,True,20,,0.01,0.7,20.0,optimal_decomposed,85.69322990000364,85.69250550000288,0.0,1,2,15462.571691668627,498.3322510884225,15960.90394275705,15222.030794701435,15720.363045789858,122108.73880262623,0.0,54.592058143582925,0.0,0.0,0.0,False,False,False
main,tv_dro_rho_0p01,tv_dro,2025-04-01,94,True,True,20,,0.01,0.7,20.0,optimal_decomposed,85.69322990000364,85.69250550000288,0.0,1,2,15462.571691668627,498.3322510884225,15960.90394275705,16379.255514198314,16877.587765286735,146711.35965585368,0.0,48.52393784915184,0.0,0.0,0.0,False,False,False
main,tv_dro_rho_0p01,tv_dro,2025-04-01,95,True,True,20,,0.01,0.7,20.0,optimal_decomposed,85.69322990000364,85.69250550000288,0.0,1,2,15462.571691668627,498.3322510884225,15960.90394275705,15348.183638797784,15846.515889886206,127822.09071021643,0.0,58.303188541551926,0.0,0.0,0.0,False,False,False
main,tv_dro_rho_0p01,tv_dro,2025-04-01,96,True,True,20,,0.01,0.7,20.0,optimal_decomposed,85.69322990000364,85.69250550000288,0.0,1,2,15462.571691668627,498.3322510884225,15960.90394275705,15599.053853003099,16097.386104091522,132795.775400246,0.0,51.0626178218705,0.0,0.0,0.0,False,False,False
main,tv_dro_rho_0p01,tv_dro,2025-04-01,97,True,True,20,,0.01,0.7,20.0,optimal_decomposed,85.69322990000364,85.69250550000288,0.0,1,2,15462.571691668627,498.3322510884225,15960.90394275705,15250.40035633704,15748.732607425463,137136.04062790948,0.9339882385335635,51.56755514530947,0.0,0.0,0.0,False,False,False
main,tv_dro_rho_0p01,tv_dro,2025-04-01,98,True,True,20,,0.01,0.7,20.0,optimal_decomposed,85.69322990000364,85.69250550000288,0.0,1,2,15462.571691668627,498.3322510884225,15960.90394275705,15938.439583178044,16436.771834266467,140402.75635764116,0.0,46.782790041058725,0.0,0.0,0.0,False,False,False
main,tv_dro_rho_0p01,tv_dro,2025-04-01,99,True,True,20,,0.01,0.7,20.0,optimal_decomposed,85.69322990000364,85.69250550000288,0.0,1,2,15462.571691668627,498.3322510884225,15960.90394275705,16297.045932387375,16795.378183475797,153711.9461093215,0.0,52.819045179212644,0.0,0.0,0.0,False,False,False
main,tv_dro_rho_0p01,tv_dro,2025-07-01,0,True,True,20,,0.01,0.7,20.0,optimal_decomposed,73.80147969999234,73.8008611999976,0.0,1,2,15865.460962360698,295.2709491819056,16160.731911542603,16692.204359912437,16987.47530909434,183236.39026317574,0.0,61.53312478670685,0.0,0.0,0.0,False,False,False
main,tv_dro_rho_0p01,tv_dro,2025-07-01,1,True,True,20,,0.01,0.7,20.0,optimal_decomposed,73.80147969999234,73.8008611999976,0.0,1,2,15865.460962360698,295.2709491819056,16160.731911542603,16293.25947819076,16588.530427372665,171551.68276559093,0.0,70.71754407655087,0.0,0.0,0.0,False,False,False
main,tv_dro_rho_0p01,tv_dro,2025-07-01,2,True,True,20,,0.01,0.7,20.0,optimal_decomposed,73.80147969999234,73.8008611999976,0.0,1,2,15865.460962360698,295.2709491819056,16160.731911542603,16170.592955406595,16465.8639045885,172360.73581035162,0.0,56.44857917601838,0.0,0.0,0.0,False,False,False
main,tv_dro_rho_0p01,tv_dro,2025-07-01,3,True,True,20,,0.01,0.7,20.0,optimal_decomposed,73.80147969999234,73.8008611999976,0.0,1,2,15865.460962360698,295.2709491819056,16160.731911542603,15513.773134070474,15809.04408325238,150547.46497282505,0.0059233729913729105,59.86203445339429,0.0,0.0,0.0,False,False,False
main,tv_dro_rho_0p01,tv_dro,2025-07-01,4,True,True,20,,0.01,0.7,20.0,optimal_decomposed,73.80147969999234,73.8008611999976,0.0,1,2,15865.460962360698,295.2709491819056,16160.731911542603,15139.011133669184,15434.28208285109,155469.46030960913,0.0,55.126646758792575,0.0,0.0,0.0,False,False,False
main,tv_dro_rho_0p01,tv_dro,2025-07-01,5,True,True,20,,0.01,0.7,20.0,optimal_decomposed,73.80147969999234,73.8008611999976,0.0,1,2,15865.460962360698,295.2709491819056,16160.731911542603,16249.661378175135,16544.93232735704,168217.85459949457,0.0,63.2433002617827,0.0,0.0,0.0,False,False,False
main,tv_dro_rho_0p01,tv_dro,2025-07-01,6,True,True,20,,0.01,0.7,20.0,optimal_decomposed,73.80147969999234,73.8008611999976,0.0,1,2,15865.460962360698,295.2709491819056,16160.731911542603,15908.397549264673,16203.66849844658,165035.55118169053,0.0,53.41497827379163,0.0,0.0,0.0,False,False,False
main,tv_dro_rho_0p01,tv_dro,2025-07-01,7,True,True,20,,0.01,0.7,20.0,optimal_decomposed,73.80147969999234,73.8008611999976,0.0,1,2,15865.460962360698,295.2709491819056,16160.731911542603,14972.109124919849,15267.380074101755,144426.80602145975,0.0,55.07476250100941,0.0,0.0,0.0,False,False,False
main,tv_dro_rho_0p01,tv_dro,2025-07-01,8,True,True,20,,0.01,0.7,20.0,optimal_decomposed,73.80147969999234,73.8008611999976,0.0,1,2,15865.460962360698,295.2709491819056,16160.731911542603,15443.437641145778,15738.708590327684,158355.2851326755,0.0,58.068042137691265,0.0,0.0,0.0,False,False,False
main,tv_dro_rho_0p01,tv_dro,2025-07-01,9,True,True,20,,0.01,0.7,20.0,optimal_decomposed,73.80147969999234,73.8008611999976,0.0,1,2,15865.460962360698,295.2709491819056,16160.731911542603,15802.78959717924,16098.060546361146,169461.12759288613,0.0,65.51360498132003,0.0,0.0,0.0,False,False,False
main,tv_dro_rho_0p01,tv_dro,2025-07-01,10,True,True,20,,0.01,0.7,20.0,optimal_decomposed,73.80147969999234,73.8008611999976,0.0,1,2,15865.460962360698,295.2709491819056,16160.731911542603,15793.086434443763,16088.35738362567,161473.6008904433,0.0,58.865456468742025,0.0,0.0,0.0,False,False,False
main,tv_dro_rho_0p01,tv_dro,2025-07-01,11,True,True,20,,0.01,0.7,20.0,optimal_decomposed,73.80147969999234,73.8008611999976,0.0,1,2,15865.460962360698,295.2709491819056,16160.731911542603,15403.475362495356,15698.746311677261,156758.83083414452,0.0,55.82676416239362,0.0,0.0,0.0,False,False,False
main,tv_dro_rho_0p01,tv_dro,2025-07-01,12,True,True,20,,0.01,0.7,20.0,optimal_decomposed,73.80147969999234,73.8008611999976,0.0,1,2,15865.460962360698,295.2709491819056,16160.731911542603,15907.295978342569,16202.566927524475,163428.25316525772,0.0,54.662580100433665,0.0,0.0,0.0,False,False,False
main,tv_dro_rho_0p01,tv_dro,2025-07-01,13,True,True,20,,0.01,0.7,20.0,optimal_decomposed,73.80147969999234,73.8008611999976,0.0,1,2,15865.460962360698,295.2709491819056,16160.731911542603,15723.35246466389,16018.623413845797,160281.5397818588,0.0,60.409282754150844,0.0,0.0,0.0,False,False,False
main,tv_dro_rho_0p01,tv_dro,2025-07-01,14,True,True,20,,0.01,0.7,20.0,optimal_decomposed,73.80147969999234,73.8008611999976,0.0,1,2,15865.460962360698,295.2709491819056,16160.731911542603,15756.230697782808,16051.501646964714,162381.2629425025,0.0,62.10233932143725,0.0,0.0,0.0,False,False,False
main,tv_dro_rho_0p01,tv_dro,2025-07-01,15,True,True,20,,0.01,0.7,20.0,optimal_decomposed,73.80147969999234,73.8008611999976,0.0,1,2,15865.460962360698,295.2709491819056,16160.731911542603,15654.823280095232,15950.094229277138,157969.88740954423,0.0,53.51689891678965,0.0,0.0,0.0,False,False,False
main,tv_dro_rho_0p01,tv_dro,2025-07-01,16,True,True,20,,0.01,0.7,20.0,optimal_decomposed,73.80147969999234,73.8008611999976,0.0,1,2,15865.460962360698,295.2709491819056,16160.731911542603,16479.31460984606,16774.585559027964,177775.87276268427,0.0,54.43594398004386,0.0,0.0,0.0,False,False,False
main,tv_dro_rho_0p01,tv_dro,2025-07-01,17,True,True,20,,0.01,0.7,20.0,optimal_decomposed,73.80147969999234,73.8008611999976,0.0,1,2,15865.460962360698,295.2709491819056,16160.731911542603,16429.98095530888,16725.251904490786,178168.9531525528,0.0,68.55149654680288,0.0,0.0,0.0,False,False,False
main,tv_dro_rho_0p01,tv_dro,2025-07-01,18,True,True,20,,0.01,0.7,20.0,optimal_decomposed,73.80147969999234,73.8008611999976,0.0,1,2,15865.460962360698,295.2709491819056,16160.731911542603,17316.703483373625,17611.97443255553,188876.69610630895,0.0,60.6547722059952,0.0,0.0,0.0,False,False,False
main,tv_dro_rho_0p01,tv_dro,2025-07-01,19,True,True,20,,0.01,0.7,20.0,optimal_decomposed,73.80147969999234,73.8008611999976,0.0,1,2,15865.460962360698,295.2709491819056,16160.731911542603,16853.619354055834,17148.89030323774,184290.35824092367,0.0,59.92140612067658,0.0,0.0,0.0,False,False,False
main,tv_dro_rho_0p01,tv_dro,2025-07-01,20,True,True,20,,0.01,0.7,20.0,optimal_decomposed,73.80147969999234,73.8008611999976,0.0,1,2,15865.460962360698,295.2709491819056,16160.731911542603,16449.911310749554,16745.18225993146,163384.98158120998,0.0,54.47239855838046,0.0,0.0,0.0,False,False,False
main,tv_dro_rho_0p01,tv_dro,2025-07-01,21,True,True,20,,0.01,0.7,20.0,optimal_decomposed,73.80147969999234,73.8008611999976,0.0,1,2,15865.460962360698,295.2709491819056,16160.731911542603,15450.610304686314,15745.88125386822,160014.85036356308,0.023730426668398807,53.79047589467443,0.0,0.0,0.0,False,False,False
main,tv_dro_rho_0p01,tv_dro,2025-07-01,22,True,True,20,,0.01,0.7,20.0,optimal_decomposed,73.80147969999234,73.8008611999976,0.0,1,2,15865.460962360698,295.2709491819056,16160.731911542603,16210.904267403082,16506.175216584987,171560.5826122666,0.0,55.910380899675026,0.0,0.0,0.0,False,False,False
main,tv_dro_rho_0p01,tv_dro,2025-07-01,23,True,True,20,,0.01,0.7,20.0,optimal_decomposed,73.80147969999234,73.8008611999976,0.0,1,2,15865.460962360698,295.2709491819056,16160.731911542603,17665.35031717768,17960.621266359583,193371.1997663821,0.0,57.57391756129215,0.0,0.0,0.0,False,False,False
main,tv_dro_rho_0p01,tv_dro,2025-07-01,24,True,True,20,,0.01,0.7,20.0,optimal_decomposed,73.80147969999234,73.8008611999976,0.0,1,2,15865.460962360698,295.2709491819056,16160.731911542603,16410.007139267556,16705.27808844946,174654.99321867444,0.0,65.18212693575605,0.0,0.0,0.0,False,False,False
main,tv_dro_rho_0p01,tv_dro,2025-07-01,25,True,True,20,,0.01,0.7,20.0,optimal_decomposed,73.80147969999234,73.8008611999976,0.0,1,2,15865.460962360698,295.2709491819056,16160.731911542603,16658.497682651945,16953.76863183385,182649.24768101686,0.0,51.62222491386947,0.0,0.0,0.0,False,False,False
main,tv_dro_rho_0p01,tv_dro,2025-07-01,26,True,True,20,,0.01,0.7,20.0,optimal_decomposed,73.80147969999234,73.8008611999976,0.0,1,2,15865.460962360698,295.2709491819056,16160.731911542603,15785.088475861714,16080.35942504362,167597.7296845113,0.0,65.11865604282256,0.0,0.0,0.0,False,False,False
main,tv_dro_rho_0p01,tv_dro,2025-07-01,27,True,True,20,,0.01,0.7,20.0,optimal_decomposed,73.80147969999234,73.8008611999976,0.0,1,2,15865.460962360698,295.2709491819056,16160.731911542603,16137.305868818932,16432.576818000838,169126.1707791217,0.0,66.30097030768387,0.0,0.0,0.0,False,False,False
main,tv_dro_rho_0p01,tv_dro,2025-07-01,28,True,True,20,,0.01,0.7,20.0,optimal_decomposed,73.80147969999234,73.8008611999976,0.0,1,2,15865.460962360698,295.2709491819056,16160.731911542603,16237.127732572548,16532.398681754454,171172.21853166225,0.0,47.584237415953275,0.0,0.0,0.0,False,False,False
main,tv_dro_rho_0p01,tv_dro,2025-07-01,29,True,True,20,,0.01,0.7,20.0,optimal_decomposed,73.80147969999234,73.8008611999976,0.0,1,2,15865.460962360698,295.2709491819056,16160.731911542603,16202.20087120805,16497.471820389954,165575.8288366595,0.0,48.09272039804525,0.0,0.0,0.0,False,False,False
main,tv_dro_rho_0p01,tv_dro,2025-07-01,30,True,True,20,,0.01,0.7,20.0,optimal_decomposed,73.80147969999234,73.8008611999976,0.0,1,2,15865.460962360698,295.2709491819056,16160.731911542603,16021.604524187036,16316.875473368942,161114.14439143846,0.0551526838839298,55.89148020370637,0.0,0.0,0.0,False,False,False
main,tv_dro_rho_0p01,tv_dro,2025-07-01,31,True,True,20,,0.01,0.7,20.0,optimal_decomposed,73.80147969999234,73.8008611999976,0.0,1,2,15865.460962360698,295.2709491819056,16160.731911542603,16070.830650918993,16366.1016001009,175304.93324302085,-6.010402555638668e-07,64.06921287347339,0.0,0.0,0.0,False,False,False
main,tv_dro_rho_0p01,tv_dro,2025-07-01,32,True,True,20,,0.01,0.7,20.0,optimal_decomposed,73.80147969999234,73.8008611999976,0.0,1,2,15865.460962360698,295.2709491819056,16160.731911542603,16394.797043534807,16690.06799271671,170696.01979188318,0.0,60.947536233019036,0.0,0.0,0.0,False,False,False
main,tv_dro_rho_0p01,tv_dro,2025-07-01,33,True,True,20,,0.01,0.7,20.0,optimal_decomposed,73.80147969999234,73.8008611999976,0.0,1,2,15865.460962360698,295.2709491819056,16160.731911542603,15761.413622313632,16056.684571495538,162358.56865218247,0.0,70.75270799144357,0.0,0.0,0.0,False,False,False
main,tv_dro_rho_0p01,tv_dro,2025-07-01,34,True,True,20,,0.01,0.7,20.0,optimal_decomposed,73.80147969999234,73.8008611999976,0.0,1,2,15865.460962360698,295.2709491819056,16160.731911542603,15491.038471475462,15786.309420657368,166950.3746697602,0.0005408753530088961,62.43683160096535,0.0,0.0,0.0,False,False,False
main,tv_dro_rho_0p01,tv_dro,2025-07-01,35,True,True,20,,0.01,0.7,20.0,optimal_decomposed,73.80147969999234,73.8008611999976,0.0,1,2,15865.460962360698,295.2709491819056,16160.731911542603,16414.442812917416,16709.71376209932,168537.2384011982,0.0,61.65087891847944,0.0,0.0,0.0,False,False,False
main,tv_dro_rho_0p01,tv_dro,2025-07-01,36,True,True,20,,0.01,0.7,20.0,optimal_decomposed,73.80147969999234,73.8008611999976,0.0,1,2,15865.460962360698,295.2709491819056,16160.731911542603,15856.148118578561,16151.419067760467,157898.65566707004,0.3048835833799613,67.86694483992046,0.0,0.0,0.0,False,False,False
main,tv_dro_rho_0p01,tv_dro,2025-07-01,37,True,True,20,,0.01,0.7,20.0,optimal_decomposed,73.80147969999234,73.8008611999976,0.0,1,2,15865.460962360698,295.2709491819056,16160.731911542603,15080.967087027067,15376.238036208973,148296.1207529062,0.006177002736696358,46.07245652569164,0.0,0.0,0.0,False,False,False
main,tv_dro_rho_0p01,tv_dro,2025-07-01,38,True,True,20,,0.01,0.7,20.0,optimal_decomposed,73.80147969999234,73.8008611999976,0.0,1,2,15865.460962360698,295.2709491819056,16160.731911542603,15682.016011470721,15977.286960652627,159987.6873337559,0.0,52.30846350594334,0.0,0.0,0.0,False,False,False
main,tv_dro_rho_0p01,tv_dro,2025-07-01,39,True,True,20,,0.01,0.7,20.0,optimal_decomposed,73.80147969999234,73.8008611999976,0.0,1,2,15865.460962360698,295.2709491819056,16160.731911542603,15675.808330250813,15971.079279432719,160512.1968084041,0.0,50.65707954664966,0.0,0.0,0.0,False,False,False
main,tv_dro_rho_0p01,tv_dro,2025-07-01,40,True,True,20,,0.01,0.7,20.0,optimal_decomposed,73.80147969999234,73.8008611999976,0.0,1,2,15865.460962360698,295.2709491819056,16160.731911542603,15658.693411935848,15953.964361117754,156704.8089662351,0.0,53.8221500689356,0.0,0.0,0.0,False,False,False
main,tv_dro_rho_0p01,tv_dro,2025-07-01,41,True,True,20,,0.01,0.7,20.0,optimal_decomposed,73.80147969999234,73.8008611999976,0.0,1,2,15865.460962360698,295.2709491819056,16160.731911542603,16136.142478348069,16431.413427529973,168962.88515762915,0.0,44.65867118408551,0.0,0.0,0.0,False,False,False
main,tv_dro_rho_0p01,tv_dro,2025-07-01,42,True,True,20,,0.01,0.7,20.0,optimal_decomposed,73.80147969999234,73.8008611999976,0.0,1,2,15865.460962360698,295.2709491819056,16160.731911542603,17571.88757819855,17867.158527380456,199692.6723645878,0.0,63.08765674766023,0.0,0.0,0.0,False,False,False
main,tv_dro_rho_0p01,tv_dro,2025-07-01,43,True,True,20,,0.01,0.7,20.0,optimal_decomposed,73.80147969999234,73.8008611999976,0.0,1,2,15865.460962360698,295.2709491819056,16160.731911542603,16222.190110219415,16517.46105940132,174804.07314159613,0.0,59.17815044043089,0.0,0.0,0.0,False,False,False
main,tv_dro_rho_0p01,tv_dro,2025-07-01,44,True,True,20,,0.01,0.7,20.0,optimal_decomposed,73.80147969999234,73.8008611999976,0.0,1,2,15865.460962360698,295.2709491819056,16160.731911542603,16201.696503706844,16496.967452888748,174759.85651065267,0.0,59.986462222382386,0.0,0.0,0.0,False,False,False
main,tv_dro_rho_0p01,tv_dro,2025-07-01,45,True,True,20,,0.01,0.7,20.0,optimal_decomposed,73.80147969999234,73.8008611999976,0.0,1,2,15865.460962360698,295.2709491819056,16160.731911542603,16444.098106803343,16739.369055985248,172260.51482359576,0.09545277690393977,65.71879858277909,0.0,0.0,0.0,False,False,False
main,tv_dro_rho_0p01,tv_dro,2025-07-01,46,True,True,20,,0.01,0.7,20.0,optimal_decomposed,73.80147969999234,73.8008611999976,0.0,1,2,15865.460962360698,295.2709491819056,16160.731911542603,15662.991745466017,15958.262694647923,157594.54434525565,0.0,59.97274608561521,0.0,0.0,0.0,False,False,False
main,tv_dro_rho_0p01,tv_dro,2025-07-01,47,True,True,20,,0.01,0.7,20.0,optimal_decomposed,73.80147969999234,73.8008611999976,0.0,1,2,15865.460962360698,295.2709491819056,16160.731911542603,16395.22297133395,16690.493920515855,165660.8249277397,0.0,58.53844038383518,0.0,0.0,0.0,False,False,False
main,tv_dro_rho_0p01,tv_dro,2025-07-01,48,True,True,20,,0.01,0.7,20.0,optimal_decomposed,73.80147969999234,73.8008611999976,0.0,1,2,15865.460962360698,295.2709491819056,16160.731911542603,15795.439463207396,16090.710412389302,170715.74974600974,0.0,60.262944218564705,0.0,0.0,0.0,False,False,False
main,tv_dro_rho_0p01,tv_dro,2025-07-01,49,True,True,20,,0.01,0.7,20.0,optimal_decomposed,73.80147969999234,73.8008611999976,0.0,1,2,15865.460962360698,295.2709491819056,16160.731911542603,16479.028826947175,16774.29977612908,174176.7673276322,0.0,66.23734292483807,0.0,0.0,0.0,False,False,False
main,tv_dro_rho_0p01,tv_dro,2025-07-01,50,True,True,20,,0.01,0.7,20.0,optimal_decomposed,73.80147969999234,73.8008611999976,0.0,1,2,15865.460962360698,295.2709491819056,16160.731911542603,15617.421140646513,15912.692089828419,159316.2998718223,0.0,62.63079902500946,0.0,0.0,0.0,False,False,False
main,tv_dro_rho_0p01,tv_dro,2025-07-01,51,True,True,20,,0.01,0.7,20.0,optimal_decomposed,73.80147969999234,73.8008611999976,0.0,1,2,15865.460962360698,295.2709491819056,16160.731911542603,15839.301765515485,16134.572714697391,169571.25293466548,0.0,62.729879702855186,0.0,0.0,0.0,False,False,False
main,tv_dro_rho_0p01,tv_dro,2025-07-01,52,True,True,20,,0.01,0.7,20.0,optimal_decomposed,73.80147969999234,73.8008611999976,0.0,1,2,15865.460962360698,295.2709491819056,16160.731911542603,15731.622100703615,16026.89304988552,157863.6991306456,0.0,64.56349786340203,0.0,0.0,0.0,False,False,False
main,tv_dro_rho_0p01,tv_dro,2025-07-01,53,True,True,20,,0.01,0.7,20.0,optimal_decomposed,73.80147969999234,73.8008611999976,0.0,1,2,15865.460962360698,295.2709491819056,16160.731911542603,15179.564050673142,15474.834999855047,151001.79229883823,0.0,52.844426086182715,0.0,0.0,0.0,False,False,False
main,tv_dro_rho_0p01,tv_dro,2025-07-01,54,True,True,20,,0.01,0.7,20.0,optimal_decomposed,73.80147969999234,73.8008611999976,0.0,1,2,15865.460962360698,295.2709491819056,16160.731911542603,16430.66875441266,16725.939703594566,173853.73940708532,0.0,57.0508729813414,0.0,0.0,0.0,False,False,False
main,tv_dro_rho_0p01,tv_dro,2025-07-01,55,True,True,20,,0.01,0.7,20.0,optimal_decomposed,73.80147969999234,73.8008611999976,0.0,1,2,15865.460962360698,295.2709491819056,16160.731911542603,16223.392943396278,16518.663892578184,175078.59740914527,0.0,63.587192120552935,0.0,0.0,0.0,False,False,False
main,tv_dro_rho_0p01,tv_dro,2025-07-01,56,True,True,20,,0.01,0.7,20.0,optimal_decomposed,73.80147969999234,73.8008611999976,0.0,1,2,15865.460962360698,295.2709491819056,16160.731911542603,16181.300478766372,16476.571427948278,175699.37653305565,0.0,51.388794380934954,0.0,0.0,0.0,False,False,False
main,tv_dro_rho_0p01,tv_dro,2025-07-01,57,True,True,20,,0.01,0.7,20.0,optimal_decomposed,73.80147969999234,73.8008611999976,0.0,1,2,15865.460962360698,295.2709491819056,16160.731911542603,15443.651886227688,15738.922835409594,149949.56709048798,0.0,55.87292838703664,0.0,0.0,0.0,False,False,False
main,tv_dro_rho_0p01,tv_dro,2025-07-01,58,True,True,20,,0.01,0.7,20.0,optimal_decomposed,73.80147969999234,73.8008611999976,0.0,1,2,15865.460962360698,295.2709491819056,16160.731911542603,16182.010601341119,16477.281550523025,171394.04294754265,0.0,63.34499798062282,0.0,0.0,0.0,False,False,False
main,tv_dro_rho_0p01,tv_dro,2025-07-01,59,True,True,20,,0.01,0.7,20.0,optimal_decomposed,73.80147969999234,73.8008611999976,0.0,1,2,15865.460962360698,295.2709491819056,16160.731911542603,15766.044777179122,16061.315726361028,163712.69340039237,0.0002511653681843973,60.13066395504896,0.0,0.0,0.0,False,False,False
main,tv_dro_rho_0p01,tv_dro,2025-07-01,60,True,True,20,,0.01,0.7,20.0,optimal_decomposed,73.80147969999234,73.8008611999976,0.0,1,2,15865.460962360698,295.2709491819056,16160.731911542603,16047.659372402539,16342.930321584445,170660.6130547234,0.0,59.75646652145951,0.0,0.0,0.0,False,False,False
main,tv_dro_rho_0p01,tv_dro,2025-07-01,61,True,True,20,,0.01,0.7,20.0,optimal_decomposed,73.80147969999234,73.8008611999976,0.0,1,2,15865.460962360698,295.2709491819056,16160.731911542603,15918.901397063692,16214.172346245598,170728.5190259002,0.0,49.45302312740822,0.0,0.0,0.0,False,False,False
main,tv_dro_rho_0p01,tv_dro,2025-07-01,62,True,True,20,,0.01,0.7,20.0,optimal_decomposed,73.80147969999234,73.8008611999976,0.0,1,2,15865.460962360698,295.2709491819056,16160.731911542603,16369.473966828024,16664.744916009928,175984.3895774331,0.0,62.979806067799494,0.0,0.0,0.0,False,False,False
main,tv_dro_rho_0p01,tv_dro,2025-07-01,63,True,True,20,,0.01,0.7,20.0,optimal_decomposed,73.80147969999234,73.8008611999976,0.0,1,2,15865.460962360698,295.2709491819056,16160.731911542603,15828.963803669665,16124.234752851571,158450.6506127373,0.0,67.27099551702973,0.0,0.0,0.0,False,False,False
main,tv_dro_rho_0p01,tv_dro,2025-07-01,64,True,True,20,,0.01,0.7,20.0,optimal_decomposed,73.80147969999234,73.8008611999976,0.0,1,2,15865.460962360698,295.2709491819056,16160.731911542603,15872.381880579722,16167.652829761628,156740.76615100307,0.0,53.3400880890653,0.0,0.0,0.0,False,False,False
main,tv_dro_rho_0p01,tv_dro,2025-07-01,65,True,True,20,,0.01,0.7,20.0,optimal_decomposed,73.80147969999234,73.8008611999976,0.0,1,2,15865.460962360698,295.2709491819056,16160.731911542603,16714.393702199668,17009.664651381572,175446.19568591216,0.0,60.02888252714732,0.0,0.0,0.0,False,False,False
main,tv_dro_rho_0p01,tv_dro,2025-07-01,66,True,True,20,,0.01,0.7,20.0,optimal_decomposed,73.80147969999234,73.8008611999976,0.0,1,2,15865.460962360698,295.2709491819056,16160.731911542603,15782.015814105947,16077.286763287853,167157.22474642267,0.0,68.746852791552,0.0,0.0,0.0,False,False,False
main,tv_dro_rho_0p01,tv_dro,2025-07-01,67,True,True,20,,0.01,0.7,20.0,optimal_decomposed,73.80147969999234,73.8008611999976,0.0,1,2,15865.460962360698,295.2709491819056,16160.731911542603,16711.84074240796,17007.111691589864,183321.07294536202,0.0,55.30361788693352,0.0,0.0,0.0,False,False,False
main,tv_dro_rho_0p01,tv_dro,2025-07-01,68,True,True,20,,0.01,0.7,20.0,optimal_decomposed,73.80147969999234,73.8008611999976,0.0,1,2,15865.460962360698,295.2709491819056,16160.731911542603,15510.886169009013,15806.157118190918,160514.5448017203,0.0,59.26845013684185,0.0,0.0,0.0,False,False,False
main,tv_dro_rho_0p01,tv_dro,2025-07-01,69,True,True,20,,0.01,0.7,20.0,optimal_decomposed,73.80147969999234,73.8008611999976,0.0,1,2,15865.460962360698,295.2709491819056,16160.731911542603,16511.612380944738,16806.883330126642,168162.10612500634,0.0,61.24667846503212,0.0,0.0,0.0,False,False,False
main,tv_dro_rho_0p01,tv_dro,2025-07-01,70,True,True,20,,0.01,0.7,20.0,optimal_decomposed,73.80147969999234,73.8008611999976,0.0,1,2,15865.460962360698,295.2709491819056,16160.731911542603,15932.87215560417,16228.143104786075,165655.16533549168,0.0749356408379579,63.35528802977301,0.0,0.0,0.0,False,False,False
main,tv_dro_rho_0p01,tv_dro,2025-07-01,71,True,True,20,,0.01,0.7,20.0,optimal_decomposed,73.80147969999234,73.8008611999976,0.0,1,2,15865.460962360698,295.2709491819056,16160.731911542603,16178.088615558863,16473.359564740767,177068.42254384246,0.0,69.68415056325007,0.0,0.0,0.0,False,False,False
main,tv_dro_rho_0p01,tv_dro,2025-07-01,72,True,True,20,,0.01,0.7,20.0,optimal_decomposed,73.80147969999234,73.8008611999976,0.0,1,2,15865.460962360698,295.2709491819056,16160.731911542603,16438.259258491376,16733.53020767328,176276.08489377305,0.0,64.27038145058155,0.0,0.0,0.0,False,False,False
main,tv_dro_rho_0p01,tv_dro,2025-07-01,73,True,True,20,,0.01,0.7,20.0,optimal_decomposed,73.80147969999234,73.8008611999976,0.0,1,2,15865.460962360698,295.2709491819056,16160.731911542603,17390.94804421174,17686.218993393642,197768.73401070206,0.0,61.47137781424729,0.0,0.0,0.0,False,False,False
main,tv_dro_rho_0p01,tv_dro,2025-07-01,74,True,True,20,,0.01,0.7,20.0,optimal_decomposed,73.80147969999234,73.8008611999976,0.0,1,2,15865.460962360698,295.2709491819056,16160.731911542603,17719.940410158124,18015.211359340028,200566.754613813,0.0,64.1812073605113,0.0,0.0,0.0,False,False,False
main,tv_dro_rho_0p01,tv_dro,2025-07-01,75,True,True,20,,0.01,0.7,20.0,optimal_decomposed,73.80147969999234,73.8008611999976,0.0,1,2,15865.460962360698,295.2709491819056,16160.731911542603,16327.554288390753,16622.82523757266,172534.64293988908,0.0,56.867233629857516,0.0,0.0,0.0,False,False,False
main,tv_dro_rho_0p01,tv_dro,2025-07-01,76,True,True,20,,0.01,0.7,20.0,optimal_decomposed,73.80147969999234,73.8008611999976,0.0,1,2,15865.460962360698,295.2709491819056,16160.731911542603,16100.565043180646,16395.83599236255,169307.5659780946,0.0,57.38288409944169,0.0,0.0,0.0,False,False,False
main,tv_dro_rho_0p01,tv_dro,2025-07-01,77,True,True,20,,0.01,0.7,20.0,optimal_decomposed,73.80147969999234,73.8008611999976,0.0,1,2,15865.460962360698,295.2709491819056,16160.731911542603,16452.396201443426,16747.66715062533,173203.1894720174,0.0,54.71553594588509,0.0,0.0,0.0,False,False,False
main,tv_dro_rho_0p01,tv_dro,2025-07-01,78,True,True,20,,0.01,0.7,20.0,optimal_decomposed,73.80147969999234,73.8008611999976,0.0,1,2,15865.460962360698,295.2709491819056,16160.731911542603,15504.582711149524,15799.85366033143,162992.32219975523,0.0,63.15634171152892,0.0,0.0,0.0,False,False,False
main,tv_dro_rho_0p01,tv_dro,2025-07-01,79,True,True,20,,0.01,0.7,20.0,optimal_decomposed,73.80147969999234,73.8008611999976,0.0,1,2,15865.460962360698,295.2709491819056,16160.731911542603,16478.568116069695,16773.8390652516,178272.7938736681,0.0,54.83951798539578,0.0,0.0,0.0,False,False,False
main,tv_dro_rho_0p01,tv_dro,2025-07-01,80,True,True,20,,0.01,0.7,20.0,optimal_decomposed,73.80147969999234,73.8008611999976,0.0,1,2,15865.460962360698,295.2709491819056,16160.731911542603,16221.391927172406,16516.662876354312,171026.87767056233,0.0,55.36031568502855,0.0,0.0,0.0,False,False,False
main,tv_dro_rho_0p01,tv_dro,2025-07-01,81,True,True,20,,0.01,0.7,20.0,optimal_decomposed,73.80147969999234,73.8008611999976,0.0,1,2,15865.460962360698,295.2709491819056,16160.731911542603,15593.820172570931,15889.091121752837,158017.84636789007,0.0,67.88050934106575,0.0,0.0,0.0,False,False,False
main,tv_dro_rho_0p01,tv_dro,2025-07-01,82,True,True,20,,0.01,0.7,20.0,optimal_decomposed,73.80147969999234,73.8008611999976,0.0,1,2,15865.460962360698,295.2709491819056,16160.731911542603,16120.599392618833,16415.87034180074,167756.78677017614,0.0,48.78315396914754,0.0,0.0,0.0,False,False,False
main,tv_dro_rho_0p01,tv_dro,2025-07-01,83,True,True,20,,0.01,0.7,20.0,optimal_decomposed,73.80147969999234,73.8008611999976,0.0,1,2,15865.460962360698,295.2709491819056,16160.731911542603,16591.228552687597,16886.4995018695,181965.81462936237,0.0,56.410797039758855,0.0,0.0,0.0,False,False,False
main,tv_dro_rho_0p01,tv_dro,2025-07-01,84,True,True,20,,0.01,0.7,20.0,optimal_decomposed,73.80147969999234,73.8008611999976,0.0,1,2,15865.460962360698,295.2709491819056,16160.731911542603,16541.53268734336,16836.803636525263,178785.21235521595,0.0,54.36661556558826,0.0,0.0,0.0,False,False,False
main,tv_dro_rho_0p01,tv_dro,2025-07-01,85,True,True,20,,0.01,0.7,20.0,optimal_decomposed,73.80147969999234,73.8008611999976,0.0,1,2,15865.460962360698,295.2709491819056,16160.731911542603,16315.261613162878,16610.532562344782,163264.6028733562,0.0,67.6690207996516,0.0,0.0,0.0,False,False,False
main,tv_dro_rho_0p01,tv_dro,2025-07-01,86,True,True,20,,0.01,0.7,20.0,optimal_decomposed,73.80147969999234,73.8008611999976,0.0,1,2,15865.460962360698,295.2709491819056,16160.731911542603,16878.699696465665,17173.97064564757,187748.23288579955,0.0,52.93441462461134,0.0,0.0,0.0,False,False,False
main,tv_dro_rho_0p01,tv_dro,2025-07-01,87,True,True,20,,0.01,0.7,20.0,optimal_decomposed,73.80147969999234,73.8008611999976,0.0,1,2,15865.460962360698,295.2709491819056,16160.731911542603,16215.983525425116,16511.25447460702,172566.5579298273,0.0,61.58456344540395,0.0,0.0,0.0,False,False,False
main,tv_dro_rho_0p01,tv_dro,2025-07-01,88,True,True,20,,0.01,0.7,20.0,optimal_decomposed,73.80147969999234,73.8008611999976,0.0,1,2,15865.460962360698,295.2709491819056,16160.731911542603,16215.37410951657,16510.645058698476,165815.37834603465,0.0,65.51564117377188,0.0,0.0,0.0,False,False,False
main,tv_dro_rho_0p01,tv_dro,2025-07-01,89,True,True,20,,0.01,0.7,20.0,optimal_decomposed,73.80147969999234,73.8008611999976,0.0,1,2,15865.460962360698,295.2709491819056,16160.731911542603,16660.848070460983,16956.119019642887,176910.08751552334,0.0,58.665850734305465,0.0,0.0,0.0,False,False,False
main,tv_dro_rho_0p01,tv_dro,2025-07-01,90,True,True,20,,0.01,0.7,20.0,optimal_decomposed,73.80147969999234,73.8008611999976,0.0,1,2,15865.460962360698,295.2709491819056,16160.731911542603,15550.94412635968,15846.215075541586,159063.76955545903,0.0,64.290220059022,0.0,0.0,0.0,False,False,False
main,tv_dro_rho_0p01,tv_dro,2025-07-01,91,True,True,20,,0.01,0.7,20.0,optimal_decomposed,73.80147969999234,73.8008611999976,0.0,1,2,15865.460962360698,295.2709491819056,16160.731911542603,16678.115340278866,16973.38628946077,183457.4469683931,0.0,55.71461445172422,0.0,0.0,0.0,False,False,False
main,tv_dro_rho_0p01,tv_dro,2025-07-01,92,True,True,20,,0.01,0.7,20.0,optimal_decomposed,73.80147969999234,73.8008611999976,0.0,1,2,15865.460962360698,295.2709491819056,16160.731911542603,15255.830774109318,15551.101723291224,149678.24351493546,0.0,47.135303304554775,0.0,0.0,0.0,False,False,False
main,tv_dro_rho_0p01,tv_dro,2025-07-01,93,True,True,20,,0.01,0.7,20.0,optimal_decomposed,73.80147969999234,73.8008611999976,0.0,1,2,15865.460962360698,295.2709491819056,16160.731911542603,15331.912659953172,15627.183609135078,154242.67208243342,0.0,60.79770960646174,0.0,0.0,0.0,False,False,False
main,tv_dro_rho_0p01,tv_dro,2025-07-01,94,True,True,20,,0.01,0.7,20.0,optimal_decomposed,73.80147969999234,73.8008611999976,0.0,1,2,15865.460962360698,295.2709491819056,16160.731911542603,16667.402922883117,16962.67387206502,181254.85959234773,0.0,53.18602868216354,0.0,0.0,0.0,False,False,False
main,tv_dro_rho_0p01,tv_dro,2025-07-01,95,True,True,20,,0.01,0.7,20.0,optimal_decomposed,73.80147969999234,73.8008611999976,0.0,1,2,15865.460962360698,295.2709491819056,16160.731911542603,15966.509971603877,16261.780920785783,160858.52222072677,0.00956274732632198,60.89988323768797,0.0,0.0,0.0,False,False,False
main,tv_dro_rho_0p01,tv_dro,2025-07-01,96,True,True,20,,0.01,0.7,20.0,optimal_decomposed,73.80147969999234,73.8008611999976,0.0,1,2,15865.460962360698,295.2709491819056,16160.731911542603,16149.823911626116,16445.09486080802,166222.7729319154,0.0,53.101518879248154,0.0,0.0,0.0,False,False,False
main,tv_dro_rho_0p01,tv_dro,2025-07-01,97,True,True,20,,0.01,0.7,20.0,optimal_decomposed,73.80147969999234,73.8008611999976,0.0,1,2,15865.460962360698,295.2709491819056,16160.731911542603,15717.50516278361,16012.776111965515,170584.07089489442,0.0,57.890391143192375,0.0,0.0,0.0,False,False,False
main,tv_dro_rho_0p01,tv_dro,2025-07-01,98,True,True,20,,0.01,0.7,20.0,optimal_decomposed,73.80147969999234,73.8008611999976,0.0,1,2,15865.460962360698,295.2709491819056,16160.731911542603,16184.209623455023,16479.480572636927,175783.80530207066,0.0,46.81789456160791,0.0,0.0,0.0,False,False,False
main,tv_dro_rho_0p01,tv_dro,2025-07-01,99,True,True,20,,0.01,0.7,20.0,optimal_decomposed,73.80147969999234,73.8008611999976,0.0,1,2,15865.460962360698,295.2709491819056,16160.731911542603,16802.69990266454,17097.970851846443,189741.32393104545,0.0,59.60046799341467,0.0,0.0,0.0,False,False,False
main,tv_dro_rho_0p01,tv_dro,2025-10-01,0,True,True,20,,0.01,0.7,20.0,optimal_decomposed,74.69404309999663,74.6932325999951,0.0,1,2,16307.664624421883,533.9055933035839,16841.570217725468,17195.211567824997,17729.117161128583,209232.4229575454,0.1681910614521135,55.60576016980143,0.0,0.0,0.0,False,False,False
main,tv_dro_rho_0p01,tv_dro,2025-10-01,1,True,True,20,,0.01,0.7,20.0,optimal_decomposed,74.69404309999663,74.6932325999951,0.0,1,2,16307.664624421883,533.9055933035839,16841.570217725468,16619.038304337715,17152.9438976413,198845.33094422313,0.03337896532133011,65.38631948246696,0.0,0.0,0.0,False,False,False
main,tv_dro_rho_0p01,tv_dro,2025-10-01,2,True,True,20,,0.01,0.7,20.0,optimal_decomposed,74.69404309999663,74.6932325999951,0.0,1,2,16307.664624421883,533.9055933035839,16841.570217725468,16591.14065741261,17125.046250716194,197937.630052808,0.006836591129299047,50.521806486043005,0.0,0.0,0.0,False,False,False
main,tv_dro_rho_0p01,tv_dro,2025-10-01,3,True,True,20,,0.01,0.7,20.0,optimal_decomposed,74.69404309999663,74.6932325999951,0.0,1,2,16307.664624421883,533.9055933035839,16841.570217725468,15625.62643043784,16159.532023741423,175057.24469596287,0.10154201953521413,57.668367722132906,0.0,0.0,0.0,False,False,False
main,tv_dro_rho_0p01,tv_dro,2025-10-01,4,True,True,20,,0.01,0.7,20.0,optimal_decomposed,74.69404309999663,74.6932325999951,0.0,1,2,16307.664624421883,533.9055933035839,16841.570217725468,15991.790989078901,16525.696582382487,179327.6339472988,0.114373721387667,49.739279993536165,0.0,0.0,0.0,False,False,False
main,tv_dro_rho_0p01,tv_dro,2025-10-01,5,True,True,20,,0.01,0.7,20.0,optimal_decomposed,74.69404309999663,74.6932325999951,0.0,1,2,16307.664624421883,533.9055933035839,16841.570217725468,16429.967337482463,16963.87293078605,193883.51644595462,0.0,57.64880580559792,0.0,0.0,0.0,False,False,False
main,tv_dro_rho_0p01,tv_dro,2025-10-01,6,True,True,20,,0.01,0.7,20.0,optimal_decomposed,74.69404309999663,74.6932325999951,0.0,1,2,16307.664624421883,533.9055933035839,16841.570217725468,16291.77603115851,16825.681624462093,190154.288059904,0.011602290024814332,47.14265281196725,0.0,0.0,0.0,False,False,False
main,tv_dro_rho_0p01,tv_dro,2025-10-01,7,True,True,20,,0.01,0.7,20.0,optimal_decomposed,74.69404309999663,74.6932325999951,0.0,1,2,16307.664624421883,533.9055933035839,16841.570217725468,15542.545891704678,16076.451485008261,168565.19322138233,0.0,51.31455868456823,0.0,0.0,0.0,False,False,False
main,tv_dro_rho_0p01,tv_dro,2025-10-01,8,True,True,20,,0.01,0.7,20.0,optimal_decomposed,74.69404309999663,74.6932325999951,0.0,1,2,16307.664624421883,533.9055933035839,16841.570217725468,16256.272067135771,16790.177660439356,182832.37890342795,0.16285858554016985,52.76754518839955,0.0,0.0,0.0,False,False,False
main,tv_dro_rho_0p01,tv_dro,2025-10-01,9,True,True,20,,0.01,0.7,20.0,optimal_decomposed,74.69404309999663,74.6932325999951,0.0,1,2,16307.664624421883,533.9055933035839,16841.570217725468,16276.885159011239,16810.790752314824,196191.2639948517,0.12736679441941,61.38932603477513,0.0,0.0,0.0,False,False,False
main,tv_dro_rho_0p01,tv_dro,2025-10-01,10,True,True,20,,0.01,0.7,20.0,optimal_decomposed,74.69404309999663,74.6932325999951,0.0,1,2,16307.664624421883,533.9055933035839,16841.570217725468,16137.180011332614,16671.0856046362,187445.76884772585,0.0,56.840833013693505,0.0,0.0,0.0,False,False,False
main,tv_dro_rho_0p01,tv_dro,2025-10-01,11,True,True,20,,0.01,0.7,20.0,optimal_decomposed,74.69404309999663,74.6932325999951,0.0,1,2,16307.664624421883,533.9055933035839,16841.570217725468,15963.218486644697,16497.12407994828,182474.76301324504,0.04172372366454247,47.91125737080063,0.0,0.0,0.0,False,False,False
main,tv_dro_rho_0p01,tv_dro,2025-10-01,12,True,True,20,,0.01,0.7,20.0,optimal_decomposed,74.69404309999663,74.6932325999951,0.0,1,2,16307.664624421883,533.9055933035839,16841.570217725468,16057.753716276824,16591.65930958041,189128.5660544286,0.003971227248753734,50.544966209403725,0.0,0.0,0.0,False,False,False
main,tv_dro_rho_0p01,tv_dro,2025-10-01,13,True,True,20,,0.01,0.7,20.0,optimal_decomposed,74.69404309999663,74.6932325999951,0.0,1,2,16307.664624421883,533.9055933035839,16841.570217725468,16203.56961803496,16737.475211338544,187047.12022558347,0.051822929598477646,57.93898245845619,0.0,0.0,0.0,False,False,False
main,tv_dro_rho_0p01,tv_dro,2025-10-01,14,True,True,20,,0.01,0.7,20.0,optimal_decomposed,74.69404309999663,74.6932325999951,0.0,1,2,16307.664624421883,533.9055933035839,16841.570217725468,16324.685057968107,16858.59065127169,187867.3302910252,0.0,52.032281012762496,0.0,0.0,0.0,False,False,False
main,tv_dro_rho_0p01,tv_dro,2025-10-01,15,True,True,20,,0.01,0.7,20.0,optimal_decomposed,74.69404309999663,74.6932325999951,0.0,1,2,16307.664624421883,533.9055933035839,16841.570217725468,16126.988322830115,16660.8939161337,184730.6849384457,0.02348379038874207,45.766844168017435,0.0,0.0,0.0,False,False,False
main,tv_dro_rho_0p01,tv_dro,2025-10-01,16,True,True,20,,0.01,0.7,20.0,optimal_decomposed,74.69404309999663,74.6932325999951,0.0,1,2,16307.664624421883,533.9055933035839,16841.570217725468,16600.511313464183,17134.41690676777,204743.0962861286,0.02018136786525107,50.32166688030492,0.0,0.0,0.0,False,False,False
main,tv_dro_rho_0p01,tv_dro,2025-10-01,17,True,True,20,,0.01,0.7,20.0,optimal_decomposed,74.69404309999663,74.6932325999951,0.0,1,2,16307.664624421883,533.9055933035839,16841.570217725468,16538.28559985722,17072.191193160805,203441.0749249937,0.06224730803441786,61.517950523940556,0.0,0.0,0.0,False,False,False
main,tv_dro_rho_0p01,tv_dro,2025-10-01,18,True,True,20,,0.01,0.7,20.0,optimal_decomposed,74.69404309999663,74.6932325999951,0.0,1,2,16307.664624421883,533.9055933035839,16841.570217725468,17079.809841885603,17613.715435189188,215968.36119428102,0.0,56.66116483621449,0.0,0.0,0.0,False,False,False
main,tv_dro_rho_0p01,tv_dro,2025-10-01,19,True,True,20,,0.01,0.7,20.0,optimal_decomposed,74.69404309999663,74.6932325999951,0.0,1,2,16307.664624421883,533.9055933035839,16841.570217725468,17195.698730888744,17729.60432419233,210124.15864991586,0.0,55.56784391547916,0.0,0.0,0.0,False,False,False
main,tv_dro_rho_0p01,tv_dro,2025-10-01,20,True,True,20,,0.01,0.7,20.0,optimal_decomposed,74.69404309999663,74.6932325999951,0.0,1,2,16307.664624421883,533.9055933035839,16841.570217725468,16220.115001531882,16754.020594835467,189913.7647938267,0.10000343600448017,52.21879403678748,0.0,0.0,0.0,False,False,False
main,tv_dro_rho_0p01,tv_dro,2025-10-01,21,True,True,20,,0.01,0.7,20.0,optimal_decomposed,74.69404309999663,74.6932325999951,0.0,1,2,16307.664624421883,533.9055933035839,16841.570217725468,15974.99151408646,16508.897107390043,186075.45396191214,0.10123206572215987,51.6330808389488,0.0,0.0,0.0,False,False,False
main,tv_dro_rho_0p01,tv_dro,2025-10-01,22,True,True,20,,0.01,0.7,20.0,optimal_decomposed,74.69404309999663,74.6932325999951,0.0,1,2,16307.664624421883,533.9055933035839,16841.570217725468,16386.521126269115,16920.4267195727,197749.8003113076,0.015027592622649744,52.499397885317954,0.0,0.0,0.0,False,False,False
main,tv_dro_rho_0p01,tv_dro,2025-10-01,23,True,True,20,,0.01,0.7,20.0,optimal_decomposed,74.69404309999663,74.6932325999951,0.0,1,2,16307.664624421883,533.9055933035839,16841.570217725468,17743.179074135292,18277.084667438878,221018.49099486184,0.0,53.99835126802517,0.0,0.0,0.0,False,False,False
main,tv_dro_rho_0p01,tv_dro,2025-10-01,24,True,True,20,,0.01,0.7,20.0,optimal_decomposed,74.69404309999663,74.6932325999951,0.0,1,2,16307.664624421883,533.9055933035839,16841.570217725468,16736.933690526275,17270.83928382986,201058.68512217584,0.0,57.400582446777825,0.0,0.0,0.0,False,False,False
main,tv_dro_rho_0p01,tv_dro,2025-10-01,25,True,True,20,,0.01,0.7,20.0,optimal_decomposed,74.69404309999663,74.6932325999951,0.0,1,2,16307.664624421883,533.9055933035839,16841.570217725468,16903.182569354205,17437.08816265779,208503.17136266982,0.0,47.01594028202544,0.0,0.0,0.0,False,False,False
main,tv_dro_rho_0p01,tv_dro,2025-10-01,26,True,True,20,,0.01,0.7,20.0,optimal_decomposed,74.69404309999663,74.6932325999951,0.0,1,2,16307.664624421883,533.9055933035839,16841.570217725468,16141.095720144567,16675.001313448152,192887.3650907888,0.0497554580788179,60.51690980065679,0.0,0.0,0.0,False,False,False
main,tv_dro_rho_0p01,tv_dro,2025-10-01,27,True,True,20,,0.01,0.7,20.0,optimal_decomposed,74.69404309999663,74.6932325999951,0.0,1,2,16307.664624421883,533.9055933035839,16841.570217725468,16596.846751946872,17130.752345250457,195678.75979064248,0.05399161987252987,59.36994104512787,0.0,0.0,0.0,False,False,False
main,tv_dro_rho_0p01,tv_dro,2025-10-01,28,True,True,20,,0.01,0.7,20.0,optimal_decomposed,74.69404309999663,74.6932325999951,0.0,1,2,16307.664624421883,533.9055933035839,16841.570217725468,16656.903190837125,17190.80878414071,197672.7155914572,0.0,47.24572487610136,0.0,0.0,0.0,False,False,False
main,tv_dro_rho_0p01,tv_dro,2025-10-01,29,True,True,20,,0.01,0.7,20.0,optimal_decomposed,74.69404309999663,74.6932325999951,0.0,1,2,16307.664624421883,533.9055933035839,16841.570217725468,16301.080174426554,16834.985767730137,191891.8209469298,0.0,43.648916946496335,0.0,0.0,0.0,False,False,False
main,tv_dro_rho_0p01,tv_dro,2025-10-01,30,True,True,20,,0.01,0.7,20.0,optimal_decomposed,74.69404309999663,74.6932325999951,0.0,1,2,16307.664624421883,533.9055933035839,16841.570217725468,16377.99811160642,16911.903704910004,186205.0477993449,0.1262413952418695,49.85704490171373,0.0,0.0,0.0,False,False,False
main,tv_dro_rho_0p01,tv_dro,2025-10-01,31,True,True,20,,0.01,0.7,20.0,optimal_decomposed,74.69404309999663,74.6932325999951,0.0,1,2,16307.664624421883,533.9055933035839,16841.570217725468,16453.332539979107,16987.23813328269,200637.22009425124,0.0,54.168254872953945,0.0,0.0,0.0,False,False,False
main,tv_dro_rho_0p01,tv_dro,2025-10-01,32,True,True,20,,0.01,0.7,20.0,optimal_decomposed,74.69404309999663,74.6932325999951,0.0,1,2,16307.664624421883,533.9055933035839,16841.570217725468,16440.458868245212,16974.364461548797,197878.46125860052,0.09466149622903927,54.570399206028604,0.0,0.0,0.0,False,False,False
main,tv_dro_rho_0p01,tv_dro,2025-10-01,33,True,True,20,,0.01,0.7,20.0,optimal_decomposed,74.69404309999663,74.6932325999951,0.0,1,2,16307.664624421883,533.9055933035839,16841.570217725468,16319.907068439074,16853.812661742657,187157.36230336718,0.014263169181879531,64.19273548923816,0.0,0.0,0.0,False,False,False
main,tv_dro_rho_0p01,tv_dro,2025-10-01,34,True,True,20,,0.01,0.7,20.0,optimal_decomposed,74.69404309999663,74.6932325999951,0.0,1,2,16307.664624421883,533.9055933035839,16841.570217725468,16040.038043838285,16573.94363714187,192922.3804599203,0.13426097879238252,55.39706574856415,0.0,0.0,0.0,False,False,False
main,tv_dro_rho_0p01,tv_dro,2025-10-01,35,True,True,20,,0.01,0.7,20.0,optimal_decomposed,74.69404309999663,74.6932325999951,0.0,1,2,16307.664624421883,533.9055933035839,16841.570217725468,16577.697373002844,17111.60296630643,194536.94521308158,0.0,55.60516392918288,0.0,0.0,0.0,False,False,False
main,tv_dro_rho_0p01,tv_dro,2025-10-01,36,True,True,20,,0.01,0.7,20.0,optimal_decomposed,74.69404309999663,74.6932325999951,0.0,1,2,16307.664624421883,533.9055933035839,16841.570217725468,16157.348062736886,16691.25365604047,182260.99923929272,0.0,59.615762949959525,0.0,0.0,0.0,False,False,False
main,tv_dro_rho_0p01,tv_dro,2025-10-01,37,True,True,20,,0.01,0.7,20.0,optimal_decomposed,74.69404309999663,74.6932325999951,0.0,1,2,16307.664624421883,533.9055933035839,16841.570217725468,15478.304491775305,16012.210085078888,173369.3274432864,0.15155804517475274,46.49921697799476,0.0,0.0,0.0,False,False,False
main,tv_dro_rho_0p01,tv_dro,2025-10-01,38,True,True,20,,0.01,0.7,20.0,optimal_decomposed,74.69404309999663,74.6932325999951,0.0,1,2,16307.664624421883,533.9055933035839,16841.570217725468,16128.652435196345,16662.55802849993,185349.85886210616,0.0,51.02456984302808,0.0,0.0,0.0,False,False,False
main,tv_dro_rho_0p01,tv_dro,2025-10-01,39,True,True,20,,0.01,0.7,20.0,optimal_decomposed,74.69404309999663,74.6932325999951,0.0,1,2,16307.664624421883,533.9055933035839,16841.570217725468,16196.655731971436,16730.56132527502,185134.43472745118,0.0,45.01689463479846,0.0,0.0,0.0,False,False,False
main,tv_dro_rho_0p01,tv_dro,2025-10-01,40,True,True,20,,0.01,0.7,20.0,optimal_decomposed,74.69404309999663,74.6932325999951,0.0,1,2,16307.664624421883,533.9055933035839,16841.570217725468,16190.029239524829,16723.934832828414,182551.1304485708,0.0,48.33391658021259,0.0,0.0,0.0,False,False,False
main,tv_dro_rho_0p01,tv_dro,2025-10-01,41,True,True,20,,0.01,0.7,20.0,optimal_decomposed,74.69404309999663,74.6932325999951,0.0,1,2,16307.664624421883,533.9055933035839,16841.570217725468,16381.965850467728,16915.871443771313,194000.91619124325,0.02548322568988537,41.0599716356019,0.0,0.0,0.0,False,False,False
main,tv_dro_rho_0p01,tv_dro,2025-10-01,42,True,True,20,,0.01,0.7,20.0,optimal_decomposed,74.69404309999663,74.6932325999951,0.0,1,2,16307.664624421883,533.9055933035839,16841.570217725468,17600.772711602935,18134.67830490652,227512.7742116484,0.0,53.277574703651894,0.0,0.0,0.0,False,False,False
main,tv_dro_rho_0p01,tv_dro,2025-10-01,43,True,True,20,,0.01,0.7,20.0,optimal_decomposed,74.69404309999663,74.6932325999951,0.0,1,2,16307.664624421883,533.9055933035839,16841.570217725468,16576.80235099661,17110.707944300197,202784.7708118807,0.05068847904901394,55.87712265573834,0.0,0.0,0.0,False,False,False
main,tv_dro_rho_0p01,tv_dro,2025-10-01,44,True,True,20,,0.01,0.7,20.0,optimal_decomposed,74.69404309999663,74.6932325999951,0.0,1,2,16307.664624421883,533.9055933035839,16841.570217725468,16589.56600115132,17123.471594454906,200338.02074262255,0.016642894254744744,54.67538912168842,0.0,0.0,0.0,False,False,False
main,tv_dro_rho_0p01,tv_dro,2025-10-01,45,True,True,20,,0.01,0.7,20.0,optimal_decomposed,74.69404309999663,74.6932325999951,0.0,1,2,16307.664624421883,533.9055933035839,16841.570217725468,16437.189163584684,16971.09475688827,197267.10682109752,0.0,59.238633425297365,0.0,0.0,0.0,False,False,False
main,tv_dro_rho_0p01,tv_dro,2025-10-01,46,True,True,20,,0.01,0.7,20.0,optimal_decomposed,74.69404309999663,74.6932325999951,0.0,1,2,16307.664624421883,533.9055933035839,16841.570217725468,15895.46172923064,16429.367322534225,182792.36792996686,0.10795670399505952,58.743718518226494,0.0,0.0,0.0,False,False,False
main,tv_dro_rho_0p01,tv_dro,2025-10-01,47,True,True,20,,0.01,0.7,20.0,optimal_decomposed,74.69404309999663,74.6932325999951,0.0,1,2,16307.664624421883,533.9055933035839,16841.570217725468,16551.792465751103,17085.69805905469,192568.16908398416,0.0,53.21654396558759,0.0,0.0,0.0,False,False,False
main,tv_dro_rho_0p01,tv_dro,2025-10-01,48,True,True,20,,0.01,0.7,20.0,optimal_decomposed,74.69404309999663,74.6932325999951,0.0,1,2,16307.664624421883,533.9055933035839,16841.570217725468,16214.177998399444,16748.083591703027,197459.08221187582,0.11181222554674863,52.08099809547241,0.0,0.0,0.0,False,False,False
main,tv_dro_rho_0p01,tv_dro,2025-10-01,49,True,True,20,,0.01,0.7,20.0,optimal_decomposed,74.69404309999663,74.6932325999951,0.0,1,2,16307.664624421883,533.9055933035839,16841.570217725468,16643.700688466986,17177.60628177057,201337.04202742275,0.0,58.83453388863265,0.0,0.0,0.0,False,False,False
main,tv_dro_rho_0p01,tv_dro,2025-10-01,50,True,True,20,,0.01,0.7,20.0,optimal_decomposed,74.69404309999663,74.6932325999951,0.0,1,2,16307.664624421883,533.9055933035839,16841.570217725468,15966.66223044495,16500.567823748534,184791.20028659573,0.0,57.57779691524141,0.0,0.0,0.0,False,False,False
main,tv_dro_rho_0p01,tv_dro,2025-10-01,51,True,True,20,,0.01,0.7,20.0,optimal_decomposed,74.69404309999663,74.6932325999951,0.0,1,2,16307.664624421883,533.9055933035839,16841.570217725468,16216.755147978567,16750.66074128215,195387.08144185817,0.10561993608737796,56.118006882488864,0.0,0.0,0.0,False,False,False
main,tv_dro_rho_0p01,tv_dro,2025-10-01,52,True,True,20,,0.01,0.7,20.0,optimal_decomposed,74.69404309999663,74.6932325999951,0.0,1,2,16307.664624421883,533.9055933035839,16841.570217725468,16135.12276723613,16669.028360539713,184211.2384122562,0.057221089885449744,63.66743383551286,0.0,0.0,0.0,False,False,False
main,tv_dro_rho_0p01,tv_dro,2025-10-01,53,True,True,20,,0.01,0.7,20.0,optimal_decomposed,74.69404309999663,74.6932325999951,0.0,1,2,16307.664624421883,533.9055933035839,16841.570217725468,15393.32307870841,15927.228672011994,175577.79536631113,0.0,52.548804653573455,0.0,0.0,0.0,False,False,False
main,tv_dro_rho_0p01,tv_dro,2025-10-01,54,True,True,20,,0.01,0.7,20.0,optimal_decomposed,74.69404309999663,74.6932325999951,0.0,1,2,16307.664624421883,533.9055933035839,16841.570217725468,16595.82427704847,17129.729870352054,199518.64583224762,0.0,54.03260191579498,0.0,0.0,0.0,False,False,False
main,tv_dro_rho_0p01,tv_dro,2025-10-01,55,True,True,20,,0.01,0.7,20.0,optimal_decomposed,74.69404309999663,74.6932325999951,0.0,1,2,16307.664624421883,533.9055933035839,16841.570217725468,16475.871621813494,17009.77721511708,200570.26885820006,0.0,57.17920103598809,0.0,0.0,0.0,False,False,False
main,tv_dro_rho_0p01,tv_dro,2025-10-01,56,True,True,20,,0.01,0.7,20.0,optimal_decomposed,74.69404309999663,74.6932325999951,0.0,1,2,16307.664624421883,533.9055933035839,16841.570217725468,16794.411389313012,17328.316982616598,201520.48653099543,0.0,44.04220484114619,0.0,0.0,0.0,False,False,False
main,tv_dro_rho_0p01,tv_dro,2025-10-01,57,True,True,20,,0.01,0.7,20.0,optimal_decomposed,74.69404309999663,74.6932325999951,0.0,1,2,16307.664624421883,533.9055933035839,16841.570217725468,15838.168347231835,16372.073940535418,174066.47712919008,0.0,53.000951381558345,0.0,0.0,0.0,False,False,False
main,tv_dro_rho_0p01,tv_dro,2025-10-01,58,True,True,20,,0.01,0.7,20.0,optimal_decomposed,74.69404309999663,74.6932325999951,0.0,1,2,16307.664624421883,533.9055933035839,16841.570217725468,16379.82603974272,16913.731633046304,198123.58188483282,0.04232736067042886,61.80455872581359,0.0,0.0,0.0,False,False,False
main,tv_dro_rho_0p01,tv_dro,2025-10-01,59,True,True,20,,0.01,0.7,20.0,optimal_decomposed,74.69404309999663,74.6932325999951,0.0,1,2,16307.664624421883,533.9055933035839,16841.570217725468,15969.217732493593,16503.123325797176,190557.28008375174,0.09261663481824409,53.53971966465017,0.0,0.0,0.0,False,False,False
main,tv_dro_rho_0p01,tv_dro,2025-10-01,60,True,True,20,,0.01,0.7,20.0,optimal_decomposed,74.69404309999663,74.6932325999951,0.0,1,2,16307.664624421883,533.9055933035839,16841.570217725468,16448.87445343091,16982.780046734497,196592.37639297618,0.115547758877107,51.78260790522163,0.0,0.0,0.0,False,False,False
main,tv_dro_rho_0p01,tv_dro,2025-10-01,61,True,True,20,,0.01,0.7,20.0,optimal_decomposed,74.69404309999663,74.6932325999951,0.0,1,2,16307.664624421883,533.9055933035839,16841.570217725468,16288.058292391324,16821.96388569491,196117.13124711337,0.0,45.89452854842526,0.0,0.0,0.0,False,False,False
main,tv_dro_rho_0p01,tv_dro,2025-10-01,62,True,True,20,,0.01,0.7,20.0,optimal_decomposed,74.69404309999663,74.6932325999951,0.0,1,2,16307.664624421883,533.9055933035839,16841.570217725468,16744.45308724283,17278.358680546415,202139.83286878484,0.02625149001639826,57.68602743242047,0.0,0.0,0.0,False,False,False
main,tv_dro_rho_0p01,tv_dro,2025-10-01,63,True,True,20,,0.01,0.7,20.0,optimal_decomposed,74.69404309999663,74.6932325999951,0.0,1,2,16307.664624421883,533.9055933035839,16841.570217725468,15984.09126753197,16517.996860835556,183912.22448814212,0.0,61.51653743060977,0.0,0.0,0.0,False,False,False
main,tv_dro_rho_0p01,tv_dro,2025-10-01,64,True,True,20,,0.01,0.7,20.0,optimal_decomposed,74.69404309999663,74.6932325999951,0.0,1,2,16307.664624421883,533.9055933035839,16841.570217725468,15979.44688160235,16513.352474905932,181546.14312504046,0.0,49.567117394551936,0.0,0.0,0.0,False,False,False
main,tv_dro_rho_0p01,tv_dro,2025-10-01,65,True,True,20,,0.01,0.7,20.0,optimal_decomposed,74.69404309999663,74.6932325999951,0.0,1,2,16307.664624421883,533.9055933035839,16841.570217725468,16550.09926403986,17084.004857343447,201059.09175288107,0.0,58.978550141408874,0.0,0.0,0.0,False,False,False
main,tv_dro_rho_0p01,tv_dro,2025-10-01,66,True,True,20,,0.01,0.7,20.0,optimal_decomposed,74.69404309999663,74.6932325999951,0.0,1,2,16307.664624421883,533.9055933035839,16841.570217725468,16003.702964649383,16537.608557952968,192945.58354806266,0.0,61.176654618787666,0.0,0.0,0.0,False,False,False
main,tv_dro_rho_0p01,tv_dro,2025-10-01,67,True,True,20,,0.01,0.7,20.0,optimal_decomposed,74.69404309999663,74.6932325999951,0.0,1,2,16307.664624421883,533.9055933035839,16841.570217725468,16897.690877262026,17431.59647056561,209364.89413608023,0.0,54.206078580688725,0.0,0.0,0.0,False,False,False
main,tv_dro_rho_0p01,tv_dro,2025-10-01,68,True,True,20,,0.01,0.7,20.0,optimal_decomposed,74.69404309999663,74.6932325999951,0.0,1,2,16307.664624421883,533.9055933035839,16841.570217725468,16144.310542580915,16678.2161358845,186042.27455760466,0.05158307684022345,57.88816553809519,0.0,0.0,0.0,False,False,False
main,tv_dro_rho_0p01,tv_dro,2025-10-01,69,True,True,20,,0.01,0.7,20.0,optimal_decomposed,74.69404309999663,74.6932325999951,0.0,1,2,16307.664624421883,533.9055933035839,16841.570217725468,16437.721787831484,16971.62738113507,194889.04305001214,0.07155279336283837,58.99026005682548,0.0,0.0,0.0,False,False,False
main,tv_dro_rho_0p01,tv_dro,2025-10-01,70,True,True,20,,0.01,0.7,20.0,optimal_decomposed,74.69404309999663,74.6932325999951,0.0,1,2,16307.664624421883,533.9055933035839,16841.570217725468,16238.07137153174,16771.976964835325,191461.71323169494,0.0,55.4468582107925,0.0,0.0,0.0,False,False,False
main,tv_dro_rho_0p01,tv_dro,2025-10-01,71,True,True,20,,0.01,0.7,20.0,optimal_decomposed,74.69404309999663,74.6932325999951,0.0,1,2,16307.664624421883,533.9055933035839,16841.570217725468,16663.235466802365,17197.14106010595,202694.01880241,0.06824601166874,63.9375888533587,0.0,0.0,0.0,False,False,False
main,tv_dro_rho_0p01,tv_dro,2025-10-01,72,True,True,20,,0.01,0.7,20.0,optimal_decomposed,74.69404309999663,74.6932325999951,0.0,1,2,16307.664624421883,533.9055933035839,16841.570217725468,16806.07817629914,17339.983769602724,202704.7520598652,0.051583116338860036,60.15887479557474,0.0,0.0,0.0,False,False,False
main,tv_dro_rho_0p01,tv_dro,2025-10-01,73,True,True,20,,0.01,0.7,20.0,optimal_decomposed,74.69404309999663,74.6932325999951,0.0,1,2,16307.664624421883,533.9055933035839,16841.570217725468,17400.573820651072,17934.479413954658,224243.06459323262,0.0,55.358052216994636,0.0,0.0,0.0,False,False,False
main,tv_dro_rho_0p01,tv_dro,2025-10-01,74,True,True,20,,0.01,0.7,20.0,optimal_decomposed,74.69404309999663,74.6932325999951,0.0,1,2,16307.664624421883,533.9055933035839,16841.570217725468,17766.883518956907,18300.789112260492,227377.28367538532,0.0,56.05694331335108,0.0,0.0,0.0,False,False,False
main,tv_dro_rho_0p01,tv_dro,2025-10-01,75,True,True,20,,0.01,0.7,20.0,optimal_decomposed,74.69404309999663,74.6932325999951,0.0,1,2,16307.664624421883,533.9055933035839,16841.570217725468,16406.63311671075,16940.538710014334,198592.03349102472,0.06433451618689914,54.95510928394047,0.0,0.0,0.0,False,False,False
main,tv_dro_rho_0p01,tv_dro,2025-10-01,76,True,True,20,,0.01,0.7,20.0,optimal_decomposed,74.69404309999663,74.6932325999951,0.0,1,2,16307.664624421883,533.9055933035839,16841.570217725468,16662.484429329714,17196.3900226333,194374.7018381146,0.006484101884662502,56.64579851589794,0.0,0.0,0.0,False,False,False
main,tv_dro_rho_0p01,tv_dro,2025-10-01,77,True,True,20,,0.01,0.7,20.0,optimal_decomposed,74.69404309999663,74.6932325999951,0.0,1,2,16307.664624421883,533.9055933035839,16841.570217725468,16767.134495135255,17301.04008843884,200732.1707418411,0.20308971614641091,51.165662992705215,0.0,0.0,0.0,False,False,False
main,tv_dro_rho_0p01,tv_dro,2025-10-01,78,True,True,20,,0.01,0.7,20.0,optimal_decomposed,74.69404309999663,74.6932325999951,0.0,1,2,16307.664624421883,533.9055933035839,16841.570217725468,16071.284781160513,16605.1903744641,187615.99025865985,0.05631544391441656,54.545845445487615,0.0,0.0,0.0,False,False,False
main,tv_dro_rho_0p01,tv_dro,2025-10-01,79,True,True,20,,0.01,0.7,20.0,optimal_decomposed,74.69404309999663,74.6932325999951,0.0,1,2,16307.664624421883,533.9055933035839,16841.570217725468,16560.81300788386,17094.718601187444,205187.1419775913,0.0,53.55888018911107,0.0,0.0,0.0,False,False,False
main,tv_dro_rho_0p01,tv_dro,2025-10-01,80,True,True,20,,0.01,0.7,20.0,optimal_decomposed,74.69404309999663,74.6932325999951,0.0,1,2,16307.664624421883,533.9055933035839,16841.570217725468,16450.804255627132,16984.709848930717,198253.88754619044,0.022488092342809796,50.290902284847064,0.0,0.0,0.0,False,False,False
main,tv_dro_rho_0p01,tv_dro,2025-10-01,81,True,True,20,,0.01,0.7,20.0,optimal_decomposed,74.69404309999663,74.6932325999951,0.0,1,2,16307.664624421883,533.9055933035839,16841.570217725468,16245.890940507732,16779.796533811317,183801.8344448451,0.12906060468359626,60.736001196461146,0.0,0.0,0.0,False,False,False
main,tv_dro_rho_0p01,tv_dro,2025-10-01,82,True,True,20,,0.01,0.7,20.0,optimal_decomposed,74.69404309999663,74.6932325999951,0.0,1,2,16307.664624421883,533.9055933035839,16841.570217725468,16312.624447258942,16846.530040562528,193208.28860339834,0.043104752722985445,48.787336287795775,0.0,0.0,0.0,False,False,False
main,tv_dro_rho_0p01,tv_dro,2025-10-01,83,True,True,20,,0.01,0.7,20.0,optimal_decomposed,74.69404309999663,74.6932325999951,0.0,1,2,16307.664624421883,533.9055933035839,16841.570217725468,16968.043123963518,17501.948717267103,207966.14098670342,0.0,51.84161003678294,0.0,0.0,0.0,False,False,False
main,tv_dro_rho_0p01,tv_dro,2025-10-01,84,True,True,20,,0.01,0.7,20.0,optimal_decomposed,74.69404309999663,74.6932325999951,0.0,1,2,16307.664624421883,533.9055933035839,16841.570217725468,16713.35658386736,17247.262177170946,205448.69114241307,0.0,48.24875002499329,0.0,0.0,0.0,False,False,False
main,tv_dro_rho_0p01,tv_dro,2025-10-01,85,True,True,20,,0.01,0.7,20.0,optimal_decomposed,74.69404309999663,74.6932325999951,0.0,1,2,16307.664624421883,533.9055933035839,16841.570217725468,16372.509285168955,16906.41487847254,188903.07627396315,0.0,61.8478840609648,0.0,0.0,0.0,False,False,False
main,tv_dro_rho_0p01,tv_dro,2025-10-01,86,True,True,20,,0.01,0.7,20.0,optimal_decomposed,74.69404309999663,74.6932325999951,0.0,1,2,16307.664624421883,533.9055933035839,16841.570217725468,16959.93722247702,17493.842815780605,213657.1729398437,0.0,48.49127419532009,0.0,0.0,0.0,False,False,False
main,tv_dro_rho_0p01,tv_dro,2025-10-01,87,True,True,20,,0.01,0.7,20.0,optimal_decomposed,74.69404309999663,74.6932325999951,0.0,1,2,16307.664624421883,533.9055933035839,16841.570217725468,16112.532554942247,16646.43814824583,199109.32158166645,0.01886651034975717,58.4488929687885,0.0,0.0,0.0,False,False,False
main,tv_dro_rho_0p01,tv_dro,2025-10-01,88,True,True,20,,0.01,0.7,20.0,optimal_decomposed,74.69404309999663,74.6932325999951,0.0,1,2,16307.664624421883,533.9055933035839,16841.570217725468,16421.789686437758,16955.695279741343,191243.82909086015,0.06464905465737258,62.723453583131395,0.0,0.0,0.0,False,False,False
main,tv_dro_rho_0p01,tv_dro,2025-10-01,89,True,True,20,,0.01,0.7,20.0,optimal_decomposed,74.69404309999663,74.6932325999951,0.0,1,2,16307.664624421883,533.9055933035839,16841.570217725468,16929.759119740625,17463.66471304421,203226.93081732583,0.0,55.70829608017135,0.0,0.0,0.0,False,False,False
main,tv_dro_rho_0p01,tv_dro,2025-10-01,90,True,True,20,,0.01,0.7,20.0,optimal_decomposed,74.69404309999663,74.6932325999951,0.0,1,2,16307.664624421883,533.9055933035839,16841.570217725468,15558.438739667094,16092.344332970677,184297.56586717072,0.1095577812280426,59.7609122282511,0.0,0.0,0.0,False,False,False
main,tv_dro_rho_0p01,tv_dro,2025-10-01,91,True,True,20,,0.01,0.7,20.0,optimal_decomposed,74.69404309999663,74.6932325999951,0.0,1,2,16307.664624421883,533.9055933035839,16841.570217725468,16979.43556969112,17513.341162994704,210238.50569608,0.07722717058462103,52.70426977226732,0.0,0.0,0.0,False,False,False
main,tv_dro_rho_0p01,tv_dro,2025-10-01,92,True,True,20,,0.01,0.7,20.0,optimal_decomposed,74.69404309999663,74.6932325999951,0.0,1,2,16307.664624421883,533.9055933035839,16841.570217725468,15749.415213967839,16283.320807271422,175516.16245660247,0.07323471056163425,44.042923655426506,0.0,0.0,0.0,False,False,False
main,tv_dro_rho_0p01,tv_dro,2025-10-01,93,True,True,20,,0.01,0.7,20.0,optimal_decomposed,74.69404309999663,74.6932325999951,0.0,1,2,16307.664624421883,533.9055933035839,16841.570217725468,15762.477631614129,16296.383224917712,179278.80010370573,0.0,57.8037537078543,0.0,0.0,0.0,False,False,False
main,tv_dro_rho_0p01,tv_dro,2025-10-01,94,True,True,20,,0.01,0.7,20.0,optimal_decomposed,74.69404309999663,74.6932325999951,0.0,1,2,16307.664624421883,533.9055933035839,16841.570217725468,17229.700647156526,17763.60624046011,208858.8802413194,0.02297873519245794,50.37990665857699,0.0,0.0,0.0,False,False,False
main,tv_dro_rho_0p01,tv_dro,2025-10-01,95,True,True,20,,0.01,0.7,20.0,optimal_decomposed,74.69404309999663,74.6932325999951,0.0,1,2,16307.664624421883,533.9055933035839,16841.570217725468,16092.753032671371,16626.658625974957,186358.18854257208,0.08503713806569022,57.35241113787634,0.0,0.0,0.0,False,False,False
main,tv_dro_rho_0p01,tv_dro,2025-10-01,96,True,True,20,,0.01,0.7,20.0,optimal_decomposed,74.69404309999663,74.6932325999951,0.0,1,2,16307.664624421883,533.9055933035839,16841.570217725468,16254.93497074456,16788.840564048143,192748.60539235952,0.0,48.89898481083828,0.0,0.0,0.0,False,False,False
main,tv_dro_rho_0p01,tv_dro,2025-10-01,97,True,True,20,,0.01,0.7,20.0,optimal_decomposed,74.69404309999663,74.6932325999951,0.0,1,2,16307.664624421883,533.9055933035839,16841.570217725468,16108.718472136443,16642.624065440028,197487.72997170629,0.0,54.91321558364632,0.0,0.0,0.0,False,False,False
main,tv_dro_rho_0p01,tv_dro,2025-10-01,98,True,True,20,,0.01,0.7,20.0,optimal_decomposed,74.69404309999663,74.6932325999951,0.0,1,2,16307.664624421883,533.9055933035839,16841.570217725468,16623.716302022684,17157.62189532627,201607.32003270593,0.0,48.93456387746477,0.0,0.0,0.0,False,False,False
main,tv_dro_rho_0p01,tv_dro,2025-10-01,99,True,True,20,,0.01,0.7,20.0,optimal_decomposed,74.69404309999663,74.6932325999951,0.0,1,2,16307.664624421883,533.9055933035839,16841.570217725468,16957.718978775614,17491.6245720792,217901.63604225175,0.07476935321398148,56.64902621365703,0.0,0.0,0.0,False,False,False
