suite,configuration,method,window,workload_replay_id,energy_uncertainty,workload_uncertainty,sample_size,gamma,rho,effective_capacity_fraction,bess_degradation_cost_usd_per_mwh_throughput,solver_status,solve_wall_time_seconds,solver_runtime_seconds,mip_gap,decomposition_iterations,active_scenario_count,nominal_grid_cost_usd,nominal_bess_degradation_cost_usd,nominal_operating_cost_usd,actual_grid_cost_usd,actual_operating_cost_usd,actual_carbon_kg,actual_curtailment_mwh,batch_adjustment_mwh,workload_envelope_violation_mwh,grid_limit_violation_mw,ramp_violation_mw,workload_violation,grid_limit_violation,ramp_violation
main,saa_n20,saa,2025-01-01,0,True,True,20,,,0.7,20.0,optimal_decomposed,77.74100849999377,77.74052099999972,0.0,1,3,15664.81197399028,174.34157851920702,15839.153552509486,14831.139574262617,15005.481152781824,170136.8225203129,0.6359158674812581,50.96049430036462,0.0,0.0,0.0,False,False,False
main,saa_n20,saa,2025-01-01,1,True,True,20,,,0.7,20.0,optimal_decomposed,77.74100849999377,77.74052099999972,0.0,1,3,15664.81197399028,174.34157851920702,15839.153552509486,15839.703662726413,16014.04524124562,190424.17462735658,0.08684864855887026,57.48442673168943,0.0,0.0,0.0,False,False,False
main,saa_n20,saa,2025-01-01,2,True,True,20,,,0.7,20.0,optimal_decomposed,77.74100849999377,77.74052099999972,0.0,1,3,15664.81197399028,174.34157851920702,15839.153552509486,15498.503152033518,15672.844730552724,180770.5415866921,0.08188014820472636,45.1921487326804,0.0,0.0,0.0,False,False,False
main,saa_n20,saa,2025-01-01,3,True,True,20,,,0.7,20.0,optimal_decomposed,77.74100849999377,77.74052099999972,0.0,1,3,15664.81197399028,174.34157851920702,15839.153552509486,15722.75403452053,15897.095613039737,189722.20724524892,0.0,51.61431992944986,0.0,0.0,0.0,False,False,False
main,saa_n20,saa,2025-01-01,4,True,True,20,,,0.7,20.0,optimal_decomposed,77.74100849999377,77.74052099999972,0.0,1,3,15664.81197399028,174.34157851920702,15839.153552509486,15642.17513278235,15816.516711301556,185345.55852089525,0.0632302808889269,49.469989012156844,0.0,0.0,0.0,False,False,False
main,saa_n20,saa,2025-01-01,5,True,True,20,,,0.7,20.0,optimal_decomposed,77.74100849999377,77.74052099999972,0.0,1,3,15664.81197399028,174.34157851920702,15839.153552509486,16039.556434041739,16213.898012560945,200964.99669909722,0.0,53.48779350595314,0.0,0.0,0.0,False,False,False
main,saa_n20,saa,2025-01-01,6,True,True,20,,,0.7,20.0,optimal_decomposed,77.74100849999377,77.74052099999972,0.0,1,3,15664.81197399028,174.34157851920702,15839.153552509486,15936.180072576368,16110.521651095574,194177.30846965502,0.0,47.09429828685791,0.0,0.0,0.0,False,False,False
main,saa_n20,saa,2025-01-01,7,True,True,20,,,0.7,20.0,optimal_decomposed,77.74100849999377,77.74052099999972,0.0,1,3,15664.81197399028,174.34157851920702,15839.153552509486,15293.389227205054,15467.73080572426,175689.46976306642,0.019384031851351097,49.560714208009074,0.0,0.0,0.0,False,False,False
main,saa_n20,saa,2025-01-01,8,True,True,20,,,0.7,20.0,optimal_decomposed,77.74100849999377,77.74052099999972,0.0,1,3,15664.81197399028,174.34157851920702,15839.153552509486,15838.133705102964,16012.47528362217,190258.7003423761,0.15842303005788594,52.34983301257253,0.0,0.0,0.0,False,False,False
main,saa_n20,saa,2025-01-01,9,True,True,20,,,0.7,20.0,optimal_decomposed,77.74100849999377,77.74052099999972,0.0,1,3,15664.81197399028,174.34157851920702,15839.153552509486,15838.302980853896,16012.644559373102,192712.23374939995,0.0,59.45977646155049,0.0,0.0,0.0,False,False,False
main,saa_n20,saa,2025-01-01,10,True,True,20,,,0.7,20.0,optimal_decomposed,77.74100849999377,77.74052099999972,0.0,1,3,15664.81197399028,174.34157851920702,15839.153552509486,15511.750934006459,15686.092512525665,183545.8674080212,0.24002831626882204,51.7062568031246,0.0,0.0,0.0,False,False,False
main,saa_n20,saa,2025-01-01,11,True,True,20,,,0.7,20.0,optimal_decomposed,77.74100849999377,77.74052099999972,0.0,1,3,15664.81197399028,174.34157851920702,15839.153552509486,15263.515902391353,15437.85748091056,183444.0069520292,0.0059025631193343475,42.57072284064674,0.0,0.0,0.0,False,False,False
main,saa_n20,saa,2025-01-01,12,True,True,20,,,0.7,20.0,optimal_decomposed,77.74100849999377,77.74052099999972,0.0,1,3,15664.81197399028,174.34157851920702,15839.153552509486,15856.641094743014,16030.98267326222,195918.1476540461,0.0,44.49159245381872,0.0,0.0,0.0,False,False,False
main,saa_n20,saa,2025-01-01,13,True,True,20,,,0.7,20.0,optimal_decomposed,77.74100849999377,77.74052099999972,0.0,1,3,15664.81197399028,174.34157851920702,15839.153552509486,16096.02822630784,16270.369804827047,198439.37966950444,0.2949955301748164,52.792314875319605,0.0,0.0,0.0,False,False,False
main,saa_n20,saa,2025-01-01,14,True,True,20,,,0.7,20.0,optimal_decomposed,77.74100849999377,77.74052099999972,0.0,1,3,15664.81197399028,174.34157851920702,15839.153552509486,15339.080383227163,15513.42196174637,178078.33138128454,0.0,50.39197355943323,0.0,0.0,0.0,False,False,False
main,saa_n20,saa,2025-01-01,15,True,True,20,,,0.7,20.0,optimal_decomposed,77.74100849999377,77.74052099999972,0.0,1,3,15664.81197399028,174.34157851920702,15839.153552509486,15347.377970813797,15521.719549333004,174287.1284491985,0.021678658843421378,45.02081091045587,0.0,0.0,0.0,False,False,False
main,saa_n20,saa,2025-01-01,16,True,True,20,,,0.7,20.0,optimal_decomposed,77.74100849999377,77.74052099999972,0.0,1,3,15664.81197399028,174.34157851920702,15839.153552509486,15073.244273807086,15247.585852326292,170867.73156871455,0.03606366855062573,46.93112962520776,0.0,0.0,0.0,False,False,False
main,saa_n20,saa,2025-01-01,17,True,True,20,,,0.7,20.0,optimal_decomposed,77.74100849999377,77.74052099999972,0.0,1,3,15664.81197399028,174.34157851920702,15839.153552509486,15324.783683991325,15499.125262510532,178024.98631947988,0.09119444472952454,55.917511767834476,0.0,0.0,0.0,False,False,False
main,saa_n20,saa,2025-01-01,18,True,True,20,,,0.7,20.0,optimal_decomposed,77.74100849999377,77.74052099999972,0.0,1,3,15664.81197399028,174.34157851920702,15839.153552509486,15705.72768525119,15880.069263770396,190242.7512277897,0.0,55.07968816727792,0.0,0.0,0.0,False,False,False
main,saa_n20,saa,2025-01-01,19,True,True,20,,,0.7,20.0,optimal_decomposed,77.74100849999377,77.74052099999972,0.0,1,3,15664.81197399028,174.34157851920702,15839.153552509486,15571.442299458742,15745.783877977949,189495.30359487733,0.0980759898629151,51.976624337494556,0.0,0.0,0.0,False,False,False
main,saa_n20,saa,2025-01-01,20,True,True,20,,,0.7,20.0,optimal_decomposed,77.74100849999377,77.74052099999972,0.0,1,3,15664.81197399028,174.34157851920702,15839.153552509486,16102.8381917783,16277.179770297507,193995.24396690962,0.0,46.68459533239558,0.0,0.0,0.0,False,False,False
main,saa_n20,saa,2025-01-01,21,True,True,20,,,0.7,20.0,optimal_decomposed,77.74100849999377,77.74052099999972,0.0,1,3,15664.81197399028,174.34157851920702,15839.153552509486,15161.151199638296,15335.492778157502,174887.80937881337,0.14558437698452803,44.72129101876668,0.0,0.0,0.0,False,False,False
main,saa_n20,saa,2025-01-01,22,True,True,20,,,0.7,20.0,optimal_decomposed,77.74100849999377,77.74052099999972,0.0,1,3,15664.81197399028,174.34157851920702,15839.153552509486,15834.12054530108,16008.462123820287,190426.9387612432,0.0,49.74631084414419,0.0,0.0,0.0,False,False,False
main,saa_n20,saa,2025-01-01,23,True,True,20,,,0.7,20.0,optimal_decomposed,77.74100849999377,77.74052099999972,0.0,1,3,15664.81197399028,174.34157851920702,15839.153552509486,15914.413044580146,16088.754623099352,189947.32090337214,0.0,48.32074877840013,0.0,0.0,0.0,False,False,False
main,saa_n20,saa,2025-01-01,24,True,True,20,,,0.7,20.0,optimal_decomposed,77.74100849999377,77.74052099999972,0.0,1,3,15664.81197399028,174.34157851920702,15839.153552509486,15315.317945074776,15489.659523593982,180447.29052779503,0.10567313604808662,52.48973801481723,0.0,0.0,0.0,False,False,False
main,saa_n20,saa,2025-01-01,25,True,True,20,,,0.7,20.0,optimal_decomposed,77.74100849999377,77.74052099999972,0.0,1,3,15664.81197399028,174.34157851920702,15839.153552509486,16808.628483956654,16982.970062475863,221325.72809105506,0.0,45.853135546925444,0.0,0.0,0.0,False,False,False
main,saa_n20,saa,2025-01-01,26,True,True,20,,,0.7,20.0,optimal_decomposed,77.74100849999377,77.74052099999972,0.0,1,3,15664.81197399028,174.34157851920702,15839.153552509486,15815.368124148948,15989.709702668155,186480.58666395643,0.11882762243994385,55.12681031597264,0.0,0.0,0.0,False,False,False
main,saa_n20,saa,2025-01-01,27,True,True,20,,,0.7,20.0,optimal_decomposed,77.74100849999377,77.74052099999972,0.0,1,3,15664.81197399028,174.34157851920702,15839.153552509486,14543.622335021422,14717.963913540629,169042.50237805213,0.27232363265397225,54.70952402240999,0.0,0.0,0.0,False,False,False
main,saa_n20,saa,2025-01-01,28,True,True,20,,,0.7,20.0,optimal_decomposed,77.74100849999377,77.74052099999972,0.0,1,3,15664.81197399028,174.34157851920702,15839.153552509486,15616.265612945077,15790.607191464283,185816.9931459419,0.013328971990677202,40.33147560703219,0.0,0.0,0.0,False,False,False
main,saa_n20,saa,2025-01-01,29,True,True,20,,,0.7,20.0,optimal_decomposed,77.74100849999377,77.74052099999972,0.0,1,3,15664.81197399028,174.34157851920702,15839.153552509486,15881.449453861189,16055.791032380395,195768.77008281532,0.030916769877295164,39.70348947990714,0.0,0.0,0.0,False,False,False
main,saa_n20,saa,2025-01-01,30,True,True,20,,,0.7,20.0,optimal_decomposed,77.74100849999377,77.74052099999972,0.0,1,3,15664.81197399028,174.34157851920702,15839.153552509486,14998.432016389355,15172.773594908562,165192.70063071346,0.0,45.96098043525713,0.0,0.0,0.0,False,False,False
main,saa_n20,saa,2025-01-01,31,True,True,20,,,0.7,20.0,optimal_decomposed,77.74100849999377,77.74052099999972,0.0,1,3,15664.81197399028,174.34157851920702,15839.153552509486,15897.491474601791,16071.833053120998,202157.62714022686,0.019403551905371463,49.969117994903925,0.0,0.0,0.0,False,False,False
main,saa_n20,saa,2025-01-01,32,True,True,20,,,0.7,20.0,optimal_decomposed,77.74100849999377,77.74052099999972,0.0,1,3,15664.81197399028,174.34157851920702,15839.153552509486,15673.92949423669,15848.271072755897,184439.7659684006,0.0,48.83508788938959,0.0,0.0,0.0,False,False,False
main,saa_n20,saa,2025-01-01,33,True,True,20,,,0.7,20.0,optimal_decomposed,77.74100849999377,77.74052099999972,0.0,1,3,15664.81197399028,174.34157851920702,15839.153552509486,16907.00400135496,17081.345579874167,219914.1384062783,0.04697440711880671,61.2508236314491,0.0,0.0,0.0,False,False,False
main,saa_n20,saa,2025-01-01,34,True,True,20,,,0.7,20.0,optimal_decomposed,77.74100849999377,77.74052099999972,0.0,1,3,15664.81197399028,174.34157851920702,15839.153552509486,16126.180613739463,16300.52219225867,194279.25229463744,0.3103843400695989,51.522153799650944,0.0,0.0,0.0,False,False,False
main,saa_n20,saa,2025-01-01,35,True,True,20,,,0.7,20.0,optimal_decomposed,77.74100849999377,77.74052099999972,0.0,1,3,15664.81197399028,174.34157851920702,15839.153552509486,14898.024713994146,15072.366292513352,176520.8355467223,0.0,54.9911897355673,0.0,0.0,0.0,False,False,False
main,saa_n20,saa,2025-01-01,36,True,True,20,,,0.7,20.0,optimal_decomposed,77.74100849999377,77.74052099999972,0.0,1,3,15664.81197399028,174.34157851920702,15839.153552509486,15201.63037468191,15375.971953201117,174609.18313102378,0.0,54.375659795248396,0.0,0.0,0.0,False,False,False
main,saa_n20,saa,2025-01-01,37,True,True,20,,,0.7,20.0,optimal_decomposed,77.74100849999377,77.74052099999972,0.0,1,3,15664.81197399028,174.34157851920702,15839.153552509486,15481.15644136499,15655.498019884197,183204.73392447742,0.0,41.595716533900884,0.0,0.0,0.0,False,False,False
main,saa_n20,saa,2025-01-01,38,True,True,20,,,0.7,20.0,optimal_decomposed,77.74100849999377,77.74052099999972,0.0,1,3,15664.81197399028,174.34157851920702,15839.153552509486,15440.10866025882,15614.450238778027,184874.0977388183,0.0,48.78308401464456,0.0,0.0,0.0,False,False,False
main,saa_n20,saa,2025-01-01,39,True,True,20,,,0.7,20.0,optimal_decomposed,77.74100849999377,77.74052099999972,0.0,1,3,15664.81197399028,174.34157851920702,15839.153552509486,15662.754192435974,15837.09577095518,195307.3647941394,0.057814929904075885,40.83788925973009,0.0,0.0,0.0,False,False,False
main,saa_n20,saa,2025-01-01,40,True,True,20,,,0.7,20.0,optimal_decomposed,77.74100849999377,77.74052099999972,0.0,1,3,15664.81197399028,174.34157851920702,15839.153552509486,16159.058531376879,16333.400109896085,196298.03051601374,0.0,43.075507517363135,0.0,0.0,0.0,False,False,False
main,saa_n20,saa,2025-01-01,41,True,True,20,,,0.7,20.0,optimal_decomposed,77.74100849999377,77.74052099999972,0.0,1,3,15664.81197399028,174.34157851920702,15839.153552509486,15605.22042878815,15779.562007307357,191167.10307097016,0.012079899653883674,36.98822410852093,0.0,0.0,0.0,False,False,False
main,saa_n20,saa,2025-01-01,42,True,True,20,,,0.7,20.0,optimal_decomposed,77.74100849999377,77.74052099999972,0.0,1,3,15664.81197399028,174.34157851920702,15839.153552509486,16260.178607465265,16434.52018598447,192148.45466763354,0.0,54.997651257207096,0.0,0.0,0.0,False,False,False
main,saa_n20,saa,2025-01-01,43,True,True,20,,,0.7,20.0,optimal_decomposed,77.74100849999377,77.74052099999972,0.0,1,3,15664.81197399028,174.34157851920702,15839.153552509486,15071.739888931355,15246.081467450562,172288.43632079233,0.13724718452205356,52.44415138634887,0.0,0.0,0.0,False,False,False
main,saa_n20,saa,2025-01-01,44,True,True,20,,,0.7,20.0,optimal_decomposed,77.74100849999377,77.74052099999972,0.0,1,3,15664.81197399028,174.34157851920702,15839.153552509486,15251.519276513209,15425.860855032415,180074.39467735135,0.14222632282577624,49.62219944784198,0.0,0.0,0.0,False,False,False
main,saa_n20,saa,2025-01-01,45,True,True,20,,,0.7,20.0,optimal_decomposed,77.74100849999377,77.74052099999972,0.0,1,3,15664.81197399028,174.34157851920702,15839.153552509486,16333.337971290119,16507.679549809327,196668.7979617745,0.07159814701212053,54.48601650235023,0.0,0.0,0.0,False,False,False
main,saa_n20,saa,2025-01-01,46,True,True,20,,,0.7,20.0,optimal_decomposed,77.74100849999377,77.74052099999972,0.0,1,3,15664.81197399028,174.34157851920702,15839.153552509486,15789.13246144642,15963.474039965626,188955.08670044853,0.15199288085733975,50.12535518539283,0.0,0.0,0.0,False,False,False
main,saa_n20,saa,2025-01-01,47,True,True,20,,,0.7,20.0,optimal_decomposed,77.74100849999377,77.74052099999972,0.0,1,3,15664.81197399028,174.34157851920702,15839.153552509486,15732.81965486394,15907.161233383147,195739.58339297783,0.0,51.4632465976659,0.0,0.0,0.0,False,False,False
main,saa_n20,saa,2025-01-01,48,True,True,20,,,0.7,20.0,optimal_decomposed,77.74100849999377,77.74052099999972,0.0,1,3,15664.81197399028,174.34157851920702,15839.153552509486,16096.964924224947,16271.306502744153,206773.69027123525,0.0,47.90918810004328,0.0,0.0,0.0,False,False,False
main,saa_n20,saa,2025-01-01,49,True,True,20,,,0.7,20.0,optimal_decomposed,77.74100849999377,77.74052099999972,0.0,1,3,15664.81197399028,174.34157851920702,15839.153552509486,16015.958450400407,16190.300028919613,200923.996561031,0.04570459077504027,51.07543819104001,0.0,0.0,0.0,False,False,False
main,saa_n20,saa,2025-01-01,50,True,True,20,,,0.7,20.0,optimal_decomposed,77.74100849999377,77.74052099999972,0.0,1,3,15664.81197399028,174.34157851920702,15839.153552509486,15656.511098134602,15830.852676653809,188882.266162667,0.0,55.732560692008,0.0,0.0,0.0,False,False,False
main,saa_n20,saa,2025-01-01,51,True,True,20,,,0.7,20.0,optimal_decomposed,77.74100849999377,77.74052099999972,0.0,1,3,15664.81197399028,174.34157851920702,15839.153552509486,15582.616780584429,15756.958359103635,179709.5757778828,0.0,48.73706930671098,0.0,0.0,0.0,False,False,False
main,saa_n20,saa,2025-01-01,52,True,True,20,,,0.7,20.0,optimal_decomposed,77.74100849999377,77.74052099999972,0.0,1,3,15664.81197399028,174.34157851920702,15839.153552509486,16235.9128762402,16410.254454759408,201649.87352093597,0.38797936546557804,56.01881142466548,0.0,0.0,0.0,False,False,False
main,saa_n20,saa,2025-01-01,53,True,True,20,,,0.7,20.0,optimal_decomposed,77.74100849999377,77.74052099999972,0.0,1,3,15664.81197399028,174.34157851920702,15839.153552509486,15446.63013458373,15620.971713102936,183054.18536804031,0.0,44.05033167975488,0.0,0.0,0.0,False,False,False
main,saa_n20,saa,2025-01-01,54,True,True,20,,,0.7,20.0,optimal_decomposed,77.74100849999377,77.74052099999972,0.0,1,3,15664.81197399028,174.34157851920702,15839.153552509486,15991.548246057442,16165.889824576649,201214.89365721602,0.0,46.34279644588515,0.0,0.0,0.0,False,False,False
main,saa_n20,saa,2025-01-01,55,True,True,20,,,0.7,20.0,optimal_decomposed,77.74100849999377,77.74052099999972,0.0,1,3,15664.81197399028,174.34157851920702,15839.153552509486,15639.632748158794,15813.974326678,185352.57562420453,0.057869072258673215,55.06780837906519,0.0,0.0,0.0,False,False,False
main,saa_n20,saa,2025-01-01,56,True,True,20,,,0.7,20.0,optimal_decomposed,77.74100849999377,77.74052099999972,0.0,1,3,15664.81197399028,174.34157851920702,15839.153552509486,15955.194954399129,16129.536532918335,192508.8799985571,0.00531490235267737,39.91857310233284,0.0,0.0,0.0,False,False,False
main,saa_n20,saa,2025-01-01,57,True,True,20,,,0.7,20.0,optimal_decomposed,77.74100849999377,77.74052099999972,0.0,1,3,15664.81197399028,174.34157851920702,15839.153552509486,15630.497372539707,15804.838951058913,184845.26108321652,0.0,50.10239195125717,0.0,0.0,0.0,False,False,False
main,saa_n20,saa,2025-01-01,58,True,True,20,,,0.7,20.0,optimal_decomposed,77.74100849999377,77.74052099999972,0.0,1,3,15664.81197399028,174.34157851920702,15839.153552509486,16233.608590409372,16407.95016892858,205790.14264990826,0.0,57.080696725200866,0.0,0.0,0.0,False,False,False
main,saa_n20,saa,2025-01-01,59,True,True,20,,,0.7,20.0,optimal_decomposed,77.74100849999377,77.74052099999972,0.0,1,3,15664.81197399028,174.34157851920702,15839.153552509486,16302.18510455957,16476.526683078777,206632.26485633283,0.0,52.95744520291335,0.0,0.0,0.0,False,False,False
main,saa_n20,saa,2025-01-01,60,True,True,20,,,0.7,20.0,optimal_decomposed,77.74100849999377,77.74052099999972,0.0,1,3,15664.81197399028,174.34157851920702,15839.153552509486,15717.233416760064,15891.57499527927,194464.13596668796,0.07273788038766604,51.59001983365109,0.0,0.0,0.0,False,False,False
main,saa_n20,saa,2025-01-01,61,True,True,20,,,0.7,20.0,optimal_decomposed,77.74100849999377,77.74052099999972,0.0,1,3,15664.81197399028,174.34157851920702,15839.153552509486,15603.44800652,15777.789585039207,190442.11949614657,0.03200460281438236,41.97138053737579,0.0,0.0,0.0,False,False,False
main,saa_n20,saa,2025-01-01,62,True,True,20,,,0.7,20.0,optimal_decomposed,77.74100849999377,77.74052099999972,0.0,1,3,15664.81197399028,174.34157851920702,15839.153552509486,15031.959488757004,15206.30106727621,175712.22274105364,0.0,55.276860880570936,0.0,0.0,0.0,False,False,False
main,saa_n20,saa,2025-01-01,63,True,True,20,,,0.7,20.0,optimal_decomposed,77.74100849999377,77.74052099999972,0.0,1,3,15664.81197399028,174.34157851920702,15839.153552509486,15701.288795337643,15875.63037385685,184950.42518729632,0.04639849897657991,55.76319178128068,0.0,0.0,0.0,False,False,False
main,saa_n20,saa,2025-01-01,64,True,True,20,,,0.7,20.0,optimal_decomposed,77.74100849999377,77.74052099999972,0.0,1,3,15664.81197399028,174.34157851920702,15839.153552509486,15411.033284057934,15585.37486257714,173870.46623974218,0.015069535902666048,49.638160696566814,0.0,0.0,0.0,False,False,False
main,saa_n20,saa,2025-01-01,65,True,True,20,,,0.7,20.0,optimal_decomposed,77.74100849999377,77.74052099999972,0.0,1,3,15664.81197399028,174.34157851920702,15839.153552509486,15902.721918262027,16077.063496781233,189645.43204352586,0.0030652272367595046,53.788350841407365,0.0,0.0,0.0,False,False,False
main,saa_n20,saa,2025-01-01,66,True,True,20,,,0.7,20.0,optimal_decomposed,77.74100849999377,77.74052099999972,0.0,1,3,15664.81197399028,174.34157851920702,15839.153552509486,15807.683596609773,15982.02517512898,193231.32918913738,0.0,56.872622864792426,0.0,0.0,0.0,False,False,False
main,saa_n20,saa,2025-01-01,67,True,True,20,,,0.7,20.0,optimal_decomposed,77.74100849999377,77.74052099999972,0.0,1,3,15664.81197399028,174.34157851920702,15839.153552509486,15110.155444957743,15284.49702347695,169654.2799687463,0.0,50.54238735629113,0.0,0.0,0.0,False,False,False
main,saa_n20,saa,2025-01-01,68,True,True,20,,,0.7,20.0,optimal_decomposed,77.74100849999377,77.74052099999972,0.0,1,3,15664.81197399028,174.34157851920702,15839.153552509486,16870.89310688288,17045.234685402087,214185.5335685009,0.0,55.07857076889786,0.0,0.0,0.0,False,False,False
main,saa_n20,saa,2025-01-01,69,True,True,20,,,0.7,20.0,optimal_decomposed,77.74100849999377,77.74052099999972,0.0,1,3,15664.81197399028,174.34157851920702,15839.153552509486,16152.310694856915,16326.652273376121,208073.76734852226,0.0,51.69070104009083,0.0,0.0,0.0,False,False,False
main,saa_n20,saa,2025-01-01,70,True,True,20,,,0.7,20.0,optimal_decomposed,77.74100849999377,77.74052099999972,0.0,1,3,15664.81197399028,174.34157851920702,15839.153552509486,15967.505307972253,16141.84688649146,201945.42776382554,0.0,54.74877889597219,0.0,0.0,0.0,False,False,False
main,saa_n20,saa,2025-01-01,71,True,True,20,,,0.7,20.0,optimal_decomposed,77.74100849999377,77.74052099999972,0.0,1,3,15664.81197399028,174.34157851920702,15839.153552509486,15661.176495377978,15835.518073897185,182023.27376889467,0.008352711610149222,57.066282680757084,0.0,0.0,0.0,False,False,False
main,saa_n20,saa,2025-01-01,72,True,True,20,,,0.7,20.0,optimal_decomposed,77.74100849999377,77.74052099999972,0.0,1,3,15664.81197399028,174.34157851920702,15839.153552509486,15329.455706258084,15503.79728477729,181502.41336455254,0.0,58.391906619678764,0.0,0.0,0.0,False,False,False
main,saa_n20,saa,2025-01-01,73,True,True,20,,,0.7,20.0,optimal_decomposed,77.74100849999377,77.74052099999972,0.0,1,3,15664.81197399028,174.34157851920702,15839.153552509486,15437.280518441528,15611.622096960735,184157.3262370231,0.02226089584332297,48.36082843527113,0.0,0.0,0.0,False,False,False
main,saa_n20,saa,2025-01-01,74,True,True,20,,,0.7,20.0,optimal_decomposed,77.74100849999377,77.74052099999972,0.0,1,3,15664.81197399028,174.34157851920702,15839.153552509486,15222.088779708261,15396.430358227468,172661.2991668948,0.0,52.82350534713905,0.0,0.0,0.0,False,False,False
main,saa_n20,saa,2025-01-01,75,True,True,20,,,0.7,20.0,optimal_decomposed,77.74100849999377,77.74052099999972,0.0,1,3,15664.81197399028,174.34157851920702,15839.153552509486,15659.205840344262,15833.547418863469,191032.56442016293,0.17896047596245424,50.36487075629291,0.0,0.0,0.0,False,False,False
main,saa_n20,saa,2025-01-01,76,True,True,20,,,0.7,20.0,optimal_decomposed,77.74100849999377,77.74052099999972,0.0,1,3,15664.81197399028,174.34157851920702,15839.153552509486,15925.921189651335,16100.262768170542,210811.06692040316,0.0,51.15752540933045,0.0,0.0,0.0,False,False,False
main,saa_n20,saa,2025-01-01,77,True,True,20,,,0.7,20.0,optimal_decomposed,77.74100849999377,77.74052099999972,0.0,1,3,15664.81197399028,174.34157851920702,15839.153552509486,15293.329510172072,15467.671088691279,173012.74395045533,0.0,46.10516499240981,0.0,0.0,0.0,False,False,False
main,saa_n20,saa,2025-01-01,78,True,True,20,,,0.7,20.0,optimal_decomposed,77.74100849999377,77.74052099999972,0.0,1,3,15664.81197399028,174.34157851920702,15839.153552509486,15290.821326800493,15465.1629053197,178139.4533189809,0.0,49.46469168087479,0.0,0.0,0.0,False,False,False
main,saa_n20,saa,2025-01-01,79,True,True,20,,,0.7,20.0,optimal_decomposed,77.74100849999377,77.74052099999972,0.0,1,3,15664.81197399028,174.34157851920702,15839.153552509486,16275.285453198843,16449.62703171805,199946.33142115007,0.13473976461744086,48.11757973114891,0.0,0.0,0.0,False,False,False
main,saa_n20,saa,2025-01-01,80,True,True,20,,,0.7,20.0,optimal_decomposed,77.74100849999377,77.74052099999972,0.0,1,3,15664.81197399028,174.34157851920702,15839.153552509486,16054.242888783036,16228.584467302242,201182.576424001,0.0,49.159475624489474,0.0,0.0,0.0,False,False,False
main,saa_n20,saa,2025-01-01,81,True,True,20,,,0.7,20.0,optimal_decomposed,77.74100849999377,77.74052099999972,0.0,1,3,15664.81197399028,174.34157851920702,15839.153552509486,15666.98226837057,15841.323846889776,185241.83382585444,0.124687834387083,58.729972116202255,0.0,0.0,0.0,False,False,False
main,saa_n20,saa,2025-01-01,82,True,True,20,,,0.7,20.0,optimal_decomposed,77.74100849999377,77.74052099999972,0.0,1,3,15664.81197399028,174.34157851920702,15839.153552509486,15354.494173656143,15528.83575217535,183188.11796268667,0.07305403701739724,44.83864972106492,0.0,0.0,0.0,False,False,False
main,saa_n20,saa,2025-01-01,83,True,True,20,,,0.7,20.0,optimal_decomposed,77.74100849999377,77.74052099999972,0.0,1,3,15664.81197399028,174.34157851920702,15839.153552509486,16038.718603346859,16213.060181866065,202855.35226907895,0.04106225130651758,43.65151213048371,0.0,0.0,0.0,False,False,False
main,saa_n20,saa,2025-01-01,84,True,True,20,,,0.7,20.0,optimal_decomposed,77.74100849999377,77.74052099999972,0.0,1,3,15664.81197399028,174.34157851920702,15839.153552509486,15887.307435628949,16061.649014148155,203515.50243708107,0.11651222011883869,41.685085020024594,0.0,0.0,0.0,False,False,False
main,saa_n20,saa,2025-01-01,85,True,True,20,,,0.7,20.0,optimal_decomposed,77.74100849999377,77.74052099999972,0.0,1,3,15664.81197399028,174.34157851920702,15839.153552509486,15847.77847163189,16022.120050151096,192818.96146598813,0.0,54.36469471906029,0.0,0.0,0.0,False,False,False
main,saa_n20,saa,2025-01-01,86,True,True,20,,,0.7,20.0,optimal_decomposed,77.74100849999377,77.74052099999972,0.0,1,3,15664.81197399028,174.34157851920702,15839.153552509486,16051.075529186248,16225.417107705454,194989.30827535855,0.07687092651645885,44.36670094984503,0.0,0.0,0.0,False,False,False
main,saa_n20,saa,2025-01-01,87,True,True,20,,,0.7,20.0,optimal_decomposed,77.74100849999377,77.74052099999972,0.0,1,3,15664.81197399028,174.34157851920702,15839.153552509486,15149.946854834998,15324.288433354204,171242.7462172672,0.15755769463181557,49.15398416831535,0.0,0.0,0.0,False,False,False
main,saa_n20,saa,2025-01-01,88,True,True,20,,,0.7,20.0,optimal_decomposed,77.74100849999377,77.74052099999972,0.0,1,3,15664.81197399028,174.34157851920702,15839.153552509486,15814.143120736382,15988.484699255589,171873.03861331148,0.37333405224495264,57.65136602381283,0.0,0.0,0.0,False,False,False
main,saa_n20,saa,2025-01-01,89,True,True,20,,,0.7,20.0,optimal_decomposed,77.74100849999377,77.74052099999972,0.0,1,3,15664.81197399028,174.34157851920702,15839.153552509486,16178.191067992479,16352.532646511685,190002.52776936957,0.0,49.99856014173628,0.0,0.0,0.0,False,False,False
main,saa_n20,saa,2025-01-01,90,True,True,20,,,0.7,20.0,optimal_decomposed,77.74100849999377,77.74052099999972,0.0,1,3,15664.81197399028,174.34157851920702,15839.153552509486,15308.299551959692,15482.641130478898,184248.80543685023,0.14272223111062188,54.81118146790823,0.0,0.0,0.0,False,False,False
main,saa_n20,saa,2025-01-01,91,True,True,20,,,0.7,20.0,optimal_decomposed,77.74100849999377,77.74052099999972,0.0,1,3,15664.81197399028,174.34157851920702,15839.153552509486,14932.624504240392,15106.966082759598,163144.1518070633,0.0,48.16070789130671,0.0,0.0,0.0,False,False,False
main,saa_n20,saa,2025-01-01,92,True,True,20,,,0.7,20.0,optimal_decomposed,77.74100849999377,77.74052099999972,0.0,1,3,15664.81197399028,174.34157851920702,15839.153552509486,15791.246698104691,15965.588276623897,178310.84353327026,0.0,42.87654515537014,0.0,0.0,0.0,False,False,False
main,saa_n20,saa,2025-01-01,93,True,True,20,,,0.7,20.0,optimal_decomposed,77.74100849999377,77.74052099999972,0.0,1,3,15664.81197399028,174.34157851920702,15839.153552509486,15556.526683330969,15730.868261850175,190582.11276620778,0.47273604202608743,50.599490766524504,0.0,0.0,0.0,False,False,False
main,saa_n20,saa,2025-01-01,94,True,True,20,,,0.7,20.0,optimal_decomposed,77.74100849999377,77.74052099999972,0.0,1,3,15664.81197399028,174.34157851920702,15839.153552509486,15214.754991495107,15389.096570014313,181029.48128106602,0.021764084787162047,46.405765821642184,0.0,0.0,0.0,False,False,False
main,saa_n20,saa,2025-01-01,95,True,True,20,,,0.7,20.0,optimal_decomposed,77.74100849999377,77.74052099999972,0.0,1,3,15664.81197399028,174.34157851920702,15839.153552509486,14971.565287888483,15145.90686640769,174719.52019241106,0.03120652959486822,50.951795442534404,0.0,0.0,0.0,False,False,False
main,saa_n20,saa,2025-01-01,96,True,True,20,,,0.7,20.0,optimal_decomposed,77.74100849999377,77.74052099999972,0.0,1,3,15664.81197399028,174.34157851920702,15839.153552509486,15524.635785108361,15698.977363627568,182057.35912584595,0.07874070332594343,48.561040436648014,0.0,0.0,0.0,False,False,False
main,saa_n20,saa,2025-01-01,97,True,True,20,,,0.7,20.0,optimal_decomposed,77.74100849999377,77.74052099999972,0.0,1,3,15664.81197399028,174.34157851920702,15839.153552509486,15552.715170795153,15727.056749314359,181133.94558811927,0.0,50.53352634030337,0.0,0.0,0.0,False,False,False
main,saa_n20,saa,2025-01-01,98,True,True,20,,,0.7,20.0,optimal_decomposed,77.74100849999377,77.74052099999972,0.0,1,3,15664.81197399028,174.34157851920702,15839.153552509486,15695.504497456706,15869.846075975913,182406.05406308942,0.101202988710867,46.06680336082744,0.0,0.0,0.0,False,False,False
main,saa_n20,saa,2025-01-01,99,True,True,20,,,0.7,20.0,optimal_decomposed,77.74100849999377,77.74052099999972,0.0,1,3,15664.81197399028,174.34157851920702,15839.153552509486,15546.337158979706,15720.678737498913,179240.64780851532,0.06784896363151327,51.92697425925961,0.0,0.0,0.0,False,False,False
main,saa_n20,saa,2025-04-01,0,True,True,20,,,0.7,20.0,optimal_decomposed,78.19031660000473,78.18978349999816,0.0,1,3,15462.571691668592,498.3322510884244,15960.903942757017,14847.41348911594,15345.745740204364,119869.96844542872,0.0,56.33552022457164,0.0,0.0,0.0,False,False,False
main,saa_n20,saa,2025-04-01,1,True,True,20,,,0.7,20.0,optimal_decomposed,78.19031660000473,78.18978349999816,0.0,1,3,15462.571691668592,498.3322510884244,15960.903942757017,15820.569104642234,16318.901355730659,134799.06206362662,0.0,62.01234105902298,0.0,0.0,0.0,False,False,False
main,saa_n20,saa,2025-04-01,2,True,True,20,,,0.7,20.0,optimal_decomposed,78.19031660000473,78.18978349999816,0.0,1,3,15462.571691668592,498.3322510884244,15960.903942757017,15313.613925457417,15811.946176545842,128562.93892375888,0.0,50.013080596796364,0.0,0.0,0.0,False,False,False
main,saa_n20,saa,2025-04-01,3,True,True,20,,,0.7,20.0,optimal_decomposed,78.19031660000473,78.18978349999816,0.0,1,3,15462.571691668592,498.3322510884244,15960.903942757017,15852.141028858972,16350.473279947397,135675.66650634233,0.0,55.82501739182378,0.0,0.0,0.0,False,False,False
main,saa_n20,saa,2025-04-01,4,True,True,20,,,0.7,20.0,optimal_decomposed,78.19031660000473,78.18978349999816,0.0,1,3,15462.571691668592,498.3322510884244,15960.903942757017,15638.586427032247,16136.918678120672,132971.38989361929,0.0,52.77040740395398,0.0,0.0,0.0,False,False,False
main,saa_n20,saa,2025-04-01,5,True,True,20,,,0.7,20.0,optimal_decomposed,78.19031660000473,78.18978349999816,0.0,1,3,15462.571691668592,498.3322510884244,15960.903942757017,16073.54423644412,16571.876487532543,146170.54272078036,0.3280083108935713,59.16539715005511,0.0,0.0,0.0,False,False,False
main,saa_n20,saa,2025-04-01,6,True,True,20,,,0.7,20.0,optimal_decomposed,78.19031660000473,78.18978349999816,0.0,1,3,15462.571691668592,498.3322510884244,15960.903942757017,15862.041758116817,16360.374009205241,138861.75892215522,0.0,54.609438353400094,0.0,0.0,0.0,False,False,False
main,saa_n20,saa,2025-04-01,7,True,True,20,,,0.7,20.0,optimal_decomposed,78.19031660000473,78.18978349999816,0.0,1,3,15462.571691668592,498.3322510884244,15960.903942757017,15295.125452331291,15793.457703419715,124487.63138500733,0.04400022904591799,52.637695638127596,0.0,0.0,0.0,False,False,False
main,saa_n20,saa,2025-04-01,8,True,True,20,,,0.7,20.0,optimal_decomposed,78.19031660000473,78.18978349999816,0.0,1,3,15462.571691668592,498.3322510884244,15960.903942757017,15940.109989830496,16438.44224091892,137457.19477765908,0.1224352047930418,54.270591906431534,0.0,0.0,0.0,False,False,False
main,saa_n20,saa,2025-04-01,9,True,True,20,,,0.7,20.0,optimal_decomposed,78.19031660000473,78.18978349999816,0.0,1,3,15462.571691668592,498.3322510884244,15960.903942757017,16065.35819436599,16563.690445454413,137905.71272290972,0.17799666271308423,61.68117792589465,0.0,0.0,0.0,False,False,False
main,saa_n20,saa,2025-04-01,10,True,True,20,,,0.7,20.0,optimal_decomposed,78.19031660000473,78.18978349999816,0.0,1,3,15462.571691668592,498.3322510884244,15960.903942757017,15568.606674165032,16066.938925253457,129543.50165950847,0.0,51.47358362627665,0.0,0.0,0.0,False,False,False
main,saa_n20,saa,2025-04-01,11,True,True,20,,,0.7,20.0,optimal_decomposed,78.19031660000473,78.18978349999816,0.0,1,3,15462.571691668592,498.3322510884244,15960.903942757017,15567.242818650784,16065.575069739209,129180.5382759878,0.0,45.97188025251733,0.0,0.0,0.0,False,False,False
main,saa_n20,saa,2025-04-01,12,True,True,20,,,0.7,20.0,optimal_decomposed,78.19031660000473,78.18978349999816,0.0,1,3,15462.571691668592,498.3322510884244,15960.903942757017,15649.34073864749,16147.672989735915,142040.10688547796,0.0,47.361091018569304,0.0,0.0,0.0,False,False,False
main,saa_n20,saa,2025-04-01,13,True,True,20,,,0.7,20.0,optimal_decomposed,78.19031660000473,78.18978349999816,0.0,1,3,15462.571691668592,498.3322510884244,15960.903942757017,16082.291984114412,16580.624235202835,142298.06672503002,0.2527677051778881,54.82429389149145,0.0,0.0,0.0,False,False,False
main,saa_n20,saa,2025-04-01,14,True,True,20,,,0.7,20.0,optimal_decomposed,78.19031660000473,78.18978349999816,0.0,1,3,15462.571691668592,498.3322510884244,15960.903942757017,15240.041020734507,15738.373271822931,125455.8130719484,0.0,51.93084417609072,0.0,0.0,0.0,False,False,False
main,saa_n20,saa,2025-04-01,15,True,True,20,,,0.7,20.0,optimal_decomposed,78.19031660000473,78.18978349999816,0.0,1,3,15462.571691668592,498.3322510884244,15960.903942757017,15141.275871366235,15639.60812245466,123162.83414918519,0.0,50.66451777474448,0.0,0.0,0.0,False,False,False
main,saa_n20,saa,2025-04-01,16,True,True,20,,,0.7,20.0,optimal_decomposed,78.19031660000473,78.18978349999816,0.0,1,3,15462.571691668592,498.3322510884244,15960.903942757017,14965.730394129438,15464.062645217862,119266.28668003621,0.0,50.47391869216538,0.0,0.0,0.0,False,False,False
main,saa_n20,saa,2025-04-01,17,True,True,20,,,0.7,20.0,optimal_decomposed,78.19031660000473,78.18978349999816,0.0,1,3,15462.571691668592,498.3322510884244,15960.903942757017,15444.441305334509,15942.773556422933,126409.38773553449,0.034387992661246425,63.0633645593727,0.0,0.0,0.0,False,False,False
main,saa_n20,saa,2025-04-01,18,True,True,20,,,0.7,20.0,optimal_decomposed,78.19031660000473,78.18978349999816,0.0,1,3,15462.571691668592,498.3322510884244,15960.903942757017,16005.041837967996,16503.37408905642,135204.81221309718,0.14865384669645454,57.053005649911135,0.0,0.0,0.0,False,False,False
main,saa_n20,saa,2025-04-01,19,True,True,20,,,0.7,20.0,optimal_decomposed,78.19031660000473,78.18978349999816,0.0,1,3,15462.571691668592,498.3322510884244,15960.903942757017,15534.407328565123,16032.739579653547,135951.84829143947,0.0,52.588844215688724,0.0,0.0,0.0,False,False,False
main,saa_n20,saa,2025-04-01,20,True,True,20,,,0.7,20.0,optimal_decomposed,78.19031660000473,78.18978349999816,0.0,1,3,15462.571691668592,498.3322510884244,15960.903942757017,15919.592788578735,16417.92503966716,139433.90586356373,0.013441030342042248,50.0801792679728,0.0,0.0,0.0,False,False,False
main,saa_n20,saa,2025-04-01,21,True,True,20,,,0.7,20.0,optimal_decomposed,78.19031660000473,78.18978349999816,0.0,1,3,15462.571691668592,498.3322510884244,15960.903942757017,15526.167868475,16024.500119563425,123471.05742845996,0.11031975404847838,49.879933268601,0.0,0.0,0.0,False,False,False
main,saa_n20,saa,2025-04-01,22,True,True,20,,,0.7,20.0,optimal_decomposed,78.19031660000473,78.18978349999816,0.0,1,3,15462.571691668592,498.3322510884244,15960.903942757017,15761.400142315704,16259.732393404129,135901.1637703869,0.0,54.73510068437878,0.0,0.0,0.0,False,False,False
main,saa_n20,saa,2025-04-01,23,True,True,20,,,0.7,20.0,optimal_decomposed,78.19031660000473,78.18978349999816,0.0,1,3,15462.571691668592,498.3322510884244,15960.903942757017,15728.047642446918,16226.379893535342,134714.21251754073,0.021475178897438107,51.50764493295805,0.0,0.0,0.0,False,False,False
main,saa_n20,saa,2025-04-01,24,True,True,20,,,0.7,20.0,optimal_decomposed,78.19031660000473,78.18978349999816,0.0,1,3,15462.571691668592,498.3322510884244,15960.903942757017,15219.72917865306,15718.061429741485,127847.33920689904,0.515093069627887,60.4779826102437,0.0,0.0,0.0,False,False,False
main,saa_n20,saa,2025-04-01,25,True,True,20,,,0.7,20.0,optimal_decomposed,78.19031660000473,78.18978349999816,0.0,1,3,15462.571691668592,498.3322510884244,15960.903942757017,17062.2904763956,17560.622727484024,163171.30321670728,0.0031968341231666253,49.40043957837912,0.0,0.0,0.0,False,False,False
main,saa_n20,saa,2025-04-01,26,True,True,20,,,0.7,20.0,optimal_decomposed,78.19031660000473,78.18978349999816,0.0,1,3,15462.571691668592,498.3322510884244,15960.903942757017,15520.91762134794,16019.249872436365,133753.7325672117,0.12444006706116179,59.70835402121468,0.0,0.0,0.0,False,False,False
main,saa_n20,saa,2025-04-01,27,True,True,20,,,0.7,20.0,optimal_decomposed,78.19031660000473,78.18978349999816,0.0,1,3,15462.571691668592,498.3322510884244,15960.903942757017,14992.88365784662,15491.215908935044,118858.89374871447,0.10613199091713754,59.800191657320504,0.0,0.0,0.0,False,False,False
main,saa_n20,saa,2025-04-01,28,True,True,20,,,0.7,20.0,optimal_decomposed,78.19031660000473,78.18978349999816,0.0,1,3,15462.571691668592,498.3322510884244,15960.903942757017,15700.139299174556,16198.47155026298,132313.58989254842,0.0,45.33045281591586,0.0,0.0,0.0,False,False,False
main,saa_n20,saa,2025-04-01,29,True,True,20,,,0.7,20.0,optimal_decomposed,78.19031660000473,78.18978349999816,0.0,1,3,15462.571691668592,498.3322510884244,15960.903942757017,16112.839394936631,16611.171646025054,141523.11356759147,0.0069351301915018815,40.517714018219536,0.0,0.0,0.0,False,False,False
main,saa_n20,saa,2025-04-01,30,True,True,20,,,0.7,20.0,optimal_decomposed,78.19031660000473,78.18978349999816,0.0,1,3,15462.571691668592,498.3322510884244,15960.903942757017,14872.47680203933,15370.809053127754,113460.26406011145,0.0,47.17852339314438,0.0,0.0,0.0,False,False,False
main,saa_n20,saa,2025-04-01,31,True,True,20,,,0.7,20.0,optimal_decomposed,78.19031660000473,78.18978349999816,0.0,1,3,15462.571691668592,498.3322510884244,15960.903942757017,15988.37908661596,16486.711337704382,147620.27593476302,0.0,51.81064923797618,0.0,0.0,0.0,False,False,False
main,saa_n20,saa,2025-04-01,32,True,True,20,,,0.7,20.0,optimal_decomposed,78.19031660000473,78.18978349999816,0.0,1,3,15462.571691668592,498.3322510884244,15960.903942757017,15122.111885222577,15620.444136311002,131112.03613311195,0.0,50.198840352009064,0.0,0.0,0.0,False,False,False
main,saa_n20,saa,2025-04-01,33,True,True,20,,,0.7,20.0,optimal_decomposed,78.19031660000473,78.18978349999816,0.0,1,3,15462.571691668592,498.3322510884244,15960.903942757017,16938.220662496227,17436.552913584652,161736.71159712426,0.1269282761939341,65.28002313361118,0.0,0.0,0.0,False,False,False
main,saa_n20,saa,2025-04-01,34,True,True,20,,,0.7,20.0,optimal_decomposed,78.19031660000473,78.18978349999816,0.0,1,3,15462.571691668592,498.3322510884244,15960.903942757017,15973.399503642246,16471.73175473067,138671.43334162363,0.0,56.12994952602994,0.0,0.0,0.0,False,False,False
main,saa_n20,saa,2025-04-01,35,True,True,20,,,0.7,20.0,optimal_decomposed,78.19031660000473,78.18978349999816,0.0,1,3,15462.571691668592,498.3322510884244,15960.903942757017,15398.900533994418,15897.232785082842,123921.74794635671,0.0,59.67738708129824,0.0,0.0,0.0,False,False,False
main,saa_n20,saa,2025-04-01,36,True,True,20,,,0.7,20.0,optimal_decomposed,78.19031660000473,78.18978349999816,0.0,1,3,15462.571691668592,498.3322510884244,15960.903942757017,15082.157301526162,15580.489552614587,123283.86034184058,0.0,64.27294783622168,0.0,0.0,0.0,False,False,False
main,saa_n20,saa,2025-04-01,37,True,True,20,,,0.7,20.0,optimal_decomposed,78.19031660000473,78.18978349999816,0.0,1,3,15462.571691668592,498.3322510884244,15960.903942757017,15244.2896033776,15742.621854466024,130814.52489901976,0.0,45.023498073751504,0.0,0.0,0.0,False,False,False
main,saa_n20,saa,2025-04-01,38,True,True,20,,,0.7,20.0,optimal_decomposed,78.19031660000473,78.18978349999816,0.0,1,3,15462.571691668592,498.3322510884244,15960.903942757017,15426.40301730785,15924.735268396274,131487.42991804224,0.0,51.46325081620872,0.0,0.0,0.0,False,False,False
main,saa_n20,saa,2025-04-01,39,True,True,20,,,0.7,20.0,optimal_decomposed,78.19031660000473,78.18978349999816,0.0,1,3,15462.571691668592,498.3322510884244,15960.903942757017,15875.808478827807,16374.140729916231,141958.0654438626,0.017974955226189526,48.17299782383996,0.0,0.0,0.0,False,False,False
main,saa_n20,saa,2025-04-01,40,True,True,20,,,0.7,20.0,optimal_decomposed,78.19031660000473,78.18978349999816,0.0,1,3,15462.571691668592,498.3322510884244,15960.903942757017,15882.267667061322,16380.599918149746,141290.91969357466,0.0,49.434407864365426,0.0,0.0,0.0,False,False,False
main,saa_n20,saa,2025-04-01,41,True,True,20,,,0.7,20.0,optimal_decomposed,78.19031660000473,78.18978349999816,0.0,1,3,15462.571691668592,498.3322510884244,15960.903942757017,16055.482696434168,16553.81494752259,137680.32720629172,0.0,44.95672184875464,0.0,0.0,0.0,False,False,False
main,saa_n20,saa,2025-04-01,42,True,True,20,,,0.7,20.0,optimal_decomposed,78.19031660000473,78.18978349999816,0.0,1,3,15462.571691668592,498.3322510884244,15960.903942757017,15597.090222343142,16095.422473431567,137724.08557800986,0.0,60.3655977553878,0.0,0.0,0.0,False,False,False
main,saa_n20,saa,2025-04-01,43,True,True,20,,,0.7,20.0,optimal_decomposed,78.19031660000473,78.18978349999816,0.0,1,3,15462.571691668592,498.3322510884244,15960.903942757017,14989.143273372474,15487.475524460899,120370.37910331356,0.0,52.97928205767216,0.0,0.0,0.0,False,False,False
main,saa_n20,saa,2025-04-01,44,True,True,20,,,0.7,20.0,optimal_decomposed,78.19031660000473,78.18978349999816,0.0,1,3,15462.571691668592,498.3322510884244,15960.903942757017,15504.637517217125,16002.96976830555,126209.41872033094,0.01218583046761601,55.707065171807194,0.0,0.0,0.0,False,False,False
main,saa_n20,saa,2025-04-01,45,True,True,20,,,0.7,20.0,optimal_decomposed,78.19031660000473,78.18978349999816,0.0,1,3,15462.571691668592,498.3322510884244,15960.903942757017,16237.331338953467,16735.66359004189,142508.97004775502,0.05802971654223388,56.41514507413419,0.0,0.0,0.0,False,False,False
main,saa_n20,saa,2025-04-01,46,True,True,20,,,0.7,20.0,optimal_decomposed,78.19031660000473,78.18978349999816,0.0,1,3,15462.571691668592,498.3322510884244,15960.903942757017,15657.022938214817,16155.355189303242,135087.25567643702,0.31697060898491874,54.76094011370047,0.0,0.0,0.0,False,False,False
main,saa_n20,saa,2025-04-01,47,True,True,20,,,0.7,20.0,optimal_decomposed,78.19031660000473,78.18978349999816,0.0,1,3,15462.571691668592,498.3322510884244,15960.903942757017,15883.034962449123,16381.367213537547,141943.18091936945,0.08902901865368418,52.919922428250416,0.0,0.0,0.0,False,False,False
main,saa_n20,saa,2025-04-01,48,True,True,20,,,0.7,20.0,optimal_decomposed,78.19031660000473,78.18978349999816,0.0,1,3,15462.571691668592,498.3322510884244,15960.903942757017,16470.760316424014,16969.092567512438,149857.78901123395,0.0014028264297649695,49.62294620975955,0.0,0.0,0.0,False,False,False
main,saa_n20,saa,2025-04-01,49,True,True,20,,,0.7,20.0,optimal_decomposed,78.19031660000473,78.18978349999816,0.0,1,3,15462.571691668592,498.3322510884244,15960.903942757017,16131.774069776375,16630.106320864797,145786.16917657896,0.1545577632852626,60.67925625467011,0.0,0.0,0.0,False,False,False
main,saa_n20,saa,2025-04-01,50,True,True,20,,,0.7,20.0,optimal_decomposed,78.19031660000473,78.18978349999816,0.0,1,3,15462.571691668592,498.3322510884244,15960.903942757017,15318.792267684232,15817.124518772656,135469.6238952282,0.0,58.32266295423388,0.0,0.0,0.0,False,False,False
main,saa_n20,saa,2025-04-01,51,True,True,20,,,0.7,20.0,optimal_decomposed,78.19031660000473,78.18978349999816,0.0,1,3,15462.571691668592,498.3322510884244,15960.903942757017,15107.051616875766,15605.38386796419,126624.99764099227,0.0,53.264235949492864,0.0,0.0,0.0,False,False,False
main,saa_n20,saa,2025-04-01,52,True,True,20,,,0.7,20.0,optimal_decomposed,78.19031660000473,78.18978349999816,0.0,1,3,15462.571691668592,498.3322510884244,15960.903942757017,16236.472291172866,16734.80454226129,145009.60437950245,0.18624177555781962,55.518455103744905,0.0,0.0,0.0,False,False,False
main,saa_n20,saa,2025-04-01,53,True,True,20,,,0.7,20.0,optimal_decomposed,78.19031660000473,78.18978349999816,0.0,1,3,15462.571691668592,498.3322510884244,15960.903942757017,15617.303128590664,16115.635379679088,130561.99815137796,0.0,48.27639602088258,0.0,0.0,0.0,False,False,False
main,saa_n20,saa,2025-04-01,54,True,True,20,,,0.7,20.0,optimal_decomposed,78.19031660000473,78.18978349999816,0.0,1,3,15462.571691668592,498.3322510884244,15960.903942757017,16312.83263659006,16811.164887678482,144556.27542821996,0.0,52.680459727327694,0.0,0.0,0.0,False,False,False
main,saa_n20,saa,2025-04-01,55,True,True,20,,,0.7,20.0,optimal_decomposed,78.19031660000473,78.18978349999816,0.0,1,3,15462.571691668592,498.3322510884244,15960.903942757017,15514.988190579488,16013.320441667913,132293.92562135626,0.0,56.16388719564819,0.0,0.0,0.0,False,False,False
main,saa_n20,saa,2025-04-01,56,True,True,20,,,0.7,20.0,optimal_decomposed,78.19031660000473,78.18978349999816,0.0,1,3,15462.571691668592,498.3322510884244,15960.903942757017,15804.488205279282,16302.820456367706,137364.53956231952,0.0,41.53508311467984,0.0,0.0,0.0,False,False,False
main,saa_n20,saa,2025-04-01,57,True,True,20,,,0.7,20.0,optimal_decomposed,78.19031660000473,78.18978349999816,0.0,1,3,15462.571691668592,498.3322510884244,15960.903942757017,15428.191682393797,15926.523933482222,131418.0321553393,0.09578326234510515,52.62037584096636,0.0,0.0,0.0,False,False,False
main,saa_n20,saa,2025-04-01,58,True,True,20,,,0.7,20.0,optimal_decomposed,78.19031660000473,78.18978349999816,0.0,1,3,15462.571691668592,498.3322510884244,15960.903942757017,16537.368845887737,17035.70109697616,150075.7502942074,0.0,60.81304818285216,0.0,0.0,0.0,False,False,False
main,saa_n20,saa,2025-04-01,59,True,True,20,,,0.7,20.0,optimal_decomposed,78.19031660000473,78.18978349999816,0.0,1,3,15462.571691668592,498.3322510884244,15960.903942757017,16425.464055069915,16923.79630615834,150094.83747975383,0.0,54.17897963272501,0.0,0.0,0.0,False,False,False
main,saa_n20,saa,2025-04-01,60,True,True,20,,,0.7,20.0,optimal_decomposed,78.19031660000473,78.18978349999816,0.0,1,3,15462.571691668592,498.3322510884244,15960.903942757017,15781.438736106495,16279.77098719492,140155.22905135594,0.03794669729082256,56.61557225889799,0.0,0.0,0.0,False,False,False
main,saa_n20,saa,2025-04-01,61,True,True,20,,,0.7,20.0,optimal_decomposed,78.19031660000473,78.18978349999816,0.0,1,3,15462.571691668592,498.3322510884244,15960.903942757017,15745.344739481923,16243.676990570348,137648.21406527873,0.32707710223367276,44.423891955306686,0.0,0.0,0.0,False,False,False
main,saa_n20,saa,2025-04-01,62,True,True,20,,,0.7,20.0,optimal_decomposed,78.19031660000473,78.18978349999816,0.0,1,3,15462.571691668592,498.3322510884244,15960.903942757017,15089.771700432584,15588.103951521009,123353.92549613735,0.0,58.41335420391275,0.0,0.0,0.0,False,False,False
main,saa_n20,saa,2025-04-01,63,True,True,20,,,0.7,20.0,optimal_decomposed,78.19031660000473,78.18978349999816,0.0,1,3,15462.571691668592,498.3322510884244,15960.903942757017,15750.778779278538,16249.111030366963,130611.10508998936,0.0,62.10591231593084,0.0,0.0,0.0,False,False,False
main,saa_n20,saa,2025-04-01,64,True,True,20,,,0.7,20.0,optimal_decomposed,78.19031660000473,78.18978349999816,0.0,1,3,15462.571691668592,498.3322510884244,15960.903942757017,15373.07306930485,15871.405320393274,122442.4148449311,0.12712412253472483,49.56094914552931,0.0,0.0,0.0,False,False,False
main,saa_n20,saa,2025-04-01,65,True,True,20,,,0.7,20.0,optimal_decomposed,78.19031660000473,78.18978349999816,0.0,1,3,15462.571691668592,498.3322510884244,15960.903942757017,15979.968068016344,16478.30031910477,134575.14178099192,0.0,59.23286984468159,0.0,0.0,0.0,False,False,False
main,saa_n20,saa,2025-04-01,66,True,True,20,,,0.7,20.0,optimal_decomposed,78.19031660000473,78.18978349999816,0.0,1,3,15462.571691668592,498.3322510884244,15960.903942757017,15915.338386954701,16413.670638043124,139330.85650771804,0.0,61.828103312827146,0.0,0.0,0.0,False,False,False
main,saa_n20,saa,2025-04-01,67,True,True,20,,,0.7,20.0,optimal_decomposed,78.19031660000473,78.18978349999816,0.0,1,3,15462.571691668592,498.3322510884244,15960.903942757017,14747.83379343159,15246.166044520014,119614.07232033956,0.0,57.158764697440574,0.0,0.0,0.0,False,False,False
main,saa_n20,saa,2025-04-01,68,True,True,20,,,0.7,20.0,optimal_decomposed,78.19031660000473,78.18978349999816,0.0,1,3,15462.571691668592,498.3322510884244,15960.903942757017,16712.201260902377,17210.5335119908,157523.4441799086,0.04110541829500369,56.009651213736966,0.0,0.0,0.0,False,False,False
main,saa_n20,saa,2025-04-01,69,True,True,20,,,0.7,20.0,optimal_decomposed,78.19031660000473,78.18978349999816,0.0,1,3,15462.571691668592,498.3322510884244,15960.903942757017,16926.90236162273,17425.234612711156,152319.8536131635,0.0761386334105818,58.44237381326448,0.0,0.0,0.0,False,False,False
main,saa_n20,saa,2025-04-01,70,True,True,20,,,0.7,20.0,optimal_decomposed,78.19031660000473,78.18978349999816,0.0,1,3,15462.571691668592,498.3322510884244,15960.903942757017,16039.022018626267,16537.35426971469,145563.37045294454,0.32813990336058585,61.182159272938335,0.0,0.0,0.0,False,False,False
main,saa_n20,saa,2025-04-01,71,True,True,20,,,0.7,20.0,optimal_decomposed,78.19031660000473,78.18978349999816,0.0,1,3,15462.571691668592,498.3322510884244,15960.903942757017,15017.052411322284,15515.384662410708,129273.53550460479,0.0,58.233586466879686,0.0,0.0,0.0,False,False,False
main,saa_n20,saa,2025-04-01,72,True,True,20,,,0.7,20.0,optimal_decomposed,78.19031660000473,78.18978349999816,0.0,1,3,15462.571691668592,498.3322510884244,15960.903942757017,15509.41531494342,16007.747566031845,129532.25500677666,0.08832469441721513,60.78280472076319,0.0,0.0,0.0,False,False,False
main,saa_n20,saa,2025-04-01,73,True,True,20,,,0.7,20.0,optimal_decomposed,78.19031660000473,78.18978349999816,0.0,1,3,15462.571691668592,498.3322510884244,15960.903942757017,15644.950722129706,16143.28297321813,130576.53332999225,0.11968475238152054,51.79043040831827,0.0,0.0,0.0,False,False,False
main,saa_n20,saa,2025-04-01,74,True,True,20,,,0.7,20.0,optimal_decomposed,78.19031660000473,78.18978349999816,0.0,1,3,15462.571691668592,498.3322510884244,15960.903942757017,15350.999972936363,15849.332224024787,121387.51267531607,0.1024183922627111,54.769476245830155,0.0,0.0,0.0,False,False,False
main,saa_n20,saa,2025-04-01,75,True,True,20,,,0.7,20.0,optimal_decomposed,78.19031660000473,78.18978349999816,0.0,1,3,15462.571691668592,498.3322510884244,15960.903942757017,15892.220891319825,16390.553142408247,136081.8941280625,0.15299189266767405,48.337706927274,0.0,0.0,0.0,False,False,False
main,saa_n20,saa,2025-04-01,76,True,True,20,,,0.7,20.0,optimal_decomposed,78.19031660000473,78.18978349999816,0.0,1,3,15462.571691668592,498.3322510884244,15960.903942757017,16411.24897577665,16909.581226865073,153476.93617873656,0.0,54.05678775299369,0.0,0.0,0.0,False,False,False
main,saa_n20,saa,2025-04-01,77,True,True,20,,,0.7,20.0,optimal_decomposed,78.19031660000473,78.18978349999816,0.0,1,3,15462.571691668592,498.3322510884244,15960.903942757017,14918.370523596335,15416.70277468476,121574.84083566505,0.0,47.835139159834284,0.0,0.0,0.0,False,False,False
main,saa_n20,saa,2025-04-01,78,True,True,20,,,0.7,20.0,optimal_decomposed,78.19031660000473,78.18978349999816,0.0,1,3,15462.571691668592,498.3322510884244,15960.903942757017,15414.672382153993,15913.004633242417,126292.24174642598,0.16051473160438812,54.315616167125214,0.0,0.0,0.0,False,False,False
main,saa_n20,saa,2025-04-01,79,True,True,20,,,0.7,20.0,optimal_decomposed,78.19031660000473,78.18978349999816,0.0,1,3,15462.571691668592,498.3322510884244,15960.903942757017,16159.480944355711,16657.813195444134,144969.53662611605,0.0,49.3304729603018,0.0,0.0,0.0,False,False,False
main,saa_n20,saa,2025-04-01,80,True,True,20,,,0.7,20.0,optimal_decomposed,78.19031660000473,78.18978349999816,0.0,1,3,15462.571691668592,498.3322510884244,15960.903942757017,16295.953413242112,16794.285664330535,145608.52692666257,0.22523467549885492,49.071697472826315,0.0,0.0,0.0,False,False,False
main,saa_n20,saa,2025-04-01,81,True,True,20,,,0.7,20.0,optimal_decomposed,78.19031660000473,78.18978349999816,0.0,1,3,15462.571691668592,498.3322510884244,15960.903942757017,15705.269935900473,16203.602186988897,131346.77566387996,0.09091145526397498,60.059096669297524,0.0,0.0,0.0,False,False,False
main,saa_n20,saa,2025-04-01,82,True,True,20,,,0.7,20.0,optimal_decomposed,78.19031660000473,78.18978349999816,0.0,1,3,15462.571691668592,498.3322510884244,15960.903942757017,15354.946731060994,15853.278982149419,130382.28379080175,0.018680520379611265,47.79886579087729,0.0,0.0,0.0,False,False,False
main,saa_n20,saa,2025-04-01,83,True,True,20,,,0.7,20.0,optimal_decomposed,78.19031660000473,78.18978349999816,0.0,1,3,15462.571691668592,498.3322510884244,15960.903942757017,16229.516155483123,16727.848406571546,149064.07682238278,0.015287495644625393,48.50504184657368,0.0,0.0,0.0,False,False,False
main,saa_n20,saa,2025-04-01,84,True,True,20,,,0.7,20.0,optimal_decomposed,78.19031660000473,78.18978349999816,0.0,1,3,15462.571691668592,498.3322510884244,15960.903942757017,16324.694663950855,16823.026915039278,148099.76898221576,0.09372151882316332,50.15150500905238,0.0,0.0,0.0,False,False,False
main,saa_n20,saa,2025-04-01,85,True,True,20,,,0.7,20.0,optimal_decomposed,78.19031660000473,78.18978349999816,0.0,1,3,15462.571691668592,498.3322510884244,15960.903942757017,16036.3355358345,16534.667786922924,136901.27336866152,0.0,63.48883989277585,0.0,0.0,0.0,False,False,False
main,saa_n20,saa,2025-04-01,86,True,True,20,,,0.7,20.0,optimal_decomposed,78.19031660000473,78.18978349999816,0.0,1,3,15462.571691668592,498.3322510884244,15960.903942757017,15877.403504927755,16375.73575601618,138018.15062846144,0.057397445450569295,45.34868131110272,0.0,0.0,0.0,False,False,False
main,saa_n20,saa,2025-04-01,87,True,True,20,,,0.7,20.0,optimal_decomposed,78.19031660000473,78.18978349999816,0.0,1,3,15462.571691668592,498.3322510884244,15960.903942757017,14777.48656165114,15275.818812739564,118977.7168535775,0.16657311128693653,49.339710132523315,0.0,0.0,0.0,False,False,False
main,saa_n20,saa,2025-04-01,88,True,True,20,,,0.7,20.0,optimal_decomposed,78.19031660000473,78.18978349999816,0.0,1,3,15462.571691668592,498.3322510884244,15960.903942757017,15188.01799685002,15686.350247938444,121198.05628415741,0.0,62.10140447662373,0.0,0.0,0.0,False,False,False
main,saa_n20,saa,2025-04-01,89,True,True,20,,,0.7,20.0,optimal_decomposed,78.19031660000473,78.18978349999816,0.0,1,3,15462.571691668592,498.3322510884244,15960.903942757017,16010.668949866526,16509.00120095495,136167.50369350734,0.0,52.55467169970622,0.0,0.0,0.0,False,False,False
main,saa_n20,saa,2025-04-01,90,True,True,20,,,0.7,20.0,optimal_decomposed,78.19031660000473,78.18978349999816,0.0,1,3,15462.571691668592,498.3322510884244,15960.903942757017,15686.670475042973,16185.002726131397,131228.12236340446,0.23595996311606177,58.151328097209344,0.0,0.0,0.0,False,False,False
main,saa_n20,saa,2025-04-01,91,True,True,20,,,0.7,20.0,optimal_decomposed,78.19031660000473,78.18978349999816,0.0,1,3,15462.571691668592,498.3322510884244,15960.903942757017,14840.566139394423,15338.898390482847,113276.44499984446,0.0,54.73944990692383,0.0,0.0,0.0,False,False,False
main,saa_n20,saa,2025-04-01,92,True,True,20,,,0.7,20.0,optimal_decomposed,78.19031660000473,78.18978349999816,0.0,1,3,15462.571691668592,498.3322510884244,15960.903942757017,15294.476360522653,15792.808611611077,125023.4504414654,0.0,44.91183326592974,0.0,0.0,0.0,False,False,False
main,saa_n20,saa,2025-04-01,93,True,True,20,,,0.7,20.0,optimal_decomposed,78.19031660000473,78.18978349999816,0.0,1,3,15462.571691668592,498.3322510884244,15960.903942757017,15420.553882599317,15918.886133687742,135436.34952300432,0.0,55.80733918712022,0.0,0.0,0.0,False,False,False
main,saa_n20,saa,2025-04-01,94,True,True,20,,,0.7,20.0,optimal_decomposed,78.19031660000473,78.18978349999816,0.0,1,3,15462.571691668592,498.3322510884244,15960.903942757017,15315.401568892821,15813.733819981246,127220.03300961574,0.0,49.24789011652787,0.0,0.0,0.0,False,False,False
main,saa_n20,saa,2025-04-01,95,True,True,20,,,0.7,20.0,optimal_decomposed,78.19031660000473,78.18978349999816,0.0,1,3,15462.571691668592,498.3322510884244,15960.903942757017,15075.967316819782,15574.299567908207,124173.2039173716,0.0,54.70533361770215,0.0,0.0,0.0,False,False,False
main,saa_n20,saa,2025-04-01,96,True,True,20,,,0.7,20.0,optimal_decomposed,78.19031660000473,78.18978349999816,0.0,1,3,15462.571691668592,498.3322510884244,15960.903942757017,15184.230770592663,15682.563021681088,130470.2026107668,0.02508328057385023,55.057884377317635,0.0,0.0,0.0,False,False,False
main,saa_n20,saa,2025-04-01,97,True,True,20,,,0.7,20.0,optimal_decomposed,78.19031660000473,78.18978349999816,0.0,1,3,15462.571691668592,498.3322510884244,15960.903942757017,15394.329314461853,15892.661565550277,128051.32589542968,0.0,55.82316247439139,0.0,0.0,0.0,False,False,False
main,saa_n20,saa,2025-04-01,98,True,True,20,,,0.7,20.0,optimal_decomposed,78.19031660000473,78.18978349999816,0.0,1,3,15462.571691668592,498.3322510884244,15960.903942757017,15492.871755070808,15991.204006159232,129058.19379624825,0.05059828523035487,44.89892295774054,0.0,0.0,0.0,False,False,False
main,saa_n20,saa,2025-04-01,99,True,True,20,,,0.7,20.0,optimal_decomposed,78.19031660000473,78.18978349999816,0.0,1,3,15462.571691668592,498.3322510884244,15960.903942757017,15127.548757182483,15625.881008270908,125042.86942006157,0.0,56.330595046734324,0.0,0.0,0.0,False,False,False
main,saa_n20,saa,2025-07-01,0,True,True,20,,,0.7,20.0,optimal_decomposed,186.9119337000011,186.91086619999987,0.0,2,4,15865.460962360701,295.2709491819031,16160.731911542603,15019.352160805172,15314.623109987075,151734.9160948478,0.024899057179365136,60.77135879136046,0.0,0.0,0.0,False,False,False
main,saa_n20,saa,2025-07-01,1,True,True,20,,,0.7,20.0,optimal_decomposed,186.9119337000011,186.91086619999987,0.0,2,4,15865.460962360701,295.2709491819031,16160.731911542603,16300.742050066392,16596.012999248294,168739.52426632485,0.10409303161003575,68.25527880164232,0.0,0.0,0.0,False,False,False
main,saa_n20,saa,2025-07-01,2,True,True,20,,,0.7,20.0,optimal_decomposed,186.9119337000011,186.91086619999987,0.0,2,4,15865.460962360701,295.2709491819031,16160.731911542603,15564.277785262839,15859.548734444741,161597.41547952278,0.0991245312558918,54.76545433210776,0.0,0.0,0.0,False,False,False
main,saa_n20,saa,2025-07-01,3,True,True,20,,,0.7,20.0,optimal_decomposed,186.9119337000011,186.91086619999987,0.0,2,4,15865.460962360701,295.2709491819031,16160.731911542603,16013.791233557928,16309.06218273983,169169.3783448472,0.06433926040091498,61.40656788555809,0.0,0.0,0.0,False,False,False
main,saa_n20,saa,2025-07-01,4,True,True,20,,,0.7,20.0,optimal_decomposed,186.9119337000011,186.91086619999987,0.0,2,4,15865.460962360701,295.2709491819031,16160.731911542603,15727.40039430131,16022.671343483213,167481.42982032645,0.05618064533505007,54.306003777083845,0.0,0.0,0.0,False,False,False
main,saa_n20,saa,2025-07-01,5,True,True,20,,,0.7,20.0,optimal_decomposed,186.9119337000011,186.91086619999987,0.0,2,4,15865.460962360701,295.2709491819031,16160.731911542603,16224.873790863283,16520.144740045187,179962.48204278215,0.0,60.89164287506082,0.0,0.0,0.0,False,False,False
main,saa_n20,saa,2025-07-01,6,True,True,20,,,0.7,20.0,optimal_decomposed,186.9119337000011,186.91086619999987,0.0,2,4,15865.460962360701,295.2709491819031,16160.731911542603,16618.915000927296,16914.1859501092,172721.70984027156,0.0,58.87307571626512,0.0,0.0,0.0,False,False,False
main,saa_n20,saa,2025-07-01,7,True,True,20,,,0.7,20.0,optimal_decomposed,186.9119337000011,186.91086619999987,0.0,2,4,15865.460962360701,295.2709491819031,16160.731911542603,15915.286754157449,16210.557703339351,156657.1366002266,0.03662841490251659,56.57146854265422,0.0,0.0,0.0,False,False,False
main,saa_n20,saa,2025-07-01,8,True,True,20,,,0.7,20.0,optimal_decomposed,186.9119337000011,186.91086619999987,0.0,2,4,15865.460962360701,295.2709491819031,16160.731911542603,16033.5508743161,16328.821823498003,169931.5467920222,0.18789212418935958,58.627666985624096,0.0,0.0,0.0,False,False,False
main,saa_n20,saa,2025-07-01,9,True,True,20,,,0.7,20.0,optimal_decomposed,186.9119337000011,186.91086619999987,0.0,2,4,15865.460962360701,295.2709491819031,16160.731911542603,16345.853104791158,16641.12405397306,172889.86929020242,0.37781352769242527,66.62067116696261,0.0,0.0,0.0,False,False,False
main,saa_n20,saa,2025-07-01,10,True,True,20,,,0.7,20.0,optimal_decomposed,186.9119337000011,186.91086619999987,0.0,2,4,15865.460962360701,295.2709491819031,16160.731911542603,15813.060332384908,16108.33128156681,163221.31434353744,0.0,55.725380863166414,0.0,0.0,0.0,False,False,False
main,saa_n20,saa,2025-07-01,11,True,True,20,,,0.7,20.0,optimal_decomposed,186.9119337000011,186.91086619999987,0.0,2,4,15865.460962360701,295.2709491819031,16160.731911542603,15906.973345061171,16202.244294243073,162621.0560642627,0.0,52.58851214510244,0.0,0.0,0.0,False,False,False
main,saa_n20,saa,2025-07-01,12,True,True,20,,,0.7,20.0,optimal_decomposed,186.9119337000011,186.91086619999987,0.0,2,4,15865.460962360701,295.2709491819031,16160.731911542603,16279.586685201622,16574.857634383527,175848.5533159856,0.0,54.51409837881043,0.0,0.0,0.0,False,False,False
main,saa_n20,saa,2025-07-01,13,True,True,20,,,0.7,20.0,optimal_decomposed,186.9119337000011,186.91086619999987,0.0,2,4,15865.460962360701,295.2709491819031,16160.731911542603,16602.668476210583,16897.939425392487,176965.72986838242,0.16538045712084698,61.56546039043524,0.0,0.0,0.0,False,False,False
main,saa_n20,saa,2025-07-01,14,True,True,20,,,0.7,20.0,optimal_decomposed,186.9119337000011,186.91086619999987,0.0,2,4,15865.460962360701,295.2709491819031,16160.731911542603,15627.227660462328,15922.49860964423,158971.1010623003,0.11547156010994553,57.62181069632056,0.0,0.0,0.0,False,False,False
main,saa_n20,saa,2025-07-01,15,True,True,20,,,0.7,20.0,optimal_decomposed,186.9119337000011,186.91086619999987,0.0,2,4,15865.460962360701,295.2709491819031,16160.731911542603,15384.48036726133,15679.751316443233,154572.40466134445,0.03892304189458676,52.94780562870128,0.0,0.0,0.0,False,False,False
main,saa_n20,saa,2025-07-01,16,True,True,20,,,0.7,20.0,optimal_decomposed,186.9119337000011,186.91086619999987,0.0,2,4,15865.460962360701,295.2709491819031,16160.731911542603,15323.2327779919,15618.503727173802,151798.74847066627,0.05330805160179122,56.150295017063584,0.0,0.0,0.0,False,False,False
main,saa_n20,saa,2025-07-01,17,True,True,20,,,0.7,20.0,optimal_decomposed,186.9119337000011,186.91086619999987,0.0,2,4,15865.460962360701,295.2709491819031,16160.731911542603,16037.608678647939,16332.879627829841,157898.47714197158,0.0,66.66775411933037,0.0,0.0,0.0,False,False,False
main,saa_n20,saa,2025-07-01,18,True,True,20,,,0.7,20.0,optimal_decomposed,186.9119337000011,186.91086619999987,0.0,2,4,15865.460962360701,295.2709491819031,16160.731911542603,16534.666454228267,16829.93740341017,168268.1129948586,0.0,60.9658443624764,0.0,0.0,0.0,False,False,False
main,saa_n20,saa,2025-07-01,19,True,True,20,,,0.7,20.0,optimal_decomposed,186.9119337000011,186.91086619999987,0.0,2,4,15865.460962360701,295.2709491819031,16160.731911542603,15714.141694981272,16009.412644163174,168176.63779667797,0.0982226165947444,56.40952170068075,0.0,0.0,0.0,False,False,False
main,saa_n20,saa,2025-07-01,20,True,True,20,,,0.7,20.0,optimal_decomposed,186.9119337000011,186.91086619999987,0.0,2,4,15865.460962360701,295.2709491819031,16160.731911542603,16497.77336569723,16793.044314879135,173459.56629501627,0.0,54.081724705507135,0.0,0.0,0.0,False,False,False
main,saa_n20,saa,2025-07-01,21,True,True,20,,,0.7,20.0,optimal_decomposed,186.9119337000011,186.91086619999987,0.0,2,4,15865.460962360701,295.2709491819031,16160.731911542603,15793.14401551784,16088.414964699743,156039.96975239445,0.16282876003569352,53.466821327500504,0.0,0.0,0.0,False,False,False
main,saa_n20,saa,2025-07-01,22,True,True,20,,,0.7,20.0,optimal_decomposed,186.9119337000011,186.91086619999987,0.0,2,4,15865.460962360701,295.2709491819031,16160.731911542603,16254.79404092543,16550.064990107334,170128.26038205338,0.0037261903763918247,57.631376538830374,0.0,0.0,0.0,False,False,False
main,saa_n20,saa,2025-07-01,23,True,True,20,,,0.7,20.0,optimal_decomposed,186.9119337000011,186.91086619999987,0.0,2,4,15865.460962360701,295.2709491819031,16160.731911542603,16063.450243558704,16358.721192740606,169375.15363276264,0.0,58.2525993752912,0.0,0.0,0.0,False,False,False
main,saa_n20,saa,2025-07-01,24,True,True,20,,,0.7,20.0,optimal_decomposed,186.9119337000011,186.91086619999987,0.0,2,4,15865.460962360701,295.2709491819031,16160.731911542603,16052.546557273752,16347.817506455654,160509.26873663825,0.12291751909925211,66.26209684273181,0.0,0.0,0.0,False,False,False
main,saa_n20,saa,2025-07-01,25,True,True,20,,,0.7,20.0,optimal_decomposed,186.9119337000011,186.91086619999987,0.0,2,4,15865.460962360701,295.2709491819031,16160.731911542603,17572.277001885115,17867.54795106702,199147.79407982167,0.0,54.54188183692297,0.0,0.0,0.0,False,False,False
main,saa_n20,saa,2025-07-01,26,True,True,20,,,0.7,20.0,optimal_decomposed,186.9119337000011,186.91086619999987,0.0,2,4,15865.460962360701,295.2709491819031,16160.731911542603,15831.454981365183,16126.725930547085,166688.87921589776,0.1634156337870716,65.71753566664007,0.0,0.0,0.0,False,False,False
main,saa_n20,saa,2025-07-01,27,True,True,20,,,0.7,20.0,optimal_decomposed,186.9119337000011,186.91086619999987,0.0,2,4,15865.460962360701,295.2709491819031,16160.731911542603,15199.022536820365,15494.293486002267,151489.6692740074,0.29195969009743283,65.09313819003756,0.0,0.0,0.0,False,False,False
main,saa_n20,saa,2025-07-01,28,True,True,20,,,0.7,20.0,optimal_decomposed,186.9119337000011,186.91086619999987,0.0,2,4,15865.460962360701,295.2709491819031,16160.731911542603,16122.099153385027,16417.37010256693,166182.8030154108,0.03057335504184258,50.50324742329233,0.0,0.0,0.0,False,False,False
main,saa_n20,saa,2025-07-01,29,True,True,20,,,0.7,20.0,optimal_decomposed,186.9119337000011,186.91086619999987,0.0,2,4,15865.460962360701,295.2709491819031,16160.731911542603,16158.410040521634,16453.68098970354,175754.76365568987,0.048161152928460654,47.64927787950916,0.0,0.0,0.0,False,False,False
main,saa_n20,saa,2025-07-01,30,True,True,20,,,0.7,20.0,optimal_decomposed,186.9119337000011,186.91086619999987,0.0,2,4,15865.460962360701,295.2709491819031,16160.731911542603,15452.66772775537,15747.938676937272,145576.50341356284,0.09923312892772787,54.50183071086811,0.0,0.0,0.0,False,False,False
main,saa_n20,saa,2025-07-01,31,True,True,20,,,0.7,20.0,optimal_decomposed,186.9119337000011,186.91086619999987,0.0,2,4,15865.460962360701,295.2709491819031,16160.731911542603,16544.35988437334,16839.630833555246,183245.1381993414,0.0,56.38254229453345,0.0,0.0,0.0,False,False,False
main,saa_n20,saa,2025-07-01,32,True,True,20,,,0.7,20.0,optimal_decomposed,186.9119337000011,186.91086619999987,0.0,2,4,15865.460962360701,295.2709491819031,16160.731911542603,15667.847749928009,15963.118699109911,164050.396646899,0.0,64.40424737835376,0.0,0.0,0.0,False,False,False
main,saa_n20,saa,2025-07-01,33,True,True,20,,,0.7,20.0,optimal_decomposed,186.9119337000011,186.91086619999987,0.0,2,4,15865.460962360701,295.2709491819031,16160.731911542603,17118.081920529214,17413.352869711118,198799.06132558934,0.06421879016997209,72.4102507816529,0.0,0.0,0.0,False,False,False
main,saa_n20,saa,2025-07-01,34,True,True,20,,,0.7,20.0,optimal_decomposed,186.9119337000011,186.91086619999987,0.0,2,4,15865.460962360701,295.2709491819031,16160.731911542603,16492.52954318004,16787.800492361945,173548.97394503857,0.0,61.09328678852922,0.0,0.0,0.0,False,False,False
main,saa_n20,saa,2025-07-01,35,True,True,20,,,0.7,20.0,optimal_decomposed,186.9119337000011,186.91086619999987,0.0,2,4,15865.460962360701,295.2709491819031,16160.731911542603,16032.705790259548,16327.97673944145,155981.8443455333,0.0,61.75680634238082,0.0,0.0,0.0,False,False,False
main,saa_n20,saa,2025-07-01,36,True,True,20,,,0.7,20.0,optimal_decomposed,186.9119337000011,186.91086619999987,0.0,2,4,15865.460962360701,295.2709491819031,16160.731911542603,15374.425644206012,15669.696593387915,155390.66326768257,0.0,67.33834704974306,0.0,0.0,0.0,False,False,False
main,saa_n20,saa,2025-07-01,37,True,True,20,,,0.7,20.0,optimal_decomposed,186.9119337000011,186.91086619999987,0.0,2,4,15865.460962360701,295.2709491819031,16160.731911542603,15683.483078342606,15978.754027524508,163099.13604997436,0.0,47.936717093158194,0.0,0.0,0.0,False,False,False
main,saa_n20,saa,2025-07-01,38,True,True,20,,,0.7,20.0,optimal_decomposed,186.9119337000011,186.91086619999987,0.0,2,4,15865.460962360701,295.2709491819031,16160.731911542603,15812.261002901949,16107.531952083851,165576.0042540758,0.11501517681142803,51.03659780047082,0.0,0.0,0.0,False,False,False
main,saa_n20,saa,2025-07-01,39,True,True,20,,,0.7,20.0,optimal_decomposed,186.9119337000011,186.91086619999987,0.0,2,4,15865.460962360701,295.2709491819031,16160.731911542603,15995.420983107959,16290.691932289861,175152.24185655764,0.07505931295524138,52.372000055291494,0.0,0.0,0.0,False,False,False
main,saa_n20,saa,2025-07-01,40,True,True,20,,,0.7,20.0,optimal_decomposed,186.9119337000011,186.91086619999987,0.0,2,4,15865.460962360701,295.2709491819031,16160.731911542603,16357.325158674434,16652.596107856338,176316.8537244878,0.0,48.510570261485896,0.0,0.0,0.0,False,False,False
main,saa_n20,saa,2025-07-01,41,True,True,20,,,0.7,20.0,optimal_decomposed,186.9119337000011,186.91086619999987,0.0,2,4,15865.460962360701,295.2709491819031,16160.731911542603,16003.41793557101,16298.688884752912,171258.14969116787,0.0248711264275826,43.784523209717854,0.0,0.0,0.0,False,False,False
main,saa_n20,saa,2025-07-01,42,True,True,20,,,0.7,20.0,optimal_decomposed,186.9119337000011,186.91086619999987,0.0,2,4,15865.460962360701,295.2709491819031,16160.731911542603,16406.819389134944,16702.090338316848,170951.2389121095,0.3042219625081675,65.65996227182634,0.0,0.0,0.0,False,False,False
main,saa_n20,saa,2025-07-01,43,True,True,20,,,0.7,20.0,optimal_decomposed,186.9119337000011,186.91086619999987,0.0,2,4,15865.460962360701,295.2709491819031,16160.731911542603,15268.367070155558,15563.63801933746,152629.69554823198,0.22525950036816725,58.417951282199226,0.0,0.0,0.0,False,False,False
main,saa_n20,saa,2025-07-01,44,True,True,20,,,0.7,20.0,optimal_decomposed,186.9119337000011,186.91086619999987,0.0,2,4,15865.460962360701,295.2709491819031,16160.731911542603,15808.493585659477,16103.764534841379,160381.02316860575,0.1351766872718994,59.17136545048685,0.0,0.0,0.0,False,False,False
main,saa_n20,saa,2025-07-01,45,True,True,20,,,0.7,20.0,optimal_decomposed,186.9119337000011,186.91086619999987,0.0,2,4,15865.460962360701,295.2709491819031,16160.731911542603,16387.10851263704,16682.379461818946,177455.9067228486,0.11276714451368774,66.83303133101069,0.0,0.0,0.0,False,False,False
main,saa_n20,saa,2025-07-01,46,True,True,20,,,0.7,20.0,optimal_decomposed,186.9119337000011,186.91086619999987,0.0,2,4,15865.460962360701,295.2709491819031,16160.731911542603,16441.337922555118,16736.608871737022,168886.34697604555,0.1793834421622867,60.782780593403956,0.0,0.0,0.0,False,False,False
main,saa_n20,saa,2025-07-01,47,True,True,20,,,0.7,20.0,optimal_decomposed,186.9119337000011,186.91086619999987,0.0,2,4,15865.460962360701,295.2709491819031,16160.731911542603,16507.54371138769,16802.814660569595,175585.5232252893,0.0,60.16744887785226,0.0,0.0,0.0,False,False,False
main,saa_n20,saa,2025-07-01,48,True,True,20,,,0.7,20.0,optimal_decomposed,186.9119337000011,186.91086619999987,0.0,2,4,15865.460962360701,295.2709491819031,16160.731911542603,16938.366842872103,17233.637792054007,184316.45741015443,0.0,56.39382949615356,0.0,0.0,0.0,False,False,False
main,saa_n20,saa,2025-07-01,49,True,True,20,,,0.7,20.0,optimal_decomposed,186.9119337000011,186.91086619999987,0.0,2,4,15865.460962360701,295.2709491819031,16160.731911542603,16660.295397147947,16955.56634632985,180848.7145460835,0.7942557412730202,66.96390498679368,0.0,0.0,0.0,False,False,False
main,saa_n20,saa,2025-07-01,50,True,True,20,,,0.7,20.0,optimal_decomposed,186.9119337000011,186.91086619999987,0.0,2,4,15865.460962360701,295.2709491819031,16160.731911542603,15685.078739476003,15980.349688657905,169102.269302149,0.09581328402541422,64.24805856142403,0.0,0.0,0.0,False,False,False
main,saa_n20,saa,2025-07-01,51,True,True,20,,,0.7,20.0,optimal_decomposed,186.9119337000011,186.91086619999987,0.0,2,4,15865.460962360701,295.2709491819031,16160.731911542603,15665.771237458677,15961.04218664058,159763.13167132015,0.0,57.32216173253605,0.0,0.0,0.0,False,False,False
main,saa_n20,saa,2025-07-01,52,True,True,20,,,0.7,20.0,optimal_decomposed,186.9119337000011,186.91086619999987,0.0,2,4,15865.460962360701,295.2709491819031,16160.731911542603,16805.3660847542,17100.637033936106,181365.98462084515,0.0,59.02248672253601,0.0,0.0,0.0,False,False,False
main,saa_n20,saa,2025-07-01,53,True,True,20,,,0.7,20.0,optimal_decomposed,186.9119337000011,186.91086619999987,0.0,2,4,15865.460962360701,295.2709491819031,16160.731911542603,15863.717699380775,16158.988648562678,162973.1567592197,0.0,50.72987478570365,0.0,0.0,0.0,False,False,False
main,saa_n20,saa,2025-07-01,54,True,True,20,,,0.7,20.0,optimal_decomposed,186.9119337000011,186.91086619999987,0.0,2,4,15865.460962360701,295.2709491819031,16160.731911542603,16963.59637327456,17258.867322456463,178369.27306201452,0.0,57.20899035146703,0.0,0.0,0.0,False,False,False
main,saa_n20,saa,2025-07-01,55,True,True,20,,,0.7,20.0,optimal_decomposed,186.9119337000011,186.91086619999987,0.0,2,4,15865.460962360701,295.2709491819031,16160.731911542603,16014.67532726391,16309.946276445813,165786.54809155894,0.0,62.07437456582639,0.0,0.0,0.0,False,False,False
main,saa_n20,saa,2025-07-01,56,True,True,20,,,0.7,20.0,optimal_decomposed,186.9119337000011,186.91086619999987,0.0,2,4,15865.460962360701,295.2709491819031,16160.731911542603,16223.512516179404,16518.783465361306,169371.9757709341,0.02255928540384286,48.808977647736164,0.0,0.0,0.0,False,False,False
main,saa_n20,saa,2025-07-01,57,True,True,20,,,0.7,20.0,optimal_decomposed,186.9119337000011,186.91086619999987,0.0,2,4,15865.460962360701,295.2709491819031,16160.731911542603,16208.163181157443,16503.434130339345,163605.939434059,0.0,55.704112267753096,0.0,0.0,0.0,False,False,False
main,saa_n20,saa,2025-07-01,58,True,True,20,,,0.7,20.0,optimal_decomposed,186.9119337000011,186.91086619999987,0.0,2,4,15865.460962360701,295.2709491819031,16160.731911542603,16793.164111112113,17088.435060294018,185622.92979164797,0.0,65.74964420736246,0.0,0.0,0.0,False,False,False
main,saa_n20,saa,2025-07-01,59,True,True,20,,,0.7,20.0,optimal_decomposed,186.9119337000011,186.91086619999987,0.0,2,4,15865.460962360701,295.2709491819031,16160.731911542603,17086.80826196241,17382.079211144315,186178.3657686184,0.0,61.56858349652797,0.0,0.0,0.0,False,False,False
main,saa_n20,saa,2025-07-01,60,True,True,20,,,0.7,20.0,optimal_decomposed,186.9119337000011,186.91086619999987,0.0,2,4,15865.460962360701,295.2709491819031,16160.731911542603,16035.769058008033,16331.040007189935,173591.13368748882,0.1716242208668889,58.6310971746329,0.0,0.0,0.0,False,False,False
main,saa_n20,saa,2025-07-01,61,True,True,20,,,0.7,20.0,optimal_decomposed,186.9119337000011,186.91086619999987,0.0,2,4,15865.460962360701,295.2709491819031,16160.731911542603,16134.0297038035,16429.300652985403,170824.8864097506,0.04924898586554774,45.696115849585475,0.0,0.0,0.0,False,False,False
main,saa_n20,saa,2025-07-01,62,True,True,20,,,0.7,20.0,optimal_decomposed,186.9119337000011,186.91086619999987,0.0,2,4,15865.460962360701,295.2709491819031,16160.731911542603,15485.324325847025,15780.595275028927,154968.12047009895,0.0,62.03867221174473,0.0,0.0,0.0,False,False,False
main,saa_n20,saa,2025-07-01,63,True,True,20,,,0.7,20.0,optimal_decomposed,186.9119337000011,186.91086619999987,0.0,2,4,15865.460962360701,295.2709491819031,16160.731911542603,16076.746382030879,16372.01733121278,165957.65106624804,0.05777239832627293,66.19169920534242,0.0,0.0,0.0,False,False,False
main,saa_n20,saa,2025-07-01,64,True,True,20,,,0.7,20.0,optimal_decomposed,186.9119337000011,186.91086619999987,0.0,2,4,15865.460962360701,295.2709491819031,16160.731911542603,15849.701576437203,16144.972525619105,156242.3867268993,0.03231391895383154,54.56078458019676,0.0,0.0,0.0,False,False,False
main,saa_n20,saa,2025-07-01,65,True,True,20,,,0.7,20.0,optimal_decomposed,186.9119337000011,186.91086619999987,0.0,2,4,15865.460962360701,295.2709491819031,16160.731911542603,16638.25524246407,16933.526191645975,168743.8570131549,0.0,58.12943903362437,0.0,0.0,0.0,False,False,False
main,saa_n20,saa,2025-07-01,66,True,True,20,,,0.7,20.0,optimal_decomposed,186.9119337000011,186.91086619999987,0.0,2,4,15865.460962360701,295.2709491819031,16160.731911542603,16257.869203169568,16553.140152351472,174389.40013660537,0.0,70.4395654433866,0.0,0.0,0.0,False,False,False
main,saa_n20,saa,2025-07-01,67,True,True,20,,,0.7,20.0,optimal_decomposed,186.9119337000011,186.91086619999987,0.0,2,4,15865.460962360701,295.2709491819031,16160.731911542603,15154.803726673663,15450.074675855565,151681.17265848175,0.0,53.527595561964596,0.0,0.0,0.0,False,False,False
main,saa_n20,saa,2025-07-01,68,True,True,20,,,0.7,20.0,optimal_decomposed,186.9119337000011,186.91086619999987,0.0,2,4,15865.460962360701,295.2709491819031,16160.731911542603,17223.56101977996,17518.831968961866,192201.92211583507,0.0,58.86429918094149,0.0,0.0,0.0,False,False,False
main,saa_n20,saa,2025-07-01,69,True,True,20,,,0.7,20.0,optimal_decomposed,186.9119337000011,186.91086619999987,0.0,2,4,15865.460962360701,295.2709491819031,16160.731911542603,17313.671908537053,17608.942857718957,187899.77747602848,0.0,61.25833782939008,0.0,0.0,0.0,False,False,False
main,saa_n20,saa,2025-07-01,70,True,True,20,,,0.7,20.0,optimal_decomposed,186.9119337000011,186.91086619999987,0.0,2,4,15865.460962360701,295.2709491819031,16160.731911542603,16545.76220167422,16841.033150856125,180077.44916189628,0.0,65.41372450403068,0.0,0.0,0.0,False,False,False
main,saa_n20,saa,2025-07-01,71,True,True,20,,,0.7,20.0,optimal_decomposed,186.9119337000011,186.91086619999987,0.0,2,4,15865.460962360701,295.2709491819031,16160.731911542603,15237.934173323518,15533.20512250542,162759.98472166038,0.025597094661314657,70.11684115134081,0.0,0.0,0.0,False,False,False
main,saa_n20,saa,2025-07-01,72,True,True,20,,,0.7,20.0,optimal_decomposed,186.9119337000011,186.91086619999987,0.0,2,4,15865.460962360701,295.2709491819031,16160.731911542603,15826.752280336583,16122.023229518485,162418.12270853375,0.0,65.01682419534605,0.0,0.0,0.0,False,False,False
main,saa_n20,saa,2025-07-01,73,True,True,20,,,0.7,20.0,optimal_decomposed,186.9119337000011,186.91086619999987,0.0,2,4,15865.460962360701,295.2709491819031,16160.731911542603,16083.872068513967,16379.14301769587,164997.96645348656,0.03950527889448846,61.93351373978395,0.0,0.0,0.0,False,False,False
main,saa_n20,saa,2025-07-01,74,True,True,20,,,0.7,20.0,optimal_decomposed,186.9119337000011,186.91086619999987,0.0,2,4,15865.460962360701,295.2709491819031,16160.731911542603,15858.65679921799,16153.927748399892,153560.3698553018,0.0035015823501056142,56.919954270774525,0.0,0.0,0.0,False,False,False
main,saa_n20,saa,2025-07-01,75,True,True,20,,,0.7,20.0,optimal_decomposed,186.9119337000011,186.91086619999987,0.0,2,4,15865.460962360701,295.2709491819031,16160.731911542603,16420.27818314783,16715.549132329736,170260.81423644547,0.18423548169889847,59.044060885543914,0.0,0.0,0.0,False,False,False
main,saa_n20,saa,2025-07-01,76,True,True,20,,,0.7,20.0,optimal_decomposed,186.9119337000011,186.91086619999987,0.0,2,4,15865.460962360701,295.2709491819031,16160.731911542603,16549.124739108596,16844.3956882905,186844.48400493577,0.09140843651910108,56.36235142716957,0.0,0.0,0.0,False,False,False
main,saa_n20,saa,2025-07-01,77,True,True,20,,,0.7,20.0,optimal_decomposed,186.9119337000011,186.91086619999987,0.0,2,4,15865.460962360701,295.2709491819031,16160.731911542603,15498.108026415392,15793.378975597294,153888.8985075906,0.0,57.16922245633028,0.0,0.0,0.0,False,False,False
main,saa_n20,saa,2025-07-01,78,True,True,20,,,0.7,20.0,optimal_decomposed,186.9119337000011,186.91086619999987,0.0,2,4,15865.460962360701,295.2709491819031,16160.731911542603,15503.086978364778,15798.35792754668,159749.742038995,0.050251974949813816,64.15362445089853,0.0,0.0,0.0,False,False,False
main,saa_n20,saa,2025-07-01,79,True,True,20,,,0.7,20.0,optimal_decomposed,186.9119337000011,186.91086619999987,0.0,2,4,15865.460962360701,295.2709491819031,16160.731911542603,16627.79736532845,16923.068314510354,180453.6051543031,0.0,54.21396165352217,0.0,0.0,0.0,False,False,False
main,saa_n20,saa,2025-07-01,80,True,True,20,,,0.7,20.0,optimal_decomposed,186.9119337000011,186.91086619999987,0.0,2,4,15865.460962360701,295.2709491819031,16160.731911542603,16795.90957232729,17091.180521509195,179258.88291214302,0.0,58.03464868699305,0.0,0.0,0.0,False,False,False
main,saa_n20,saa,2025-07-01,81,True,True,20,,,0.7,20.0,optimal_decomposed,186.9119337000011,186.91086619999987,0.0,2,4,15865.460962360701,295.2709491819031,16160.731911542603,16033.709545002677,16328.98049418458,165442.56736433966,0.1419322174382485,68.51156039025774,0.0,0.0,0.0,False,False,False
main,saa_n20,saa,2025-07-01,82,True,True,20,,,0.7,20.0,optimal_decomposed,186.9119337000011,186.91086619999987,0.0,2,4,15865.460962360701,295.2709491819031,16160.731911542603,15790.725359977105,16085.996309159007,163470.15096718262,0.1428816849980398,51.51313328048985,0.0,0.0,0.0,False,False,False
main,saa_n20,saa,2025-07-01,83,True,True,20,,,0.7,20.0,optimal_decomposed,186.9119337000011,186.91086619999987,0.0,2,4,15865.460962360701,295.2709491819031,16160.731911542603,16760.801691568275,17056.07264075018,183784.14202675014,0.058306634357683074,59.51531364230207,0.0,0.0,0.0,False,False,False
main,saa_n20,saa,2025-07-01,84,True,True,20,,,0.7,20.0,optimal_decomposed,186.9119337000011,186.91086619999987,0.0,2,4,15865.460962360701,295.2709491819031,16160.731911542603,16719.652800860607,17014.92375004251,183393.704680138,0.13607192674363522,57.396098851962826,0.0,0.0,0.0,False,False,False
main,saa_n20,saa,2025-07-01,85,True,True,20,,,0.7,20.0,optimal_decomposed,186.9119337000011,186.91086619999987,0.0,2,4,15865.460962360701,295.2709491819031,16160.731911542603,16375.898792304677,16671.16974148658,171745.7052990514,0.0,68.51474143763903,0.0,0.0,0.0,False,False,False
main,saa_n20,saa,2025-07-01,86,True,True,20,,,0.7,20.0,optimal_decomposed,186.9119337000011,186.91086619999987,0.0,2,4,15865.460962360701,295.2709491819031,16160.731911542603,16204.162495877228,16499.43344505913,172194.35497050357,0.09411530956762434,52.743598554104544,0.0,0.0,0.0,False,False,False
main,saa_n20,saa,2025-07-01,87,True,True,20,,,0.7,20.0,optimal_decomposed,186.9119337000011,186.91086619999987,0.0,2,4,15865.460962360701,295.2709491819031,16160.731911542603,15583.82023025699,15879.091179438892,150552.73004827785,0.2189808937412926,57.29019191041681,0.0,0.0,0.0,False,False,False
main,saa_n20,saa,2025-07-01,88,True,True,20,,,0.7,20.0,optimal_decomposed,186.9119337000011,186.91086619999987,0.0,2,4,15865.460962360701,295.2709491819031,16160.731911542603,15324.920207670426,15620.191156852328,153889.64539306215,0.10109760961388048,65.22466034950435,0.0,0.0,0.0,False,False,False
main,saa_n20,saa,2025-07-01,89,True,True,20,,,0.7,20.0,optimal_decomposed,186.9119337000011,186.91086619999987,0.0,2,4,15865.460962360701,295.2709491819031,16160.731911542603,16331.398438093549,16626.66938727545,168910.19623382756,0.0,57.288094949986274,0.0,0.0,0.0,False,False,False
main,saa_n20,saa,2025-07-01,90,True,True,20,,,0.7,20.0,optimal_decomposed,186.9119337000011,186.91086619999987,0.0,2,4,15865.460962360701,295.2709491819031,16160.731911542603,15868.381585690247,16163.65253487215,164456.07338240347,0.13567259555674505,63.03190507068984,0.0,0.0,0.0,False,False,False
main,saa_n20,saa,2025-07-01,91,True,True,20,,,0.7,20.0,optimal_decomposed,186.9119337000011,186.91086619999987,0.0,2,4,15865.460962360701,295.2709491819031,16160.731911542603,14934.040085573215,15229.311034755117,143884.2716918536,0.0,56.87794776241708,0.0,0.0,0.0,False,False,False
main,saa_n20,saa,2025-07-01,92,True,True,20,,,0.7,20.0,optimal_decomposed,186.9119337000011,186.91086619999987,0.0,2,4,15865.460962360701,295.2709491819031,16160.731911542603,15585.167069152689,15880.438018334591,158023.04068330742,0.0,44.73844061158624,0.0,0.0,0.0,False,False,False
main,saa_n20,saa,2025-07-01,93,True,True,20,,,0.7,20.0,optimal_decomposed,186.9119337000011,186.91086619999987,0.0,2,4,15865.460962360701,295.2709491819031,16160.731911542603,15741.43303226307,16036.703981444973,168736.6797066136,0.03470770052744265,58.01547659154228,0.0,0.0,0.0,False,False,False
main,saa_n20,saa,2025-07-01,94,True,True,20,,,0.7,20.0,optimal_decomposed,186.9119337000011,186.91086619999987,0.0,2,4,15865.460962360701,295.2709491819031,16160.731911542603,15807.326888393629,16102.597837575531,160553.26267077323,0.03900846783832754,54.02005557095499,0.0,0.0,0.0,False,False,False
main,saa_n20,saa,2025-07-01,95,True,True,20,,,0.7,20.0,optimal_decomposed,186.9119337000011,186.91086619999987,0.0,2,4,15865.460962360701,295.2709491819031,16160.731911542603,15416.120500939836,15711.391450121739,157227.67944670698,0.04845091264603371,58.92285743206561,0.0,0.0,0.0,False,False,False
main,saa_n20,saa,2025-07-01,96,True,True,20,,,0.7,20.0,optimal_decomposed,186.9119337000011,186.91086619999987,0.0,2,4,15865.460962360701,295.2709491819031,16160.731911542603,15962.020359670012,16257.291308851914,163648.38627044865,0.09598508637710881,57.203279421133935,0.0,0.0,0.0,False,False,False
main,saa_n20,saa,2025-07-01,97,True,True,20,,,0.7,20.0,optimal_decomposed,186.9119337000011,186.91086619999987,0.0,2,4,15865.460962360701,295.2709491819031,16160.731911542603,15713.310053402567,16008.58100258447,160658.23420636443,0.08107377490406914,58.98338471139591,0.0,0.0,0.0,False,False,False
main,saa_n20,saa,2025-07-01,98,True,True,20,,,0.7,20.0,optimal_decomposed,186.9119337000011,186.91086619999987,0.0,2,4,15865.460962360701,295.2709491819031,16160.731911542603,15758.254392830158,16053.52534201206,162723.20181124815,0.11844737176203249,49.75032302457241,0.0,0.0,0.0,False,False,False
main,saa_n20,saa,2025-07-01,99,True,True,20,,,0.7,20.0,optimal_decomposed,186.9119337000011,186.91086619999987,0.0,2,4,15865.460962360701,295.2709491819031,16160.731911542603,15558.56765972075,15853.838608902652,157994.24499692436,0.0850933466826787,59.0859680377492,0.0,0.0,0.0,False,False,False
main,saa_n20,saa,2025-10-01,0,True,True,20,,,0.7,20.0,optimal_decomposed,78.18598400000337,78.18533270000626,0.0,1,3,16307.664624421875,533.9055933035844,16841.57021772546,15379.921381864706,15913.826975168291,175936.0190298515,0.15946019248690835,57.82398658714767,0.0,0.0,0.0,False,False,False
main,saa_n20,saa,2025-10-01,1,True,True,20,,,0.7,20.0,optimal_decomposed,78.18598400000337,78.18533270000626,0.0,1,3,16307.664624421875,533.9055933035844,16841.57021772546,16677.089582022607,17210.995175326192,196364.00431998668,0.6132873284997078,62.611912650168755,0.0,0.0,0.0,False,False,False
main,saa_n20,saa,2025-10-01,2,True,True,20,,,0.7,20.0,optimal_decomposed,78.18598400000337,78.18533270000626,0.0,1,3,16307.664624421875,533.9055933035844,16841.57021772546,15848.13608724208,16382.041680545664,187550.80167621202,0.028333434944215835,48.14243778468958,0.0,0.0,0.0,False,False,False
main,saa_n20,saa,2025-10-01,3,True,True,20,,,0.7,20.0,optimal_decomposed,78.18598400000337,78.18533270000626,0.0,1,3,16307.664624421875,533.9055933035844,16841.57021772546,16542.73148409511,17076.637077398696,196173.95201623143,0.0,58.89050023775333,0.0,0.0,0.0,False,False,False
main,saa_n20,saa,2025-10-01,4,True,True,20,,,0.7,20.0,optimal_decomposed,78.18598400000337,78.18533270000626,0.0,1,3,16307.664624421875,533.9055933035844,16841.57021772546,16145.282769873978,16679.188363177564,192378.79575977437,0.2162348174911678,51.80808201220536,0.0,0.0,0.0,False,False,False
main,saa_n20,saa,2025-10-01,5,True,True,20,,,0.7,20.0,optimal_decomposed,78.18598400000337,78.18533270000626,0.0,1,3,16307.664624421875,533.9055933035844,16841.57021772546,16568.14060941952,17102.046202723104,206405.28035640804,0.0686127489693324,60.04271160884989,0.0,0.0,0.0,False,False,False
main,saa_n20,saa,2025-10-01,6,True,True,20,,,0.7,20.0,optimal_decomposed,78.18598400000337,78.18533270000626,0.0,1,3,16307.664624421875,533.9055933035844,16841.57021772546,16774.127627091664,17308.03322039525,198165.35523230198,0.6477198468850881,49.68949602233464,0.0,0.0,0.0,False,False,False
main,saa_n20,saa,2025-10-01,7,True,True,20,,,0.7,20.0,optimal_decomposed,78.18598400000337,78.18533270000626,0.0,1,3,16307.664624421875,533.9055933035844,16841.57021772546,15814.724143493191,16348.629736796776,182372.29149171853,0.0,53.86752583704073,0.0,0.0,0.0,False,False,False
main,saa_n20,saa,2025-10-01,8,True,True,20,,,0.7,20.0,optimal_decomposed,78.18598400000337,78.18533270000626,0.0,1,3,16307.664624421875,533.9055933035844,16841.57021772546,16269.621033308767,16803.52662661235,195892.80780867528,0.10487631679737541,52.736618450846905,0.0,0.0,0.0,False,False,False
main,saa_n20,saa,2025-10-01,9,True,True,20,,,0.7,20.0,optimal_decomposed,78.18598400000337,78.18533270000626,0.0,1,3,16307.664624421875,533.9055933035844,16841.57021772546,16617.574269448032,17151.479862751617,199124.3998700034,0.0,60.57026115633932,0.0,0.0,0.0,False,False,False
main,saa_n20,saa,2025-10-01,10,True,True,20,,,0.7,20.0,optimal_decomposed,78.18598400000337,78.18533270000626,0.0,1,3,16307.664624421875,533.9055933035844,16841.57021772546,16078.21401336208,16612.119606665663,190188.40656627167,0.0,55.11044838675731,0.0,0.0,0.0,False,False,False
main,saa_n20,saa,2025-10-01,11,True,True,20,,,0.7,20.0,optimal_decomposed,78.18598400000337,78.18533270000626,0.0,1,3,16307.664624421875,533.9055933035844,16841.57021772546,16375.64107122885,16909.546664532434,188956.441484472,0.3851346748205755,50.62868998552593,0.0,0.0,0.0,False,False,False
main,saa_n20,saa,2025-10-01,12,True,True,20,,,0.7,20.0,optimal_decomposed,78.18598400000337,78.18533270000626,0.0,1,3,16307.664624421875,533.9055933035844,16841.57021772546,16402.232545607392,16936.138138910977,202066.66811601148,0.4651303527678886,48.168241160217505,0.0,0.0,0.0,False,False,False
main,saa_n20,saa,2025-10-01,13,True,True,20,,,0.7,20.0,optimal_decomposed,78.18598400000337,78.18533270000626,0.0,1,3,16307.664624421875,533.9055933035844,16841.57021772546,16877.792215457004,17411.69780876059,202910.4455294661,0.09122929881697803,55.2514021998572,0.0,0.0,0.0,False,False,False
main,saa_n20,saa,2025-10-01,14,True,True,20,,,0.7,20.0,optimal_decomposed,78.18598400000337,78.18533270000626,0.0,1,3,16307.664624421875,533.9055933035844,16841.57021772546,15919.373920325877,16453.279513629463,183468.9800848748,0.07323259729428222,51.80766454885584,0.0,0.0,0.0,False,False,False
main,saa_n20,saa,2025-10-01,15,True,True,20,,,0.7,20.0,optimal_decomposed,78.18598400000337,78.18533270000626,0.0,1,3,16307.664624421875,533.9055933035844,16841.57021772546,15707.427010304444,16241.332603608029,179671.28610490536,0.2848193979008947,48.602617551131516,0.0,0.0,0.0,False,False,False
main,saa_n20,saa,2025-10-01,16,True,True,20,,,0.7,20.0,optimal_decomposed,78.18598400000337,78.18533270000626,0.0,1,3,16307.664624421875,533.9055933035844,16841.57021772546,15611.941713737722,16145.847307041307,175336.96283339467,0.3822431000530015,51.68916462837444,0.0,0.0,0.0,False,False,False
main,saa_n20,saa,2025-10-01,17,True,True,20,,,0.7,20.0,optimal_decomposed,78.18598400000337,78.18533270000626,0.0,1,3,16307.664624421875,533.9055933035844,16841.57021772546,16093.731290948052,16627.636884251635,182414.87965413253,0.1508577298899828,62.34922593458654,0.0,0.03936519112899939,0.0,False,True,False
main,saa_n20,saa,2025-10-01,18,True,True,20,,,0.7,20.0,optimal_decomposed,78.18598400000337,78.18533270000626,0.0,1,3,16307.664624421875,533.9055933035844,16841.57021772546,16647.88364839717,17181.789241700757,194194.59823543637,0.14846012217432597,58.47980990157574,0.0,0.0,0.0,False,False,False
main,saa_n20,saa,2025-10-01,19,True,True,20,,,0.7,20.0,optimal_decomposed,78.18598400000337,78.18533270000626,0.0,1,3,16307.664624421875,533.9055933035844,16841.57021772546,16011.614240609373,16545.519833912957,194394.6904409904,0.654749714727011,52.090316529718365,0.0,0.0,0.0,False,False,False
main,saa_n20,saa,2025-10-01,20,True,True,20,,,0.7,20.0,optimal_decomposed,78.18598400000337,78.18533270000626,0.0,1,3,16307.664624421875,533.9055933035844,16841.57021772546,16575.892642240873,17109.79823554446,200200.35032451974,0.0,50.79230696785679,0.0,0.0,0.0,False,False,False
main,saa_n20,saa,2025-10-01,21,True,True,20,,,0.7,20.0,optimal_decomposed,78.18598400000337,78.18533270000626,0.0,1,3,16307.664624421875,533.9055933035844,16841.57021772546,15915.999658776922,16449.905252080505,181373.88458570177,0.0920376637240175,49.941010773585475,0.0,0.0,0.0,False,False,False
main,saa_n20,saa,2025-10-01,22,True,True,20,,,0.7,20.0,optimal_decomposed,78.18598400000337,78.18533270000626,0.0,1,3,16307.664624421875,533.9055933035844,16841.57021772546,16458.636762707123,16992.54235601071,195853.1758352572,0.0,51.71232795169738,0.0,0.0,0.0,False,False,False
main,saa_n20,saa,2025-10-01,23,True,True,20,,,0.7,20.0,optimal_decomposed,78.18598400000337,78.18533270000626,0.0,1,3,16307.664624421875,533.9055933035844,16841.57021772546,16670.78407578642,17204.689669090007,195543.9617146678,0.9292366210184406,51.04790904346577,0.0,0.0,0.0,False,False,False
main,saa_n20,saa,2025-10-01,24,True,True,20,,,0.7,20.0,optimal_decomposed,78.18598400000337,78.18533270000626,0.0,1,3,16307.664624421875,533.9055933035844,16841.57021772546,16277.317575023646,16811.22316832723,186537.31723731416,0.05212642278757615,58.250313302313,0.0,0.0,0.0,False,False,False
main,saa_n20,saa,2025-10-01,25,True,True,20,,,0.7,20.0,optimal_decomposed,78.18598400000337,78.18533270000626,0.0,1,3,16307.664624421875,533.9055933035844,16841.57021772546,17720.7280565342,18254.633649837786,226540.31695702212,0.0,49.406336637469856,0.0,0.008032240409629354,0.0,False,True,False
main,saa_n20,saa,2025-10-01,26,True,True,20,,,0.7,20.0,optimal_decomposed,78.18598400000337,78.18533270000626,0.0,1,3,16307.664624421875,533.9055933035844,16841.57021772546,16065.727787363032,16599.633380666615,192855.23005689523,0.06528090917943333,59.66314038228602,0.0,0.0,0.0,False,False,False
main,saa_n20,saa,2025-10-01,27,True,True,20,,,0.7,20.0,optimal_decomposed,78.18598400000337,78.18533270000626,0.0,1,3,16307.664624421875,533.9055933035844,16841.57021772546,15358.62796976364,15892.533563067225,176197.0585868586,0.08829035703225518,59.76653033390234,0.0,0.0,0.0,False,False,False
main,saa_n20,saa,2025-10-01,28,True,True,20,,,0.7,20.0,optimal_decomposed,78.18598400000337,78.18533270000626,0.0,1,3,16307.664624421875,533.9055933035844,16841.57021772546,16484.628313482473,17018.53390678606,192000.20786493836,0.7956026758637086,44.80098074486036,0.0,0.009628509413429631,0.0,False,True,False
main,saa_n20,saa,2025-10-01,29,True,True,20,,,0.7,20.0,optimal_decomposed,78.18598400000337,78.18533270000626,0.0,1,3,16307.664624421875,533.9055933035844,16841.57021772546,16510.452936991584,17044.35853029517,203000.88463041492,0.1643267871199704,42.925187154821565,0.0,0.0,0.0,False,False,False
main,saa_n20,saa,2025-10-01,30,True,True,20,,,0.7,20.0,optimal_decomposed,78.18598400000337,78.18533270000626,0.0,1,3,16307.664624421875,533.9055933035844,16841.57021772546,15595.272057668628,16129.177650972213,169605.80029421116,0.1315074272371537,52.039215582655885,0.0,0.0,0.0,False,False,False
main,saa_n20,saa,2025-10-01,31,True,True,20,,,0.7,20.0,optimal_decomposed,78.18598400000337,78.18533270000626,0.0,1,3,16307.664624421875,533.9055933035844,16841.57021772546,16793.82964721589,17327.735240519476,210572.0754601798,0.0,50.229259883156814,0.0,0.0,0.0,False,False,False
main,saa_n20,saa,2025-10-01,32,True,True,20,,,0.7,20.0,optimal_decomposed,78.18598400000337,78.18533270000626,0.0,1,3,16307.664624421875,533.9055933035844,16841.57021772546,16188.440145819119,16722.345739122702,189652.35743649225,0.17517459320304402,58.076241121527396,0.0,0.0,0.0,False,False,False
main,saa_n20,saa,2025-10-01,33,True,True,20,,,0.7,20.0,optimal_decomposed,78.18598400000337,78.18533270000626,0.0,1,3,16307.664624421875,533.9055933035844,16841.57021772546,17612.002334688437,18145.907927992022,225598.555752851,0.021563443169490437,66.07301227054826,0.0,0.0,0.0,False,False,False
main,saa_n20,saa,2025-10-01,34,True,True,20,,,0.7,20.0,optimal_decomposed,78.18598400000337,78.18533270000626,0.0,1,3,16307.664624421875,533.9055933035844,16841.57021772546,16690.404884863732,17224.310478167317,199274.276681296,0.12702566143850635,54.437740754764015,0.0,0.0,0.0,False,False,False
main,saa_n20,saa,2025-10-01,35,True,True,20,,,0.7,20.0,optimal_decomposed,78.18598400000337,78.18533270000626,0.0,1,3,16307.664624421875,533.9055933035844,16841.57021772546,16043.813532846389,16577.719126149972,182449.98177859857,0.0,57.66653180464062,0.0,0.0,0.0,False,False,False
main,saa_n20,saa,2025-10-01,36,True,True,20,,,0.7,20.0,optimal_decomposed,78.18598400000337,78.18533270000626,0.0,1,3,16307.664624421875,533.9055933035844,16841.57021772546,15788.021969434847,16321.927562738432,180016.46698292234,0.0,62.09640461108162,0.0,0.0,0.0,False,False,False
main,saa_n20,saa,2025-10-01,37,True,True,20,,,0.7,20.0,optimal_decomposed,78.18598400000337,78.18533270000626,0.0,1,3,16307.664624421875,533.9055933035844,16841.57021772546,16151.954886296875,16685.86047960046,189800.41164366802,0.051583045029763186,44.90524378693148,0.0,0.0,0.0,False,False,False
main,saa_n20,saa,2025-10-01,38,True,True,20,,,0.7,20.0,optimal_decomposed,78.18598400000337,78.18533270000626,0.0,1,3,16307.664624421875,533.9055933035844,16841.57021772546,15998.367380673713,16532.2729739773,189883.12876876644,0.0,51.21336796059108,0.0,0.0,0.0,False,False,False
main,saa_n20,saa,2025-10-01,39,True,True,20,,,0.7,20.0,optimal_decomposed,78.18598400000337,78.18533270000626,0.0,1,3,16307.664624421875,533.9055933035844,16841.57021772546,16565.60724122021,17099.512834523794,200261.0155181515,0.49113114443063866,43.331636523987015,0.0,0.0,0.0,False,False,False
main,saa_n20,saa,2025-10-01,40,True,True,20,,,0.7,20.0,optimal_decomposed,78.18598400000337,78.18533270000626,0.0,1,3,16307.664624421875,533.9055933035844,16841.57021772546,16877.52525171958,17411.430845023166,201881.3346856174,0.29703071038063666,46.046832909544875,0.0,0.0,0.0,False,False,False
main,saa_n20,saa,2025-10-01,41,True,True,20,,,0.7,20.0,optimal_decomposed,78.18598400000337,78.18533270000626,0.0,1,3,16307.664624421875,533.9055933035844,16841.57021772546,16417.49635933386,16951.401952637447,197104.91580662678,0.0737029514152554,40.03493632360002,0.0,0.0,0.0,False,False,False
main,saa_n20,saa,2025-10-01,42,True,True,20,,,0.7,20.0,optimal_decomposed,78.18598400000337,78.18533270000626,0.0,1,3,16307.664624421875,533.9055933035844,16841.57021772546,16651.86234006917,17185.767933372754,198073.78812573614,0.1490128584699945,59.222116544221194,0.0,0.0,0.0,False,False,False
main,saa_n20,saa,2025-10-01,43,True,True,20,,,0.7,20.0,optimal_decomposed,78.18598400000337,78.18533270000626,0.0,1,3,16307.664624421875,533.9055933035844,16841.57021772546,15649.960037241666,16183.865630545251,177827.45265616395,0.08698571381843043,58.23365919910743,0.0,0.0,0.0,False,False,False
main,saa_n20,saa,2025-10-01,44,True,True,20,,,0.7,20.0,optimal_decomposed,78.18598400000337,78.18533270000626,0.0,1,3,16307.664624421875,533.9055933035844,16841.57021772546,16114.89377092333,16648.799364226914,185840.23950487742,0.42728510747300086,56.594221190862356,0.0,0.0,0.0,False,False,False
main,saa_n20,saa,2025-10-01,45,True,True,20,,,0.7,20.0,optimal_decomposed,78.18598400000337,78.18533270000626,0.0,1,3,16307.664624421875,533.9055933035844,16841.57021772546,16793.923201206937,17327.828794510522,203402.78119048395,0.0,56.02698804798386,0.0,0.0,0.0,False,False,False
main,saa_n20,saa,2025-10-01,46,True,True,20,,,0.7,20.0,optimal_decomposed,78.18598400000337,78.18533270000626,0.0,1,3,16307.664624421875,533.9055933035844,16841.57021772546,16419.804220683473,16953.709813987058,194829.0528306603,0.26160287784354264,56.03547836637703,0.0,0.0,0.0,False,False,False
main,saa_n20,saa,2025-10-01,47,True,True,20,,,0.7,20.0,optimal_decomposed,78.18598400000337,78.18533270000626,0.0,1,3,16307.664624421875,533.9055933035844,16841.57021772546,16482.95218809024,17016.857781393825,202460.181341997,0.38267948413344144,54.257098552762265,0.0,0.056340195930157044,0.0,False,True,False
main,saa_n20,saa,2025-10-01,48,True,True,20,,,0.7,20.0,optimal_decomposed,78.18598400000337,78.18533270000626,0.0,1,3,16307.664624421875,533.9055933035844,16841.57021772546,17124.305052603897,17658.210645907482,212325.8949529859,0.13609882003455698,53.389719845635874,0.0,0.0,0.0,False,False,False
main,saa_n20,saa,2025-10-01,49,True,True,20,,,0.7,20.0,optimal_decomposed,78.18598400000337,78.18533270000626,0.0,1,3,16307.664624421875,533.9055933035844,16841.57021772546,16549.389402788565,17083.29499609215,206987.11105334683,0.0,60.23311688206808,0.0,0.0,0.0,False,False,False
main,saa_n20,saa,2025-10-01,50,True,True,20,,,0.7,20.0,optimal_decomposed,78.18598400000337,78.18533270000626,0.0,1,3,16307.664624421875,533.9055933035844,16841.57021772546,16200.332943357476,16734.23853666106,195191.1185453774,0.008298471412237829,60.63456643054719,0.0,0.0,0.0,False,False,False
main,saa_n20,saa,2025-10-01,51,True,True,20,,,0.7,20.0,optimal_decomposed,78.18598400000337,78.18533270000626,0.0,1,3,16307.664624421875,533.9055933035844,16841.57021772546,15863.742071008686,16397.64766431227,184880.9375818286,0.18226303461784027,54.878965115773234,0.0,0.0,0.0,False,False,False
main,saa_n20,saa,2025-10-01,52,True,True,20,,,0.7,20.0,optimal_decomposed,78.18598400000337,78.18533270000626,0.0,1,3,16307.664624421875,533.9055933035844,16841.57021772546,16980.534480246395,17514.44007354998,209018.46591883068,0.0,58.51039717233769,0.0,0.0,0.0,False,False,False
main,saa_n20,saa,2025-10-01,53,True,True,20,,,0.7,20.0,optimal_decomposed,78.18598400000337,78.18533270000626,0.0,1,3,16307.664624421875,533.9055933035844,16841.57021772546,16365.29078914966,16899.196382453243,189754.94463793587,0.5959290584294545,49.704970043955555,0.0,0.0,0.0,False,False,False
main,saa_n20,saa,2025-10-01,54,True,True,20,,,0.7,20.0,optimal_decomposed,78.18598400000337,78.18533270000626,0.0,1,3,16307.664624421875,533.9055933035844,16841.57021772546,16933.439067040028,17467.344660343613,205244.2374378647,0.0,51.49602984431678,0.0,0.0,0.0,False,False,False
main,saa_n20,saa,2025-10-01,55,True,True,20,,,0.7,20.0,optimal_decomposed,78.18598400000337,78.18533270000626,0.0,1,3,16307.664624421875,533.9055933035844,16841.57021772546,16415.488950511728,16949.394543815313,192646.45642968515,0.0,59.511789203616246,0.0,0.0,0.0,False,False,False
main,saa_n20,saa,2025-10-01,56,True,True,20,,,0.7,20.0,optimal_decomposed,78.18598400000337,78.18533270000626,0.0,1,3,16307.664624421875,533.9055933035844,16841.57021772546,16403.935251357743,16937.84084466133,196298.10817032284,0.0,42.63871962068225,0.0,0.0,0.0,False,False,False
main,saa_n20,saa,2025-10-01,57,True,True,20,,,0.7,20.0,optimal_decomposed,78.18598400000337,78.18533270000626,0.0,1,3,16307.664624421875,533.9055933035844,16841.57021772546,16290.87712318562,16824.782716489204,190749.66705615172,0.7890971222282354,50.78473189143709,0.0,0.0,0.0,False,False,False
main,saa_n20,saa,2025-10-01,58,True,True,20,,,0.7,20.0,optimal_decomposed,78.18598400000337,78.18533270000626,0.0,1,3,16307.664624421875,533.9055933035844,16841.57021772546,17188.544574555315,17722.4501678589,212763.54196858665,0.3856773366163263,61.05512950541583,0.0,0.0,0.0,False,False,False
main,saa_n20,saa,2025-10-01,59,True,True,20,,,0.7,20.0,optimal_decomposed,78.18598400000337,78.18533270000626,0.0,1,3,16307.664624421875,533.9055933035844,16841.57021772546,17161.752179413805,17695.65777271739,212514.11966299644,0.0,55.168415348151946,0.0,0.0,0.0,False,False,False
main,saa_n20,saa,2025-10-01,60,True,True,20,,,0.7,20.0,optimal_decomposed,78.18598400000337,78.18533270000626,0.0,1,3,16307.664624421875,533.9055933035844,16841.57021772546,16364.676038653077,16898.581631956662,199517.06670043495,0.019191167127155406,52.062090583496214,0.0,0.0,0.0,False,False,False
main,saa_n20,saa,2025-10-01,61,True,True,20,,,0.7,20.0,optimal_decomposed,78.18598400000337,78.18533270000626,0.0,1,3,16307.664624421875,533.9055933035844,16841.57021772546,16398.53412905089,16932.439722354477,197299.93355036926,0.0,42.37628965705752,0.0,0.0,0.0,False,False,False
main,saa_n20,saa,2025-10-01,62,True,True,20,,,0.7,20.0,optimal_decomposed,78.18598400000337,78.18533270000626,0.0,1,3,16307.664624421875,533.9055933035844,16841.57021772546,15769.595439728238,16303.501033031824,180012.76187423008,0.3455414020927562,57.93703723239198,0.0,0.0,0.0,False,False,False
main,saa_n20,saa,2025-10-01,63,True,True,20,,,0.7,20.0,optimal_decomposed,78.18598400000337,78.18533270000626,0.0,1,3,16307.664624421875,533.9055933035844,16841.57021772546,16677.96533562401,17211.870928927594,192914.5689601253,0.13265101268506846,61.528900848784126,0.0,0.0,0.0,False,False,False
main,saa_n20,saa,2025-10-01,64,True,True,20,,,0.7,20.0,optimal_decomposed,78.18598400000337,78.18533270000626,0.0,1,3,16307.664624421875,533.9055933035844,16841.57021772546,15966.679061277768,16500.58465458135,181285.931613287,0.0,50.79318173614571,0.0,0.0,0.0,False,False,False
main,saa_n20,saa,2025-10-01,65,True,True,20,,,0.7,20.0,optimal_decomposed,78.18598400000337,78.18533270000626,0.0,1,3,16307.664624421875,533.9055933035844,16841.57021772546,16841.632562055398,17375.538155358983,194767.43016216214,0.03158480569007294,58.897820903985426,0.0,0.0,0.0,False,False,False
main,saa_n20,saa,2025-10-01,66,True,True,20,,,0.7,20.0,optimal_decomposed,78.18598400000337,78.18533270000626,0.0,1,3,16307.664624421875,533.9055933035844,16841.57021772546,16686.095938924907,17220.001532228493,202179.900369418,0.0,64.4575319738399,0.0,0.0,0.0,False,False,False
main,saa_n20,saa,2025-10-01,67,True,True,20,,,0.7,20.0,optimal_decomposed,78.18598400000337,78.18533270000626,0.0,1,3,16307.664624421875,533.9055933035844,16841.57021772546,15779.519259457116,16313.424852760701,175907.73581429303,0.0,55.47560228200355,0.0,0.006395290993925107,0.0,False,True,False
main,saa_n20,saa,2025-10-01,68,True,True,20,,,0.7,20.0,optimal_decomposed,78.18598400000337,78.18533270000626,0.0,1,3,16307.664624421875,533.9055933035844,16841.57021772546,17391.0843668331,17924.989960136685,219746.12071351887,0.14037190391117738,57.776585912947546,0.0,0.0,0.0,False,False,False
main,saa_n20,saa,2025-10-01,69,True,True,20,,,0.7,20.0,optimal_decomposed,78.18598400000337,78.18533270000626,0.0,1,3,16307.664624421875,533.9055933035844,16841.57021772546,17139.987012174624,17673.89260547821,215289.33520544818,0.37069215530960614,59.2112165892179,0.0,0.0,0.0,False,False,False
main,saa_n20,saa,2025-10-01,70,True,True,20,,,0.7,20.0,optimal_decomposed,78.18598400000337,78.18533270000626,0.0,1,3,16307.664624421875,533.9055933035844,16841.57021772546,16767.6514382742,17301.557031577784,206326.91057575634,0.0,57.20650350420798,0.0,0.0,0.0,False,False,False
main,saa_n20,saa,2025-10-01,71,True,True,20,,,0.7,20.0,optimal_decomposed,78.18598400000337,78.18533270000626,0.0,1,3,16307.664624421875,533.9055933035844,16841.57021772546,15884.721579204885,16418.62717250847,186897.7573832779,0.25850213461463195,61.65965316174278,0.0,0.0,0.0,False,False,False
main,saa_n20,saa,2025-10-01,72,True,True,20,,,0.7,20.0,optimal_decomposed,78.18598400000337,78.18533270000626,0.0,1,3,16307.664624421875,533.9055933035844,16841.57021772546,16125.10185984289,16659.007453146474,188457.8282944903,0.30119798692233946,60.572915645733886,0.0,0.0,0.0,False,False,False
main,saa_n20,saa,2025-10-01,73,True,True,20,,,0.7,20.0,optimal_decomposed,78.18598400000337,78.18533270000626,0.0,1,3,16307.664624421875,533.9055933035844,16841.57021772546,16396.11206128218,16930.017654585765,191474.34003966142,0.6059248036547413,54.29587266942628,0.0,0.0,0.0,False,False,False
main,saa_n20,saa,2025-10-01,74,True,True,20,,,0.7,20.0,optimal_decomposed,78.18598400000337,78.18533270000626,0.0,1,3,16307.664624421875,533.9055933035844,16841.57021772546,16061.665637579206,16595.57123088279,179618.23429430558,0.22777031826118982,56.7499814298453,0.0,0.006161914804123647,0.0,False,True,False
main,saa_n20,saa,2025-10-01,75,True,True,20,,,0.7,20.0,optimal_decomposed,78.18598400000337,78.18533270000626,0.0,1,3,16307.664624421875,533.9055933035844,16841.57021772546,16554.600630143646,17088.50622344723,197332.50208338947,0.34739565583759857,52.02502747850175,0.0,0.0,0.0,False,False,False
main,saa_n20,saa,2025-10-01,76,True,True,20,,,0.7,20.0,optimal_decomposed,78.18598400000337,78.18533270000626,0.0,1,3,16307.664624421875,533.9055933035844,16841.57021772546,17015.414855143114,17549.3204484467,213645.31756867564,0.0,53.6863036142354,0.0,0.0,0.0,False,False,False
main,saa_n20,saa,2025-10-01,77,True,True,20,,,0.7,20.0,optimal_decomposed,78.18598400000337,78.18533270000626,0.0,1,3,16307.664624421875,533.9055933035844,16841.57021772546,16041.049215034413,16574.954808337996,179658.35318060446,0.2590957050335507,53.814226575799346,0.0,0.0,0.0,False,False,False
main,saa_n20,saa,2025-10-01,78,True,True,20,,,0.7,20.0,optimal_decomposed,78.18598400000337,78.18533270000626,0.0,1,3,16307.664624421875,533.9055933035844,16841.57021772546,15980.661641133713,16514.567234437298,184001.68173128233,0.005599457505114147,53.30675606167849,0.0,0.0,0.0,False,False,False
main,saa_n20,saa,2025-10-01,79,True,True,20,,,0.7,20.0,optimal_decomposed,78.18598400000337,78.18533270000626,0.0,1,3,16307.664624421875,533.9055933035844,16841.57021772546,17050.18095327732,17584.086546580904,207295.30658029107,0.09281040138695773,50.874049863746755,0.0,0.0,0.0,False,False,False
main,saa_n20,saa,2025-10-01,80,True,True,20,,,0.7,20.0,optimal_decomposed,78.18598400000337,78.18533270000626,0.0,1,3,16307.664624421875,533.9055933035844,16841.57021772546,16806.242704673205,17340.14829797679,206576.97777478286,0.0,51.62544966905539,0.0,0.0919566253226416,0.0,False,True,False
main,saa_n20,saa,2025-10-01,81,True,True,20,,,0.7,20.0,optimal_decomposed,78.18598400000337,78.18533270000626,0.0,1,3,16307.664624421875,533.9055933035844,16841.57021772546,16570.381611795772,17104.287205099357,192347.16360462253,0.18310807419423233,60.87545705664286,0.0,0.0,0.0,False,False,False
main,saa_n20,saa,2025-10-01,82,True,True,20,,,0.7,20.0,optimal_decomposed,78.18598400000337,78.18533270000626,0.0,1,3,16307.664624421875,533.9055933035844,16841.57021772546,16044.491951304706,16578.39754460829,187345.96974134975,0.11580496256078135,50.19589556473579,0.0,0.0,0.0,False,False,False
main,saa_n20,saa,2025-10-01,83,True,True,20,,,0.7,20.0,optimal_decomposed,78.18598400000337,78.18533270000626,0.0,1,3,16307.664624421875,533.9055933035844,16841.57021772546,16919.06778527023,17452.973378573814,209721.27479935586,0.2738927757694045,49.82208443585735,0.0,0.0,0.0,False,False,False
main,saa_n20,saa,2025-10-01,84,True,True,20,,,0.7,20.0,optimal_decomposed,78.18598400000337,78.18533270000626,0.0,1,3,16307.664624421875,533.9055933035844,16841.57021772546,17245.36450124078,17779.270094544365,209623.60673503135,0.3871089878934675,50.28860286274274,0.0,0.0,0.0,False,False,False
main,saa_n20,saa,2025-10-01,85,True,True,20,,,0.7,20.0,optimal_decomposed,78.18598400000337,78.18533270000626,0.0,1,3,16307.664624421875,533.9055933035844,16841.57021772546,16655.210989686264,17189.11658298985,199031.69839472635,0.0,60.355158209403974,0.0,0.0,0.0,False,False,False
main,saa_n20,saa,2025-10-01,86,True,True,20,,,0.7,20.0,optimal_decomposed,78.18598400000337,78.18533270000626,0.0,1,3,16307.664624421875,533.9055933035844,16841.57021772546,16672.835522283534,17206.74111558712,197727.04533797986,0.039765565791000074,47.35612304449007,0.0,0.0,0.0,False,False,False
main,saa_n20,saa,2025-10-01,87,True,True,20,,,0.7,20.0,optimal_decomposed,78.18598400000337,78.18533270000626,0.0,1,3,16307.664624421875,533.9055933035844,16841.57021772546,15600.317887997673,16134.223481301258,175003.13952487934,0.1407792152858663,54.42496477924294,0.0,0.1312974948640846,0.0,False,True,False
main,saa_n20,saa,2025-10-01,88,True,True,20,,,0.7,20.0,optimal_decomposed,78.18598400000337,78.18533270000626,0.0,1,3,16307.664624421875,533.9055933035844,16841.57021772546,16005.076486127391,16538.982079430974,178048.8632248101,0.03486595813344606,59.286750939712185,0.0,0.0,0.0,False,False,False
main,saa_n20,saa,2025-10-01,89,True,True,20,,,0.7,20.0,optimal_decomposed,78.18598400000337,78.18533270000626,0.0,1,3,16307.664624421875,533.9055933035844,16841.57021772546,16432.11227387483,16966.017867178416,194468.1639885506,0.0,52.744575591331156,0.0,0.0,0.0,False,False,False
main,saa_n20,saa,2025-10-01,90,True,True,20,,,0.7,20.0,optimal_decomposed,78.18598400000337,78.18533270000626,0.0,1,3,16307.664624421875,533.9055933035844,16841.57021772546,16218.06912397139,16751.974717274974,189936.56798630382,0.15498526635166848,57.334778190748914,0.0,0.0,0.0,False,False,False
main,saa_n20,saa,2025-10-01,91,True,True,20,,,0.7,20.0,optimal_decomposed,78.18598400000337,78.18533270000626,0.0,1,3,16307.664624421875,533.9055933035844,16841.57021772546,15511.672775465846,16045.578368769431,167925.39938483897,0.13061573328952636,54.356432035174244,0.0,0.0,0.0,False,False,False
main,saa_n20,saa,2025-10-01,92,True,True,20,,,0.7,20.0,optimal_decomposed,78.18598400000337,78.18533270000626,0.0,1,3,16307.664624421875,533.9055933035844,16841.57021772546,16316.897076281044,16850.802669584627,182883.89111178077,0.1293065755166255,44.75807766208014,0.0,0.0,0.0,False,False,False
main,saa_n20,saa,2025-10-01,93,True,True,20,,,0.7,20.0,optimal_decomposed,78.18598400000337,78.18533270000626,0.0,1,3,16307.664624421875,533.9055933035844,16841.57021772546,16199.656862847092,16733.562456150677,195479.4435271051,0.0,54.99923290176977,0.0,0.03513436411836923,0.0,False,True,False
main,saa_n20,saa,2025-10-01,94,True,True,20,,,0.7,20.0,optimal_decomposed,78.18598400000337,78.18533270000626,0.0,1,3,16307.664624421875,533.9055933035844,16841.57021772546,16219.94539796949,16753.850991273073,186783.9456501189,0.5231943972751664,49.671672027174594,0.0,0.0,0.0,False,False,False
main,saa_n20,saa,2025-10-01,95,True,True,20,,,0.7,20.0,optimal_decomposed,78.18598400000337,78.18533270000626,0.0,1,3,16307.664624421875,533.9055933035844,16841.57021772546,15929.456233035844,16463.361826339427,183011.72523209557,0.0,56.58459596633476,0.0,0.0,0.0,False,False,False
main,saa_n20,saa,2025-10-01,96,True,True,20,,,0.7,20.0,optimal_decomposed,78.18598400000337,78.18533270000626,0.0,1,3,16307.664624421875,533.9055933035844,16841.57021772546,16125.15691706062,16659.062510364205,189453.56419295137,0.23120141997618396,52.021814904440156,0.0,0.0,0.0,False,False,False
main,saa_n20,saa,2025-10-01,97,True,True,20,,,0.7,20.0,optimal_decomposed,78.18598400000337,78.18533270000626,0.0,1,3,16307.664624421875,533.9055933035844,16841.57021772546,16167.40746579447,16701.313059098055,187321.53990687933,0.0,54.996385458171616,0.0,0.0,0.0,False,False,False
main,saa_n20,saa,2025-10-01,98,True,True,20,,,0.7,20.0,optimal_decomposed,78.18598400000337,78.18533270000626,0.0,1,3,16307.664624421875,533.9055933035844,16841.57021772546,16290.534251676107,16824.43984497969,187789.2316055035,0.04765627545035647,46.85847531310476,0.0,0.0,0.0,False,False,False
main,saa_n20,saa,2025-10-01,99,True,True,20,,,0.7,20.0,optimal_decomposed,78.18598400000337,78.18533270000626,0.0,1,3,16307.664624421875,533.9055933035844,16841.57021772546,16031.909506226182,16565.815099529766,184758.39313076957,0.09819909382620329,55.37977469578695,0.0,0.0,0.0,False,False,False
main,gamma_ro_gamma_0p5,gamma_ro,2025-01-01,0,True,True,20,0.5,,0.7,20.0,optimal,20.654772599998978,13.729000091552734,0.0,0,20,15664.811973990278,174.34157851921142,15839.15355250949,14827.506319342478,15001.84789786169,169905.15127360378,0.008540503143036227,51.216653876509646,0.0,0.0,0.0,False,False,False
main,gamma_ro_gamma_0p5,gamma_ro,2025-01-01,1,True,True,20,0.5,,0.7,20.0,optimal,20.654772599998978,13.729000091552734,0.0,0,20,15664.811973990278,174.34157851921142,15839.15355250949,15837.784134910838,16012.12571343005,190432.03189161656,0.08684864855887026,57.29383034191258,0.0,0.0,0.0,False,False,False
main,gamma_ro_gamma_0p5,gamma_ro,2025-01-01,2,True,True,20,0.5,,0.7,20.0,optimal,20.654772599998978,13.729000091552734,0.0,0,20,15664.811973990278,174.34157851921142,15839.15355250949,15498.426181775856,15672.767760295068,180769.2320931585,0.08188014820472636,45.78371814057276,0.0,0.0,0.0,False,False,False
main,gamma_ro_gamma_0p5,gamma_ro,2025-01-01,3,True,True,20,0.5,,0.7,20.0,optimal,20.654772599998978,13.729000091552734,0.0,0,20,15664.811973990278,174.34157851921142,15839.15355250949,15721.604187139617,15895.94576565883,189734.9516024313,0.0,52.01551426874083,0.0,0.0,0.0,False,False,False
main,gamma_ro_gamma_0p5,gamma_ro,2025-01-01,4,True,True,20,0.5,,0.7,20.0,optimal,20.654772599998978,13.729000091552734,0.0,0,20,15664.811973990278,174.34157851921142,15839.15355250949,15640.679838922164,15815.021417441376,185321.78868870408,0.0632302808889269,49.46118039247123,0.0,0.0,0.0,False,False,False
main,gamma_ro_gamma_0p5,gamma_ro,2025-01-01,5,True,True,20,0.5,,0.7,20.0,optimal,20.654772599998978,13.729000091552734,0.0,0,20,15664.811973990278,174.34157851921142,15839.15355250949,16037.495169577978,16211.83674809719,200940.12131628155,0.0,53.11628582647527,0.0,0.0,0.0,False,False,False
main,gamma_ro_gamma_0p5,gamma_ro,2025-01-01,6,True,True,20,0.5,,0.7,20.0,optimal,20.654772599998978,13.729000091552734,0.0,0,20,15664.811973990278,174.34157851921142,15839.15355250949,15935.932217342983,16110.273795862195,194172.05999853133,0.0,47.22283764708074,0.0,0.0,0.0,False,False,False
main,gamma_ro_gamma_0p5,gamma_ro,2025-01-01,7,True,True,20,0.5,,0.7,20.0,optimal,20.654772599998978,13.729000091552734,0.0,0,20,15664.811973990278,174.34157851921142,15839.15355250949,15292.705069784311,15467.046648303523,175693.79703036876,0.019384031851351097,49.865696485401486,0.0,0.0,0.0,False,False,False
main,gamma_ro_gamma_0p5,gamma_ro,2025-01-01,8,True,True,20,0.5,,0.7,20.0,optimal,20.654772599998978,13.729000091552734,0.0,0,20,15664.811973990278,174.34157851921142,15839.15355250949,15835.60347474096,16009.945053260171,190245.50941175243,0.15842303005788594,52.608236018930725,0.0,0.0,0.0,False,False,False
main,gamma_ro_gamma_0p5,gamma_ro,2025-01-01,9,True,True,20,0.5,,0.7,20.0,optimal,20.654772599998978,13.729000091552734,0.0,0,20,15664.811973990278,174.34157851921142,15839.15355250949,15836.493416921561,16010.834995440773,192702.6405342991,0.0,59.18629680471244,0.0,0.0,0.0,False,False,False
main,gamma_ro_gamma_0p5,gamma_ro,2025-01-01,10,True,True,20,0.5,,0.7,20.0,optimal,20.654772599998978,13.729000091552734,0.0,0,20,15664.811973990278,174.34157851921142,15839.15355250949,15507.593887780899,15681.93546630011,183426.9386203122,0.00916677180753478,51.9294001801462,0.0,0.0,0.0,False,False,False
main,gamma_ro_gamma_0p5,gamma_ro,2025-01-01,11,True,True,20,0.5,,0.7,20.0,optimal,20.654772599998978,13.729000091552734,0.0,0,20,15664.811973990278,174.34157851921142,15839.15355250949,15262.781542898698,15437.12312141791,183440.31109196006,0.0,43.09688580595629,0.0,0.0,0.0,False,False,False
main,gamma_ro_gamma_0p5,gamma_ro,2025-01-01,12,True,True,20,0.5,,0.7,20.0,optimal,20.654772599998978,13.729000091552734,0.0,0,20,15664.811973990278,174.34157851921142,15839.15355250949,15856.460371975969,16030.80195049518,195904.7511074051,0.0,44.56182600810527,0.0,0.0,0.0,False,False,False
main,gamma_ro_gamma_0p5,gamma_ro,2025-01-01,13,True,True,20,0.5,,0.7,20.0,optimal,20.654772599998978,13.729000091552734,0.0,0,20,15664.811973990278,174.34157851921142,15839.15355250949,16093.352067329075,16267.693645848287,198325.880783034,0.1500523103175413,53.28222469518943,0.0,0.0,0.0,False,False,False
main,gamma_ro_gamma_0p5,gamma_ro,2025-01-01,14,True,True,20,0.5,,0.7,20.0,optimal,20.654772599998978,13.729000091552734,0.0,0,20,15664.811973990278,174.34157851921142,15839.15355250949,15336.416656796197,15510.758235315408,178039.90073326507,0.0,50.25671027911611,0.0,0.0,0.0,False,False,False
main,gamma_ro_gamma_0p5,gamma_ro,2025-01-01,15,True,True,20,0.5,,0.7,20.0,optimal,20.654772599998978,13.729000091552734,0.0,0,20,15664.811973990278,174.34157851921142,15839.15355250949,15344.436783777297,15518.778362296509,174275.4016656034,0.021678658843421378,45.247084215252016,0.0,0.0,0.0,False,False,False
main,gamma_ro_gamma_0p5,gamma_ro,2025-01-01,16,True,True,20,0.5,,0.7,20.0,optimal,20.654772599998978,13.729000091552734,0.0,0,20,15664.811973990278,174.34157851921142,15839.15355250949,15071.541946033249,15245.88352455246,170840.6593657088,0.03606366855062573,46.72708730126324,0.0,0.0,0.0,False,False,False
main,gamma_ro_gamma_0p5,gamma_ro,2025-01-01,17,True,True,20,0.5,,0.7,20.0,optimal,20.654772599998978,13.729000091552734,0.0,0,20,15664.811973990278,174.34157851921142,15839.15355250949,15319.997645411735,15494.339223930947,177977.8287990736,0.0,55.4214730165463,0.0,0.0,0.0,False,False,False
main,gamma_ro_gamma_0p5,gamma_ro,2025-01-01,18,True,True,20,0.5,,0.7,20.0,optimal,20.654772599998978,13.729000091552734,0.0,0,20,15664.811973990278,174.34157851921142,15839.15355250949,15704.957869799495,15879.299448318707,190251.14247326175,0.0,55.211612312050555,0.0,0.0,0.0,False,False,False
main,gamma_ro_gamma_0p5,gamma_ro,2025-01-01,19,True,True,20,0.5,,0.7,20.0,optimal,20.654772599998978,13.729000091552734,0.0,0,20,15664.811973990278,174.34157851921142,15839.15355250949,15567.956872345778,15742.29845086499,189477.0211260226,0.08097823354357891,51.99407913578365,0.0,0.0,0.0,False,False,False
main,gamma_ro_gamma_0p5,gamma_ro,2025-01-01,20,True,True,20,0.5,,0.7,20.0,optimal,20.654772599998978,13.729000091552734,0.0,0,20,15664.811973990278,174.34157851921142,15839.15355250949,16101.007532207894,16275.349110727106,193971.14827814617,0.0,46.25417677980004,0.0,0.0,0.0,False,False,False
main,gamma_ro_gamma_0p5,gamma_ro,2025-01-01,21,True,True,20,0.5,,0.7,20.0,optimal,20.654772599998978,13.729000091552734,0.0,0,20,15664.811973990278,174.34157851921142,15839.15355250949,15160.06673231983,15334.408310839042,174897.592527087,0.14558437698452803,44.690452708344274,0.0,0.0,0.0,False,False,False
main,gamma_ro_gamma_0p5,gamma_ro,2025-01-01,22,True,True,20,0.5,,0.7,20.0,optimal,20.654772599998978,13.729000091552734,0.0,0,20,15664.811973990278,174.34157851921142,15839.15355250949,15830.124805356812,16004.466383876024,190407.97905335133,0.0,49.57873951876011,0.0,0.0,0.0,False,False,False
main,gamma_ro_gamma_0p5,gamma_ro,2025-01-01,23,True,True,20,0.5,,0.7,20.0,optimal,20.654772599998978,13.729000091552734,0.0,0,20,15664.811973990278,174.34157851921142,15839.15355250949,15913.49153817651,16087.833116695721,189944.16867179002,0.0,48.450520072086846,0.0,0.0,0.0,False,False,False
main,gamma_ro_gamma_0p5,gamma_ro,2025-01-01,24,True,True,20,0.5,,0.7,20.0,optimal,20.654772599998978,13.729000091552734,0.0,0,20,15664.811973990278,174.34157851921142,15839.15355250949,15313.418420655762,15487.759999174974,180424.31585820284,0.10567313604808662,52.21557108767831,0.0,0.0,0.0,False,False,False
main,gamma_ro_gamma_0p5,gamma_ro,2025-01-01,25,True,True,20,0.5,,0.7,20.0,optimal,20.654772599998978,13.729000091552734,0.0,0,20,15664.811973990278,174.34157851921142,15839.15355250949,16807.190507591375,16981.532086110587,221301.72212255516,0.0,46.350454247289235,0.0,0.0,0.0,False,False,False
main,gamma_ro_gamma_0p5,gamma_ro,2025-01-01,26,True,True,20,0.5,,0.7,20.0,optimal,20.654772599998978,13.729000091552734,0.0,0,20,15664.811973990278,174.34157851921142,15839.15355250949,15814.371594977933,15988.713173497144,186453.30079784527,0.1345175970880961,55.0994881282058,0.0,0.0,0.0,False,False,False
main,gamma_ro_gamma_0p5,gamma_ro,2025-01-01,27,True,True,20,0.5,,0.7,20.0,optimal,20.654772599998978,13.729000091552734,0.0,0,20,15664.811973990278,174.34157851921142,15839.15355250949,14541.27524722965,14715.616825748863,168972.56751324335,0.14431034237662138,54.478302454315006,0.0,0.0,0.0,False,False,False
main,gamma_ro_gamma_0p5,gamma_ro,2025-01-01,28,True,True,20,0.5,,0.7,20.0,optimal,20.654772599998978,13.729000091552734,0.0,0,20,15664.811973990278,174.34157851921142,15839.15355250949,15616.719367121152,15791.060945640364,185800.1967287406,0.013328971990677202,40.68411150038218,0.0,0.0,0.0,False,False,False
main,gamma_ro_gamma_0p5,gamma_ro,2025-01-01,29,True,True,20,0.5,,0.7,20.0,optimal,20.654772599998978,13.729000091552734,0.0,0,20,15664.811973990278,174.34157851921142,15839.15355250949,15879.516158205357,16053.857736724569,195762.91191494823,0.030916769877295164,39.27956595028513,0.0,0.0,0.0,False,False,False
main,gamma_ro_gamma_0p5,gamma_ro,2025-01-01,30,True,True,20,0.5,,0.7,20.0,optimal,20.654772599998978,13.729000091552734,0.0,0,20,15664.811973990278,174.34157851921142,15839.15355250949,14995.81281613367,15170.154394652882,165196.85113443687,0.0,46.22406691524313,0.0,0.0,0.0,False,False,False
main,gamma_ro_gamma_0p5,gamma_ro,2025-01-01,31,True,True,20,0.5,,0.7,20.0,optimal,20.654772599998978,13.729000091552734,0.0,0,20,15664.811973990278,174.34157851921142,15839.15355250949,15891.118690267369,16065.46026878658,202170.84649801234,0.07384354540644922,49.93007277751869,0.0,0.0,0.0,False,False,False
main,gamma_ro_gamma_0p5,gamma_ro,2025-01-01,32,True,True,20,0.5,,0.7,20.0,optimal,20.654772599998978,13.729000091552734,0.0,0,20,15664.811973990278,174.34157851921142,15839.15355250949,15672.182652932262,15846.524231451474,184441.9915559801,0.0,49.02572368497378,0.0,0.0,0.0,False,False,False
main,gamma_ro_gamma_0p5,gamma_ro,2025-01-01,33,True,True,20,0.5,,0.7,20.0,optimal,20.654772599998978,13.729000091552734,0.0,0,20,15664.811973990278,174.34157851921142,15839.15355250949,16905.4152905149,17079.75686903411,219903.19249522698,0.04697440711880671,61.17088835002947,0.0,0.0,0.0,False,False,False
main,gamma_ro_gamma_0p5,gamma_ro,2025-01-01,34,True,True,20,0.5,,0.7,20.0,optimal,20.654772599998978,13.729000091552734,0.0,0,20,15664.811973990278,174.34157851921142,15839.15355250949,16123.838446954438,16298.18002547365,194188.11161094625,0.0,51.58980104100598,0.0,0.0,0.0,False,False,False
main,gamma_ro_gamma_0p5,gamma_ro,2025-01-01,35,True,True,20,0.5,,0.7,20.0,optimal,20.654772599998978,13.729000091552734,0.0,0,20,15664.811973990278,174.34157851921142,15839.15355250949,14897.12572788051,15071.467306399722,176516.7029712831,0.0,54.798674461619434,0.0,0.0,0.0,False,False,False
main,gamma_ro_gamma_0p5,gamma_ro,2025-01-01,36,True,True,20,0.5,,0.7,20.0,optimal,20.654772599998978,13.729000091552734,0.0,0,20,15664.811973990278,174.34157851921142,15839.15355250949,15198.62790037191,15372.969478891122,174593.53746521779,0.0,54.236887904159765,0.0,0.0,0.0,False,False,False
main,gamma_ro_gamma_0p5,gamma_ro,2025-01-01,37,True,True,20,0.5,,0.7,20.0,optimal,20.654772599998978,13.729000091552734,0.0,0,20,15664.811973990278,174.34157851921142,15839.15355250949,15480.82155893594,15655.163137455153,183213.36642565514,0.0,41.709039902769646,0.0,0.0,0.0,False,False,False
main,gamma_ro_gamma_0p5,gamma_ro,2025-01-01,38,True,True,20,0.5,,0.7,20.0,optimal,20.654772599998978,13.729000091552734,0.0,0,20,15664.811973990278,174.34157851921142,15839.15355250949,15436.323770421981,15610.665348941193,184922.71156982574,0.0,48.47117663229863,0.0,0.0,0.0,False,False,False
main,gamma_ro_gamma_0p5,gamma_ro,2025-01-01,39,True,True,20,0.5,,0.7,20.0,optimal,20.654772599998978,13.729000091552734,0.0,0,20,15664.811973990278,174.34157851921142,15839.15355250949,15660.424698592145,15834.766277111357,195302.52871388395,0.057814929904075885,40.71541978718989,0.0,0.0,0.0,False,False,False
main,gamma_ro_gamma_0p5,gamma_ro,2025-01-01,40,True,True,20,0.5,,0.7,20.0,optimal,20.654772599998978,13.729000091552734,0.0,0,20,15664.811973990278,174.34157851921142,15839.15355250949,16158.427454335819,16332.76903285503,196308.27642543882,0.0,43.33352779482189,0.0,0.0,0.0,False,False,False
main,gamma_ro_gamma_0p5,gamma_ro,2025-01-01,41,True,True,20,0.5,,0.7,20.0,optimal,20.654772599998978,13.729000091552734,0.0,0,20,15664.811973990278,174.34157851921142,15839.15355250949,15604.742510133796,15779.084088653008,191143.31011123396,0.012079899653430037,37.48689803944068,0.0,0.0,0.0,False,False,False
main,gamma_ro_gamma_0p5,gamma_ro,2025-01-01,42,True,True,20,0.5,,0.7,20.0,optimal,20.654772599998978,13.729000091552734,0.0,0,20,15664.811973990278,174.34157851921142,15839.15355250949,16258.946320292369,16433.28789881158,192151.15645306974,0.0,55.09653377163108,0.0,0.0,0.0,False,False,False
main,gamma_ro_gamma_0p5,gamma_ro,2025-01-01,43,True,True,20,0.5,,0.7,20.0,optimal,20.654772599998978,13.729000091552734,0.0,0,20,15664.811973990278,174.34157851921142,15839.15355250949,15068.746540278213,15243.088118797425,172309.13767076092,0.13724718452205356,52.256584347873414,0.0,0.0,0.0,False,False,False
main,gamma_ro_gamma_0p5,gamma_ro,2025-01-01,44,True,True,20,0.5,,0.7,20.0,optimal,20.654772599998978,13.729000091552734,0.0,0,20,15664.811973990278,174.34157851921142,15839.15355250949,15250.678215704325,15425.019794223537,180091.23529817577,0.14222632282577624,49.52496938859663,0.0,0.0,0.0,False,False,False
main,gamma_ro_gamma_0p5,gamma_ro,2025-01-01,45,True,True,20,0.5,,0.7,20.0,optimal,20.654772599998978,13.729000091552734,0.0,0,20,15664.811973990278,174.34157851921142,15839.15355250949,16327.586989931091,16501.9285684503,196629.4637235183,0.00715534753701097,54.3914208865397,0.0,0.0,0.0,False,False,False
main,gamma_ro_gamma_0p5,gamma_ro,2025-01-01,46,True,True,20,0.5,,0.7,20.0,optimal,20.654772599998978,13.729000091552734,0.0,0,20,15664.811973990278,174.34157851921142,15839.15355250949,15789.13242313954,15963.474001658751,188953.6907222405,0.15199288085734108,50.186190891697194,0.0,0.0,0.0,False,False,False
main,gamma_ro_gamma_0p5,gamma_ro,2025-01-01,47,True,True,20,0.5,,0.7,20.0,optimal,20.654772599998978,13.729000091552734,0.0,0,20,15664.811973990278,174.34157851921142,15839.15355250949,15728.133163422866,15902.474741942078,195718.58523212362,0.015261179468646136,51.57385174246698,0.0,0.0,0.0,False,False,False
main,gamma_ro_gamma_0p5,gamma_ro,2025-01-01,48,True,True,20,0.5,,0.7,20.0,optimal,20.654772599998978,13.729000091552734,0.0,0,20,15664.811973990278,174.34157851921142,15839.15355250949,16096.078526453073,16270.420104972285,206782.3939201105,0.0,48.261755625326906,0.0,0.0,0.0,False,False,False
main,gamma_ro_gamma_0p5,gamma_ro,2025-01-01,49,True,True,20,0.5,,0.7,20.0,optimal,20.654772599998978,13.729000091552734,0.0,0,20,15664.811973990278,174.34157851921142,15839.15355250949,16012.546177348466,16186.887755867678,200872.05016577189,0.04570459077504027,51.21775427254538,0.0,0.0,0.0,False,False,False
main,gamma_ro_gamma_0p5,gamma_ro,2025-01-01,50,True,True,20,0.5,,0.7,20.0,optimal,20.654772599998978,13.729000091552734,0.0,0,20,15664.811973990278,174.34157851921142,15839.15355250949,15653.244230039665,15827.585808558877,188873.82302805403,0.0,55.89801788039076,0.0,0.0,0.0,False,False,False
main,gamma_ro_gamma_0p5,gamma_ro,2025-01-01,51,True,True,20,0.5,,0.7,20.0,optimal,20.654772599998978,13.729000091552734,0.0,0,20,15664.811973990278,174.34157851921142,15839.15355250949,15580.640207417813,15754.981785937025,179698.4503261999,0.0,48.526993288746986,0.0,0.0,0.0,False,False,False
main,gamma_ro_gamma_0p5,gamma_ro,2025-01-01,52,True,True,20,0.5,,0.7,20.0,optimal,20.654772599998978,13.729000091552734,0.0,0,20,15664.811973990278,174.34157851921142,15839.15355250949,16233.293329892249,16407.63490841146,201510.80272963812,0.0,56.33627654526129,0.0,0.0,0.0,False,False,False
main,gamma_ro_gamma_0p5,gamma_ro,2025-01-01,53,True,True,20,0.5,,0.7,20.0,optimal,20.654772599998978,13.729000091552734,0.0,0,20,15664.811973990278,174.34157851921142,15839.15355250949,15446.16232729299,15620.503905812202,183054.57014110716,0.0,44.065552109763374,0.0,0.0,0.0,False,False,False
main,gamma_ro_gamma_0p5,gamma_ro,2025-01-01,54,True,True,20,0.5,,0.7,20.0,optimal,20.654772599998978,13.729000091552734,0.0,0,20,15664.811973990278,174.34157851921142,15839.15355250949,15991.463080461719,16165.804658980931,201220.16524560025,0.0,46.23059388928739,0.0,0.0,0.0,False,False,False
main,gamma_ro_gamma_0p5,gamma_ro,2025-01-01,55,True,True,20,0.5,,0.7,20.0,optimal,20.654772599998978,13.729000091552734,0.0,0,20,15664.811973990278,174.34157851921142,15839.15355250949,15635.079013225502,15809.420591744714,185304.80583241108,0.0,55.40027815184748,0.0,0.0,0.0,False,False,False
main,gamma_ro_gamma_0p5,gamma_ro,2025-01-01,56,True,True,20,0.5,,0.7,20.0,optimal,20.654772599998978,13.729000091552734,0.0,0,20,15664.811973990278,174.34157851921142,15839.15355250949,15953.011656732686,16127.353235251898,192505.51828918114,0.00531490235267737,39.81853939330638,0.0,0.0,0.0,False,False,False
main,gamma_ro_gamma_0p5,gamma_ro,2025-01-01,57,True,True,20,0.5,,0.7,20.0,optimal,20.654772599998978,13.729000091552734,0.0,0,20,15664.811973990278,174.34157851921142,15839.15355250949,15630.82790602447,15805.169484543681,184848.78486901047,0.0,50.40292357048988,0.0,0.0,0.0,False,False,False
main,gamma_ro_gamma_0p5,gamma_ro,2025-01-01,58,True,True,20,0.5,,0.7,20.0,optimal,20.654772599998978,13.729000091552734,0.0,0,20,15664.811973990278,174.34157851921142,15839.15355250949,16228.4107538564,16402.75233237561,205791.60921498825,0.0,57.18782516451922,0.0,0.0,0.0,False,False,False
main,gamma_ro_gamma_0p5,gamma_ro,2025-01-01,59,True,True,20,0.5,,0.7,20.0,optimal,20.654772599998978,13.729000091552734,0.0,0,20,15664.811973990278,174.34157851921142,15839.15355250949,16298.798447757696,16473.140026276906,206637.20135895076,0.0031447155046733233,53.148615653474096,0.0,0.0,0.0,False,False,False
main,gamma_ro_gamma_0p5,gamma_ro,2025-01-01,60,True,True,20,0.5,,0.7,20.0,optimal,20.654772599998978,13.729000091552734,0.0,0,20,15664.811973990278,174.34157851921142,15839.15355250949,15712.971176464454,15887.312754983666,194482.2940969626,0.07673550029704856,51.80568757809556,0.0,0.0,0.0,False,False,False
main,gamma_ro_gamma_0p5,gamma_ro,2025-01-01,61,True,True,20,0.5,,0.7,20.0,optimal,20.654772599998978,13.729000091552734,0.0,0,20,15664.811973990278,174.34157851921142,15839.15355250949,15601.850282210948,15776.19186073016,190463.64271488244,0.03200460281438236,41.884375195285116,0.0,0.0,0.0,False,False,False
main,gamma_ro_gamma_0p5,gamma_ro,2025-01-01,62,True,True,20,0.5,,0.7,20.0,optimal,20.654772599998978,13.729000091552734,0.0,0,20,15664.811973990278,174.34157851921142,15839.15355250949,15029.065149401333,15203.406727920545,175696.775496515,0.0,55.18307013398219,0.0,0.0,0.0,False,False,False
main,gamma_ro_gamma_0p5,gamma_ro,2025-01-01,63,True,True,20,0.5,,0.7,20.0,optimal,20.654772599998978,13.729000091552734,0.0,0,20,15664.811973990278,174.34157851921142,15839.15355250949,15700.561531152807,15874.90310967202,184886.82496607475,0.030237710168281057,56.12041602990935,0.0,0.0,0.0,False,False,False
main,gamma_ro_gamma_0p5,gamma_ro,2025-01-01,64,True,True,20,0.5,,0.7,20.0,optimal,20.654772599998978,13.729000091552734,0.0,0,20,15664.811973990278,174.34157851921142,15839.15355250949,15407.90128289849,15582.242861417702,173858.87481012635,0.015069535902666048,49.727740421407454,0.0,0.0,0.0,False,False,False
main,gamma_ro_gamma_0p5,gamma_ro,2025-01-01,65,True,True,20,0.5,,0.7,20.0,optimal,20.654772599998978,13.729000091552734,0.0,0,20,15664.811973990278,174.34157851921142,15839.15355250949,15899.448550701516,16073.790129220728,189651.237206754,0.0030652272251396884,53.750391895682874,0.0,0.0,0.0,False,False,False
main,gamma_ro_gamma_0p5,gamma_ro,2025-01-01,66,True,True,20,0.5,,0.7,20.0,optimal,20.654772599998978,13.729000091552734,0.0,0,20,15664.811973990278,174.34157851921142,15839.15355250949,15805.368324933022,15979.709903452234,193244.81604717218,0.0,56.91504391840237,0.0,0.0,0.0,False,False,False
main,gamma_ro_gamma_0p5,gamma_ro,2025-01-01,67,True,True,20,0.5,,0.7,20.0,optimal,20.654772599998978,13.729000091552734,0.0,0,20,15664.811973990278,174.34157851921142,15839.15355250949,15108.554639309965,15282.896217829177,169675.65441324734,0.0,50.456675950281515,0.0,0.0,0.0,False,False,False
main,gamma_ro_gamma_0p5,gamma_ro,2025-01-01,68,True,True,20,0.5,,0.7,20.0,optimal,20.654772599998978,13.729000091552734,0.0,0,20,15664.811973990278,174.34157851921142,15839.15355250949,16868.496757312318,17042.83833583153,214201.42309958333,0.0,55.12546698296539,0.0,0.0,0.0,False,False,False
main,gamma_ro_gamma_0p5,gamma_ro,2025-01-01,69,True,True,20,0.5,,0.7,20.0,optimal,20.654772599998978,13.729000091552734,0.0,0,20,15664.811973990278,174.34157851921142,15839.15355250949,16150.254019975297,16324.595598494509,208059.04965570656,0.0,51.588521224018784,0.0,0.0,0.0,False,False,False
main,gamma_ro_gamma_0p5,gamma_ro,2025-01-01,70,True,True,20,0.5,,0.7,20.0,optimal,20.654772599998978,13.729000091552734,0.0,0,20,15664.811973990278,174.34157851921142,15839.15355250949,15966.891314823171,16141.232893342383,201949.6442029144,0.0,54.90908561632834,0.0,0.0,0.0,False,False,False
main,gamma_ro_gamma_0p5,gamma_ro,2025-01-01,71,True,True,20,0.5,,0.7,20.0,optimal,20.654772599998978,13.729000091552734,0.0,0,20,15664.811973990278,174.34157851921142,15839.15355250949,15658.913371644343,15833.254950163555,182025.35200101236,0.008352711610149222,57.279640118286494,0.0,0.0,0.0,False,False,False
main,gamma_ro_gamma_0p5,gamma_ro,2025-01-01,72,True,True,20,0.5,,0.7,20.0,optimal,20.654772599998978,13.729000091552734,0.0,0,20,15664.811973990278,174.34157851921142,15839.15355250949,15328.770278345723,15503.111856864934,181503.4187827962,0.0,58.363332253532825,0.0,0.0,0.0,False,False,False
main,gamma_ro_gamma_0p5,gamma_ro,2025-01-01,73,True,True,20,0.5,,0.7,20.0,optimal,20.654772599998978,13.729000091552734,0.0,0,20,15664.811973990278,174.34157851921142,15839.15355250949,15435.21625554632,15609.557834065532,184148.4785482113,0.02226089584332297,48.512984116363846,0.0,0.0,0.0,False,False,False
main,gamma_ro_gamma_0p5,gamma_ro,2025-01-01,74,True,True,20,0.5,,0.7,20.0,optimal,20.654772599998978,13.729000091552734,0.0,0,20,15664.811973990278,174.34157851921142,15839.15355250949,15221.059787583197,15395.40136610241,172667.22051202002,0.0,52.73381168011391,0.0,0.0,0.0,False,False,False
main,gamma_ro_gamma_0p5,gamma_ro,2025-01-01,75,True,True,20,0.5,,0.7,20.0,optimal,20.654772599998978,13.729000091552734,0.0,0,20,15664.811973990278,174.34157851921142,15839.15355250949,15657.838930308653,15832.180508827865,191030.39154930707,0.17896047596245424,50.1422102061327,0.0,0.0,0.0,False,False,False
main,gamma_ro_gamma_0p5,gamma_ro,2025-01-01,76,True,True,20,0.5,,0.7,20.0,optimal,20.654772599998978,13.729000091552734,0.0,0,20,15664.811973990278,174.34157851921142,15839.15355250949,15925.644578542637,16099.986157061849,210818.85146824666,0.0,51.1796076711415,0.0,0.0,0.0,False,False,False
main,gamma_ro_gamma_0p5,gamma_ro,2025-01-01,77,True,True,20,0.5,,0.7,20.0,optimal,20.654772599998978,13.729000091552734,0.0,0,20,15664.811973990278,174.34157851921142,15839.15355250949,15291.766666228792,15466.108244748004,173043.17185077156,0.0,46.20714754223192,0.0,0.0,0.0,False,False,False
main,gamma_ro_gamma_0p5,gamma_ro,2025-01-01,78,True,True,20,0.5,,0.7,20.0,optimal,20.654772599998978,13.729000091552734,0.0,0,20,15664.811973990278,174.34157851921142,15839.15355250949,15287.374335444558,15461.71591396377,178114.6620552255,0.0,49.48649840943493,0.0,0.0,0.0,False,False,False
main,gamma_ro_gamma_0p5,gamma_ro,2025-01-01,79,True,True,20,0.5,,0.7,20.0,optimal,20.654772599998978,13.729000091552734,0.0,0,20,15664.811973990278,174.34157851921142,15839.15355250949,16272.63614980594,16446.97772832515,199847.6226829653,0.0,47.7142188939741,0.0,0.0,0.0,False,False,False
main,gamma_ro_gamma_0p5,gamma_ro,2025-01-01,80,True,True,20,0.5,,0.7,20.0,optimal,20.654772599998978,13.729000091552734,0.0,0,20,15664.811973990278,174.34157851921142,15839.15355250949,16052.59814286569,16226.939721384902,201185.66092532972,0.0,48.87755271946984,0.0,0.0,0.0,False,False,False
main,gamma_ro_gamma_0p5,gamma_ro,2025-01-01,81,True,True,20,0.5,,0.7,20.0,optimal,20.654772599998978,13.729000091552734,0.0,0,20,15664.811973990278,174.34157851921142,15839.15355250949,15666.870199077443,15841.211777596654,185247.4751911578,0.124687834387083,58.795445726692414,0.0,0.0,0.0,False,False,False
main,gamma_ro_gamma_0p5,gamma_ro,2025-01-01,82,True,True,20,0.5,,0.7,20.0,optimal,20.654772599998978,13.729000091552734,0.0,0,20,15664.811973990278,174.34157851921142,15839.15355250949,15350.039463573283,15524.381042092495,183169.93603513247,0.07305403701739724,44.84381951055361,0.0,0.0,0.0,False,False,False
main,gamma_ro_gamma_0p5,gamma_ro,2025-01-01,83,True,True,20,0.5,,0.7,20.0,optimal,20.654772599998978,13.729000091552734,0.0,0,20,15664.811973990278,174.34157851921142,15839.15355250949,16037.697032382684,16212.038610901896,202838.94210926906,0.04106225130651758,43.78887841710921,0.0,0.0,0.0,False,False,False
main,gamma_ro_gamma_0p5,gamma_ro,2025-01-01,84,True,True,20,0.5,,0.7,20.0,optimal,20.654772599998978,13.729000091552734,0.0,0,20,15664.811973990278,174.34157851921142,15839.15355250949,15885.937461945963,16060.279040465175,203521.17747825143,0.11651222011883869,41.58779198427666,0.0,0.0,0.0,False,False,False
main,gamma_ro_gamma_0p5,gamma_ro,2025-01-01,85,True,True,20,0.5,,0.7,20.0,optimal,20.654772599998978,13.729000091552734,0.0,0,20,15664.811973990278,174.34157851921142,15839.15355250949,15845.56330059528,16019.904879114492,192793.94719757835,0.0,54.49466893411843,0.0,0.0,0.0,False,False,False
main,gamma_ro_gamma_0p5,gamma_ro,2025-01-01,86,True,True,20,0.5,,0.7,20.0,optimal,20.654772599998978,13.729000091552734,0.0,0,20,15664.811973990278,174.34157851921142,15839.15355250949,16049.442069314466,16223.783647833678,194996.926070266,0.07687092651645885,44.101103418111954,0.0,0.0,0.0,False,False,False
main,gamma_ro_gamma_0p5,gamma_ro,2025-01-01,87,True,True,20,0.5,,0.7,20.0,optimal,20.654772599998978,13.729000091552734,0.0,0,20,15664.811973990278,174.34157851921142,15839.15355250949,15148.366583849574,15322.708162368786,171234.6748671839,0.15755769463181557,49.23229638920338,0.0,0.0,0.0,False,False,False
main,gamma_ro_gamma_0p5,gamma_ro,2025-01-01,88,True,True,20,0.5,,0.7,20.0,optimal,20.654772599998978,13.729000091552734,0.0,0,20,15664.811973990278,174.34157851921142,15839.15355250949,15809.78056421696,15984.122142736172,171773.42426726295,0.036584478250068,57.79272318627524,0.0,0.0,0.0,False,False,False
main,gamma_ro_gamma_0p5,gamma_ro,2025-01-01,89,True,True,20,0.5,,0.7,20.0,optimal,20.654772599998978,13.729000091552734,0.0,0,20,15664.811973990278,174.34157851921142,15839.15355250949,16175.528537584325,16349.870116103537,189966.23956129522,0.0,50.758615819354176,0.0,0.0,0.0,False,False,False
main,gamma_ro_gamma_0p5,gamma_ro,2025-01-01,90,True,True,20,0.5,,0.7,20.0,optimal,20.654772599998978,13.729000091552734,0.0,0,20,15664.811973990278,174.34157851921142,15839.15355250949,15305.754817427764,15480.096395946975,184252.20110820295,0.14272223111062188,54.313129990043585,0.0,0.0,0.0,False,False,False
main,gamma_ro_gamma_0p5,gamma_ro,2025-01-01,91,True,True,20,0.5,,0.7,20.0,optimal,20.654772599998978,13.729000091552734,0.0,0,20,15664.811973990278,174.34157851921142,15839.15355250949,14931.75883888944,15106.100417408652,163146.8035482577,0.0,48.16805211054926,0.0,0.0,0.0,False,False,False
main,gamma_ro_gamma_0p5,gamma_ro,2025-01-01,92,True,True,20,0.5,,0.7,20.0,optimal,20.654772599998978,13.729000091552734,0.0,0,20,15664.811973990278,174.34157851921142,15839.15355250949,15791.414444762862,15965.756023282074,178315.33653283227,0.0,43.3605884789788,0.0,0.0,0.0,False,False,False
main,gamma_ro_gamma_0p5,gamma_ro,2025-01-01,93,True,True,20,0.5,,0.7,20.0,optimal,20.654772599998978,13.729000091552734,0.0,0,20,15664.811973990278,174.34157851921142,15839.15355250949,15553.403544328634,15727.745122847846,190420.07717434032,0.017463317476277163,50.87987621949104,0.0,0.0,0.0,False,False,False
main,gamma_ro_gamma_0p5,gamma_ro,2025-01-01,94,True,True,20,0.5,,0.7,20.0,optimal,20.654772599998978,13.729000091552734,0.0,0,20,15664.811973990278,174.34157851921142,15839.15355250949,15214.931791360394,15389.273369879606,181017.44360841942,0.021764084787162047,46.40195849575051,0.0,0.0,0.0,False,False,False
main,gamma_ro_gamma_0p5,gamma_ro,2025-01-01,95,True,True,20,0.5,,0.7,20.0,optimal,20.654772599998978,13.729000091552734,0.0,0,20,15664.811973990278,174.34157851921142,15839.15355250949,14970.352575086272,15144.694153605484,174698.32096075686,0.03120652959486822,51.36373055113626,0.0,0.0,0.0,False,False,False
main,gamma_ro_gamma_0p5,gamma_ro,2025-01-01,96,True,True,20,0.5,,0.7,20.0,optimal,20.654772599998978,13.729000091552734,0.0,0,20,15664.811973990278,174.34157851921142,15839.15355250949,15524.476524017933,15698.818102537145,182078.46144888824,0.07874070332594343,48.28554340885528,0.0,0.0,0.0,False,False,False
main,gamma_ro_gamma_0p5,gamma_ro,2025-01-01,97,True,True,20,0.5,,0.7,20.0,optimal,20.654772599998978,13.729000091552734,0.0,0,20,15664.811973990278,174.34157851921142,15839.15355250949,15550.214495423934,15724.556073943146,181140.44804042848,0.0,50.06606791096999,0.0,0.0,0.0,False,False,False
main,gamma_ro_gamma_0p5,gamma_ro,2025-01-01,98,True,True,20,0.5,,0.7,20.0,optimal,20.654772599998978,13.729000091552734,0.0,0,20,15664.811973990278,174.34157851921142,15839.15355250949,15695.262052240301,15869.603630759513,182413.5327492781,0.101202988710867,46.46905345306374,0.0,0.0,0.0,False,False,False
main,gamma_ro_gamma_0p5,gamma_ro,2025-01-01,99,True,True,20,0.5,,0.7,20.0,optimal,20.654772599998978,13.729000091552734,0.0,0,20,15664.811973990278,174.34157851921142,15839.15355250949,15545.902261568841,15720.243840088053,179254.11343497454,0.06784896363151327,51.98087532063953,0.0,0.0,0.0,False,False,False
main,gamma_ro_gamma_0p5,gamma_ro,2025-04-01,0,True,True,20,0.5,,0.7,20.0,optimal,24.62147879999975,17.73200011253357,0.0,0,20,15462.571691668601,498.33225108842464,15960.903942757026,14851.094687821147,15349.426938909572,119779.80464785367,0.0,57.426237827129505,0.0,0.0,0.0,False,False,False
main,gamma_ro_gamma_0p5,gamma_ro,2025-04-01,1,True,True,20,0.5,,0.7,20.0,optimal,24.62147879999975,17.73200011253357,0.0,0,20,15462.571691668601,498.33225108842464,15960.903942757026,15815.094920049038,16313.427171137462,134702.78130977228,0.0,63.48866553365612,0.0,0.0,0.0,False,False,False
main,gamma_ro_gamma_0p5,gamma_ro,2025-04-01,2,True,True,20,0.5,,0.7,20.0,optimal,24.62147879999975,17.73200011253357,0.0,0,20,15462.571691668601,498.33225108842464,15960.903942757026,15314.03685051757,15812.369101605995,128603.82412933897,0.0,51.47223819297343,0.0,0.0,0.0,False,False,False
main,gamma_ro_gamma_0p5,gamma_ro,2025-04-01,3,True,True,20,0.5,,0.7,20.0,optimal,24.62147879999975,17.73200011253357,0.0,0,20,15462.571691668601,498.33225108842464,15960.903942757026,15838.432186594677,16336.764437683101,135639.27330489972,0.0,56.20211175869498,0.0,0.0,0.0,False,False,False
main,gamma_ro_gamma_0p5,gamma_ro,2025-04-01,4,True,True,20,0.5,,0.7,20.0,optimal,24.62147879999975,17.73200011253357,0.0,0,20,15462.571691668601,498.33225108842464,15960.903942757026,15595.463657436785,16093.79590852521,132919.95201669686,0.0,52.756576461165594,0.0,0.0,0.0,False,False,False
main,gamma_ro_gamma_0p5,gamma_ro,2025-04-01,5,True,True,20,0.5,,0.7,20.0,optimal,24.62147879999975,17.73200011253357,0.0,0,20,15462.571691668601,498.33225108842464,15960.903942757026,16052.92077231652,16551.253023404945,146005.51911963854,0.012915398624585572,59.01271526663666,0.0,0.0,0.0,False,False,False
main,gamma_ro_gamma_0p5,gamma_ro,2025-04-01,6,True,True,20,0.5,,0.7,20.0,optimal,24.62147879999975,17.73200011253357,0.0,0,20,15462.571691668601,498.33225108842464,15960.903942757026,15836.724573191508,16335.056824279933,138820.6325024416,0.0,53.09768670327852,0.0,0.0,0.0,False,False,False
main,gamma_ro_gamma_0p5,gamma_ro,2025-04-01,7,True,True,20,0.5,,0.7,20.0,optimal,24.62147879999975,17.73200011253357,0.0,0,20,15462.571691668601,498.33225108842464,15960.903942757026,15298.410731539276,15796.7429826277,124411.67312840035,0.0,52.93782186073848,0.0,0.0,0.0,False,False,False
main,gamma_ro_gamma_0p5,gamma_ro,2025-04-01,8,True,True,20,0.5,,0.7,20.0,optimal,24.62147879999975,17.73200011253357,0.0,0,20,15462.571691668601,498.33225108842464,15960.903942757026,15938.876581229662,16437.208832318087,137348.00715228808,0.06427763748789272,53.814656745223374,0.0,0.0,0.0,False,False,False
main,gamma_ro_gamma_0p5,gamma_ro,2025-04-01,9,True,True,20,0.5,,0.7,20.0,optimal,24.62147879999975,17.73200011253357,0.0,0,20,15462.571691668601,498.33225108842464,15960.903942757026,16067.26681399912,16565.599065087546,137849.21267425688,0.2464361176484957,62.955367149454986,0.0,0.0,0.0,False,False,False
main,gamma_ro_gamma_0p5,gamma_ro,2025-04-01,10,True,True,20,0.5,,0.7,20.0,optimal,24.62147879999975,17.73200011253357,0.0,0,20,15462.571691668601,498.33225108842464,15960.903942757026,15566.305898047758,16064.638149136183,129557.2064938561,0.0,51.63241458527746,0.0,0.0,0.0,False,False,False
main,gamma_ro_gamma_0p5,gamma_ro,2025-04-01,11,True,True,20,0.5,,0.7,20.0,optimal,24.62147879999975,17.73200011253357,0.0,0,20,15462.571691668601,498.33225108842464,15960.903942757026,15564.461495226133,16062.793746314557,129113.31802493898,0.0,47.21399405737157,0.0,0.0,0.0,False,False,False
main,gamma_ro_gamma_0p5,gamma_ro,2025-04-01,12,True,True,20,0.5,,0.7,20.0,optimal,24.62147879999975,17.73200011253357,0.0,0,20,15462.571691668601,498.33225108842464,15960.903942757026,15633.82105204892,16132.153303137344,141922.53235582943,0.0,48.235400562057976,0.0,0.0,0.0,False,False,False
main,gamma_ro_gamma_0p5,gamma_ro,2025-04-01,13,True,True,20,0.5,,0.7,20.0,optimal,24.62147879999975,17.73200011253357,0.0,0,20,15462.571691668601,498.33225108842464,15960.903942757026,16081.32218151154,16579.654432599964,142077.9016128204,0.15974994931007278,56.59313687770297,0.0,0.0,0.0,False,False,False
main,gamma_ro_gamma_0p5,gamma_ro,2025-04-01,14,True,True,20,0.5,,0.7,20.0,optimal,24.62147879999975,17.73200011253357,0.0,0,20,15462.571691668601,498.33225108842464,15960.903942757026,15232.671986960864,15731.004238049289,125482.23374974709,0.0,51.10257208388545,0.0,0.0,0.0,False,False,False
main,gamma_ro_gamma_0p5,gamma_ro,2025-04-01,15,True,True,20,0.5,,0.7,20.0,optimal,24.62147879999975,17.73200011253357,0.0,0,20,15462.571691668601,498.33225108842464,15960.903942757026,15093.572870069194,15591.905121157619,123125.57671040455,0.0,50.176743636622426,0.0,0.0,0.0,False,False,False
main,gamma_ro_gamma_0p5,gamma_ro,2025-04-01,16,True,True,20,0.5,,0.7,20.0,optimal,24.62147879999975,17.73200011253357,0.0,0,20,15462.571691668601,498.33225108842464,15960.903942757026,14961.454812450258,15459.787063538683,119167.9399609645,0.0,50.71806126735921,0.0,0.0,0.0,False,False,False
main,gamma_ro_gamma_0p5,gamma_ro,2025-04-01,17,True,True,20,0.5,,0.7,20.0,optimal,24.62147879999975,17.73200011253357,0.0,0,20,15462.571691668601,498.33225108842464,15960.903942757026,15437.66421508209,15935.996466170514,126344.89879927962,0.0,62.57812017480995,0.0,0.0,0.0,False,False,False
main,gamma_ro_gamma_0p5,gamma_ro,2025-04-01,18,True,True,20,0.5,,0.7,20.0,optimal,24.62147879999975,17.73200011253357,0.0,0,20,15462.571691668601,498.33225108842464,15960.903942757026,16000.184031996378,16498.516283084802,135154.8331702785,0.14865384669644943,56.849596506753464,0.0,0.0,0.0,False,False,False
main,gamma_ro_gamma_0p5,gamma_ro,2025-04-01,19,True,True,20,0.5,,0.7,20.0,optimal,24.62147879999975,17.73200011253357,0.0,0,20,15462.571691668601,498.33225108842464,15960.903942757026,15534.261155827304,16032.593406915728,135945.4124547484,0.0,52.55477476087771,0.0,0.0,0.0,False,False,False
main,gamma_ro_gamma_0p5,gamma_ro,2025-04-01,20,True,True,20,0.5,,0.7,20.0,optimal,24.62147879999975,17.73200011253357,0.0,0,20,15462.571691668601,498.33225108842464,15960.903942757026,15913.206000281156,16411.53825136958,139409.30850736506,0.0,49.93353399234608,0.0,0.0,0.0,False,False,False
main,gamma_ro_gamma_0p5,gamma_ro,2025-04-01,21,True,True,20,0.5,,0.7,20.0,optimal,24.62147879999975,17.73200011253357,0.0,0,20,15462.571691668601,498.33225108842464,15960.903942757026,15526.39643056067,16024.728681649094,123393.68750809907,0.002128181034477261,49.933532811861866,0.0,0.0,0.0,False,False,False
main,gamma_ro_gamma_0p5,gamma_ro,2025-04-01,22,True,True,20,0.5,,0.7,20.0,optimal,24.62147879999975,17.73200011253357,0.0,0,20,15462.571691668601,498.33225108842464,15960.903942757026,15746.754875960276,16245.0871270487,135797.60931733233,0.0,54.627663098786705,0.0,0.0,0.0,False,False,False
main,gamma_ro_gamma_0p5,gamma_ro,2025-04-01,23,True,True,20,0.5,,0.7,20.0,optimal,24.62147879999975,17.73200011253357,0.0,0,20,15462.571691668601,498.33225108842464,15960.903942757026,15728.827893363678,16227.160144452102,134676.8433929325,0.0,51.95989551284539,0.0,0.0,0.0,False,False,False
main,gamma_ro_gamma_0p5,gamma_ro,2025-04-01,24,True,True,20,0.5,,0.7,20.0,optimal,24.62147879999975,17.73200011253357,0.0,0,20,15462.571691668601,498.33225108842464,15960.903942757026,15212.48804597884,15710.820297067265,127742.34337719785,0.23439166775986164,61.1543811958719,0.0,0.0,0.0,False,False,False
main,gamma_ro_gamma_0p5,gamma_ro,2025-04-01,25,True,True,20,0.5,,0.7,20.0,optimal,24.62147879999975,17.73200011253357,0.0,0,20,15462.571691668601,498.33225108842464,15960.903942757026,17061.4615036733,17559.793754761726,163129.1696274638,0.0,50.46331642757331,0.0,0.0,0.0,False,False,False
main,gamma_ro_gamma_0p5,gamma_ro,2025-04-01,26,True,True,20,0.5,,0.7,20.0,optimal,24.62147879999975,17.73200011253357,0.0,0,20,15462.571691668601,498.33225108842464,15960.903942757026,15519.757944036226,16018.09019512465,133737.9938361413,0.0,60.58949787546943,0.0,0.0,0.0,False,False,False
main,gamma_ro_gamma_0p5,gamma_ro,2025-04-01,27,True,True,20,0.5,,0.7,20.0,optimal,24.62147879999975,17.73200011253357,0.0,0,20,15462.571691668601,498.33225108842464,15960.903942757026,14987.297639759337,15485.629890847762,118848.06710778982,0.0,59.41201517143865,0.0,0.0,0.0,False,False,False
main,gamma_ro_gamma_0p5,gamma_ro,2025-04-01,28,True,True,20,0.5,,0.7,20.0,optimal,24.62147879999975,17.73200011253357,0.0,0,20,15462.571691668601,498.33225108842464,15960.903942757026,15693.066751153872,16191.399002242297,132185.3707425459,0.0,45.23857990317193,0.0,0.0,0.0,False,False,False
main,gamma_ro_gamma_0p5,gamma_ro,2025-04-01,29,True,True,20,0.5,,0.7,20.0,optimal,24.62147879999975,17.73200011253357,0.0,0,20,15462.571691668601,498.33225108842464,15960.903942757026,16104.434392440115,16602.76664352854,141415.68249701874,0.0,42.5587336200353,0.0,0.0,0.0,False,False,False
main,gamma_ro_gamma_0p5,gamma_ro,2025-04-01,30,True,True,20,0.5,,0.7,20.0,optimal,24.62147879999975,17.73200011253357,0.0,0,20,15462.571691668601,498.33225108842464,15960.903942757026,14878.12742378365,15376.459674872074,113462.77353875377,0.0,47.59956466220172,0.0,0.0,0.0,False,False,False
main,gamma_ro_gamma_0p5,gamma_ro,2025-04-01,31,True,True,20,0.5,,0.7,20.0,optimal,24.62147879999975,17.73200011253357,0.0,0,20,15462.571691668601,498.33225108842464,15960.903942757026,15981.510315943471,16479.842567031897,147551.67212431302,0.0,51.27349076331728,0.0,0.0,0.0,False,False,False
main,gamma_ro_gamma_0p5,gamma_ro,2025-04-01,32,True,True,20,0.5,,0.7,20.0,optimal,24.62147879999975,17.73200011253357,0.0,0,20,15462.571691668601,498.33225108842464,15960.903942757026,15123.727922359809,15622.060173448233,131062.39289826616,0.0,50.45717245561463,0.0,0.0,0.0,False,False,False
main,gamma_ro_gamma_0p5,gamma_ro,2025-04-01,33,True,True,20,0.5,,0.7,20.0,optimal,24.62147879999975,17.73200011253357,0.0,0,20,15462.571691668601,498.33225108842464,15960.903942757026,16928.588864603378,17426.921115691803,161711.72192379078,0.00829409380916113,65.73241899128621,0.0,0.0,0.0,False,False,False
main,gamma_ro_gamma_0p5,gamma_ro,2025-04-01,34,True,True,20,0.5,,0.7,20.0,optimal,24.62147879999975,17.73200011253357,0.0,0,20,15462.571691668601,498.33225108842464,15960.903942757026,15953.546455359943,16451.87870644837,138588.01065357708,0.014235189147227434,55.794944637856275,0.0,0.0,0.0,False,False,False
main,gamma_ro_gamma_0p5,gamma_ro,2025-04-01,35,True,True,20,0.5,,0.7,20.0,optimal,24.62147879999975,17.73200011253357,0.0,0,20,15462.571691668601,498.33225108842464,15960.903942757026,15401.099573213809,15899.431824302234,123800.39850274962,0.0,59.31205039048085,0.0,0.0,0.0,False,False,False
main,gamma_ro_gamma_0p5,gamma_ro,2025-04-01,36,True,True,20,0.5,,0.7,20.0,optimal,24.62147879999975,17.73200011253357,0.0,0,20,15462.571691668601,498.33225108842464,15960.903942757026,15079.263046639651,15577.595297728076,123220.02428865375,0.0,63.953580835379434,0.0,0.0,0.0,False,False,False
main,gamma_ro_gamma_0p5,gamma_ro,2025-04-01,37,True,True,20,0.5,,0.7,20.0,optimal,24.62147879999975,17.73200011253357,0.0,0,20,15462.571691668601,498.33225108842464,15960.903942757026,15240.604579840092,15738.936830928516,130725.99381165794,0.0,45.90783170322392,0.0,0.0,0.0,False,False,False
main,gamma_ro_gamma_0p5,gamma_ro,2025-04-01,38,True,True,20,0.5,,0.7,20.0,optimal,24.62147879999975,17.73200011253357,0.0,0,20,15462.571691668601,498.33225108842464,15960.903942757026,15425.830394121253,15924.162645209677,131369.2288056185,0.0,52.16898988786213,0.0,0.0,0.0,False,False,False
main,gamma_ro_gamma_0p5,gamma_ro,2025-04-01,39,True,True,20,0.5,,0.7,20.0,optimal,24.62147879999975,17.73200011253357,0.0,0,20,15462.571691668601,498.33225108842464,15960.903942757026,15873.849011268652,16372.181262357077,141919.0763840909,0.0,47.376198724629035,0.0,0.0,0.0,False,False,False
main,gamma_ro_gamma_0p5,gamma_ro,2025-04-01,40,True,True,20,0.5,,0.7,20.0,optimal,24.62147879999975,17.73200011253357,0.0,0,20,15462.571691668601,498.33225108842464,15960.903942757026,15884.424194978648,16382.756446067073,141177.3133119831,0.0,48.74141626961259,0.0,0.0,0.0,False,False,False
main,gamma_ro_gamma_0p5,gamma_ro,2025-04-01,41,True,True,20,0.5,,0.7,20.0,optimal,24.62147879999975,17.73200011253357,0.0,0,20,15462.571691668601,498.33225108842464,15960.903942757026,16066.438184781733,16564.77043587016,137562.9387793287,0.0,45.087026303994506,0.0,0.0,0.0,False,False,False
main,gamma_ro_gamma_0p5,gamma_ro,2025-04-01,42,True,True,20,0.5,,0.7,20.0,optimal,24.62147879999975,17.73200011253357,0.0,0,20,15462.571691668601,498.33225108842464,15960.903942757026,15610.529721677933,16108.861972766357,137724.5264882092,0.0,60.72312615836581,0.0,0.0,0.0,False,False,False
main,gamma_ro_gamma_0p5,gamma_ro,2025-04-01,43,True,True,20,0.5,,0.7,20.0,optimal,24.62147879999975,17.73200011253357,0.0,0,20,15462.571691668601,498.33225108842464,15960.903942757026,14989.45810399281,15487.790355081235,120318.4726607241,0.0,54.83334998486974,0.0,0.0,0.0,False,False,False
main,gamma_ro_gamma_0p5,gamma_ro,2025-04-01,44,True,True,20,0.5,,0.7,20.0,optimal,24.62147879999975,17.73200011253357,0.0,0,20,15462.571691668601,498.33225108842464,15960.903942757026,15505.85339092158,16004.185642010005,126162.83815812568,0.0019256684169632887,56.79426206811303,0.0,0.0,0.0,False,False,False
main,gamma_ro_gamma_0p5,gamma_ro,2025-04-01,45,True,True,20,0.5,,0.7,20.0,optimal,24.62147879999975,17.73200011253357,0.0,0,20,15462.571691668601,498.33225108842464,15960.903942757026,16236.528234085994,16734.86048517442,142440.6416412187,0.0,56.9569697132653,0.0,0.0,0.0,False,False,False
main,gamma_ro_gamma_0p5,gamma_ro,2025-04-01,46,True,True,20,0.5,,0.7,20.0,optimal,24.62147879999975,17.73200011253357,0.0,0,20,15462.571691668601,498.33225108842464,15960.903942757026,15652.381357454164,16150.713608542588,134951.11443337132,0.0,54.99261156927503,0.0,0.0,0.0,False,False,False
main,gamma_ro_gamma_0p5,gamma_ro,2025-04-01,47,True,True,20,0.5,,0.7,20.0,optimal,24.62147879999975,17.73200011253357,0.0,0,20,15462.571691668601,498.33225108842464,15960.903942757026,15868.6084090342,16366.940660122624,141974.2299111374,0.04418934915484507,53.16021405069075,0.0,0.0,0.0,False,False,False
main,gamma_ro_gamma_0p5,gamma_ro,2025-04-01,48,True,True,20,0.5,,0.7,20.0,optimal,24.62147879999975,17.73200011253357,0.0,0,20,15462.571691668601,498.33225108842464,15960.903942757026,16471.771269630448,16970.103520718872,149824.0532995534,0.0014028264291388037,49.352753208686806,0.0,0.0,0.0,False,False,False
main,gamma_ro_gamma_0p5,gamma_ro,2025-04-01,49,True,True,20,0.5,,0.7,20.0,optimal,24.62147879999975,17.73200011253357,0.0,0,20,15462.571691668601,498.33225108842464,15960.903942757026,16099.037395255493,16597.36964634392,145838.9881114469,0.1055014214183887,60.27566155076167,0.0,0.0,0.0,False,False,False
main,gamma_ro_gamma_0p5,gamma_ro,2025-04-01,50,True,True,20,0.5,,0.7,20.0,optimal,24.62147879999975,17.73200011253357,0.0,0,20,15462.571691668601,498.33225108842464,15960.903942757026,15303.052583189055,15801.38483427748,135423.5827595856,0.0,57.473456870973735,0.0,0.0,0.0,False,False,False
main,gamma_ro_gamma_0p5,gamma_ro,2025-04-01,51,True,True,20,0.5,,0.7,20.0,optimal,24.62147879999975,17.73200011253357,0.0,0,20,15462.571691668601,498.33225108842464,15960.903942757026,15105.028393251938,15603.360644340362,126548.3752206018,0.0,52.96000979378414,0.0,0.0,0.0,False,False,False
main,gamma_ro_gamma_0p5,gamma_ro,2025-04-01,52,True,True,20,0.5,,0.7,20.0,optimal,24.62147879999975,17.73200011253357,0.0,0,20,15462.571691668601,498.33225108842464,15960.903942757026,16229.631938401899,16727.964189490325,144993.13705398954,0.22081575352165173,56.58107808676555,0.0,0.0,0.0,False,False,False
main,gamma_ro_gamma_0p5,gamma_ro,2025-04-01,53,True,True,20,0.5,,0.7,20.0,optimal,24.62147879999975,17.73200011253357,0.0,0,20,15462.571691668601,498.33225108842464,15960.903942757026,15619.193112624747,16117.525363713172,130538.17148742346,0.0,48.154064440865,0.0,0.0,0.0,False,False,False
main,gamma_ro_gamma_0p5,gamma_ro,2025-04-01,54,True,True,20,0.5,,0.7,20.0,optimal,24.62147879999975,17.73200011253357,0.0,0,20,15462.571691668601,498.33225108842464,15960.903942757026,16308.874509808504,16807.20676089693,144452.12498185202,0.0,52.82746559012393,0.0,0.0,0.0,False,False,False
main,gamma_ro_gamma_0p5,gamma_ro,2025-04-01,55,True,True,20,0.5,,0.7,20.0,optimal,24.62147879999975,17.73200011253357,0.0,0,20,15462.571691668601,498.33225108842464,15960.903942757026,15516.784844043315,16015.11709513174,132258.44960165783,0.0,56.47063886149857,0.0,0.0,0.0,False,False,False
main,gamma_ro_gamma_0p5,gamma_ro,2025-04-01,56,True,True,20,0.5,,0.7,20.0,optimal,24.62147879999975,17.73200011253357,0.0,0,20,15462.571691668601,498.33225108842464,15960.903942757026,15802.3264374972,16300.658688585625,137332.62371800267,0.0,41.63316789801019,0.0,0.0,0.0,False,False,False
main,gamma_ro_gamma_0p5,gamma_ro,2025-04-01,57,True,True,20,0.5,,0.7,20.0,optimal,24.62147879999975,17.73200011253357,0.0,0,20,15462.571691668601,498.33225108842464,15960.903942757026,15432.057532063978,15930.389783152403,131407.53895089618,0.07336641512227615,52.49916343915382,0.0,0.0,0.0,False,False,False
main,gamma_ro_gamma_0p5,gamma_ro,2025-04-01,58,True,True,20,0.5,,0.7,20.0,optimal,24.62147879999975,17.73200011253357,0.0,0,20,15462.571691668601,498.33225108842464,15960.903942757026,16535.807497659345,17034.13974874777,150003.89516321928,0.0,62.15130508726195,0.0,0.0,0.0,False,False,False
main,gamma_ro_gamma_0p5,gamma_ro,2025-04-01,59,True,True,20,0.5,,0.7,20.0,optimal,24.62147879999975,17.73200011253357,0.0,0,20,15462.571691668601,498.33225108842464,15960.903942757026,16422.74996034942,16921.082211437846,150016.78304911862,0.0,54.001988018318876,0.0,0.0,0.0,False,False,False
main,gamma_ro_gamma_0p5,gamma_ro,2025-04-01,60,True,True,20,0.5,,0.7,20.0,optimal,24.62147879999975,17.73200011253357,0.0,0,20,15462.571691668601,498.33225108842464,15960.903942757026,15783.642347908974,16281.974598997398,140008.6256283037,0.11050767352744972,56.914552854105,0.0,0.0,0.0,False,False,False
main,gamma_ro_gamma_0p5,gamma_ro,2025-04-01,61,True,True,20,0.5,,0.7,20.0,optimal,24.62147879999975,17.73200011253357,0.0,0,20,15462.571691668601,498.33225108842464,15960.903942757026,15736.277947898374,16234.610198986798,137320.2547044454,0.0,46.03554964824876,0.0,0.0,0.0,False,False,False
main,gamma_ro_gamma_0p5,gamma_ro,2025-04-01,62,True,True,20,0.5,,0.7,20.0,optimal,24.62147879999975,17.73200011253357,0.0,0,20,15462.571691668601,498.33225108842464,15960.903942757026,15088.584462461744,15586.916713550168,123327.21302857359,0.0,57.51049624948811,0.0,0.0,0.0,False,False,False
main,gamma_ro_gamma_0p5,gamma_ro,2025-04-01,63,True,True,20,0.5,,0.7,20.0,optimal,24.62147879999975,17.73200011253357,0.0,0,20,15462.571691668601,498.33225108842464,15960.903942757026,15745.24681554932,16243.579066637745,130568.51631327784,0.0,62.932879482844854,0.0,0.0,0.0,False,False,False
main,gamma_ro_gamma_0p5,gamma_ro,2025-04-01,64,True,True,20,0.5,,0.7,20.0,optimal,24.62147879999975,17.73200011253357,0.0,0,20,15462.571691668601,498.33225108842464,15960.903942757026,15363.137429039894,15861.469680128319,122426.5006192586,0.1598073923692782,49.76025259010245,0.0,0.0,0.0,False,False,False
main,gamma_ro_gamma_0p5,gamma_ro,2025-04-01,65,True,True,20,0.5,,0.7,20.0,optimal,24.62147879999975,17.73200011253357,0.0,0,20,15462.571691668601,498.33225108842464,15960.903942757026,15987.596029104952,16485.928280193377,134517.99693337493,0.0,60.056812279696835,0.0,0.0,0.0,False,False,False
main,gamma_ro_gamma_0p5,gamma_ro,2025-04-01,66,True,True,20,0.5,,0.7,20.0,optimal,24.62147879999975,17.73200011253357,0.0,0,20,15462.571691668601,498.33225108842464,15960.903942757026,15917.252641840098,16415.584892928524,139300.796543478,0.0,61.92511209832483,0.0,0.0,0.0,False,False,False
main,gamma_ro_gamma_0p5,gamma_ro,2025-04-01,67,True,True,20,0.5,,0.7,20.0,optimal,24.62147879999975,17.73200011253357,0.0,0,20,15462.571691668601,498.33225108842464,15960.903942757026,14749.590825911522,15247.923076999947,119577.225844807,0.0,57.92136239116875,0.0,0.0,0.0,False,False,False
main,gamma_ro_gamma_0p5,gamma_ro,2025-04-01,68,True,True,20,0.5,,0.7,20.0,optimal,24.62147879999975,17.73200011253357,0.0,0,20,15462.571691668601,498.33225108842464,15960.903942757026,16710.3501360364,17208.682387124823,157501.81024098778,0.008095505200645503,55.1860680992282,0.0,0.0,0.0,False,False,False
main,gamma_ro_gamma_0p5,gamma_ro,2025-04-01,69,True,True,20,0.5,,0.7,20.0,optimal,24.62147879999975,17.73200011253357,0.0,0,20,15462.571691668601,498.33225108842464,15960.903942757026,16928.146327755196,17426.47857884362,152287.42988926434,0.07613863341058247,58.56873956157379,0.0,0.0,0.0,False,False,False
main,gamma_ro_gamma_0p5,gamma_ro,2025-04-01,70,True,True,20,0.5,,0.7,20.0,optimal,24.62147879999975,17.73200011253357,0.0,0,20,15462.571691668601,498.33225108842464,15960.903942757026,16030.931461891347,16529.263712979773,145382.88728384636,0.0,61.51124671311542,0.0,0.0,0.0,False,False,False
main,gamma_ro_gamma_0p5,gamma_ro,2025-04-01,71,True,True,20,0.5,,0.7,20.0,optimal,24.62147879999975,17.73200011253357,0.0,0,20,15462.571691668601,498.33225108842464,15960.903942757026,15005.375483487942,15503.707734576366,129238.96372611896,0.1297136973529276,59.95498859633507,0.0,0.0,0.0,False,False,False
main,gamma_ro_gamma_0p5,gamma_ro,2025-04-01,72,True,True,20,0.5,,0.7,20.0,optimal,24.62147879999975,17.73200011253357,0.0,0,20,15462.571691668601,498.33225108842464,15960.903942757026,15499.051008366294,15997.383259454718,129366.10111339418,0.08773362021654574,60.66547315555372,0.0,0.0,0.0,False,False,False
main,gamma_ro_gamma_0p5,gamma_ro,2025-04-01,73,True,True,20,0.5,,0.7,20.0,optimal,24.62147879999975,17.73200011253357,0.0,0,20,15462.571691668601,498.33225108842464,15960.903942757026,15646.588128910867,16144.920379999292,130491.56545777906,0.11968475238152054,52.660810438024406,0.0,0.0,0.0,False,False,False
main,gamma_ro_gamma_0p5,gamma_ro,2025-04-01,74,True,True,20,0.5,,0.7,20.0,optimal,24.62147879999975,17.73200011253357,0.0,0,20,15462.571691668601,498.33225108842464,15960.903942757026,15350.815978465853,15849.148229554277,121309.79398977975,0.0,55.123514591314716,0.0,0.0,0.0,False,False,False
main,gamma_ro_gamma_0p5,gamma_ro,2025-04-01,75,True,True,20,0.5,,0.7,20.0,optimal,24.62147879999975,17.73200011253357,0.0,0,20,15462.571691668601,498.33225108842464,15960.903942757026,15880.875896672173,16379.208147760597,135911.70125076774,0.03785945621054801,50.13975127734277,0.0,0.0,0.0,False,False,False
main,gamma_ro_gamma_0p5,gamma_ro,2025-04-01,76,True,True,20,0.5,,0.7,20.0,optimal,24.62147879999975,17.73200011253357,0.0,0,20,15462.571691668601,498.33225108842464,15960.903942757026,16409.777932976955,16908.11018406538,153386.7535730632,0.0,54.26884345187583,0.0,0.0,0.0,False,False,False
main,gamma_ro_gamma_0p5,gamma_ro,2025-04-01,77,True,True,20,0.5,,0.7,20.0,optimal,24.62147879999975,17.73200011253357,0.0,0,20,15462.571691668601,498.33225108842464,15960.903942757026,14914.626677780376,15412.9589288688,121395.75554815645,0.1483547344551277,48.89106949444588,0.0,0.0,0.0,False,False,False
main,gamma_ro_gamma_0p5,gamma_ro,2025-04-01,78,True,True,20,0.5,,0.7,20.0,optimal,24.62147879999975,17.73200011253357,0.0,0,20,15462.571691668601,498.33225108842464,15960.903942757026,15412.46146750266,15910.793718591085,126219.740602026,0.0,54.70745868180088,0.0,0.0,0.0,False,False,False
main,gamma_ro_gamma_0p5,gamma_ro,2025-04-01,79,True,True,20,0.5,,0.7,20.0,optimal,24.62147879999975,17.73200011253357,0.0,0,20,15462.571691668601,498.33225108842464,15960.903942757026,16160.630874592951,16658.963125681377,144816.62818353216,0.0,50.81534337496683,0.0,0.0,0.0,False,False,False
main,gamma_ro_gamma_0p5,gamma_ro,2025-04-01,80,True,True,20,0.5,,0.7,20.0,optimal,24.62147879999975,17.73200011253357,0.0,0,20,15462.571691668601,498.33225108842464,15960.903942757026,16290.927503649698,16789.259754738123,145466.562199033,0.0,50.42774705044456,0.0,0.0,0.0,False,False,False
main,gamma_ro_gamma_0p5,gamma_ro,2025-04-01,81,True,True,20,0.5,,0.7,20.0,optimal,24.62147879999975,17.73200011253357,0.0,0,20,15462.571691668601,498.33225108842464,15960.903942757026,15703.094179641856,16201.42643073028,131294.78339506505,0.0,59.40070209364706,0.0,0.0,0.0,False,False,False
main,gamma_ro_gamma_0p5,gamma_ro,2025-04-01,82,True,True,20,0.5,,0.7,20.0,optimal,24.62147879999975,17.73200011253357,0.0,0,20,15462.571691668601,498.33225108842464,15960.903942757026,15352.022737956586,15850.35498904501,130493.40117569103,0.0,47.39722491840112,0.0,0.0,0.0,False,False,False
main,gamma_ro_gamma_0p5,gamma_ro,2025-04-01,83,True,True,20,0.5,,0.7,20.0,optimal,24.62147879999975,17.73200011253357,0.0,0,20,15462.571691668601,498.33225108842464,15960.903942757026,16231.84370064719,16730.175951735615,148984.5504070814,0.0,48.802911699615066,0.0,0.0,0.0,False,False,False
main,gamma_ro_gamma_0p5,gamma_ro,2025-04-01,84,True,True,20,0.5,,0.7,20.0,optimal,24.62147879999975,17.73200011253357,0.0,0,20,15462.571691668601,498.33225108842464,15960.903942757026,16317.76464086309,16816.096891951514,148018.34587361265,0.0,50.429480753856076,0.0,0.0,0.0,False,False,False
main,gamma_ro_gamma_0p5,gamma_ro,2025-04-01,85,True,True,20,0.5,,0.7,20.0,optimal,24.62147879999975,17.73200011253357,0.0,0,20,15462.571691668601,498.33225108842464,15960.903942757026,16036.156008153792,16534.48825924222,136870.89488390752,0.0,63.54780304410245,0.0,0.0,0.0,False,False,False
main,gamma_ro_gamma_0p5,gamma_ro,2025-04-01,86,True,True,20,0.5,,0.7,20.0,optimal,24.62147879999975,17.73200011253357,0.0,0,20,15462.571691668601,498.33225108842464,15960.903942757026,15873.272007163567,16371.604258251991,137933.35754049395,0.0,46.06554871650401,0.0,0.0,0.0,False,False,False
main,gamma_ro_gamma_0p5,gamma_ro,2025-04-01,87,True,True,20,0.5,,0.7,20.0,optimal,24.62147879999975,17.73200011253357,0.0,0,20,15462.571691668601,498.33225108842464,15960.903942757026,14775.390487424262,15273.722738512686,118832.99170699452,0.06408068079579804,50.281063839749734,0.0,0.0,0.0,False,False,False
main,gamma_ro_gamma_0p5,gamma_ro,2025-04-01,88,True,True,20,0.5,,0.7,20.0,optimal,24.62147879999975,17.73200011253357,0.0,0,20,15462.571691668601,498.33225108842464,15960.903942757026,15188.552021882606,15686.88427297103,121026.11247701434,0.0,62.31535828547317,0.0,0.0,0.0,False,False,False
main,gamma_ro_gamma_0p5,gamma_ro,2025-04-01,89,True,True,20,0.5,,0.7,20.0,optimal,24.62147879999975,17.73200011253357,0.0,0,20,15462.571691668601,498.33225108842464,15960.903942757026,16007.240808786326,16505.57305987475,136152.15482226413,0.0,52.56667184363883,0.0,0.0,0.0,False,False,False
main,gamma_ro_gamma_0p5,gamma_ro,2025-04-01,90,True,True,20,0.5,,0.7,20.0,optimal,24.62147879999975,17.73200011253357,0.0,0,20,15462.571691668601,498.33225108842464,15960.903942757026,15686.31099988451,16184.643250972935,131267.7795813178,0.337701697111163,59.37511713391907,0.0,0.0,0.0,False,False,False
main,gamma_ro_gamma_0p5,gamma_ro,2025-04-01,91,True,True,20,0.5,,0.7,20.0,optimal,24.62147879999975,17.73200011253357,0.0,0,20,15462.571691668601,498.33225108842464,15960.903942757026,14836.79332365072,15335.125574739144,113157.63837122518,0.0,55.376924930818284,0.0,0.0,0.0,False,False,False
main,gamma_ro_gamma_0p5,gamma_ro,2025-04-01,92,True,True,20,0.5,,0.7,20.0,optimal,24.62147879999975,17.73200011253357,0.0,0,20,15462.571691668601,498.33225108842464,15960.903942757026,15292.599396579217,15790.931647667641,124983.63772325996,0.0,44.504004799534194,0.0,0.0,0.0,False,False,False
main,gamma_ro_gamma_0p5,gamma_ro,2025-04-01,93,True,True,20,0.5,,0.7,20.0,optimal,24.62147879999975,17.73200011253357,0.0,0,20,15462.571691668601,498.33225108842464,15960.903942757026,15387.10939245671,15885.441643545135,135364.38091952068,0.0,54.60716603032256,0.0,0.0,0.0,False,False,False
main,gamma_ro_gamma_0p5,gamma_ro,2025-04-01,94,True,True,20,0.5,,0.7,20.0,optimal,24.62147879999975,17.73200011253357,0.0,0,20,15462.571691668601,498.33225108842464,15960.903942757026,15316.264037325815,15814.59628841424,127165.38154227458,0.0,49.14574120968071,0.0,0.0,0.0,False,False,False
main,gamma_ro_gamma_0p5,gamma_ro,2025-04-01,95,True,True,20,0.5,,0.7,20.0,optimal,24.62147879999975,17.73200011253357,0.0,0,20,15462.571691668601,498.33225108842464,15960.903942757026,15073.515241867197,15571.847492955621,124180.20749070423,0.002875485480205553,56.05138890483238,0.0,0.0,0.0,False,False,False
main,gamma_ro_gamma_0p5,gamma_ro,2025-04-01,96,True,True,20,0.5,,0.7,20.0,optimal,24.62147879999975,17.73200011253357,0.0,0,20,15462.571691668601,498.33225108842464,15960.903942757026,15165.980184398819,15664.312435487243,130485.30343725954,0.0,55.152890829523166,0.0,0.0,0.0,False,False,False
main,gamma_ro_gamma_0p5,gamma_ro,2025-04-01,97,True,True,20,0.5,,0.7,20.0,optimal,24.62147879999975,17.73200011253357,0.0,0,20,15462.571691668601,498.33225108842464,15960.903942757026,15388.459103073614,15886.791354162038,128013.57133367936,0.0,56.692970598450486,0.0,0.0,0.0,False,False,False
main,gamma_ro_gamma_0p5,gamma_ro,2025-04-01,98,True,True,20,0.5,,0.7,20.0,optimal,24.62147879999975,17.73200011253357,0.0,0,20,15462.571691668601,498.33225108842464,15960.903942757026,15492.277346820203,15990.609597908628,129019.25510756455,0.0,45.292499429541756,0.0,0.0,0.0,False,False,False
main,gamma_ro_gamma_0p5,gamma_ro,2025-04-01,99,True,True,20,0.5,,0.7,20.0,optimal,24.62147879999975,17.73200011253357,0.0,0,20,15462.571691668601,498.33225108842464,15960.903942757026,15125.796398430504,15624.128649518929,124987.69118879919,0.0,56.82008656461641,0.0,0.0,0.0,False,False,False
main,gamma_ro_gamma_0p5,gamma_ro,2025-07-01,0,True,True,20,0.5,,0.7,20.0,optimal,26.726182500002324,19.871999979019165,0.0,0,20,15865.460962360734,295.27094918190875,16160.731911542644,15020.378035577505,15315.648984759415,151693.9161357175,0.0,61.44951886731558,0.0,0.0,0.0,False,False,False
main,gamma_ro_gamma_0p5,gamma_ro,2025-07-01,1,True,True,20,0.5,,0.7,20.0,optimal,26.726182500002324,19.871999979019165,0.0,0,20,15865.460962360734,295.27094918190875,16160.731911542644,16298.00780020197,16593.27874938388,168659.45167539877,0.03688616612586787,68.87057693446401,0.0,0.0,0.0,False,False,False
main,gamma_ro_gamma_0p5,gamma_ro,2025-07-01,2,True,True,20,0.5,,0.7,20.0,optimal,26.726182500002324,19.871999979019165,0.0,0,20,15865.460962360734,295.27094918190875,16160.731911542644,15555.68819970459,15850.959148886499,161493.14489436845,0.031917665771723974,54.63036087771281,0.0,0.0,0.0,False,False,False
main,gamma_ro_gamma_0p5,gamma_ro,2025-07-01,3,True,True,20,0.5,,0.7,20.0,optimal,26.726182500002324,19.871999979019165,0.0,0,20,15865.460962360734,295.27094918190875,16160.731911542644,16014.946672085858,16310.217621267768,169147.9371140461,0.0,61.62112627520954,0.0,0.0,0.0,False,False,False
main,gamma_ro_gamma_0p5,gamma_ro,2025-07-01,4,True,True,20,0.5,,0.7,20.0,optimal,26.726182500002324,19.871999979019165,0.0,0,20,15865.460962360734,295.27094918190875,16160.731911542644,15722.44320756614,16017.71415674805,167378.48704111885,0.0,54.749664735399264,0.0,0.0,0.0,False,False,False
main,gamma_ro_gamma_0p5,gamma_ro,2025-07-01,5,True,True,20,0.5,,0.7,20.0,optimal,26.726182500002324,19.871999979019165,0.0,0,20,15865.460962360734,295.27094918190875,16160.731911542644,16224.466778779646,16519.737727961554,179938.85397036988,0.0,61.179023793480695,0.0,0.0,0.0,False,False,False
main,gamma_ro_gamma_0p5,gamma_ro,2025-07-01,6,True,True,20,0.5,,0.7,20.0,optimal,26.726182500002324,19.871999979019165,0.0,0,20,15865.460962360734,295.27094918190875,16160.731911542644,16617.414517689045,16912.685466870953,172680.03112386452,0.0,58.90596024499207,0.0,0.0,0.0,False,False,False
main,gamma_ro_gamma_0p5,gamma_ro,2025-07-01,7,True,True,20,0.5,,0.7,20.0,optimal,26.726182500002324,19.871999979019165,0.0,0,20,15865.460962360734,295.27094918190875,16160.731911542644,15913.498343033472,16208.769292215382,156603.812067433,0.0,57.21714575999549,0.0,0.0,0.0,False,False,False
main,gamma_ro_gamma_0p5,gamma_ro,2025-07-01,8,True,True,20,0.5,,0.7,20.0,optimal,26.726182500002324,19.871999979019165,0.0,0,20,15865.460962360734,295.27094918190875,16160.731911542644,16031.89031812987,16327.16126731178,169740.0754578632,0.10462332687057196,59.49806573515272,0.0,0.0,0.0,False,False,False
main,gamma_ro_gamma_0p5,gamma_ro,2025-07-01,9,True,True,20,0.5,,0.7,20.0,optimal,26.726182500002324,19.871999979019165,0.0,0,20,15865.460962360734,295.27094918190875,16160.731911542644,16332.191909859672,16627.46285904158,172669.45566346013,0.0,66.37629886553862,0.0,0.0,0.0,False,False,False
main,gamma_ro_gamma_0p5,gamma_ro,2025-07-01,10,True,True,20,0.5,,0.7,20.0,optimal,26.726182500002324,19.871999979019165,0.0,0,20,15865.460962360734,295.27094918190875,16160.731911542644,15810.312856199285,16105.583805381195,163166.44853200816,0.0,56.11362211874215,0.0,0.0,0.0,False,False,False
main,gamma_ro_gamma_0p5,gamma_ro,2025-07-01,11,True,True,20,0.5,,0.7,20.0,optimal,26.726182500002324,19.871999979019165,0.0,0,20,15865.460962360734,295.27094918190875,16160.731911542644,15904.08717513362,16199.35812431553,162593.08620851132,0.0,53.48427917689532,0.0,0.0,0.0,False,False,False
main,gamma_ro_gamma_0p5,gamma_ro,2025-07-01,12,True,True,20,0.5,,0.7,20.0,optimal,26.726182500002324,19.871999979019165,0.0,0,20,15865.460962360734,295.27094918190875,16160.731911542644,16278.10880153097,16573.37975071288,175737.65353147258,0.0,54.678697461210085,0.0,0.0,0.0,False,False,False
main,gamma_ro_gamma_0p5,gamma_ro,2025-07-01,13,True,True,20,0.5,,0.7,20.0,optimal,26.726182500002324,19.871999979019165,0.0,0,20,15865.460962360734,295.27094918190875,16160.731911542644,16601.175030098413,16896.44597928032,176881.4596951072,0.07675850708403606,62.0419220589422,0.0,0.0,0.0,False,False,False
main,gamma_ro_gamma_0p5,gamma_ro,2025-07-01,14,True,True,20,0.5,,0.7,20.0,optimal,26.726182500002324,19.871999979019165,0.0,0,20,15865.460962360734,295.27094918190875,16160.731911542644,15612.609228556314,15907.880177738223,158794.3079022835,0.0,58.33935508496838,0.0,0.0,0.0,False,False,False
main,gamma_ro_gamma_0p5,gamma_ro,2025-07-01,15,True,True,20,0.5,,0.7,20.0,optimal,26.726182500002324,19.871999979019165,0.0,0,20,15865.460962360734,295.27094918190875,16160.731911542644,15383.166743871909,15678.437693053818,154519.4894734701,0.0,53.68565615889511,0.0,0.0,0.0,False,False,False
main,gamma_ro_gamma_0p5,gamma_ro,2025-07-01,16,True,True,20,0.5,,0.7,20.0,optimal,26.726182500002324,19.871999979019165,0.0,0,20,15865.460962360734,295.27094918190875,16160.731911542644,15310.923265415013,15606.194214596922,151533.65861992375,0.0,55.24656384242259,0.0,0.0,0.0,False,False,False
main,gamma_ro_gamma_0p5,gamma_ro,2025-07-01,17,True,True,20,0.5,,0.7,20.0,optimal,26.726182500002324,19.871999979019165,0.0,0,20,15865.460962360734,295.27094918190875,16160.731911542644,16036.248991431446,16331.519940613356,157822.71175870532,0.0,66.84054825893453,0.0,0.0,0.0,False,False,False
main,gamma_ro_gamma_0p5,gamma_ro,2025-07-01,18,True,True,20,0.5,,0.7,20.0,optimal,26.726182500002324,19.871999979019165,0.0,0,20,15865.460962360734,295.27094918190875,16160.731911542644,16531.00052079147,16826.271469973377,168272.61046332275,0.0,62.057973139215946,0.0,0.0,0.0,False,False,False
main,gamma_ro_gamma_0p5,gamma_ro,2025-07-01,19,True,True,20,0.5,,0.7,20.0,optimal,26.726182500002324,19.871999979019165,0.0,0,20,15865.460962360734,295.27094918190875,16160.731911542644,15711.10561096877,16006.37656015068,168118.4973048084,0.031015751110576528,56.82842979496048,0.0,0.0,0.0,False,False,False
main,gamma_ro_gamma_0p5,gamma_ro,2025-07-01,20,True,True,20,0.5,,0.7,20.0,optimal,26.726182500002324,19.871999979019165,0.0,0,20,15865.460962360734,295.27094918190875,16160.731911542644,16495.453289547146,16790.724238729053,173430.36753460785,0.0,53.778358786736256,0.0,0.0,0.0,False,False,False
main,gamma_ro_gamma_0p5,gamma_ro,2025-07-01,21,True,True,20,0.5,,0.7,20.0,optimal,26.726182500002324,19.871999979019165,0.0,0,20,15865.460962360734,295.27094918190875,16160.731911542644,15792.050994558875,16087.321943740784,156004.15127695908,0.09562189455152564,54.167341461468645,0.0,0.0,0.0,False,False,False
main,gamma_ro_gamma_0p5,gamma_ro,2025-07-01,22,True,True,20,0.5,,0.7,20.0,optimal,26.726182500002324,19.871999979019165,0.0,0,20,15865.460962360734,295.27094918190875,16160.731911542644,16251.355251108122,16546.62620029003,170042.6112888113,0.0,57.722628832821464,0.0,0.0,0.0,False,False,False
main,gamma_ro_gamma_0p5,gamma_ro,2025-07-01,23,True,True,20,0.5,,0.7,20.0,optimal,26.726182500002324,19.871999979019165,0.0,0,20,15865.460962360734,295.27094918190875,16160.731911542644,16056.816143510992,16352.087092692902,169223.4569729184,0.0,58.42722032534755,0.0,0.0,0.0,False,False,False
main,gamma_ro_gamma_0p5,gamma_ro,2025-07-01,24,True,True,20,0.5,,0.7,20.0,optimal,26.726182500002324,19.871999979019165,0.0,0,20,15865.460962360734,295.27094918190875,16160.731911542644,16045.188410150093,16340.459359332002,160486.34635639595,0.05571065361508418,67.1847051528613,0.0,0.0,0.0,False,False,False
main,gamma_ro_gamma_0p5,gamma_ro,2025-07-01,25,True,True,20,0.5,,0.7,20.0,optimal,26.726182500002324,19.871999979019165,0.0,0,20,15865.460962360734,295.27094918190875,16160.731911542644,17573.010965251502,17868.28191443341,199098.3702562164,0.0,54.993260235986426,0.0,0.0,0.0,False,False,False
main,gamma_ro_gamma_0p5,gamma_ro,2025-07-01,26,True,True,20,0.5,,0.7,20.0,optimal,26.726182500002324,19.871999979019165,0.0,0,20,15865.460962360734,295.27094918190875,16160.731911542644,15829.999046014027,16125.269995195937,166617.25565155756,0.08853694358770406,65.84661230051347,0.0,0.0,0.0,False,False,False
main,gamma_ro_gamma_0p5,gamma_ro,2025-07-01,27,True,True,20,0.5,,0.7,20.0,optimal,26.726182500002324,19.871999979019165,0.0,0,20,15865.460962360734,295.27094918190875,16160.731911542644,15197.216091900955,15492.487041082864,151403.15810377972,0.20435431812155197,65.32035146569649,0.0,0.0,0.0,False,False,False
main,gamma_ro_gamma_0p5,gamma_ro,2025-07-01,28,True,True,20,0.5,,0.7,20.0,optimal,26.726182500002324,19.871999979019165,0.0,0,20,15865.460962360734,295.27094918190875,16160.731911542644,16119.934758677562,16415.20570785947,166144.69297472236,0.0,50.618636678665375,0.0,0.0,0.0,False,False,False
main,gamma_ro_gamma_0p5,gamma_ro,2025-07-01,29,True,True,20,0.5,,0.7,20.0,optimal,26.726182500002324,19.871999979019165,0.0,0,20,15865.460962360734,295.27094918190875,16160.731911542644,16154.221931445094,16449.492880627004,175714.94489308173,0.0,48.03662871246876,0.0,0.0,0.0,False,False,False
main,gamma_ro_gamma_0p5,gamma_ro,2025-07-01,30,True,True,20,0.5,,0.7,20.0,optimal,26.726182500002324,19.871999979019165,0.0,0,20,15865.460962360734,295.27094918190875,16160.731911542644,15453.478846226515,15748.749795408425,145531.81944027808,0.08553408647942673,54.08804146283864,0.0,0.0,0.0,False,False,False
main,gamma_ro_gamma_0p5,gamma_ro,2025-07-01,31,True,True,20,0.5,,0.7,20.0,optimal,26.726182500002324,19.871999979019165,0.0,0,20,15865.460962360734,295.27094918190875,16160.731911542644,16542.407850301253,16837.67879948316,183116.6245394978,0.0,57.136475236889744,0.0,0.0,0.0,False,False,False
main,gamma_ro_gamma_0p5,gamma_ro,2025-07-01,32,True,True,20,0.5,,0.7,20.0,optimal,26.726182500002324,19.871999979019165,0.0,0,20,15865.460962360734,295.27094918190875,16160.731911542644,15667.365909914479,15962.636859096388,164008.05362946444,0.0,64.63804579969155,0.0,0.0,0.0,False,False,False
main,gamma_ro_gamma_0p5,gamma_ro,2025-07-01,33,True,True,20,0.5,,0.7,20.0,optimal,26.726182500002324,19.871999979019165,0.0,0,20,15865.460962360734,295.27094918190875,16160.731911542644,17115.794767205265,17411.065716387173,198684.78132338554,0.0,72.10673964490753,0.0,0.0,0.0,False,False,False
main,gamma_ro_gamma_0p5,gamma_ro,2025-07-01,34,True,True,20,0.5,,0.7,20.0,optimal,26.726182500002324,19.871999979019165,0.0,0,20,15865.460962360734,295.27094918190875,16160.731911542644,16491.773397056662,16787.04434623857,173514.2077047845,0.0,61.89536687519622,0.0,0.0,0.0,False,False,False
main,gamma_ro_gamma_0p5,gamma_ro,2025-07-01,35,True,True,20,0.5,,0.7,20.0,optimal,26.726182500002324,19.871999979019165,0.0,0,20,15865.460962360734,295.27094918190875,16160.731911542644,16030.870513303222,16326.141462485131,155978.9944297265,0.0,61.30800495144219,0.0,0.0,0.0,False,False,False
main,gamma_ro_gamma_0p5,gamma_ro,2025-07-01,36,True,True,20,0.5,,0.7,20.0,optimal,26.726182500002324,19.871999979019165,0.0,0,20,15865.460962360734,295.27094918190875,16160.731911542644,15374.117444572323,15669.388393754232,155366.83142127964,0.0,67.74416222946034,0.0,0.0,0.0,False,False,False
main,gamma_ro_gamma_0p5,gamma_ro,2025-07-01,37,True,True,20,0.5,,0.7,20.0,optimal,26.726182500002324,19.871999979019165,0.0,0,20,15865.460962360734,295.27094918190875,16160.731911542644,15684.494964065061,15979.76591324697,163014.64651975126,0.0,48.52038205061698,0.0,0.0,0.0,False,False,False
main,gamma_ro_gamma_0p5,gamma_ro,2025-07-01,38,True,True,20,0.5,,0.7,20.0,optimal,26.726182500002324,19.871999979019165,0.0,0,20,15865.460962360734,295.27094918190875,16160.731911542644,15806.589501621578,16101.860450803488,165545.03736273033,0.015904215644811037,51.9254374588929,0.0,0.0,0.0,False,False,False
main,gamma_ro_gamma_0p5,gamma_ro,2025-07-01,39,True,True,20,0.5,,0.7,20.0,optimal,26.726182500002324,19.871999979019165,0.0,0,20,15865.460962360734,295.27094918190875,16160.731911542644,15990.37055554894,16285.64150473085,175083.12419343466,0.007852447471073498,52.626978698921995,0.0,0.0,0.0,False,False,False
main,gamma_ro_gamma_0p5,gamma_ro,2025-07-01,40,True,True,20,0.5,,0.7,20.0,optimal,26.726182500002324,19.871999979019165,0.0,0,20,15865.460962360734,295.27094918190875,16160.731911542644,16354.949201788702,16650.22015097061,176271.31099394342,0.0,48.8891144903066,0.0,0.0,0.0,False,False,False
main,gamma_ro_gamma_0p5,gamma_ro,2025-07-01,41,True,True,20,0.5,,0.7,20.0,optimal,26.726182500002324,19.871999979019165,0.0,0,20,15865.460962360734,295.27094918190875,16160.731911542644,16003.507290544576,16298.778239726485,171222.1669760477,0.0,44.25022617698304,0.0,0.0,0.0,False,False,False
main,gamma_ro_gamma_0p5,gamma_ro,2025-07-01,42,True,True,20,0.5,,0.7,20.0,optimal,26.726182500002324,19.871999979019165,0.0,0,20,15865.460962360734,295.27094918190875,16160.731911542644,16393.594659863968,16688.865609045875,170909.6343883177,0.14980858154406324,66.32912874178034,0.0,0.0,0.0,False,False,False
main,gamma_ro_gamma_0p5,gamma_ro,2025-07-01,43,True,True,20,0.5,,0.7,20.0,optimal,26.726182500002324,19.871999979019165,0.0,0,20,15865.460962360734,295.27094918190875,16160.731911542644,15267.503529313079,15562.774478494988,152552.64428696368,0.14679070123573398,59.24323061358694,0.0,0.0,0.0,False,False,False
main,gamma_ro_gamma_0p5,gamma_ro,2025-07-01,44,True,True,20,0.5,,0.7,20.0,optimal,26.726182500002324,19.871999979019165,0.0,0,20,15865.460962360734,295.27094918190875,16160.731911542644,15805.763627225262,16101.034576407172,160314.66946887082,0.06796982178773159,59.52310316121343,0.0,0.0,0.0,False,False,False
main,gamma_ro_gamma_0p5,gamma_ro,2025-07-01,45,True,True,20,0.5,,0.7,20.0,optimal,26.726182500002324,19.871999979019165,0.0,0,20,15865.460962360734,295.27094918190875,16160.731911542644,16386.25762980883,16681.52857899074,177382.44304810124,0.0994754271818028,66.33689448990955,0.0,0.0,0.0,False,False,False
main,gamma_ro_gamma_0p5,gamma_ro,2025-07-01,46,True,True,20,0.5,,0.7,20.0,optimal,26.726182500002324,19.871999979019165,0.0,0,20,15865.460962360734,295.27094918190875,16160.731911542644,16436.393390464887,16731.664339646795,168778.440211702,0.08431920303240892,61.19952533582341,0.0,0.0,0.0,False,False,False
main,gamma_ro_gamma_0p5,gamma_ro,2025-07-01,47,True,True,20,0.5,,0.7,20.0,optimal,26.726182500002324,19.871999979019165,0.0,0,20,15865.460962360734,295.27094918190875,16160.731911542644,16507.19768476688,16802.46863394879,175498.78779572606,0.0,59.41924513013101,0.0,0.0,0.0,False,False,False
main,gamma_ro_gamma_0p5,gamma_ro,2025-07-01,48,True,True,20,0.5,,0.7,20.0,optimal,26.726182500002324,19.871999979019165,0.0,0,20,15865.460962360734,295.27094918190875,16160.731911542644,16937.335055889263,17232.60600507117,184209.19778639142,0.0,56.70793410854165,0.0,0.0,0.0,False,False,False
main,gamma_ro_gamma_0p5,gamma_ro,2025-07-01,49,True,True,20,0.5,,0.7,20.0,optimal,26.726182500002324,19.871999979019165,0.0,0,20,15865.460962360734,295.27094918190875,16160.731911542644,16622.95033552253,16918.22128470444,180613.68111777582,0.004401709333796466,67.46476168868882,0.0,0.0,0.0,False,False,False
main,gamma_ro_gamma_0p5,gamma_ro,2025-07-01,50,True,True,20,0.5,,0.7,20.0,optimal,26.726182500002324,19.871999979019165,0.0,0,20,15865.460962360734,295.27094918190875,16160.731911542644,15680.231150380236,15975.502099562145,169002.48376004113,0.07030773663343903,64.45424895857968,0.0,0.0,0.0,False,False,False
main,gamma_ro_gamma_0p5,gamma_ro,2025-07-01,51,True,True,20,0.5,,0.7,20.0,optimal,26.726182500002324,19.871999979019165,0.0,0,20,15865.460962360734,295.27094918190875,16160.731911542644,15664.104046594694,15959.374995776603,159651.68503655485,0.0,58.81035259590395,0.0,0.0,0.0,False,False,False
main,gamma_ro_gamma_0p5,gamma_ro,2025-07-01,52,True,True,20,0.5,,0.7,20.0,optimal,26.726182500002324,19.871999979019165,0.0,0,20,15865.460962360734,295.27094918190875,16160.731911542644,16801.70467139954,17096.97562058145,181271.28822190358,0.0,59.95997829965971,0.0,0.0,0.0,False,False,False
main,gamma_ro_gamma_0p5,gamma_ro,2025-07-01,53,True,True,20,0.5,,0.7,20.0,optimal,26.726182500002324,19.871999979019165,0.0,0,20,15865.460962360734,295.27094918190875,16160.731911542644,15862.659570806532,16157.930519988442,162961.9076508625,0.0,51.23388927889226,0.0,0.0,0.0,False,False,False
main,gamma_ro_gamma_0p5,gamma_ro,2025-07-01,54,True,True,20,0.5,,0.7,20.0,optimal,26.726182500002324,19.871999979019165,0.0,0,20,15865.460962360734,295.27094918190875,16160.731911542644,16962.820461437328,17258.091410619236,178314.9371599233,0.0,55.8975622925953,0.0,0.0,0.0,False,False,False
main,gamma_ro_gamma_0p5,gamma_ro,2025-07-01,55,True,True,20,0.5,,0.7,20.0,optimal,26.726182500002324,19.871999979019165,0.0,0,20,15865.460962360734,295.27094918190875,16160.731911542644,16014.276896514977,16309.547845696887,165722.1848474251,0.0,63.41671042502958,0.0,0.0,0.0,False,False,False
main,gamma_ro_gamma_0p5,gamma_ro,2025-07-01,56,True,True,20,0.5,,0.7,20.0,optimal,26.726182500002324,19.871999979019165,0.0,0,20,15865.460962360734,295.27094918190875,16160.731911542644,16221.967839999681,16517.23878918159,169309.08837366092,0.0,49.12406031334995,0.0,0.0,0.0,False,False,False
main,gamma_ro_gamma_0p5,gamma_ro,2025-07-01,57,True,True,20,0.5,,0.7,20.0,optimal,26.726182500002324,19.871999979019165,0.0,0,20,15865.460962360734,295.27094918190875,16160.731911542644,16208.867473557893,16504.1384227398,163569.04933017812,0.0,56.311876085826164,0.0,0.0,0.0,False,False,False
main,gamma_ro_gamma_0p5,gamma_ro,2025-07-01,58,True,True,20,0.5,,0.7,20.0,optimal,26.726182500002324,19.871999979019165,0.0,0,20,15865.460962360734,295.27094918190875,16160.731911542644,16793.40364535308,17088.674594534987,185491.65407467925,0.0,67.17169832583721,0.0,0.0,0.0,False,False,False
main,gamma_ro_gamma_0p5,gamma_ro,2025-07-01,59,True,True,20,0.5,,0.7,20.0,optimal,26.726182500002324,19.871999979019165,0.0,0,20,15865.460962360734,295.27094918190875,16160.731911542644,17078.413683789415,17373.684632971323,186111.4027736009,0.0,61.2970427340222,0.0,0.0,0.0,False,False,False
main,gamma_ro_gamma_0p5,gamma_ro,2025-07-01,60,True,True,20,0.5,,0.7,20.0,optimal,26.726182500002324,19.871999979019165,0.0,0,20,15865.460962360734,295.27094918190875,16160.731911542644,16033.817063846902,16329.088013028811,173458.98944993442,0.09287471784927237,59.0508771125441,0.0,0.0,0.0,False,False,False
main,gamma_ro_gamma_0p5,gamma_ro,2025-07-01,61,True,True,20,0.5,,0.7,20.0,optimal,26.726182500002324,19.871999979019165,0.0,0,20,15865.460962360734,295.27094918190875,16160.731911542644,16129.677999354006,16424.948948535915,170778.59810231454,0.0,45.85240600988732,0.0,0.0,0.0,False,False,False
main,gamma_ro_gamma_0p5,gamma_ro,2025-07-01,62,True,True,20,0.5,,0.7,20.0,optimal,26.726182500002324,19.871999979019165,0.0,0,20,15865.460962360734,295.27094918190875,16160.731911542644,15482.602569571585,15777.873518753495,154926.76506759747,0.0,62.352260648650926,0.0,0.0,0.0,False,False,False
main,gamma_ro_gamma_0p5,gamma_ro,2025-07-01,63,True,True,20,0.5,,0.7,20.0,optimal,26.726182500002324,19.871999979019165,0.0,0,20,15865.460962360734,295.27094918190875,16160.731911542644,16072.200101963403,16367.471051145312,165903.4131957509,0.0,66.61826003345759,0.0,0.0,0.0,False,False,False
main,gamma_ro_gamma_0p5,gamma_ro,2025-07-01,64,True,True,20,0.5,,0.7,20.0,optimal,26.726182500002324,19.871999979019165,0.0,0,20,15865.460962360734,295.27094918190875,16160.731911542644,15848.357601725997,16143.628550907906,156171.51393022254,0.0,55.250162549373314,0.0,0.0,0.0,False,False,False
main,gamma_ro_gamma_0p5,gamma_ro,2025-07-01,65,True,True,20,0.5,,0.7,20.0,optimal,26.726182500002324,19.871999979019165,0.0,0,20,15865.460962360734,295.27094918190875,16160.731911542644,16637.632985643508,16932.903934825415,168692.57611384944,0.0,59.00616278669332,0.0,0.0,0.0,False,False,False
main,gamma_ro_gamma_0p5,gamma_ro,2025-07-01,66,True,True,20,0.5,,0.7,20.0,optimal,26.726182500002324,19.871999979019165,0.0,0,20,15865.460962360734,295.27094918190875,16160.731911542644,16257.497937755717,16552.768886937625,174367.84815895642,0.0,70.76307607130701,0.0,0.0,0.0,False,False,False
main,gamma_ro_gamma_0p5,gamma_ro,2025-07-01,67,True,True,20,0.5,,0.7,20.0,optimal,26.726182500002324,19.871999979019165,0.0,0,20,15865.460962360734,295.27094918190875,16160.731911542644,15153.527659348787,15448.798608530697,151590.26749796778,0.0,53.592012117888046,0.0,0.0,0.0,False,False,False
main,gamma_ro_gamma_0p5,gamma_ro,2025-07-01,68,True,True,20,0.5,,0.7,20.0,optimal,26.726182500002324,19.871999979019165,0.0,0,20,15865.460962360734,295.27094918190875,16160.731911542644,17217.62134389385,17512.892293075758,192019.79116058283,0.0,60.1846319258637,0.0,0.0,0.0,False,False,False
main,gamma_ro_gamma_0p5,gamma_ro,2025-07-01,69,True,True,20,0.5,,0.7,20.0,optimal,26.726182500002324,19.871999979019165,0.0,0,20,15865.460962360734,295.27094918190875,16160.731911542644,17313.386732230552,17608.65768141246,187830.9787154588,0.0,61.909213883819916,0.0,0.0,0.0,False,False,False
main,gamma_ro_gamma_0p5,gamma_ro,2025-07-01,70,True,True,20,0.5,,0.7,20.0,optimal,26.726182500002324,19.871999979019165,0.0,0,20,15865.460962360734,295.27094918190875,16160.731911542644,16538.44060638926,16833.711555571168,179925.00477808528,0.0,64.36872341360638,0.0,0.0,0.0,False,False,False
main,gamma_ro_gamma_0p5,gamma_ro,2025-07-01,71,True,True,20,0.5,,0.7,20.0,optimal,26.726182500002324,19.871999979019165,0.0,0,20,15865.460962360734,295.27094918190875,16160.731911542644,15233.85477211495,15529.12572129686,162695.84036592767,0.0,70.9736432570977,0.0,0.0,0.0,False,False,False
main,gamma_ro_gamma_0p5,gamma_ro,2025-07-01,72,True,True,20,0.5,,0.7,20.0,optimal,26.726182500002324,19.871999979019165,0.0,0,20,15865.460962360734,295.27094918190875,16160.731911542644,15818.289274204484,16113.560223386394,162350.6840505587,0.0,65.53379101250506,0.0,0.0,0.0,False,False,False
main,gamma_ro_gamma_0p5,gamma_ro,2025-07-01,73,True,True,20,0.5,,0.7,20.0,optimal,26.726182500002324,19.871999979019165,0.0,0,20,15865.460962360734,295.27094918190875,16160.731911542644,16082.181501287565,16377.452450469475,164897.07225630071,0.0,62.94317066879078,0.0,0.0,0.0,False,False,False
main,gamma_ro_gamma_0p5,gamma_ro,2025-07-01,74,True,True,20,0.5,,0.7,20.0,optimal,26.726182500002324,19.871999979019165,0.0,0,20,15865.460962360734,295.27094918190875,16160.731911542644,15855.196571815863,16150.467520997772,153540.53760795403,0.0,56.75192256911878,0.0,0.0,0.0,False,False,False
main,gamma_ro_gamma_0p5,gamma_ro,2025-07-01,75,True,True,20,0.5,,0.7,20.0,optimal,26.726182500002324,19.871999979019165,0.0,0,20,15865.460962360734,295.27094918190875,16160.731911542644,16415.856479364007,16711.127428545915,170197.90120794094,0.10276168974849101,59.502776797132206,0.0,0.0,0.0,False,False,False
main,gamma_ro_gamma_0p5,gamma_ro,2025-07-01,76,True,True,20,0.5,,0.7,20.0,optimal,26.726182500002324,19.871999979019165,0.0,0,20,15865.460962360734,295.27094918190875,16160.731911542644,16540.887841297987,16836.158790479894,186777.6438844428,0.0,56.545768885592345,0.0,0.0,0.0,False,False,False
main,gamma_ro_gamma_0p5,gamma_ro,2025-07-01,77,True,True,20,0.5,,0.7,20.0,optimal,26.726182500002324,19.871999979019165,0.0,0,20,15865.460962360734,295.27094918190875,16160.731911542644,15498.082952353965,15793.353901535875,153825.66916694577,0.0,57.860497248787674,0.0,0.0,0.0,False,False,False
main,gamma_ro_gamma_0p5,gamma_ro,2025-07-01,78,True,True,20,0.5,,0.7,20.0,optimal,26.726182500002324,19.871999979019165,0.0,0,20,15865.460962360734,295.27094918190875,16160.731911542644,15498.43123028751,15793.70217946942,159653.71144318665,0.05107092952673198,64.03980290601233,0.0,0.0,0.0,False,False,False
main,gamma_ro_gamma_0p5,gamma_ro,2025-07-01,79,True,True,20,0.5,,0.7,20.0,optimal,26.726182500002324,19.871999979019165,0.0,0,20,15865.460962360734,295.27094918190875,16160.731911542644,16626.8808671584,16922.15181634031,180432.355140052,0.0,53.37101299196481,0.0,0.0,0.0,False,False,False
main,gamma_ro_gamma_0p5,gamma_ro,2025-07-01,80,True,True,20,0.5,,0.7,20.0,optimal,26.726182500002324,19.871999979019165,0.0,0,20,15865.460962360734,295.27094918190875,16160.731911542644,16795.317690805652,17090.58863998756,179220.28109567607,0.0,58.7778955295854,0.0,0.0,0.0,False,False,False
main,gamma_ro_gamma_0p5,gamma_ro,2025-07-01,81,True,True,20,0.5,,0.7,20.0,optimal,26.726182500002324,19.871999979019165,0.0,0,20,15865.460962360734,295.27094918190875,16160.731911542644,16025.400683768165,16320.671632950074,165277.93575948372,0.07472535195408056,67.94801645078394,0.0,0.0,0.0,False,False,False
main,gamma_ro_gamma_0p5,gamma_ro,2025-07-01,82,True,True,20,0.5,,0.7,20.0,optimal,26.726182500002324,19.871999979019165,0.0,0,20,15865.460962360734,295.27094918190875,16160.731911542644,15784.393090643396,16079.664039825306,163330.2284043321,0.06902647665573916,52.31888629997038,0.0,0.0,0.0,False,False,False
main,gamma_ro_gamma_0p5,gamma_ro,2025-07-01,83,True,True,20,0.5,,0.7,20.0,optimal,26.726182500002324,19.871999979019165,0.0,0,20,15865.460962360734,295.27094918190875,16160.731911542644,16757.769171309585,17053.040120491492,183714.88288791906,0.0,58.96700771854258,0.0,0.0,0.0,False,False,False
main,gamma_ro_gamma_0p5,gamma_ro,2025-07-01,84,True,True,20,0.5,,0.7,20.0,optimal,26.726182500002324,19.871999979019165,0.0,0,20,15865.460962360734,295.27094918190875,16160.731911542644,16710.9814339209,17006.25238310281,183260.24270559504,0.06654973768583625,56.79591162059892,0.0,0.0,0.0,False,False,False
main,gamma_ro_gamma_0p5,gamma_ro,2025-07-01,85,True,True,20,0.5,,0.7,20.0,optimal,26.726182500002324,19.871999979019165,0.0,0,20,15865.460962360734,295.27094918190875,16160.731911542644,16375.344722478749,16670.615671660657,171655.34510699086,0.0,68.73247860493476,0.0,0.0,0.0,False,False,False
main,gamma_ro_gamma_0p5,gamma_ro,2025-07-01,86,True,True,20,0.5,,0.7,20.0,optimal,26.726182500002324,19.871999979019165,0.0,0,20,15865.460962360734,295.27094918190875,16160.731911542644,16197.10625428987,16492.37720347178,172106.68542958057,0.026908444083456468,52.799235125243555,0.0,0.0,0.0,False,False,False
main,gamma_ro_gamma_0p5,gamma_ro,2025-07-01,87,True,True,20,0.5,,0.7,20.0,optimal,26.726182500002324,19.871999979019165,0.0,0,20,15865.460962360734,295.27094918190875,16160.731911542644,15581.67254761698,15876.94349679889,150441.61811554863,0.10441122410756892,58.93565942674572,0.0,0.0,0.0,False,False,False
main,gamma_ro_gamma_0p5,gamma_ro,2025-07-01,88,True,True,20,0.5,,0.7,20.0,optimal,26.726182500002324,19.871999979019165,0.0,0,20,15865.460962360734,295.27094918190875,16160.731911542644,15323.253618595707,15618.524567777617,153836.70536752505,0.0,66.82990168169134,0.0,0.0,0.0,False,False,False
main,gamma_ro_gamma_0p5,gamma_ro,2025-07-01,89,True,True,20,0.5,,0.7,20.0,optimal,26.726182500002324,19.871999979019165,0.0,0,20,15865.460962360734,295.27094918190875,16160.731911542644,16330.288427927757,16625.559377109665,168896.32145339716,0.0,58.0986890758081,0.0,0.0,0.0,False,False,False
main,gamma_ro_gamma_0p5,gamma_ro,2025-07-01,90,True,True,20,0.5,,0.7,20.0,optimal,26.726182500002324,19.871999979019165,0.0,0,20,15865.460962360734,295.27094918190875,16160.731911542644,15864.023429955532,16159.294379137442,164394.88379611602,0.06846573007257722,64.06292395707963,0.0,0.0,0.0,False,False,False
main,gamma_ro_gamma_0p5,gamma_ro,2025-07-01,91,True,True,20,0.5,,0.7,20.0,optimal,26.726182500002324,19.871999979019165,0.0,0,20,15865.460962360734,295.27094918190875,16160.731911542644,14930.904878370433,15226.175827552343,143804.90506501126,0.0,56.690757015326895,0.0,0.0,0.0,False,False,False
main,gamma_ro_gamma_0p5,gamma_ro,2025-07-01,92,True,True,20,0.5,,0.7,20.0,optimal,26.726182500002324,19.871999979019165,0.0,0,20,15865.460962360734,295.27094918190875,16160.731911542644,15580.283162301255,15875.554111483165,157950.04697539058,0.0,45.51139898528256,0.0,0.0,0.0,False,False,False
main,gamma_ro_gamma_0p5,gamma_ro,2025-07-01,93,True,True,20,0.5,,0.7,20.0,optimal,26.726182500002324,19.871999979019165,0.0,0,20,15865.460962360734,295.27094918190875,16160.731911542644,15736.599304348794,16031.870253530704,168683.82046343994,0.0,59.06077051445118,0.0,0.0,0.0,False,False,False
main,gamma_ro_gamma_0p5,gamma_ro,2025-07-01,94,True,True,20,0.5,,0.7,20.0,optimal,26.726182500002324,19.871999979019165,0.0,0,20,15865.460962360734,295.27094918190875,16160.731911542644,15806.300699365205,16101.571648547115,160512.6472822297,0.0,54.81633916159009,0.0,0.0,0.0,False,False,False
main,gamma_ro_gamma_0p5,gamma_ro,2025-07-01,95,True,True,20,0.5,,0.7,20.0,optimal,26.726182500002324,19.871999979019165,0.0,0,20,15865.460962360734,295.27094918190875,16160.731911542644,15412.247690779259,15707.518639961168,157203.4456795688,0.0,58.98173318836601,0.0,0.0,0.0,False,False,False
main,gamma_ro_gamma_0p5,gamma_ro,2025-07-01,96,True,True,20,0.5,,0.7,20.0,optimal,26.726182500002324,19.871999979019165,0.0,0,20,15865.460962360734,295.27094918190875,16160.731911542644,15951.63634327929,16246.9072924612,163491.03336025632,0.028778220892941048,56.651923655239834,0.0,0.0,0.0,False,False,False
main,gamma_ro_gamma_0p5,gamma_ro,2025-07-01,97,True,True,20,0.5,,0.7,20.0,optimal,26.726182500002324,19.871999979019165,0.0,0,20,15865.460962360734,295.27094918190875,16160.731911542644,15708.502704108056,16003.773653289965,160573.69880537473,0.07149624098392393,59.647830062417476,0.0,0.0,0.0,False,False,False
main,gamma_ro_gamma_0p5,gamma_ro,2025-07-01,98,True,True,20,0.5,,0.7,20.0,optimal,26.726182500002324,19.871999979019165,0.0,0,20,15865.460962360734,295.27094918190875,16160.731911542644,15755.90265453435,16051.17360371626,162657.66085977652,0.05124050627786461,50.61391663889119,0.0,0.0,0.0,False,False,False
main,gamma_ro_gamma_0p5,gamma_ro,2025-07-01,99,True,True,20,0.5,,0.7,20.0,optimal,26.726182500002324,19.871999979019165,0.0,0,20,15865.460962360734,295.27094918190875,16160.731911542644,15555.923788704611,15851.19473788652,157909.07494219966,0.017886481198510773,58.612899217393604,0.0,0.0,0.0,False,False,False
main,gamma_ro_gamma_0p5,gamma_ro,2025-10-01,0,True,True,20,0.5,,0.7,20.0,optimal,28.063621900000726,21.222000122070312,0.0,0,20,16307.664624421881,533.9055933035801,16841.57021772546,15386.467455977823,15920.373049281403,175892.9503954582,0.06508850214313044,58.07923396106904,0.0,0.0,0.0,False,False,False
main,gamma_ro_gamma_0p5,gamma_ro,2025-10-01,1,True,True,20,0.5,,0.7,20.0,optimal,28.063621900000726,21.222000122070312,0.0,0,20,16307.664624421881,533.9055933035801,16841.57021772546,16672.043238866943,17205.948832170525,196119.53871702866,0.0,64.66637430939838,0.0,0.0,0.0,False,False,False
main,gamma_ro_gamma_0p5,gamma_ro,2025-10-01,2,True,True,20,0.5,,0.7,20.0,optimal,28.063621900000726,21.222000122070312,0.0,0,20,16307.664624421881,533.9055933035801,16841.57021772546,15857.227638011012,16391.133231314594,187455.00960617128,0.0,48.32112509200381,0.0,0.0,0.0,False,False,False
main,gamma_ro_gamma_0p5,gamma_ro,2025-10-01,3,True,True,20,0.5,,0.7,20.0,optimal,28.063621900000726,21.222000122070312,0.0,0,20,16307.664624421881,533.9055933035801,16841.57021772546,16544.986236573914,17078.891829877495,196098.62670026266,0.0,57.30218710865034,0.0,0.0,0.0,False,False,False
main,gamma_ro_gamma_0p5,gamma_ro,2025-10-01,4,True,True,20,0.5,,0.7,20.0,optimal,28.063621900000726,21.222000122070312,0.0,0,20,16307.664624421881,533.9055933035801,16841.57021772546,16139.155574207905,16673.061167511485,192258.88732591926,0.036615540870103436,53.40686266190509,0.0,0.0,0.0,False,False,False
main,gamma_ro_gamma_0p5,gamma_ro,2025-10-01,5,True,True,20,0.5,,0.7,20.0,optimal,28.063621900000726,21.222000122070312,0.0,0,20,16307.664624421881,533.9055933035801,16841.57021772546,16575.76637132602,17109.6719646296,206313.41035883274,0.0,61.09420144936241,0.0,0.0,0.0,False,False,False
main,gamma_ro_gamma_0p5,gamma_ro,2025-10-01,6,True,True,20,0.5,,0.7,20.0,optimal,28.063621900000726,21.222000122070312,0.0,0,20,16307.664624421881,533.9055933035801,16841.57021772546,16771.915559860197,17305.82115316378,197948.19316223418,0.0,50.61922725411583,0.0,0.0,0.0,False,False,False
main,gamma_ro_gamma_0p5,gamma_ro,2025-10-01,7,True,True,20,0.5,,0.7,20.0,optimal,28.063621900000726,21.222000122070312,0.0,0,20,16307.664624421881,533.9055933035801,16841.57021772546,15823.347363215718,16357.252956519298,182297.4159673642,0.0,54.634245113483544,0.0,0.0,0.0,False,False,False
main,gamma_ro_gamma_0p5,gamma_ro,2025-10-01,8,True,True,20,0.5,,0.7,20.0,optimal,28.063621900000726,21.222000122070312,0.0,0,20,16307.664624421881,533.9055933035801,16841.57021772546,16271.00722829353,16804.91282159711,195866.5708731682,0.030382667352523818,52.539962397666216,0.0,0.0,0.0,False,False,False
main,gamma_ro_gamma_0p5,gamma_ro,2025-10-01,9,True,True,20,0.5,,0.7,20.0,optimal,28.063621900000726,21.222000122070312,0.0,0,20,16307.664624421881,533.9055933035801,16841.57021772546,16629.907363693645,17163.812956997226,199018.30523203095,0.05158302240245516,63.192080767318814,0.0,0.0,0.0,False,False,False
main,gamma_ro_gamma_0p5,gamma_ro,2025-10-01,10,True,True,20,0.5,,0.7,20.0,optimal,28.063621900000726,21.222000122070312,0.0,0,20,16307.664624421881,533.9055933035801,16841.57021772546,16084.035555417096,16617.941148720678,190144.78119114047,0.0,55.889894843488925,0.0,0.0,0.0,False,False,False
main,gamma_ro_gamma_0p5,gamma_ro,2025-10-01,11,True,True,20,0.5,,0.7,20.0,optimal,28.063621900000726,21.222000122070312,0.0,0,20,16307.664624421881,533.9055933035801,16841.57021772546,16373.851472265364,16907.757065568945,188827.70512055547,0.21105687212891788,52.236351594847235,0.0,0.0,0.0,False,False,False
main,gamma_ro_gamma_0p5,gamma_ro,2025-10-01,12,True,True,20,0.5,,0.7,20.0,optimal,28.063621900000726,21.222000122070312,0.0,0,20,16307.664624421881,533.9055933035801,16841.57021772546,16381.224569599903,16915.130162903482,201791.4443532446,0.022290149925849656,48.59611938744437,0.0,0.0,0.0,False,False,False
main,gamma_ro_gamma_0p5,gamma_ro,2025-10-01,13,True,True,20,0.5,,0.7,20.0,optimal,28.063621900000726,21.222000122070312,0.0,0,20,16307.664624421881,533.9055933035801,16841.57021772546,16894.366431967796,17428.272025271377,202737.25858582722,0.001319816127437673,57.316573177360354,0.0,0.0,0.0,False,False,False
main,gamma_ro_gamma_0p5,gamma_ro,2025-10-01,14,True,True,20,0.5,,0.7,20.0,optimal,28.063621900000726,21.222000122070312,0.0,0,20,16307.664624421881,533.9055933035801,16841.57021772546,15919.204359258403,16453.109952561983,183409.6276760732,0.0,51.239214563117905,0.0,0.0,0.0,False,False,False
main,gamma_ro_gamma_0p5,gamma_ro,2025-10-01,15,True,True,20,0.5,,0.7,20.0,optimal,28.063621900000726,21.222000122070312,0.0,0,20,16307.664624421881,533.9055933035801,16841.57021772546,15699.187568801519,16233.093162105099,179484.33158444395,0.0,47.89353668406927,0.0,0.0,0.0,False,False,False
main,gamma_ro_gamma_0p5,gamma_ro,2025-10-01,16,True,True,20,0.5,,0.7,20.0,optimal,28.063621900000726,21.222000122070312,0.0,0,20,16307.664624421881,533.9055933035801,16841.57021772546,15607.121278587128,16141.026871890708,175126.87211028044,0.0,52.03408790511174,0.0,0.0,0.0,False,False,False
main,gamma_ro_gamma_0p5,gamma_ro,2025-10-01,17,True,True,20,0.5,,0.7,20.0,optimal,28.063621900000726,21.222000122070312,0.0,0,20,16307.664624421881,533.9055933035801,16841.57021772546,16095.475848486802,16629.38144179038,182427.15820283286,0.0,62.091411493512354,0.0,0.0,0.0,False,False,False
main,gamma_ro_gamma_0p5,gamma_ro,2025-10-01,18,True,True,20,0.5,,0.7,20.0,optimal,28.063621900000726,21.222000122070312,0.0,0,20,16307.664624421881,533.9055933035801,16841.57021772546,16658.131612892972,17192.037206196554,194119.4987092885,0.0,58.20347521863318,0.0,0.0,0.0,False,False,False
main,gamma_ro_gamma_0p5,gamma_ro,2025-10-01,19,True,True,20,0.5,,0.7,20.0,optimal,28.063621900000726,21.222000122070312,0.0,0,20,16307.664624421881,533.9055933035801,16841.57021772546,16002.078859336538,16535.984452640118,194175.29369714693,0.0,53.859514697371125,0.0,0.0,0.0,False,False,False
main,gamma_ro_gamma_0p5,gamma_ro,2025-10-01,20,True,True,20,0.5,,0.7,20.0,optimal,28.063621900000726,21.222000122070312,0.0,0,20,16307.664624421881,533.9055933035801,16841.57021772546,16585.360219186874,17119.265812490456,200166.65904699638,0.0,50.29682062181595,0.0,0.0,0.0,False,False,False
main,gamma_ro_gamma_0p5,gamma_ro,2025-10-01,21,True,True,20,0.5,,0.7,20.0,optimal,28.063621900000726,21.222000122070312,0.0,0,20,16307.664624421881,533.9055933035801,16841.57021772546,15922.779530857715,16456.685124161297,181332.42737480064,0.00212818103447715,49.81312009336377,0.0,0.0,0.0,False,False,False
main,gamma_ro_gamma_0p5,gamma_ro,2025-10-01,22,True,True,20,0.5,,0.7,20.0,optimal,28.063621900000726,21.222000122070312,0.0,0,20,16307.664624421881,533.9055933035801,16841.57021772546,16462.268557532145,16996.174150835726,195816.11273843117,0.0,52.933160662525836,0.0,0.0,0.0,False,False,False
main,gamma_ro_gamma_0p5,gamma_ro,2025-10-01,23,True,True,20,0.5,,0.7,20.0,optimal,28.063621900000726,21.222000122070312,0.0,0,20,16307.664624421881,533.9055933035801,16841.57021772546,16663.15610671056,17197.061700014143,195238.49103539906,0.0,52.28703694941272,0.0,0.0,0.0,False,False,False
main,gamma_ro_gamma_0p5,gamma_ro,2025-10-01,24,True,True,20,0.5,,0.7,20.0,optimal,28.063621900000726,21.222000122070312,0.0,0,20,16307.664624421881,533.9055933035801,16841.57021772546,16279.31692706575,16813.22252036933,186274.59470334768,0.0,60.75836971218677,0.0,0.0,0.0,False,False,False
main,gamma_ro_gamma_0p5,gamma_ro,2025-10-01,25,True,True,20,0.5,,0.7,20.0,optimal,28.063621900000726,21.222000122070312,0.0,0,20,16307.664624421881,533.9055933035801,16841.57021772546,17723.696663714916,18257.602257018498,226415.43145865924,0.0,49.90206045856449,0.0,0.0,0.0,False,False,False
main,gamma_ro_gamma_0p5,gamma_ro,2025-10-01,26,True,True,20,0.5,,0.7,20.0,optimal,28.063621900000726,21.222000122070312,0.0,0,20,16307.664624421881,533.9055933035801,16841.57021772546,16079.224971304846,16613.130564608426,192696.60028867782,0.0,61.966850226912946,0.0,0.0,0.0,False,False,False
main,gamma_ro_gamma_0p5,gamma_ro,2025-10-01,27,True,True,20,0.5,,0.7,20.0,optimal,28.063621900000726,21.222000122070312,0.0,0,20,16307.664624421881,533.9055933035801,16841.57021772546,15364.801725979944,15898.707319283523,176054.28951934492,0.12679474778012745,60.914944833012555,0.0,0.0,0.0,False,False,False
main,gamma_ro_gamma_0p5,gamma_ro,2025-10-01,28,True,True,20,0.5,,0.7,20.0,optimal,28.063621900000726,21.222000122070312,0.0,0,20,16307.664624421881,533.9055933035801,16841.57021772546,16433.63122793807,16967.53682124165,191560.67696240146,0.0,45.29139435204504,0.0,0.0,0.0,False,False,False
main,gamma_ro_gamma_0p5,gamma_ro,2025-10-01,29,True,True,20,0.5,,0.7,20.0,optimal,28.063621900000726,21.222000122070312,0.0,0,20,16307.664624421881,533.9055933035801,16841.57021772546,16517.64966892217,17051.555262225753,202868.77490215376,0.0,42.81911656819775,0.0,0.0,0.0,False,False,False
main,gamma_ro_gamma_0p5,gamma_ro,2025-10-01,30,True,True,20,0.5,,0.7,20.0,optimal,28.063621900000726,21.222000122070312,0.0,0,20,16307.664624421881,533.9055933035801,16841.57021772546,15608.159632333938,16142.065225637518,169593.97050105827,0.08094434228328917,51.69202182384339,0.0,0.0,0.0,False,False,False
main,gamma_ro_gamma_0p5,gamma_ro,2025-10-01,31,True,True,20,0.5,,0.7,20.0,optimal,28.063621900000726,21.222000122070312,0.0,0,20,16307.664624421881,533.9055933035801,16841.57021772546,16802.977407079823,17336.883000383405,210503.9036734882,0.0,51.41622810215996,0.0,0.0,0.0,False,False,False
main,gamma_ro_gamma_0p5,gamma_ro,2025-10-01,32,True,True,20,0.5,,0.7,20.0,optimal,28.063621900000726,21.222000122070312,0.0,0,20,16307.664624421881,533.9055933035801,16841.57021772546,16191.382251672754,16725.287844976334,189605.6944372306,0.060669203305000474,59.54767885594046,0.0,0.0,0.0,False,False,False
main,gamma_ro_gamma_0p5,gamma_ro,2025-10-01,33,True,True,20,0.5,,0.7,20.0,optimal,28.063621900000726,21.222000122070312,0.0,0,20,16307.664624421881,533.9055933035801,16841.57021772546,17611.763690454,18145.669283757583,225483.1135196802,0.0,67.62885851422809,0.0,0.0,0.0,False,False,False
main,gamma_ro_gamma_0p5,gamma_ro,2025-10-01,34,True,True,20,0.5,,0.7,20.0,optimal,28.063621900000726,21.222000122070312,0.0,0,20,16307.664624421881,533.9055933035801,16841.57021772546,16688.14864503127,17222.05423833485,199206.5775849723,0.0,54.37944965281265,0.0,0.0,0.0,False,False,False
main,gamma_ro_gamma_0p5,gamma_ro,2025-10-01,35,True,True,20,0.5,,0.7,20.0,optimal,28.063621900000726,21.222000122070312,0.0,0,20,16307.664624421881,533.9055933035801,16841.57021772546,16048.283380849723,16582.188974153305,182374.32482588923,0.0,58.10433334197244,0.0,0.0,0.0,False,False,False
main,gamma_ro_gamma_0p5,gamma_ro,2025-10-01,36,True,True,20,0.5,,0.7,20.0,optimal,28.063621900000726,21.222000122070312,0.0,0,20,16307.664624421881,533.9055933035801,16841.57021772546,15793.936158001236,16327.841751304815,180012.03401047637,0.0,64.04165121207348,0.0,0.0,0.0,False,False,False
main,gamma_ro_gamma_0p5,gamma_ro,2025-10-01,37,True,True,20,0.5,,0.7,20.0,optimal,28.063621900000726,21.222000122070312,0.0,0,20,16307.664624421881,533.9055933035801,16841.57021772546,16154.346088334058,16688.251681637637,189711.12695452882,0.05158299699166857,44.39752568945056,0.0,0.0,0.0,False,False,False
main,gamma_ro_gamma_0p5,gamma_ro,2025-10-01,38,True,True,20,0.5,,0.7,20.0,optimal,28.063621900000726,21.222000122070312,0.0,0,20,16307.664624421881,533.9055933035801,16841.57021772546,16008.497856456646,16542.403449760226,189740.54857428523,0.0,50.981011708761876,0.0,0.0,0.0,False,False,False
main,gamma_ro_gamma_0p5,gamma_ro,2025-10-01,39,True,True,20,0.5,,0.7,20.0,optimal,28.063621900000726,21.222000122070312,0.0,0,20,16307.664624421881,533.9055933035801,16841.57021772546,16563.617506875053,17097.523100178634,200110.99403154576,0.0,43.49646388144043,0.0,0.0,0.0,False,False,False
main,gamma_ro_gamma_0p5,gamma_ro,2025-10-01,40,True,True,20,0.5,,0.7,20.0,optimal,28.063621900000726,21.222000122070312,0.0,0,20,16307.664624421881,533.9055933035801,16841.57021772546,16881.38091040992,17415.2865037135,201776.83564849483,0.0,47.864960430206104,0.0,0.0,0.0,False,False,False
main,gamma_ro_gamma_0p5,gamma_ro,2025-10-01,41,True,True,20,0.5,,0.7,20.0,optimal,28.063621900000726,21.222000122070312,0.0,0,20,16307.664624421881,533.9055933035801,16841.57021772546,16419.168029194032,16953.073622497614,196980.60156112968,0.0,41.05125129126023,0.0,0.0,0.0,False,False,False
main,gamma_ro_gamma_0p5,gamma_ro,2025-10-01,42,True,True,20,0.5,,0.7,20.0,optimal,28.063621900000726,21.222000122070312,0.0,0,20,16307.664624421881,533.9055933035801,16841.57021772546,16643.48442686741,17177.39002017099,197918.2940033306,0.0,58.410021228526354,0.0,0.0,0.0,False,False,False
main,gamma_ro_gamma_0p5,gamma_ro,2025-10-01,43,True,True,20,0.5,,0.7,20.0,optimal,28.063621900000726,21.222000122070312,0.0,0,20,16307.664624421881,533.9055933035801,16841.57021772546,15664.02529807552,16197.9308913791,177656.49166976582,0.0,59.66531440636899,0.0,0.0,0.0,False,False,False
main,gamma_ro_gamma_0p5,gamma_ro,2025-10-01,44,True,True,20,0.5,,0.7,20.0,optimal,28.063621900000726,21.222000122070312,0.0,0,20,16307.664624421881,533.9055933035801,16841.57021772546,16109.278843857755,16643.184437161337,185624.83352088608,0.0019256684169630667,57.13107083954166,0.0,0.0,0.0,False,False,False
main,gamma_ro_gamma_0p5,gamma_ro,2025-10-01,45,True,True,20,0.5,,0.7,20.0,optimal,28.063621900000726,21.222000122070312,0.0,0,20,16307.664624421881,533.9055933035801,16841.57021772546,16803.766573919267,17337.67216722285,203209.38433254865,0.0,57.54154840538092,0.0,0.0,0.0,False,False,False
main,gamma_ro_gamma_0p5,gamma_ro,2025-10-01,46,True,True,20,0.5,,0.7,20.0,optimal,28.063621900000726,21.222000122070312,0.0,0,20,16307.664624421881,533.9055933035801,16841.57021772546,16422.859873532023,16956.765466835604,194595.0496010034,0.12389807895166483,56.007377863177396,0.0,0.0,0.0,False,False,False
main,gamma_ro_gamma_0p5,gamma_ro,2025-10-01,47,True,True,20,0.5,,0.7,20.0,optimal,28.063621900000726,21.222000122070312,0.0,0,20,16307.664624421881,533.9055933035801,16841.57021772546,16470.924807957297,17004.83040126088,202315.721818003,0.0,54.665478249595154,0.0,0.0,0.0,False,False,False
main,gamma_ro_gamma_0p5,gamma_ro,2025-10-01,48,True,True,20,0.5,,0.7,20.0,optimal,28.063621900000726,21.222000122070312,0.0,0,20,16307.664624421881,533.9055933035801,16841.57021772546,17135.744277552058,17669.64987085564,212230.83468384168,0.05007849764918704,53.77151978007376,0.0,0.0,0.0,False,False,False
main,gamma_ro_gamma_0p5,gamma_ro,2025-10-01,49,True,True,20,0.5,,0.7,20.0,optimal,28.063621900000726,21.222000122070312,0.0,0,20,16307.664624421881,533.9055933035801,16841.57021772546,16550.184628607636,17084.090221911218,206935.17654878838,0.0,59.962840246605985,0.0,0.0,0.0,False,False,False
main,gamma_ro_gamma_0p5,gamma_ro,2025-10-01,50,True,True,20,0.5,,0.7,20.0,optimal,28.063621900000726,21.222000122070312,0.0,0,20,16307.664624421881,533.9055933035801,16841.57021772546,16205.258393588741,16739.163986892323,195019.67877680875,0.0,61.283863586488636,0.0,0.0,0.0,False,False,False
main,gamma_ro_gamma_0p5,gamma_ro,2025-10-01,51,True,True,20,0.5,,0.7,20.0,optimal,28.063621900000726,21.222000122070312,0.0,0,20,16307.664624421881,533.9055933035801,16841.57021772546,15868.439910934287,16402.345504237866,184668.99455538043,0.0,55.0061860359109,0.0,0.0,0.0,False,False,False
main,gamma_ro_gamma_0p5,gamma_ro,2025-10-01,52,True,True,20,0.5,,0.7,20.0,optimal,28.063621900000726,21.222000122070312,0.0,0,20,16307.664624421881,533.9055933035801,16841.57021772546,16986.678579999243,17520.584173302825,208967.64019363513,0.0,58.97095222307103,0.0,0.0,0.0,False,False,False
main,gamma_ro_gamma_0p5,gamma_ro,2025-10-01,53,True,True,20,0.5,,0.7,20.0,optimal,28.063621900000726,21.222000122070312,0.0,0,20,16307.664624421881,533.9055933035801,16841.57021772546,16362.763135517218,16896.668728820798,189490.47155017196,0.0,51.81943480387236,0.0,0.0,0.0,False,False,False
main,gamma_ro_gamma_0p5,gamma_ro,2025-10-01,54,True,True,20,0.5,,0.7,20.0,optimal,28.063621900000726,21.222000122070312,0.0,0,20,16307.664624421881,533.9055933035801,16841.57021772546,16940.167204609534,17474.072797913115,205092.16890031687,0.0,52.048239563118756,0.0,0.0,0.0,False,False,False
main,gamma_ro_gamma_0p5,gamma_ro,2025-10-01,55,True,True,20,0.5,,0.7,20.0,optimal,28.063621900000726,21.222000122070312,0.0,0,20,16307.664624421881,533.9055933035801,16841.57021772546,16416.82064293011,16950.72623623369,192566.25726535273,0.0,60.157602503922604,0.0,0.0,0.0,False,False,False
main,gamma_ro_gamma_0p5,gamma_ro,2025-10-01,56,True,True,20,0.5,,0.7,20.0,optimal,28.063621900000726,21.222000122070312,0.0,0,20,16307.664624421881,533.9055933035801,16841.57021772546,16398.361663521977,16932.26725682556,196185.60088159633,0.0,44.77922902469882,0.0,0.0,0.0,False,False,False
main,gamma_ro_gamma_0p5,gamma_ro,2025-10-01,57,True,True,20,0.5,,0.7,20.0,optimal,28.063621900000726,21.222000122070312,0.0,0,20,16307.664624421881,533.9055933035801,16841.57021772546,16281.668211333596,16815.573804637177,190486.45257766673,0.0,50.83889256493979,0.0,0.0,0.0,False,False,False
main,gamma_ro_gamma_0p5,gamma_ro,2025-10-01,58,True,True,20,0.5,,0.7,20.0,optimal,28.063621900000726,21.222000122070312,0.0,0,20,16307.664624421881,533.9055933035801,16841.57021772546,17184.54300490057,17718.44859820415,212638.05906662907,0.05158306430744264,61.75842654718046,0.0,0.0,0.0,False,False,False
main,gamma_ro_gamma_0p5,gamma_ro,2025-10-01,59,True,True,20,0.5,,0.7,20.0,optimal,28.063621900000726,21.222000122070312,0.0,0,20,16307.664624421881,533.9055933035801,16841.57021772546,17168.988890522356,17702.894483825938,212439.16404226224,0.0,56.01627978213808,0.0,0.0,0.0,False,False,False
main,gamma_ro_gamma_0p5,gamma_ro,2025-10-01,60,True,True,20,0.5,,0.7,20.0,optimal,28.063621900000726,21.222000122070312,0.0,0,20,16307.664624421881,533.9055933035801,16841.57021772546,16370.67566129835,16904.58125460193,199446.3997989391,0.020741155612367113,52.37419897061203,0.0,0.0,0.0,False,False,False
main,gamma_ro_gamma_0p5,gamma_ro,2025-10-01,61,True,True,20,0.5,,0.7,20.0,optimal,28.063621900000726,21.222000122070312,0.0,0,20,16307.664624421881,533.9055933035801,16841.57021772546,16402.717172319786,16936.622765623368,197372.29338017115,0.0,43.28561014075167,0.0,0.0,0.0,False,False,False
main,gamma_ro_gamma_0p5,gamma_ro,2025-10-01,62,True,True,20,0.5,,0.7,20.0,optimal,28.063621900000726,21.222000122070312,0.0,0,20,16307.664624421881,533.9055933035801,16841.57021772546,15771.382529538429,16305.288122842008,179784.5322565899,0.0,58.04981520064074,0.0,0.0,0.0,False,False,False
main,gamma_ro_gamma_0p5,gamma_ro,2025-10-01,63,True,True,20,0.5,,0.7,20.0,optimal,28.063621900000726,21.222000122070312,0.0,0,20,16307.664624421881,533.9055933035801,16841.57021772546,16678.85542611826,17212.761019421843,192521.6204387967,0.0,61.44810100979656,0.0,0.0,0.0,False,False,False
main,gamma_ro_gamma_0p5,gamma_ro,2025-10-01,64,True,True,20,0.5,,0.7,20.0,optimal,28.063621900000726,21.222000122070312,0.0,0,20,16307.664624421881,533.9055933035801,16841.57021772546,15975.483002304327,16509.388595607907,181208.8834339218,0.0,51.889323501248136,0.0,0.0,0.0,False,False,False
main,gamma_ro_gamma_0p5,gamma_ro,2025-10-01,65,True,True,20,0.5,,0.7,20.0,optimal,28.063621900000726,21.222000122070312,0.0,0,20,16307.664624421881,533.9055933035801,16841.57021772546,16842.55212602244,17376.457719326023,194654.2758018404,0.0,59.17198696121015,0.0,0.0,0.0,False,False,False
main,gamma_ro_gamma_0p5,gamma_ro,2025-10-01,66,True,True,20,0.5,,0.7,20.0,optimal,28.063621900000726,21.222000122070312,0.0,0,20,16307.664624421881,533.9055933035801,16841.57021772546,16693.30081973431,17227.206413037893,202105.0066712395,0.0,64.6903791520051,0.0,0.0,0.0,False,False,False
main,gamma_ro_gamma_0p5,gamma_ro,2025-10-01,67,True,True,20,0.5,,0.7,20.0,optimal,28.063621900000726,21.222000122070312,0.0,0,20,16307.664624421881,533.9055933035801,16841.57021772546,15773.019522183056,16306.925115486636,175803.31610354935,0.0,54.79607529924912,0.0,0.0,0.0,False,False,False
main,gamma_ro_gamma_0p5,gamma_ro,2025-10-01,68,True,True,20,0.5,,0.7,20.0,optimal,28.063621900000726,21.222000122070312,0.0,0,20,16307.664624421881,533.9055933035801,16841.57021772546,17392.920249243176,17926.825842546757,219618.83453711926,0.015415909042287623,57.591884599282,0.0,0.0,0.0,False,False,False
main,gamma_ro_gamma_0p5,gamma_ro,2025-10-01,69,True,True,20,0.5,,0.7,20.0,optimal,28.063621900000726,21.222000122070312,0.0,0,20,16307.664624421881,533.9055933035801,16841.57021772546,17139.483578797837,17673.38917210142,215129.9340784854,0.0,60.29709448517131,0.0,0.0,0.0,False,False,False
main,gamma_ro_gamma_0p5,gamma_ro,2025-10-01,70,True,True,20,0.5,,0.7,20.0,optimal,28.063621900000726,21.222000122070312,0.0,0,20,16307.664624421881,533.9055933035801,16841.57021772546,16769.320370542144,17303.225963845725,206206.2528437161,0.0,57.50950823446234,0.0,0.0,0.0,False,False,False
main,gamma_ro_gamma_0p5,gamma_ro,2025-10-01,71,True,True,20,0.5,,0.7,20.0,optimal,28.063621900000726,21.222000122070312,0.0,0,20,16307.664624421881,533.9055933035801,16841.57021772546,15890.200018625734,16424.105611929313,186759.08222674287,0.18546066252338655,62.54115477590887,0.0,0.0,0.0,False,False,False
main,gamma_ro_gamma_0p5,gamma_ro,2025-10-01,72,True,True,20,0.5,,0.7,20.0,optimal,28.063621900000726,21.222000122070312,0.0,0,20,16307.664624421881,533.9055933035801,16841.57021772546,16124.017872033352,16657.92346533693,188387.57483095603,0.06985062856002133,60.88523949637672,0.0,0.0,0.0,False,False,False
main,gamma_ro_gamma_0p5,gamma_ro,2025-10-01,73,True,True,20,0.5,,0.7,20.0,optimal,28.063621900000726,21.222000122070312,0.0,0,20,16307.664624421881,533.9055933035801,16841.57021772546,16389.03117775396,16922.936771057543,191286.34631593895,0.1197205207911396,52.68564711432927,0.0,0.0,0.0,False,False,False
main,gamma_ro_gamma_0p5,gamma_ro,2025-10-01,74,True,True,20,0.5,,0.7,20.0,optimal,28.063621900000726,21.222000122070312,0.0,0,20,16307.664624421881,533.9055933035801,16841.57021772546,16060.148151037552,16594.053744341134,179428.9648031351,0.0,57.42412636381865,0.0,0.0,0.0,False,False,False
main,gamma_ro_gamma_0p5,gamma_ro,2025-10-01,75,True,True,20,0.5,,0.7,20.0,optimal,28.063621900000726,21.222000122070312,0.0,0,20,16307.664624421881,533.9055933035801,16841.57021772546,16557.391214670228,17091.29680797381,197165.0865011749,0.03907898136872892,53.59210924020567,0.0,0.0,0.0,False,False,False
main,gamma_ro_gamma_0p5,gamma_ro,2025-10-01,76,True,True,20,0.5,,0.7,20.0,optimal,28.063621900000726,21.222000122070312,0.0,0,20,16307.664624421881,533.9055933035801,16841.57021772546,17020.769586259867,17554.67517956345,213578.47233167622,0.0,56.52018764440715,0.0,0.0,0.0,False,False,False
main,gamma_ro_gamma_0p5,gamma_ro,2025-10-01,77,True,True,20,0.5,,0.7,20.0,optimal,28.063621900000726,21.222000122070312,0.0,0,20,16307.664624421881,533.9055933035801,16841.57021772546,16046.449222437257,16580.354815740837,179389.93622668766,0.11596901510651136,53.51234725907786,0.0,0.0,0.0,False,False,False
main,gamma_ro_gamma_0p5,gamma_ro,2025-10-01,78,True,True,20,0.5,,0.7,20.0,optimal,28.063621900000726,21.222000122070312,0.0,0,20,16307.664624421881,533.9055933035801,16841.57021772546,15983.417330774606,16517.322924078187,183925.29921532306,0.08175774810800918,53.531406294097756,0.0,0.0,0.0,False,False,False
main,gamma_ro_gamma_0p5,gamma_ro,2025-10-01,79,True,True,20,0.5,,0.7,20.0,optimal,28.063621900000726,21.222000122070312,0.0,0,20,16307.664624421881,533.9055933035801,16841.57021772546,17050.857286162813,17584.762879466394,207250.81388795303,0.045394814203234546,53.20781680149721,0.0,0.0,0.0,False,False,False
main,gamma_ro_gamma_0p5,gamma_ro,2025-10-01,80,True,True,20,0.5,,0.7,20.0,optimal,28.063621900000726,21.222000122070312,0.0,0,20,16307.664624421881,533.9055933035801,16841.57021772546,16819.82100051353,17353.72659381711,206387.85823370138,0.0,53.27673505044651,0.0,0.0,0.0,False,False,False
main,gamma_ro_gamma_0p5,gamma_ro,2025-10-01,81,True,True,20,0.5,,0.7,20.0,optimal,28.063621900000726,21.222000122070312,0.0,0,20,16307.664624421881,533.9055933035801,16841.57021772546,16567.25217771965,17101.15777102323,192113.50578593358,0.007779883384761099,62.35894672574637,0.0,0.0,0.0,False,False,False
main,gamma_ro_gamma_0p5,gamma_ro,2025-10-01,82,True,True,20,0.5,,0.7,20.0,optimal,28.063621900000726,21.222000122070312,0.0,0,20,16307.664624421881,533.9055933035801,16841.57021772546,16051.464307846187,16585.369901149767,187264.3518810596,0.0,49.08819469344403,0.0,0.0,0.0,False,False,False
main,gamma_ro_gamma_0p5,gamma_ro,2025-10-01,83,True,True,20,0.5,,0.7,20.0,optimal,28.063621900000726,21.222000122070312,0.0,0,20,16307.664624421881,533.9055933035801,16841.57021772546,16914.82078381153,17448.726377115112,209496.66480987793,0.0,53.09440607127879,0.0,0.0,0.0,False,False,False
main,gamma_ro_gamma_0p5,gamma_ro,2025-10-01,84,True,True,20,0.5,,0.7,20.0,optimal,28.063621900000726,21.222000122070312,0.0,0,20,16307.664624421881,533.9055933035801,16841.57021772546,17249.57729649523,17783.48288979881,209388.01879015905,0.14087704241109877,51.57964926396919,0.0,0.0,0.0,False,False,False
main,gamma_ro_gamma_0p5,gamma_ro,2025-10-01,85,True,True,20,0.5,,0.7,20.0,optimal,28.063621900000726,21.222000122070312,0.0,0,20,16307.664624421881,533.9055933035801,16841.57021772546,16666.191176169898,17200.09676947348,198909.80125186313,0.0,60.99659800079936,0.0,0.0,0.0,False,False,False
main,gamma_ro_gamma_0p5,gamma_ro,2025-10-01,86,True,True,20,0.5,,0.7,20.0,optimal,28.063621900000726,21.222000122070312,0.0,0,20,16307.664624421881,533.9055933035801,16841.57021772546,16678.42378620877,17212.32937951235,197664.23357461346,0.0,49.053477843185235,0.0,0.0,0.0,False,False,False
main,gamma_ro_gamma_0p5,gamma_ro,2025-10-01,87,True,True,20,0.5,,0.7,20.0,optimal,28.063621900000726,21.222000122070312,0.0,0,20,16307.664624421881,533.9055933035801,16841.57021772546,15610.185138695444,16144.090731999024,174956.8680532532,0.011056885313816711,54.10228739304945,0.0,0.0,0.0,False,False,False
main,gamma_ro_gamma_0p5,gamma_ro,2025-10-01,88,True,True,20,0.5,,0.7,20.0,optimal,28.063621900000726,21.222000122070312,0.0,0,20,16307.664624421881,533.9055933035801,16841.57021772546,16017.640137381299,16551.54573068488,177917.27169761137,0.09074903273275403,61.39336533712021,0.0,0.0,0.0,False,False,False
main,gamma_ro_gamma_0p5,gamma_ro,2025-10-01,89,True,True,20,0.5,,0.7,20.0,optimal,28.063621900000726,21.222000122070312,0.0,0,20,16307.664624421881,533.9055933035801,16841.57021772546,16437.11959517926,16971.025188482843,194453.2902996957,0.0,53.93339295366368,0.0,0.0,0.0,False,False,False
main,gamma_ro_gamma_0p5,gamma_ro,2025-10-01,90,True,True,20,0.5,,0.7,20.0,optimal,28.063621900000726,21.222000122070312,0.0,0,20,16307.664624421881,533.9055933035801,16841.57021772546,16222.233136977791,16756.13873028137,189683.79316813668,0.11357793402240862,59.06798854112013,0.0,0.0,0.0,False,False,False
main,gamma_ro_gamma_0p5,gamma_ro,2025-10-01,91,True,True,20,0.5,,0.7,20.0,optimal,28.063621900000726,21.222000122070312,0.0,0,20,16307.664624421881,533.9055933035801,16841.57021772546,15507.161988504587,16041.067581808167,167944.93292934445,0.03354897373098131,53.946546694053644,0.0,0.0,0.0,False,False,False
main,gamma_ro_gamma_0p5,gamma_ro,2025-10-01,92,True,True,20,0.5,,0.7,20.0,optimal,28.063621900000726,21.222000122070312,0.0,0,20,16307.664624421881,533.9055933035801,16841.57021772546,16318.010466977446,16851.916060281026,182771.78938447614,0.0,43.96344947189283,0.0,0.0,0.0,False,False,False
main,gamma_ro_gamma_0p5,gamma_ro,2025-10-01,93,True,True,20,0.5,,0.7,20.0,optimal,28.063621900000726,21.222000122070312,0.0,0,20,16307.664624421881,533.9055933035801,16841.57021772546,16209.584304801772,16743.489898105352,195298.65888533884,0.0,57.585883339011254,0.0,0.0,0.0,False,False,False
main,gamma_ro_gamma_0p5,gamma_ro,2025-10-01,94,True,True,20,0.5,,0.7,20.0,optimal,28.063621900000726,21.222000122070312,0.0,0,20,16307.664624421881,533.9055933035801,16841.57021772546,16217.511231624067,16751.416824927648,186593.9996334425,0.0,50.87804565417617,0.0,0.0,0.0,False,False,False
main,gamma_ro_gamma_0p5,gamma_ro,2025-10-01,95,True,True,20,0.5,,0.7,20.0,optimal,28.063621900000726,21.222000122070312,0.0,0,20,16307.664624421881,533.9055933035801,16841.57021772546,15938.408574032994,16472.314167336575,182883.5598317984,0.0,57.829134266299626,0.0,0.0,0.0,False,False,False
main,gamma_ro_gamma_0p5,gamma_ro,2025-10-01,96,True,True,20,0.5,,0.7,20.0,optimal,28.063621900000726,21.222000122070312,0.0,0,20,16307.664624421881,533.9055933035801,16841.57021772546,16134.771494601657,16668.67708790524,189218.5919430432,0.0,53.03427765685606,0.0,0.0,0.0,False,False,False
main,gamma_ro_gamma_0p5,gamma_ro,2025-10-01,97,True,True,20,0.5,,0.7,20.0,optimal,28.063621900000726,21.222000122070312,0.0,0,20,16307.664624421881,533.9055933035801,16841.57021772546,16170.23223389538,16704.13782719896,187273.84702986904,0.0,57.43805130984147,0.0,0.0,0.0,False,False,False
main,gamma_ro_gamma_0p5,gamma_ro,2025-10-01,98,True,True,20,0.5,,0.7,20.0,optimal,28.063621900000726,21.222000122070312,0.0,0,20,16307.664624421881,533.9055933035801,16841.57021772546,16291.835126789452,16825.740720093032,187704.79301445239,0.0,48.547054635046365,0.0,0.0,0.0,False,False,False
main,gamma_ro_gamma_0p5,gamma_ro,2025-10-01,99,True,True,20,0.5,,0.7,20.0,optimal,28.063621900000726,21.222000122070312,0.0,0,20,16307.664624421881,533.9055933035801,16841.57021772546,16033.783087239704,16567.688680543284,184696.20118659167,0.07654776948022901,56.65576982961167,0.0,0.0,0.0,False,False,False
