suite,configuration,method,window,workload_replay_id,energy_uncertainty,workload_uncertainty,sample_size,gamma,rho,effective_capacity_fraction,bess_degradation_cost_usd_per_mwh_throughput,solver_status,solve_wall_time_seconds,solver_runtime_seconds,mip_gap,decomposition_iterations,active_scenario_count,nominal_grid_cost_usd,nominal_bess_degradation_cost_usd,nominal_operating_cost_usd,actual_grid_cost_usd,actual_operating_cost_usd,actual_carbon_kg,actual_curtailment_mwh,batch_adjustment_mwh,workload_envelope_violation_mwh,grid_limit_violation_mw,ramp_violation_mw,workload_violation,grid_limit_violation,ramp_violation
main,deterministic,deterministic,2025-01-01,0,True,True,0,,,0.7,20.0,optimal,1.7611528000015824,1.761153600000398,0.0,0,0,15664.811973990281,174.34157851920799,15839.15355250949,15518.274454134891,15692.6160326541,185385.2986351263,0.34961003972643434,50.5578913419143,0.0,0.0,0.0,False,False,False
main,deterministic,deterministic,2025-01-01,1,True,True,0,,,0.7,20.0,optimal,1.7611528000015824,1.761153600000398,0.0,0,0,15664.811973990281,174.34157851920799,15839.15355250949,15589.205646354834,15763.547224874043,176488.8613935954,0.0,58.119189946373574,0.0,0.0,0.0,False,False,False
main,deterministic,deterministic,2025-01-01,2,True,True,0,,,0.7,20.0,optimal,1.7611528000015824,1.761153600000398,0.0,0,0,15664.811973990281,174.34157851920799,15839.15355250949,16267.70316742729,16442.044745946496,202475.02852383885,0.0,45.859115884056,0.0,0.0,0.0,False,False,False
main,deterministic,deterministic,2025-01-01,3,True,True,0,,,0.7,20.0,optimal,1.7611528000015824,1.761153600000398,0.0,0,0,15664.811973990281,174.34157851920799,15839.15355250949,15819.797255999229,15994.138834518437,192735.7761843504,0.23726732742113188,52.10303852028273,0.0,0.0,0.0,False,False,False
main,deterministic,deterministic,2025-01-01,4,True,True,0,,,0.7,20.0,optimal,1.7611528000015824,1.761153600000398,0.0,0,0,15664.811973990281,174.34157851920799,15839.15355250949,15610.233886506467,15784.575465025675,188269.93445121354,0.0,47.35695225784065,0.0,0.0,0.0,False,False,False
main,deterministic,deterministic,2025-01-01,5,True,True,0,,,0.7,20.0,optimal,1.7611528000015824,1.761153600000398,0.0,0,0,15664.811973990281,174.34157851920799,15839.15355250949,16240.043928981448,16414.385507500654,201715.04751765015,0.05445838766932115,53.34640742533221,0.0,0.0,0.0,False,False,False
main,deterministic,deterministic,2025-01-01,6,True,True,0,,,0.7,20.0,optimal,1.7611528000015824,1.761153600000398,0.0,0,0,15664.811973990281,174.34157851920799,15839.15355250949,15175.515350341993,15349.856928861202,168271.72932839458,0.01582689113745217,44.30746843933514,0.0,0.0,0.0,False,False,False
main,deterministic,deterministic,2025-01-01,7,True,True,0,,,0.7,20.0,optimal,1.7611528000015824,1.761153600000398,0.0,0,0,15664.811973990281,174.34157851920799,15839.15355250949,15806.896314349966,15981.237892869174,190343.5328680611,0.03532219135378059,49.78706550268926,0.0,0.0,0.0,False,False,False
main,deterministic,deterministic,2025-01-01,8,True,True,0,,,0.7,20.0,optimal,1.7611528000015824,1.761153600000398,0.0,0,0,15664.811973990281,174.34157851920799,15839.15355250949,16344.64209165713,16518.983670176338,201539.72523498486,0.147662980734242,50.67272511260132,0.0,0.0,0.0,False,False,False
main,deterministic,deterministic,2025-01-01,9,True,True,0,,,0.7,20.0,optimal,1.7611528000015824,1.761153600000398,0.0,0,0,15664.811973990281,174.34157851920799,15839.15355250949,16300.053393941873,16474.39497246108,207095.7742113769,0.10051158417574618,58.23569350945465,0.0,0.0,0.0,False,False,False
main,deterministic,deterministic,2025-01-01,10,True,True,0,,,0.7,20.0,optimal,1.7611528000015824,1.761153600000398,0.0,0,0,15664.811973990281,174.34157851920799,15839.15355250949,15346.3677101201,15520.709288639307,179527.14929177682,0.19378545612618997,49.65101309819294,0.0,0.0,0.0,False,False,False
main,deterministic,deterministic,2025-01-01,11,True,True,0,,,0.7,20.0,optimal,1.7611528000015824,1.761153600000398,0.0,0,0,15664.811973990281,174.34157851920799,15839.15355250949,16066.120410351969,16240.461988871177,203964.24242801333,0.022917810132219885,43.73534860043563,0.0,0.0,0.0,False,False,False
main,deterministic,deterministic,2025-01-01,12,True,True,0,,,0.7,20.0,optimal,1.7611528000015824,1.761153600000398,0.0,0,0,15664.811973990281,174.34157851920799,15839.15355250949,16410.412890912252,16584.75446943146,202664.7351712499,0.0,43.50530738624831,0.0,0.0,0.0,False,False,False
main,deterministic,deterministic,2025-01-01,13,True,True,0,,,0.7,20.0,optimal,1.7611528000015824,1.761153600000398,0.0,0,0,15664.811973990281,174.34157851920799,15839.15355250949,16138.201651413388,16312.543229932597,201006.2766104201,0.0,51.77341315246493,0.0,0.0,0.0,False,False,False
main,deterministic,deterministic,2025-01-01,14,True,True,0,,,0.7,20.0,optimal,1.7611528000015824,1.761153600000398,0.0,0,0,15664.811973990281,174.34157851920799,15839.15355250949,16049.232326151643,16223.573904670851,203224.16222227167,0.02013337043514607,49.784579134632594,0.0,0.0,0.0,False,False,False
main,deterministic,deterministic,2025-01-01,15,True,True,0,,,0.7,20.0,optimal,1.7611528000015824,1.761153600000398,0.0,0,0,15664.811973990281,174.34157851920799,15839.15355250949,15249.220250509312,15423.56182902852,173159.3537468972,0.03808896236580642,43.17939263234043,0.0,0.0,0.0,False,False,False
main,deterministic,deterministic,2025-01-01,16,True,True,0,,,0.7,20.0,optimal,1.7611528000015824,1.761153600000398,0.0,0,0,15664.811973990281,174.34157851920799,15839.15355250949,16022.015621021706,16196.357199540915,192980.76877540917,0.18740573902794172,48.00327040654984,0.0,0.0,0.0,False,False,False
main,deterministic,deterministic,2025-01-01,17,True,True,0,,,0.7,20.0,optimal,1.7611528000015824,1.761153600000398,0.0,0,0,15664.811973990281,174.34157851920799,15839.15355250949,15659.213253136952,15833.55483165616,187660.46916940928,0.0,56.2978218879877,0.0,0.0,0.0,False,False,False
main,deterministic,deterministic,2025-01-01,18,True,True,0,,,0.7,20.0,optimal,1.7611528000015824,1.761153600000398,0.0,0,0,15664.811973990281,174.34157851920799,15839.15355250949,16407.645159676373,16581.98673819558,204286.96796145377,0.0,54.67850636212647,0.0,0.0,0.0,False,False,False
main,deterministic,deterministic,2025-01-01,19,True,True,0,,,0.7,20.0,optimal,1.7611528000015824,1.761153600000398,0.0,0,0,15664.811973990281,174.34157851920799,15839.15355250949,15172.563071120418,15346.904649639626,177551.4475663431,0.7185217742041493,52.36749714043592,0.0,0.0,0.0,False,False,False
main,deterministic,deterministic,2025-01-01,20,True,True,0,,,0.7,20.0,optimal,1.7611528000015824,1.761153600000398,0.0,0,0,15664.811973990281,174.34157851920799,15839.15355250949,15925.257099963557,16099.598678482766,206208.33484389895,0.0,46.79413036275043,0.0,0.0,0.0,False,False,False
main,deterministic,deterministic,2025-01-01,21,True,True,0,,,0.7,20.0,optimal,1.7611528000015824,1.761153600000398,0.0,0,0,15664.811973990281,174.34157851920799,15839.15355250949,16473.167586734402,16647.50916525361,205317.9037441727,0.0,43.12807071804811,0.0,0.0,0.0,False,False,False
main,deterministic,deterministic,2025-01-01,22,True,True,0,,,0.7,20.0,optimal,1.7611528000015824,1.761153600000398,0.0,0,0,15664.811973990281,174.34157851920799,15839.15355250949,15500.612084246313,15674.953662765522,177903.2793332112,0.06522811806183687,48.70971316181759,0.0,0.0,0.0,False,False,False
main,deterministic,deterministic,2025-01-01,23,True,True,0,,,0.7,20.0,optimal,1.7611528000015824,1.761153600000398,0.0,0,0,15664.811973990281,174.34157851920799,15839.15355250949,15391.234041535165,15565.575620054373,178258.5993879685,0.16727025734621775,50.61546436966625,0.0,0.0,0.0,False,False,False
main,deterministic,deterministic,2025-01-01,24,True,True,0,,,0.7,20.0,optimal,1.7611528000015824,1.761153600000398,0.0,0,0,15664.811973990281,174.34157851920799,15839.15355250949,15719.230284169356,15893.571862688565,181039.1956029513,0.0,52.374333616688965,0.0,0.0,0.0,False,False,False
main,deterministic,deterministic,2025-01-01,25,True,True,0,,,0.7,20.0,optimal,1.7611528000015824,1.761153600000398,0.0,0,0,15664.811973990281,174.34157851920799,15839.15355250949,15155.649758096744,15329.991336615953,181440.1482030957,0.023708549231763604,46.89183156338802,0.0,0.0,0.0,False,False,False
main,deterministic,deterministic,2025-01-01,26,True,True,0,,,0.7,20.0,optimal,1.7611528000015824,1.761153600000398,0.0,0,0,15664.811973990281,174.34157851920799,15839.15355250949,16018.511684582085,16192.853263101293,195234.42420769177,0.0,54.641051827385766,0.0,0.0,0.0,False,False,False
main,deterministic,deterministic,2025-01-01,27,True,True,0,,,0.7,20.0,optimal,1.7611528000015824,1.761153600000398,0.0,0,0,15664.811973990281,174.34157851920799,15839.15355250949,15833.702785647543,16008.044364166752,184730.30519823526,0.03648232238143129,54.12977232476061,0.0,0.0,0.0,False,False,False
main,deterministic,deterministic,2025-01-01,28,True,True,0,,,0.7,20.0,optimal,1.7611528000015824,1.761153600000398,0.0,0,0,15664.811973990281,174.34157851920799,15839.15355250949,16033.994834104751,16208.33641262396,192474.75226786535,0.08178419695603192,44.373597652530776,0.0,0.0,0.0,False,False,False
main,deterministic,deterministic,2025-01-01,29,True,True,0,,,0.7,20.0,optimal,1.7611528000015824,1.761153600000398,0.0,0,0,15664.811973990281,174.34157851920799,15839.15355250949,15704.912775758743,15879.254354277951,196018.9321280569,0.0,39.42797987829413,0.0,0.0,0.0,False,False,False
main,deterministic,deterministic,2025-01-01,30,True,True,0,,,0.7,20.0,optimal,1.7611528000015824,1.761153600000398,0.0,0,0,15664.811973990281,174.34157851920799,15839.15355250949,15983.311748495866,16157.653327015074,189937.68180436117,0.0,42.90163208567456,0.0,0.0,0.0,False,False,False
main,deterministic,deterministic,2025-01-01,31,True,True,0,,,0.7,20.0,optimal,1.7611528000015824,1.761153600000398,0.0,0,0,15664.811973990281,174.34157851920799,15839.15355250949,15717.68928538037,15892.030863899578,189216.81858121682,0.012849292751814678,52.10322397685552,0.0,0.0,0.0,False,False,False
main,deterministic,deterministic,2025-01-01,32,True,True,0,,,0.7,20.0,optimal,1.7611528000015824,1.761153600000398,0.0,0,0,15664.811973990281,174.34157851920799,15839.15355250949,16281.464576554097,16455.806155073304,191448.6403318176,0.0,50.65910213059091,0.0,0.0,0.0,False,False,False
main,deterministic,deterministic,2025-01-01,33,True,True,0,,,0.7,20.0,optimal,1.7611528000015824,1.761153600000398,0.0,0,0,15664.811973990281,174.34157851920799,15839.15355250949,16713.99360413474,16888.335182653947,209799.67281531938,0.0,62.9675634901039,0.0,0.0,0.0,False,False,False
main,deterministic,deterministic,2025-01-01,34,True,True,0,,,0.7,20.0,optimal,1.7611528000015824,1.761153600000398,0.0,0,0,15664.811973990281,174.34157851920799,15839.15355250949,16049.486565747759,16223.828144266967,187598.39819564702,0.029143462307471057,51.614835922070775,0.0,0.0,0.0,False,False,False
main,deterministic,deterministic,2025-01-01,35,True,True,0,,,0.7,20.0,optimal,1.7611528000015824,1.761153600000398,0.0,0,0,15664.811973990281,174.34157851920799,15839.15355250949,15029.306799546734,15203.648378065942,181945.0950366857,0.0,54.39804263421673,0.0,0.0,0.0,False,False,False
main,deterministic,deterministic,2025-01-01,36,True,True,0,,,0.7,20.0,optimal,1.7611528000015824,1.761153600000398,0.0,0,0,15664.811973990281,174.34157851920799,15839.15355250949,16423.190349340635,16597.531927859844,197837.32629527166,0.0,55.2291046449289,0.0,0.0,0.0,False,False,False
main,deterministic,deterministic,2025-01-01,37,True,True,0,,,0.7,20.0,optimal,1.7611528000015824,1.761153600000398,0.0,0,0,15664.811973990281,174.34157851920799,15839.15355250949,15614.002831787091,15788.3444103063,190077.70257516418,0.0,42.04351946651032,0.0,0.0,0.0,False,False,False
main,deterministic,deterministic,2025-01-01,38,True,True,0,,,0.7,20.0,optimal,1.7611528000015824,1.761153600000398,0.0,0,0,15664.811973990281,174.34157851920799,15839.15355250949,15144.872826902025,15319.214405421233,178769.07110486613,0.1050742180400226,49.26499879840528,0.0,0.0,0.0,False,False,False
main,deterministic,deterministic,2025-01-01,39,True,True,0,,,0.7,20.0,optimal,1.7611528000015824,1.761153600000398,0.0,0,0,15664.811973990281,174.34157851920799,15839.15355250949,15906.032700561862,16080.37427908107,190765.41100379504,0.033268715017405026,39.788627055215464,0.0,0.0,0.0,False,False,False
main,deterministic,deterministic,2025-01-01,40,True,True,0,,,0.7,20.0,optimal,1.7611528000015824,1.761153600000398,0.0,0,0,15664.811973990281,174.34157851920799,15839.15355250949,15498.301256712217,15672.642835231425,183483.46149846952,0.0,44.707784004272064,0.0,0.0,0.0,False,False,False
main,deterministic,deterministic,2025-01-01,41,True,True,0,,,0.7,20.0,optimal,1.7611528000015824,1.761153600000398,0.0,0,0,15664.811973990281,174.34157851920799,15839.15355250949,15948.531313778556,16122.872892297764,194526.14683549933,0.05921212716828794,39.56019534645934,0.0,0.0,0.0,False,False,False
main,deterministic,deterministic,2025-01-01,42,True,True,0,,,0.7,20.0,optimal,1.7611528000015824,1.761153600000398,0.0,0,0,15664.811973990281,174.34157851920799,15839.15355250949,15969.523393992515,16143.864972511723,196847.5090758826,0.012926336639675684,51.85956283253782,0.0,0.0,0.0,False,False,False
main,deterministic,deterministic,2025-01-01,43,True,True,0,,,0.7,20.0,optimal,1.7611528000015824,1.761153600000398,0.0,0,0,15664.811973990281,174.34157851920799,15839.15355250949,15517.703602506595,15692.045181025804,174988.50829399066,0.08204733623878399,51.159137465278434,0.0,0.0,0.0,False,False,False
main,deterministic,deterministic,2025-01-01,44,True,True,0,,,0.7,20.0,optimal,1.7611528000015824,1.761153600000398,0.0,0,0,15664.811973990281,174.34157851920799,15839.15355250949,16300.287835966816,16474.629414486022,205052.28131481295,0.0,48.37369449107412,0.0,0.0,0.0,False,False,False
main,deterministic,deterministic,2025-01-01,45,True,True,0,,,0.7,20.0,optimal,1.7611528000015824,1.761153600000398,0.0,0,0,15664.811973990281,174.34157851920799,15839.15355250949,15935.155670704182,16109.49724922339,193568.77242571043,0.11413576360939737,56.146378780493,0.0,0.0,0.0,False,False,False
main,deterministic,deterministic,2025-01-01,46,True,True,0,,,0.7,20.0,optimal,1.7611528000015824,1.761153600000398,0.0,0,0,15664.811973990281,174.34157851920799,15839.15355250949,16051.76574680003,16226.107325319239,196517.3664473798,0.016273840566450787,50.507840212311464,0.0,0.0,0.0,False,False,False
main,deterministic,deterministic,2025-01-01,47,True,True,0,,,0.7,20.0,optimal,1.7611528000015824,1.761153600000398,0.0,0,0,15664.811973990281,174.34157851920799,15839.15355250949,15874.678559500711,16049.02013801992,198322.51148684887,0.014792164420204257,52.27117455781472,0.0,0.0,0.0,False,False,False
main,deterministic,deterministic,2025-01-01,48,True,True,0,,,0.7,20.0,optimal,1.7611528000015824,1.761153600000398,0.0,0,0,15664.811973990281,174.34157851920799,15839.15355250949,15679.0731739987,15853.414752517909,183392.78092778314,0.0,48.15332938270705,0.0,0.0,0.0,False,False,False
main,deterministic,deterministic,2025-01-01,49,True,True,0,,,0.7,20.0,optimal,1.7611528000015824,1.761153600000398,0.0,0,0,15664.811973990281,174.34157851920799,15839.15355250949,15969.299972254757,16143.641550773966,200832.65831261902,0.0,50.712412223977395,0.0,0.0,0.0,False,False,False
main,deterministic,deterministic,2025-01-01,50,True,True,0,,,0.7,20.0,optimal,1.7611528000015824,1.761153600000398,0.0,0,0,15664.811973990281,174.34157851920799,15839.15355250949,16151.422595991373,16325.764174510581,190104.28727353577,0.0,55.7756482393126,0.0,0.0,0.0,False,False,False
main,deterministic,deterministic,2025-01-01,51,True,True,0,,,0.7,20.0,optimal,1.7611528000015824,1.761153600000398,0.0,0,0,15664.811973990281,174.34157851920799,15839.15355250949,15540.939413204911,15715.28099172412,188724.12746732694,0.10914317057875011,48.86677284213032,0.0,0.0,0.0,False,False,False
main,deterministic,deterministic,2025-01-01,52,True,True,0,,,0.7,20.0,optimal,1.7611528000015824,1.761153600000398,0.0,0,0,15664.811973990281,174.34157851920799,15839.15355250949,15884.039344427352,16058.38092294656,195079.46711844794,0.05231323379829281,55.601977526644326,0.0,0.0,0.0,False,False,False
main,deterministic,deterministic,2025-01-01,53,True,True,0,,,0.7,20.0,optimal,1.7611528000015824,1.761153600000398,0.0,0,0,15664.811973990281,174.34157851920799,15839.15355250949,15368.159403811505,15542.500982330714,172552.6255712267,0.0,44.29088737940827,0.0,0.0,0.0,False,False,False
main,deterministic,deterministic,2025-01-01,54,True,True,0,,,0.7,20.0,optimal,1.7611528000015824,1.761153600000398,0.0,0,0,15664.811973990281,174.34157851920799,15839.15355250949,14523.51817565925,14697.859754178458,162711.28727307898,0.0,46.36326208294874,0.0,0.0,0.0,False,False,False
main,deterministic,deterministic,2025-01-01,55,True,True,0,,,0.7,20.0,optimal,1.7611528000015824,1.761153600000398,0.0,0,0,15664.811973990281,174.34157851920799,15839.15355250949,15959.838662079905,16134.180240599113,196985.88607957526,0.14338075730356306,53.188123489318095,0.0,0.0,0.0,False,False,False
main,deterministic,deterministic,2025-01-01,56,True,True,0,,,0.7,20.0,optimal,1.7611528000015824,1.761153600000398,0.0,0,0,15664.811973990281,174.34157851920799,15839.15355250949,15534.213874179644,15708.555452698853,181668.92250695918,0.09533126682833279,40.37334706185077,0.0,0.0,0.0,False,False,False
main,deterministic,deterministic,2025-01-01,57,True,True,0,,,0.7,20.0,optimal,1.7611528000015824,1.761153600000398,0.0,0,0,15664.811973990281,174.34157851920799,15839.15355250949,15608.978828024881,15783.32040654409,181068.18669552734,0.07589066613323747,49.499129369004294,0.0,0.0,0.0,False,False,False
main,deterministic,deterministic,2025-01-01,58,True,True,0,,,0.7,20.0,optimal,1.7611528000015824,1.761153600000398,0.0,0,0,15664.811973990281,174.34157851920799,15839.15355250949,15803.638596317098,15977.980174836306,191805.55366664036,0.3178815471214567,56.02514596668174,0.0,0.0,0.0,False,False,False
main,deterministic,deterministic,2025-01-01,59,True,True,0,,,0.7,20.0,optimal,1.7611528000015824,1.761153600000398,0.0,0,0,15664.811973990281,174.34157851920799,15839.15355250949,15566.348739537216,15740.690318056424,188683.18854807565,0.2521296111600081,53.294915686283545,0.0,0.0,0.0,False,False,False
main,deterministic,deterministic,2025-01-01,60,True,True,0,,,0.7,20.0,optimal,1.7611528000015824,1.761153600000398,0.0,0,0,15664.811973990281,174.34157851920799,15839.15355250949,15558.93142466437,15733.273003183578,184633.69666063317,0.20976194559823302,52.31174206237521,0.0,0.0,0.0,False,False,False
main,deterministic,deterministic,2025-01-01,61,True,True,0,,,0.7,20.0,optimal,1.7611528000015824,1.761153600000398,0.0,0,0,15664.811973990281,174.34157851920799,15839.15355250949,15509.123967340734,15683.465545859943,182599.2917094455,0.0,42.820055919738245,0.0,0.0,0.0,False,False,False
main,deterministic,deterministic,2025-01-01,62,True,True,0,,,0.7,20.0,optimal,1.7611528000015824,1.761153600000398,0.0,0,0,15664.811973990281,174.34157851920799,15839.15355250949,15373.889558042956,15548.231136562164,183438.1935473367,0.11509637017717689,54.803874246811205,0.0,0.0,0.0,False,False,False
main,deterministic,deterministic,2025-01-01,63,True,True,0,,,0.7,20.0,optimal,1.7611528000015824,1.761153600000398,0.0,0,0,15664.811973990281,174.34157851920799,15839.15355250949,15522.324721449515,15696.666299968723,192939.09223828313,0.30927002362984224,52.80799469947577,0.0,0.0,0.0,False,False,False
main,deterministic,deterministic,2025-01-01,64,True,True,0,,,0.7,20.0,optimal,1.7611528000015824,1.761153600000398,0.0,0,0,15664.811973990281,174.34157851920799,15839.15355250949,15998.27728324156,16172.618861760768,195647.25334476866,0.007287727689937018,47.34822410864826,0.0,0.0,0.0,False,False,False
main,deterministic,deterministic,2025-01-01,65,True,True,0,,,0.7,20.0,optimal,1.7611528000015824,1.761153600000398,0.0,0,0,15664.811973990281,174.34157851920799,15839.15355250949,15711.616187333495,15885.957765852703,192943.3847773738,0.09985529526229775,53.317878631210405,0.0,0.0,0.0,False,False,False
main,deterministic,deterministic,2025-01-01,66,True,True,0,,,0.7,20.0,optimal,1.7611528000015824,1.761153600000398,0.0,0,0,15664.811973990281,174.34157851920799,15839.15355250949,15630.865678695747,15805.207257214955,186358.29682063643,0.0,59.644432622375895,0.0,0.0,0.0,False,False,False
main,deterministic,deterministic,2025-01-01,67,True,True,0,,,0.7,20.0,optimal,1.7611528000015824,1.761153600000398,0.0,0,0,15664.811973990281,174.34157851920799,15839.15355250949,15178.615734963261,15352.95731348247,175404.30311839315,0.08724079999477347,50.649434280913304,0.0,0.0,0.0,False,False,False
main,deterministic,deterministic,2025-01-01,68,True,True,0,,,0.7,20.0,optimal,1.7611528000015824,1.761153600000398,0.0,0,0,15664.811973990281,174.34157851920799,15839.15355250949,16376.062182730811,16550.403761250018,195412.2743322412,0.0,54.08231999084099,0.0,0.0,0.0,False,False,False
main,deterministic,deterministic,2025-01-01,69,True,True,0,,,0.7,20.0,optimal,1.7611528000015824,1.761153600000398,0.0,0,0,15664.811973990281,174.34157851920799,15839.15355250949,15343.279979086332,15517.62155760554,188544.28296066477,0.0,52.42480887627524,0.0,0.0,0.0,False,False,False
main,deterministic,deterministic,2025-01-01,70,True,True,0,,,0.7,20.0,optimal,1.7611528000015824,1.761153600000398,0.0,0,0,15664.811973990281,174.34157851920799,15839.15355250949,15096.683730641049,15271.025309160257,181097.59706345576,0.013317600095789972,52.714450541402584,0.0,0.0,0.0,False,False,False
main,deterministic,deterministic,2025-01-01,71,True,True,0,,,0.7,20.0,optimal,1.7611528000015824,1.761153600000398,0.0,0,0,15664.811973990281,174.34157851920799,15839.15355250949,15429.116250461417,15603.457828980625,187876.74229368134,0.0,55.41984949857356,0.0,0.0,0.0,False,False,False
main,deterministic,deterministic,2025-01-01,72,True,True,0,,,0.7,20.0,optimal,1.7611528000015824,1.761153600000398,0.0,0,0,15664.811973990281,174.34157851920799,15839.15355250949,15954.680292827426,16129.021871346635,192894.26401590175,0.028692519231899416,56.94744583763584,0.0,0.0,0.0,False,False,False
main,deterministic,deterministic,2025-01-01,73,True,True,0,,,0.7,20.0,optimal,1.7611528000015824,1.761153600000398,0.0,0,0,15664.811973990281,174.34157851920799,15839.15355250949,16645.123226657917,16819.464805177126,206335.99813496592,0.2105934398720954,50.05318681044906,0.0,0.0,0.0,False,False,False
main,deterministic,deterministic,2025-01-01,74,True,True,0,,,0.7,20.0,optimal,1.7611528000015824,1.761153600000398,0.0,0,0,15664.811973990281,174.34157851920799,15839.15355250949,15871.266601679652,16045.60818019886,195128.65631778952,0.0,52.01831320856744,0.0,0.0,0.0,False,False,False
main,deterministic,deterministic,2025-01-01,75,True,True,0,,,0.7,20.0,optimal,1.7611528000015824,1.761153600000398,0.0,0,0,15664.811973990281,174.34157851920799,15839.15355250949,15680.975562009131,15855.31714052834,189727.49791481934,0.0,52.16355049991116,0.0,0.0,0.0,False,False,False
main,deterministic,deterministic,2025-01-01,76,True,True,0,,,0.7,20.0,optimal,1.7611528000015824,1.761153600000398,0.0,0,0,15664.811973990281,174.34157851920799,15839.15355250949,15826.103934889477,16000.445513408686,184523.02028229638,0.0868550898506287,50.749416700273166,0.0,0.0,0.0,False,False,False
main,deterministic,deterministic,2025-01-01,77,True,True,0,,,0.7,20.0,optimal,1.7611528000015824,1.761153600000398,0.0,0,0,15664.811973990281,174.34157851920799,15839.15355250949,15797.134317031681,15971.47589555089,192438.54913257208,0.0,47.56762083711694,0.0,0.0,0.0,False,False,False
main,deterministic,deterministic,2025-01-01,78,True,True,0,,,0.7,20.0,optimal,1.7611528000015824,1.761153600000398,0.0,0,0,15664.811973990281,174.34157851920799,15839.15355250949,15298.796980127387,15473.138558646595,176275.56500893267,0.14086597400641904,49.701134587894146,0.0,0.0,0.0,False,False,False
main,deterministic,deterministic,2025-01-01,79,True,True,0,,,0.7,20.0,optimal,1.7611528000015824,1.761153600000398,0.0,0,0,15664.811973990281,174.34157851920799,15839.15355250949,15145.514804592909,15319.856383112117,176899.46175829746,0.0,47.74586411555715,0.0,0.0,0.0,False,False,False
main,deterministic,deterministic,2025-01-01,80,True,True,0,,,0.7,20.0,optimal,1.7611528000015824,1.761153600000398,0.0,0,0,15664.811973990281,174.34157851920799,15839.15355250949,15643.921292566336,15818.262871085544,189102.96279738127,0.0,48.20163223393593,0.0,0.0,0.0,False,False,False
main,deterministic,deterministic,2025-01-01,81,True,True,0,,,0.7,20.0,optimal,1.7611528000015824,1.761153600000398,0.0,0,0,15664.811973990281,174.34157851920799,15839.15355250949,15653.91585515697,15828.257433676179,189429.6098498064,0.09226827333895016,58.4927517313126,0.0,0.0,0.0,False,False,False
main,deterministic,deterministic,2025-01-01,82,True,True,0,,,0.7,20.0,optimal,1.7611528000015824,1.761153600000398,0.0,0,0,15664.811973990281,174.34157851920799,15839.15355250949,15278.698395105946,15453.039973625155,178474.08971661874,0.039493122847688494,43.34120695495583,0.0,0.0,0.0,False,False,False
main,deterministic,deterministic,2025-01-01,83,True,True,0,,,0.7,20.0,optimal,1.7611528000015824,1.761153600000398,0.0,0,0,15664.811973990281,174.34157851920799,15839.15355250949,16110.648736052948,16284.990314572156,198866.613533489,0.07139835393045463,48.383372929359915,0.0,0.0,0.0,False,False,False
main,deterministic,deterministic,2025-01-01,84,True,True,0,,,0.7,20.0,optimal,1.7611528000015824,1.761153600000398,0.0,0,0,15664.811973990281,174.34157851920799,15839.15355250949,15556.057201190491,15730.3987797097,184557.91283367184,0.0009139893901987939,39.32630930003742,0.0,0.0,0.0,False,False,False
main,deterministic,deterministic,2025-01-01,85,True,True,0,,,0.7,20.0,optimal,1.7611528000015824,1.761153600000398,0.0,0,0,15664.811973990281,174.34157851920799,15839.15355250949,15219.42442923414,15393.766007753347,180682.89691786072,0.0,53.399753332281676,0.0,0.0,0.0,False,False,False
main,deterministic,deterministic,2025-01-01,86,True,True,0,,,0.7,20.0,optimal,1.7611528000015824,1.761153600000398,0.0,0,0,15664.811973990281,174.34157851920799,15839.15355250949,15910.447161214986,16084.788739734195,196218.42679032462,0.13426030128565503,46.3336143096901,0.0,0.0,0.0,False,False,False
main,deterministic,deterministic,2025-01-01,87,True,True,0,,,0.7,20.0,optimal,1.7611528000015824,1.761153600000398,0.0,0,0,15664.811973990281,174.34157851920799,15839.15355250949,14774.649728587601,14948.99130710681,176347.74060426242,0.09752687963832496,49.328193236298596,0.0,0.0,0.0,False,False,False
main,deterministic,deterministic,2025-01-01,88,True,True,0,,,0.7,20.0,optimal,1.7611528000015824,1.761153600000398,0.0,0,0,15664.811973990281,174.34157851920799,15839.15355250949,16004.031815644938,16178.373394164146,203836.14300033817,0.015161439358741813,57.452273087582995,0.0,0.0,0.0,False,False,False
main,deterministic,deterministic,2025-01-01,89,True,True,0,,,0.7,20.0,optimal,1.7611528000015824,1.761153600000398,0.0,0,0,15664.811973990281,174.34157851920799,15839.15355250949,15206.395596204895,15380.737174724103,179418.19825619104,0.08803474414776774,50.76126877541072,0.0,0.0,0.0,False,False,False
main,deterministic,deterministic,2025-01-01,90,True,True,0,,,0.7,20.0,optimal,1.7611528000015824,1.761153600000398,0.0,0,0,15664.811973990281,174.34157851920799,15839.15355250949,15835.504941977097,16009.846520496305,187798.84840793879,0.11547484736024938,52.275624331271615,0.0,0.0,0.0,False,False,False
main,deterministic,deterministic,2025-01-01,91,True,True,0,,,0.7,20.0,optimal,1.7611528000015824,1.761153600000398,0.0,0,0,15664.811973990281,174.34157851920799,15839.15355250949,15943.336153223505,16117.677731742713,182651.32137108673,0.0,48.954919551690644,0.0,0.0,0.0,False,False,False
main,deterministic,deterministic,2025-01-01,92,True,True,0,,,0.7,20.0,optimal,1.7611528000015824,1.761153600000398,0.0,0,0,15664.811973990281,174.34157851920799,15839.15355250949,15810.778190230525,15985.119768749733,196673.66001545815,0.0567700048644009,43.33812533181181,0.0,0.0,0.0,False,False,False
main,deterministic,deterministic,2025-01-01,93,True,True,0,,,0.7,20.0,optimal,1.7611528000015824,1.761153600000398,0.0,0,0,15664.811973990281,174.34157851920799,15839.15355250949,15518.529123471833,15692.870701991042,186502.69873811404,0.0,50.67061271848932,0.0,0.0,0.0,False,False,False
main,deterministic,deterministic,2025-01-01,94,True,True,0,,,0.7,20.0,optimal,1.7611528000015824,1.761153600000398,0.0,0,0,15664.811973990281,174.34157851920799,15839.15355250949,15404.901085648482,15579.24266416769,194037.6428646032,0.015721198544600412,48.25319611908149,0.0,0.0,0.0,False,False,False
main,deterministic,deterministic,2025-01-01,95,True,True,0,,,0.7,20.0,optimal,1.7611528000015824,1.761153600000398,0.0,0,0,15664.811973990281,174.34157851920799,15839.15355250949,15904.059946499956,16078.401525019164,199614.09153701962,0.08866307986274799,53.60400555392812,0.0,0.0,0.0,False,False,False
main,deterministic,deterministic,2025-01-01,96,True,True,0,,,0.7,20.0,optimal,1.7611528000015824,1.761153600000398,0.0,0,0,15664.811973990281,174.34157851920799,15839.15355250949,15834.265179063435,16008.606757582644,196975.6918826602,0.0,48.48096606654822,0.0,0.0,0.0,False,False,False
main,deterministic,deterministic,2025-01-01,97,True,True,0,,,0.7,20.0,optimal,1.7611528000015824,1.761153600000398,0.0,0,0,15664.811973990281,174.34157851920799,15839.15355250949,15923.065826353435,16097.407404872643,197420.14948456056,0.0,50.51688152152985,0.0,0.0,0.0,False,False,False
main,deterministic,deterministic,2025-01-01,98,True,True,0,,,0.7,20.0,optimal,1.7611528000015824,1.761153600000398,0.0,0,0,15664.811973990281,174.34157851920799,15839.15355250949,14915.502781938114,15089.844360457322,168458.81605664955,0.16536525329885596,43.39256683737447,0.0,0.0,0.0,False,False,False
main,deterministic,deterministic,2025-01-01,99,True,True,0,,,0.7,20.0,optimal,1.7611528000015824,1.761153600000398,0.0,0,0,15664.811973990281,174.34157851920799,15839.15355250949,15287.371528662366,15461.713107181575,178764.72424767644,0.09844310592091493,52.43204219043424,0.0,0.0,0.0,False,False,False
main,deterministic,deterministic,2025-04-01,0,True,True,0,,,0.7,20.0,optimal,1.840681300000142,1.8406820999989577,0.0,0,0,15462.571691668632,498.33225108842646,15960.903942757059,15398.715258986267,15897.047510074693,132878.1878672859,0.0,54.426800936889876,0.0,0.0,0.0,False,False,False
main,deterministic,deterministic,2025-04-01,1,True,True,0,,,0.7,20.0,optimal,1.840681300000142,1.8406820999989577,0.0,0,0,15462.571691668632,498.33225108842646,15960.903942757059,15439.199915040856,15937.532166129282,125906.636238058,0.0,60.26216700985543,0.0,0.0,0.0,False,False,False
main,deterministic,deterministic,2025-04-01,2,True,True,0,,,0.7,20.0,optimal,1.840681300000142,1.8406820999989577,0.0,0,0,15462.571691668632,498.33225108842646,15960.903942757059,16429.711113978574,16928.043365067002,146448.45267409994,0.0,48.312171933448916,0.0,0.0,0.0,False,False,False
main,deterministic,deterministic,2025-04-01,3,True,True,0,,,0.7,20.0,optimal,1.840681300000142,1.8406820999989577,0.0,0,0,15462.571691668632,498.33225108842646,15960.903942757059,15959.752564965514,16458.084816053943,138313.65532944535,0.04890914329285789,55.563127831063795,0.0,0.0,0.0,False,False,False
main,deterministic,deterministic,2025-04-01,4,True,True,0,,,0.7,20.0,optimal,1.840681300000142,1.8406820999989577,0.0,0,0,15462.571691668632,498.33225108842646,15960.903942757059,16032.060422786013,16530.39267387444,133737.88014528068,0.0,48.676487329695576,0.0,0.0,0.0,False,False,False
main,deterministic,deterministic,2025-04-01,5,True,True,0,,,0.7,20.0,optimal,1.840681300000142,1.8406820999989577,0.0,0,0,15462.571691668632,498.33225108842646,15960.903942757059,16286.776848696238,16785.109099784666,144768.23204649828,0.023085912878975323,58.49625010366971,0.0,0.0,0.0,False,False,False
main,deterministic,deterministic,2025-04-01,6,True,True,0,,,0.7,20.0,optimal,1.840681300000142,1.8406820999989577,0.0,0,0,15462.571691668632,498.33225108842646,15960.903942757059,15016.64971487729,15514.981965965717,117162.3386517065,0.0,47.078883174116505,0.0,0.0,0.0,False,False,False
main,deterministic,deterministic,2025-04-01,7,True,True,0,,,0.7,20.0,optimal,1.840681300000142,1.8406820999989577,0.0,0,0,15462.571691668632,498.33225108842646,15960.903942757059,15918.161496250326,16416.493747338754,135639.71455378665,0.0,53.228956701065925,0.0,0.0,0.0,False,False,False
main,deterministic,deterministic,2025-04-01,8,True,True,0,,,0.7,20.0,optimal,1.840681300000142,1.8406820999989577,0.0,0,0,15462.571691668632,498.33225108842646,15960.903942757059,16394.973092727396,16893.305343815824,145221.3414111714,0.08206733650937825,55.59099160309547,0.0,0.0,0.0,False,False,False
main,deterministic,deterministic,2025-04-01,9,True,True,0,,,0.7,20.0,optimal,1.840681300000142,1.8406820999989577,0.0,0,0,15462.571691668632,498.33225108842646,15960.903942757059,16557.29556862518,17055.62781971361,149608.66359015598,0.0,61.830497546154966,0.0,0.0,0.0,False,False,False
main,deterministic,deterministic,2025-04-01,10,True,True,0,,,0.7,20.0,optimal,1.840681300000142,1.8406820999989577,0.0,0,0,15462.571691668632,498.33225108842646,15960.903942757059,15264.097616737074,15762.4298678255,127210.46610275283,0.0,48.705482312036075,0.0,0.0,0.0,False,False,False
main,deterministic,deterministic,2025-04-01,11,True,True,0,,,0.7,20.0,optimal,1.840681300000142,1.8406820999989577,0.0,0,0,15462.571691668632,498.33225108842646,15960.903942757059,15993.973739659945,16492.305990748373,149639.45916645328,0.0,46.887379890348484,0.0,0.0,0.0,False,False,False
main,deterministic,deterministic,2025-04-01,12,True,True,0,,,0.7,20.0,optimal,1.840681300000142,1.8406820999989577,0.0,0,0,15462.571691668632,498.33225108842646,15960.903942757059,16437.000724824928,16935.332975913356,147728.36062378422,0.0,101.25049375767715,0.0,0.0,0.8947834827640335,False,False,True
main,deterministic,deterministic,2025-04-01,13,True,True,0,,,0.7,20.0,optimal,1.840681300000142,1.8406820999989577,0.0,0,0,15462.571691668632,498.33225108842646,15960.903942757059,16062.873472682928,16561.205723771356,147839.30104840954,0.022207630917852272,56.28164636110163,0.0,0.0,0.0,False,False,False
main,deterministic,deterministic,2025-04-01,14,True,True,0,,,0.7,20.0,optimal,1.840681300000142,1.8406820999989577,0.0,0,0,15462.571691668632,498.33225108842646,15960.903942757059,16313.976879121365,16812.309130209793,146099.1175776514,0.0,52.74376290296054,0.0,0.0,0.0,False,False,False
main,deterministic,deterministic,2025-04-01,15,True,True,0,,,0.7,20.0,optimal,1.840681300000142,1.8406820999989577,0.0,0,0,15462.571691668632,498.33225108842646,15960.903942757059,15200.930837946453,15699.26308903488,121939.07368452963,0.13332907529502858,50.28681533672353,0.0,0.0,0.0,False,False,False
main,deterministic,deterministic,2025-04-01,16,True,True,0,,,0.7,20.0,optimal,1.840681300000142,1.8406820999989577,0.0,0,0,15462.571691668632,498.33225108842646,15960.903942757059,16012.889264324449,16511.221515412875,138825.50004774475,0.12512042720025762,49.26070315171845,0.0,0.0,0.0,False,False,False
main,deterministic,deterministic,2025-04-01,17,True,True,0,,,0.7,20.0,optimal,1.840681300000142,1.8406820999989577,0.0,0,0,15462.571691668632,498.33225108842646,15960.903942757059,15581.980903872489,16080.313154960915,132478.59116710664,0.0,62.60589412900517,0.0,0.0,0.0,False,False,False
main,deterministic,deterministic,2025-04-01,18,True,True,0,,,0.7,20.0,optimal,1.840681300000142,1.8406820999989577,0.0,0,0,15462.571691668632,498.33225108842646,15960.903942757059,16465.530445577573,16963.862696666,148863.1429557444,0.03779580184855713,55.44073178051297,0.0,0.0,0.0,False,False,False
main,deterministic,deterministic,2025-04-01,19,True,True,0,,,0.7,20.0,optimal,1.840681300000142,1.8406820999989577,0.0,0,0,15462.571691668632,498.33225108842646,15960.903942757059,15069.642022265361,15567.974273353788,125636.8501222016,0.32186975682352187,51.539218851571846,0.0,0.0,0.0,False,False,False
main,deterministic,deterministic,2025-04-01,20,True,True,0,,,0.7,20.0,optimal,1.840681300000142,1.8406820999989577,0.0,0,0,15462.571691668632,498.33225108842646,15960.903942757059,16516.895249470683,17015.22750055911,150520.26635326503,0.0,47.97241081563689,0.0,0.0,0.0,False,False,False
main,deterministic,deterministic,2025-04-01,21,True,True,0,,,0.7,20.0,optimal,1.840681300000142,1.8406820999989577,0.0,0,0,15462.571691668632,498.33225108842646,15960.903942757059,16565.10262042362,17063.434871512047,148739.00498382992,0.16469661193766955,48.53312663653024,0.0,0.0,0.0,False,False,False
main,deterministic,deterministic,2025-04-01,22,True,True,0,,,0.7,20.0,optimal,1.840681300000142,1.8406820999989577,0.0,0,0,15462.571691668632,498.33225108842646,15960.903942757059,14854.914893863453,15353.24714495188,124748.78468818132,0.20378440078506077,53.26438664874793,0.0,0.0,0.0,False,False,False
main,deterministic,deterministic,2025-04-01,23,True,True,0,,,0.7,20.0,optimal,1.840681300000142,1.8406820999989577,0.0,0,0,15462.571691668632,498.33225108842646,15960.903942757059,15225.950870256764,15724.28312134519,125981.56964731042,0.09109264284915874,53.32351518749093,0.0,0.0,0.0,False,False,False
main,deterministic,deterministic,2025-04-01,24,True,True,0,,,0.7,20.0,optimal,1.840681300000142,1.8406820999989577,0.0,0,0,15462.571691668632,498.33225108842646,15960.903942757059,15453.67025790341,15952.002508991836,130196.62359388941,0.0,55.1927897842137,0.0,0.0,0.0,False,False,False
main,deterministic,deterministic,2025-04-01,25,True,True,0,,,0.7,20.0,optimal,1.840681300000142,1.8406820999989577,0.0,0,0,15462.571691668632,498.33225108842646,15960.903942757059,15363.366254392686,15861.698505481112,128217.75200276444,0.0020236052759061707,50.361138486297136,0.0,0.0,0.0,False,False,False
main,deterministic,deterministic,2025-04-01,26,True,True,0,,,0.7,20.0,optimal,1.840681300000142,1.8406820999989577,0.0,0,0,15462.571691668632,498.33225108842646,15960.903942757059,16024.40352566216,16522.735776750586,140560.8217381464,0.0,61.21287752794456,0.0,0.0,0.0,False,False,False
main,deterministic,deterministic,2025-04-01,27,True,True,0,,,0.7,20.0,optimal,1.840681300000142,1.8406820999989577,0.0,0,0,15462.571691668632,498.33225108842646,15960.903942757059,15471.123496454304,15969.45574754273,131629.45371249257,0.0038712140674200812,54.848025944025906,0.0,0.0,0.0,False,False,False
main,deterministic,deterministic,2025-04-01,28,True,True,0,,,0.7,20.0,optimal,1.840681300000142,1.8406820999989577,0.0,0,0,15462.571691668632,498.33225108842646,15960.903942757059,15801.852935811847,16300.185186900273,138538.15169511255,0.04675055307786774,45.87252249314907,0.0,0.0,0.0,False,False,False
main,deterministic,deterministic,2025-04-01,29,True,True,0,,,0.7,20.0,optimal,1.840681300000142,1.8406820999989577,0.0,0,0,15462.571691668632,498.33225108842646,15960.903942757059,16333.930505673015,16832.262756761444,141347.62136234823,0.2570992809180449,40.516429469356176,0.0,0.0,0.0,False,False,False
main,deterministic,deterministic,2025-04-01,30,True,True,0,,,0.7,20.0,optimal,1.840681300000142,1.8406820999989577,0.0,0,0,15462.571691668632,498.33225108842646,15960.903942757059,15799.550424293673,16297.8826753821,135737.84354348655,0.0,47.76227556497173,0.0,0.0,0.0,False,False,False
main,deterministic,deterministic,2025-04-01,31,True,True,0,,,0.7,20.0,optimal,1.840681300000142,1.8406820999989577,0.0,0,0,15462.571691668632,498.33225108842646,15960.903942757059,15936.854487814437,16435.186738902863,134864.8304436795,0.0,50.196143452294606,0.0,0.0,0.0,False,False,False
main,deterministic,deterministic,2025-04-01,32,True,True,0,,,0.7,20.0,optimal,1.840681300000142,1.8406820999989577,0.0,0,0,15462.571691668632,498.33225108842646,15960.903942757059,15712.53546575067,16210.867716839097,137722.0131767689,0.0,51.573065096734425,0.0,0.0,0.0,False,False,False
main,deterministic,deterministic,2025-04-01,33,True,True,0,,,0.7,20.0,optimal,1.840681300000142,1.8406820999989577,0.0,0,0,15462.571691668632,498.33225108842646,15960.903942757059,16747.5029381627,17245.835189251127,153354.7435975518,0.0,64.57219640371578,0.0,0.0,0.0,False,False,False
main,deterministic,deterministic,2025-04-01,34,True,True,0,,,0.7,20.0,optimal,1.840681300000142,1.8406820999989577,0.0,0,0,15462.571691668632,498.33225108842646,15960.903942757059,15823.202407370049,16321.534658458475,133329.9572156183,0.0,57.692798252963534,0.0,0.0,0.0,False,False,False
main,deterministic,deterministic,2025-04-01,35,True,True,0,,,0.7,20.0,optimal,1.840681300000142,1.8406820999989577,0.0,0,0,15462.571691668632,498.33225108842646,15960.903942757059,15484.091716169707,15982.423967258133,129313.99340693427,0.0,59.375048492751425,0.0,0.0,0.0,False,False,False
main,deterministic,deterministic,2025-04-01,36,True,True,0,,,0.7,20.0,optimal,1.840681300000142,1.8406820999989577,0.0,0,0,15462.571691668632,498.33225108842646,15960.903942757059,16289.442543516872,16787.7747946053,142236.11467167333,0.0,60.40080627022454,0.0,0.0,0.0,False,False,False
main,deterministic,deterministic,2025-04-01,37,True,True,0,,,0.7,20.0,optimal,1.840681300000142,1.8406820999989577,0.0,0,0,15462.571691668632,498.33225108842646,15960.903942757059,15576.156736528774,16074.4889876172,137389.20790819428,0.0,45.10964784589723,0.0,0.0,0.0,False,False,False
main,deterministic,deterministic,2025-04-01,38,True,True,0,,,0.7,20.0,optimal,1.840681300000142,1.8406820999989577,0.0,0,0,15462.571691668632,498.33225108842646,15960.903942757059,15088.1409313031,15586.473182391526,126407.9948952388,0.08200128330230483,48.482098225609356,0.0,0.0,0.0,False,False,False
main,deterministic,deterministic,2025-04-01,39,True,True,0,,,0.7,20.0,optimal,1.840681300000142,1.8406820999989577,0.0,0,0,15462.571691668632,498.33225108842646,15960.903942757059,16067.10270107615,16565.434952164578,139609.13957041033,0.013374957467868875,49.06544615143964,0.0,0.0,0.0,False,False,False
main,deterministic,deterministic,2025-04-01,40,True,True,0,,,0.7,20.0,optimal,1.840681300000142,1.8406820999989577,0.0,0,0,15462.571691668632,498.33225108842646,15960.903942757059,15378.825614730973,15877.1578658194,130717.77493824706,0.0,49.24857001588012,0.0,0.0,0.0,False,False,False
main,deterministic,deterministic,2025-04-01,41,True,True,0,,,0.7,20.0,optimal,1.840681300000142,1.8406820999989577,0.0,0,0,15462.571691668632,498.33225108842646,15960.903942757059,16184.759594460296,16683.091845548723,140713.9392603967,1.2010660915900853,42.972552335765286,0.0,0.0,0.0,False,False,False
main,deterministic,deterministic,2025-04-01,42,True,True,0,,,0.7,20.0,optimal,1.840681300000142,1.8406820999989577,0.0,0,0,15462.571691668632,498.33225108842646,15960.903942757059,15838.682048995463,16337.014300083889,141335.82240249804,0.05368028059566732,58.66328017126871,0.0,0.0,0.0,False,False,False
main,deterministic,deterministic,2025-04-01,43,True,True,0,,,0.7,20.0,optimal,1.840681300000142,1.8406820999989577,0.0,0,0,15462.571691668632,498.33225108842646,15960.903942757059,15398.654588885569,15896.986839973995,123627.0645866063,0.0,54.34154057721415,0.0,0.0,0.0,False,False,False
main,deterministic,deterministic,2025-04-01,44,True,True,0,,,0.7,20.0,optimal,1.840681300000142,1.8406820999989577,0.0,0,0,15462.571691668632,498.33225108842646,15960.903942757059,16351.197437939894,16849.52968902832,148701.68138642184,0.0,53.89499603458214,0.0,0.0,0.0,False,False,False
main,deterministic,deterministic,2025-04-01,45,True,True,0,,,0.7,20.0,optimal,1.840681300000142,1.8406820999989577,0.0,0,0,15462.571691668632,498.33225108842646,15960.903942757059,15884.775296041324,16383.10754712975,140541.39679352712,0.0,56.354326574929935,0.0,0.0,0.0,False,False,False
main,deterministic,deterministic,2025-04-01,46,True,True,0,,,0.7,20.0,optimal,1.840681300000142,1.8406820999989577,0.0,0,0,15462.571691668632,498.33225108842646,15960.903942757059,16191.694854632346,16690.027105720772,141748.94078009526,0.0,54.72793164901836,0.0,0.0,0.0,False,False,False
main,deterministic,deterministic,2025-04-01,47,True,True,0,,,0.7,20.0,optimal,1.840681300000142,1.8406820999989577,0.0,0,0,15462.571691668632,498.33225108842646,15960.903942757059,15979.947221175644,16478.279472264072,144275.44353045223,0.2775492969271737,55.36151645504263,0.0,0.0,0.0,False,False,False
main,deterministic,deterministic,2025-04-01,48,True,True,0,,,0.7,20.0,optimal,1.840681300000142,1.8406820999989577,0.0,0,0,15462.571691668632,498.33225108842646,15960.903942757059,15444.223473854352,15942.555724942778,131555.21342686715,0.0,52.8849609545803,0.0,0.0,0.0,False,False,False
main,deterministic,deterministic,2025-04-01,49,True,True,0,,,0.7,20.0,optimal,1.840681300000142,1.8406820999989577,0.0,0,0,15462.571691668632,498.33225108842646,15960.903942757059,16241.343725637747,16739.675976726176,146466.09968671104,0.18797411730734748,58.00972925089587,0.0,0.0,0.0,False,False,False
main,deterministic,deterministic,2025-04-01,50,True,True,0,,,0.7,20.0,optimal,1.840681300000142,1.8406820999989577,0.0,0,0,15462.571691668632,498.33225108842646,15960.903942757059,15460.236107238678,15958.568358327104,134624.0207426487,0.0,53.4176431053595,0.0,0.0,0.0,False,False,False
main,deterministic,deterministic,2025-04-01,51,True,True,0,,,0.7,20.0,optimal,1.840681300000142,1.8406820999989577,0.0,0,0,15462.571691668632,498.33225108842646,15960.903942757059,15845.150778143872,16343.483029232299,133566.95901366824,0.09649209614895854,53.53195937121558,0.0,0.0,0.0,False,False,False
main,deterministic,deterministic,2025-04-01,52,True,True,0,,,0.7,20.0,optimal,1.840681300000142,1.8406820999989577,0.0,0,0,15462.571691668632,498.33225108842646,15960.903942757059,15925.229638945266,16423.561890033692,142163.54758956988,0.012512615884480521,56.44942789740271,0.0,0.0,0.0,False,False,False
main,deterministic,deterministic,2025-04-01,53,True,True,0,,,0.7,20.0,optimal,1.840681300000142,1.8406820999989577,0.0,0,0,15462.571691668632,498.33225108842646,15960.903942757059,15154.511833635544,15652.84408472397,120874.25991133363,0.0,48.40033662453403,0.0,0.0,0.0,False,False,False
main,deterministic,deterministic,2025-04-01,54,True,True,0,,,0.7,20.0,optimal,1.840681300000142,1.8406820999989577,0.0,0,0,15462.571691668632,498.33225108842646,15960.903942757059,14505.085448677613,15003.41769976604,113113.46840685466,0.0,49.789874164068756,0.0,0.0,0.0,False,False,False
main,deterministic,deterministic,2025-04-01,55,True,True,0,,,0.7,20.0,optimal,1.840681300000142,1.8406820999989577,0.0,0,0,15462.571691668632,498.33225108842646,15960.903942757059,15830.34400315195,16328.676254240376,142125.29492227503,0.0,56.12771371482697,0.0,0.0,0.0,False,False,False
main,deterministic,deterministic,2025-04-01,56,True,True,0,,,0.7,20.0,optimal,1.840681300000142,1.8406820999989577,0.0,0,0,15462.571691668632,498.33225108842646,15960.903942757059,15354.417973232703,15852.75022432113,127791.84076020993,0.07742826420913684,44.380663566227696,0.0,0.0,0.0,False,False,False
main,deterministic,deterministic,2025-04-01,57,True,True,0,,,0.7,20.0,optimal,1.840681300000142,1.8406820999989577,0.0,0,0,15462.571691668632,498.33225108842646,15960.903942757059,15285.537750653893,15783.87000174232,128557.94031131692,0.09831263077834174,53.66002475439224,0.0,0.0,0.0,False,False,False
main,deterministic,deterministic,2025-04-01,58,True,True,0,,,0.7,20.0,optimal,1.840681300000142,1.8406820999989577,0.0,0,0,15462.571691668632,498.33225108842646,15960.903942757059,16258.818706919088,16757.150958007514,137968.03062348123,0.565568571150244,59.722402861293425,0.0,0.0,0.0,False,False,False
main,deterministic,deterministic,2025-04-01,59,True,True,0,,,0.7,20.0,optimal,1.840681300000142,1.8406820999989577,0.0,0,0,15462.571691668632,498.33225108842646,15960.903942757059,15592.168589786876,16090.500840875302,134894.68656826596,0.0,54.04080824797695,0.0,0.0,0.0,False,False,False
main,deterministic,deterministic,2025-04-01,60,True,True,0,,,0.7,20.0,optimal,1.840681300000142,1.8406820999989577,0.0,0,0,15462.571691668632,498.33225108842646,15960.903942757059,15570.831652780009,16069.163903868435,131627.02584005028,0.12135638551068934,53.05858390861417,0.0,0.0,0.0,False,False,False
main,deterministic,deterministic,2025-04-01,61,True,True,0,,,0.7,20.0,optimal,1.840681300000142,1.8406820999989577,0.0,0,0,15462.571691668632,498.33225108842646,15960.903942757059,15546.88008094175,16045.212332030176,130339.52095996766,0.2691847579270312,45.899903353764,0.0,0.0,0.0,False,False,False
main,deterministic,deterministic,2025-04-01,62,True,True,0,,,0.7,20.0,optimal,1.840681300000142,1.8406820999989577,0.0,0,0,15462.571691668632,498.33225108842646,15960.903942757059,15309.453779733392,15807.786030821819,129491.35625998158,0.09865442580892325,58.02585495092814,0.0,0.0,0.0,False,False,False
main,deterministic,deterministic,2025-04-01,63,True,True,0,,,0.7,20.0,optimal,1.840681300000142,1.8406820999989577,0.0,0,0,15462.571691668632,498.33225108842646,15960.903942757059,16047.751589908254,16546.083840996682,139407.01257800404,0.0,62.58568537731823,0.0,0.0,0.0,False,False,False
main,deterministic,deterministic,2025-04-01,64,True,True,0,,,0.7,20.0,optimal,1.840681300000142,1.8406820999989577,0.0,0,0,15462.571691668632,498.33225108842646,15960.903942757059,15710.893296975708,16209.225548064134,140275.93523207898,0.0,46.34430375754373,0.0,0.0,0.0,False,False,False
main,deterministic,deterministic,2025-04-01,65,True,True,0,,,0.7,20.0,optimal,1.840681300000142,1.8406820999989577,0.0,0,0,15462.571691668632,498.33225108842646,15960.903942757059,15929.532829290727,16427.865080379153,138387.8082479821,0.0,58.78592755103744,0.0,0.0,0.0,False,False,False
main,deterministic,deterministic,2025-04-01,66,True,True,0,,,0.7,20.0,optimal,1.840681300000142,1.8406820999989577,0.0,0,0,15462.571691668632,498.33225108842646,15960.903942757059,15789.888977435094,16288.22122852352,132993.36023181453,0.0,60.32094804862489,0.0,0.0,0.0,False,False,False
main,deterministic,deterministic,2025-04-01,67,True,True,0,,,0.7,20.0,optimal,1.840681300000142,1.8406820999989577,0.0,0,0,15462.571691668632,498.33225108842646,15960.903942757059,15044.29391165971,15542.626162748136,125005.20492667952,0.0,53.49378038817699,0.0,0.0,0.0,False,False,False
main,deterministic,deterministic,2025-04-01,68,True,True,0,,,0.7,20.0,optimal,1.840681300000142,1.8406820999989577,0.0,0,0,15462.571691668632,498.33225108842646,15960.903942757059,15922.053414910813,16420.38566599924,141680.76896765054,0.018408617193223842,56.22352818319745,0.0,0.0,0.0,False,False,False
main,deterministic,deterministic,2025-04-01,69,True,True,0,,,0.7,20.0,optimal,1.840681300000142,1.8406820999989577,0.0,0,0,15462.571691668632,498.33225108842646,15960.903942757059,15538.799630302601,16037.131881391027,133314.5794583549,0.03997782352170076,55.7347467980488,0.0,0.0,0.0,False,False,False
main,deterministic,deterministic,2025-04-01,70,True,True,0,,,0.7,20.0,optimal,1.840681300000142,1.8406820999989577,0.0,0,0,15462.571691668632,498.33225108842646,15960.903942757059,15177.074505817085,15675.406756905511,128562.93778437989,0.0,59.245976533351566,0.0,0.0,0.0,False,False,False
main,deterministic,deterministic,2025-04-01,71,True,True,0,,,0.7,20.0,optimal,1.840681300000142,1.8406820999989577,0.0,0,0,15462.571691668632,498.33225108842646,15960.903942757059,15726.187170079938,16224.519421168365,134259.90291033432,0.0,62.75976565880921,0.0,0.0,0.0,False,False,False
main,deterministic,deterministic,2025-04-01,72,True,True,0,,,0.7,20.0,optimal,1.840681300000142,1.8406820999989577,0.0,0,0,15462.571691668632,498.33225108842646,15960.903942757059,15756.602018729567,16254.934269817993,139257.248405705,0.0,57.82583237441267,0.0,0.0,0.0,False,False,False
main,deterministic,deterministic,2025-04-01,73,True,True,0,,,0.7,20.0,optimal,1.840681300000142,1.8406820999989577,0.0,0,0,15462.571691668632,498.33225108842646,15960.903942757059,16462.14943046317,16960.4816815516,148747.09795721027,0.0,55.12563863812306,0.0,0.0,0.0,False,False,False
main,deterministic,deterministic,2025-04-01,74,True,True,0,,,0.7,20.0,optimal,1.840681300000142,1.8406820999989577,0.0,0,0,15462.571691668632,498.33225108842646,15960.903942757059,15879.240636350214,16377.57288743864,141791.572417034,0.0,56.86270723162727,0.0,0.0,0.0,False,False,False
main,deterministic,deterministic,2025-04-01,75,True,True,0,,,0.7,20.0,optimal,1.840681300000142,1.8406820999989577,0.0,0,0,15462.571691668632,498.33225108842646,15960.903942757059,15665.472011039943,16163.80426212837,135667.8567118252,0.0,51.52043824636387,0.0,0.0,0.0,False,False,False
main,deterministic,deterministic,2025-04-01,76,True,True,0,,,0.7,20.0,optimal,1.840681300000142,1.8406820999989577,0.0,0,0,15462.571691668632,498.33225108842646,15960.903942757059,15620.730325913442,16119.062577001869,131726.23719298645,0.04035882285999448,54.15622653367208,0.0,0.0,0.0,False,False,False
main,deterministic,deterministic,2025-04-01,77,True,True,0,,,0.7,20.0,optimal,1.840681300000142,1.8406820999989577,0.0,0,0,15462.571691668632,498.33225108842646,15960.903942757059,15753.956031770993,16252.28828285942,138530.78966756663,0.0,46.92502515813475,0.0,0.0,0.0,False,False,False
main,deterministic,deterministic,2025-04-01,78,True,True,0,,,0.7,20.0,optimal,1.840681300000142,1.8406820999989577,0.0,0,0,15462.571691668632,498.33225108842646,15960.903942757059,14886.008103464575,15384.340354553002,122940.01032182823,0.28236141647267526,52.29329097717407,0.0,0.0,0.0,False,False,False
main,deterministic,deterministic,2025-04-01,79,True,True,0,,,0.7,20.0,optimal,1.840681300000142,1.8406820999989577,0.0,0,0,15462.571691668632,498.33225108842646,15960.903942757059,15195.04410470885,15693.376355797276,125628.1205537241,0.0,51.15640306704481,0.0,0.0,0.0,False,False,False
main,deterministic,deterministic,2025-04-01,80,True,True,0,,,0.7,20.0,optimal,1.840681300000142,1.8406820999989577,0.0,0,0,15462.571691668632,498.33225108842646,15960.903942757059,15529.455397629217,16027.787648717644,136301.57341117578,0.0,50.11636576451056,0.0,0.0,0.0,False,False,False
main,deterministic,deterministic,2025-04-01,81,True,True,0,,,0.7,20.0,optimal,1.840681300000142,1.8406820999989577,0.0,0,0,15462.571691668632,498.33225108842646,15960.903942757059,15747.621599357928,16245.953850446354,136542.46060427686,0.0,59.40580775505314,0.0,0.0,0.0,False,False,False
main,deterministic,deterministic,2025-04-01,82,True,True,0,,,0.7,20.0,optimal,1.840681300000142,1.8406820999989577,0.0,0,0,15462.571691668632,498.33225108842646,15960.903942757059,15107.805354331485,15606.137605419912,126049.63803737164,0.0,45.37303718828304,0.0,0.0,0.0,False,False,False
main,deterministic,deterministic,2025-04-01,83,True,True,0,,,0.7,20.0,optimal,1.840681300000142,1.8406820999989577,0.0,0,0,15462.571691668632,498.33225108842646,15960.903942757059,16244.420634812284,16742.75288590071,144948.29321349066,1.9768300754396706,52.38822184953192,0.0,0.0,0.0,False,False,False
main,deterministic,deterministic,2025-04-01,84,True,True,0,,,0.7,20.0,optimal,1.840681300000142,1.8406820999989577,0.0,0,0,15462.571691668632,498.33225108842646,15960.903942757059,15759.913040556157,16258.245291644584,130969.41677190553,0.079879916143615,45.5380565394903,0.0,0.0,0.0,False,False,False
main,deterministic,deterministic,2025-04-01,85,True,True,0,,,0.7,20.0,optimal,1.840681300000142,1.8406820999989577,0.0,0,0,15462.571691668632,498.33225108842646,15960.903942757059,15206.230597210388,15704.562848298814,128226.55219557937,0.0,61.03458478588906,0.0,0.0,0.0,False,False,False
main,deterministic,deterministic,2025-04-01,86,True,True,0,,,0.7,20.0,optimal,1.840681300000142,1.8406820999989577,0.0,0,0,15462.571691668632,498.33225108842646,15960.903942757059,15788.794605122132,16287.126856210558,141654.03690479524,0.09556359168772088,45.45708797488066,0.0,0.0,0.0,False,False,False
main,deterministic,deterministic,2025-04-01,87,True,True,0,,,0.7,20.0,optimal,1.840681300000142,1.8406820999989577,0.0,0,0,15462.571691668632,498.33225108842646,15960.903942757059,15042.308138707425,15540.640389795852,124603.10293911495,0.15034594478861352,49.45342090259835,0.0,0.0,0.0,False,False,False
main,deterministic,deterministic,2025-04-01,88,True,True,0,,,0.7,20.0,optimal,1.840681300000142,1.8406820999989577,0.0,0,0,15462.571691668632,498.33225108842646,15960.903942757059,16178.87198721333,16677.204238301758,146796.21626755584,0.0,58.98901623062448,0.0,0.0,0.0,False,False,False
main,deterministic,deterministic,2025-04-01,89,True,True,0,,,0.7,20.0,optimal,1.840681300000142,1.8406820999989577,0.0,0,0,15462.571691668632,498.33225108842646,15960.903942757059,15220.868164040547,15719.200415128973,127487.39145947318,0.0,50.226048228032866,0.0,0.0,0.0,False,False,False
main,deterministic,deterministic,2025-04-01,90,True,True,0,,,0.7,20.0,optimal,1.840681300000142,1.8406820999989577,0.0,0,0,15462.571691668632,498.33225108842646,15960.903942757059,15244.194505741913,15742.526756830339,133288.06355672772,0.00382467597794256,58.33163806132821,0.0,0.0,0.0,False,False,False
main,deterministic,deterministic,2025-04-01,91,True,True,0,,,0.7,20.0,optimal,1.840681300000142,1.8406820999989577,0.0,0,0,15462.571691668632,498.33225108842646,15960.903942757059,15596.650826479756,16094.983077568182,131222.704173402,0.0,54.71929340043132,0.0,0.0,0.0,False,False,False
main,deterministic,deterministic,2025-04-01,92,True,True,0,,,0.7,20.0,optimal,1.840681300000142,1.8406820999989577,0.0,0,0,15462.571691668632,498.33225108842646,15960.903942757059,15692.46376261551,16190.796013703937,142250.89604584224,0.03405903688725037,45.50185720542533,0.0,0.0,0.0,False,False,False
main,deterministic,deterministic,2025-04-01,93,True,True,0,,,0.7,20.0,optimal,1.840681300000142,1.8406820999989577,0.0,0,0,15462.571691668632,498.33225108842646,15960.903942757059,15631.358290671762,16129.690541760188,133912.18505447597,0.0,54.807538577550815,0.0,0.0,0.0,False,False,False
main,deterministic,deterministic,2025-04-01,94,True,True,0,,,0.7,20.0,optimal,1.840681300000142,1.8406820999989577,0.0,0,0,15462.571691668632,498.33225108842646,15960.903942757059,15626.975044166033,16125.307295254459,140625.2918984631,0.0,49.86142138447488,0.0,0.0,0.0,False,False,False
main,deterministic,deterministic,2025-04-01,95,True,True,0,,,0.7,20.0,optimal,1.840681300000142,1.8406820999989577,0.0,0,0,15462.571691668632,498.33225108842646,15960.903942757059,16214.504466598277,16712.836717686703,145319.8803098789,0.027786600867894473,55.573689072876114,0.0,0.0,0.0,False,False,False
main,deterministic,deterministic,2025-04-01,96,True,True,0,,,0.7,20.0,optimal,1.840681300000142,1.8406820999989577,0.0,0,0,15462.571691668632,498.33225108842646,15960.903942757059,16084.751794904998,16583.084045993426,141879.57834798825,0.0,50.843383495493484,0.0,0.0,0.0,False,False,False
main,deterministic,deterministic,2025-04-01,97,True,True,0,,,0.7,20.0,optimal,1.840681300000142,1.8406820999989577,0.0,0,0,15462.571691668632,498.33225108842646,15960.903942757059,15994.840595555726,16493.172846644153,143412.6893285436,0.3904608417419786,55.05585273771485,0.0,0.0,0.0,False,False,False
main,deterministic,deterministic,2025-04-01,98,True,True,0,,,0.7,20.0,optimal,1.840681300000142,1.8406820999989577,0.0,0,0,15462.571691668632,498.33225108842646,15960.903942757059,14847.717219638109,15346.049470726535,118907.8487510193,0.1292854118829888,44.85272358889446,0.0,0.0,0.0,False,False,False
main,deterministic,deterministic,2025-04-01,99,True,True,0,,,0.7,20.0,optimal,1.840681300000142,1.8406820999989577,0.0,0,0,15462.571691668632,498.33225108842646,15960.903942757059,15258.620637192082,15756.952888280508,127847.07703565451,0.0,57.277023905700744,0.0,0.0,0.0,False,False,False
main,deterministic,deterministic,2025-07-01,0,True,True,0,,,0.7,20.0,optimal,1.8157068000000436,1.8157075000017358,0.0,0,0,15865.460962360758,295.2709491819242,16160.731911542682,15548.16324706734,15843.434196249264,166670.20054746215,0.002480327680409844,57.822221875042295,0.0,0.0,0.0,False,False,False
main,deterministic,deterministic,2025-07-01,1,True,True,0,,,0.7,20.0,optimal,1.8157068000000436,1.8157075000017358,0.0,0,0,15865.460962360758,295.2709491819242,16160.731911542682,15829.847146933207,16125.118096115131,158927.86637147976,0.13499206935613445,67.733615922531,0.0,0.0,0.0,False,False,False
main,deterministic,deterministic,2025-07-01,2,True,True,0,,,0.7,20.0,optimal,1.8157068000000436,1.8157075000017358,0.0,0,0,15865.460962360758,295.2709491819242,16160.731911542682,16903.668963629018,17198.939912810943,181761.83185870777,0.2823905824893911,50.68090769756937,0.0,0.0,0.0,False,False,False
main,deterministic,deterministic,2025-07-01,3,True,True,0,,,0.7,20.0,optimal,1.8157068000000436,1.8157075000017358,0.0,0,0,15865.460962360758,295.2709491819242,16160.731911542682,16256.389207699716,16551.66015688164,171698.9247556389,0.15062424566274668,58.62545069573545,0.0,0.0,0.0,False,False,False
main,deterministic,deterministic,2025-07-01,4,True,True,0,,,0.7,20.0,optimal,1.8157068000000436,1.8157075000017358,0.0,0,0,15865.460962360758,295.2709491819242,16160.731911542682,16108.0243948795,16403.295344061426,168143.7761922742,0.03653241597031298,53.180378152121676,0.0,0.0,0.0,False,False,False
main,deterministic,deterministic,2025-07-01,5,True,True,0,,,0.7,20.0,optimal,1.8157068000000436,1.8157075000017358,0.0,0,0,15865.460962360758,295.2709491819242,16160.731911542682,16739.102577651654,17034.37352683358,179864.72076277374,0.18330336760810428,57.77308518209112,0.0,0.0,0.0,False,False,False
main,deterministic,deterministic,2025-07-01,6,True,True,0,,,0.7,20.0,optimal,1.8157068000000436,1.8157075000017358,0.0,0,0,15865.460962360758,295.2709491819242,16160.731911542682,15222.342041792439,15517.612990974363,148892.95335947804,0.02437091218334808,52.37230521038552,0.0,0.0,0.0,False,False,False
main,deterministic,deterministic,2025-07-01,7,True,True,0,,,0.7,20.0,optimal,1.8157068000000436,1.8157075000017358,0.0,0,0,15865.460962360758,295.2709491819242,16160.731911542682,16366.291154046685,16661.56210322861,169676.65435913918,0.49309262011930444,53.91349503570059,0.0,0.0,0.0,False,False,False
main,deterministic,deterministic,2025-07-01,8,True,True,0,,,0.7,20.0,optimal,1.8157068000000436,1.8157075000017358,0.0,0,0,15865.460962360758,295.2709491819242,16160.731911542682,16365.790023634989,16661.060972816915,179283.11889212424,0.5297400368361525,57.04761959470577,0.0,0.0347255425702333,0.0,False,True,False
main,deterministic,deterministic,2025-07-01,9,True,True,0,,,0.7,20.0,optimal,1.8157068000000436,1.8157075000017358,0.0,0,0,15865.460962360758,295.2709491819242,16160.731911542682,17179.050985026806,17474.321934208732,184353.988778096,0.43685191295429016,66.57743538856266,0.0,0.0,0.0,False,False,False
main,deterministic,deterministic,2025-07-01,10,True,True,0,,,0.7,20.0,optimal,1.8157068000000436,1.8157075000017358,0.0,0,0,15865.460962360758,295.2709491819242,16160.731911542682,15801.374357129116,16096.64530631104,160596.81289712247,0.03402834160400542,59.23570827328023,0.0,0.0,0.0,False,False,False
main,deterministic,deterministic,2025-07-01,11,True,True,0,,,0.7,20.0,optimal,1.8157068000000436,1.8157075000017358,0.0,0,0,15865.460962360758,295.2709491819242,16160.731911542682,16527.463592125376,16822.7345413073,183521.8611559042,0.040162193183385375,54.406443791985254,0.0,0.0,0.0,False,False,False
main,deterministic,deterministic,2025-07-01,12,True,True,0,,,0.7,20.0,optimal,1.8157068000000436,1.8157075000017358,0.0,0,0,15865.460962360758,295.2709491819242,16160.731911542682,16955.953827395333,17251.22477657726,181198.6222497492,0.31122439343589187,53.00100211873574,0.0,0.0,0.0,False,False,False
main,deterministic,deterministic,2025-07-01,13,True,True,0,,,0.7,20.0,optimal,1.8157068000000436,1.8157075000017358,0.0,0,0,15865.460962360758,295.2709491819242,16160.731911542682,16437.420597892695,16732.69154707462,181957.8915722423,0.670614803764483,59.33076436302793,0.0,0.0,0.0,False,False,False
main,deterministic,deterministic,2025-07-01,14,True,True,0,,,0.7,20.0,optimal,1.8157068000000436,1.8157075000017358,0.0,0,0,15865.460962360758,295.2709491819242,16160.731911542682,16803.826928159684,17099.09787734161,180602.2154747448,0.4319665752894508,58.87387485561581,0.0,0.0,0.0,False,False,False
main,deterministic,deterministic,2025-07-01,15,True,True,0,,,0.7,20.0,optimal,1.8157068000000436,1.8157075000017358,0.0,0,0,15865.460962360758,295.2709491819242,16160.731911542682,15605.400649842719,15900.671599024643,153557.13903158254,0.021904645502016123,53.58087680297768,0.0,0.0,0.0,False,False,False
main,deterministic,deterministic,2025-07-01,16,True,True,0,,,0.7,20.0,optimal,1.8157068000000436,1.8157075000017358,0.0,0,0,15865.460962360758,295.2709491819242,16160.731911542682,16274.340745078583,16569.611694260508,171095.83089523323,0.18473189347637636,57.74331436584726,0.0,0.0,0.0,False,False,False
main,deterministic,deterministic,2025-07-01,17,True,True,0,,,0.7,20.0,optimal,1.8157068000000436,1.8157075000017358,0.0,0,0,15865.460962360758,295.2709491819242,16160.731911542682,16318.624402755053,16613.89535193698,166644.9178406507,0.21170770472207856,66.14450395995031,0.0,0.0,0.0,False,False,False
main,deterministic,deterministic,2025-07-01,18,True,True,0,,,0.7,20.0,optimal,1.8157068000000436,1.8157075000017358,0.0,0,0,15865.460962360758,295.2709491819242,16160.731911542682,17000.022808292495,17295.29375747442,182324.7649022508,0.881818152301058,61.54344459663527,0.0,0.0,0.0,False,False,False
main,deterministic,deterministic,2025-07-01,19,True,True,0,,,0.7,20.0,optimal,1.8157068000000436,1.8157075000017358,0.0,0,0,15865.460962360758,295.2709491819242,16160.731911542682,15464.032684088705,15759.303633270629,157705.85367012036,0.2642687640972876,57.92956520602566,0.0,0.0,0.0,False,False,False
main,deterministic,deterministic,2025-07-01,20,True,True,0,,,0.7,20.0,optimal,1.8157068000000436,1.8157075000017358,0.0,0,0,15865.460962360758,295.2709491819242,16160.731911542682,16753.111404921267,17048.382354103192,184483.3029587924,0.25697825605526076,56.670357833328225,0.0,0.0,0.0,False,False,False
main,deterministic,deterministic,2025-07-01,21,True,True,0,,,0.7,20.0,optimal,1.8157068000000436,1.8157075000017358,0.0,0,0,15865.460962360758,295.2709491819242,16160.731911542682,16838.45578333957,17133.726732521496,183328.0180617945,0.0,52.08565818230986,0.0,0.0,0.0,False,False,False
main,deterministic,deterministic,2025-07-01,22,True,True,0,,,0.7,20.0,optimal,1.8157068000000436,1.8157075000017358,0.0,0,0,15865.460962360758,295.2709491819242,16160.731911542682,15351.672778557864,15646.943727739788,157153.5994798762,1.0295461890345197,54.69669519473686,0.0,0.0,0.0,False,False,False
main,deterministic,deterministic,2025-07-01,23,True,True,0,,,0.7,20.0,optimal,1.8157068000000436,1.8157075000017358,0.0,0,0,15865.460962360758,295.2709491819242,16160.731911542682,15610.013105179987,15905.284054361911,159460.10633015458,1.2102337724706214,61.24727262439201,0.0,0.0,0.0,False,False,False
main,deterministic,deterministic,2025-07-01,24,True,True,0,,,0.7,20.0,optimal,1.8157068000000436,1.8157075000017358,0.0,0,0,15865.460962360758,295.2709491819242,16160.731911542682,15899.656172480945,16194.92712166287,162273.8664136694,0.8529029623727893,63.71872222069364,0.0,0.0,0.0,False,False,False
main,deterministic,deterministic,2025-07-01,25,True,True,0,,,0.7,20.0,optimal,1.8157068000000436,1.8157075000017358,0.0,0,0,15865.460962360758,295.2709491819242,16160.731911542682,15908.757998292313,16204.028947474237,161255.06550130164,0.14163701878390425,51.37162831104515,0.0,0.0,0.0,False,False,False
main,deterministic,deterministic,2025-07-01,26,True,True,0,,,0.7,20.0,optimal,1.8157068000000436,1.8157075000017358,0.0,0,0,15865.460962360758,295.2709491819242,16160.731911542682,16407.793090296935,16703.06403947886,175461.7500741279,0.097892423989211,64.81495289770243,0.0,0.0,0.0,False,False,False
main,deterministic,deterministic,2025-07-01,27,True,True,0,,,0.7,20.0,optimal,1.8157068000000436,1.8157075000017358,0.0,0,0,15865.460962360758,295.2709491819242,16160.731911542682,15928.192166899793,16223.463116081717,165503.94312851285,0.05372670543259678,60.96012712465353,0.0,0.0,0.0,False,False,False
main,deterministic,deterministic,2025-07-01,28,True,True,0,,,0.7,20.0,optimal,1.8157068000000436,1.8157075000017358,0.0,0,0,15865.460962360758,295.2709491819242,16160.731911542682,15996.304219452048,16291.575168633972,171900.9829823647,0.1361878763616816,47.764054789226826,0.0,0.0,0.0,False,False,False
main,deterministic,deterministic,2025-07-01,29,True,True,0,,,0.7,20.0,optimal,1.8157068000000436,1.8157075000017358,0.0,0,0,15865.460962360758,295.2709491819242,16160.731911542682,16354.073394149358,16649.344343331282,175980.41366259972,0.9601832223420453,46.95958071248317,0.0,0.0,0.0,False,False,False
main,deterministic,deterministic,2025-07-01,30,True,True,0,,,0.7,20.0,optimal,1.8157068000000436,1.8157075000017358,0.0,0,0,15865.460962360758,295.2709491819242,16160.731911542682,16026.002267267357,16321.27321644928,170092.544947048,0.3567846144180299,50.6081403013415,0.0,0.20469943989974726,0.0,False,True,False
main,deterministic,deterministic,2025-07-01,31,True,True,0,,,0.7,20.0,optimal,1.8157068000000436,1.8157075000017358,0.0,0,0,15865.460962360758,295.2709491819242,16160.731911542682,16144.072121052035,16439.34307023396,169356.84339111496,0.018473062372621224,56.7052714142502,0.0,0.0,0.0,False,False,False
main,deterministic,deterministic,2025-07-01,32,True,True,0,,,0.7,20.0,optimal,1.8157068000000436,1.8157075000017358,0.0,0,0,15865.460962360758,295.2709491819242,16160.731911542682,16141.949489285684,16437.220438467608,171621.32850413228,0.5379636936074588,65.78440728728793,0.0,0.0,0.0,False,False,False
main,deterministic,deterministic,2025-07-01,33,True,True,0,,,0.7,20.0,optimal,1.8157068000000436,1.8157075000017358,0.0,0,0,15865.460962360758,295.2709491819242,16160.731911542682,17266.459756461336,17561.730705643262,188263.02884739233,0.7164560976845918,69.19522948229915,0.0,0.0,0.0,False,False,False
main,deterministic,deterministic,2025-07-01,34,True,True,0,,,0.7,20.0,optimal,1.8157068000000436,1.8157075000017358,0.0,0,0,15865.460962360758,295.2709491819242,16160.731911542682,16337.263192201179,16632.534141383105,167245.9286344195,0.9318930615666988,63.1941364564986,0.0,0.0364109592370796,0.0,False,True,False
main,deterministic,deterministic,2025-07-01,35,True,True,0,,,0.7,20.0,optimal,1.8157068000000436,1.8157075000017358,0.0,0,0,15865.460962360758,295.2709491819242,16160.731911542682,15827.78386660584,16123.054815787764,160737.14477486728,0.36122702191433675,63.28916205267683,0.0,0.0,0.0,False,False,False
main,deterministic,deterministic,2025-07-01,36,True,True,0,,,0.7,20.0,optimal,1.8157068000000436,1.8157075000017358,0.0,0,0,15865.460962360758,295.2709491819242,16160.731911542682,16397.011609629626,16692.282558811552,176875.84315335637,0.15874693968418063,67.67883615355473,0.0,0.0,0.0,False,False,False
main,deterministic,deterministic,2025-07-01,37,True,True,0,,,0.7,20.0,optimal,1.8157068000000436,1.8157075000017358,0.0,0,0,15865.460962360758,295.2709491819242,16160.731911542682,15739.549859398752,16034.820808580676,169834.63576746776,0.0,48.090339363868395,0.0,0.0,0.0,False,False,False
main,deterministic,deterministic,2025-07-01,38,True,True,0,,,0.7,20.0,optimal,1.8157068000000436,1.8157075000017358,0.0,0,0,15865.460962360758,295.2709491819242,16160.731911542682,15294.82265029584,15590.093599477765,159215.3219695737,0.12231860109118808,52.183789905501335,0.0,0.0,0.0,False,False,False
main,deterministic,deterministic,2025-07-01,39,True,True,0,,,0.7,20.0,optimal,1.8157068000000436,1.8157075000017358,0.0,0,0,15865.460962360758,295.2709491819242,16160.731911542682,16636.369401416065,16931.64035059799,173387.69503571838,0.5939044188623648,48.43786627094839,0.0,0.0,0.0,False,False,False
main,deterministic,deterministic,2025-07-01,40,True,True,0,,,0.7,20.0,optimal,1.8157068000000436,1.8157075000017358,0.0,0,0,15865.460962360758,295.2709491819242,16160.731911542682,15798.802169753975,16094.0731189359,163101.57451045234,1.0135103604442144,53.48874803837664,0.0,0.0,0.0,False,False,False
main,deterministic,deterministic,2025-07-01,41,True,True,0,,,0.7,20.0,optimal,1.8157068000000436,1.8157075000017358,0.0,0,0,15865.460962360758,295.2709491819242,16160.731911542682,16314.940923106842,16610.211872288768,174080.30241527324,0.19100756115878226,39.44952581593296,0.0,0.0,0.0,False,False,False
main,deterministic,deterministic,2025-07-01,42,True,True,0,,,0.7,20.0,optimal,1.8157068000000436,1.8157075000017358,0.0,0,0,15865.460962360758,295.2709491819242,16160.731911542682,16467.593889979253,16762.86483916118,176029.70956295822,0.21500400903539324,60.49529634134212,0.0,0.0,0.0,False,False,False
main,deterministic,deterministic,2025-07-01,43,True,True,0,,,0.7,20.0,optimal,1.8157068000000436,1.8157075000017358,0.0,0,0,15865.460962360758,295.2709491819242,16160.731911542682,15692.760583497315,15988.031532679239,156758.41163623513,0.09929171928994943,57.9386876553641,0.0,0.0,0.0,False,False,False
main,deterministic,deterministic,2025-07-01,44,True,True,0,,,0.7,20.0,optimal,1.8157068000000436,1.8157075000017358,0.0,0,0,15865.460962360758,295.2709491819242,16160.731911542682,17107.021644412107,17402.292593594033,183191.08495140506,0.0,59.453000641799456,0.0,0.0,0.0,False,False,False
main,deterministic,deterministic,2025-07-01,45,True,True,0,,,0.7,20.0,optimal,1.8157068000000436,1.8157075000017358,0.0,0,0,15865.460962360758,295.2709491819242,16160.731911542682,16045.891088047812,16341.162037229737,173295.96584005537,0.09660890776313313,65.38807113222957,0.0,0.0,0.0,False,False,False
main,deterministic,deterministic,2025-07-01,46,True,True,0,,,0.7,20.0,optimal,1.8157068000000436,1.8157075000017358,0.0,0,0,15865.460962360758,295.2709491819242,16160.731911542682,16412.233861086585,16707.50481026851,175865.59588621705,0.12174304196830846,60.70953230671544,0.0,0.0,0.0,False,False,False
main,deterministic,deterministic,2025-07-01,47,True,True,0,,,0.7,20.0,optimal,1.8157068000000436,1.8157075000017358,0.0,0,0,15865.460962360758,295.2709491819242,16160.731911542682,16473.065086404007,16768.336035585933,176453.22989008517,0.7587311319530874,60.44497630515799,0.0,0.0,0.0,False,False,False
main,deterministic,deterministic,2025-07-01,48,True,True,0,,,0.7,20.0,optimal,1.8157068000000436,1.8157075000017358,0.0,0,0,15865.460962360758,295.2709491819242,16160.731911542682,15676.536889910367,15971.807839092291,163793.6729598067,0.0,56.642835489894196,0.0,0.0,0.0,False,False,False
main,deterministic,deterministic,2025-07-01,49,True,True,0,,,0.7,20.0,optimal,1.8157068000000436,1.8157075000017358,0.0,0,0,15865.460962360758,295.2709491819242,16160.731911542682,16260.678722000068,16555.949671181992,180202.3186214941,0.0,64.30135525057928,0.0,0.0,0.0,False,False,False
main,deterministic,deterministic,2025-07-01,50,True,True,0,,,0.7,20.0,optimal,1.8157068000000436,1.8157075000017358,0.0,0,0,15865.460962360758,295.2709491819242,16160.731911542682,15781.180042334543,16076.450991516467,167405.27517369218,0.0,62.621913024163,0.0,0.0,0.0,False,False,False
main,deterministic,deterministic,2025-07-01,51,True,True,0,,,0.7,20.0,optimal,1.8157068000000436,1.8157075000017358,0.0,0,0,15865.460962360758,295.2709491819242,16160.731911542682,16218.866744790786,16514.137693972712,166985.1620402613,0.45808486781368424,59.53439594742455,0.0,0.0,0.0,False,False,False
main,deterministic,deterministic,2025-07-01,52,True,True,0,,,0.7,20.0,optimal,1.8157068000000436,1.8157075000017358,0.0,0,0,15865.460962360758,295.2709491819242,16160.731911542682,16082.63899822479,16377.909947406713,175643.0762201223,0.8218342888083287,60.63327096069729,0.0,0.0,0.0,False,False,False
main,deterministic,deterministic,2025-07-01,53,True,True,0,,,0.7,20.0,optimal,1.8157068000000436,1.8157075000017358,0.0,0,0,15865.460962360758,295.2709491819242,16160.731911542682,15566.061698927933,15861.332648109857,153051.37238279762,0.0,50.785465449531635,0.0,0.0,0.0,False,False,False
main,deterministic,deterministic,2025-07-01,54,True,True,0,,,0.7,20.0,optimal,1.8157068000000436,1.8157075000017358,0.0,0,0,15865.460962360758,295.2709491819242,16160.731911542682,14903.26305847233,15198.534007654254,143816.9022045146,0.0,53.06037044663153,0.0,0.0,0.0,False,False,False
main,deterministic,deterministic,2025-07-01,55,True,True,0,,,0.7,20.0,optimal,1.8157068000000436,1.8157075000017358,0.0,0,0,15865.460962360758,295.2709491819242,16160.731911542682,15980.82370466025,16276.094653842174,176564.94621422712,0.6570469214935145,64.7519437612433,0.0,0.0,0.0,False,False,False
main,deterministic,deterministic,2025-07-01,56,True,True,0,,,0.7,20.0,optimal,1.8157068000000436,1.8157075000017358,0.0,0,0,15865.460962360758,295.2709491819242,16160.731911542682,15693.535900598166,15988.80684978009,161789.11859889483,0.11257564987949822,49.5715338055023,0.0,0.0,0.0,False,False,False
main,deterministic,deterministic,2025-07-01,57,True,True,0,,,0.7,20.0,optimal,1.8157068000000436,1.8157075000017358,0.0,0,0,15865.460962360758,295.2709491819242,16160.731911542682,16067.65877827005,16362.929727451974,161026.0558826196,0.448532626619632,53.903578120374775,0.0,0.0,0.0,False,False,False
main,deterministic,deterministic,2025-07-01,58,True,True,0,,,0.7,20.0,optimal,1.8157068000000436,1.8157075000017358,0.0,0,0,15865.460962360758,295.2709491819242,16160.731911542682,16483.143070287584,16778.41401946951,172220.43205045268,0.13622726448206451,61.39852751350943,0.0,0.04758488611782341,0.0,False,True,False
main,deterministic,deterministic,2025-07-01,59,True,True,0,,,0.7,20.0,optimal,1.8157068000000436,1.8157075000017358,0.0,0,0,15865.460962360758,295.2709491819242,16160.731911542682,15848.384789890872,16143.655739072796,168304.9322432318,0.052845007386987414,62.58284156431303,0.0,0.0,0.0,False,False,False
main,deterministic,deterministic,2025-07-01,60,True,True,0,,,0.7,20.0,optimal,1.8157068000000436,1.8157075000017358,0.0,0,0,15865.460962360758,295.2709491819242,16160.731911542682,15862.23958567408,16157.510534856005,165858.12496274506,0.5947913564360596,58.44662996982567,0.0,0.0,0.0,False,False,False
main,deterministic,deterministic,2025-07-01,61,True,True,0,,,0.7,20.0,optimal,1.8157068000000436,1.8157075000017358,0.0,0,0,15865.460962360758,295.2709491819242,16160.731911542682,15895.206093206027,16190.47704238795,162515.32974373474,0.6241074406325102,47.272210760722956,0.0,0.0,0.0,False,False,False
main,deterministic,deterministic,2025-07-01,62,True,True,0,,,0.7,20.0,optimal,1.8157068000000436,1.8157075000017358,0.0,0,0,15865.460962360758,295.2709491819242,16160.731911542682,15524.73053843902,15820.001487620944,161617.93224363853,0.2520297464744811,61.0682964395854,0.0,0.0,0.0,False,False,False
main,deterministic,deterministic,2025-07-01,63,True,True,0,,,0.7,20.0,optimal,1.8157068000000436,1.8157075000017358,0.0,0,0,15865.460962360758,295.2709491819242,16160.731911542682,16586.564633395083,16881.83558257701,172635.7841144295,0.5444197450885134,66.46522034769417,0.0,0.0,0.0,False,False,False
main,deterministic,deterministic,2025-07-01,64,True,True,0,,,0.7,20.0,optimal,1.8157068000000436,1.8157075000017358,0.0,0,0,15865.460962360758,295.2709491819242,16160.731911542682,15872.712231573998,16167.983180755922,174489.90442454623,0.6757489676618611,53.19894144243367,0.0,0.0,0.0,False,False,False
main,deterministic,deterministic,2025-07-01,65,True,True,0,,,0.7,20.0,optimal,1.8157068000000436,1.8157075000017358,0.0,0,0,15865.460962360758,295.2709491819242,16160.731911542682,16514.149693026167,16809.420642208093,172095.2757265965,0.1853932000643821,55.52122925074028,0.0,0.0,0.0,False,False,False
main,deterministic,deterministic,2025-07-01,66,True,True,0,,,0.7,20.0,optimal,1.8157068000000436,1.8157075000017358,0.0,0,0,15865.460962360758,295.2709491819242,16160.731911542682,16084.023160844139,16379.294110026063,165706.04433097952,0.2019391939669659,67.92586974941335,0.0,0.0,0.0,False,False,False
main,deterministic,deterministic,2025-07-01,67,True,True,0,,,0.7,20.0,optimal,1.8157068000000436,1.8157075000017358,0.0,0,0,15865.460962360758,295.2709491819242,16160.731911542682,15449.769606889166,15745.04055607109,158058.4064600177,0.10448518304593896,53.226791533078064,0.0,0.0,0.0,False,False,False
main,deterministic,deterministic,2025-07-01,68,True,True,0,,,0.7,20.0,optimal,1.8157068000000436,1.8157075000017358,0.0,0,0,15865.460962360758,295.2709491819242,16160.731911542682,16304.693247529538,16599.964196711462,176085.6482498225,0.1727779193678161,56.52064625502737,0.0,0.0,0.0,False,False,False
main,deterministic,deterministic,2025-07-01,69,True,True,0,,,0.7,20.0,optimal,1.8157068000000436,1.8157075000017358,0.0,0,0,15865.460962360758,295.2709491819242,16160.731911542682,16379.520214874698,16674.791164056624,167134.21034916377,0.48600138815705624,62.17989718123428,0.0,0.020614718765667783,0.0,False,True,False
main,deterministic,deterministic,2025-07-01,70,True,True,0,,,0.7,20.0,optimal,1.8157068000000436,1.8157075000017358,0.0,0,0,15865.460962360758,295.2709491819242,16160.731911542682,15387.134128424388,15682.405077606312,160654.76364941566,0.23587291484080392,61.278063988678525,0.0,0.0,0.0,False,False,False
main,deterministic,deterministic,2025-07-01,71,True,True,0,,,0.7,20.0,optimal,1.8157068000000436,1.8157075000017358,0.0,0,0,15865.460962360758,295.2709491819242,16160.731911542682,15933.660183462056,16228.93113264398,167373.04592952793,0.3147451649331501,68.47721047422127,0.0,0.0,0.0,False,False,False
main,deterministic,deterministic,2025-07-01,72,True,True,0,,,0.7,20.0,optimal,1.8157068000000436,1.8157075000017358,0.0,0,0,15865.460962360758,295.2709491819242,16160.731911542682,16416.19577627849,16711.466725460417,173672.60155053402,0.0,62.23398792835956,0.0,0.0,0.0,False,False,False
main,deterministic,deterministic,2025-07-01,73,True,True,0,,,0.7,20.0,optimal,1.8157068000000436,1.8157075000017358,0.0,0,0,15865.460962360758,295.2709491819242,16160.731911542682,16677.933368204107,16973.204317386033,184568.3698120275,0.0411681940601642,61.29493631159734,0.0,0.0,0.0,False,False,False
main,deterministic,deterministic,2025-07-01,74,True,True,0,,,0.7,20.0,optimal,1.8157068000000436,1.8157075000017358,0.0,0,0,15865.460962360758,295.2709491819242,16160.731911542682,16332.946106202708,16628.217055384634,174282.92693409193,0.11277092164527103,62.339224780055005,0.0,0.0,0.0,False,False,False
main,deterministic,deterministic,2025-07-01,75,True,True,0,,,0.7,20.0,optimal,1.8157068000000436,1.8157075000017358,0.0,0,0,15865.460962360758,295.2709491819242,16160.731911542682,16235.223148124553,16530.494097306477,169394.42229052947,0.42890771688542784,57.2787502237338,0.0,0.0,0.0,False,False,False
main,deterministic,deterministic,2025-07-01,76,True,True,0,,,0.7,20.0,optimal,1.8157068000000436,1.8157075000017358,0.0,0,0,15865.460962360758,295.2709491819242,16160.731911542682,15927.247501653092,16222.518450835016,165341.7728143928,1.1268590690022133,59.39357075854552,0.0,0.0,0.0,False,False,False
main,deterministic,deterministic,2025-07-01,77,True,True,0,,,0.7,20.0,optimal,1.8157068000000436,1.8157075000017358,0.0,0,0,15865.460962360758,295.2709491819242,16160.731911542682,16242.853511834302,16538.12446101623,173178.62406643396,0.3863618051822758,54.71929804067198,0.0,0.0,0.0,False,False,False
main,deterministic,deterministic,2025-07-01,78,True,True,0,,,0.7,20.0,optimal,1.8157068000000436,1.8157075000017358,0.0,0,0,15865.460962360758,295.2709491819242,16160.731911542682,15227.52580541164,15522.796754593564,155486.97657828708,0.17536586537758436,60.679405047162426,0.0,0.0,0.0,False,False,False
main,deterministic,deterministic,2025-07-01,79,True,True,0,,,0.7,20.0,optimal,1.8157068000000436,1.8157075000017358,0.0,0,0,15865.460962360758,295.2709491819242,16160.731911542682,15573.82721957119,15869.098168753115,158635.2106554236,0.0,56.72146571770888,0.0,0.0,0.0,False,False,False
main,deterministic,deterministic,2025-07-01,80,True,True,0,,,0.7,20.0,optimal,1.8157068000000436,1.8157075000017358,0.0,0,0,15865.460962360758,295.2709491819242,16160.731911542682,16212.820036728965,16508.09098591089,169121.65368147922,0.0,57.18726441754862,0.0,0.0,0.0,False,False,False
main,deterministic,deterministic,2025-07-01,81,True,True,0,,,0.7,20.0,optimal,1.8157068000000436,1.8157075000017358,0.0,0,0,15865.460962360758,295.2709491819242,16160.731911542682,16119.625929368685,16414.89687855061,169066.36737606282,0.0,68.95726520386079,0.0,0.0,0.0,False,False,False
main,deterministic,deterministic,2025-07-01,82,True,True,0,,,0.7,20.0,optimal,1.8157068000000436,1.8157075000017358,0.0,0,0,15865.460962360758,295.2709491819242,16160.731911542682,15237.06027880468,15532.331227986604,159376.9821778028,0.056737505898853985,48.63105420045041,0.0,0.0,0.0,False,False,False
main,deterministic,deterministic,2025-07-01,83,True,True,0,,,0.7,20.0,optimal,1.8157068000000436,1.8157075000017358,0.0,0,0,15865.460962360758,295.2709491819242,16160.731911542682,16502.625008018793,16797.89595720072,178314.2958582863,0.08864273698162017,59.54335421997444,0.0,0.0,0.0,False,False,False
main,deterministic,deterministic,2025-07-01,84,True,True,0,,,0.7,20.0,optimal,1.8157068000000436,1.8157075000017358,0.0,0,0,15865.460962360758,295.2709491819242,16160.731911542682,16085.956903847056,16381.22785302898,163885.23378606548,0.018158372441364284,55.63757764845945,0.0,0.0,0.0,False,False,False
main,deterministic,deterministic,2025-07-01,85,True,True,0,,,0.7,20.0,optimal,1.8157068000000436,1.8157075000017358,0.0,0,0,15865.460962360758,295.2709491819242,16160.731911542682,15497.455632110372,15792.726581292296,161039.6127861494,0.558276916056291,63.94279665388678,0.0,0.0,0.0,False,False,False
main,deterministic,deterministic,2025-07-01,86,True,True,0,,,0.7,20.0,optimal,1.8157068000000436,1.8157075000017358,0.0,0,0,15865.460962360758,295.2709491819242,16160.731911542682,16729.155522449706,17024.426471631632,176100.7500624533,1.0075490719862326,54.96313412901221,0.0,0.0,0.0,False,False,False
main,deterministic,deterministic,2025-07-01,87,True,True,0,,,0.7,20.0,optimal,1.8157068000000436,1.8157075000017358,0.0,0,0,15865.460962360758,295.2709491819242,16160.731911542682,15235.016917227716,15530.28786640964,156252.95909724914,1.3951110328982004,58.199401957364394,0.0,0.0,0.0,False,False,False
main,deterministic,deterministic,2025-07-01,88,True,True,0,,,0.7,20.0,optimal,1.8157068000000436,1.8157075000017358,0.0,0,0,15865.460962360758,295.2709491819242,16160.731911542682,16701.492329439094,16996.76327862102,181138.08137737913,0.704736915138887,66.92624444221015,0.0,0.0,0.0,False,False,False
main,deterministic,deterministic,2025-07-01,89,True,True,0,,,0.7,20.0,optimal,1.8157068000000436,1.8157075000017358,0.0,0,0,15865.460962360758,295.2709491819242,16160.731911542682,15603.78134578114,15899.052294963065,161611.3204472593,0.24081349802379026,54.97887360236873,0.0,0.0,0.0,False,False,False
main,deterministic,deterministic,2025-07-01,90,True,True,0,,,0.7,20.0,optimal,1.8157068000000436,1.8157075000017358,0.0,0,0,15865.460962360758,295.2709491819242,16160.731911542682,15756.686960276233,16051.957909458157,167711.95963148135,0.41134580430396406,62.223420276260484,0.0,0.0,0.0,False,False,False
main,deterministic,deterministic,2025-07-01,91,True,True,0,,,0.7,20.0,optimal,1.8157068000000436,1.8157075000017358,0.0,0,0,15865.460962360758,295.2709491819242,16160.731911542682,15937.333130309918,16232.604079491843,164409.1171352921,0.0,55.64428814159337,0.0,0.0,0.0,False,False,False
main,deterministic,deterministic,2025-07-01,92,True,True,0,,,0.7,20.0,optimal,1.8157068000000436,1.8157075000017358,0.0,0,0,15865.460962360758,295.2709491819242,16160.731911542682,16156.54415704943,16451.815106231355,176019.2284853616,0.1322498704502079,45.95110364619082,0.0,0.0,0.0,False,False,False
main,deterministic,deterministic,2025-07-01,93,True,True,0,,,0.7,20.0,optimal,1.8157068000000436,1.8157075000017358,0.0,0,0,15865.460962360758,295.2709491819242,16160.731911542682,16076.857436153412,16372.128385335336,168209.4433279043,0.1845594197553455,58.79913496604966,0.0,0.0,0.0,False,False,False
main,deterministic,deterministic,2025-07-01,94,True,True,0,,,0.7,20.0,optimal,1.8157068000000436,1.8157075000017358,0.0,0,0,15865.460962360758,295.2709491819242,16160.731911542682,16076.076601950263,16371.347551132187,174164.4854615024,0.0,54.20710280030131,0.0,0.0,0.0,False,False,False
main,deterministic,deterministic,2025-07-01,95,True,True,0,,,0.7,20.0,optimal,1.8157068000000436,1.8157075000017358,0.0,0,0,15865.460962360758,295.2709491819242,16160.731911542682,16900.4682489131,17195.739198095027,180939.0055335802,1.1162638906107385,58.530251654539654,0.0,0.0,0.0,False,False,False
main,deterministic,deterministic,2025-07-01,96,True,True,0,,,0.7,20.0,optimal,1.8157068000000436,1.8157075000017358,0.0,0,0,15865.460962360758,295.2709491819242,16160.731911542682,16563.00758348465,16858.278532666576,174414.42226130777,0.0,54.377103823526426,0.0,0.0,0.0,False,False,False
main,deterministic,deterministic,2025-07-01,97,True,True,0,,,0.7,20.0,optimal,1.8157068000000436,1.8157075000017358,0.0,0,0,15865.460962360758,295.2709491819242,16160.731911542682,16363.167146518183,16658.43809570011,177816.23433576763,0.008141043638850931,53.7638335433056,0.0,0.17429017922435208,0.0,False,True,False
main,deterministic,deterministic,2025-07-01,98,True,True,0,,,0.7,20.0,optimal,1.8157068000000436,1.8157075000017358,0.0,0,0,15865.460962360758,295.2709491819242,16160.731911542682,15224.212818305778,15519.483767487702,151205.7581495047,0.44191288838728726,43.19817472894779,0.0,0.0,0.0,False,False,False
main,deterministic,deterministic,2025-07-01,99,True,True,0,,,0.7,20.0,optimal,1.8157068000000436,1.8157075000017358,0.0,0,0,15865.460962360758,295.2709491819242,16160.731911542682,15684.401119006712,15979.672068188636,159901.33727091007,0.27042916086165636,59.35446292910192,0.0,0.0,0.0,False,False,False
main,deterministic,deterministic,2025-10-01,0,True,True,0,,,0.7,20.0,optimal,1.7904077000021061,1.7904124000015145,0.0,0,0,16307.664624421875,533.9055933035798,16841.570217725457,16039.54298594777,16573.44857925135,192503.04375720653,0.11648725058405773,53.53886451391885,0.0,0.0,0.0,False,False,False
main,deterministic,deterministic,2025-10-01,1,True,True,0,,,0.7,20.0,optimal,1.7904077000021061,1.7904124000015145,0.0,0,0,16307.664624421875,533.9055933035798,16841.570217725457,16205.3731183993,16739.278711702882,184932.42511606374,0.5522279793896995,64.96363446131507,0.0,0.0,0.0,False,False,False
main,deterministic,deterministic,2025-10-01,2,True,True,0,,,0.7,20.0,optimal,1.7904077000021061,1.7904124000015145,0.0,0,0,16307.664624421875,533.9055933035798,16841.570217725457,17119.23429712046,17653.13989042404,208076.85217171148,0.0,48.62833882007134,0.0,0.0,0.0,False,False,False
main,deterministic,deterministic,2025-10-01,3,True,True,0,,,0.7,20.0,optimal,1.7904077000021061,1.7904124000015145,0.0,0,0,16307.664624421875,533.9055933035798,16841.570217725457,16440.04868244215,16973.95427574573,197696.40196207308,0.0,57.89863172552678,0.0,0.0,0.0,False,False,False
main,deterministic,deterministic,2025-10-01,4,True,True,0,,,0.7,20.0,optimal,1.7904077000021061,1.7904124000015145,0.0,0,0,16307.664624421875,533.9055933035798,16841.570217725457,16445.446194901655,16979.351788205237,194660.8149916103,0.08971162332968352,49.91568796191379,0.0,0.0,0.0,False,False,False
main,deterministic,deterministic,2025-10-01,5,True,True,0,,,0.7,20.0,optimal,1.7904077000021061,1.7904124000015145,0.0,0,0,16307.664624421875,533.9055933035798,16841.570217725457,16771.844067870446,17305.749661174028,205139.03840300423,0.012784408016943472,62.372098601065105,0.0,0.0,0.0,False,False,False
main,deterministic,deterministic,2025-10-01,6,True,True,0,,,0.7,20.0,optimal,1.7904077000021061,1.7904124000015145,0.0,0,0,16307.664624421875,533.9055933035798,16841.570217725457,15854.754483892746,16388.660077196328,172856.8137265885,0.0,49.2892774479747,0.0,0.0,0.0,False,False,False
main,deterministic,deterministic,2025-10-01,7,True,True,0,,,0.7,20.0,optimal,1.7904077000021061,1.7904124000015145,0.0,0,0,16307.664624421875,533.9055933035798,16841.570217725457,16087.693880426403,16621.599473729984,194677.35677366125,0.001742303019134528,55.269854396980975,0.0,0.0,0.0,False,False,False
main,deterministic,deterministic,2025-10-01,8,True,True,0,,,0.7,20.0,optimal,1.7904077000021061,1.7904124000015145,0.0,0,0,16307.664624421875,533.9055933035798,16841.570217725457,16805.521285451767,17339.42687875535,206071.93500962303,0.6005877413110514,52.01054850249544,0.0,0.0,0.0,False,False,False
main,deterministic,deterministic,2025-10-01,9,True,True,0,,,0.7,20.0,optimal,1.7904077000021061,1.7904124000015145,0.0,0,0,16307.664624421875,533.9055933035798,16841.570217725457,17173.94971187644,17707.855305180023,211554.08741389518,0.0,65.79853990015584,0.0,0.0,0.0,False,False,False
main,deterministic,deterministic,2025-10-01,10,True,True,0,,,0.7,20.0,optimal,1.7904077000021061,1.7904124000015145,0.0,0,0,16307.664624421875,533.9055933035798,16841.570217725457,16220.565778771735,16754.471372075317,185812.867998325,0.0,57.43065528788497,0.0,0.0,0.0,False,False,False
main,deterministic,deterministic,2025-10-01,11,True,True,0,,,0.7,20.0,optimal,1.7904077000021061,1.7904124000015145,0.0,0,0,16307.664624421875,533.9055933035798,16841.570217725457,16829.80230642548,17363.707899729063,211373.7260075883,0.08456377870931564,52.16731804659749,0.0,0.0,0.0,False,False,False
main,deterministic,deterministic,2025-10-01,12,True,True,0,,,0.7,20.0,optimal,1.7904077000021061,1.7904124000015145,0.0,0,0,16307.664624421875,533.9055933035798,16841.570217725457,17005.534603774406,17539.440197077987,207112.41708976126,0.0,50.123932616126226,0.0,0.0,0.0,False,False,False
main,deterministic,deterministic,2025-10-01,13,True,True,0,,,0.7,20.0,optimal,1.7904077000021061,1.7904124000015145,0.0,0,0,16307.664624421875,533.9055933035798,16841.570217725457,16851.566448897775,17385.472042201356,208121.51427931947,0.14214539125953785,58.12369365876478,0.0,0.0,0.0,False,False,False
main,deterministic,deterministic,2025-10-01,14,True,True,0,,,0.7,20.0,optimal,1.7904077000021061,1.7904124000015145,0.0,0,0,16307.664624421875,533.9055933035798,16841.570217725457,17210.321518206234,17744.227111509816,206474.5125764899,0.0,52.54883746402797,0.0,0.0,0.0,False,False,False
main,deterministic,deterministic,2025-10-01,15,True,True,0,,,0.7,20.0,optimal,1.7904077000021061,1.7904124000015145,0.0,0,0,16307.664624421875,533.9055933035798,16841.570217725457,16036.698764883518,16570.604358187098,179520.72739222032,0.30687093476031213,48.6478930380344,0.0,0.0,0.0,False,False,False
main,deterministic,deterministic,2025-10-01,16,True,True,0,,,0.7,20.0,optimal,1.7904077000021061,1.7904124000015145,0.0,0,0,16307.664624421875,533.9055933035798,16841.570217725457,16644.97412029628,17178.87971359986,197537.7798596038,0.3990422425126721,51.80876573231437,0.0,0.0,0.0,False,False,False
main,deterministic,deterministic,2025-10-01,17,True,True,0,,,0.7,20.0,optimal,1.7904077000021061,1.7904124000015145,0.0,0,0,16307.664624421875,533.9055933035798,16841.570217725457,16494.359249311463,17028.264842615044,191697.97881209492,0.39194821363650445,61.74671074328966,0.0,0.0,0.0,False,False,False
main,deterministic,deterministic,2025-10-01,18,True,True,0,,,0.7,20.0,optimal,1.7904077000021061,1.7904124000015145,0.0,0,0,16307.664624421875,533.9055933035798,16841.570217725457,16982.90225568968,17516.807848993263,208438.7900884147,0.28957416826660487,58.41925223507773,0.0,0.0,0.0,False,False,False
main,deterministic,deterministic,2025-10-01,19,True,True,0,,,0.7,20.0,optimal,1.7904077000021061,1.7904124000015145,0.0,0,0,16307.664624421875,533.9055933035798,16841.570217725457,15714.867595479966,16248.773188783545,182111.48861922452,0.28922598854387066,53.83106001706963,0.0,0.0,0.0,False,False,False
main,deterministic,deterministic,2025-10-01,20,True,True,0,,,0.7,20.0,optimal,1.7904077000021061,1.7904124000015145,0.0,0,0,16307.664624421875,533.9055933035798,16841.570217725457,16762.37467727761,17296.280270581192,209969.21528668475,0.0,51.754591429826434,0.0,0.0,0.0,False,False,False
main,deterministic,deterministic,2025-10-01,21,True,True,0,,,0.7,20.0,optimal,1.7904077000021061,1.7904124000015145,0.0,0,0,16307.664624421875,533.9055933035798,16841.570217725457,17059.574344208788,17593.47993751237,210590.28170791862,0.0,51.61055355205251,0.0,0.0,0.0,False,False,False
main,deterministic,deterministic,2025-10-01,22,True,True,0,,,0.7,20.0,optimal,1.7904077000021061,1.7904124000015145,0.0,0,0,16307.664624421875,533.9055933035798,16841.570217725457,15873.487583613825,16407.393176917405,181509.17302023596,0.0,51.01216770527575,0.0,0.0,0.0,False,False,False
main,deterministic,deterministic,2025-10-01,23,True,True,0,,,0.7,20.0,optimal,1.7904077000021061,1.7904124000015145,0.0,0,0,16307.664624421875,533.9055933035798,16841.570217725457,16190.863352071085,16724.768945374664,182894.8999451329,0.006034236833117601,58.21951902052496,0.0,0.0,0.0,False,False,False
main,deterministic,deterministic,2025-10-01,24,True,True,0,,,0.7,20.0,optimal,1.7904077000021061,1.7904124000015145,0.0,0,0,16307.664624421875,533.9055933035798,16841.570217725457,16284.10230533216,16818.00789863574,188132.80484635066,0.0,61.374639559688625,0.0,0.0,0.0,False,False,False
main,deterministic,deterministic,2025-10-01,25,True,True,0,,,0.7,20.0,optimal,1.7904077000021061,1.7904124000015145,0.0,0,0,16307.664624421875,533.9055933035798,16841.570217725457,16173.528653472564,16707.434246776145,187076.03765166877,0.0,49.888519426291516,0.0,0.0,0.0,False,False,False
main,deterministic,deterministic,2025-10-01,26,True,True,0,,,0.7,20.0,optimal,1.7904077000021061,1.7904124000015145,0.0,0,0,16307.664624421875,533.9055933035798,16841.570217725457,16853.99877996676,17387.904373270343,202313.91180473458,0.0,60.05021356537892,0.0,0.0,0.0,False,False,False
main,deterministic,deterministic,2025-10-01,27,True,True,0,,,0.7,20.0,optimal,1.7904077000021061,1.7904124000015145,0.0,0,0,16307.664624421875,533.9055933035798,16841.570217725457,15967.403950652792,16501.309543956373,191741.86245704256,0.0,102.61380109935557,0.0,0.0,0.8976711646670004,False,False,True
main,deterministic,deterministic,2025-10-01,28,True,True,0,,,0.7,20.0,optimal,1.7904077000021061,1.7904124000015145,0.0,0,0,16307.664624421875,533.9055933035798,16841.570217725457,16572.359352897107,17106.26494620069,197706.3170928772,0.0,46.473553946228265,0.0,0.0,0.0,False,False,False
main,deterministic,deterministic,2025-10-01,29,True,True,0,,,0.7,20.0,optimal,1.7904077000021061,1.7904124000015145,0.0,0,0,16307.664624421875,533.9055933035798,16841.570217725457,16759.920433965028,17293.82602726861,202652.7762150943,0.0,43.03391983448364,0.0,0.0,0.0,False,False,False
main,deterministic,deterministic,2025-10-01,30,True,True,0,,,0.7,20.0,optimal,1.7904077000021061,1.7904124000015145,0.0,0,0,16307.664624421875,533.9055933035798,16841.570217725457,16474.46216862714,17008.36776193072,196887.7632852149,0.06518226356103618,50.30454061941188,0.0,0.0,0.0,False,False,False
main,deterministic,deterministic,2025-10-01,31,True,True,0,,,0.7,20.0,optimal,1.7904077000021061,1.7904124000015145,0.0,0,0,16307.664624421875,533.9055933035798,16841.570217725457,16422.638220194232,16956.543813497814,196240.06699047197,0.0,54.11875966031299,0.0,0.0,0.0,False,False,False
main,deterministic,deterministic,2025-10-01,32,True,True,0,,,0.7,20.0,optimal,1.7904077000021061,1.7904124000015145,0.0,0,0,16307.664624421875,533.9055933035798,16841.570217725457,16750.693710179075,17284.599303482657,196976.9037315932,0.12054635305596917,59.91726376110396,0.0,0.0,0.0,False,False,False
main,deterministic,deterministic,2025-10-01,33,True,True,0,,,0.7,20.0,optimal,1.7904077000021061,1.7904124000015145,0.0,0,0,16307.664624421875,533.9055933035798,16841.570217725457,17226.803118328757,17760.70871163234,214831.3335160319,0.05951525550298897,69.08062274161517,0.0,0.0,0.0,False,False,False
main,deterministic,deterministic,2025-10-01,34,True,True,0,,,0.7,20.0,optimal,1.7904077000021061,1.7904124000015145,0.0,0,0,16307.664624421875,533.9055933035798,16841.570217725457,16364.763042007704,16898.668635311285,192709.53074505032,0.12290333811386289,54.75372404699037,0.0,0.0,0.0,False,False,False
main,deterministic,deterministic,2025-10-01,35,True,True,0,,,0.7,20.0,optimal,1.7904077000021061,1.7904124000015145,0.0,0,0,16307.664624421875,533.9055933035798,16841.570217725457,16124.053172314814,16657.958765618394,186732.58189334674,0.0,59.05364300829967,0.0,0.0,0.0,False,False,False
main,deterministic,deterministic,2025-10-01,36,True,True,0,,,0.7,20.0,optimal,1.7904077000021061,1.7904124000015145,0.0,0,0,16307.664624421875,533.9055933035798,16841.570217725457,17047.354413105888,17581.26000640947,201593.01794687548,0.0,61.970884217546896,0.0,0.0,0.0,False,False,False
main,deterministic,deterministic,2025-10-01,37,True,True,0,,,0.7,20.0,optimal,1.7904077000021061,1.7904124000015145,0.0,0,0,16307.664624421875,533.9055933035798,16841.570217725457,16284.108013305206,16818.013606608787,195210.4079982165,0.051583126147181746,45.07867333367323,0.0,0.0,0.0,False,False,False
main,deterministic,deterministic,2025-10-01,38,True,True,0,,,0.7,20.0,optimal,1.7904077000021061,1.7904124000015145,0.0,0,0,16307.664624421875,533.9055933035798,16841.570217725457,15477.574670025768,16011.480263329348,183492.76704259258,0.1113517962135378,54.285062710979886,0.0,0.0,0.0,False,False,False
main,deterministic,deterministic,2025-10-01,39,True,True,0,,,0.7,20.0,optimal,1.7904077000021061,1.7904124000015145,0.0,0,0,16307.664624421875,533.9055933035798,16841.570217725457,16566.014018449714,17099.919611753296,199111.7636044438,0.0,47.874676328287734,0.0,0.0,0.0,False,False,False
main,deterministic,deterministic,2025-10-01,40,True,True,0,,,0.7,20.0,optimal,1.7904077000021061,1.7904124000015145,0.0,0,0,16307.664624421875,533.9055933035798,16841.570217725457,16163.15384094903,16697.05943425261,188211.7093230968,0.008799442347696584,50.665548420044225,0.0,0.0,0.0,False,False,False
main,deterministic,deterministic,2025-10-01,41,True,True,0,,,0.7,20.0,optimal,1.7904077000021061,1.7904124000015145,0.0,0,0,16307.664624421875,533.9055933035798,16841.570217725457,16774.082922740137,17307.98851604372,200566.11080127713,0.05038798040318748,41.117073093734184,0.0,0.0,0.0,False,False,False
main,deterministic,deterministic,2025-10-01,42,True,True,0,,,0.7,20.0,optimal,1.7904077000021061,1.7904124000015145,0.0,0,0,16307.664624421875,533.9055933035798,16841.570217725457,16704.54388494704,17238.449478250623,202414.59849861276,0.2121772864370537,55.18158304468362,0.0,0.0,0.0,False,False,False
main,deterministic,deterministic,2025-10-01,43,True,True,0,,,0.7,20.0,optimal,1.7904077000021061,1.7904124000015145,0.0,0,0,16307.664624421875,533.9055933035798,16841.570217725457,15822.90032717834,16356.80592048192,181854.45211759504,0.0,57.55256804414887,0.0,0.0,0.0,False,False,False
main,deterministic,deterministic,2025-10-01,44,True,True,0,,,0.7,20.0,optimal,1.7904077000021061,1.7904124000015145,0.0,0,0,16307.664624421875,533.9055933035798,16841.570217725457,17197.67441452706,17731.580007830642,210050.63548817555,0.0,58.32601441654999,0.0,0.0,0.0,False,False,False
main,deterministic,deterministic,2025-10-01,45,True,True,0,,,0.7,20.0,optimal,1.7904077000021061,1.7904124000015145,0.0,0,0,16307.664624421875,533.9055933035798,16841.570217725457,16579.557217837602,17113.462811141184,200530.8905030702,0.0,61.783521198217684,0.0,0.0,0.0,False,False,False
main,deterministic,deterministic,2025-10-01,46,True,True,0,,,0.7,20.0,optimal,1.7904077000021061,1.7904124000015145,0.0,0,0,16307.664624421875,533.9055933035798,16841.570217725457,16433.825906454895,16967.731499758476,201249.87053196863,0.0,54.78867357534789,0.0,0.0,0.0,False,False,False
main,deterministic,deterministic,2025-10-01,47,True,True,0,,,0.7,20.0,optimal,1.7904077000021061,1.7904124000015145,0.0,0,0,16307.664624421875,533.9055933035798,16841.570217725457,16627.051913597996,17160.957506901577,203331.64897130142,0.07641007639677722,55.16612383373235,0.0,0.0,0.0,False,False,False
main,deterministic,deterministic,2025-10-01,48,True,True,0,,,0.7,20.0,optimal,1.7904077000021061,1.7904124000015145,0.0,0,0,16307.664624421875,533.9055933035798,16841.570217725457,16057.536510820335,16591.442104123915,188126.18113183722,0.17781810986417612,53.66393945280471,0.0,0.0,0.0,False,False,False
main,deterministic,deterministic,2025-10-01,49,True,True,0,,,0.7,20.0,optimal,1.7904077000021061,1.7904124000015145,0.0,0,0,16307.664624421875,533.9055933035798,16841.570217725457,16748.71008404066,17282.61567734424,206594.82836928163,0.0,57.753220417116616,0.0,0.0,0.0,False,False,False
main,deterministic,deterministic,2025-10-01,50,True,True,0,,,0.7,20.0,optimal,1.7904077000021061,1.7904124000015145,0.0,0,0,16307.664624421875,533.9055933035798,16841.570217725457,16524.078793133747,17057.98438643733,194148.31795520982,0.15886188764415232,57.91565724893064,0.0,0.0,0.0,False,False,False
main,deterministic,deterministic,2025-10-01,51,True,True,0,,,0.7,20.0,optimal,1.7904077000021061,1.7904124000015145,0.0,0,0,16307.664624421875,533.9055933035798,16841.570217725457,16418.156837693663,16952.062430997245,192939.87485413824,0.3505075470371807,55.90024616664579,0.0,0.0,0.0,False,False,False
main,deterministic,deterministic,2025-10-01,52,True,True,0,,,0.7,20.0,optimal,1.7904077000021061,1.7904124000015145,0.0,0,0,16307.664624421875,533.9055933035798,16841.570217725457,16590.070582573797,17123.97617587738,201240.89527407475,0.0,62.041016906072464,0.0,0.0,0.0,False,False,False
main,deterministic,deterministic,2025-10-01,53,True,True,0,,,0.7,20.0,optimal,1.7904077000021061,1.7904124000015145,0.0,0,0,16307.664624421875,533.9055933035798,16841.570217725457,16135.75999419089,16669.66558749447,178257.17030365075,0.0,51.42683134443635,0.0,0.0,0.0,False,False,False
main,deterministic,deterministic,2025-10-01,54,True,True,0,,,0.7,20.0,optimal,1.7904077000021061,1.7904124000015145,0.0,0,0,16307.664624421875,533.9055933035798,16841.570217725457,15239.461849612375,15773.367442915955,168500.76587002777,0.0,51.546038309486605,0.0,0.0,0.0,False,False,False
main,deterministic,deterministic,2025-10-01,55,True,True,0,,,0.7,20.0,optimal,1.7904077000021061,1.7904124000015145,0.0,0,0,16307.664624421875,533.9055933035798,16841.570217725457,16471.537505920547,17005.44309922413,199860.85600164864,0.4276326952932888,59.374581512375045,0.0,0.0,0.0,False,False,False
main,deterministic,deterministic,2025-10-01,56,True,True,0,,,0.7,20.0,optimal,1.7904077000021061,1.7904124000015145,0.0,0,0,16307.664624421875,533.9055933035798,16841.570217725457,16208.857075495047,16742.762668798627,186085.7034479978,0.0,45.9381740905985,0.0,0.0,0.0,False,False,False
main,deterministic,deterministic,2025-10-01,57,True,True,0,,,0.7,20.0,optimal,1.7904077000021061,1.7904124000015145,0.0,0,0,16307.664624421875,533.9055933035798,16841.570217725457,16065.927949543195,16599.833542846776,187416.35015636386,0.0,52.98294239226317,0.0,0.0,0.0,False,False,False
main,deterministic,deterministic,2025-10-01,58,True,True,0,,,0.7,20.0,optimal,1.7904077000021061,1.7904124000015145,0.0,0,0,16307.664624421875,533.9055933035798,16841.570217725457,16573.835565319823,17107.741158623405,198798.18305629547,0.10316625419411163,61.7457991258179,0.0,0.0,0.0,False,False,False
main,deterministic,deterministic,2025-10-01,59,True,True,0,,,0.7,20.0,optimal,1.7904077000021061,1.7904124000015145,0.0,0,0,16307.664624421875,533.9055933035798,16841.570217725457,16417.15688396009,16951.062477263673,193336.40752239732,0.0,57.34888594733562,0.0,0.0,0.0,False,False,False
main,deterministic,deterministic,2025-10-01,60,True,True,0,,,0.7,20.0,optimal,1.7904077000021061,1.7904124000015145,0.0,0,0,16307.664624421875,533.9055933035798,16841.570217725457,16196.525701034512,16730.431294338094,190965.23440678237,0.10156962691681692,53.494765983269794,0.0,0.0,0.0,False,False,False
main,deterministic,deterministic,2025-10-01,61,True,True,0,,,0.7,20.0,optimal,1.7904077000021061,1.7904124000015145,0.0,0,0,16307.664624421875,533.9055933035798,16841.570217725457,16167.473608049946,16701.379201353528,188316.1535339073,0.0,45.497713990863815,0.0,0.0,0.0,False,False,False
main,deterministic,deterministic,2025-10-01,62,True,True,0,,,0.7,20.0,optimal,1.7904077000021061,1.7904124000015145,0.0,0,0,16307.664624421875,533.9055933035798,16841.570217725457,15804.103121701837,16338.008715005417,187278.84772176915,0.0,57.73080938334108,0.0,0.0,0.0,False,False,False
main,deterministic,deterministic,2025-10-01,63,True,True,0,,,0.7,20.0,optimal,1.7904077000021061,1.7904124000015145,0.0,0,0,16307.664624421875,533.9055933035798,16841.570217725457,16540.28177506694,17074.18736837052,197815.82914710016,0.2657496874699528,61.2487731041456,0.0,0.0,0.0,False,False,False
main,deterministic,deterministic,2025-10-01,64,True,True,0,,,0.7,20.0,optimal,1.7904077000021061,1.7904124000015145,0.0,0,0,16307.664624421875,533.9055933035798,16841.570217725457,16488.29488889145,17022.200482195032,199857.6608563429,0.0,49.2376565903257,0.0,0.0,0.0,False,False,False
main,deterministic,deterministic,2025-10-01,65,True,True,0,,,0.7,20.0,optimal,1.7904077000021061,1.7904124000015145,0.0,0,0,16307.664624421875,533.9055933035798,16841.570217725457,16572.345790968295,17106.251384271876,198741.31627187072,0.13372707897945058,59.23861694297039,0.0,0.0,0.0,False,False,False
main,deterministic,deterministic,2025-10-01,66,True,True,0,,,0.7,20.0,optimal,1.7904077000021061,1.7904124000015145,0.0,0,0,16307.664624421875,533.9055933035798,16841.570217725457,16400.22708883537,16934.132682138952,191521.9520935663,0.0,66.23248968604625,0.0,0.0,0.0,False,False,False
main,deterministic,deterministic,2025-10-01,67,True,True,0,,,0.7,20.0,optimal,1.7904077000021061,1.7904124000015145,0.0,0,0,16307.664624421875,533.9055933035798,16841.570217725457,15918.074381973298,16451.979975276878,183330.62256623694,0.0,56.50624614014363,0.0,0.0,0.0,False,False,False
main,deterministic,deterministic,2025-10-01,68,True,True,0,,,0.7,20.0,optimal,1.7904077000021061,1.7904124000015145,0.0,0,0,16307.664624421875,533.9055933035798,16841.570217725457,16724.229637391938,17258.13523069552,201002.67444013868,0.23198468186578491,58.33102725140713,0.0,0.0,0.0,False,False,False
main,deterministic,deterministic,2025-10-01,69,True,True,0,,,0.7,20.0,optimal,1.7904077000021061,1.7904124000015145,0.0,0,0,16307.664624421875,533.9055933035798,16841.570217725457,15921.975007782308,16455.88060108589,193582.9585314857,0.0,112.59520846615685,0.0,0.6717776136010396,1.068761389013462,False,True,True
main,deterministic,deterministic,2025-10-01,70,True,True,0,,,0.7,20.0,optimal,1.7904077000021061,1.7904124000015145,0.0,0,0,16307.664624421875,533.9055933035798,16841.570217725457,15929.138057388122,16463.043650691703,185475.35277338422,0.02893760996599537,58.43276208367881,0.0,0.0,0.0,False,False,False
main,deterministic,deterministic,2025-10-01,71,True,True,0,,,0.7,20.0,optimal,1.7904077000021061,1.7904124000015145,0.0,0,0,16307.664624421875,533.9055933035798,16841.570217725457,16199.386465145222,16733.292058448802,192325.86946694006,0.0,115.71658563089849,0.0,0.44231564998338246,1.1380754029006155,False,True,True
main,deterministic,deterministic,2025-10-01,72,True,True,0,,,0.7,20.0,optimal,1.7904077000021061,1.7904124000015145,0.0,0,0,16307.664624421875,533.9055933035798,16841.570217725457,16573.070092552764,17106.975685856345,200827.8316154172,0.3285723411917111,60.98912102351717,0.0,0.0,0.0,False,False,False
main,deterministic,deterministic,2025-10-01,73,True,True,0,,,0.7,20.0,optimal,1.7904077000021061,1.7904124000015145,0.0,0,0,16307.664624421875,533.9055933035798,16841.570217725457,17244.83213595629,17778.737729259872,211012.49235096297,0.0,54.872923867897256,0.0,0.0,0.0,False,False,False
main,deterministic,deterministic,2025-10-01,74,True,True,0,,,0.7,20.0,optimal,1.7904077000021061,1.7904124000015145,0.0,0,0,16307.664624421875,533.9055933035798,16841.570217725457,16507.782463683496,17041.688056987077,200046.97498964984,0.0,58.18818978905178,0.0,0.0,0.0,False,False,False
main,deterministic,deterministic,2025-10-01,75,True,True,0,,,0.7,20.0,optimal,1.7904077000021061,1.7904124000015145,0.0,0,0,16307.664624421875,533.9055933035798,16841.570217725457,16509.636163046474,17043.541756350056,195095.01796681396,0.0,55.37075829612511,0.0,0.0,0.0,False,False,False
main,deterministic,deterministic,2025-10-01,76,True,True,0,,,0.7,20.0,optimal,1.7904077000021061,1.7904124000015145,0.0,0,0,16307.664624421875,533.9055933035798,16841.570217725457,16528.81296030643,17062.71855361001,190843.90946756504,0.0,55.440029611917,0.0,0.0,0.0,False,False,False
main,deterministic,deterministic,2025-10-01,77,True,True,0,,,0.7,20.0,optimal,1.7904077000021061,1.7904124000015145,0.0,0,0,16307.664624421875,533.9055933035798,16841.570217725457,16761.642009459716,17295.547602763298,200108.0201491322,0.028435827343668563,51.50524940908629,0.0,0.0,0.0,False,False,False
main,deterministic,deterministic,2025-10-01,78,True,True,0,,,0.7,20.0,optimal,1.7904077000021061,1.7904124000015145,0.0,0,0,16307.664624421875,533.9055933035798,16841.570217725457,15722.224644127158,16256.130237430738,179795.25814594366,0.0,54.625107633987675,0.0,0.0,0.0,False,False,False
main,deterministic,deterministic,2025-10-01,79,True,True,0,,,0.7,20.0,optimal,1.7904077000021061,1.7904124000015145,0.0,0,0,16307.664624421875,533.9055933035798,16841.570217725457,15980.051014251116,16513.956607554697,184841.55307896348,0.10997536856279488,55.206457913727036,0.0,0.0,0.0,False,False,False
main,deterministic,deterministic,2025-10-01,80,True,True,0,,,0.7,20.0,optimal,1.7904077000021061,1.7904124000015145,0.0,0,0,16307.664624421875,533.9055933035798,16841.570217725457,16297.142270207849,16831.04786351143,195018.8669109755,0.0,54.73992430404667,0.0,0.0,0.0,False,False,False
main,deterministic,deterministic,2025-10-01,81,True,True,0,,,0.7,20.0,optimal,1.7904077000021061,1.7904124000015145,0.0,0,0,16307.664624421875,533.9055933035798,16841.570217725457,16394.350899901023,16928.256493204604,194488.27615711116,0.24873405881525823,62.35617858648552,0.0,0.0,0.0,False,False,False
main,deterministic,deterministic,2025-10-01,82,True,True,0,,,0.7,20.0,optimal,1.7904077000021061,1.7904124000015145,0.0,0,0,16307.664624421875,533.9055933035798,16841.570217725457,15655.352643908815,16189.258237212394,184148.56654739965,0.0,48.19216352074239,0.0,0.0,0.0,False,False,False
main,deterministic,deterministic,2025-10-01,83,True,True,0,,,0.7,20.0,optimal,1.7904077000021061,1.7904124000015145,0.0,0,0,16307.664624421875,533.9055933035798,16841.570217725457,16894.169532705386,17428.075126008967,203892.08956783972,0.06534139789463445,51.86841026020844,0.0,0.0,0.0,False,False,False
main,deterministic,deterministic,2025-10-01,84,True,True,0,,,0.7,20.0,optimal,1.7904077000021061,1.7904124000015145,0.0,0,0,16307.664624421875,533.9055933035798,16841.570217725457,16132.613631051716,16666.519224355296,190666.51361668395,0.26308558623624445,47.984656283283854,0.0,0.0,0.0,False,False,False
main,deterministic,deterministic,2025-10-01,85,True,True,0,,,0.7,20.0,optimal,1.7904077000021061,1.7904124000015145,0.0,0,0,16307.664624421875,533.9055933035798,16841.570217725457,16100.105803506973,16634.011396810554,187240.35186192326,0.4066831202287329,61.887198388197675,0.0,0.0,0.0,False,False,False
main,deterministic,deterministic,2025-10-01,86,True,True,0,,,0.7,20.0,optimal,1.7904077000021061,1.7904124000015145,0.0,0,0,16307.664624421875,533.9055933035798,16841.570217725457,16866.240501834847,17400.14609513843,203007.71616171,0.0,48.78289551444592,0.0,0.0,0.0,False,False,False
main,deterministic,deterministic,2025-10-01,87,True,True,0,,,0.7,20.0,optimal,1.7904077000021061,1.7904124000015145,0.0,0,0,16307.664624421875,533.9055933035798,16841.570217725457,15434.075340533082,15967.980933836661,180803.5043306401,0.01738480021749189,54.74488837550432,0.0,0.0,0.0,False,False,False
main,deterministic,deterministic,2025-10-01,88,True,True,0,,,0.7,20.0,optimal,1.7904077000021061,1.7904124000015145,0.0,0,0,16307.664624421875,533.9055933035798,16841.570217725457,16631.267698799886,17165.173292103467,207339.23447495513,0.053002164571994914,61.31062419064455,0.0,0.0016915313157932488,0.0,False,True,False
main,deterministic,deterministic,2025-10-01,89,True,True,0,,,0.7,20.0,optimal,1.7904077000021061,1.7904124000015145,0.0,0,0,16307.664624421875,533.9055933035798,16841.570217725457,15928.002289950638,16461.907883254218,186923.9496952234,0.02545667018030462,56.09441176501393,0.0,0.0,0.0,False,False,False
main,deterministic,deterministic,2025-10-01,90,True,True,0,,,0.7,20.0,optimal,1.7904077000021061,1.7904124000015145,0.0,0,0,16307.664624421875,533.9055933035798,16841.570217725457,16113.62237039951,16647.52796370309,192653.39190980582,0.0,59.37928487638742,0.0,0.0,0.0,False,False,False
main,deterministic,deterministic,2025-10-01,91,True,True,0,,,0.7,20.0,optimal,1.7904077000021061,1.7904124000015145,0.0,0,0,16307.664624421875,533.9055933035798,16841.570217725457,16323.02889802454,16856.93449132812,189208.69340942416,0.3829007251818525,55.75645010938414,0.0,0.0,0.0,False,False,False
main,deterministic,deterministic,2025-10-01,92,True,True,0,,,0.7,20.0,optimal,1.7904077000021061,1.7904124000015145,0.0,0,0,16307.664624421875,533.9055933035798,16841.570217725457,16743.01978788964,17276.92538119322,202442.13340467197,0.0,43.64062478827373,0.0,0.0,0.0,False,False,False
main,deterministic,deterministic,2025-10-01,93,True,True,0,,,0.7,20.0,optimal,1.7904077000021061,1.7904124000015145,0.0,0,0,16307.664624421875,533.9055933035798,16841.570217725457,15879.277346889208,16413.18294019279,193572.33932443647,0.0,103.30031585884944,0.0,0.0,0.8671189708105242,False,False,True
main,deterministic,deterministic,2025-10-01,94,True,True,0,,,0.7,20.0,optimal,1.7904077000021061,1.7904124000015145,0.0,0,0,16307.664624421875,533.9055933035798,16841.570217725457,16354.984874915417,16888.890468218997,200376.40763993163,0.9436265203611829,51.812888508091184,0.0,0.0,0.0,False,False,False
main,deterministic,deterministic,2025-10-01,95,True,True,0,,,0.7,20.0,optimal,1.7904077000021061,1.7904124000015145,0.0,0,0,16307.664624421875,533.9055933035798,16841.570217725457,17047.575398213892,17581.480991517474,207670.58870172495,0.0,59.572041536844985,0.0,0.0,0.0,False,False,False
main,deterministic,deterministic,2025-10-01,96,True,True,0,,,0.7,20.0,optimal,1.7904077000021061,1.7904124000015145,0.0,0,0,16307.664624421875,533.9055933035798,16841.570217725457,16562.59939914551,17096.504992449092,202081.1175941339,0.0,51.929412559277154,0.0,0.0,0.0,False,False,False
main,deterministic,deterministic,2025-10-01,97,True,True,0,,,0.7,20.0,optimal,1.7904077000021061,1.7904124000015145,0.0,0,0,16307.664624421875,533.9055933035798,16841.570217725457,16620.01778660269,17153.92337990627,204579.8573429899,0.0,57.91112008669186,0.0,0.0,0.0,False,False,False
main,deterministic,deterministic,2025-10-01,98,True,True,0,,,0.7,20.0,optimal,1.7904077000021061,1.7904124000015145,0.0,0,0,16307.664624421875,533.9055933035798,16841.570217725457,15590.20159458521,16124.10718788879,175549.04124044333,0.021909057348805022,46.149791490750964,0.0,0.0,0.0,False,False,False
main,deterministic,deterministic,2025-10-01,99,True,True,0,,,0.7,20.0,optimal,1.7904077000021061,1.7904124000015145,0.0,0,0,16307.664624421875,533.9055933035798,16841.570217725457,15896.667354556725,16430.572947860306,184523.913560372,0.21835804120664948,57.154836383886575,0.0,0.037906591521674526,0.0,False,True,False
main,tv_dro_rho_0p01,tv_dro,2025-01-01,0,True,True,20,,0.01,0.7,20.0,optimal_decomposed,72.96970759999749,72.9689142999996,0.0,1,2,15664.81197399028,174.34157851920855,15839.153552509488,15520.602045950316,15694.943624469524,185483.12772115186,0.562081010673825,50.370697219619935,0.0,0.0,0.0,False,False,False
main,tv_dro_rho_0p01,tv_dro,2025-01-01,1,True,True,20,,0.01,0.7,20.0,optimal_decomposed,72.96970759999749,72.9689142999996,0.0,1,2,15664.81197399028,174.34157851920855,15839.153552509488,15591.586459590735,15765.928038109943,176492.26028280891,0.0,58.53632370648387,0.0,0.0,0.0,False,False,False
main,tv_dro_rho_0p01,tv_dro,2025-01-01,2,True,True,20,,0.01,0.7,20.0,optimal_decomposed,72.96970759999749,72.9689142999996,0.0,1,2,15664.81197399028,174.34157851920855,15839.153552509488,16268.44307133819,16442.7846498574,202503.4801908252,0.031127137040366515,45.3217327054912,0.0,0.0,0.0,False,False,False
main,tv_dro_rho_0p01,tv_dro,2025-01-01,3,True,True,20,,0.01,0.7,20.0,optimal_decomposed,72.96970759999749,72.9689142999996,0.0,1,2,15664.81197399028,174.34157851920855,15839.153552509488,15820.103002053418,15994.444580572626,192696.45734854726,0.1333798626115812,52.501854714899686,0.0,0.0,0.0,False,False,False
main,tv_dro_rho_0p01,tv_dro,2025-01-01,4,True,True,20,,0.01,0.7,20.0,optimal_decomposed,72.96970759999749,72.9689142999996,0.0,1,2,15664.81197399028,174.34157851920855,15839.153552509488,15613.365197471554,15787.706775990762,188263.4086124195,0.0,47.70314818804499,0.0,0.0,0.0,False,False,False
main,tv_dro_rho_0p01,tv_dro,2025-01-01,5,True,True,20,,0.01,0.7,20.0,optimal_decomposed,72.96970759999749,72.9689142999996,0.0,1,2,15664.81197399028,174.34157851920855,15839.153552509488,16242.386937888632,16416.728516407842,201733.1633494733,0.06824382361880893,53.70053919883946,0.0,0.0,0.0,False,False,False
main,tv_dro_rho_0p01,tv_dro,2025-01-01,6,True,True,20,,0.01,0.7,20.0,optimal_decomposed,72.96970759999749,72.9689142999996,0.0,1,2,15664.81197399028,174.34157851920855,15839.153552509488,15175.693747904883,15350.035326424091,168273.0906559739,0.01582689113793556,44.05062471503094,0.0,0.0,0.0,False,False,False
main,tv_dro_rho_0p01,tv_dro,2025-01-01,7,True,True,20,,0.01,0.7,20.0,optimal_decomposed,72.96970759999749,72.9689142999996,0.0,1,2,15664.81197399028,174.34157851920855,15839.153552509488,15807.889873136912,15982.23145165612,190314.6028356432,0.006646442062249763,49.1308002719771,0.0,0.0,0.0,False,False,False
main,tv_dro_rho_0p01,tv_dro,2025-01-01,8,True,True,20,,0.01,0.7,20.0,optimal_decomposed,72.96970759999749,72.9689142999996,0.0,1,2,15664.81197399028,174.34157851920855,15839.153552509488,16345.986901596723,16520.32848011593,201523.80449856797,0.10659469998977822,50.573378497915925,0.0,0.0,0.0,False,False,False
main,tv_dro_rho_0p01,tv_dro,2025-01-01,9,True,True,20,,0.01,0.7,20.0,optimal_decomposed,72.96970759999749,72.9689142999996,0.0,1,2,15664.81197399028,174.34157851920855,15839.153552509488,16303.072134309157,16477.413712828366,207098.1162076877,0.10051158417574618,58.544640516337935,0.0,0.0,0.0,False,False,False
main,tv_dro_rho_0p01,tv_dro,2025-01-01,10,True,True,20,,0.01,0.7,20.0,optimal_decomposed,72.96970759999749,72.9689142999996,0.0,1,2,15664.81197399028,174.34157851920855,15839.153552509488,15349.113141468675,15523.454719987883,179560.8260305436,0.1937854556641791,49.79361586344196,0.0,0.0,0.0,False,False,False
main,tv_dro_rho_0p01,tv_dro,2025-01-01,11,True,True,20,,0.01,0.7,20.0,optimal_decomposed,72.96970759999749,72.9689142999996,0.0,1,2,15664.81197399028,174.34157851920855,15839.153552509488,16068.33566874282,16242.677247262029,203995.89561122947,0.022917810132219885,44.22734559421047,0.0,0.0,0.0,False,False,False
main,tv_dro_rho_0p01,tv_dro,2025-01-01,12,True,True,20,,0.01,0.7,20.0,optimal_decomposed,72.96970759999749,72.9689142999996,0.0,1,2,15664.81197399028,174.34157851920855,15839.153552509488,16410.17341779603,16584.51499631524,202673.7819952007,0.0,43.262313791153204,0.0,0.0,0.0,False,False,False
main,tv_dro_rho_0p01,tv_dro,2025-01-01,13,True,True,20,,0.01,0.7,20.0,optimal_decomposed,72.96970759999749,72.9689142999996,0.0,1,2,15664.81197399028,174.34157851920855,15839.153552509488,16139.955449259935,16314.297027779143,201021.09677073598,0.0,52.090508148259886,0.0,0.0,0.0,False,False,False
main,tv_dro_rho_0p01,tv_dro,2025-01-01,14,True,True,20,,0.01,0.7,20.0,optimal_decomposed,72.96970759999749,72.9689142999996,0.0,1,2,15664.81197399028,174.34157851920855,15839.153552509488,16050.529144863925,16224.870723383134,203225.18712505922,0.019950576049807434,49.9376367183791,0.0,0.0,0.0,False,False,False
main,tv_dro_rho_0p01,tv_dro,2025-01-01,15,True,True,20,,0.01,0.7,20.0,optimal_decomposed,72.96970759999749,72.9689142999996,0.0,1,2,15664.81197399028,174.34157851920855,15839.153552509488,15250.399963834532,15424.74154235374,173154.6071252847,0.004660262450850633,43.26798426391999,0.0,0.0,0.0,False,False,False
main,tv_dro_rho_0p01,tv_dro,2025-01-01,16,True,True,20,,0.01,0.7,20.0,optimal_decomposed,72.96970759999749,72.9689142999996,0.0,1,2,15664.81197399028,174.34157851920855,15839.153552509488,16024.07964908825,16198.421227607458,192977.69545160528,0.18740573902794172,48.28777809509626,0.0,0.0,0.0,False,False,False
main,tv_dro_rho_0p01,tv_dro,2025-01-01,17,True,True,20,,0.01,0.7,20.0,optimal_decomposed,72.96970759999749,72.9689142999996,0.0,1,2,15664.81197399028,174.34157851920855,15839.153552509488,15662.762429638828,15837.104008158036,187679.48082097044,0.0019964731352699605,56.566017190730804,0.0,0.0,0.0,False,False,False
main,tv_dro_rho_0p01,tv_dro,2025-01-01,18,True,True,20,,0.01,0.7,20.0,optimal_decomposed,72.96970759999749,72.9689142999996,0.0,1,2,15664.81197399028,174.34157851920855,15839.153552509488,16407.814334436065,16582.155912955273,204286.2551616856,0.0,54.35313693085206,0.0,0.0,0.0,False,False,False
main,tv_dro_rho_0p01,tv_dro,2025-01-01,19,True,True,20,,0.01,0.7,20.0,optimal_decomposed,72.96970759999749,72.9689142999996,0.0,1,2,15664.81197399028,174.34157851920855,15839.153552509488,15173.635259513736,15347.976838032944,177740.41206382116,0.9850937841806278,51.91097208401562,0.0,0.0,0.0,False,False,False
main,tv_dro_rho_0p01,tv_dro,2025-01-01,20,True,True,20,,0.01,0.7,20.0,optimal_decomposed,72.96970759999749,72.9689142999996,0.0,1,2,15664.81197399028,174.34157851920855,15839.153552509488,15928.79244625859,16103.134024777799,206201.59523185602,0.0,47.20948886041971,0.0,0.0,0.0,False,False,False
main,tv_dro_rho_0p01,tv_dro,2025-01-01,21,True,True,20,,0.01,0.7,20.0,optimal_decomposed,72.96970759999749,72.9689142999996,0.0,1,2,15664.81197399028,174.34157851920855,15839.153552509488,16474.6546020831,16648.99618060231,205347.77100373755,0.008572185528187504,43.323741874512855,0.0,0.0,0.0,False,False,False
main,tv_dro_rho_0p01,tv_dro,2025-01-01,22,True,True,20,,0.01,0.7,20.0,optimal_decomposed,72.96970759999749,72.9689142999996,0.0,1,2,15664.81197399028,174.34157851920855,15839.153552509488,15504.020781296436,15678.362359815645,177891.48384165953,0.06522811806183687,48.95235670288758,0.0,0.0,0.0,False,False,False
main,tv_dro_rho_0p01,tv_dro,2025-01-01,23,True,True,20,,0.01,0.7,20.0,optimal_decomposed,72.96970759999749,72.9689142999996,0.0,1,2,15664.81197399028,174.34157851920855,15839.153552509488,15393.238305077493,15567.579883596702,178208.2985315727,0.22114058675030784,51.30859718785818,0.0,0.0,0.0,False,False,False
main,tv_dro_rho_0p01,tv_dro,2025-01-01,24,True,True,20,,0.01,0.7,20.0,optimal_decomposed,72.96970759999749,72.9689142999996,0.0,1,2,15664.81197399028,174.34157851920855,15839.153552509488,15719.077569822888,15893.419148342096,180982.3395987999,0.0538703375997267,52.680811396104644,0.0,0.0,0.0,False,False,False
main,tv_dro_rho_0p01,tv_dro,2025-01-01,25,True,True,20,,0.01,0.7,20.0,optimal_decomposed,72.96970759999749,72.9689142999996,0.0,1,2,15664.81197399028,174.34157851920855,15839.153552509488,15158.166777372307,15332.508355891516,181410.55001216556,0.023708549231763604,47.252826399972065,0.0,0.0,0.0,False,False,False
main,tv_dro_rho_0p01,tv_dro,2025-01-01,26,True,True,20,,0.01,0.7,20.0,optimal_decomposed,72.96970759999749,72.9689142999996,0.0,1,2,15664.81197399028,174.34157851920855,15839.153552509488,16018.83391966791,16193.175498187118,195226.94629560443,0.03019680159361182,54.38413827812049,0.0,0.0,0.0,False,False,False
main,tv_dro_rho_0p01,tv_dro,2025-01-01,27,True,True,20,,0.01,0.7,20.0,optimal_decomposed,72.96970759999749,72.9689142999996,0.0,1,2,15664.81197399028,174.34157851920855,15839.153552509488,15833.058623110972,16007.40020163018,184719.43165029085,0.03648232238143129,53.91406475652177,0.0,0.0,0.0,False,False,False
main,tv_dro_rho_0p01,tv_dro,2025-01-01,28,True,True,20,,0.01,0.7,20.0,optimal_decomposed,72.96970759999749,72.9689142999996,0.0,1,2,15664.81197399028,174.34157851920855,15839.153552509488,16034.215530797885,16208.557109317093,192532.64718232863,0.12288854028721011,43.47467023472482,0.0,0.0,0.0,False,False,False
main,tv_dro_rho_0p01,tv_dro,2025-01-01,29,True,True,20,,0.01,0.7,20.0,optimal_decomposed,72.96970759999749,72.9689142999996,0.0,1,2,15664.81197399028,174.34157851920855,15839.153552509488,15709.29809531424,15883.639673833448,196024.70375447389,0.0,39.73325434198088,0.0,0.0,0.0,False,False,False
main,tv_dro_rho_0p01,tv_dro,2025-01-01,30,True,True,20,,0.01,0.7,20.0,optimal_decomposed,72.96970759999749,72.9689142999996,0.0,1,2,15664.81197399028,174.34157851920855,15839.153552509488,15985.113670465269,16159.455248984477,189949.95948030337,0.0,42.67905671766917,0.0,0.0,0.0,False,False,False
main,tv_dro_rho_0p01,tv_dro,2025-01-01,31,True,True,20,,0.01,0.7,20.0,optimal_decomposed,72.96970759999749,72.9689142999996,0.0,1,2,15664.81197399028,174.34157851920855,15839.153552509488,15718.735546031185,15893.077124550393,189205.44803996477,0.01148059899801912,51.96682054530587,0.0,0.0,0.0,False,False,False
main,tv_dro_rho_0p01,tv_dro,2025-01-01,32,True,True,20,,0.01,0.7,20.0,optimal_decomposed,72.96970759999749,72.9689142999996,0.0,1,2,15664.81197399028,174.34157851920855,15839.153552509488,16285.393158884806,16459.734737404015,191433.58894292705,0.0,50.17469260168658,0.0,0.0,0.0,False,False,False
main,tv_dro_rho_0p01,tv_dro,2025-01-01,33,True,True,20,,0.01,0.7,20.0,optimal_decomposed,72.96970759999749,72.9689142999996,0.0,1,2,15664.81197399028,174.34157851920855,15839.153552509488,16717.54959429757,16891.891172816777,209853.47046604182,0.09428283072513832,63.19745854222504,0.0,0.0,0.0,False,False,False
main,tv_dro_rho_0p01,tv_dro,2025-01-01,34,True,True,20,,0.01,0.7,20.0,optimal_decomposed,72.96970759999749,72.9689142999996,0.0,1,2,15664.81197399028,174.34157851920855,15839.153552509488,16049.876786530302,16224.21836504951,187592.89214475756,0.029143462307471057,52.13775718604264,0.0,0.0,0.0,False,False,False
main,tv_dro_rho_0p01,tv_dro,2025-01-01,35,True,True,20,,0.01,0.7,20.0,optimal_decomposed,72.96970759999749,72.9689142999996,0.0,1,2,15664.81197399028,174.34157851920855,15839.153552509488,15029.847370224657,15204.188948743866,181967.00503745928,0.046151091942978395,54.1826153757222,0.0,0.0,0.0,False,False,False
main,tv_dro_rho_0p01,tv_dro,2025-01-01,36,True,True,20,,0.01,0.7,20.0,optimal_decomposed,72.96970759999749,72.9689142999996,0.0,1,2,15664.81197399028,174.34157851920855,15839.153552509488,16425.735093409854,16600.076671929062,197818.87070411516,0.0,55.546230209189936,0.0,0.0,0.0,False,False,False
main,tv_dro_rho_0p01,tv_dro,2025-01-01,37,True,True,20,,0.01,0.7,20.0,optimal_decomposed,72.96970759999749,72.9689142999996,0.0,1,2,15664.81197399028,174.34157851920855,15839.153552509488,15613.989432944012,15788.33101146322,190068.5488203529,0.0,42.00724205163739,0.0,0.0,0.0,False,False,False
main,tv_dro_rho_0p01,tv_dro,2025-01-01,38,True,True,20,,0.01,0.7,20.0,optimal_decomposed,72.96970759999749,72.9689142999996,0.0,1,2,15664.81197399028,174.34157851920855,15839.153552509488,15146.466618823744,15320.808197342953,178741.30566363243,0.1050742180400226,49.142160222418575,0.0,0.0,0.0,False,False,False
main,tv_dro_rho_0p01,tv_dro,2025-01-01,39,True,True,20,,0.01,0.7,20.0,optimal_decomposed,72.96970759999749,72.9689142999996,0.0,1,2,15664.81197399028,174.34157851920855,15839.153552509488,15908.633631174926,16082.975209694134,190761.88508618376,0.033268715017405026,40.17329404702614,0.0,0.0,0.0,False,False,False
main,tv_dro_rho_0p01,tv_dro,2025-01-01,40,True,True,20,,0.01,0.7,20.0,optimal_decomposed,72.96970759999749,72.9689142999996,0.0,1,2,15664.81197399028,174.34157851920855,15839.153552509488,15498.277934854324,15672.619513373533,183474.4651721332,0.0,43.96262445286386,0.0,0.0,0.0,False,False,False
main,tv_dro_rho_0p01,tv_dro,2025-01-01,41,True,True,20,,0.01,0.7,20.0,optimal_decomposed,72.96970759999749,72.9689142999996,0.0,1,2,15664.81197399028,174.34157851920855,15839.153552509488,15948.83853607424,16123.180114593448,194499.7282925563,0.05921212716828794,39.35721517401702,0.0,0.0,0.0,False,False,False
main,tv_dro_rho_0p01,tv_dro,2025-01-01,42,True,True,20,,0.01,0.7,20.0,optimal_decomposed,72.96970759999749,72.9689142999996,0.0,1,2,15664.81197399028,174.34157851920855,15839.153552509488,15970.455301095328,16144.796879614536,196805.15639679987,0.0,52.72336216283541,0.0,0.0,0.0,False,False,False
main,tv_dro_rho_0p01,tv_dro,2025-01-01,43,True,True,20,,0.01,0.7,20.0,optimal_decomposed,72.96970759999749,72.9689142999996,0.0,1,2,15664.81197399028,174.34157851920855,15839.153552509488,15519.353518124568,15693.695096643776,174961.14795758834,0.08204733623878399,51.48174434952218,0.0,0.0,0.0,False,False,False
main,tv_dro_rho_0p01,tv_dro,2025-01-01,44,True,True,20,,0.01,0.7,20.0,optimal_decomposed,72.96970759999749,72.9689142999996,0.0,1,2,15664.81197399028,174.34157851920855,15839.153552509488,16303.6224255068,16477.96400402601,205112.21512202895,0.11084666567222601,48.30863145589217,0.0,0.0,0.0,False,False,False
main,tv_dro_rho_0p01,tv_dro,2025-01-01,45,True,True,20,,0.01,0.7,20.0,optimal_decomposed,72.96970759999749,72.9689142999996,0.0,1,2,15664.81197399028,174.34157851920855,15839.153552509488,15937.07076692281,16111.412345442019,193583.81443555703,0.15544498359621994,56.28824678175349,0.0,0.0,0.0,False,False,False
main,tv_dro_rho_0p01,tv_dro,2025-01-01,46,True,True,20,,0.01,0.7,20.0,optimal_decomposed,72.96970759999749,72.9689142999996,0.0,1,2,15664.81197399028,174.34157851920855,15839.153552509488,16052.732641282128,16227.074219801336,196496.2658071242,0.016584524385129945,50.66897724979791,0.0,0.0,0.0,False,False,False
main,tv_dro_rho_0p01,tv_dro,2025-01-01,47,True,True,20,,0.01,0.7,20.0,optimal_decomposed,72.96970759999749,72.9689142999996,0.0,1,2,15664.81197399028,174.34157851920855,15839.153552509488,15875.921058419566,16050.262636938774,198276.0498550987,0.0,52.09794603558322,0.0,0.0,0.0,False,False,False
main,tv_dro_rho_0p01,tv_dro,2025-01-01,48,True,True,20,,0.01,0.7,20.0,optimal_decomposed,72.96970759999749,72.9689142999996,0.0,1,2,15664.81197399028,174.34157851920855,15839.153552509488,15681.723753735027,15856.065332254235,183373.8413755905,0.0,48.906934495427855,0.0,0.0,0.0,False,False,False
main,tv_dro_rho_0p01,tv_dro,2025-01-01,49,True,True,20,,0.01,0.7,20.0,optimal_decomposed,72.96970759999749,72.9689142999996,0.0,1,2,15664.81197399028,174.34157851920855,15839.153552509488,15970.588566526172,16144.93014504538,200819.7183149586,0.0,51.30836223985506,0.0,0.0,0.0,False,False,False
main,tv_dro_rho_0p01,tv_dro,2025-01-01,50,True,True,20,,0.01,0.7,20.0,optimal_decomposed,72.96970759999749,72.9689142999996,0.0,1,2,15664.81197399028,174.34157851920855,15839.153552509488,16152.588535263718,16326.930113782926,190079.9111752381,0.0,56.17238698056417,0.0,0.0,0.0,False,False,False
main,tv_dro_rho_0p01,tv_dro,2025-01-01,51,True,True,20,,0.01,0.7,20.0,optimal_decomposed,72.96970759999749,72.9689142999996,0.0,1,2,15664.81197399028,174.34157851920855,15839.153552509488,15543.704436499242,15718.04601501845,188710.24533048426,0.10914317057875011,48.91543266863915,0.0,0.0,0.0,False,False,False
main,tv_dro_rho_0p01,tv_dro,2025-01-01,52,True,True,20,,0.01,0.7,20.0,optimal_decomposed,72.96970759999749,72.9689142999996,0.0,1,2,15664.81197399028,174.34157851920855,15839.153552509488,15886.3652108483,16060.706789367508,195119.1941211328,0.06015212459546329,55.855757788869454,0.0,0.0,0.0,False,False,False
main,tv_dro_rho_0p01,tv_dro,2025-01-01,53,True,True,20,,0.01,0.7,20.0,optimal_decomposed,72.96970759999749,72.9689142999996,0.0,1,2,15664.81197399028,174.34157851920855,15839.153552509488,15369.711938581322,15544.05351710053,172539.27529139808,0.0,44.1324921187016,0.0,0.0,0.0,False,False,False
main,tv_dro_rho_0p01,tv_dro,2025-01-01,54,True,True,20,,0.01,0.7,20.0,optimal_decomposed,72.96970759999749,72.9689142999996,0.0,1,2,15664.81197399028,174.34157851920855,15839.153552509488,14524.699661582423,14699.041240101631,162721.65915896554,0.0,46.467055913061806,0.0,0.0,0.0,False,False,False
main,tv_dro_rho_0p01,tv_dro,2025-01-01,55,True,True,20,,0.01,0.7,20.0,optimal_decomposed,72.96970759999749,72.9689142999996,0.0,1,2,15664.81197399028,174.34157851920855,15839.153552509488,15961.953367200274,16136.294945719483,197018.77425499776,0.14338075730383817,53.133799178158675,0.0,0.0,0.0,False,False,False
main,tv_dro_rho_0p01,tv_dro,2025-01-01,56,True,True,20,,0.01,0.7,20.0,optimal_decomposed,72.96970759999749,72.9689142999996,0.0,1,2,15664.81197399028,174.34157851920855,15839.153552509488,15536.630763663976,15710.972342183184,181667.4571071269,0.09533126682833279,40.49104173583493,0.0,0.0,0.0,False,False,False
main,tv_dro_rho_0p01,tv_dro,2025-01-01,57,True,True,20,,0.01,0.7,20.0,optimal_decomposed,72.96970759999749,72.9689142999996,0.0,1,2,15664.81197399028,174.34157851920855,15839.153552509488,15608.296704792388,15782.638283311597,181046.83697996647,0.0,49.66744469940549,0.0,0.0,0.0,False,False,False
main,tv_dro_rho_0p01,tv_dro,2025-01-01,58,True,True,20,,0.01,0.7,20.0,optimal_decomposed,72.96970759999749,72.9689142999996,0.0,1,2,15664.81197399028,174.34157851920855,15839.153552509488,15804.544613770307,15978.886192289516,191788.98361622193,0.3178815471220016,56.13019338905,0.0,0.0,0.0,False,False,False
main,tv_dro_rho_0p01,tv_dro,2025-01-01,59,True,True,20,,0.01,0.7,20.0,optimal_decomposed,72.96970759999749,72.9689142999996,0.0,1,2,15664.81197399028,174.34157851920855,15839.153552509488,15568.214916389554,15742.556494908762,188656.7827294983,0.03560062433582192,53.59350383574617,0.0,0.0,0.0,False,False,False
main,tv_dro_rho_0p01,tv_dro,2025-01-01,60,True,True,20,,0.01,0.7,20.0,optimal_decomposed,72.96970759999749,72.9689142999996,0.0,1,2,15664.81197399028,174.34157851920855,15839.153552509488,15559.816900174688,15734.158478693897,184608.4396461988,0.19427572541576243,52.34801266149032,0.0,0.0,0.0,False,False,False
main,tv_dro_rho_0p01,tv_dro,2025-01-01,61,True,True,20,,0.01,0.7,20.0,optimal_decomposed,72.96970759999749,72.9689142999996,0.0,1,2,15664.81197399028,174.34157851920855,15839.153552509488,15511.10667632545,15685.448254844658,182603.4195385851,0.0,43.35341135836206,0.0,0.0,0.0,False,False,False
main,tv_dro_rho_0p01,tv_dro,2025-01-01,62,True,True,20,,0.01,0.7,20.0,optimal_decomposed,72.96970759999749,72.9689142999996,0.0,1,2,15664.81197399028,174.34157851920855,15839.153552509488,15377.442746510218,15551.784325029426,183547.43378873353,0.5617296582304061,54.09852772656719,0.0,0.0,0.0,False,False,False
main,tv_dro_rho_0p01,tv_dro,2025-01-01,63,True,True,20,,0.01,0.7,20.0,optimal_decomposed,72.96970759999749,72.9689142999996,0.0,1,2,15664.81197399028,174.34157851920855,15839.153552509488,15523.783131638385,15698.124710157594,193056.84996077913,0.5745513075396552,52.30057395060454,0.0,0.0,0.0,False,False,False
main,tv_dro_rho_0p01,tv_dro,2025-01-01,64,True,True,20,,0.01,0.7,20.0,optimal_decomposed,72.96970759999749,72.9689142999996,0.0,1,2,15664.81197399028,174.34157851920855,15839.153552509488,15998.340996788002,16172.68257530721,195636.31951938177,0.007287727689659684,47.21243007227185,0.0,0.0,0.0,False,False,False
main,tv_dro_rho_0p01,tv_dro,2025-01-01,65,True,True,20,,0.01,0.7,20.0,optimal_decomposed,72.96970759999749,72.9689142999996,0.0,1,2,15664.81197399028,174.34157851920855,15839.153552509488,15711.790731365083,15886.132309884291,193071.27470375816,0.33681861613747716,52.95847412652305,0.0,0.0,0.0,False,False,False
main,tv_dro_rho_0p01,tv_dro,2025-01-01,66,True,True,20,,0.01,0.7,20.0,optimal_decomposed,72.96970759999749,72.9689142999996,0.0,1,2,15664.81197399028,174.34157851920855,15839.153552509488,15634.990880319618,15809.332458838826,186340.3068326494,0.0,59.929289051560396,0.0,0.0,0.0,False,False,False
main,tv_dro_rho_0p01,tv_dro,2025-01-01,67,True,True,20,,0.01,0.7,20.0,optimal_decomposed,72.96970759999749,72.9689142999996,0.0,1,2,15664.81197399028,174.34157851920855,15839.153552509488,15181.012503089414,15355.354081608622,175397.83047292117,0.08724079999477347,51.126557722811725,0.0,0.0,0.0,False,False,False
main,tv_dro_rho_0p01,tv_dro,2025-01-01,68,True,True,20,,0.01,0.7,20.0,optimal_decomposed,72.96970759999749,72.9689142999996,0.0,1,2,15664.81197399028,174.34157851920855,15839.153552509488,16377.884313973165,16552.225892492374,195398.88882296617,0.0,54.64121073038431,0.0,0.0,0.0,False,False,False
main,tv_dro_rho_0p01,tv_dro,2025-01-01,69,True,True,20,,0.01,0.7,20.0,optimal_decomposed,72.96970759999749,72.9689142999996,0.0,1,2,15664.81197399028,174.34157851920855,15839.153552509488,15345.237603272095,15519.579181791303,188540.4545185165,0.011864311845971587,52.9277922210236,0.0,0.0,0.0,False,False,False
main,tv_dro_rho_0p01,tv_dro,2025-01-01,70,True,True,20,,0.01,0.7,20.0,optimal_decomposed,72.96970759999749,72.9689142999996,0.0,1,2,15664.81197399028,174.34157851920855,15839.153552509488,15097.170560596081,15271.51213911529,181075.9094692834,0.044006656444782744,52.51233380818845,0.0,0.0,0.0,False,False,False
main,tv_dro_rho_0p01,tv_dro,2025-01-01,71,True,True,20,,0.01,0.7,20.0,optimal_decomposed,72.96970759999749,72.9689142999996,0.0,1,2,15664.81197399028,174.34157851920855,15839.153552509488,15432.594925002924,15606.936503522133,187816.64706147328,0.0,55.451407922238594,0.0,0.0,0.0,False,False,False
main,tv_dro_rho_0p01,tv_dro,2025-01-01,72,True,True,20,,0.01,0.7,20.0,optimal_decomposed,72.96970759999749,72.9689142999996,0.0,1,2,15664.81197399028,174.34157851920855,15839.153552509488,15955.739117923598,16130.080696442807,192880.8681766591,0.0,56.90918558485485,0.0,0.0,0.0,False,False,False
main,tv_dro_rho_0p01,tv_dro,2025-01-01,73,True,True,20,,0.01,0.7,20.0,optimal_decomposed,72.96970759999749,72.9689142999996,0.0,1,2,15664.81197399028,174.34157851920855,15839.153552509488,16647.4702796609,16821.81185818011,206369.76866281335,0.09232601200448909,50.36008876470763,0.0,0.0,0.0,False,False,False
main,tv_dro_rho_0p01,tv_dro,2025-01-01,74,True,True,20,,0.01,0.7,20.0,optimal_decomposed,72.96970759999749,72.9689142999996,0.0,1,2,15664.81197399028,174.34157851920855,15839.153552509488,15871.755112732884,16046.096691252093,195114.47822088416,0.0,52.436384643171436,0.0,0.0,0.0,False,False,False
main,tv_dro_rho_0p01,tv_dro,2025-01-01,75,True,True,20,,0.01,0.7,20.0,optimal_decomposed,72.96970759999749,72.9689142999996,0.0,1,2,15664.81197399028,174.34157851920855,15839.153552509488,15683.435654341643,15857.777232860852,189729.94009887037,0.0,51.850185914803795,0.0,0.0,0.0,False,False,False
main,tv_dro_rho_0p01,tv_dro,2025-01-01,76,True,True,20,,0.01,0.7,20.0,optimal_decomposed,72.96970759999749,72.9689142999996,0.0,1,2,15664.81197399028,174.34157851920855,15839.153552509488,15826.714155250304,16001.055733769512,184504.3820218852,0.0868550898506287,50.432162648932334,0.0,0.0,0.0,False,False,False
main,tv_dro_rho_0p01,tv_dro,2025-01-01,77,True,True,20,,0.01,0.7,20.0,optimal_decomposed,72.96970759999749,72.9689142999996,0.0,1,2,15664.81197399028,174.34157851920855,15839.153552509488,15801.111692263843,15975.453270783051,192478.36985832572,0.11476545998821336,47.86711402462492,0.0,0.0,0.0,False,False,False
main,tv_dro_rho_0p01,tv_dro,2025-01-01,78,True,True,20,,0.01,0.7,20.0,optimal_decomposed,72.96970759999749,72.9689142999996,0.0,1,2,15664.81197399028,174.34157851920855,15839.153552509488,15299.998040431308,15474.339618950517,176285.25841427443,0.1408659740064186,49.8818328622348,0.0,0.0,0.0,False,False,False
main,tv_dro_rho_0p01,tv_dro,2025-01-01,79,True,True,20,,0.01,0.7,20.0,optimal_decomposed,72.96970759999749,72.9689142999996,0.0,1,2,15664.81197399028,174.34157851920855,15839.153552509488,15148.600154359754,15322.941732878962,176920.67073126943,0.07103537384623393,48.26113804213361,0.0,0.0,0.0,False,False,False
main,tv_dro_rho_0p01,tv_dro,2025-01-01,80,True,True,20,,0.01,0.7,20.0,optimal_decomposed,72.96970759999749,72.9689142999996,0.0,1,2,15664.81197399028,174.34157851920855,15839.153552509488,15645.946421069719,15820.287999588927,189087.22529395428,0.0,48.526296890270835,0.0,0.0,0.0,False,False,False
main,tv_dro_rho_0p01,tv_dro,2025-01-01,81,True,True,20,,0.01,0.7,20.0,optimal_decomposed,72.96970759999749,72.9689142999996,0.0,1,2,15664.81197399028,174.34157851920855,15839.153552509488,15655.872194394802,15830.21377291401,189395.45620405758,0.0,58.543753970760434,0.0,0.0,0.0,False,False,False
main,tv_dro_rho_0p01,tv_dro,2025-01-01,82,True,True,20,,0.01,0.7,20.0,optimal_decomposed,72.96970759999749,72.9689142999996,0.0,1,2,15664.81197399028,174.34157851920855,15839.153552509488,15280.516643083041,15454.85822160225,178450.62062158072,0.039493122847688494,43.436389167218444,0.0,0.0,0.0,False,False,False
main,tv_dro_rho_0p01,tv_dro,2025-01-01,83,True,True,20,,0.01,0.7,20.0,optimal_decomposed,72.96970759999749,72.9689142999996,0.0,1,2,15664.81197399028,174.34157851920855,15839.153552509488,16112.546144271493,16286.887722790701,198879.59392773145,0.07139835393045463,48.029100405898916,0.0,0.0,0.0,False,False,False
main,tv_dro_rho_0p01,tv_dro,2025-01-01,84,True,True,20,,0.01,0.7,20.0,optimal_decomposed,72.96970759999749,72.9689142999996,0.0,1,2,15664.81197399028,174.34157851920855,15839.153552509488,15558.317231542225,15732.658810061434,184550.91609188664,0.0009139893901987939,39.75616394271683,0.0,0.0,0.0,False,False,False
main,tv_dro_rho_0p01,tv_dro,2025-01-01,85,True,True,20,,0.01,0.7,20.0,optimal_decomposed,72.96970759999749,72.9689142999996,0.0,1,2,15664.81197399028,174.34157851920855,15839.153552509488,15217.781992994287,15392.123571513495,180671.07152660206,0.0,53.71101593375751,0.0,0.0,0.0,False,False,False
main,tv_dro_rho_0p01,tv_dro,2025-01-01,86,True,True,20,,0.01,0.7,20.0,optimal_decomposed,72.96970759999749,72.9689142999996,0.0,1,2,15664.81197399028,174.34157851920855,15839.153552509488,15912.93687313612,16087.278451655327,196165.9450221915,0.13426030128565503,46.04576802957412,0.0,0.0,0.0,False,False,False
main,tv_dro_rho_0p01,tv_dro,2025-01-01,87,True,True,20,,0.01,0.7,20.0,optimal_decomposed,72.96970759999749,72.9689142999996,0.0,1,2,15664.81197399028,174.34157851920855,15839.153552509488,14776.340052672233,14950.68163119144,176331.55905476667,0.09752687963832496,49.689501841005274,0.0,0.0,0.0,False,False,False
main,tv_dro_rho_0p01,tv_dro,2025-01-01,88,True,True,20,,0.01,0.7,20.0,optimal_decomposed,72.96970759999749,72.9689142999996,0.0,1,2,15664.81197399028,174.34157851920855,15839.153552509488,16004.166256334645,16178.507834853854,203855.44725802756,0.0,57.13228854052177,0.0,0.0,0.0,False,False,False
main,tv_dro_rho_0p01,tv_dro,2025-01-01,89,True,True,20,,0.01,0.7,20.0,optimal_decomposed,72.96970759999749,72.9689142999996,0.0,1,2,15664.81197399028,174.34157851920855,15839.153552509488,15207.799661381045,15382.141239900253,179421.22836764622,0.08803474414776774,50.55020737646445,0.0,0.0,0.0,False,False,False
main,tv_dro_rho_0p01,tv_dro,2025-01-01,90,True,True,20,,0.01,0.7,20.0,optimal_decomposed,72.96970759999749,72.9689142999996,0.0,1,2,15664.81197399028,174.34157851920855,15839.153552509488,15837.099354628279,16011.440933147487,187788.73307926493,0.11547484736024938,52.79810092615545,0.0,0.0,0.0,False,False,False
main,tv_dro_rho_0p01,tv_dro,2025-01-01,91,True,True,20,,0.01,0.7,20.0,optimal_decomposed,72.96970759999749,72.9689142999996,0.0,1,2,15664.81197399028,174.34157851920855,15839.153552509488,15943.734052166115,16118.075630685324,182637.77866705044,0.0,48.7804358362835,0.0,0.0,0.0,False,False,False
main,tv_dro_rho_0p01,tv_dro,2025-01-01,92,True,True,20,,0.01,0.7,20.0,optimal_decomposed,72.96970759999749,72.9689142999996,0.0,1,2,15664.81197399028,174.34157851920855,15839.153552509488,15810.968355431967,15985.309933951175,196679.4481555161,0.0567700048644009,43.1545774519492,0.0,0.0,0.0,False,False,False
main,tv_dro_rho_0p01,tv_dro,2025-01-01,93,True,True,20,,0.01,0.7,20.0,optimal_decomposed,72.96970759999749,72.9689142999996,0.0,1,2,15664.81197399028,174.34157851920855,15839.153552509488,15522.066677801313,15696.408256320521,186557.95530627872,0.0,50.97728842021533,0.0,0.0,0.0,False,False,False
main,tv_dro_rho_0p01,tv_dro,2025-01-01,94,True,True,20,,0.01,0.7,20.0,optimal_decomposed,72.96970759999749,72.9689142999996,0.0,1,2,15664.81197399028,174.34157851920855,15839.153552509488,15406.74012774425,15581.081706263458,194063.46318379702,0.015721198544592863,48.23015692537894,0.0,0.0,0.0,False,False,False
main,tv_dro_rho_0p01,tv_dro,2025-01-01,95,True,True,20,,0.01,0.7,20.0,optimal_decomposed,72.96970759999749,72.9689142999996,0.0,1,2,15664.81197399028,174.34157851920855,15839.153552509488,15905.82252079079,16080.164099309999,199575.00404791022,0.08866307986274799,53.4594904284264,0.0,0.0,0.0,False,False,False
main,tv_dro_rho_0p01,tv_dro,2025-01-01,96,True,True,20,,0.01,0.7,20.0,optimal_decomposed,72.96970759999749,72.9689142999996,0.0,1,2,15664.81197399028,174.34157851920855,15839.153552509488,15834.974771817218,16009.316350336427,196988.37962088722,0.0,48.498118100481264,0.0,0.0,0.0,False,False,False
main,tv_dro_rho_0p01,tv_dro,2025-01-01,97,True,True,20,,0.01,0.7,20.0,optimal_decomposed,72.96970759999749,72.9689142999996,0.0,1,2,15664.81197399028,174.34157851920855,15839.153552509488,15924.878378700107,16099.219957219315,197383.0300741606,0.0,50.867385503257026,0.0,0.0,0.0,False,False,False
main,tv_dro_rho_0p01,tv_dro,2025-01-01,98,True,True,20,,0.01,0.7,20.0,optimal_decomposed,72.96970759999749,72.9689142999996,0.0,1,2,15664.81197399028,174.34157851920855,15839.153552509488,14915.716568094898,15090.058146614107,168469.29475606448,0.23555139213859996,43.51204377842637,0.0,0.0,0.0,False,False,False
main,tv_dro_rho_0p01,tv_dro,2025-01-01,99,True,True,20,,0.01,0.7,20.0,optimal_decomposed,72.96970759999749,72.9689142999996,0.0,1,2,15664.81197399028,174.34157851920855,15839.153552509488,15287.596558708077,15461.938137227286,178747.1991404773,0.1107267736487722,52.596605360989265,0.0,0.0,0.0,False,False,False
main,tv_dro_rho_0p01,tv_dro,2025-04-01,0,True,True,20,,0.01,0.7,20.0,optimal_decomposed,73.66399190000084,73.66329270000278,0.0,1,2,15462.571691668627,498.3322510884225,15960.90394275705,15386.176418447338,15884.50866953576,132897.1706565075,0.07869535159504679,54.80602966713035,0.0,0.0,0.0,False,False,False
main,tv_dro_rho_0p01,tv_dro,2025-04-01,1,True,True,20,,0.01,0.7,20.0,optimal_decomposed,73.66399190000084,73.66329270000278,0.0,1,2,15462.571691668627,498.3322510884225,15960.90394275705,15436.500642018576,15934.832893107,125765.6455911523,0.0,61.054541417802625,0.0,0.0,0.0,False,False,False
main,tv_dro_rho_0p01,tv_dro,2025-04-01,2,True,True,20,,0.01,0.7,20.0,optimal_decomposed,73.66399190000084,73.66329270000278,0.0,1,2,15462.571691668627,498.3322510884225,15960.90394275705,16433.127223486088,16931.45947457451,146440.79353390922,0.0,48.034626128397896,0.0,0.0,0.0,False,False,False
main,tv_dro_rho_0p01,tv_dro,2025-04-01,3,True,True,20,,0.01,0.7,20.0,optimal_decomposed,73.66399190000084,73.66329270000278,0.0,1,2,15462.571691668627,498.3322510884225,15960.90394275705,15958.644991013709,16456.97724210213,138172.1243546342,0.0,56.10639064755272,0.0,0.0,0.0,False,False,False
main,tv_dro_rho_0p01,tv_dro,2025-04-01,4,True,True,20,,0.01,0.7,20.0,optimal_decomposed,73.66399190000084,73.66329270000278,0.0,1,2,15462.571691668627,498.3322510884225,15960.90394275705,16030.033445800385,16528.365696888806,133673.41826423103,0.0,48.85303114118363,0.0,0.0,0.0,False,False,False
main,tv_dro_rho_0p01,tv_dro,2025-04-01,5,True,True,20,,0.01,0.7,20.0,optimal_decomposed,73.66399190000084,73.66329270000278,0.0,1,2,15462.571691668627,498.3322510884225,15960.90394275705,16282.03394182255,16780.366192910973,144620.01063073328,0.0,59.264615558174675,0.0,0.0,0.0,False,False,False
main,tv_dro_rho_0p01,tv_dro,2025-04-01,6,True,True,20,,0.01,0.7,20.0,optimal_decomposed,73.66399190000084,73.66329270000278,0.0,1,2,15462.571691668627,498.3322510884225,15960.90394275705,15017.60815270163,15515.940403790053,117212.68795191427,0.11642757102538215,48.635146242597216,0.0,0.0,0.0,False,False,False
main,tv_dro_rho_0p01,tv_dro,2025-04-01,7,True,True,20,,0.01,0.7,20.0,optimal_decomposed,73.66399190000084,73.66329270000278,0.0,1,2,15462.571691668627,498.3322510884225,15960.90394275705,15918.365147655688,16416.69739874411,135598.24056753525,0.0,52.66613689614929,0.0,0.0,0.0,False,False,False
main,tv_dro_rho_0p01,tv_dro,2025-04-01,8,True,True,20,,0.01,0.7,20.0,optimal_decomposed,73.66399190000084,73.66329270000278,0.0,1,2,15462.571691668627,498.3322510884225,15960.90394275705,16389.43069573317,16887.76294682159,145211.6604690185,0.03630197867256946,55.80821956162313,0.0,0.0,0.0,False,False,False
main,tv_dro_rho_0p01,tv_dro,2025-04-01,9,True,True,20,,0.01,0.7,20.0,optimal_decomposed,73.66399190000084,73.66329270000278,0.0,1,2,15462.571691668627,498.3322510884225,15960.90394275705,16549.87847765488,17048.2107287433,149622.68849011904,0.023137679845235848,63.47762122504012,0.0,0.14709683246815164,0.0,False,True,False
main,tv_dro_rho_0p01,tv_dro,2025-04-01,10,True,True,20,,0.01,0.7,20.0,optimal_decomposed,73.66399190000084,73.66329270000278,0.0,1,2,15462.571691668627,498.3322510884225,15960.90394275705,15266.271681048373,15764.603932136795,127183.58965693037,0.0,48.374986656884246,0.0,0.0,0.0,False,False,False
main,tv_dro_rho_0p01,tv_dro,2025-04-01,11,True,True,20,,0.01,0.7,20.0,optimal_decomposed,73.66399190000084,73.66329270000278,0.0,1,2,15462.571691668627,498.3322510884225,15960.90394275705,15994.015510996,16492.34776208442,149492.55022394613,0.0,46.71873381111106,0.0,0.0,0.0,False,False,False
main,tv_dro_rho_0p01,tv_dro,2025-04-01,12,True,True,20,,0.01,0.7,20.0,optimal_decomposed,73.66399190000084,73.66329270000278,0.0,1,2,15462.571691668627,498.3322510884225,15960.90394275705,16442.340852181922,16940.673103270343,147552.48769291225,0.0,104.27986085120732,0.0,0.0,0.9033834733734267,False,False,True
main,tv_dro_rho_0p01,tv_dro,2025-04-01,13,True,True,20,,0.01,0.7,20.0,optimal_decomposed,73.66399190000084,73.66329270000278,0.0,1,2,15462.571691668627,498.3322510884225,15960.90394275705,16062.013754498337,16560.346005586758,147735.13713441274,0.05951538492951536,56.83846216637283,0.0,0.0,0.0,False,False,False
main,tv_dro_rho_0p01,tv_dro,2025-04-01,14,True,True,20,,0.01,0.7,20.0,optimal_decomposed,73.66399190000084,73.66329270000278,0.0,1,2,15462.571691668627,498.3322510884225,15960.90394275705,16316.550355186566,16814.882606274987,146015.08516948714,0.0,52.059404814872565,0.0,0.0,0.0,False,False,False
main,tv_dro_rho_0p01,tv_dro,2025-04-01,15,True,True,20,,0.01,0.7,20.0,optimal_decomposed,73.66399190000084,73.66329270000278,0.0,1,2,15462.571691668627,498.3322510884225,15960.90394275705,15199.955680360132,15698.287931448554,121830.91710788745,0.0,50.416080443457155,0.0,0.0,0.0,False,False,False
main,tv_dro_rho_0p01,tv_dro,2025-04-01,16,True,True,20,,0.01,0.7,20.0,optimal_decomposed,73.66399190000084,73.66329270000278,0.0,1,2,15462.571691668627,498.3322510884225,15960.90394275705,16005.321451450884,16503.653702539305,138791.0099491546,0.036936198492932865,49.65230016954623,0.0,0.0,0.0,False,False,False
main,tv_dro_rho_0p01,tv_dro,2025-04-01,17,True,True,20,,0.01,0.7,20.0,optimal_decomposed,73.66399190000084,73.66329270000278,0.0,1,2,15462.571691668627,498.3322510884225,15960.90394275705,15585.720811239917,16084.05306232834,132351.00113185126,0.0,63.566959932877644,0.0,0.0,0.0,False,False,False
main,tv_dro_rho_0p01,tv_dro,2025-04-01,18,True,True,20,,0.01,0.7,20.0,optimal_decomposed,73.66399190000084,73.66329270000278,0.0,1,2,15462.571691668627,498.3322510884225,15960.90394275705,16472.169009186804,16970.501260275225,148854.91033671418,0.17312950696441431,58.131532182737935,0.0,0.0,0.0,False,False,False
main,tv_dro_rho_0p01,tv_dro,2025-04-01,19,True,True,20,,0.01,0.7,20.0,optimal_decomposed,73.66399190000084,73.66329270000278,0.0,1,2,15462.571691668627,498.3322510884225,15960.90394275705,15062.62777370932,15560.960024797743,125465.08257386545,0.0,51.768879417340074,0.0,0.0,0.0,False,False,False
main,tv_dro_rho_0p01,tv_dro,2025-04-01,20,True,True,20,,0.01,0.7,20.0,optimal_decomposed,73.66399190000084,73.66329270000278,0.0,1,2,15462.571691668627,498.3322510884225,15960.90394275705,16514.512871253057,17012.845122341478,150398.65973627774,0.0,48.48116552537261,0.0,0.0,0.0,False,False,False
main,tv_dro_rho_0p01,tv_dro,2025-04-01,21,True,True,20,,0.01,0.7,20.0,optimal_decomposed,73.66399190000084,73.66329270000278,0.0,1,2,15462.571691668627,498.3322510884225,15960.90394275705,16570.916171247445,17069.248422335866,148633.99465906987,0.0,49.25049395824513,0.0,0.0,0.0,False,False,False
main,tv_dro_rho_0p01,tv_dro,2025-04-01,22,True,True,20,,0.01,0.7,20.0,optimal_decomposed,73.66399190000084,73.66329270000278,0.0,1,2,15462.571691668627,498.3322510884225,15960.90394275705,14859.35339491733,15357.685646005753,124595.92213994754,0.0,54.0203292629594,0.0,0.0,0.0,False,False,False
main,tv_dro_rho_0p01,tv_dro,2025-04-01,23,True,True,20,,0.01,0.7,20.0,optimal_decomposed,73.66399190000084,73.66329270000278,0.0,1,2,15462.571691668627,498.3322510884225,15960.90394275705,15228.456217543364,15726.788468631787,125869.42738966856,0.006034236833117823,53.57210043136267,0.0,0.0,0.0,False,False,False
main,tv_dro_rho_0p01,tv_dro,2025-04-01,24,True,True,20,,0.01,0.7,20.0,optimal_decomposed,73.66399190000084,73.66329270000278,0.0,1,2,15462.571691668627,498.3322510884225,15960.90394275705,15455.65834255292,15953.990593641343,130018.71740586437,0.017277907475256038,56.12157654813095,0.0,0.0,0.0,False,False,False
main,tv_dro_rho_0p01,tv_dro,2025-04-01,25,True,True,20,,0.01,0.7,20.0,optimal_decomposed,73.66399190000084,73.66329270000278,0.0,1,2,15462.571691668627,498.3322510884225,15960.90394275705,15363.74044358396,15862.072694672383,128103.9013390684,0.0,50.75711928351506,0.0,0.0,0.0,False,False,False
main,tv_dro_rho_0p01,tv_dro,2025-04-01,26,True,True,20,,0.01,0.7,20.0,optimal_decomposed,73.66399190000084,73.66329270000278,0.0,1,2,15462.571691668627,498.3322510884225,15960.90394275705,16026.165692838114,16524.497943926537,140509.92800719023,0.0,60.516701856462284,0.0,0.0,0.0,False,False,False
main,tv_dro_rho_0p01,tv_dro,2025-04-01,27,True,True,20,,0.01,0.7,20.0,optimal_decomposed,73.66399190000084,73.66329270000278,0.0,1,2,15462.571691668627,498.3322510884225,15960.90394275705,15472.467059501774,15970.799310590197,131432.42846456065,0.0,55.11890580228195,0.0,0.0,0.0,False,False,False
main,tv_dro_rho_0p01,tv_dro,2025-04-01,28,True,True,20,,0.01,0.7,20.0,optimal_decomposed,73.66399190000084,73.66329270000278,0.0,1,2,15462.571691668627,498.3322510884225,15960.90394275705,15795.57386643465,16293.906117523073,138412.0003052759,0.0,44.723425905201275,0.0,0.0,0.0,False,False,False
main,tv_dro_rho_0p01,tv_dro,2025-04-01,29,True,True,20,,0.01,0.7,20.0,optimal_decomposed,73.66399190000084,73.66329270000278,0.0,1,2,15462.571691668627,498.3322510884225,15960.90394275705,16328.973922887153,16827.306173975576,141230.86700730288,0.0,40.97204649420175,0.0,0.0,0.0,False,False,False
main,tv_dro_rho_0p01,tv_dro,2025-04-01,30,True,True,20,,0.01,0.7,20.0,optimal_decomposed,73.66399190000084,73.66329270000278,0.0,1,2,15462.571691668627,498.3322510884225,15960.90394275705,15792.14349446817,16290.475745556592,135691.25549983134,0.0,48.4608519288429,0.0,0.0,0.0,False,False,False
main,tv_dro_rho_0p01,tv_dro,2025-04-01,31,True,True,20,,0.01,0.7,20.0,optimal_decomposed,73.66399190000084,73.66329270000278,0.0,1,2,15462.571691668627,498.3322510884225,15960.90394275705,15941.63705559844,16439.96930668686,134838.8330125819,0.0,51.29932338859444,0.0,0.0,0.0,False,False,False
main,tv_dro_rho_0p01,tv_dro,2025-04-01,32,True,True,20,,0.01,0.7,20.0,optimal_decomposed,73.66399190000084,73.66329270000278,0.0,1,2,15462.571691668627,498.3322510884225,15960.90394275705,15723.28552396436,16221.617775052782,137620.49869393464,0.0,53.740036322941265,0.0,0.0,0.0,False,False,False
main,tv_dro_rho_0p01,tv_dro,2025-04-01,33,True,True,20,,0.01,0.7,20.0,optimal_decomposed,73.66399190000084,73.66329270000278,0.0,1,2,15462.571691668627,498.3322510884225,15960.90394275705,16744.11646812151,17242.44871920993,153248.08395698143,0.0,64.53159857911669,0.0,0.0,0.0,False,False,False
main,tv_dro_rho_0p01,tv_dro,2025-04-01,34,True,True,20,,0.01,0.7,20.0,optimal_decomposed,73.66399190000084,73.66329270000278,0.0,1,2,15462.571691668627,498.3322510884225,15960.90394275705,15813.77769213307,16312.109943221492,133221.9618386968,0.003371029523655533,57.97815655714968,0.0,0.0,0.0,False,False,False
main,tv_dro_rho_0p01,tv_dro,2025-04-01,35,True,True,20,,0.01,0.7,20.0,optimal_decomposed,73.66399190000084,73.66329270000278,0.0,1,2,15462.571691668627,498.3322510884225,15960.90394275705,15486.414809323835,15984.747060412257,129271.53272328842,0.0,59.75338424172883,0.0,0.0,0.0,False,False,False
main,tv_dro_rho_0p01,tv_dro,2025-04-01,36,True,True,20,,0.01,0.7,20.0,optimal_decomposed,73.66399190000084,73.66329270000278,0.0,1,2,15462.571691668627,498.3322510884225,15960.90394275705,16292.068842448618,16790.40109353704,142195.4397978483,0.0,61.130379462610314,0.0,0.0,0.0,False,False,False
main,tv_dro_rho_0p01,tv_dro,2025-04-01,37,True,True,20,,0.01,0.7,20.0,optimal_decomposed,73.66399190000084,73.66329270000278,0.0,1,2,15462.571691668627,498.3322510884225,15960.90394275705,15569.10537957566,16067.437630664082,137167.855192661,0.0,46.66653520233741,0.0,0.0,0.0,False,False,False
main,tv_dro_rho_0p01,tv_dro,2025-04-01,38,True,True,20,,0.01,0.7,20.0,optimal_decomposed,73.66399190000084,73.66329270000278,0.0,1,2,15462.571691668627,498.3322510884225,15960.90394275705,15087.314654960626,15585.646906049049,126217.09908300823,0.0,49.102943577663495,0.0,0.0,0.0,False,False,False
main,tv_dro_rho_0p01,tv_dro,2025-04-01,39,True,True,20,,0.01,0.7,20.0,optimal_decomposed,73.66399190000084,73.66329270000278,0.0,1,2,15462.571691668627,498.3322510884225,15960.90394275705,16065.886764004794,16564.219015093215,139594.80313071402,0.0,49.749936540932374,0.0,0.0,0.0,False,False,False
main,tv_dro_rho_0p01,tv_dro,2025-04-01,40,True,True,20,,0.01,0.7,20.0,optimal_decomposed,73.66399190000084,73.66329270000278,0.0,1,2,15462.571691668627,498.3322510884225,15960.90394275705,15381.375929703476,15879.708180791898,130700.64127270451,0.0009762839829661196,49.06764431721087,0.0,0.0,0.0,False,False,False
main,tv_dro_rho_0p01,tv_dro,2025-04-01,41,True,True,20,,0.01,0.7,20.0,optimal_decomposed,73.66399190000084,73.66329270000278,0.0,1,2,15462.571691668627,498.3322510884225,15960.90394275705,16169.793927173774,16668.126178262195,140376.3391562185,0.2864843442082977,44.69619361175622,0.0,0.0,0.0,False,False,False
main,tv_dro_rho_0p01,tv_dro,2025-04-01,42,True,True,20,,0.01,0.7,20.0,optimal_decomposed,73.66399190000084,73.66329270000278,0.0,1,2,15462.571691668627,498.3322510884225,15960.90394275705,15843.693424091038,16342.02567517946,141232.26704407932,0.10116810920256025,58.26593833919478,0.0,0.0,0.0,False,False,False
main,tv_dro_rho_0p01,tv_dro,2025-04-01,43,True,True,20,,0.01,0.7,20.0,optimal_decomposed,73.66399190000084,73.66329270000278,0.0,1,2,15462.571691668627,498.3322510884225,15960.90394275705,15395.127239362113,15893.459490450536,123469.63110027247,0.0,55.344025747952884,0.0,0.0,0.0,False,False,False
main,tv_dro_rho_0p01,tv_dro,2025-04-01,44,True,True,20,,0.01,0.7,20.0,optimal_decomposed,73.66399190000084,73.66329270000278,0.0,1,2,15462.571691668627,498.3322510884225,15960.90394275705,16353.842388204988,16852.17463929341,148633.23731317336,0.0,54.108187696158105,0.0,0.0,0.0,False,False,False
main,tv_dro_rho_0p01,tv_dro,2025-04-01,45,True,True,20,,0.01,0.7,20.0,optimal_decomposed,73.66399190000084,73.66329270000278,0.0,1,2,15462.571691668627,498.3322510884225,15960.90394275705,15893.898896579567,16392.23114766799,140468.04065450456,0.1074218559365534,57.903124938538355,0.0,0.0,0.0,False,False,False
main,tv_dro_rho_0p01,tv_dro,2025-04-01,46,True,True,20,,0.01,0.7,20.0,optimal_decomposed,73.66399190000084,73.66329270000278,0.0,1,2,15462.571691668627,498.3322510884225,15960.90394275705,16193.6092941913,16691.941545279722,141425.1442940869,0.0,57.01210838258455,0.0,0.0,0.0,False,False,False
main,tv_dro_rho_0p01,tv_dro,2025-04-01,47,True,True,20,,0.01,0.7,20.0,optimal_decomposed,73.66399190000084,73.66329270000278,0.0,1,2,15462.571691668627,498.3322510884225,15960.90394275705,15975.386090855118,16473.71834194354,144207.62672055644,0.021679867091602745,55.11237184479667,0.0,0.0,0.0,False,False,False
main,tv_dro_rho_0p01,tv_dro,2025-04-01,48,True,True,20,,0.01,0.7,20.0,optimal_decomposed,73.66399190000084,73.66329270000278,0.0,1,2,15462.571691668627,498.3322510884225,15960.90394275705,15442.686480614031,15941.018731702454,131514.73973725017,0.0,53.180816385058684,0.0,0.0,0.0,False,False,False
main,tv_dro_rho_0p01,tv_dro,2025-04-01,49,True,True,20,,0.01,0.7,20.0,optimal_decomposed,73.66399190000084,73.66329270000278,0.0,1,2,15462.571691668627,498.3322510884225,15960.90394275705,16241.163226324714,16739.495477413137,146465.13981984078,0.34868893668797984,59.70152663196663,0.0,0.0,0.0,False,False,False
main,tv_dro_rho_0p01,tv_dro,2025-04-01,50,True,True,20,,0.01,0.7,20.0,optimal_decomposed,73.66399190000084,73.66329270000278,0.0,1,2,15462.571691668627,498.3322510884225,15960.90394275705,15464.353146820338,15962.685397908761,134523.216522165,0.0,53.611180805537856,0.0,0.0,0.0,False,False,False
main,tv_dro_rho_0p01,tv_dro,2025-04-01,51,True,True,20,,0.01,0.7,20.0,optimal_decomposed,73.66399190000084,73.66329270000278,0.0,1,2,15462.571691668627,498.3322510884225,15960.90394275705,15835.467583097585,16333.799834186008,133520.0499767002,0.0,54.69413530204296,0.0,0.0,0.0,False,False,False
main,tv_dro_rho_0p01,tv_dro,2025-04-01,52,True,True,20,,0.01,0.7,20.0,optimal_decomposed,73.66399190000084,73.66329270000278,0.0,1,2,15462.571691668627,498.3322510884225,15960.90394275705,15932.842347103691,16431.174598192112,142028.75033591132,0.06408405852729082,57.957039182195174,0.0,0.0,0.0,False,False,False
main,tv_dro_rho_0p01,tv_dro,2025-04-01,53,True,True,20,,0.01,0.7,20.0,optimal_decomposed,73.66399190000084,73.66329270000278,0.0,1,2,15462.571691668627,498.3322510884225,15960.90394275705,15157.598360938659,15655.930612027081,120845.1244517702,0.0,49.00447155262214,0.0,0.0,0.0,False,False,False
main,tv_dro_rho_0p01,tv_dro,2025-04-01,54,True,True,20,,0.01,0.7,20.0,optimal_decomposed,73.66399190000084,73.66329270000278,0.0,1,2,15462.571691668627,498.3322510884225,15960.90394275705,14507.71213054613,15006.044381634552,113013.48685065747,0.0,51.42630652505587,0.0,0.0,0.0,False,False,False
main,tv_dro_rho_0p01,tv_dro,2025-04-01,55,True,True,20,,0.01,0.7,20.0,optimal_decomposed,73.66399190000084,73.66329270000278,0.0,1,2,15462.571691668627,498.3322510884225,15960.90394275705,15836.90502091828,16335.237272006703,141941.79987775543,0.0007064148990900687,58.80715902442798,0.0,0.0,0.0,False,False,False
main,tv_dro_rho_0p01,tv_dro,2025-04-01,56,True,True,20,,0.01,0.7,20.0,optimal_decomposed,73.66399190000084,73.66329270000278,0.0,1,2,15462.571691668627,498.3322510884225,15960.90394275705,15352.269405664629,15850.601656753051,127589.96873338192,0.0,44.15054718847426,0.0,0.0,0.0,False,False,False
main,tv_dro_rho_0p01,tv_dro,2025-04-01,57,True,True,20,,0.01,0.7,20.0,optimal_decomposed,73.66399190000084,73.66329270000278,0.0,1,2,15462.571691668627,498.3322510884225,15960.90394275705,15288.186096405087,15786.51834749351,128521.55756997496,0.17042351158158797,53.39716482594764,0.0,0.0,0.0,False,False,False
main,tv_dro_rho_0p01,tv_dro,2025-04-01,58,True,True,20,,0.01,0.7,20.0,optimal_decomposed,73.66399190000084,73.66329270000278,0.0,1,2,15462.571691668627,498.3322510884225,15960.90394275705,16252.756652200966,16751.088903289387,137741.01562346518,0.0,61.95859904826084,0.0,0.0,0.0,False,False,False
main,tv_dro_rho_0p01,tv_dro,2025-04-01,59,True,True,20,,0.01,0.7,20.0,optimal_decomposed,73.66399190000084,73.66329270000278,0.0,1,2,15462.571691668627,498.3322510884225,15960.90394275705,15596.741782423156,16095.074033511579,134827.8788746935,0.0,54.70098998741737,0.0,0.0,0.0,False,False,False
main,tv_dro_rho_0p01,tv_dro,2025-04-01,60,True,True,20,,0.01,0.7,20.0,optimal_decomposed,73.66399190000084,73.66329270000278,0.0,1,2,15462.571691668627,498.3322510884225,15960.90394275705,15569.336350579679,16067.668601668101,131445.1837430737,0.10267140154127086,53.775016839836674,0.0,0.0,0.0,False,False,False
main,tv_dro_rho_0p01,tv_dro,2025-04-01,61,True,True,20,,0.01,0.7,20.0,optimal_decomposed,73.66399190000084,73.66329270000278,0.0,1,2,15462.571691668627,498.3322510884225,15960.90394275705,15542.884680637357,16041.21693172578,130069.8105826504,0.0,47.17487886547969,0.0,0.0,0.0,False,False,False
main,tv_dro_rho_0p01,tv_dro,2025-04-01,62,True,True,20,,0.01,0.7,20.0,optimal_decomposed,73.66399190000084,73.66329270000278,0.0,1,2,15462.571691668627,498.3322510884225,15960.90394275705,15310.860003580283,15809.192254668706,129426.77163751569,0.0,58.1044783220919,0.0,0.0,0.0,False,False,False
main,tv_dro_rho_0p01,tv_dro,2025-04-01,63,True,True,20,,0.01,0.7,20.0,optimal_decomposed,73.66399190000084,73.66329270000278,0.0,1,2,15462.571691668627,498.3322510884225,15960.90394275705,16050.95288930664,16549.285140395063,139337.28941712657,0.0,62.648680342484624,0.0,0.0,0.0,False,False,False
main,tv_dro_rho_0p01,tv_dro,2025-04-01,64,True,True,20,,0.01,0.7,20.0,optimal_decomposed,73.66399190000084,73.66329270000278,0.0,1,2,15462.571691668627,498.3322510884225,15960.90394275705,15714.475615704894,16212.807866793317,140169.76989163138,0.058327390717834215,47.76875621290199,0.0,0.0,0.0,False,False,False
main,tv_dro_rho_0p01,tv_dro,2025-04-01,65,True,True,20,,0.01,0.7,20.0,optimal_decomposed,73.66399190000084,73.66329270000278,0.0,1,2,15462.571691668627,498.3322510884225,15960.90394275705,15936.843722149477,16435.1759732379,138241.39490926272,0.022434338616834415,60.78988136724432,0.0,0.0,0.0,False,False,False
main,tv_dro_rho_0p01,tv_dro,2025-04-01,66,True,True,20,,0.01,0.7,20.0,optimal_decomposed,73.66399190000084,73.66329270000278,0.0,1,2,15462.571691668627,498.3322510884225,15960.90394275705,15791.9005313893,16290.232782477722,132938.6620023874,0.0,61.81624758804687,0.0,0.0,0.0,False,False,False
main,tv_dro_rho_0p01,tv_dro,2025-04-01,67,True,True,20,,0.01,0.7,20.0,optimal_decomposed,73.66399190000084,73.66329270000278,0.0,1,2,15462.571691668627,498.3322510884225,15960.90394275705,15047.232257554608,15545.56450864303,124880.60247027417,0.055987644736595454,54.528236307093344,0.0,0.0,0.0,False,False,False
main,tv_dro_rho_0p01,tv_dro,2025-04-01,68,True,True,20,,0.01,0.7,20.0,optimal_decomposed,73.66399190000084,73.66329270000278,0.0,1,2,15462.571691668627,498.3322510884225,15960.90394275705,15922.42812732472,16420.760378413142,141642.5167625104,0.08737589059220752,56.89483026490613,0.0,0.0,0.0,False,False,False
main,tv_dro_rho_0p01,tv_dro,2025-04-01,69,True,True,20,,0.01,0.7,20.0,optimal_decomposed,73.66399190000084,73.66329270000278,0.0,1,2,15462.571691668627,498.3322510884225,15960.90394275705,15538.169980742838,16036.50223183126,133185.16501949352,0.0,57.30833453724909,0.0,0.0,0.0,False,False,False
main,tv_dro_rho_0p01,tv_dro,2025-04-01,70,True,True,20,,0.01,0.7,20.0,optimal_decomposed,73.66399190000084,73.66329270000278,0.0,1,2,15462.571691668627,498.3322510884225,15960.90394275705,15177.9577114226,15676.289962511022,128439.57205541663,0.0,58.96779498125017,0.0,0.0,0.0,False,False,False
main,tv_dro_rho_0p01,tv_dro,2025-04-01,71,True,True,20,,0.01,0.7,20.0,optimal_decomposed,73.66399190000084,73.66329270000278,0.0,1,2,15462.571691668627,498.3322510884225,15960.90394275705,15725.243992428956,16223.576243517378,134196.7705102343,0.10091357005402785,63.14267170881572,0.0,0.0,0.0,False,False,False
main,tv_dro_rho_0p01,tv_dro,2025-04-01,72,True,True,20,,0.01,0.7,20.0,optimal_decomposed,73.66399190000084,73.66329270000278,0.0,1,2,15462.571691668627,498.3322510884225,15960.90394275705,15757.151792613164,16255.484043701586,139245.90969769296,0.06285905432260863,57.88779089240794,0.0,0.0,0.0,False,False,False
main,tv_dro_rho_0p01,tv_dro,2025-04-01,73,True,True,20,,0.01,0.7,20.0,optimal_decomposed,73.66399190000084,73.66329270000278,0.0,1,2,15462.571691668627,498.3322510884225,15960.90394275705,16459.45928107488,16957.7915321633,148756.5434491529,0.0,55.11996901788069,0.0,0.0,0.0,False,False,False
main,tv_dro_rho_0p01,tv_dro,2025-04-01,74,True,True,20,,0.01,0.7,20.0,optimal_decomposed,73.66399190000084,73.66329270000278,0.0,1,2,15462.571691668627,498.3322510884225,15960.90394275705,15875.575313100839,16373.907564189261,141763.9471735537,0.12328268419981026,57.74919896078562,0.0,0.0,0.0,False,False,False
main,tv_dro_rho_0p01,tv_dro,2025-04-01,75,True,True,20,,0.01,0.7,20.0,optimal_decomposed,73.66399190000084,73.66329270000278,0.0,1,2,15462.571691668627,498.3322510884225,15960.90394275705,15668.807357664657,16167.13960875308,135521.6163263763,0.023320273591048712,52.81938959645076,0.0,0.0,0.0,False,False,False
main,tv_dro_rho_0p01,tv_dro,2025-04-01,76,True,True,20,,0.01,0.7,20.0,optimal_decomposed,73.66399190000084,73.66329270000278,0.0,1,2,15462.571691668627,498.3322510884225,15960.90394275705,15620.862888252963,16119.195139341386,131453.54476232306,0.0,55.24562820099381,0.0,0.0,0.0,False,False,False
main,tv_dro_rho_0p01,tv_dro,2025-04-01,77,True,True,20,,0.01,0.7,20.0,optimal_decomposed,73.66399190000084,73.66329270000278,0.0,1,2,15462.571691668627,498.3322510884225,15960.90394275705,15755.547277651298,16253.87952873972,138461.2905278894,0.10511439095986663,48.521919224197894,0.0,0.0,0.0,False,False,False
main,tv_dro_rho_0p01,tv_dro,2025-04-01,78,True,True,20,,0.01,0.7,20.0,optimal_decomposed,73.66399190000084,73.66329270000278,0.0,1,2,15462.571691668627,498.3322510884225,15960.90394275705,14884.364887608634,15382.697138697056,122845.40496909217,0.13984870757019535,52.91230099973997,0.0,0.0,0.0,False,False,False
main,tv_dro_rho_0p01,tv_dro,2025-04-01,79,True,True,20,,0.01,0.7,20.0,optimal_decomposed,73.66399190000084,73.66329270000278,0.0,1,2,15462.571691668627,498.3322510884225,15960.90394275705,15190.836190101712,15689.168441190135,125667.01096557602,0.0,53.29712993964119,0.0,0.0,0.0,False,False,False
main,tv_dro_rho_0p01,tv_dro,2025-04-01,80,True,True,20,,0.01,0.7,20.0,optimal_decomposed,73.66399190000084,73.66329270000278,0.0,1,2,15462.571691668627,498.3322510884225,15960.90394275705,15533.0964275375,16031.428678625924,136249.20594143894,0.0,50.90792066705997,0.0,0.0,0.0,False,False,False
main,tv_dro_rho_0p01,tv_dro,2025-04-01,81,True,True,20,,0.01,0.7,20.0,optimal_decomposed,73.66399190000084,73.66329270000278,0.0,1,2,15462.571691668627,498.3322510884225,15960.90394275705,15744.90137328705,16243.233624375473,136497.39276027665,0.0,58.11228886937432,0.0,0.0,0.0,False,False,False
main,tv_dro_rho_0p01,tv_dro,2025-04-01,82,True,True,20,,0.01,0.7,20.0,optimal_decomposed,73.66399190000084,73.66329270000278,0.0,1,2,15462.571691668627,498.3322510884225,15960.90394275705,15103.579204168527,15601.91145525695,126043.05392313865,0.0,44.9255891917946,0.0,0.0,0.0,False,False,False
main,tv_dro_rho_0p01,tv_dro,2025-04-01,83,True,True,20,,0.01,0.7,20.0,optimal_decomposed,73.66399190000084,73.66329270000278,0.0,1,2,15462.571691668627,498.3322510884225,15960.90394275705,16211.997166394376,16710.329417482797,144731.87780242966,0.9432184307801244,52.01458349572036,0.0,0.0,0.0,False,False,False
main,tv_dro_rho_0p01,tv_dro,2025-04-01,84,True,True,20,,0.01,0.7,20.0,optimal_decomposed,73.66399190000084,73.66329270000278,0.0,1,2,15462.571691668627,498.3322510884225,15960.90394275705,15759.026237678008,16257.358488766431,130960.87897391438,0.0,46.7887472921033,0.0,0.0,0.0,False,False,False
main,tv_dro_rho_0p01,tv_dro,2025-04-01,85,True,True,20,,0.01,0.7,20.0,optimal_decomposed,73.66399190000084,73.66329270000278,0.0,1,2,15462.571691668627,498.3322510884225,15960.90394275705,15209.536628150972,15707.868879239395,128133.01350782649,0.07475729412393894,62.31098877803265,0.0,0.0,0.0,False,False,False
main,tv_dro_rho_0p01,tv_dro,2025-04-01,86,True,True,20,,0.01,0.7,20.0,optimal_decomposed,73.66399190000084,73.66329270000278,0.0,1,2,15462.571691668627,498.3322510884225,15960.90394275705,15787.075957096486,16285.408208184908,141629.58650341493,0.0,45.99050003832229,0.0,0.0,0.0,False,False,False
main,tv_dro_rho_0p01,tv_dro,2025-04-01,87,True,True,20,,0.01,0.7,20.0,optimal_decomposed,73.66399190000084,73.66329270000278,0.0,1,2,15462.571691668627,498.3322510884225,15960.90394275705,15033.84705466194,15532.179305750362,124538.8644651649,0.199983049348869,50.762104998586324,0.0,0.0,0.0,False,False,False
main,tv_dro_rho_0p01,tv_dro,2025-04-01,88,True,True,20,,0.01,0.7,20.0,optimal_decomposed,73.66399190000084,73.66329270000278,0.0,1,2,15462.571691668627,498.3322510884225,15960.90394275705,16181.01504031308,16679.3472914015,146801.5511119177,0.0,60.826161952425124,0.0,0.0,0.0,False,False,False
main,tv_dro_rho_0p01,tv_dro,2025-04-01,89,True,True,20,,0.01,0.7,20.0,optimal_decomposed,73.66399190000084,73.66329270000278,0.0,1,2,15462.571691668627,498.3322510884225,15960.90394275705,15223.070284039208,15721.40253512763,127539.4846204194,0.0,50.99454129263654,0.0,0.0,0.0,False,False,False
main,tv_dro_rho_0p01,tv_dro,2025-04-01,90,True,True,20,,0.01,0.7,20.0,optimal_decomposed,73.66399190000084,73.66329270000278,0.0,1,2,15462.571691668627,498.3322510884225,15960.90394275705,15251.843964899437,15750.17621598786,133340.72804020683,0.2550122249061604,59.60042825954301,0.0,0.0,0.0,False,False,False
main,tv_dro_rho_0p01,tv_dro,2025-04-01,91,True,True,20,,0.01,0.7,20.0,optimal_decomposed,73.66399190000084,73.66329270000278,0.0,1,2,15462.571691668627,498.3322510884225,15960.90394275705,15587.12398736012,16085.456238448543,131161.3434920883,0.0,54.46046251505576,0.0,0.0,0.0,False,False,False
main,tv_dro_rho_0p01,tv_dro,2025-04-01,92,True,True,20,,0.01,0.7,20.0,optimal_decomposed,73.66399190000084,73.66329270000278,0.0,1,2,15462.571691668627,498.3322510884225,15960.90394275705,15687.269616349318,16185.601867437741,142251.0646693553,0.0,45.82885447702518,0.0,0.0,0.0,False,False,False
main,tv_dro_rho_0p01,tv_dro,2025-04-01,93,True,True,20,,0.01,0.7,20.0,optimal_decomposed,73.66399190000084,73.66329270000278,0.0,1,2,15462.571691668627,498.3322510884225,15960.90394275705,15626.54072434918,16124.872975437604,133869.52782975172,0.07924822306811002,54.47788240203683,0.0,0.0,0.0,False,False,False
main,tv_dro_rho_0p01,tv_dro,2025-04-01,94,True,True,20,,0.01,0.7,20.0,optimal_decomposed,73.66399190000084,73.66329270000278,0.0,1,2,15462.571691668627,498.3322510884225,15960.90394275705,15625.87036787632,16124.202618964742,140500.6827324894,0.0,50.14161187809384,0.0,0.0,0.0,False,False,False
main,tv_dro_rho_0p01,tv_dro,2025-04-01,95,True,True,20,,0.01,0.7,20.0,optimal_decomposed,73.66399190000084,73.66329270000278,0.0,1,2,15462.571691668627,498.3322510884225,15960.90394275705,16211.723377759543,16710.055628847964,145097.12820629796,0.0,58.27769662068208,0.0,0.0,0.0,False,False,False
main,tv_dro_rho_0p01,tv_dro,2025-04-01,96,True,True,20,,0.01,0.7,20.0,optimal_decomposed,73.66399190000084,73.66329270000278,0.0,1,2,15462.571691668627,498.3322510884225,15960.90394275705,16085.26412083644,16583.59637192486,141750.4651606914,0.0,52.50398536006206,0.0,0.0,0.0,False,False,False
main,tv_dro_rho_0p01,tv_dro,2025-04-01,97,True,True,20,,0.01,0.7,20.0,optimal_decomposed,73.66399190000084,73.66329270000278,0.0,1,2,15462.571691668627,498.3322510884225,15960.90394275705,15984.74503960748,16483.077290695903,143166.8326770755,0.0,55.71166450959974,0.0,0.0,0.0,False,False,False
main,tv_dro_rho_0p01,tv_dro,2025-04-01,98,True,True,20,,0.01,0.7,20.0,optimal_decomposed,73.66399190000084,73.66329270000278,0.0,1,2,15462.571691668627,498.3322510884225,15960.90394275705,14846.171125341016,15344.503376429439,118847.13529122027,0.021909057348805355,45.17063746933089,0.0,0.0,0.0,False,False,False
main,tv_dro_rho_0p01,tv_dro,2025-04-01,99,True,True,20,,0.01,0.7,20.0,optimal_decomposed,73.66399190000084,73.66329270000278,0.0,1,2,15462.571691668627,498.3322510884225,15960.90394275705,15251.659010707283,15749.991261795705,127700.33861773084,0.0,56.56612518961684,0.0,0.0,0.0,False,False,False
main,tv_dro_rho_0p01,tv_dro,2025-07-01,0,True,True,20,,0.01,0.7,20.0,optimal_decomposed,71.8522557000033,71.85165720000077,0.0,1,2,15865.460962360698,295.2709491819056,16160.731911542603,15518.407889671795,15813.6788388537,166734.40847173755,0.0,58.82507567385074,0.0,0.0,0.0,False,False,False
main,tv_dro_rho_0p01,tv_dro,2025-07-01,1,True,True,20,,0.01,0.7,20.0,optimal_decomposed,71.8522557000033,71.85165720000077,0.0,1,2,15865.460962360698,295.2709491819056,16160.731911542603,15802.4301751537,16097.701124335606,158928.26071750806,0.0,69.35791480954214,0.0,0.0,0.0,False,False,False
main,tv_dro_rho_0p01,tv_dro,2025-07-01,2,True,True,20,,0.01,0.7,20.0,optimal_decomposed,71.8522557000033,71.85165720000077,0.0,1,2,15865.460962360698,295.2709491819056,16160.731911542603,16886.19860640951,17181.469555591415,181678.2421650724,0.0,52.02024263461492,0.0,0.0,0.0,False,False,False
main,tv_dro_rho_0p01,tv_dro,2025-07-01,3,True,True,20,,0.01,0.7,20.0,optimal_decomposed,71.8522557000033,71.85165720000077,0.0,1,2,15865.460962360698,295.2709491819056,16160.731911542603,16226.626221633858,16521.897170815762,171568.37650022985,0.00435875861170254,59.288001507637624,0.0,0.0,0.0,False,False,False
main,tv_dro_rho_0p01,tv_dro,2025-07-01,4,True,True,20,,0.01,0.7,20.0,optimal_decomposed,71.8522557000033,71.85165720000077,0.0,1,2,15865.460962360698,295.2709491819056,16160.731911542603,16071.309497522458,16366.580446704364,168393.96066512723,0.0,55.00966178935315,0.0,0.0,0.0,False,False,False
main,tv_dro_rho_0p01,tv_dro,2025-07-01,5,True,True,20,,0.01,0.7,20.0,optimal_decomposed,71.8522557000033,71.85165720000077,0.0,1,2,15865.460962360698,295.2709491819056,16160.731911542603,16707.91690267237,17003.187851854273,179691.4246701389,0.0,57.91016298559447,0.0,0.0,0.0,False,False,False
main,tv_dro_rho_0p01,tv_dro,2025-07-01,6,True,True,20,,0.01,0.7,20.0,optimal_decomposed,71.8522557000033,71.85165720000077,0.0,1,2,15865.460962360698,295.2709491819056,16160.731911542603,15218.192145995814,15513.46309517772,148875.8762592353,0.0,53.545784530124386,0.0,0.0,0.0,False,False,False
main,tv_dro_rho_0p01,tv_dro,2025-07-01,7,True,True,20,,0.01,0.7,20.0,optimal_decomposed,71.8522557000033,71.85165720000077,0.0,1,2,15865.460962360698,295.2709491819056,16160.731911542603,16318.51159730067,16613.782546482576,169338.94559519182,0.0,55.028369088325086,0.0,0.0,0.0,False,False,False
main,tv_dro_rho_0p01,tv_dro,2025-07-01,8,True,True,20,,0.01,0.7,20.0,optimal_decomposed,71.8522557000033,71.85165720000077,0.0,1,2,15865.460962360698,295.2709491819056,16160.731911542603,16331.30498256342,16626.575931745327,179152.07982199496,0.0,59.499221461875656,0.0,0.0,0.0,False,False,False
main,tv_dro_rho_0p01,tv_dro,2025-07-01,9,True,True,20,,0.01,0.7,20.0,optimal_decomposed,71.8522557000033,71.85165720000077,0.0,1,2,15865.460962360698,295.2709491819056,16160.731911542603,17155.26964872844,17450.540597910345,184106.67393687877,0.0,66.9320193107574,0.0,0.0,0.0,False,False,False
main,tv_dro_rho_0p01,tv_dro,2025-07-01,10,True,True,20,,0.01,0.7,20.0,optimal_decomposed,71.8522557000033,71.85165720000077,0.0,1,2,15865.460962360698,295.2709491819056,16160.731911542603,15785.081530303802,16080.352479485708,160541.80299757683,0.0,59.699473630771514,0.0,0.0,0.0,False,False,False
main,tv_dro_rho_0p01,tv_dro,2025-07-01,11,True,True,20,,0.01,0.7,20.0,optimal_decomposed,71.8522557000033,71.85165720000077,0.0,1,2,15865.460962360698,295.2709491819056,16160.731911542603,16510.10717019293,16805.378119374833,183523.819915606,0.0,54.30606723375488,0.0,0.0,0.0,False,False,False
main,tv_dro_rho_0p01,tv_dro,2025-07-01,12,True,True,20,,0.01,0.7,20.0,optimal_decomposed,71.8522557000033,71.85165720000077,0.0,1,2,15865.460962360698,295.2709491819056,16160.731911542603,16917.167819831426,17212.43876901333,181001.31028406048,0.0,53.74194372099116,0.0,0.0,0.0,False,False,False
main,tv_dro_rho_0p01,tv_dro,2025-07-01,13,True,True,20,,0.01,0.7,20.0,optimal_decomposed,71.8522557000033,71.85165720000077,0.0,1,2,15865.460962360698,295.2709491819056,16160.731911542603,16402.501479916613,16697.772429098517,181492.569642398,0.0,59.58626090930885,0.0,0.0,0.0,False,False,False
main,tv_dro_rho_0p01,tv_dro,2025-07-01,14,True,True,20,,0.01,0.7,20.0,optimal_decomposed,71.8522557000033,71.85165720000077,0.0,1,2,15865.460962360698,295.2709491819056,16160.731911542603,16785.91224320623,17081.183192388133,180641.50098491056,0.0,60.47812729886827,0.0,0.0,0.0,False,False,False
main,tv_dro_rho_0p01,tv_dro,2025-07-01,15,True,True,20,,0.01,0.7,20.0,optimal_decomposed,71.8522557000033,71.85165720000077,0.0,1,2,15865.460962360698,295.2709491819056,16160.731911542603,15599.108717236277,15894.379666418183,153467.86803245652,0.0,54.33582013918737,0.0,0.0,0.0,False,False,False
main,tv_dro_rho_0p01,tv_dro,2025-07-01,16,True,True,20,,0.01,0.7,20.0,optimal_decomposed,71.8522557000033,71.85165720000077,0.0,1,2,15865.460962360698,295.2709491819056,16160.731911542603,16252.222064648808,16547.493013830714,171063.60082129025,0.0239217302968249,58.660752386321285,0.0,0.0,0.0,False,False,False
main,tv_dro_rho_0p01,tv_dro,2025-07-01,17,True,True,20,,0.01,0.7,20.0,optimal_decomposed,71.8522557000033,71.85165720000077,0.0,1,2,15865.460962360698,295.2709491819056,16160.731911542603,16304.479945373438,16599.75089455534,166561.96419472113,0.0,67.02651913512543,0.0,0.0,0.0,False,False,False
main,tv_dro_rho_0p01,tv_dro,2025-07-01,18,True,True,20,,0.01,0.7,20.0,optimal_decomposed,71.8522557000033,71.85165720000077,0.0,1,2,15865.460962360698,295.2709491819056,16160.731911542603,16979.188091085773,17274.459040267677,182012.9190737746,0.0,61.72850137898588,0.0,0.0,0.0,False,False,False
main,tv_dro_rho_0p01,tv_dro,2025-07-01,19,True,True,20,,0.01,0.7,20.0,optimal_decomposed,71.8522557000033,71.85165720000077,0.0,1,2,15865.460962360698,295.2709491819056,16160.731911542603,15430.799896395458,15726.070845577364,157591.05018747534,0.0,58.54020534190902,0.0,0.0,0.0,False,False,False
main,tv_dro_rho_0p01,tv_dro,2025-07-01,20,True,True,20,,0.01,0.7,20.0,optimal_decomposed,71.8522557000033,71.85165720000077,0.0,1,2,15865.460962360698,295.2709491819056,16160.731911542603,16734.654165695003,17029.925114876907,184403.06250123534,0.0,56.59368943555382,0.0,0.0,0.0,False,False,False
main,tv_dro_rho_0p01,tv_dro,2025-07-01,21,True,True,20,,0.01,0.7,20.0,optimal_decomposed,71.8522557000033,71.85165720000077,0.0,1,2,15865.460962360698,295.2709491819056,16160.731911542603,16839.20493574201,17134.475884923915,183304.6946854423,0.0,52.35323606842363,0.0,0.0,0.0,False,False,False
main,tv_dro_rho_0p01,tv_dro,2025-07-01,22,True,True,20,,0.01,0.7,20.0,optimal_decomposed,71.8522557000033,71.85165720000077,0.0,1,2,15865.460962360698,295.2709491819056,16160.731911542603,15324.794585723417,15620.065534905323,156869.8828903824,0.0,56.37210362811508,0.0,0.0,0.0,False,False,False
main,tv_dro_rho_0p01,tv_dro,2025-07-01,23,True,True,20,,0.01,0.7,20.0,optimal_decomposed,71.8522557000033,71.85165720000077,0.0,1,2,15865.460962360698,295.2709491819056,16160.731911542603,15563.534665862637,15858.805615044543,159149.9811460261,0.0,62.71008086452335,0.0,0.0,0.0,False,False,False
main,tv_dro_rho_0p01,tv_dro,2025-07-01,24,True,True,20,,0.01,0.7,20.0,optimal_decomposed,71.8522557000033,71.85165720000077,0.0,1,2,15865.460962360698,295.2709491819056,16160.731911542603,15867.419496766875,16162.690445948781,162056.75238132032,0.0,64.29899776277291,0.0,0.0,0.0,False,False,False
main,tv_dro_rho_0p01,tv_dro,2025-07-01,25,True,True,20,,0.01,0.7,20.0,optimal_decomposed,71.8522557000033,71.85165720000077,0.0,1,2,15865.460962360698,295.2709491819056,16160.731911542603,15892.566126655138,16187.837075837044,161264.62293414425,0.0,52.24083768648287,0.0,0.0,0.0,False,False,False
main,tv_dro_rho_0p01,tv_dro,2025-07-01,26,True,True,20,,0.01,0.7,20.0,optimal_decomposed,71.8522557000033,71.85165720000077,0.0,1,2,15865.460962360698,295.2709491819056,16160.731911542603,16402.420725282278,16697.691674464182,175460.99460802882,0.0,65.5079281420889,0.0,0.0,0.0,False,False,False
main,tv_dro_rho_0p01,tv_dro,2025-07-01,27,True,True,20,,0.01,0.7,20.0,optimal_decomposed,71.8522557000033,71.85165720000077,0.0,1,2,15865.460962360698,295.2709491819056,16160.731911542603,15934.21575078454,16229.486699966446,165421.09665785133,0.0,61.51132987618216,0.0,0.0,0.0,False,False,False
main,tv_dro_rho_0p01,tv_dro,2025-07-01,28,True,True,20,,0.01,0.7,20.0,optimal_decomposed,71.8522557000033,71.85165720000077,0.0,1,2,15865.460962360698,295.2709491819056,16160.731911542603,15980.373289167428,16275.644238349334,171879.85016529568,0.0,48.351449379097794,0.0,0.0,0.0,False,False,False
main,tv_dro_rho_0p01,tv_dro,2025-07-01,29,True,True,20,,0.01,0.7,20.0,optimal_decomposed,71.8522557000033,71.85165720000077,0.0,1,2,15865.460962360698,295.2709491819056,16160.731911542603,16310.903602444421,16606.174551626325,175616.40374547598,0.0,46.33418871148493,0.0,0.0,0.0,False,False,False
main,tv_dro_rho_0p01,tv_dro,2025-07-01,30,True,True,20,,0.01,0.7,20.0,optimal_decomposed,71.8522557000033,71.85165720000077,0.0,1,2,15865.460962360698,295.2709491819056,16160.731911542603,15982.219057258362,16277.490006440268,170055.39942505723,0.0,52.381038937617404,0.0,0.0,0.0,False,False,False
main,tv_dro_rho_0p01,tv_dro,2025-07-01,31,True,True,20,,0.01,0.7,20.0,optimal_decomposed,71.8522557000033,71.85165720000077,0.0,1,2,15865.460962360698,295.2709491819056,16160.731911542603,16141.956483568858,16437.227432750762,169306.669367858,0.0,57.476504531251955,0.0,0.0,0.0,False,False,False
main,tv_dro_rho_0p01,tv_dro,2025-07-01,32,True,True,20,,0.01,0.7,20.0,optimal_decomposed,71.8522557000033,71.85165720000077,0.0,1,2,15865.460962360698,295.2709491819056,16160.731911542603,16124.528198960543,16419.799148142447,171602.21708708262,0.0,66.66897866556309,0.0,0.0,0.0,False,False,False
main,tv_dro_rho_0p01,tv_dro,2025-07-01,33,True,True,20,,0.01,0.7,20.0,optimal_decomposed,71.8522557000033,71.85165720000077,0.0,1,2,15865.460962360698,295.2709491819056,16160.731911542603,17191.833351246365,17487.10430042827,188138.45986314086,0.0,70.58334572949174,0.0,0.0,0.0,False,False,False
main,tv_dro_rho_0p01,tv_dro,2025-07-01,34,True,True,20,,0.01,0.7,20.0,optimal_decomposed,71.8522557000033,71.85165720000077,0.0,1,2,15865.460962360698,295.2709491819056,16160.731911542603,16258.999268392314,16554.27021757422,166851.0117750475,0.0,63.14376523894376,0.0,0.0,0.0,False,False,False
main,tv_dro_rho_0p01,tv_dro,2025-07-01,35,True,True,20,,0.01,0.7,20.0,optimal_decomposed,71.8522557000033,71.85165720000077,0.0,1,2,15865.460962360698,295.2709491819056,16160.731911542603,15808.042389373386,16103.313338555292,160672.6747162872,0.0,63.106117160252296,0.0,0.0,0.0,False,False,False
main,tv_dro_rho_0p01,tv_dro,2025-07-01,36,True,True,20,,0.01,0.7,20.0,optimal_decomposed,71.8522557000033,71.85165720000077,0.0,1,2,15865.460962360698,295.2709491819056,16160.731911542603,16390.768191384166,16686.03914056607,176960.08204656967,0.0,67.40662706402398,0.0,0.0,0.0,False,False,False
main,tv_dro_rho_0p01,tv_dro,2025-07-01,37,True,True,20,,0.01,0.7,20.0,optimal_decomposed,71.8522557000033,71.85165720000077,0.0,1,2,15865.460962360698,295.2709491819056,16160.731911542603,15698.629134874742,15993.900084056648,169813.67991600448,0.0,48.96186148061422,0.0,0.0,0.0,False,False,False
main,tv_dro_rho_0p01,tv_dro,2025-07-01,38,True,True,20,,0.01,0.7,20.0,optimal_decomposed,71.8522557000033,71.85165720000077,0.0,1,2,15865.460962360698,295.2709491819056,16160.731911542603,15305.54281757293,15600.813766754836,159205.49176122027,0.0,52.78644274496874,0.0,0.0,0.0,False,False,False
main,tv_dro_rho_0p01,tv_dro,2025-07-01,39,True,True,20,,0.01,0.7,20.0,optimal_decomposed,71.8522557000033,71.85165720000077,0.0,1,2,15865.460962360698,295.2709491819056,16160.731911542603,16586.658950985962,16881.929900167866,173321.43918929194,0.0,49.8347749785687,0.0,0.0,0.0,False,False,False
main,tv_dro_rho_0p01,tv_dro,2025-07-01,40,True,True,20,,0.01,0.7,20.0,optimal_decomposed,71.8522557000033,71.85165720000077,0.0,1,2,15865.460962360698,295.2709491819056,16160.731911542603,15764.641244563549,16059.912193745455,162527.66898678165,0.0,55.07034551565006,0.0,0.0,0.0,False,False,False
main,tv_dro_rho_0p01,tv_dro,2025-07-01,41,True,True,20,,0.01,0.7,20.0,optimal_decomposed,71.8522557000033,71.85165720000077,0.0,1,2,15865.460962360698,295.2709491819056,16160.731911542603,16267.62160130132,16562.892550483226,174018.99707026925,0.0,41.57496531005447,0.0,0.0,0.0,False,False,False
main,tv_dro_rho_0p01,tv_dro,2025-07-01,42,True,True,20,,0.01,0.7,20.0,optimal_decomposed,71.8522557000033,71.85165720000077,0.0,1,2,15865.460962360698,295.2709491819056,16160.731911542603,16459.019868475123,16754.290817657027,175844.33046443903,0.0,60.44922046871586,0.0,0.0,0.0,False,False,False
main,tv_dro_rho_0p01,tv_dro,2025-07-01,43,True,True,20,,0.01,0.7,20.0,optimal_decomposed,71.8522557000033,71.85165720000077,0.0,1,2,15865.460962360698,295.2709491819056,16160.731911542603,15656.453200774082,15951.724149955988,156674.41333001995,0.0,58.645901924265154,0.0,0.0,0.0,False,False,False
main,tv_dro_rho_0p01,tv_dro,2025-07-01,44,True,True,20,,0.01,0.7,20.0,optimal_decomposed,71.8522557000033,71.85165720000077,0.0,1,2,15865.460962360698,295.2709491819056,16160.731911542603,17094.225158937392,17389.496108119296,183253.97475509293,0.0,59.3577898474424,0.0,0.0,0.0,False,False,False
main,tv_dro_rho_0p01,tv_dro,2025-07-01,45,True,True,20,,0.01,0.7,20.0,optimal_decomposed,71.8522557000033,71.85165720000077,0.0,1,2,15865.460962360698,295.2709491819056,16160.731911542603,16041.249623644286,16336.520572826192,173097.3888367293,0.0035519574721460945,65.36262854822724,0.0,0.0,0.0,False,False,False
main,tv_dro_rho_0p01,tv_dro,2025-07-01,46,True,True,20,,0.01,0.7,20.0,optimal_decomposed,71.8522557000033,71.85165720000077,0.0,1,2,15865.460962360698,295.2709491819056,16160.731911542603,16399.37053645953,16694.641485641434,175938.30327135214,0.0,62.11059655635475,0.0,0.0,0.0,False,False,False
main,tv_dro_rho_0p01,tv_dro,2025-07-01,47,True,True,20,,0.01,0.7,20.0,optimal_decomposed,71.8522557000033,71.85165720000077,0.0,1,2,15865.460962360698,295.2709491819056,16160.731911542603,16452.669197844916,16747.94014702682,176295.0525339606,0.0,60.92539317549093,0.0,0.0,0.0,False,False,False
main,tv_dro_rho_0p01,tv_dro,2025-07-01,48,True,True,20,,0.01,0.7,20.0,optimal_decomposed,71.8522557000033,71.85165720000077,0.0,1,2,15865.460962360698,295.2709491819056,16160.731911542603,15652.25384271487,15947.524791896776,163745.58640986224,0.0,57.74136244085515,0.0,0.0,0.0,False,False,False
main,tv_dro_rho_0p01,tv_dro,2025-07-01,49,True,True,20,,0.01,0.7,20.0,optimal_decomposed,71.8522557000033,71.85165720000077,0.0,1,2,15865.460962360698,295.2709491819056,16160.731911542603,16253.513022131401,16548.783971313307,180292.6724322608,0.0,64.67989598018711,0.0,0.0,0.0,False,False,False
main,tv_dro_rho_0p01,tv_dro,2025-07-01,50,True,True,20,,0.01,0.7,20.0,optimal_decomposed,71.8522557000033,71.85165720000077,0.0,1,2,15865.460962360698,295.2709491819056,16160.731911542603,15752.394591417302,16047.665540599208,167361.9558370936,0.0,63.28962223965341,0.0,0.0,0.0,False,False,False
main,tv_dro_rho_0p01,tv_dro,2025-07-01,51,True,True,20,,0.01,0.7,20.0,optimal_decomposed,71.8522557000033,71.85165720000077,0.0,1,2,15865.460962360698,295.2709491819056,16160.731911542603,16149.761684127234,16445.03263330914,166693.35825192457,0.0,61.904736266485465,0.0,0.0,0.0,False,False,False
main,tv_dro_rho_0p01,tv_dro,2025-07-01,52,True,True,20,,0.01,0.7,20.0,optimal_decomposed,71.8522557000033,71.85165720000077,0.0,1,2,15865.460962360698,295.2709491819056,16160.731911542603,16056.976258717537,16352.247207899443,175313.76826555104,0.0,60.78891303206301,0.0,0.0,0.0,False,False,False
main,tv_dro_rho_0p01,tv_dro,2025-07-01,53,True,True,20,,0.01,0.7,20.0,optimal_decomposed,71.8522557000033,71.85165720000077,0.0,1,2,15865.460962360698,295.2709491819056,16160.731911542603,15567.128196451706,15862.399145633612,153115.00894849145,0.0,51.01114895865305,0.0,0.0,0.0,False,False,False
main,tv_dro_rho_0p01,tv_dro,2025-07-01,54,True,True,20,,0.01,0.7,20.0,optimal_decomposed,71.8522557000033,71.85165720000077,0.0,1,2,15865.460962360698,295.2709491819056,16160.731911542603,14898.608178004246,15193.879127186152,143845.81646803324,0.0,53.39361881891053,0.0,0.0,0.0,False,False,False
main,tv_dro_rho_0p01,tv_dro,2025-07-01,55,True,True,20,,0.01,0.7,20.0,optimal_decomposed,71.8522557000033,71.85165720000077,0.0,1,2,15865.460962360698,295.2709491819056,16160.731911542603,15955.835133507822,16251.106082689728,176494.41681615706,0.0,65.91542403759502,0.0,0.0,0.0,False,False,False
main,tv_dro_rho_0p01,tv_dro,2025-07-01,56,True,True,20,,0.01,0.7,20.0,optimal_decomposed,71.8522557000033,71.85165720000077,0.0,1,2,15865.460962360698,295.2709491819056,16160.731911542603,15667.379493000557,15962.650442182463,161718.07026392658,0.0,52.55766834733471,0.0,0.0,0.0,False,False,False
main,tv_dro_rho_0p01,tv_dro,2025-07-01,57,True,True,20,,0.01,0.7,20.0,optimal_decomposed,71.8522557000033,71.85165720000077,0.0,1,2,15865.460962360698,295.2709491819056,16160.731911542603,16046.957959989208,16342.228909171114,160975.4870731812,0.0,53.816621921418204,0.0,0.0,0.0,False,False,False
main,tv_dro_rho_0p01,tv_dro,2025-07-01,58,True,True,20,,0.01,0.7,20.0,optimal_decomposed,71.8522557000033,71.85165720000077,0.0,1,2,15865.460962360698,295.2709491819056,16160.731911542603,16434.766594315126,16730.03754349703,172233.14131795953,0.0,63.54860817097238,0.0,0.0,0.0,False,False,False
main,tv_dro_rho_0p01,tv_dro,2025-07-01,59,True,True,20,,0.01,0.7,20.0,optimal_decomposed,71.8522557000033,71.85165720000077,0.0,1,2,15865.460962360698,295.2709491819056,16160.731911542603,15840.935127213002,16136.206076394908,168336.97926952012,0.0,63.384944437387865,0.0,0.0,0.0,False,False,False
main,tv_dro_rho_0p01,tv_dro,2025-07-01,60,True,True,20,,0.01,0.7,20.0,optimal_decomposed,71.8522557000033,71.85165720000077,0.0,1,2,15865.460962360698,295.2709491819056,16160.731911542603,15840.519279119133,16135.790228301039,165651.6341455283,0.02502038726297484,60.29613183754319,0.0,0.0,0.0,False,False,False
main,tv_dro_rho_0p01,tv_dro,2025-07-01,61,True,True,20,,0.01,0.7,20.0,optimal_decomposed,71.8522557000033,71.85165720000077,0.0,1,2,15865.460962360698,295.2709491819056,16160.731911542603,15854.601798048438,16149.872747230344,162375.21063626566,0.0,48.162854731656445,0.0,0.0,0.0,False,False,False
main,tv_dro_rho_0p01,tv_dro,2025-07-01,62,True,True,20,,0.01,0.7,20.0,optimal_decomposed,71.8522557000033,71.85165720000077,0.0,1,2,15865.460962360698,295.2709491819056,16160.731911542603,15503.12061386521,15798.391563047117,161608.69365012101,0.0,61.60847898245488,0.0,0.0,0.0,False,False,False
main,tv_dro_rho_0p01,tv_dro,2025-07-01,63,True,True,20,,0.01,0.7,20.0,optimal_decomposed,71.8522557000033,71.85165720000077,0.0,1,2,15865.460962360698,295.2709491819056,16160.731911542603,16549.038108792945,16844.30905797485,172528.9024814997,0.0,68.24207755714245,0.0,0.0,0.0,False,False,False
main,tv_dro_rho_0p01,tv_dro,2025-07-01,64,True,True,20,,0.01,0.7,20.0,optimal_decomposed,71.8522557000033,71.85165720000077,0.0,1,2,15865.460962360698,295.2709491819056,16160.731911542603,15847.000786115634,16142.27173529754,174337.3594767413,0.0,54.84596726910999,0.0,0.0,0.0,False,False,False
main,tv_dro_rho_0p01,tv_dro,2025-07-01,65,True,True,20,,0.01,0.7,20.0,optimal_decomposed,71.8522557000033,71.85165720000077,0.0,1,2,15865.460962360698,295.2709491819056,16160.731911542603,16504.395120792888,16799.66606997479,172134.7783703046,0.0,56.66055608914201,0.0,0.0,0.0,False,False,False
main,tv_dro_rho_0p01,tv_dro,2025-07-01,66,True,True,20,,0.01,0.7,20.0,optimal_decomposed,71.8522557000033,71.85165720000077,0.0,1,2,15865.460962360698,295.2709491819056,16160.731911542603,16084.326803739597,16379.597752921503,165620.89080858426,0.0,66.93162629063296,0.0,0.0,0.0,False,False,False
main,tv_dro_rho_0p01,tv_dro,2025-07-01,67,True,True,20,,0.01,0.7,20.0,optimal_decomposed,71.8522557000033,71.85165720000077,0.0,1,2,15865.460962360698,295.2709491819056,16160.731911542603,15438.915510100533,15734.186459282439,158033.546589151,0.0510466448833935,54.496317716589495,0.0,0.0,0.0,False,False,False
main,tv_dro_rho_0p01,tv_dro,2025-07-01,68,True,True,20,,0.01,0.7,20.0,optimal_decomposed,71.8522557000033,71.85165720000077,0.0,1,2,15865.460962360698,295.2709491819056,16160.731911542603,16303.861885538661,16599.132834720567,175965.52133865337,0.0,57.97582709219597,0.0,0.0,0.0,False,False,False
main,tv_dro_rho_0p01,tv_dro,2025-07-01,69,True,True,20,,0.01,0.7,20.0,optimal_decomposed,71.8522557000033,71.85165720000077,0.0,1,2,15865.460962360698,295.2709491819056,16160.731911542603,16364.913849513345,16660.18479869525,166933.3952279348,0.0,61.631438587454895,0.0,0.0,0.0,False,False,False
main,tv_dro_rho_0p01,tv_dro,2025-07-01,70,True,True,20,,0.01,0.7,20.0,optimal_decomposed,71.8522557000033,71.85165720000077,0.0,1,2,15865.460962360698,295.2709491819056,16160.731911542603,15371.874306989743,15667.145256171649,160573.3467250437,0.0,62.019511834173045,0.0,0.0,0.0,False,False,False
main,tv_dro_rho_0p01,tv_dro,2025-07-01,71,True,True,20,,0.01,0.7,20.0,optimal_decomposed,71.8522557000033,71.85165720000077,0.0,1,2,15865.460962360698,295.2709491819056,16160.731911542603,15881.881799744311,16177.152748926217,167473.97052265558,0.0,69.85182615363041,0.0,0.0,0.0,False,False,False
main,tv_dro_rho_0p01,tv_dro,2025-07-01,72,True,True,20,,0.01,0.7,20.0,optimal_decomposed,71.8522557000033,71.85165720000077,0.0,1,2,15865.460962360698,295.2709491819056,16160.731911542603,16389.295303390758,16684.566252572662,173598.44830931534,0.0,62.66324943727673,0.0,0.0,0.0,False,False,False
main,tv_dro_rho_0p01,tv_dro,2025-07-01,73,True,True,20,,0.01,0.7,20.0,optimal_decomposed,71.8522557000033,71.85165720000077,0.0,1,2,15865.460962360698,295.2709491819056,16160.731911542603,16665.164634952172,16960.435584134077,184445.79930141216,0.0,61.25903622990675,0.0,0.0,0.0,False,False,False
main,tv_dro_rho_0p01,tv_dro,2025-07-01,74,True,True,20,,0.01,0.7,20.0,optimal_decomposed,71.8522557000033,71.85165720000077,0.0,1,2,15865.460962360698,295.2709491819056,16160.731911542603,16309.016018068936,16604.286967250842,174210.07382253418,0.0,63.18227603763239,0.0,0.0,0.0,False,False,False
main,tv_dro_rho_0p01,tv_dro,2025-07-01,75,True,True,20,,0.01,0.7,20.0,optimal_decomposed,71.8522557000033,71.85165720000077,0.0,1,2,15865.460962360698,295.2709491819056,16160.731911542603,16216.624236309655,16511.89518549156,169367.794675786,0.0,57.913584473137874,0.0,0.0,0.0,False,False,False
main,tv_dro_rho_0p01,tv_dro,2025-07-01,76,True,True,20,,0.01,0.7,20.0,optimal_decomposed,71.8522557000033,71.85165720000077,0.0,1,2,15865.460962360698,295.2709491819056,16160.731911542603,15887.086174862516,16182.357124044422,165048.9406675336,0.0,60.02812742230919,0.0,0.0,0.0,False,False,False
main,tv_dro_rho_0p01,tv_dro,2025-07-01,77,True,True,20,,0.01,0.7,20.0,optimal_decomposed,71.8522557000033,71.85165720000077,0.0,1,2,15865.460962360698,295.2709491819056,16160.731911542603,16218.741108387927,16514.01205756983,173256.1983005534,0.0,57.890346256414304,0.0,0.0,0.0,False,False,False
main,tv_dro_rho_0p01,tv_dro,2025-07-01,78,True,True,20,,0.01,0.7,20.0,optimal_decomposed,71.8522557000033,71.85165720000077,0.0,1,2,15865.460962360698,295.2709491819056,16160.731911542603,15209.128220569206,15504.399169751112,155309.3387824681,0.0012430046808306061,61.49776787541435,0.0,0.0,0.0,False,False,False
main,tv_dro_rho_0p01,tv_dro,2025-07-01,79,True,True,20,,0.01,0.7,20.0,optimal_decomposed,71.8522557000033,71.85165720000077,0.0,1,2,15865.460962360698,295.2709491819056,16160.731911542603,15545.429913063836,15840.700862245742,158633.5289742024,0.0,55.88838994094485,0.0,0.0,0.0,False,False,False
main,tv_dro_rho_0p01,tv_dro,2025-07-01,80,True,True,20,,0.01,0.7,20.0,optimal_decomposed,71.8522557000033,71.85165720000077,0.0,1,2,15865.460962360698,295.2709491819056,16160.731911542603,16208.436700707469,16503.707649889373,169239.22226977322,0.0,57.722215674103595,0.0,0.0,0.0,False,False,False
main,tv_dro_rho_0p01,tv_dro,2025-07-01,81,True,True,20,,0.01,0.7,20.0,optimal_decomposed,71.8522557000033,71.85165720000077,0.0,1,2,15865.460962360698,295.2709491819056,16160.731911542603,16085.84621504905,16381.117164230956,169191.6539328647,0.0,70.15503252976369,0.0,0.0,0.0,False,False,False
main,tv_dro_rho_0p01,tv_dro,2025-07-01,82,True,True,20,,0.01,0.7,20.0,optimal_decomposed,71.8522557000033,71.85165720000077,0.0,1,2,15865.460962360698,295.2709491819056,16160.731911542603,15216.066504524579,15511.337453706485,159154.73677873783,0.0,49.487391084981105,0.0,0.0,0.0,False,False,False
main,tv_dro_rho_0p01,tv_dro,2025-07-01,83,True,True,20,,0.01,0.7,20.0,optimal_decomposed,71.8522557000033,71.85165720000077,0.0,1,2,15865.460962360698,295.2709491819056,16160.731911542603,16505.803337942718,16801.074287124622,178209.73842648862,0.0,59.70047181975613,0.0,0.0,0.0,False,False,False
main,tv_dro_rho_0p01,tv_dro,2025-07-01,84,True,True,20,,0.01,0.7,20.0,optimal_decomposed,71.8522557000033,71.85165720000077,0.0,1,2,15865.460962360698,295.2709491819056,16160.731911542603,16087.358885687727,16382.629834869633,163867.84837807436,0.0,55.82696186307768,0.0,0.0,0.0,False,False,False
main,tv_dro_rho_0p01,tv_dro,2025-07-01,85,True,True,20,,0.01,0.7,20.0,optimal_decomposed,71.8522557000033,71.85165720000077,0.0,1,2,15865.460962360698,295.2709491819056,16160.731911542603,15469.185695436912,15764.456644618818,160761.2178479559,0.0,65.40601111299148,0.0,0.0,0.0,False,False,False
main,tv_dro_rho_0p01,tv_dro,2025-07-01,86,True,True,20,,0.01,0.7,20.0,optimal_decomposed,71.8522557000033,71.85165720000077,0.0,1,2,15865.460962360698,295.2709491819056,16160.731911542603,16706.142772072795,17001.4137212547,175867.00304569723,0.002624994685910348,54.570223300536746,0.0,0.0,0.0,False,False,False
main,tv_dro_rho_0p01,tv_dro,2025-07-01,87,True,True,20,,0.01,0.7,20.0,optimal_decomposed,71.8522557000033,71.85165720000077,0.0,1,2,15865.460962360698,295.2709491819056,16160.731911542603,15151.212182498111,15446.483131680017,155792.44364545253,0.0,59.82503581774833,0.0,0.0,0.0,False,False,False
main,tv_dro_rho_0p01,tv_dro,2025-07-01,88,True,True,20,,0.01,0.7,20.0,optimal_decomposed,71.8522557000033,71.85165720000077,0.0,1,2,15865.460962360698,295.2709491819056,16160.731911542603,16661.602991265725,16956.87394044763,180935.0947117339,0.0,67.76933421480504,0.0,0.0,0.0,False,False,False
main,tv_dro_rho_0p01,tv_dro,2025-07-01,89,True,True,20,,0.01,0.7,20.0,optimal_decomposed,71.8522557000033,71.85165720000077,0.0,1,2,15865.460962360698,295.2709491819056,16160.731911542603,15584.160157003085,15879.431106184991,161481.97267076644,0.0,56.583382934122724,0.0,0.0,0.0,False,False,False
main,tv_dro_rho_0p01,tv_dro,2025-07-01,90,True,True,20,,0.01,0.7,20.0,optimal_decomposed,71.8522557000033,71.85165720000077,0.0,1,2,15865.460962360698,295.2709491819056,16160.731911542603,15754.341385882579,16049.612335064485,167411.34984394652,0.0,63.25733414947007,0.0,0.0,0.0,False,False,False
main,tv_dro_rho_0p01,tv_dro,2025-07-01,91,True,True,20,,0.01,0.7,20.0,optimal_decomposed,71.8522557000033,71.85165720000077,0.0,1,2,15865.460962360698,295.2709491819056,16160.731911542603,15886.946547987787,16182.217497169693,164512.17310481166,0.0,57.21157040990839,0.0,0.0,0.0,False,False,False
main,tv_dro_rho_0p01,tv_dro,2025-07-01,92,True,True,20,,0.01,0.7,20.0,optimal_decomposed,71.8522557000033,71.85165720000077,0.0,1,2,15865.460962360698,295.2709491819056,16160.731911542603,16126.115456727885,16421.38640590979,175967.4555920901,0.0,45.59735242453828,0.0,0.0,0.0,False,False,False
main,tv_dro_rho_0p01,tv_dro,2025-07-01,93,True,True,20,,0.01,0.7,20.0,optimal_decomposed,71.8522557000033,71.85165720000077,0.0,1,2,15865.460962360698,295.2709491819056,16160.731911542603,16050.771624726036,16346.042573907942,168072.80267435897,0.0,59.03446078082219,0.0,0.0,0.0,False,False,False
main,tv_dro_rho_0p01,tv_dro,2025-07-01,94,True,True,20,,0.01,0.7,20.0,optimal_decomposed,71.8522557000033,71.85165720000077,0.0,1,2,15865.460962360698,295.2709491819056,16160.731911542603,16049.996887653075,16345.26783683498,174052.7554640076,0.0,54.40885377965419,0.0,0.0,0.0,False,False,False
main,tv_dro_rho_0p01,tv_dro,2025-07-01,95,True,True,20,,0.01,0.7,20.0,optimal_decomposed,71.8522557000033,71.85165720000077,0.0,1,2,15865.460962360698,295.2709491819056,16160.731911542603,16826.054591721513,17121.325540903417,180723.1474294693,0.0,59.78929728732524,0.0,0.0,0.0,False,False,False
main,tv_dro_rho_0p01,tv_dro,2025-07-01,96,True,True,20,,0.01,0.7,20.0,optimal_decomposed,71.8522557000033,71.85165720000077,0.0,1,2,15865.460962360698,295.2709491819056,16160.731911542603,16493.6735036936,16788.944452875505,174480.69012798494,0.0,54.38306276482869,0.0,0.0,0.0,False,False,False
main,tv_dro_rho_0p01,tv_dro,2025-07-01,97,True,True,20,,0.01,0.7,20.0,optimal_decomposed,71.8522557000033,71.85165720000077,0.0,1,2,15865.460962360698,295.2709491819056,16160.731911542603,16370.549942706913,16665.82089188882,177777.66730950645,0.0,52.985434774138305,0.0,0.0,0.0,False,False,False
main,tv_dro_rho_0p01,tv_dro,2025-07-01,98,True,True,20,,0.01,0.7,20.0,optimal_decomposed,71.8522557000033,71.85165720000077,0.0,1,2,15865.460962360698,295.2709491819056,16160.731911542603,15207.824753399229,15503.095702581135,151206.45834711829,0.023887610510987672,44.067785933310596,0.0,0.0,0.0,False,False,False
main,tv_dro_rho_0p01,tv_dro,2025-07-01,99,True,True,20,,0.01,0.7,20.0,optimal_decomposed,71.8522557000033,71.85165720000077,0.0,1,2,15865.460962360698,295.2709491819056,16160.731911542603,15627.748735759262,15923.019684941168,159823.23635631351,0.0,61.718640389517184,0.0,0.0,0.0,False,False,False
main,tv_dro_rho_0p01,tv_dro,2025-10-01,0,True,True,20,,0.01,0.7,20.0,optimal_decomposed,76.57653410000057,76.57555049999792,0.0,1,2,16307.664624421883,533.9055933035839,16841.570217725468,16031.33133066986,16565.236923973443,192770.9326137964,0.02611906920083862,54.9125927997076,0.0,0.0,0.0,False,False,False
main,tv_dro_rho_0p01,tv_dro,2025-10-01,1,True,True,20,,0.01,0.7,20.0,optimal_decomposed,76.57653410000057,76.57555049999792,0.0,1,2,16307.664624421883,533.9055933035839,16841.570217725468,16195.353007025087,16729.25860032867,185039.12898265943,0.09377213835974207,63.823933169381924,0.0,0.0,0.0,False,False,False
main,tv_dro_rho_0p01,tv_dro,2025-10-01,2,True,True,20,,0.01,0.7,20.0,optimal_decomposed,76.57653410000057,76.57555049999792,0.0,1,2,16307.664624421883,533.9055933035839,16841.570217725468,17117.88576561366,17651.791358917246,208268.58663769517,0.0,48.35334705585215,0.0,0.0,0.0,False,False,False
main,tv_dro_rho_0p01,tv_dro,2025-10-01,3,True,True,20,,0.01,0.7,20.0,optimal_decomposed,76.57653410000057,76.57555049999792,0.0,1,2,16307.664624421883,533.9055933035839,16841.570217725468,16442.965255115625,16976.87084841921,197865.01613673943,0.07983314935107066,56.969770410515856,0.0,0.0,0.0,False,False,False
main,tv_dro_rho_0p01,tv_dro,2025-10-01,4,True,True,20,,0.01,0.7,20.0,optimal_decomposed,76.57653410000057,76.57555049999792,0.0,1,2,16307.664624421883,533.9055933035839,16841.570217725468,16442.290426077674,16976.19601938126,194877.5795584879,0.06640725363804734,49.60323773423812,0.0,0.0,0.0,False,False,False
main,tv_dro_rho_0p01,tv_dro,2025-10-01,5,True,True,20,,0.01,0.7,20.0,optimal_decomposed,76.57653410000057,76.57555049999792,0.0,1,2,16307.664624421883,533.9055933035839,16841.570217725468,16773.563017458,17307.468610761585,205388.3507285911,0.0009116744088106254,60.97903117980678,0.0,0.0,0.0,False,False,False
main,tv_dro_rho_0p01,tv_dro,2025-10-01,6,True,True,20,,0.01,0.7,20.0,optimal_decomposed,76.57653410000057,76.57555049999792,0.0,1,2,16307.664624421883,533.9055933035839,16841.570217725468,15850.552753891554,16384.458347195137,172999.68516356117,0.0,47.47318554115719,0.0,0.0,0.0,False,False,False
main,tv_dro_rho_0p01,tv_dro,2025-10-01,7,True,True,20,,0.01,0.7,20.0,optimal_decomposed,76.57653410000057,76.57555049999792,0.0,1,2,16307.664624421883,533.9055933035839,16841.570217725468,16088.720673147704,16622.626266451287,194901.8893965581,0.0,52.72961523037875,0.0,0.0,0.0,False,False,False
main,tv_dro_rho_0p01,tv_dro,2025-10-01,8,True,True,20,,0.01,0.7,20.0,optimal_decomposed,76.57653410000057,76.57555049999792,0.0,1,2,16307.664624421883,533.9055933035839,16841.570217725468,16791.004125970045,17324.90971927363,206033.97720255272,0.1552973226163109,51.42543010927609,0.0,0.0,0.0,False,False,False
main,tv_dro_rho_0p01,tv_dro,2025-10-01,9,True,True,20,,0.01,0.7,20.0,optimal_decomposed,76.57653410000057,76.57555049999792,0.0,1,2,16307.664624421883,533.9055933035839,16841.570217725468,17165.130074535606,17699.03566783919,211744.64034830133,0.08216171027712516,64.89541469576956,0.0,0.0,0.0,False,False,False
main,tv_dro_rho_0p01,tv_dro,2025-10-01,10,True,True,20,,0.01,0.7,20.0,optimal_decomposed,76.57653410000057,76.57555049999792,0.0,1,2,16307.664624421883,533.9055933035839,16841.570217725468,16198.928618400505,16732.83421170409,186022.58516964634,0.0,56.56084765887702,0.0,0.0,0.0,False,False,False
main,tv_dro_rho_0p01,tv_dro,2025-10-01,11,True,True,20,,0.01,0.7,20.0,optimal_decomposed,76.57653410000057,76.57555049999792,0.0,1,2,16307.664624421883,533.9055933035839,16841.570217725468,16817.859343584798,17351.764936888383,211534.80896977292,0.0750261454224801,51.505687061593186,0.0,0.0,0.0,False,False,False
main,tv_dro_rho_0p01,tv_dro,2025-10-01,12,True,True,20,,0.01,0.7,20.0,optimal_decomposed,76.57653410000057,76.57555049999792,0.0,1,2,16307.664624421883,533.9055933035839,16841.570217725468,17003.499250868153,17537.40484417174,207249.02529863713,0.0,48.97575763808296,0.0,0.0,0.0,False,False,False
main,tv_dro_rho_0p01,tv_dro,2025-10-01,13,True,True,20,,0.01,0.7,20.0,optimal_decomposed,76.57653410000057,76.57555049999792,0.0,1,2,16307.664624421883,533.9055933035839,16841.570217725468,16842.949288209074,17376.85488151266,208327.77281197105,0.0,55.895579696568646,0.0,0.0,0.0,False,False,False
main,tv_dro_rho_0p01,tv_dro,2025-10-01,14,True,True,20,,0.01,0.7,20.0,optimal_decomposed,76.57653410000057,76.57555049999792,0.0,1,2,16307.664624421883,533.9055933035839,16841.570217725468,17202.926210494552,17736.831803798137,206687.80274263406,0.0,51.9784339560384,0.0,0.0,0.0,False,False,False
main,tv_dro_rho_0p01,tv_dro,2025-10-01,15,True,True,20,,0.01,0.7,20.0,optimal_decomposed,76.57653410000057,76.57555049999792,0.0,1,2,16307.664624421883,533.9055933035839,16841.570217725468,16015.659714527334,16549.56530783092,179635.0047853437,0.0,47.909869927295546,0.0,0.0,0.0,False,False,False
main,tv_dro_rho_0p01,tv_dro,2025-10-01,16,True,True,20,,0.01,0.7,20.0,optimal_decomposed,76.57653410000057,76.57555049999792,0.0,1,2,16307.664624421883,533.9055933035839,16841.570217725468,16636.432792372067,17170.33838567565,197607.27806141693,0.126845681182473,52.11333109952624,0.0,0.0,0.0,False,False,False
main,tv_dro_rho_0p01,tv_dro,2025-10-01,17,True,True,20,,0.01,0.7,20.0,optimal_decomposed,76.57653410000057,76.57555049999792,0.0,1,2,16307.664624421883,533.9055933035839,16841.570217725468,16473.846491140215,17007.7520844438,191649.10689697706,0.0,62.20153527509557,0.0,0.0,0.0,False,False,False
main,tv_dro_rho_0p01,tv_dro,2025-10-01,18,True,True,20,,0.01,0.7,20.0,optimal_decomposed,76.57653410000057,76.57555049999792,0.0,1,2,16307.664624421883,533.9055933035839,16841.570217725468,16974.798413828263,17508.704007131848,208543.79456224473,0.0,57.73740807855211,0.0,0.0,0.0,False,False,False
main,tv_dro_rho_0p01,tv_dro,2025-10-01,19,True,True,20,,0.01,0.7,20.0,optimal_decomposed,76.57653410000057,76.57555049999792,0.0,1,2,16307.664624421883,533.9055933035839,16841.570217725468,15687.390777986497,16221.29637129008,182184.62746461987,0.0703866459356326,53.206762941524914,0.0,0.0,0.0,False,False,False
main,tv_dro_rho_0p01,tv_dro,2025-10-01,20,True,True,20,,0.01,0.7,20.0,optimal_decomposed,76.57653410000057,76.57555049999792,0.0,1,2,16307.664624421883,533.9055933035839,16841.570217725468,16761.280306830347,17295.185900133933,210170.50269590123,0.0,52.79108550316415,0.0,0.0,0.0,False,False,False
main,tv_dro_rho_0p01,tv_dro,2025-10-01,21,True,True,20,,0.01,0.7,20.0,optimal_decomposed,76.57653410000057,76.57555049999792,0.0,1,2,16307.664624421883,533.9055933035839,16841.570217725468,17059.89280994975,17593.798403253335,210626.0825747733,0.0,51.71822726685797,0.0,0.0,0.0,False,False,False
main,tv_dro_rho_0p01,tv_dro,2025-10-01,22,True,True,20,,0.01,0.7,20.0,optimal_decomposed,76.57653410000057,76.57555049999792,0.0,1,2,16307.664624421883,533.9055933035839,16841.570217725468,15869.193319955846,16403.09891325943,181675.839744908,0.011681404801326345,50.38185133498917,0.0,0.0,0.0,False,False,False
main,tv_dro_rho_0p01,tv_dro,2025-10-01,23,True,True,20,,0.01,0.7,20.0,optimal_decomposed,76.57653410000057,76.57555049999792,0.0,1,2,16307.664624421883,533.9055933035839,16841.570217725468,16184.737457153487,16718.64305045707,183256.4143285305,0.09594371952265796,56.35369259452445,0.0,0.0,0.0,False,False,False
main,tv_dro_rho_0p01,tv_dro,2025-10-01,24,True,True,20,,0.01,0.7,20.0,optimal_decomposed,76.57653410000057,76.57555049999792,0.0,1,2,16307.664624421883,533.9055933035839,16841.570217725468,16273.142866984555,16807.04846028814,188344.2999001639,0.0,60.805401032152155,0.0,0.0,0.0,False,False,False
main,tv_dro_rho_0p01,tv_dro,2025-10-01,25,True,True,20,,0.01,0.7,20.0,optimal_decomposed,76.57653410000057,76.57555049999792,0.0,1,2,16307.664624421883,533.9055933035839,16841.570217725468,16172.308554651428,16706.214147955012,187169.618090572,0.0,49.659241191195726,0.0,0.0,0.0,False,False,False
main,tv_dro_rho_0p01,tv_dro,2025-10-01,26,True,True,20,,0.01,0.7,20.0,optimal_decomposed,76.57653410000057,76.57555049999792,0.0,1,2,16307.664624421883,533.9055933035839,16841.570217725468,16852.190772231115,17386.0963655347,202540.78332859545,0.0,59.24665801235629,0.0,0.0,0.0,False,False,False
main,tv_dro_rho_0p01,tv_dro,2025-10-01,27,True,True,20,,0.01,0.7,20.0,optimal_decomposed,76.57653410000057,76.57555049999792,0.0,1,2,16307.664624421883,533.9055933035839,16841.570217725468,16234.564393674636,16768.46998697822,192623.04252963877,0.038259819614370194,58.80721511479625,0.0,0.0,0.0,False,False,False
main,tv_dro_rho_0p01,tv_dro,2025-10-01,28,True,True,20,,0.01,0.7,20.0,optimal_decomposed,76.57653410000057,76.57555049999792,0.0,1,2,16307.664624421883,533.9055933035839,16841.570217725468,16570.6929737165,17104.598567020086,197958.41815890526,0.028237483695521398,47.39196835295277,0.0,0.0,0.0,False,False,False
main,tv_dro_rho_0p01,tv_dro,2025-10-01,29,True,True,20,,0.01,0.7,20.0,optimal_decomposed,76.57653410000057,76.57555049999792,0.0,1,2,16307.664624421883,533.9055933035839,16841.570217725468,16755.692678048646,17289.59827135223,202848.01896479132,0.0,41.83513758390394,0.0,0.0,0.0,False,False,False
main,tv_dro_rho_0p01,tv_dro,2025-10-01,30,True,True,20,,0.01,0.7,20.0,optimal_decomposed,76.57653410000057,76.57555049999792,0.0,1,2,16307.664624421883,533.9055933035839,16841.570217725468,16474.131060468182,17008.036653771767,196877.71874459178,0.07847760435466622,49.16295402320634,0.0,0.0,0.0,False,False,False
main,tv_dro_rho_0p01,tv_dro,2025-10-01,31,True,True,20,,0.01,0.7,20.0,optimal_decomposed,76.57653410000057,76.57555049999792,0.0,1,2,16307.664624421883,533.9055933035839,16841.570217725468,16421.24547705357,16955.151070357155,196573.12134602002,0.0,52.49967155307721,0.0,0.0,0.0,False,False,False
main,tv_dro_rho_0p01,tv_dro,2025-10-01,32,True,True,20,,0.01,0.7,20.0,optimal_decomposed,76.57653410000057,76.57555049999792,0.0,1,2,16307.664624421883,533.9055933035839,16841.570217725468,16742.733400957353,17276.63899426094,197037.22205611508,0.0,58.77184554014566,0.0,0.0,0.0,False,False,False
main,tv_dro_rho_0p01,tv_dro,2025-10-01,33,True,True,20,,0.01,0.7,20.0,optimal_decomposed,76.57653410000057,76.57555049999792,0.0,1,2,16307.664624421883,533.9055933035839,16841.570217725468,17220.222453205075,17754.12804650866,214937.1275268421,0.0,67.74292028990442,0.0,0.0,0.0,False,False,False
main,tv_dro_rho_0p01,tv_dro,2025-10-01,34,True,True,20,,0.01,0.7,20.0,optimal_decomposed,76.57653410000057,76.57555049999792,0.0,1,2,16307.664624421883,533.9055933035839,16841.570217725468,16354.611785885227,16888.517379188812,192813.44976564063,0.10026714745419052,54.19538865687601,0.0,0.0,0.0,False,False,False
main,tv_dro_rho_0p01,tv_dro,2025-10-01,35,True,True,20,,0.01,0.7,20.0,optimal_decomposed,76.57653410000057,76.57555049999792,0.0,1,2,16307.664624421883,533.9055933035839,16841.570217725468,16122.957042869553,16656.862636173137,186872.31998654854,0.0,58.1991857595394,0.0,0.0,0.0,False,False,False
main,tv_dro_rho_0p01,tv_dro,2025-10-01,36,True,True,20,,0.01,0.7,20.0,optimal_decomposed,76.57653410000057,76.57555049999792,0.0,1,2,16307.664624421883,533.9055933035839,16841.570217725468,17044.683655852783,17578.589249156368,201732.1402329545,0.0,59.283078674860036,0.0,0.0,0.0,False,False,False
main,tv_dro_rho_0p01,tv_dro,2025-10-01,37,True,True,20,,0.01,0.7,20.0,optimal_decomposed,76.57653410000057,76.57555049999792,0.0,1,2,16307.664624421883,533.9055933035839,16841.570217725468,16272.223244197072,16806.128837500655,195317.59268251358,0.009754872097139433,45.40513125579533,0.0,0.0,0.0,False,False,False
main,tv_dro_rho_0p01,tv_dro,2025-10-01,38,True,True,20,,0.01,0.7,20.0,optimal_decomposed,76.57653410000057,76.57555049999792,0.0,1,2,16307.664624421883,533.9055933035839,16841.570217725468,15475.63995416775,16009.545547471333,183653.76568540564,0.05152750477951207,52.57308604751596,0.0,0.0,0.0,False,False,False
main,tv_dro_rho_0p01,tv_dro,2025-10-01,39,True,True,20,,0.01,0.7,20.0,optimal_decomposed,76.57653410000057,76.57555049999792,0.0,1,2,16307.664624421883,533.9055933035839,16841.570217725468,16549.1341550671,17083.039748370684,199337.29869121057,0.0,47.02421684528923,0.0,0.0,0.0,False,False,False
main,tv_dro_rho_0p01,tv_dro,2025-10-01,40,True,True,20,,0.01,0.7,20.0,optimal_decomposed,76.57653410000057,76.57555049999792,0.0,1,2,16307.664624421883,533.9055933035839,16841.570217725468,16147.112083716993,16681.017677020576,188415.62548186487,0.0,47.59677318373885,0.0,0.0,0.0,False,False,False
main,tv_dro_rho_0p01,tv_dro,2025-10-01,41,True,True,20,,0.01,0.7,20.0,optimal_decomposed,76.57653410000057,76.57555049999792,0.0,1,2,16307.664624421883,533.9055933035839,16841.570217725468,16773.07409753462,17306.979690838205,200743.09498954925,0.005665413907777306,39.74495568437512,0.0,0.0,0.0,False,False,False
main,tv_dro_rho_0p01,tv_dro,2025-10-01,42,True,True,20,,0.01,0.7,20.0,optimal_decomposed,76.57653410000057,76.57555049999792,0.0,1,2,16307.664624421883,533.9055933035839,16841.570217725468,16691.895673146402,17225.801266449987,202431.08896534157,0.0,54.29835317218326,0.0,0.0,0.0,False,False,False
main,tv_dro_rho_0p01,tv_dro,2025-10-01,43,True,True,20,,0.01,0.7,20.0,optimal_decomposed,76.57653410000057,76.57555049999792,0.0,1,2,16307.664624421883,533.9055933035839,16841.570217725468,15820.4367985826,16354.342391886183,181976.4626843948,0.028500622978273465,56.68349817823767,0.0,0.0,0.0,False,False,False
main,tv_dro_rho_0p01,tv_dro,2025-10-01,44,True,True,20,,0.01,0.7,20.0,optimal_decomposed,76.57653410000057,76.57555049999792,0.0,1,2,16307.664624421883,533.9055933035839,16841.570217725468,17196.791114338386,17730.69670764197,210356.95808024268,0.0,56.90831120321567,0.0,0.0,0.0,False,False,False
main,tv_dro_rho_0p01,tv_dro,2025-10-01,45,True,True,20,,0.01,0.7,20.0,optimal_decomposed,76.57653410000057,76.57555049999792,0.0,1,2,16307.664624421883,533.9055933035839,16841.570217725468,16572.033873722434,17105.93946702602,200892.85090594256,0.0,60.528159154063694,0.0,0.0,0.0,False,False,False
main,tv_dro_rho_0p01,tv_dro,2025-10-01,46,True,True,20,,0.01,0.7,20.0,optimal_decomposed,76.57653410000057,76.57555049999792,0.0,1,2,16307.664624421883,533.9055933035839,16841.570217725468,16431.918527832106,16965.82412113569,201549.41469658533,0.0,54.38023263542474,0.0,0.0,0.0,False,False,False
main,tv_dro_rho_0p01,tv_dro,2025-10-01,47,True,True,20,,0.01,0.7,20.0,optimal_decomposed,76.57653410000057,76.57555049999792,0.0,1,2,16307.664624421883,533.9055933035839,16841.570217725468,16613.018851946737,17146.924445250323,203392.07693784256,0.0,55.779387837071226,0.0,0.0,0.0,False,False,False
main,tv_dro_rho_0p01,tv_dro,2025-10-01,48,True,True,20,,0.01,0.7,20.0,optimal_decomposed,76.57653410000057,76.57555049999792,0.0,1,2,16307.664624421883,533.9055933035839,16841.570217725468,16053.658176872645,16587.563770176228,188326.2016050763,0.13882054382778453,52.32698545230949,0.0,0.0,0.0,False,False,False
main,tv_dro_rho_0p01,tv_dro,2025-10-01,49,True,True,20,,0.01,0.7,20.0,optimal_decomposed,76.57653410000057,76.57555049999792,0.0,1,2,16307.664624421883,533.9055933035839,16841.570217725468,16743.26806135074,17277.173654654325,206822.34164125414,0.0,56.80854481113074,0.0,0.0,0.0,False,False,False
main,tv_dro_rho_0p01,tv_dro,2025-10-01,50,True,True,20,,0.01,0.7,20.0,optimal_decomposed,76.57653410000057,76.57555049999792,0.0,1,2,16307.664624421883,533.9055933035839,16841.570217725468,16518.370900343092,17052.276493646677,194083.35333352865,0.09193785780729669,57.45886990339335,0.0,0.0,0.0,False,False,False
main,tv_dro_rho_0p01,tv_dro,2025-10-01,51,True,True,20,,0.01,0.7,20.0,optimal_decomposed,76.57653410000057,76.57555049999792,0.0,1,2,16307.664624421883,533.9055933035839,16841.570217725468,16412.928669320587,16946.834262624172,193030.27092439076,0.10717958452750415,54.40491743025438,0.0,0.0,0.0,False,False,False
main,tv_dro_rho_0p01,tv_dro,2025-10-01,52,True,True,20,,0.01,0.7,20.0,optimal_decomposed,76.57653410000057,76.57555049999792,0.0,1,2,16307.664624421883,533.9055933035839,16841.570217725468,16581.31963312025,17115.225226423834,201386.7102664248,0.0,61.93362231699012,0.0,0.0,0.0,False,False,False
main,tv_dro_rho_0p01,tv_dro,2025-10-01,53,True,True,20,,0.01,0.7,20.0,optimal_decomposed,76.57653410000057,76.57555049999792,0.0,1,2,16307.664624421883,533.9055933035839,16841.570217725468,16134.99210434796,16668.897697651544,178454.2119497217,0.0,50.70884214834918,0.0,0.0,0.0,False,False,False
main,tv_dro_rho_0p01,tv_dro,2025-10-01,54,True,True,20,,0.01,0.7,20.0,optimal_decomposed,76.57653410000057,76.57555049999792,0.0,1,2,16307.664624421883,533.9055933035839,16841.570217725468,15235.806226829138,15769.711820132721,168605.639875907,0.0,50.19097275478694,0.0,0.0,0.0,False,False,False
main,tv_dro_rho_0p01,tv_dro,2025-10-01,55,True,True,20,,0.01,0.7,20.0,optimal_decomposed,76.57653410000057,76.57555049999792,0.0,1,2,16307.664624421883,533.9055933035839,16841.570217725468,16448.970700628804,16982.87629393239,199941.16363453623,0.026308476195084224,58.369541358133596,0.0,0.0,0.0,False,False,False
main,tv_dro_rho_0p01,tv_dro,2025-10-01,56,True,True,20,,0.01,0.7,20.0,optimal_decomposed,76.57653410000057,76.57555049999792,0.0,1,2,16307.664624421883,533.9055933035839,16841.570217725468,16207.925449598217,16741.831042901802,186252.43661497068,0.04178455356782215,44.46302944413856,0.0,0.0,0.0,False,False,False
main,tv_dro_rho_0p01,tv_dro,2025-10-01,57,True,True,20,,0.01,0.7,20.0,optimal_decomposed,76.57653410000057,76.57555049999792,0.0,1,2,16307.664624421883,533.9055933035839,16841.570217725468,16062.362378523305,16596.26797182689,187751.15077366657,0.0,52.23099730799341,0.0,0.0,0.0,False,False,False
main,tv_dro_rho_0p01,tv_dro,2025-10-01,58,True,True,20,,0.01,0.7,20.0,optimal_decomposed,76.57653410000057,76.57555049999792,0.0,1,2,16307.664624421883,533.9055933035839,16841.570217725468,16570.47384730024,17104.379440603825,198887.82400089595,0.05497603479167762,61.25554759612491,0.0,0.0,0.0,False,False,False
main,tv_dro_rho_0p01,tv_dro,2025-10-01,59,True,True,20,,0.01,0.7,20.0,optimal_decomposed,76.57653410000057,76.57555049999792,0.0,1,2,16307.664624421883,533.9055933035839,16841.570217725468,16413.451094439573,16947.35668774316,193466.04938815592,0.0,55.803561631486204,0.0,0.0,0.0,False,False,False
main,tv_dro_rho_0p01,tv_dro,2025-10-01,60,True,True,20,,0.01,0.7,20.0,optimal_decomposed,76.57653410000057,76.57555049999792,0.0,1,2,16307.664624421883,533.9055933035839,16841.570217725468,16200.854113265417,16734.759706569002,191061.432551573,0.24306223756109996,52.78553312368423,0.0,0.0,0.0,False,False,False
main,tv_dro_rho_0p01,tv_dro,2025-10-01,61,True,True,20,,0.01,0.7,20.0,optimal_decomposed,76.57653410000057,76.57555049999792,0.0,1,2,16307.664624421883,533.9055933035839,16841.570217725468,16146.326503311393,16680.23209661498,188374.52048913753,0.0,43.9465787708289,0.0,0.0,0.0,False,False,False
main,tv_dro_rho_0p01,tv_dro,2025-10-01,62,True,True,20,,0.01,0.7,20.0,optimal_decomposed,76.57653410000057,76.57555049999792,0.0,1,2,16307.664624421883,533.9055933035839,16841.570217725468,15803.517540460176,16337.42313376376,187519.59764830375,0.06154965691666636,56.523366713240115,0.0,0.0,0.0,False,False,False
main,tv_dro_rho_0p01,tv_dro,2025-10-01,63,True,True,20,,0.01,0.7,20.0,optimal_decomposed,76.57653410000057,76.57555049999792,0.0,1,2,16307.664624421883,533.9055933035839,16841.570217725468,16533.403777099466,17067.30937040305,198050.08133216336,0.0,60.74007796217526,0.0,0.0,0.0,False,False,False
main,tv_dro_rho_0p01,tv_dro,2025-10-01,64,True,True,20,,0.01,0.7,20.0,optimal_decomposed,76.57653410000057,76.57555049999792,0.0,1,2,16307.664624421883,533.9055933035839,16841.570217725468,16483.0183588454,17016.923952148984,199976.22327126435,0.0,48.564806042653025,0.0,0.0,0.0,False,False,False
main,tv_dro_rho_0p01,tv_dro,2025-10-01,65,True,True,20,,0.01,0.7,20.0,optimal_decomposed,76.57653410000057,76.57555049999792,0.0,1,2,16307.664624421883,533.9055933035839,16841.570217725468,16553.82119094926,17087.726784252845,198886.5244256394,0.0,58.60536245046986,0.0,0.0,0.0,False,False,False
main,tv_dro_rho_0p01,tv_dro,2025-10-01,66,True,True,20,,0.01,0.7,20.0,optimal_decomposed,76.57653410000057,76.57555049999792,0.0,1,2,16307.664624421883,533.9055933035839,16841.570217725468,16396.890824180857,16930.796417484442,191885.47569868766,0.0,65.37350020472024,0.0,0.0,0.0,False,False,False
main,tv_dro_rho_0p01,tv_dro,2025-10-01,67,True,True,20,,0.01,0.7,20.0,optimal_decomposed,76.57653410000057,76.57555049999792,0.0,1,2,16307.664624421883,533.9055933035839,16841.570217725468,15901.223870020489,16435.129463324072,183550.9668431397,0.033694086734262885,56.91168908282249,0.0,0.0,0.0,False,False,False
main,tv_dro_rho_0p01,tv_dro,2025-10-01,68,True,True,20,,0.01,0.7,20.0,optimal_decomposed,76.57653410000057,76.57555049999792,0.0,1,2,16307.664624421883,533.9055933035839,16841.570217725468,16716.6092213592,17250.514814662783,201073.32299503364,0.07046927216478549,58.160520422662344,0.0,0.0,0.0,False,False,False
main,tv_dro_rho_0p01,tv_dro,2025-10-01,69,True,True,20,,0.01,0.7,20.0,optimal_decomposed,76.57653410000057,76.57555049999792,0.0,1,2,16307.664624421883,533.9055933035839,16841.570217725468,16196.517222535727,16730.422815839313,194052.01315747554,0.04195435461343311,57.84072975622759,0.0,0.0,0.0,False,False,False
main,tv_dro_rho_0p01,tv_dro,2025-10-01,70,True,True,20,,0.01,0.7,20.0,optimal_decomposed,76.57653410000057,76.57555049999792,0.0,1,2,16307.664624421883,533.9055933035839,16841.570217725468,15921.676409220283,16455.582002523868,185617.37700911373,0.0,58.62568414870473,0.0,0.0,0.0,False,False,False
main,tv_dro_rho_0p01,tv_dro,2025-10-01,71,True,True,20,,0.01,0.7,20.0,optimal_decomposed,76.57653410000057,76.57555049999792,0.0,1,2,16307.664624421883,533.9055933035839,16841.570217725468,16477.424855373916,17011.3304486775,193083.61329950663,0.10572573536435459,63.86054793134888,0.0,0.0,0.0,False,False,False
main,tv_dro_rho_0p01,tv_dro,2025-10-01,72,True,True,20,,0.01,0.7,20.0,optimal_decomposed,76.57653410000057,76.57555049999792,0.0,1,2,16307.664624421883,533.9055933035839,16841.570217725468,16567.83240647605,17101.737999779634,200823.5646131913,0.06309745146618218,60.37179675717332,0.0,0.0,0.0,False,False,False
main,tv_dro_rho_0p01,tv_dro,2025-10-01,73,True,True,20,,0.01,0.7,20.0,optimal_decomposed,76.57653410000057,76.57555049999792,0.0,1,2,16307.664624421883,533.9055933035839,16841.570217725468,17242.822537169926,17776.72813047351,210977.98905467126,0.0,54.77746603093765,0.0,0.0,0.0,False,False,False
main,tv_dro_rho_0p01,tv_dro,2025-10-01,74,True,True,20,,0.01,0.7,20.0,optimal_decomposed,76.57653410000057,76.57555049999792,0.0,1,2,16307.664624421883,533.9055933035839,16841.570217725468,16504.967375510267,17038.872968813852,200134.45422987302,0.0,57.53782262974564,0.0,0.0,0.0,False,False,False
main,tv_dro_rho_0p01,tv_dro,2025-10-01,75,True,True,20,,0.01,0.7,20.0,optimal_decomposed,76.57653410000057,76.57555049999792,0.0,1,2,16307.664624421883,533.9055933035839,16841.570217725468,16506.201050070635,17040.10664337422,195327.11240258682,0.0,53.59473609754377,0.0,0.0,0.0,False,False,False
main,tv_dro_rho_0p01,tv_dro,2025-10-01,76,True,True,20,,0.01,0.7,20.0,optimal_decomposed,76.57653410000057,76.57555049999792,0.0,1,2,16307.664624421883,533.9055933035839,16841.570217725468,16526.42087970953,17060.326473013116,190992.16738426156,0.03330837659011818,53.95765416021761,0.0,0.0,0.0,False,False,False
main,tv_dro_rho_0p01,tv_dro,2025-10-01,77,True,True,20,,0.01,0.7,20.0,optimal_decomposed,76.57653410000057,76.57555049999792,0.0,1,2,16307.664624421883,533.9055933035839,16841.570217725468,16763.419283136813,17297.324876440398,200250.17620600562,0.07891797391065314,50.48889230356018,0.0,0.0,0.0,False,False,False
main,tv_dro_rho_0p01,tv_dro,2025-10-01,78,True,True,20,,0.01,0.7,20.0,optimal_decomposed,76.57653410000057,76.57555049999792,0.0,1,2,16307.664624421883,533.9055933035839,16841.570217725468,15723.565129411909,16257.470722715492,179969.62624591586,0.07445471329740794,53.77976225108526,0.0,0.0,0.0,False,False,False
main,tv_dro_rho_0p01,tv_dro,2025-10-01,79,True,True,20,,0.01,0.7,20.0,optimal_decomposed,76.57653410000057,76.57555049999792,0.0,1,2,16307.664624421883,533.9055933035839,16841.570217725468,15979.938565524799,16513.844158828382,185092.30064253666,0.031077131971813943,54.41565271114851,0.0,0.0,0.0,False,False,False
main,tv_dro_rho_0p01,tv_dro,2025-10-01,80,True,True,20,,0.01,0.7,20.0,optimal_decomposed,76.57653410000057,76.57555049999792,0.0,1,2,16307.664624421883,533.9055933035839,16841.570217725468,16292.460303620515,16826.3658969241,195155.33886840995,0.0,53.56652407862236,0.0,0.0,0.0,False,False,False
main,tv_dro_rho_0p01,tv_dro,2025-10-01,81,True,True,20,,0.01,0.7,20.0,optimal_decomposed,76.57653410000057,76.57555049999792,0.0,1,2,16307.664624421883,533.9055933035839,16841.570217725468,16383.413493473712,16917.319086777297,194880.98006560115,0.10460094739799719,60.665608960896435,0.0,0.0,0.0,False,False,False
main,tv_dro_rho_0p01,tv_dro,2025-10-01,82,True,True,20,,0.01,0.7,20.0,optimal_decomposed,76.57653410000057,76.57555049999792,0.0,1,2,16307.664624421883,533.9055933035839,16841.570217725468,15649.478646751091,16183.384240054675,184213.41055587097,0.0,46.89392500771965,0.0,0.0,0.0,False,False,False
main,tv_dro_rho_0p01,tv_dro,2025-10-01,83,True,True,20,,0.01,0.7,20.0,optimal_decomposed,76.57653410000057,76.57555049999792,0.0,1,2,16307.664624421883,533.9055933035839,16841.570217725468,16887.800256739807,17421.705850043392,204014.47137474467,0.017851640669944102,50.792709436966845,0.0,0.0,0.0,False,False,False
main,tv_dro_rho_0p01,tv_dro,2025-10-01,84,True,True,20,,0.01,0.7,20.0,optimal_decomposed,76.57653410000057,76.57555049999792,0.0,1,2,16307.664624421883,533.9055933035839,16841.570217725468,16129.182790174316,16663.0883834779,190653.47475517707,0.0,47.56576469272716,0.0,0.0,0.0,False,False,False
main,tv_dro_rho_0p01,tv_dro,2025-10-01,85,True,True,20,,0.01,0.7,20.0,optimal_decomposed,76.57653410000057,76.57555049999792,0.0,1,2,16307.664624421883,533.9055933035839,16841.570217725468,16083.852912923396,16617.75850622698,187202.8630970096,0.0,61.41717790076956,0.0,0.0,0.0,False,False,False
main,tv_dro_rho_0p01,tv_dro,2025-10-01,86,True,True,20,,0.01,0.7,20.0,optimal_decomposed,76.57653410000057,76.57555049999792,0.0,1,2,16307.664624421883,533.9055933035839,16841.570217725468,16869.19643041139,17403.102023714975,203078.29023892796,0.07809938542527847,47.363152035041075,0.0,0.0,0.0,False,False,False
main,tv_dro_rho_0p01,tv_dro,2025-10-01,87,True,True,20,,0.01,0.7,20.0,optimal_decomposed,76.57653410000057,76.57555049999792,0.0,1,2,16307.664624421883,533.9055933035839,16841.570217725468,15427.94692965615,15961.852522959733,181047.92590400076,0.16008217425415067,54.0825025115291,0.0,0.0,0.0,False,False,False
main,tv_dro_rho_0p01,tv_dro,2025-10-01,88,True,True,20,,0.01,0.7,20.0,optimal_decomposed,76.57653410000057,76.57555049999792,0.0,1,2,16307.664624421883,533.9055933035839,16841.570217725468,16628.818290181414,17162.723883485,207528.9778503949,0.07631840504459797,60.30567050899651,0.0,0.0,0.0,False,False,False
main,tv_dro_rho_0p01,tv_dro,2025-10-01,89,True,True,20,,0.01,0.7,20.0,optimal_decomposed,76.57653410000057,76.57555049999792,0.0,1,2,16307.664624421883,533.9055933035839,16841.570217725468,15925.318040505377,16459.22363380896,187130.4877480142,0.05994470106759925,54.724801599210906,0.0,0.0,0.0,False,False,False
main,tv_dro_rho_0p01,tv_dro,2025-10-01,90,True,True,20,,0.01,0.7,20.0,optimal_decomposed,76.57653410000057,76.57555049999792,0.0,1,2,16307.664624421883,533.9055933035839,16841.570217725468,16112.121767641362,16646.027360944947,192767.92717601283,0.15222781643706734,58.854300997081666,0.0,0.0,0.0,False,False,False
main,tv_dro_rho_0p01,tv_dro,2025-10-01,91,True,True,20,,0.01,0.7,20.0,optimal_decomposed,76.57653410000057,76.57555049999792,0.0,1,2,16307.664624421883,533.9055933035839,16841.570217725468,16299.53181330813,16833.437406611713,189173.21432632863,0.006583850930401036,54.283420846012035,0.0,0.0,0.0,False,False,False
main,tv_dro_rho_0p01,tv_dro,2025-10-01,92,True,True,20,,0.01,0.7,20.0,optimal_decomposed,76.57653410000057,76.57555049999792,0.0,1,2,16307.664624421883,533.9055933035839,16841.570217725468,16742.432819924066,17276.33841322765,202543.93719070815,0.0032232916038903714,44.03136611572672,0.0,0.0,0.0,False,False,False
main,tv_dro_rho_0p01,tv_dro,2025-10-01,93,True,True,20,,0.01,0.7,20.0,optimal_decomposed,76.57653410000057,76.57555049999792,0.0,1,2,16307.664624421883,533.9055933035839,16841.570217725468,16129.810516621998,16663.716109925583,194351.4513048892,0.0,56.652847654500256,0.0,0.0,0.0,False,False,False
main,tv_dro_rho_0p01,tv_dro,2025-10-01,94,True,True,20,,0.01,0.7,20.0,optimal_decomposed,76.57653410000057,76.57555049999792,0.0,1,2,16307.664624421883,533.9055933035839,16841.570217725468,16332.134964248098,16866.04055755168,200264.87316786876,0.0,51.47193822793639,0.0,0.0,0.0,False,False,False
main,tv_dro_rho_0p01,tv_dro,2025-10-01,95,True,True,20,,0.01,0.7,20.0,optimal_decomposed,76.57653410000057,76.57555049999792,0.0,1,2,16307.664624421883,533.9055933035839,16841.570217725468,17044.34744494618,17578.253038249764,207869.47578033502,0.035116366602237464,59.63026919330099,0.0,0.0,0.0,False,False,False
main,tv_dro_rho_0p01,tv_dro,2025-10-01,96,True,True,20,,0.01,0.7,20.0,optimal_decomposed,76.57653410000057,76.57555049999792,0.0,1,2,16307.664624421883,533.9055933035839,16841.570217725468,16558.25985228545,17092.165445589035,202201.46490962507,0.0,51.76824639227928,0.0,0.0,0.0,False,False,False
main,tv_dro_rho_0p01,tv_dro,2025-10-01,97,True,True,20,,0.01,0.7,20.0,optimal_decomposed,76.57653410000057,76.57555049999792,0.0,1,2,16307.664624421883,533.9055933035839,16841.570217725468,16620.373870783977,17154.27946408756,204740.2690922956,0.0,57.52725460625545,0.0,0.0,0.0,False,False,False
main,tv_dro_rho_0p01,tv_dro,2025-10-01,98,True,True,20,,0.01,0.7,20.0,optimal_decomposed,76.57653410000057,76.57555049999792,0.0,1,2,16307.664624421883,533.9055933035839,16841.570217725468,15588.562068375611,16122.467661679195,176101.20751264936,0.11181854003834538,46.185818330156366,0.0,0.0,0.0,False,False,False
main,tv_dro_rho_0p01,tv_dro,2025-10-01,99,True,True,20,,0.01,0.7,20.0,optimal_decomposed,76.57653410000057,76.57555049999792,0.0,1,2,16307.664624421883,533.9055933035839,16841.570217725468,15893.624796484324,16427.53038978791,184694.43020080018,0.15383692591322184,55.68989716028547,0.0,0.0,0.0,False,False,False
