suite,configuration,method,window,workload_replay_id,energy_uncertainty,workload_uncertainty,sample_size,gamma,rho,effective_capacity_fraction,bess_degradation_cost_usd_per_mwh_throughput,solver_status,solve_wall_time_seconds,solver_runtime_seconds,mip_gap,decomposition_iterations,active_scenario_count,nominal_grid_cost_usd,nominal_bess_degradation_cost_usd,nominal_operating_cost_usd,actual_grid_cost_usd,actual_operating_cost_usd,actual_carbon_kg,actual_curtailment_mwh,batch_adjustment_mwh,workload_envelope_violation_mwh,grid_limit_violation_mw,ramp_violation_mw,workload_violation,grid_limit_violation,ramp_violation
main,deterministic,deterministic,2025-01-01,0,True,True,0,,,0.7,20.0,optimal,1.8576444999998785,1.857646499999646,0.0,0,0,15664.895369253067,174.341578519207,15839.236947772273,16238.986736900753,16413.32831541996,203334.61217295678,0.0,50.00899447949213,0.0,0.0,0.0,False,False,False
main,deterministic,deterministic,2025-01-01,1,True,True,0,,,0.7,20.0,optimal,1.8576444999998785,1.857646499999646,0.0,0,0,15664.895369253067,174.341578519207,15839.236947772273,16227.661312318352,16402.00289083756,203425.4133411219,0.0,59.26163973693723,0.0,0.0,0.0,False,False,False
main,deterministic,deterministic,2025-01-01,2,True,True,0,,,0.7,20.0,optimal,1.8576444999998785,1.857646499999646,0.0,0,0,15664.895369253067,174.341578519207,15839.236947772273,16147.992879329988,16322.334457849194,202319.00780899767,0.0,47.045710917026284,0.0,0.0,0.0,False,False,False
main,deterministic,deterministic,2025-01-01,3,True,True,0,,,0.7,20.0,optimal,1.8576444999998785,1.857646499999646,0.0,0,0,15664.895369253067,174.341578519207,15839.236947772273,16264.550215959416,16438.891794478623,203363.17418584408,0.0,50.708847220847794,0.0,0.0,0.0,False,False,False
main,deterministic,deterministic,2025-01-01,4,True,True,0,,,0.7,20.0,optimal,1.8576444999998785,1.857646499999646,0.0,0,0,15664.895369253067,174.341578519207,15839.236947772273,16280.86706947519,16455.208647994397,204190.2772214698,0.0,48.6692885952721,0.0,0.0,0.0,False,False,False
main,deterministic,deterministic,2025-01-01,5,True,True,0,,,0.7,20.0,optimal,1.8576444999998785,1.857646499999646,0.0,0,0,15664.895369253067,174.341578519207,15839.236947772273,16184.596967561174,16358.93854608038,203081.7419951664,0.0,52.5852631117941,0.0,0.0,0.0,False,False,False
main,deterministic,deterministic,2025-01-01,6,True,True,0,,,0.7,20.0,optimal,1.8576444999998785,1.857646499999646,0.0,0,0,15664.895369253067,174.341578519207,15839.236947772273,16174.08077929992,16348.422357819127,202962.7667288412,0.0,44.32023812987377,0.0,0.0,0.0,False,False,False
main,deterministic,deterministic,2025-01-01,7,True,True,0,,,0.7,20.0,optimal,1.8576444999998785,1.857646499999646,0.0,0,0,15664.895369253067,174.341578519207,15839.236947772273,16216.831341022777,16391.172919541983,203029.1701781227,0.08383327098309401,50.126829171226504,0.0,0.0,0.0,False,False,False
main,deterministic,deterministic,2025-01-01,8,True,True,0,,,0.7,20.0,optimal,1.8576444999998785,1.857646499999646,0.0,0,0,15664.895369253067,174.341578519207,15839.236947772273,16278.713245170457,16453.054823689665,203165.71409774225,0.09819140837788831,50.873984833694536,0.0,0.0,0.0,False,False,False
main,deterministic,deterministic,2025-01-01,9,True,True,0,,,0.7,20.0,optimal,1.8576444999998785,1.857646499999646,0.0,0,0,15664.895369253067,174.341578519207,15839.236947772273,16244.542740401292,16418.8843189205,202784.23751365888,0.0,59.00805023751441,0.0,0.0,0.0,False,False,False
main,deterministic,deterministic,2025-01-01,10,True,True,0,,,0.7,20.0,optimal,1.8576444999998785,1.857646499999646,0.0,0,0,15664.895369253067,174.341578519207,15839.236947772273,16156.33033138033,16330.671909899536,202598.28102939692,0.06391895669123637,52.12088307605854,0.0,0.0,0.0,False,False,False
main,deterministic,deterministic,2025-01-01,11,True,True,0,,,0.7,20.0,optimal,1.8576444999998785,1.857646499999646,0.0,0,0,15664.895369253067,174.341578519207,15839.236947772273,16219.273471934983,16393.61505045419,203271.01168066243,0.0,43.822883991920946,0.0,0.0,0.0,False,False,False
main,deterministic,deterministic,2025-01-01,12,True,True,0,,,0.7,20.0,optimal,1.8576444999998785,1.857646499999646,0.0,0,0,15664.895369253067,174.341578519207,15839.236947772273,16165.64461993637,16339.986198455577,202263.66532188712,0.0,43.566565561395855,0.0,0.0,0.0,False,False,False
main,deterministic,deterministic,2025-01-01,13,True,True,0,,,0.7,20.0,optimal,1.8576444999998785,1.857646499999646,0.0,0,0,15664.895369253067,174.341578519207,15839.236947772273,16233.368951712342,16407.71053023155,203124.15402001812,0.0,50.73801320863922,0.0,0.0,0.0,False,False,False
main,deterministic,deterministic,2025-01-01,14,True,True,0,,,0.7,20.0,optimal,1.8576444999998785,1.857646499999646,0.0,0,0,15664.895369253067,174.341578519207,15839.236947772273,16254.482375443837,16428.823953963045,202926.17659077942,0.09819140619438915,50.203978821309796,0.0,0.0,0.0,False,False,False
main,deterministic,deterministic,2025-01-01,15,True,True,0,,,0.7,20.0,optimal,1.8576444999998785,1.857646499999646,0.0,0,0,15664.895369253067,174.341578519207,15839.236947772273,16201.889238808697,16376.230817327903,203059.9147670633,0.08703884418950691,43.08114687153147,0.0,0.0,0.0,False,False,False
main,deterministic,deterministic,2025-01-01,16,True,True,0,,,0.7,20.0,optimal,1.8576444999998785,1.857646499999646,0.0,0,0,15664.895369253067,174.341578519207,15839.236947772273,16241.218321650395,16415.559900169603,203604.25726743758,0.0,46.51833796646841,0.0,0.0,0.0,False,False,False
main,deterministic,deterministic,2025-01-01,17,True,True,0,,,0.7,20.0,optimal,1.8576444999998785,1.857646499999646,0.0,0,0,15664.895369253067,174.341578519207,15839.236947772273,16212.259972259824,16386.601550779033,202450.37084568496,0.05107936015056658,56.414085081803066,0.0,0.0,0.0,False,False,False
main,deterministic,deterministic,2025-01-01,18,True,True,0,,,0.7,20.0,optimal,1.8576444999998785,1.857646499999646,0.0,0,0,15664.895369253067,174.341578519207,15839.236947772273,16264.15873886052,16438.500317379727,203459.55127910254,0.0,54.015511234537996,0.0,0.0,0.0,False,False,False
main,deterministic,deterministic,2025-01-01,19,True,True,0,,,0.7,20.0,optimal,1.8576444999998785,1.857646499999646,0.0,0,0,15664.895369253067,174.341578519207,15839.236947772273,16187.212686157825,16361.554264677032,202903.90089172972,0.23687595140248163,52.2119368528836,0.0,0.0,0.0,False,False,False
main,deterministic,deterministic,2025-01-01,20,True,True,0,,,0.7,20.0,optimal,1.8576444999998785,1.857646499999646,0.0,0,0,15664.895369253067,174.341578519207,15839.236947772273,16184.851791656647,16359.193370175853,203083.19865305448,0.0,46.18349092582559,0.0,0.0,0.0,False,False,False
main,deterministic,deterministic,2025-01-01,21,True,True,0,,,0.7,20.0,optimal,1.8576444999998785,1.857646499999646,0.0,0,0,15664.895369253067,174.341578519207,15839.236947772273,16158.316905953661,16332.658484472868,202989.53788525524,0.0,45.277530072068124,0.0,0.0,0.0,False,False,False
main,deterministic,deterministic,2025-01-01,22,True,True,0,,,0.7,20.0,optimal,1.8576444999998785,1.857646499999646,0.0,0,0,15664.895369253067,174.341578519207,15839.236947772273,16257.57778925522,16431.919367774426,203134.81775295176,0.0399125888633296,48.36232504603365,0.0,0.0,0.0,False,False,False
main,deterministic,deterministic,2025-01-01,23,True,True,0,,,0.7,20.0,optimal,1.8576444999998785,1.857646499999646,0.0,0,0,15664.895369253067,174.341578519207,15839.236947772273,16205.570114200289,16379.911692719495,202811.70011031165,0.0,48.66630477275606,0.0,0.0,0.0,False,False,False
main,deterministic,deterministic,2025-01-01,24,True,True,0,,,0.7,20.0,optimal,1.8576444999998785,1.857646499999646,0.0,0,0,15664.895369253067,174.341578519207,15839.236947772273,16235.21955971552,16409.561138234727,202779.4080131699,0.0,51.55793094114723,0.0,0.0,0.0,False,False,False
main,deterministic,deterministic,2025-01-01,25,True,True,0,,,0.7,20.0,optimal,1.8576444999998785,1.857646499999646,0.0,0,0,15664.895369253067,174.341578519207,15839.236947772273,16178.162897551714,16352.50447607092,203146.07436289632,0.0,46.46692197265775,0.0,0.0,0.0,False,False,False
main,deterministic,deterministic,2025-01-01,26,True,True,0,,,0.7,20.0,optimal,1.8576444999998785,1.857646499999646,0.0,0,0,15664.895369253067,174.341578519207,15839.236947772273,16224.752280397584,16399.093858916793,203084.95133115578,0.07716192400970612,54.84512318089056,0.0,0.0,0.0,False,False,False
main,deterministic,deterministic,2025-01-01,27,True,True,0,,,0.7,20.0,optimal,1.8576444999998785,1.857646499999646,0.0,0,0,15664.895369253067,174.341578519207,15839.236947772273,16225.743398880182,16400.08497739939,202728.00639910437,0.0,52.188687437996066,0.0,0.0,0.0,False,False,False
main,deterministic,deterministic,2025-01-01,28,True,True,0,,,0.7,20.0,optimal,1.8576444999998785,1.857646499999646,0.0,0,0,15664.895369253067,174.341578519207,15839.236947772273,16200.937746418635,16375.279324937841,203287.03057745667,0.0,42.49621854229495,0.0,0.0,0.0,False,False,False
main,deterministic,deterministic,2025-01-01,29,True,True,0,,,0.7,20.0,optimal,1.8576444999998785,1.857646499999646,0.0,0,0,15664.895369253067,174.341578519207,15839.236947772273,16109.672084019443,16284.01366253865,202553.01871846174,0.0,38.77513259992947,0.0,0.0,0.0,False,False,False
main,deterministic,deterministic,2025-01-01,30,True,True,0,,,0.7,20.0,optimal,1.8576444999998785,1.857646499999646,0.0,0,0,15664.895369253067,174.341578519207,15839.236947772273,16227.852849588246,16402.194428107454,203405.78316056365,0.0,42.96228398315401,0.0,0.0,0.0,False,False,False
main,deterministic,deterministic,2025-01-01,31,True,True,0,,,0.7,20.0,optimal,1.8576444999998785,1.857646499999646,0.0,0,0,15664.895369253067,174.341578519207,15839.236947772273,16181.513338656156,16355.854917175362,203098.21887284584,0.2312829053812102,52.002770020734026,0.0,0.0,0.0,False,False,False
main,deterministic,deterministic,2025-01-01,32,True,True,0,,,0.7,20.0,optimal,1.8576444999998785,1.857646499999646,0.0,0,0,15664.895369253067,174.341578519207,15839.236947772273,16295.680317073087,16470.021895592294,203501.29096620347,0.0,50.4177756366745,0.0,0.0,0.0,False,False,False
main,deterministic,deterministic,2025-01-01,33,True,True,0,,,0.7,20.0,optimal,1.8576444999998785,1.857646499999646,0.0,0,0,15664.895369253067,174.341578519207,15839.236947772273,16285.509900349562,16459.851478868768,203282.92966152835,0.0,58.631946715052784,0.0,0.0,0.0,False,False,False
main,deterministic,deterministic,2025-01-01,34,True,True,0,,,0.7,20.0,optimal,1.8576444999998785,1.857646499999646,0.0,0,0,15664.895369253067,174.341578519207,15839.236947772273,16362.590887139393,16536.9324656586,203728.31917596082,0.0,50.17980021058554,0.0,0.0,0.0,False,False,False
main,deterministic,deterministic,2025-01-01,35,True,True,0,,,0.7,20.0,optimal,1.8576444999998785,1.857646499999646,0.0,0,0,15664.895369253067,174.341578519207,15839.236947772273,16179.681689258456,16354.023267777662,202856.41266488555,0.0,54.66065203665874,0.0,0.0,0.0,False,False,False
main,deterministic,deterministic,2025-01-01,36,True,True,0,,,0.7,20.0,optimal,1.8576444999998785,1.857646499999646,0.0,0,0,15664.895369253067,174.341578519207,15839.236947772273,16341.04967843993,16515.391256959138,203769.7512776049,0.0,53.965753617163486,0.0,0.0,0.0,False,False,False
main,deterministic,deterministic,2025-01-01,37,True,True,0,,,0.7,20.0,optimal,1.8576444999998785,1.857646499999646,0.0,0,0,15664.895369253067,174.341578519207,15839.236947772273,16179.500122475514,16353.84170099472,203597.19377679843,0.0,43.62693375014539,0.0,0.0,0.0,False,False,False
main,deterministic,deterministic,2025-01-01,38,True,True,0,,,0.7,20.0,optimal,1.8576444999998785,1.857646499999646,0.0,0,0,15664.895369253067,174.341578519207,15839.236947772273,16251.424064600684,16425.765643119892,202972.52311472924,0.0,47.294065579738835,0.0,0.0,0.0,False,False,False
main,deterministic,deterministic,2025-01-01,39,True,True,0,,,0.7,20.0,optimal,1.8576444999998785,1.857646499999646,0.0,0,0,15664.895369253067,174.341578519207,15839.236947772273,16121.162301455788,16295.503879974995,202598.64524827414,0.0,36.382018361541604,0.0,0.0,0.0,False,False,False
main,deterministic,deterministic,2025-01-01,40,True,True,0,,,0.7,20.0,optimal,1.8576444999998785,1.857646499999646,0.0,0,0,15664.895369253067,174.341578519207,15839.236947772273,16285.093619329526,16459.435197848732,203303.27099439,0.0,42.82088096449206,0.0,0.0,0.0,False,False,False
main,deterministic,deterministic,2025-01-01,41,True,True,0,,,0.7,20.0,optimal,1.8576444999998785,1.857646499999646,0.0,0,0,15664.895369253067,174.341578519207,15839.236947772273,16167.82614474466,16342.167723263867,203039.49345729838,0.0,36.49619815447156,0.0,0.0,0.0,False,False,False
main,deterministic,deterministic,2025-01-01,42,True,True,0,,,0.7,20.0,optimal,1.8576444999998785,1.857646499999646,0.0,0,0,15664.895369253067,174.341578519207,15839.236947772273,16371.896258897528,16546.237837416735,203797.53895140492,0.09591177773053472,52.980580743282694,0.0,0.0,0.0,False,False,False
main,deterministic,deterministic,2025-01-01,43,True,True,0,,,0.7,20.0,optimal,1.8576444999998785,1.857646499999646,0.0,0,0,15664.895369253067,174.341578519207,15839.236947772273,16226.986368372112,16401.32794689132,203096.38861118446,0.0,50.33725861826661,0.0,0.0,0.0,False,False,False
main,deterministic,deterministic,2025-01-01,44,True,True,0,,,0.7,20.0,optimal,1.8576444999998785,1.857646499999646,0.0,0,0,15664.895369253067,174.341578519207,15839.236947772273,16213.738735846402,16388.08031436561,202901.07489712496,0.0,47.392930415661866,0.0,0.0,0.0,False,False,False
main,deterministic,deterministic,2025-01-01,45,True,True,0,,,0.7,20.0,optimal,1.8576444999998785,1.857646499999646,0.0,0,0,15664.895369253067,174.341578519207,15839.236947772273,16287.39609807351,16461.73767659272,203311.3282119169,0.05321589901297741,53.61111695709568,0.0,0.0,0.0,False,False,False
main,deterministic,deterministic,2025-01-01,46,True,True,0,,,0.7,20.0,optimal,1.8576444999998785,1.857646499999646,0.0,0,0,15664.895369253067,174.341578519207,15839.236947772273,16209.385483865668,16383.727062384874,202998.5899941158,0.0,49.62894461869443,0.0,0.0,0.0,False,False,False
main,deterministic,deterministic,2025-01-01,47,True,True,0,,,0.7,20.0,optimal,1.8576444999998785,1.857646499999646,0.0,0,0,15664.895369253067,174.341578519207,15839.236947772273,16222.793300968553,16397.13487948776,203428.12536172988,0.09819140567846052,49.656577028832245,0.0,0.0,0.0,False,False,False
main,deterministic,deterministic,2025-01-01,48,True,True,0,,,0.7,20.0,optimal,1.8576444999998785,1.857646499999646,0.0,0,0,15664.895369253067,174.341578519207,15839.236947772273,16246.957581910852,16421.29916043006,203059.9016603712,0.0,49.46034023830554,0.0,0.0,0.0,False,False,False
main,deterministic,deterministic,2025-01-01,49,True,True,0,,,0.7,20.0,optimal,1.8576444999998785,1.857646499999646,0.0,0,0,15664.895369253067,174.341578519207,15839.236947772273,16230.835718343129,16405.177296862337,203042.37013312348,0.0,50.53421672482587,0.0,0.0,0.0,False,False,False
main,deterministic,deterministic,2025-01-01,50,True,True,0,,,0.7,20.0,optimal,1.8576444999998785,1.857646499999646,0.0,0,0,15664.895369253067,174.341578519207,15839.236947772273,16275.508716711367,16449.850295230575,203155.57302250978,0.0,56.00061171048836,0.0,0.0,0.0,False,False,False
main,deterministic,deterministic,2025-01-01,51,True,True,0,,,0.7,20.0,optimal,1.8576444999998785,1.857646499999646,0.0,0,0,15664.895369253067,174.341578519207,15839.236947772273,16211.29360164993,16385.635180169138,203356.75202732,0.0,50.08504418742824,0.0,0.0,0.0,False,False,False
main,deterministic,deterministic,2025-01-01,52,True,True,0,,,0.7,20.0,optimal,1.8576444999998785,1.857646499999646,0.0,0,0,15664.895369253067,174.341578519207,15839.236947772273,16212.826382375304,16387.167960894512,203241.82672532037,0.05543058898278308,56.938180750690606,0.0,0.0,0.0,False,False,False
main,deterministic,deterministic,2025-01-01,53,True,True,0,,,0.7,20.0,optimal,1.8576444999998785,1.857646499999646,0.0,0,0,15664.895369253067,174.341578519207,15839.236947772273,16142.241457012211,16316.583035531417,202974.89350675582,0.0,44.16043779926759,0.0,0.0,0.0,False,False,False
main,deterministic,deterministic,2025-01-01,54,True,True,0,,,0.7,20.0,optimal,1.8576444999998785,1.857646499999646,0.0,0,0,15664.895369253067,174.341578519207,15839.236947772273,16181.805253376837,16356.146831896043,202678.4211065747,0.0,46.27911807643317,0.0,0.0,0.0,False,False,False
main,deterministic,deterministic,2025-01-01,55,True,True,0,,,0.7,20.0,optimal,1.8576444999998785,1.857646499999646,0.0,0,0,15664.895369253067,174.341578519207,15839.236947772273,16199.491068425601,16373.832646944807,202980.0189060279,0.07057944085687562,54.46551154551087,0.0,0.0,0.0,False,False,False
main,deterministic,deterministic,2025-01-01,56,True,True,0,,,0.7,20.0,optimal,1.8576444999998785,1.857646499999646,0.0,0,0,15664.895369253067,174.341578519207,15839.236947772273,16330.999493655518,16505.341072174724,203587.89874085027,0.0,37.7148839261459,0.0,0.0,0.0,False,False,False
main,deterministic,deterministic,2025-01-01,57,True,True,0,,,0.7,20.0,optimal,1.8576444999998785,1.857646499999646,0.0,0,0,15664.895369253067,174.341578519207,15839.236947772273,16258.640436697853,16432.98201521706,203263.4981422359,0.0,48.352871606440154,0.0,0.0,0.0,False,False,False
main,deterministic,deterministic,2025-01-01,58,True,True,0,,,0.7,20.0,optimal,1.8576444999998785,1.857646499999646,0.0,0,0,15664.895369253067,174.341578519207,15839.236947772273,16151.875188598522,16326.216767117729,203272.77645847932,0.06268081667270908,57.275641831549606,0.0,0.0,0.0,False,False,False
main,deterministic,deterministic,2025-01-01,59,True,True,0,,,0.7,20.0,optimal,1.8576444999998785,1.857646499999646,0.0,0,0,15664.895369253067,174.341578519207,15839.236947772273,16149.817732872936,16324.159311392143,203160.3786290301,0.1584272863470606,51.588250495623114,0.0,0.0,0.0,False,False,False
main,deterministic,deterministic,2025-01-01,60,True,True,0,,,0.7,20.0,optimal,1.8576444999998785,1.857646499999646,0.0,0,0,15664.895369253067,174.341578519207,15839.236947772273,16208.916206043321,16383.257784562527,202682.92457553738,0.09819140657663228,51.345585846584854,0.0,0.0,0.0,False,False,False
main,deterministic,deterministic,2025-01-01,61,True,True,0,,,0.7,20.0,optimal,1.8576444999998785,1.857646499999646,0.0,0,0,15664.895369253067,174.341578519207,15839.236947772273,16262.514018587632,16436.855597106838,202884.2806634396,0.0,38.11474104550131,0.0,0.0,0.0,False,False,False
main,deterministic,deterministic,2025-01-01,62,True,True,0,,,0.7,20.0,optimal,1.8576444999998785,1.857646499999646,0.0,0,0,15664.895369253067,174.341578519207,15839.236947772273,16191.081639556754,16365.42321807596,202868.03252788217,0.042739114435120795,55.070844425181235,0.0,0.0,0.0,False,False,False
main,deterministic,deterministic,2025-01-01,63,True,True,0,,,0.7,20.0,optimal,1.8576444999998785,1.857646499999646,0.0,0,0,15664.895369253067,174.341578519207,15839.236947772273,16157.159896994955,16331.501475514162,202530.23532001144,0.0,53.983434700244345,0.0,0.0,0.0,False,False,False
main,deterministic,deterministic,2025-01-01,64,True,True,0,,,0.7,20.0,optimal,1.8576444999998785,1.857646499999646,0.0,0,0,15664.895369253067,174.341578519207,15839.236947772273,16186.053880002668,16360.395458521874,202992.3024219539,0.062187315651946795,47.65863391424643,0.0,0.0,0.0,False,False,False
main,deterministic,deterministic,2025-01-01,65,True,True,0,,,0.7,20.0,optimal,1.8576444999998785,1.857646499999646,0.0,0,0,15664.895369253067,174.341578519207,15839.236947772273,16149.498774602662,16323.840353121868,202612.95895888927,0.05204199264747378,53.267481852162184,0.0,0.0,0.0,False,False,False
main,deterministic,deterministic,2025-01-01,66,True,True,0,,,0.7,20.0,optimal,1.8576444999998785,1.857646499999646,0.0,0,0,15664.895369253067,174.341578519207,15839.236947772273,16169.517305820866,16343.858884340072,203079.45896642626,0.0,56.98168409110088,0.0,0.0,0.0,False,False,False
main,deterministic,deterministic,2025-01-01,67,True,True,0,,,0.7,20.0,optimal,1.8576444999998785,1.857646499999646,0.0,0,0,15664.895369253067,174.341578519207,15839.236947772273,16223.902203513591,16398.243782032798,203279.16985217517,0.0,49.67147878658644,0.0,0.0,0.0,False,False,False
main,deterministic,deterministic,2025-01-01,68,True,True,0,,,0.7,20.0,optimal,1.8576444999998785,1.857646499999646,0.0,0,0,15664.895369253067,174.341578519207,15839.236947772273,16307.400653402306,16481.742231921515,203438.85029577132,0.0,52.942892355245434,0.0,0.0,0.0,False,False,False
main,deterministic,deterministic,2025-01-01,69,True,True,0,,,0.7,20.0,optimal,1.8576444999998785,1.857646499999646,0.0,0,0,15664.895369253067,174.341578519207,15839.236947772273,16200.825236619385,16375.166815138591,202956.42627162897,0.0,51.241557951104895,0.0,0.0,0.0,False,False,False
main,deterministic,deterministic,2025-01-01,70,True,True,0,,,0.7,20.0,optimal,1.8576444999998785,1.857646499999646,0.0,0,0,15664.895369253067,174.341578519207,15839.236947772273,16114.084008670246,16288.425587189453,202632.06784742486,0.09819140825914863,53.872830191100824,0.0,0.0,0.0,False,False,False
main,deterministic,deterministic,2025-01-01,71,True,True,0,,,0.7,20.0,optimal,1.8576444999998785,1.857646499999646,0.0,0,0,15664.895369253067,174.341578519207,15839.236947772273,16171.928978929756,16346.270557448963,203274.29519240052,0.0,57.11921666457215,0.0,0.0,0.0,False,False,False
main,deterministic,deterministic,2025-01-01,72,True,True,0,,,0.7,20.0,optimal,1.8576444999998785,1.857646499999646,0.0,0,0,15664.895369253067,174.341578519207,15839.236947772273,16172.875319861247,16347.216898380453,202512.95782664474,0.07621960117464033,57.00182730971573,0.0,0.0,0.0,False,False,False
main,deterministic,deterministic,2025-01-01,73,True,True,0,,,0.7,20.0,optimal,1.8576444999998785,1.857646499999646,0.0,0,0,15664.895369253067,174.341578519207,15839.236947772273,16211.71800917109,16386.0595876903,202909.7347084262,0.1584273183072844,50.54263297810569,0.0,0.0,0.0,False,False,False
main,deterministic,deterministic,2025-01-01,74,True,True,0,,,0.7,20.0,optimal,1.8576444999998785,1.857646499999646,0.0,0,0,15664.895369253067,174.341578519207,15839.236947772273,16236.868173310144,16411.209751829352,203196.78052247246,0.0,51.34359240746234,0.0,0.0,0.0,False,False,False
main,deterministic,deterministic,2025-01-01,75,True,True,0,,,0.7,20.0,optimal,1.8576444999998785,1.857646499999646,0.0,0,0,15664.895369253067,174.341578519207,15839.236947772273,16221.5048555565,16395.84643407571,203698.27613649436,0.0,51.82370358384077,0.0,0.0,0.0,False,False,False
main,deterministic,deterministic,2025-01-01,76,True,True,0,,,0.7,20.0,optimal,1.8576444999998785,1.857646499999646,0.0,0,0,15664.895369253067,174.341578519207,15839.236947772273,16183.228286966534,16357.56986548574,202446.81419208072,0.0,51.837790505941676,0.0,0.0,0.0,False,False,False
main,deterministic,deterministic,2025-01-01,77,True,True,0,,,0.7,20.0,optimal,1.8576444999998785,1.857646499999646,0.0,0,0,15664.895369253067,174.341578519207,15839.236947772273,16182.847212447474,16357.18879096668,202737.07450839496,0.0,46.12935547775722,0.0,0.0,0.0,False,False,False
main,deterministic,deterministic,2025-01-01,78,True,True,0,,,0.7,20.0,optimal,1.8576444999998785,1.857646499999646,0.0,0,0,15664.895369253067,174.341578519207,15839.236947772273,16161.399831455554,16335.74140997476,202676.22211394334,0.05016478149572601,49.421126700668374,0.0,0.0,0.0,False,False,False
main,deterministic,deterministic,2025-01-01,79,True,True,0,,,0.7,20.0,optimal,1.8576444999998785,1.857646499999646,0.0,0,0,15664.895369253067,174.341578519207,15839.236947772273,16246.509850519738,16420.851429038947,203260.76198669226,0.0,48.76575024528283,0.0,0.0,0.0,False,False,False
main,deterministic,deterministic,2025-01-01,80,True,True,0,,,0.7,20.0,optimal,1.8576444999998785,1.857646499999646,0.0,0,0,15664.895369253067,174.341578519207,15839.236947772273,16181.65472124594,16355.996299765147,203379.71355696875,0.0,47.22280837302197,0.0,0.0,0.0,False,False,False
main,deterministic,deterministic,2025-01-01,81,True,True,0,,,0.7,20.0,optimal,1.8576444999998785,1.857646499999646,0.0,0,0,15664.895369253067,174.341578519207,15839.236947772273,16243.370214853907,16417.711793373113,203326.99581994629,0.09819140386490322,56.801806258518816,0.0,0.0,0.0,False,False,False
main,deterministic,deterministic,2025-01-01,82,True,True,0,,,0.7,20.0,optimal,1.8576444999998785,1.857646499999646,0.0,0,0,15664.895369253067,174.341578519207,15839.236947772273,16224.006047419176,16398.347625938382,203010.20584093267,0.0,42.30990923484734,0.0,0.0,0.0,False,False,False
main,deterministic,deterministic,2025-01-01,83,True,True,0,,,0.7,20.0,optimal,1.8576444999998785,1.857646499999646,0.0,0,0,15664.895369253067,174.341578519207,15839.236947772273,16255.664454116572,16430.006032635778,202596.6354198954,0.0,45.56223402413825,0.0,0.0,0.0,False,False,False
main,deterministic,deterministic,2025-01-01,84,True,True,0,,,0.7,20.0,optimal,1.8576444999998785,1.857646499999646,0.0,0,0,15664.895369253067,174.341578519207,15839.236947772273,16151.527877632574,16325.86945615178,202823.6034636154,0.0,40.903340988668575,0.0,0.0,0.0,False,False,False
main,deterministic,deterministic,2025-01-01,85,True,True,0,,,0.7,20.0,optimal,1.8576444999998785,1.857646499999646,0.0,0,0,15664.895369253067,174.341578519207,15839.236947772273,16188.486811840794,16362.82839036,202582.5943779111,0.0,55.31759162274934,0.0,0.0,0.0,False,False,False
main,deterministic,deterministic,2025-01-01,86,True,True,0,,,0.7,20.0,optimal,1.8576444999998785,1.857646499999646,0.0,0,0,15664.895369253067,174.341578519207,15839.236947772273,16230.373967478712,16404.71554599792,203464.28318696536,0.0,46.68790955523932,0.0,0.0,0.0,False,False,False
main,deterministic,deterministic,2025-01-01,87,True,True,0,,,0.7,20.0,optimal,1.8576444999998785,1.857646499999646,0.0,0,0,15664.895369253067,174.341578519207,15839.236947772273,16281.538409640872,16455.87998816008,203038.18172034912,0.0,49.40929871856484,0.0,0.0,0.0,False,False,False
main,deterministic,deterministic,2025-01-01,88,True,True,0,,,0.7,20.0,optimal,1.8576444999998785,1.857646499999646,0.0,0,0,15664.895369253067,174.341578519207,15839.236947772273,16287.82229169959,16462.163870218796,203655.00088938215,0.08265293318944678,55.39148535004459,0.0,0.0,0.0,False,False,False
main,deterministic,deterministic,2025-01-01,89,True,True,0,,,0.7,20.0,optimal,1.8576444999998785,1.857646499999646,0.0,0,0,15664.895369253067,174.341578519207,15839.236947772273,16279.151194675596,16453.492773194805,202633.55443275158,0.15088665105866794,49.423560810821634,0.0,0.0,0.0,False,False,False
main,deterministic,deterministic,2025-01-01,90,True,True,0,,,0.7,20.0,optimal,1.8576444999998785,1.857646499999646,0.0,0,0,15664.895369253067,174.341578519207,15839.236947772273,16210.975187625125,16385.316766144333,203090.6860287468,0.0,53.13449340726057,0.0,0.0,0.0,False,False,False
main,deterministic,deterministic,2025-01-01,91,True,True,0,,,0.7,20.0,optimal,1.8576444999998785,1.857646499999646,0.0,0,0,15664.895369253067,174.341578519207,15839.236947772273,16310.085022866047,16484.426601385254,203451.66734626764,0.0,48.637690184979355,0.0,0.0,0.0,False,False,False
main,deterministic,deterministic,2025-01-01,92,True,True,0,,,0.7,20.0,optimal,1.8576444999998785,1.857646499999646,0.0,0,0,15664.895369253067,174.341578519207,15839.236947772273,16201.651478570946,16375.993057090152,202900.09259547177,0.0,42.501280995446734,0.0,0.0,0.0,False,False,False
main,deterministic,deterministic,2025-01-01,93,True,True,0,,,0.7,20.0,optimal,1.8576444999998785,1.857646499999646,0.0,0,0,15664.895369253067,174.341578519207,15839.236947772273,16272.01026381403,16446.35184233324,203428.15550021344,0.0,51.430504909914184,0.0,0.0,0.0,False,False,False
main,deterministic,deterministic,2025-01-01,94,True,True,0,,,0.7,20.0,optimal,1.8576444999998785,1.857646499999646,0.0,0,0,15664.895369253067,174.341578519207,15839.236947772273,16122.06688753166,16296.408466050867,202019.4546356537,0.0,46.02548905445276,0.0,0.0,0.0,False,False,False
main,deterministic,deterministic,2025-01-01,95,True,True,0,,,0.7,20.0,optimal,1.8576444999998785,1.857646499999646,0.0,0,0,15664.895369253067,174.341578519207,15839.236947772273,16113.717367710888,16288.058946230094,202578.96372961887,0.0,49.93094891370056,0.0,0.0,0.0,False,False,False
main,deterministic,deterministic,2025-01-01,96,True,True,0,,,0.7,20.0,optimal,1.8576444999998785,1.857646499999646,0.0,0,0,15664.895369253067,174.341578519207,15839.236947772273,16165.725126982426,16340.066705501633,202712.41936282718,0.0,47.4001298658411,0.0,0.0,0.0,False,False,False
main,deterministic,deterministic,2025-01-01,97,True,True,0,,,0.7,20.0,optimal,1.8576444999998785,1.857646499999646,0.0,0,0,15664.895369253067,174.341578519207,15839.236947772273,16190.894159569458,16365.235738088664,202616.68806184194,0.0,50.9247184003185,0.0,0.0,0.0,False,False,False
main,deterministic,deterministic,2025-01-01,98,True,True,0,,,0.7,20.0,optimal,1.8576444999998785,1.857646499999646,0.0,0,0,15664.895369253067,174.341578519207,15839.236947772273,16236.583784137798,16410.925362657006,203298.28861184718,0.0,42.20769710114895,0.0,0.0,0.0,False,False,False
main,deterministic,deterministic,2025-01-01,99,True,True,0,,,0.7,20.0,optimal,1.8576444999998785,1.857646499999646,0.0,0,0,15664.895369253067,174.341578519207,15839.236947772273,16260.883365429212,16435.22494394842,203350.35885258715,0.0,53.59199950919003,0.0,0.0,0.0,False,False,False
main,deterministic,deterministic,2025-04-01,0,True,True,0,,,0.7,20.0,optimal,1.9617464000002656,1.9617470000002868,0.0,0,0,15462.571691668632,498.33225108842646,15960.903942757059,15824.335902832066,16322.668153920493,125309.73868311803,0.02535756869251199,52.02963981114584,0.0,0.0,0.0,False,False,False
main,deterministic,deterministic,2025-04-01,1,True,True,0,,,0.7,20.0,optimal,1.9617464000002656,1.9617470000002868,0.0,0,0,15462.571691668632,498.33225108842646,15960.903942757059,15714.061110935076,16212.393362023502,124350.61795363757,0.011015215634943731,62.14887804619043,0.0,0.0,0.0,False,False,False
main,deterministic,deterministic,2025-04-01,2,True,True,0,,,0.7,20.0,optimal,1.9617464000002656,1.9617470000002868,0.0,0,0,15462.571691668632,498.33225108842646,15960.903942757059,15695.236691002432,16193.568942090858,125289.68098572831,0.0,47.759714874246306,0.0,0.0,0.0,False,False,False
main,deterministic,deterministic,2025-04-01,3,True,True,0,,,0.7,20.0,optimal,1.9617464000002656,1.9617470000002868,0.0,0,0,15462.571691668632,498.33225108842646,15960.903942757059,15795.291218847437,16293.623469935863,125465.84413893624,0.00821133264331625,53.78052005557565,0.0,0.0,0.0,False,False,False
main,deterministic,deterministic,2025-04-01,4,True,True,0,,,0.7,20.0,optimal,1.9617464000002656,1.9617470000002868,0.0,0,0,15462.571691668632,498.33225108842646,15960.903942757059,15727.549604113869,16225.881855202295,125591.92760042612,0.0,48.600404249112984,0.0,0.0,0.0,False,False,False
main,deterministic,deterministic,2025-04-01,5,True,True,0,,,0.7,20.0,optimal,1.9617464000002656,1.9617470000002868,0.0,0,0,15462.571691668632,498.33225108842646,15960.903942757059,15784.725432714646,16283.057683803072,125498.46826843951,0.012785842560895044,58.96718099535512,0.0,0.0,0.0,False,False,False
main,deterministic,deterministic,2025-04-01,6,True,True,0,,,0.7,20.0,optimal,1.9617464000002656,1.9617470000002868,0.0,0,0,15462.571691668632,498.33225108842646,15960.903942757059,15765.202713244971,16263.534964333398,125608.10302730791,0.0,51.42221508577439,0.0,0.0,0.0,False,False,False
main,deterministic,deterministic,2025-04-01,7,True,True,0,,,0.7,20.0,optimal,1.9617464000002656,1.9617470000002868,0.0,0,0,15462.571691668632,498.33225108842646,15960.903942757059,15717.02153409549,16215.353785183916,125364.63028840767,0.06478739064478362,51.40023490904895,0.0,0.0,0.0,False,False,False
main,deterministic,deterministic,2025-04-01,8,True,True,0,,,0.7,20.0,optimal,1.9617464000002656,1.9617470000002868,0.0,0,0,15462.571691668632,498.33225108842646,15960.903942757059,15707.72232137925,16206.054572467676,125017.7954330909,0.06051275646016674,53.40222126907484,0.0,0.0,0.0,False,False,False
main,deterministic,deterministic,2025-04-01,9,True,True,0,,,0.7,20.0,optimal,1.9617464000002656,1.9617470000002868,0.0,0,0,15462.571691668632,498.33225108842646,15960.903942757059,15665.604241373116,16163.936492461542,124841.52234573803,0.06349627975934324,60.900348581695596,0.0,0.0,0.0,False,False,False
main,deterministic,deterministic,2025-04-01,10,True,True,0,,,0.7,20.0,optimal,1.9617464000002656,1.9617470000002868,0.0,0,0,15462.571691668632,498.33225108842646,15960.903942757059,15788.265034429442,16286.597285517868,125878.97265022926,0.0,52.45711435487584,0.0,0.0,0.0,False,False,False
main,deterministic,deterministic,2025-04-01,11,True,True,0,,,0.7,20.0,optimal,1.9617464000002656,1.9617470000002868,0.0,0,0,15462.571691668632,498.33225108842646,15960.903942757059,15744.28240890658,16242.614659995006,125470.98807287465,0.0,44.14708594295923,0.0,0.0,0.0,False,False,False
main,deterministic,deterministic,2025-04-01,12,True,True,0,,,0.7,20.0,optimal,1.9617464000002656,1.9617470000002868,0.0,0,0,15462.571691668632,498.33225108842646,15960.903942757059,15831.78562785775,16330.117878946176,125534.6766459387,0.1322142199049689,47.47072354773329,0.0,0.0,0.0,False,False,False
main,deterministic,deterministic,2025-04-01,13,True,True,0,,,0.7,20.0,optimal,1.9617464000002656,1.9617470000002868,0.0,0,0,15462.571691668632,498.33225108842646,15960.903942757059,15784.277389463607,16282.609640552033,125117.21528873319,0.10097085786053434,55.43380064842765,0.0,0.0,0.0,False,False,False
main,deterministic,deterministic,2025-04-01,14,True,True,0,,,0.7,20.0,optimal,1.9617464000002656,1.9617470000002868,0.0,0,0,15462.571691668632,498.33225108842646,15960.903942757059,15692.658885949362,16190.991137037789,125346.44255577581,0.0,54.4791275272742,0.0,0.0,0.0,False,False,False
main,deterministic,deterministic,2025-04-01,15,True,True,0,,,0.7,20.0,optimal,1.9617464000002656,1.9617470000002868,0.0,0,0,15462.571691668632,498.33225108842646,15960.903942757059,15820.863747123374,16319.1959982118,125378.6214670217,0.10593637143628226,50.2873982559984,0.0,0.0,0.0,False,False,False
main,deterministic,deterministic,2025-04-01,16,True,True,0,,,0.7,20.0,optimal,1.9617464000002656,1.9617470000002868,0.0,0,0,15462.571691668632,498.33225108842646,15960.903942757059,15692.761097400504,16191.09334848893,125465.86450153084,0.056782836703703043,47.13486085484239,0.0,0.0,0.0,False,False,False
main,deterministic,deterministic,2025-04-01,17,True,True,0,,,0.7,20.0,optimal,1.9617464000002656,1.9617470000002868,0.0,0,0,15462.571691668632,498.33225108842646,15960.903942757059,15784.349775041812,16282.682026130238,125708.0193324872,0.0,60.69136289697832,0.0,0.0,0.0,False,False,False
main,deterministic,deterministic,2025-04-01,18,True,True,0,,,0.7,20.0,optimal,1.9617464000002656,1.9617470000002868,0.0,0,0,15462.571691668632,498.33225108842646,15960.903942757059,15681.70861172676,16180.040862815187,124886.92158611513,0.06349627975934324,56.239407846521225,0.0,0.0,0.0,False,False,False
main,deterministic,deterministic,2025-04-01,19,True,True,0,,,0.7,20.0,optimal,1.9617464000002656,1.9617470000002868,0.0,0,0,15462.571691668632,498.33225108842646,15960.903942757059,15858.4583286744,16356.790579762826,125550.91850731018,0.01923156092145041,52.4305643559568,0.0,0.0,0.0,False,False,False
main,deterministic,deterministic,2025-04-01,20,True,True,0,,,0.7,20.0,optimal,1.9617464000002656,1.9617470000002868,0.0,0,0,15462.571691668632,498.33225108842646,15960.903942757059,15777.23609720595,16275.568348294377,125953.34487454199,0.0,48.810934622656674,0.0,0.0,0.0,False,False,False
main,deterministic,deterministic,2025-04-01,21,True,True,0,,,0.7,20.0,optimal,1.9617464000002656,1.9617470000002868,0.0,0,0,15462.571691668632,498.33225108842646,15960.903942757059,15805.81305268005,16304.145303768477,125686.09332887732,0.0951399158980637,51.10261816660708,0.0,0.0,0.0,False,False,False
main,deterministic,deterministic,2025-04-01,22,True,True,0,,,0.7,20.0,optimal,1.9617464000002656,1.9617470000002868,0.0,0,0,15462.571691668632,498.33225108842646,15960.903942757059,15736.234718783951,16234.566969872378,125599.13099694194,0.11122593399367614,52.64881228250501,0.0,0.0,0.0,False,False,False
main,deterministic,deterministic,2025-04-01,23,True,True,0,,,0.7,20.0,optimal,1.9617464000002656,1.9617470000002868,0.0,0,0,15462.571691668632,498.33225108842646,15960.903942757059,15684.524957774443,16182.85720886287,124971.35219773547,0.0322715650196676,50.513914908251145,0.0,0.0,0.0,False,False,False
main,deterministic,deterministic,2025-04-01,24,True,True,0,,,0.7,20.0,optimal,1.9617464000002656,1.9617470000002868,0.0,0,0,15462.571691668632,498.33225108842646,15960.903942757059,15689.528258046717,16187.860509135144,124747.13165300556,0.06349627975934324,56.221717471200485,0.0,0.0,0.0,False,False,False
main,deterministic,deterministic,2025-04-01,25,True,True,0,,,0.7,20.0,optimal,1.9617464000002656,1.9617470000002868,0.0,0,0,15462.571691668632,498.33225108842646,15960.903942757059,15793.859840306584,16292.19209139501,125817.67532566642,0.04916790540796001,48.07735666360078,0.0,0.0,0.0,False,False,False
main,deterministic,deterministic,2025-04-01,26,True,True,0,,,0.7,20.0,optimal,1.9617464000002656,1.9617470000002868,0.0,0,0,15462.571691668632,498.33225108842646,15960.903942757059,15755.76537715667,16254.097628245096,125075.94551483396,0.05950745791841222,61.42494444995916,0.0,0.0,0.0,False,False,False
main,deterministic,deterministic,2025-04-01,27,True,True,0,,,0.7,20.0,optimal,1.9617464000002656,1.9617470000002868,0.0,0,0,15462.571691668632,498.33225108842646,15960.903942757059,15730.621528621094,16228.95377970952,125173.98282225514,0.037038859496401066,57.017548424193386,0.0,0.0,0.0,False,False,False
main,deterministic,deterministic,2025-04-01,28,True,True,0,,,0.7,20.0,optimal,1.9617464000002656,1.9617470000002868,0.0,0,0,15462.571691668632,498.33225108842646,15960.903942757059,15768.4226584585,16266.754909546926,125556.57181388646,0.04135069190791946,43.66348130132357,0.0,0.0,0.0,False,False,False
main,deterministic,deterministic,2025-04-01,29,True,True,0,,,0.7,20.0,optimal,1.9617464000002656,1.9617470000002868,0.0,0,0,15462.571691668632,498.33225108842646,15960.903942757059,15821.918592349955,16320.250843438382,125566.65932628939,0.09513787778961569,40.30109048340827,0.0,0.0,0.0,False,False,False
main,deterministic,deterministic,2025-04-01,30,True,True,0,,,0.7,20.0,optimal,1.9617464000002656,1.9617470000002868,0.0,0,0,15462.571691668632,498.33225108842646,15960.903942757059,15693.80764684101,16192.139897929437,125272.9472855457,0.0030690339776646702,47.01487387605699,0.0,0.0,0.0,False,False,False
main,deterministic,deterministic,2025-04-01,31,True,True,0,,,0.7,20.0,optimal,1.9617464000002656,1.9617470000002868,0.0,0,0,15462.571691668632,498.33225108842646,15960.903942757059,15784.739153541632,16283.071404630058,125662.58903581774,0.0,48.01455666360998,0.0,0.0,0.0,False,False,False
main,deterministic,deterministic,2025-04-01,32,True,True,0,,,0.7,20.0,optimal,1.9617464000002656,1.9617470000002868,0.0,0,0,15462.571691668632,498.33225108842646,15960.903942757059,15684.639443852493,16182.97169494092,125367.25154680932,0.0,49.98061284720077,0.0,0.0,0.0,False,False,False
main,deterministic,deterministic,2025-04-01,33,True,True,0,,,0.7,20.0,optimal,1.9617464000002656,1.9617470000002868,0.0,0,0,15462.571691668632,498.33225108842646,15960.903942757059,15701.384001653329,16199.716252741755,124320.40995330353,0.0,63.410067018351114,0.0,0.0,0.0,False,False,False
main,deterministic,deterministic,2025-04-01,34,True,True,0,,,0.7,20.0,optimal,1.9617464000002656,1.9617470000002868,0.0,0,0,15462.571691668632,498.33225108842646,15960.903942757059,15797.640751343693,16295.97300243212,124882.13129581229,0.0,54.98333623284406,0.0,0.0,0.0,False,False,False
main,deterministic,deterministic,2025-04-01,35,True,True,0,,,0.7,20.0,optimal,1.9617464000002656,1.9617470000002868,0.0,0,0,15462.571691668632,498.33225108842646,15960.903942757059,15752.661915496026,16250.994166584453,125471.89094673604,0.06369357211446997,58.227326924747175,0.0,0.0,0.0,False,False,False
main,deterministic,deterministic,2025-04-01,36,True,True,0,,,0.7,20.0,optimal,1.9617464000002656,1.9617470000002868,0.0,0,0,15462.571691668632,498.33225108842646,15960.903942757059,15749.158481887982,16247.490732976408,125102.3538066794,0.0,60.63634923024895,0.0,0.0,0.0,False,False,False
main,deterministic,deterministic,2025-04-01,37,True,True,0,,,0.7,20.0,optimal,1.9617464000002656,1.9617470000002868,0.0,0,0,15462.571691668632,498.33225108842646,15960.903942757059,15796.098524655563,16294.43077574399,125695.658599222,0.008850578646796892,45.74365687795859,0.0,0.0,0.0,False,False,False
main,deterministic,deterministic,2025-04-01,38,True,True,0,,,0.7,20.0,optimal,1.9617464000002656,1.9617470000002868,0.0,0,0,15462.571691668632,498.33225108842646,15960.903942757059,15726.590121349387,16224.922372437813,125282.14188873844,0.027523188755996908,50.143188341776295,0.0,0.0,0.0,False,False,False
main,deterministic,deterministic,2025-04-01,39,True,True,0,,,0.7,20.0,optimal,1.9617464000002656,1.9617470000002868,0.0,0,0,15462.571691668632,498.33225108842646,15960.903942757059,15804.286781715678,16302.619032804105,125655.52995806256,0.06738412813834366,44.47806804781029,0.0,0.0,0.0,False,False,False
main,deterministic,deterministic,2025-04-01,40,True,True,0,,,0.7,20.0,optimal,1.9617464000002656,1.9617470000002868,0.0,0,0,15462.571691668632,498.33225108842646,15960.903942757059,15707.227856475607,16205.560107564033,125222.08773981813,0.02779446709902611,46.455462010764414,0.0,0.0,0.0,False,False,False
main,deterministic,deterministic,2025-04-01,41,True,True,0,,,0.7,20.0,optimal,1.9617464000002656,1.9617470000002868,0.0,0,0,15462.571691668632,498.33225108842646,15960.903942757059,15787.952668246879,16286.284919335305,125667.75253574885,0.029376943799584054,39.944907025329506,0.0,0.0,0.0,False,False,False
main,deterministic,deterministic,2025-04-01,42,True,True,0,,,0.7,20.0,optimal,1.9617464000002656,1.9617470000002868,0.0,0,0,15462.571691668632,498.33225108842646,15960.903942757059,15710.194529985889,16208.526781074315,125070.67764115911,0.06349627975934324,57.35572704485553,0.0,0.0,0.0,False,False,False
main,deterministic,deterministic,2025-04-01,43,True,True,0,,,0.7,20.0,optimal,1.9617464000002656,1.9617470000002868,0.0,0,0,15462.571691668632,498.33225108842646,15960.903942757059,15704.326001105257,16202.658252193683,125411.30448722166,0.0,53.02825203166799,0.0,0.0,0.0,False,False,False
main,deterministic,deterministic,2025-04-01,44,True,True,0,,,0.7,20.0,optimal,1.9617464000002656,1.9617470000002868,0.0,0,0,15462.571691668632,498.33225108842646,15960.903942757059,15743.953248369437,16242.285499457863,125521.06201904506,0.0,53.28444312210571,0.0,0.0,0.0,False,False,False
main,deterministic,deterministic,2025-04-01,45,True,True,0,,,0.7,20.0,optimal,1.9617464000002656,1.9617470000002868,0.0,0,0,15462.571691668632,498.33225108842646,15960.903942757059,15724.977613424331,16223.309864512757,125406.35242587255,0.08910897770396892,55.4352398404201,0.0,0.0,0.0,False,False,False
main,deterministic,deterministic,2025-04-01,46,True,True,0,,,0.7,20.0,optimal,1.9617464000002656,1.9617470000002868,0.0,0,0,15462.571691668632,498.33225108842646,15960.903942757059,15821.394926392322,16319.727177480749,125474.13141160773,0.05529781580186033,52.7856663703848,0.0,0.0,0.0,False,False,False
main,deterministic,deterministic,2025-04-01,47,True,True,0,,,0.7,20.0,optimal,1.9617464000002656,1.9617470000002868,0.0,0,0,15462.571691668632,498.33225108842646,15960.903942757059,15767.748882761887,16266.081133850314,125372.04111309149,0.1428503233777063,54.94186351142476,0.0,0.0,0.0,False,False,False
main,deterministic,deterministic,2025-04-01,48,True,True,0,,,0.7,20.0,optimal,1.9617464000002656,1.9617470000002868,0.0,0,0,15462.571691668632,498.33225108842646,15960.903942757059,15675.814258415141,16174.146509503567,125349.54672831038,0.0,51.35480986825982,0.0,0.0,0.0,False,False,False
main,deterministic,deterministic,2025-04-01,49,True,True,0,,,0.7,20.0,optimal,1.9617464000002656,1.9617470000002868,0.0,0,0,15462.571691668632,498.33225108842646,15960.903942757059,15765.604338292565,16263.936589380992,125052.13903321952,0.07246336799036013,57.090171978307225,0.0,0.0,0.0,False,False,False
main,deterministic,deterministic,2025-04-01,50,True,True,0,,,0.7,20.0,optimal,1.9617464000002656,1.9617470000002868,0.0,0,0,15462.571691668632,498.33225108842646,15960.903942757059,15666.46215163051,16164.794402718937,125276.53654758379,0.006306171908065872,55.80842855092168,0.0,0.0,0.0,False,False,False
main,deterministic,deterministic,2025-04-01,51,True,True,0,,,0.7,20.0,optimal,1.9617464000002656,1.9617470000002868,0.0,0,0,15462.571691668632,498.33225108842646,15960.903942757059,15766.581501846409,16264.913752934835,125184.5378335035,0.03661592943914166,53.25325424830379,0.0,0.0,0.0,False,False,False
main,deterministic,deterministic,2025-04-01,52,True,True,0,,,0.7,20.0,optimal,1.9617464000002656,1.9617470000002868,0.0,0,0,15462.571691668632,498.33225108842646,15960.903942757059,15756.441008286862,16254.773259375288,125142.28005787756,0.1197999092565839,55.90778952199157,0.0,0.0,0.0,False,False,False
main,deterministic,deterministic,2025-04-01,53,True,True,0,,,0.7,20.0,optimal,1.9617464000002656,1.9617470000002868,0.0,0,0,15462.571691668632,498.33225108842646,15960.903942757059,15769.04526468109,16267.377515769516,125663.79726740032,0.0,45.141517873526205,0.0,0.0,0.0,False,False,False
main,deterministic,deterministic,2025-04-01,54,True,True,0,,,0.7,20.0,optimal,1.9617464000002656,1.9617470000002868,0.0,0,0,15462.571691668632,498.33225108842646,15960.903942757059,15707.236360306531,16205.568611394958,125429.57001315536,0.0,50.049798405821036,0.0,0.0,0.0,False,False,False
main,deterministic,deterministic,2025-04-01,55,True,True,0,,,0.7,20.0,optimal,1.9617464000002656,1.9617470000002868,0.0,0,0,15462.571691668632,498.33225108842646,15960.903942757059,15672.970718907236,16171.302969995662,125528.9226845354,0.0,56.52291199472573,0.0,0.0,0.0,False,False,False
main,deterministic,deterministic,2025-04-01,56,True,True,0,,,0.7,20.0,optimal,1.9617464000002656,1.9617470000002868,0.0,0,0,15462.571691668632,498.33225108842646,15960.903942757059,15698.044484334347,16196.376735422773,125527.90254923377,0.02472436924718291,39.52481080062549,0.0,0.0,0.0,False,False,False
main,deterministic,deterministic,2025-04-01,57,True,True,0,,,0.7,20.0,optimal,1.9617464000002656,1.9617470000002868,0.0,0,0,15462.571691668632,498.33225108842646,15960.903942757059,15727.762992315133,16226.095243403559,124914.89626648788,0.09570347507184385,53.516070075548114,0.0,0.0,0.0,False,False,False
main,deterministic,deterministic,2025-04-01,58,True,True,0,,,0.7,20.0,optimal,1.9617464000002656,1.9617470000002868,0.0,0,0,15462.571691668632,498.33225108842646,15960.903942757059,15809.272943717733,16307.60519480616,125478.30937738737,0.054625128558075775,58.472844386200066,0.0,0.0,0.0,False,False,False
main,deterministic,deterministic,2025-04-01,59,True,True,0,,,0.7,20.0,optimal,1.9617464000002656,1.9617470000002868,0.0,0,0,15462.571691668632,498.33225108842646,15960.903942757059,15717.39329621767,16215.725547306096,125190.856142943,0.0,53.98731122237398,0.0,0.0,0.0,False,False,False
main,deterministic,deterministic,2025-04-01,60,True,True,0,,,0.7,20.0,optimal,1.9617464000002656,1.9617470000002868,0.0,0,0,15462.571691668632,498.33225108842646,15960.903942757059,15672.042504084297,16170.374755172723,125355.5769422452,0.05927703308921228,54.88663969732094,0.0,0.0,0.0,False,False,False
main,deterministic,deterministic,2025-04-01,61,True,True,0,,,0.7,20.0,optimal,1.9617464000002656,1.9617470000002868,0.0,0,0,15462.571691668632,498.33225108842646,15960.903942757059,15696.011236922199,16194.343488010625,125496.81219444098,0.0436149390074273,43.962562910513746,0.0,0.0,0.0,False,False,False
main,deterministic,deterministic,2025-04-01,62,True,True,0,,,0.7,20.0,optimal,1.9617464000002656,1.9617470000002868,0.0,0,0,15462.571691668632,498.33225108842646,15960.903942757059,15803.09030227645,16301.422553364877,125694.81316242446,0.05215265673313546,57.04448998260919,0.0,0.0,0.0,False,False,False
main,deterministic,deterministic,2025-04-01,63,True,True,0,,,0.7,20.0,optimal,1.9617464000002656,1.9617470000002868,0.0,0,0,15462.571691668632,498.33225108842646,15960.903942757059,15832.51633055437,16330.848581642796,125285.62988488963,0.012784382329044053,60.92666009138539,0.0,0.0,0.0,False,False,False
main,deterministic,deterministic,2025-04-01,64,True,True,0,,,0.7,20.0,optimal,1.9617464000002656,1.9617470000002868,0.0,0,0,15462.571691668632,498.33225108842646,15960.903942757059,15698.370539205338,16196.702790293764,125628.30604799071,0.06349627917366973,47.865918302943946,0.0,0.0,0.0,False,False,False
main,deterministic,deterministic,2025-04-01,65,True,True,0,,,0.7,20.0,optimal,1.9617464000002656,1.9617470000002868,0.0,0,0,15462.571691668632,498.33225108842646,15960.903942757059,15833.472552635465,16331.804803723891,125665.95011994697,0.0,55.487251074263696,0.0,0.0,0.0,False,False,False
main,deterministic,deterministic,2025-04-01,66,True,True,0,,,0.7,20.0,optimal,1.9617464000002656,1.9617470000002868,0.0,0,0,15462.571691668632,498.33225108842646,15960.903942757059,15712.14808876346,16210.480339851887,125239.4130910159,0.0,61.14801018222965,0.0,0.0,0.0,False,False,False
main,deterministic,deterministic,2025-04-01,67,True,True,0,,,0.7,20.0,optimal,1.9617464000002656,1.9617470000002868,0.0,0,0,15462.571691668632,498.33225108842646,15960.903942757059,15671.805329903344,16170.13758099177,125698.48128968426,0.0,54.99574600874973,0.0,0.0,0.0,False,False,False
main,deterministic,deterministic,2025-04-01,68,True,True,0,,,0.7,20.0,optimal,1.9617464000002656,1.9617470000002868,0.0,0,0,15462.571691668632,498.33225108842646,15960.903942757059,15593.437543403463,16091.76979449189,124820.62370305526,0.06349626205985448,53.38061290567137,0.0,0.0,0.0,False,False,False
main,deterministic,deterministic,2025-04-01,69,True,True,0,,,0.7,20.0,optimal,1.9617464000002656,1.9617470000002868,0.0,0,0,15462.571691668632,498.33225108842646,15960.903942757059,15787.69595558254,16286.028206670966,125223.41294520505,0.0,55.6728454279909,0.0,0.0,0.0,False,False,False
main,deterministic,deterministic,2025-04-01,70,True,True,0,,,0.7,20.0,optimal,1.9617464000002656,1.9617470000002868,0.0,0,0,15462.571691668632,498.33225108842646,15960.903942757059,15712.407941613244,16210.74019270167,125209.03899302441,0.0,59.77599701610882,0.0,0.0,0.0,False,False,False
main,deterministic,deterministic,2025-04-01,71,True,True,0,,,0.7,20.0,optimal,1.9617464000002656,1.9617470000002868,0.0,0,0,15462.571691668632,498.33225108842646,15960.903942757059,15742.768897781167,16241.101148869593,125270.25768852756,0.0,57.96115070066186,0.0,0.0,0.0,False,False,False
main,deterministic,deterministic,2025-04-01,72,True,True,0,,,0.7,20.0,optimal,1.9617464000002656,1.9617470000002868,0.0,0,0,15462.571691668632,498.33225108842646,15960.903942757059,15718.175092017387,16216.507343105814,124842.98988423862,0.012424320005802514,59.23947969836045,0.0,0.0,0.0,False,False,False
main,deterministic,deterministic,2025-04-01,73,True,True,0,,,0.7,20.0,optimal,1.9617464000002656,1.9617470000002868,0.0,0,0,15462.571691668632,498.33225108842646,15960.903942757059,15671.269858616175,16169.602109704601,125003.1493493583,0.061524158107557014,51.7093777983235,0.0,0.0,0.0,False,False,False
main,deterministic,deterministic,2025-04-01,74,True,True,0,,,0.7,20.0,optimal,1.9617464000002656,1.9617470000002868,0.0,0,0,15462.571691668632,498.33225108842646,15960.903942757059,15676.232054290957,16174.564305379383,125017.44720730929,0.15332774462988258,54.58719886799136,0.0,0.0,0.0,False,False,False
main,deterministic,deterministic,2025-04-01,75,True,True,0,,,0.7,20.0,optimal,1.9617464000002656,1.9617470000002868,0.0,0,0,15462.571691668632,498.33225108842646,15960.903942757059,15740.210781481483,16238.543032569909,125577.41090684192,0.056286424926225154,49.87536458904622,0.0,0.0,0.0,False,False,False
main,deterministic,deterministic,2025-04-01,76,True,True,0,,,0.7,20.0,optimal,1.9617464000002656,1.9617470000002868,0.0,0,0,15462.571691668632,498.33225108842646,15960.903942757059,15726.827162523188,16225.159413611615,125152.23647686077,0.06071133273473689,53.55542878460634,0.0,0.0,0.0,False,False,False
main,deterministic,deterministic,2025-04-01,77,True,True,0,,,0.7,20.0,optimal,1.9617464000002656,1.9617470000002868,0.0,0,0,15462.571691668632,498.33225108842646,15960.903942757059,15749.911738312738,16248.243989401164,125139.32914868211,0.04130692492233745,46.26295471795905,0.0,0.0,0.0,False,False,False
main,deterministic,deterministic,2025-04-01,78,True,True,0,,,0.7,20.0,optimal,1.9617464000002656,1.9617470000002868,0.0,0,0,15462.571691668632,498.33225108842646,15960.903942757059,15737.072255943172,16235.404507031599,125719.28222698765,0.09318206292143039,52.36335913655344,0.0,0.0,0.0,False,False,False
main,deterministic,deterministic,2025-04-01,79,True,True,0,,,0.7,20.0,optimal,1.9617464000002656,1.9617470000002868,0.0,0,0,15462.571691668632,498.33225108842646,15960.903942757059,15800.06638348669,16298.398634575116,125381.83135727016,0.030642954035394743,49.011057578027014,0.0,0.0,0.0,False,False,False
main,deterministic,deterministic,2025-04-01,80,True,True,0,,,0.7,20.0,optimal,1.9617464000002656,1.9617470000002868,0.0,0,0,15462.571691668632,498.33225108842646,15960.903942757059,15763.7413100083,16262.073561096726,125391.17195640574,0.02616597334716303,48.189566699800764,0.0,0.0,0.0,False,False,False
main,deterministic,deterministic,2025-04-01,81,True,True,0,,,0.7,20.0,optimal,1.9617464000002656,1.9617470000002868,0.0,0,0,15462.571691668632,498.33225108842646,15960.903942757059,15731.670444191092,16230.002695279518,125122.28853786697,0.004688068216223085,60.10431244646054,0.0,0.0,0.0,False,False,False
main,deterministic,deterministic,2025-04-01,82,True,True,0,,,0.7,20.0,optimal,1.9617464000002656,1.9617470000002868,0.0,0,0,15462.571691668632,498.33225108842646,15960.903942757059,15764.960383741816,16263.292634830243,125776.95091439465,0.025508579508657536,45.08977149396243,0.0,0.0,0.0,False,False,False
main,deterministic,deterministic,2025-04-01,83,True,True,0,,,0.7,20.0,optimal,1.9617464000002656,1.9617470000002868,0.0,0,0,15462.571691668632,498.33225108842646,15960.903942757059,15723.28065640925,16221.612907497676,125031.62598337766,0.09235968326566224,46.968383561213074,0.0,0.0,0.0,False,False,False
main,deterministic,deterministic,2025-04-01,84,True,True,0,,,0.7,20.0,optimal,1.9617464000002656,1.9617470000002868,0.0,0,0,15462.571691668632,498.33225108842646,15960.903942757059,15729.197569590173,16227.5298206786,125186.23499900347,0.08345573363254116,46.14364010434557,0.0,0.0,0.0,False,False,False
main,deterministic,deterministic,2025-04-01,85,True,True,0,,,0.7,20.0,optimal,1.9617464000002656,1.9617470000002868,0.0,0,0,15462.571691668632,498.33225108842646,15960.903942757059,15755.910687843492,16254.242938931919,125127.13542097303,0.0,62.30150750004315,0.0,0.0,0.0,False,False,False
main,deterministic,deterministic,2025-04-01,86,True,True,0,,,0.7,20.0,optimal,1.9617464000002656,1.9617470000002868,0.0,0,0,15462.571691668632,498.33225108842646,15960.903942757059,15732.187163267085,16230.51941435551,125426.38844551687,0.05486578103817924,45.529661340755666,0.0,0.0,0.0,False,False,False
main,deterministic,deterministic,2025-04-01,87,True,True,0,,,0.7,20.0,optimal,1.9617464000002656,1.9617470000002868,0.0,0,0,15462.571691668632,498.33225108842646,15960.903942757059,15693.819829807406,16192.152080895832,125123.86560261252,0.10361186755887564,49.92668359894317,0.0,0.0,0.0,False,False,False
main,deterministic,deterministic,2025-04-01,88,True,True,0,,,0.7,20.0,optimal,1.9617464000002656,1.9617470000002868,0.0,0,0,15462.571691668632,498.33225108842646,15960.903942757059,15777.974445279951,16276.306696368378,125062.98367843404,0.0,60.36919116372312,0.0,0.0,0.0,False,False,False
main,deterministic,deterministic,2025-04-01,89,True,True,0,,,0.7,20.0,optimal,1.9617464000002656,1.9617470000002868,0.0,0,0,15462.571691668632,498.33225108842646,15960.903942757059,15654.451847345617,16152.784098434044,125142.69042028072,0.0,50.728789300345966,0.0,0.0,0.0,False,False,False
main,deterministic,deterministic,2025-04-01,90,True,True,0,,,0.7,20.0,optimal,1.9617464000002656,1.9617470000002868,0.0,0,0,15462.571691668632,498.33225108842646,15960.903942757059,15687.622229920202,16185.954481008628,124891.4391518728,0.06349627975934324,58.31542630748272,0.0,0.0,0.0,False,False,False
main,deterministic,deterministic,2025-04-01,91,True,True,0,,,0.7,20.0,optimal,1.9617464000002656,1.9617470000002868,0.0,0,0,15462.571691668632,498.33225108842646,15960.903942757059,15742.63029591605,16240.962547004476,125344.83233047041,0.055516998899884096,54.120698612605814,0.0,0.0,0.0,False,False,False
main,deterministic,deterministic,2025-04-01,92,True,True,0,,,0.7,20.0,optimal,1.9617464000002656,1.9617470000002868,0.0,0,0,15462.571691668632,498.33225108842646,15960.903942757059,15759.53566810569,16257.867919194116,125329.09947110323,0.045408110862502016,44.31062220254634,0.0,0.0,0.0,False,False,False
main,deterministic,deterministic,2025-04-01,93,True,True,0,,,0.7,20.0,optimal,1.9617464000002656,1.9617470000002868,0.0,0,0,15462.571691668632,498.33225108842646,15960.903942757059,15759.448007364408,16257.780258452834,125108.74443767311,0.0,53.16960243898702,0.0,0.0,0.0,False,False,False
main,deterministic,deterministic,2025-04-01,94,True,True,0,,,0.7,20.0,optimal,1.9617464000002656,1.9617470000002868,0.0,0,0,15462.571691668632,498.33225108842646,15960.903942757059,15677.852448643644,16176.18469973207,125010.65455772915,0.0,49.47368552917958,0.0,0.0,0.0,False,False,False
main,deterministic,deterministic,2025-04-01,95,True,True,0,,,0.7,20.0,optimal,1.9617464000002656,1.9617470000002868,0.0,0,0,15462.571691668632,498.33225108842646,15960.903942757059,15709.865424068003,16208.197675156429,125627.4605418534,0.05480107054888722,55.00084593223459,0.0,0.0,0.0,False,False,False
main,deterministic,deterministic,2025-04-01,96,True,True,0,,,0.7,20.0,optimal,1.9617464000002656,1.9617470000002868,0.0,0,0,15462.571691668632,498.33225108842646,15960.903942757059,15778.342154554697,16276.674405643123,125615.62409437628,0.06315441958999135,51.535982105285456,0.0,0.0,0.0,False,False,False
main,deterministic,deterministic,2025-04-01,97,True,True,0,,,0.7,20.0,optimal,1.9617464000002656,1.9617470000002868,0.0,0,0,15462.571691668632,498.33225108842646,15960.903942757059,15791.539195365433,16289.871446453859,125568.7721853404,0.0,50.483578673714455,0.0,0.0,0.0,False,False,False
main,deterministic,deterministic,2025-04-01,98,True,True,0,,,0.7,20.0,optimal,1.9617464000002656,1.9617470000002868,0.0,0,0,15462.571691668632,498.33225108842646,15960.903942757059,15683.706063267808,16182.038314356234,125565.89915901222,0.05670537717890911,44.579307362500195,0.0,0.0,0.0,False,False,False
main,deterministic,deterministic,2025-04-01,99,True,True,0,,,0.7,20.0,optimal,1.9617464000002656,1.9617470000002868,0.0,0,0,15462.571691668632,498.33225108842646,15960.903942757059,15764.409851499377,16262.742102587803,125422.325513876,0.0,56.47809328516938,0.0,0.0,0.0,False,False,False
main,deterministic,deterministic,2025-07-01,0,True,True,0,,,0.7,20.0,optimal,2.0704036000006454,2.0704052999999476,0.0,0,0,15865.460962360763,295.2709491819112,16160.731911542674,16700.146068565035,16995.417017746946,171868.25886061438,0.0,56.180053805776325,0.0,0.0,0.0,False,False,False
main,deterministic,deterministic,2025-07-01,1,True,True,0,,,0.7,20.0,optimal,2.0704036000006454,2.0704052999999476,0.0,0,0,15865.460962360763,295.2709491819112,16160.731911542674,16664.764917900717,16960.035867082628,171188.24521379007,0.2786045213475719,68.05019523467935,0.0,0.0,0.0,False,False,False
main,deterministic,deterministic,2025-07-01,2,True,True,0,,,0.7,20.0,optimal,2.0704036000006454,2.0704052999999476,0.0,0,0,15865.460962360763,295.2709491819112,16160.731911542674,16742.010680813168,17037.28162999508,171617.69770927168,0.2532558201476683,52.977615796398794,0.0,0.0,0.0,False,False,False
main,deterministic,deterministic,2025-07-01,3,True,True,0,,,0.7,20.0,optimal,2.0704036000006454,2.0704052999999476,0.0,0,0,15865.460962360763,295.2709491819112,16160.731911542674,16709.402425624394,17004.673374806305,171834.7721191645,0.0,58.17009042135975,0.0,0.0,0.0,False,False,False
main,deterministic,deterministic,2025-07-01,4,True,True,0,,,0.7,20.0,optimal,2.0704036000006454,2.0704052999999476,0.0,0,0,15865.460962360763,295.2709491819112,16160.731911542674,16592.45797699502,16887.728926176933,172109.51884153803,0.0,49.95518047577005,0.0,0.0,0.0,False,False,False
main,deterministic,deterministic,2025-07-01,5,True,True,0,,,0.7,20.0,optimal,2.0704036000006454,2.0704052999999476,0.0,0,0,15865.460962360763,295.2709491819112,16160.731911542674,16712.726008442765,17007.996957624677,171845.60913633645,0.0,58.50427002575875,0.0,0.0,0.0,False,False,False
main,deterministic,deterministic,2025-07-01,6,True,True,0,,,0.7,20.0,optimal,2.0704036000006454,2.0704052999999476,0.0,0,0,15865.460962360763,295.2709491819112,16160.731911542674,16778.24687832341,17073.517827505322,172024.98327921386,0.0,55.66079154744144,0.0,0.0,0.0,False,False,False
main,deterministic,deterministic,2025-07-01,7,True,True,0,,,0.7,20.0,optimal,2.0704036000006454,2.0704052999999476,0.0,0,0,15865.460962360763,295.2709491819112,16160.731911542674,16722.86713152135,17018.138080703262,171927.00386127588,0.2285186716678509,55.458538704462654,0.0,0.0,0.0,False,False,False
main,deterministic,deterministic,2025-07-01,8,True,True,0,,,0.7,20.0,optimal,2.0704036000006454,2.0704052999999476,0.0,0,0,15865.460962360763,295.2709491819112,16160.731911542674,16629.8678454054,16925.13879458731,171380.5829091716,0.0,56.853808163844484,0.0,0.0,0.0,False,False,False
main,deterministic,deterministic,2025-07-01,9,True,True,0,,,0.7,20.0,optimal,2.0704036000006454,2.0704052999999476,0.0,0,0,15865.460962360763,295.2709491819112,16160.731911542674,16792.198251481317,17087.46920066323,171763.6064287039,0.3601659150541093,64.4385287207181,0.0,0.0,0.0,False,False,False
main,deterministic,deterministic,2025-07-01,10,True,True,0,,,0.7,20.0,optimal,2.0704036000006454,2.0704052999999476,0.0,0,0,15865.460962360763,295.2709491819112,16160.731911542674,16704.193531930887,16999.4644811128,171653.5105723266,0.0,55.51797467046956,0.0,0.0,0.0,False,False,False
main,deterministic,deterministic,2025-07-01,11,True,True,0,,,0.7,20.0,optimal,2.0704036000006454,2.0704052999999476,0.0,0,0,15865.460962360763,295.2709491819112,16160.731911542674,16723.05957337602,17018.33052255793,171658.65325981038,0.0,51.170661854880464,0.0,0.0,0.0,False,False,False
main,deterministic,deterministic,2025-07-01,12,True,True,0,,,0.7,20.0,optimal,2.0704036000006454,2.0704052999999476,0.0,0,0,15865.460962360763,295.2709491819112,16160.731911542674,16755.46287689775,17050.73382607966,171215.05919607094,0.07905439371308015,53.01319596993443,0.0,0.0,0.0,False,False,False
main,deterministic,deterministic,2025-07-01,13,True,True,0,,,0.7,20.0,optimal,2.0704036000006454,2.0704052999999476,0.0,0,0,15865.460962360763,295.2709491819112,16160.731911542674,16765.353716692865,17060.624665874777,171608.01868973355,0.39052169789999247,57.173027717366885,0.0,0.0,0.0,False,False,False
main,deterministic,deterministic,2025-07-01,14,True,True,0,,,0.7,20.0,optimal,2.0704036000006454,2.0704052999999476,0.0,0,0,15865.460962360763,295.2709491819112,16160.731911542674,16689.60978428441,16984.88073346632,171569.60256881875,0.046789495117474655,56.21965229516767,0.0,0.0,0.0,False,False,False
main,deterministic,deterministic,2025-07-01,15,True,True,0,,,0.7,20.0,optimal,2.0704036000006454,2.0704052999999476,0.0,0,0,15865.460962360763,295.2709491819112,16160.731911542674,16716.717756535265,17011.988705717176,171340.08890682494,0.0,52.728034595813185,0.0,0.0,0.0,False,False,False
main,deterministic,deterministic,2025-07-01,16,True,True,0,,,0.7,20.0,optimal,2.0704036000006454,2.0704052999999476,0.0,0,0,15865.460962360763,295.2709491819112,16160.731911542674,16755.35893596873,17050.62988515064,172246.97936246454,0.0,54.304661384877996,0.0,0.0,0.0,False,False,False
main,deterministic,deterministic,2025-07-01,17,True,True,0,,,0.7,20.0,optimal,2.0704036000006454,2.0704052999999476,0.0,0,0,15865.460962360763,295.2709491819112,16160.731911542674,16850.320693404134,17145.591642586045,171554.83688558094,0.0,65.7676484894992,0.0,0.0,0.0,False,False,False
main,deterministic,deterministic,2025-07-01,18,True,True,0,,,0.7,20.0,optimal,2.0704036000006454,2.0704052999999476,0.0,0,0,15865.460962360763,295.2709491819112,16160.731911542674,16885.802165739227,17181.07311492114,171641.41528215812,0.4159217597942623,60.24116529703127,0.0,0.0,0.0,False,False,False
main,deterministic,deterministic,2025-07-01,19,True,True,0,,,0.7,20.0,optimal,2.0704036000006454,2.0704052999999476,0.0,0,0,15865.460962360763,295.2709491819112,16160.731911542674,16709.548687310922,17004.819636492834,171635.21787745928,0.0,58.24703952356061,0.0,0.0,0.0,False,False,False
main,deterministic,deterministic,2025-07-01,20,True,True,0,,,0.7,20.0,optimal,2.0704036000006454,2.0704052999999476,0.0,0,0,15865.460962360763,295.2709491819112,16160.731911542674,16754.724455614796,17049.995404796708,172573.36788864795,0.0,53.05143874519963,0.0,0.0,0.0,False,False,False
main,deterministic,deterministic,2025-07-01,21,True,True,0,,,0.7,20.0,optimal,2.0704036000006454,2.0704052999999476,0.0,0,0,15865.460962360763,295.2709491819112,16160.731911542674,16670.808857930988,16966.0798071129,171965.31154930673,0.009857463066566208,51.66648967872675,0.0,0.0,0.0,False,False,False
main,deterministic,deterministic,2025-07-01,22,True,True,0,,,0.7,20.0,optimal,2.0704036000006454,2.0704052999999476,0.0,0,0,15865.460962360763,295.2709491819112,16160.731911542674,16721.27382776799,17016.5447769499,171527.93074495695,0.0,56.47625508492119,0.0,0.0,0.0,False,False,False
main,deterministic,deterministic,2025-07-01,23,True,True,0,,,0.7,20.0,optimal,2.0704036000006454,2.0704052999999476,0.0,0,0,15865.460962360763,295.2709491819112,16160.731911542674,16722.66813199791,17017.939081179822,171469.86345631923,0.2761300204262854,58.89199803495741,0.0,0.0,0.0,False,False,False
main,deterministic,deterministic,2025-07-01,24,True,True,0,,,0.7,20.0,optimal,2.0704036000006454,2.0704052999999476,0.0,0,0,15865.460962360763,295.2709491819112,16160.731911542674,16773.875291742657,17069.14624092457,171724.49448314728,0.25893886330152377,64.47652308875308,0.0,0.0,0.0,False,False,False
main,deterministic,deterministic,2025-07-01,25,True,True,0,,,0.7,20.0,optimal,2.0704036000006454,2.0704052999999476,0.0,0,0,15865.460962360763,295.2709491819112,16160.731911542674,16726.924705196514,17022.195654378425,172027.94327170087,0.0,49.39358288617096,0.0,0.0,0.0,False,False,False
main,deterministic,deterministic,2025-07-01,26,True,True,0,,,0.7,20.0,optimal,2.0704036000006454,2.0704052999999476,0.0,0,0,15865.460962360763,295.2709491819112,16160.731911542674,16711.021134839182,17006.292084021094,171299.66257462898,0.0,64.03307171976095,0.0,0.0,0.0,False,False,False
main,deterministic,deterministic,2025-07-01,27,True,True,0,,,0.7,20.0,optimal,2.0704036000006454,2.0704052999999476,0.0,0,0,15865.460962360763,295.2709491819112,16160.731911542674,16742.591501233113,17037.862450415025,171187.4336408311,0.0,61.46292139516069,0.0,0.0,0.0,False,False,False
main,deterministic,deterministic,2025-07-01,28,True,True,0,,,0.7,20.0,optimal,2.0704036000006454,2.0704052999999476,0.0,0,0,15865.460962360763,295.2709491819112,16160.731911542674,16732.23043361637,17027.50138279828,172060.29896650286,0.0,45.35425985762754,0.0,0.0,0.0,False,False,False
main,deterministic,deterministic,2025-07-01,29,True,True,0,,,0.7,20.0,optimal,2.0704036000006454,2.0704052999999476,0.0,0,0,15865.460962360763,295.2709491819112,16160.731911542674,16766.531819219508,17061.80276840142,171742.8431093764,0.27436840854588995,48.1443613426663,0.0,0.0,0.0,False,False,False
main,deterministic,deterministic,2025-07-01,30,True,True,0,,,0.7,20.0,optimal,2.0704036000006454,2.0704052999999476,0.0,0,0,15865.460962360763,295.2709491819112,16160.731911542674,16606.12704930372,16901.39799848563,171740.50645196397,0.03313517776772801,50.68978020604556,0.0,0.0,0.0,False,False,False
main,deterministic,deterministic,2025-07-01,31,True,True,0,,,0.7,20.0,optimal,2.0704036000006454,2.0704052999999476,0.0,0,0,15865.460962360763,295.2709491819112,16160.731911542674,16686.775786354545,16982.046735536456,171368.7503359158,0.11045222389256898,58.11401049899237,0.0,0.0,0.0,False,False,False
main,deterministic,deterministic,2025-07-01,32,True,True,0,,,0.7,20.0,optimal,2.0704036000006454,2.0704052999999476,0.0,0,0,15865.460962360763,295.2709491819112,16160.731911542674,16723.39496051677,17018.66590969868,171433.32698464565,0.0,60.8531225340913,0.0,0.0,0.0,False,False,False
main,deterministic,deterministic,2025-07-01,33,True,True,0,,,0.7,20.0,optimal,2.0704036000006454,2.0704052999999476,0.0,0,0,15865.460962360763,295.2709491819112,16160.731911542674,16744.25853644484,17039.52948562675,171561.70790771753,0.170927867065914,68.35819196952245,0.0,0.0,0.0,False,False,False
main,deterministic,deterministic,2025-07-01,34,True,True,0,,,0.7,20.0,optimal,2.0704036000006454,2.0704052999999476,0.0,0,0,15865.460962360763,295.2709491819112,16160.731911542674,16679.967932601186,16975.238881783098,171942.67148610044,0.0,58.03888042317481,0.0,0.0,0.0,False,False,False
main,deterministic,deterministic,2025-07-01,35,True,True,0,,,0.7,20.0,optimal,2.0704036000006454,2.0704052999999476,0.0,0,0,15865.460962360763,295.2709491819112,16160.731911542674,16773.496229210723,17068.767178392634,171956.93954710226,0.0,61.25324077285083,0.0,0.0,0.0,False,False,False
main,deterministic,deterministic,2025-07-01,36,True,True,0,,,0.7,20.0,optimal,2.0704036000006454,2.0704052999999476,0.0,0,0,15865.460962360763,295.2709491819112,16160.731911542674,16701.882348207255,16997.153297389166,172150.1135792347,0.0,64.93028073548136,0.0,0.0,0.0,False,False,False
main,deterministic,deterministic,2025-07-01,37,True,True,0,,,0.7,20.0,optimal,2.0704036000006454,2.0704052999999476,0.0,0,0,15865.460962360763,295.2709491819112,16160.731911542674,16637.40005234287,16932.67100152478,171824.5098460336,0.0,45.80231060017609,0.0,0.0,0.0,False,False,False
main,deterministic,deterministic,2025-07-01,38,True,True,0,,,0.7,20.0,optimal,2.0704036000006454,2.0704052999999476,0.0,0,0,15865.460962360763,295.2709491819112,16160.731911542674,16705.786366445456,17001.057315627368,171473.3285100935,0.00419857620619557,50.15721586044333,0.0,0.0,0.0,False,False,False
main,deterministic,deterministic,2025-07-01,39,True,True,0,,,0.7,20.0,optimal,2.0704036000006454,2.0704052999999476,0.0,0,0,15865.460962360763,295.2709491819112,16160.731911542674,16770.6586209083,17065.92957009021,172111.5798691486,0.0,47.614121516763056,0.0,0.0,0.0,False,False,False
main,deterministic,deterministic,2025-07-01,40,True,True,0,,,0.7,20.0,optimal,2.0704036000006454,2.0704052999999476,0.0,0,0,15865.460962360763,295.2709491819112,16160.731911542674,16727.645984660976,17022.916933842887,171615.03447243074,0.2059297949173975,51.90381183494643,0.0,0.0,0.0,False,False,False
main,deterministic,deterministic,2025-07-01,41,True,True,0,,,0.7,20.0,optimal,2.0704036000006454,2.0704052999999476,0.0,0,0,15865.460962360763,295.2709491819112,16160.731911542674,16681.04885460422,16976.319803786133,171722.465432684,0.0,42.300961728098684,0.0,0.0,0.0,False,False,False
main,deterministic,deterministic,2025-07-01,42,True,True,0,,,0.7,20.0,optimal,2.0704036000006454,2.0704052999999476,0.0,0,0,15865.460962360763,295.2709491819112,16160.731911542674,16836.722662478103,17131.993611660015,171443.4926519928,0.09393645787735999,60.55528308660318,0.0,0.0,0.0,False,False,False
main,deterministic,deterministic,2025-07-01,43,True,True,0,,,0.7,20.0,optimal,2.0704036000006454,2.0704052999999476,0.0,0,0,15865.460962360763,295.2709491819112,16160.731911542674,16638.10595569299,16933.3769048749,171667.21317552938,0.025534744338999493,52.269630560114535,0.0,0.0,0.0,False,False,False
main,deterministic,deterministic,2025-07-01,44,True,True,0,,,0.7,20.0,optimal,2.0704036000006454,2.0704052999999476,0.0,0,0,15865.460962360763,295.2709491819112,16160.731911542674,16759.97981515795,17055.25076433986,172281.44163409705,0.0,55.4853743792109,0.0,0.0,0.0,False,False,False
main,deterministic,deterministic,2025-07-01,45,True,True,0,,,0.7,20.0,optimal,2.0704036000006454,2.0704052999999476,0.0,0,0,15865.460962360763,295.2709491819112,16160.731911542674,16709.689125128076,17004.960074309987,171856.89495305202,0.2458170559018104,62.794209747747615,0.0,0.0,0.0,False,False,False
main,deterministic,deterministic,2025-07-01,46,True,True,0,,,0.7,20.0,optimal,2.0704036000006454,2.0704052999999476,0.0,0,0,15865.460962360763,295.2709491819112,16160.731911542674,16860.429080974794,17155.700030156706,171814.31200197208,0.0,57.49504427659646,0.0,0.0,0.0,False,False,False
main,deterministic,deterministic,2025-07-01,47,True,True,0,,,0.7,20.0,optimal,2.0704036000006454,2.0704052999999476,0.0,0,0,15865.460962360763,295.2709491819112,16160.731911542674,16846.703943357887,17141.974892539798,172011.70401368744,0.36121066002679775,58.34698038670331,0.0,0.0,0.0,False,False,False
main,deterministic,deterministic,2025-07-01,48,True,True,0,,,0.7,20.0,optimal,2.0704036000006454,2.0704052999999476,0.0,0,0,15865.460962360763,295.2709491819112,16160.731911542674,16650.82568739623,16946.096636578142,171891.27303465427,0.0025104850998466377,55.77912835323162,0.0,0.0,0.0,False,False,False
main,deterministic,deterministic,2025-07-01,49,True,True,0,,,0.7,20.0,optimal,2.0704036000006454,2.0704052999999476,0.0,0,0,15865.460962360763,295.2709491819112,16160.731911542674,16718.496297289745,17013.767246471656,172067.25656785283,0.10199424842360022,61.540534688117496,0.0,0.0,0.0,False,False,False
main,deterministic,deterministic,2025-07-01,50,True,True,0,,,0.7,20.0,optimal,2.0704036000006454,2.0704052999999476,0.0,0,0,15865.460962360763,295.2709491819112,16160.731911542674,16645.386328728015,16940.657277909926,171665.37687523704,0.0,63.49079758015025,0.0,0.0,0.0,False,False,False
main,deterministic,deterministic,2025-07-01,51,True,True,0,,,0.7,20.0,optimal,2.0704036000006454,2.0704052999999476,0.0,0,0,15865.460962360763,295.2709491819112,16160.731911542674,16698.3744867057,16993.64543588761,171558.91079183173,0.027528302450355868,57.96507982985119,0.0,0.0,0.0,False,False,False
main,deterministic,deterministic,2025-07-01,52,True,True,0,,,0.7,20.0,optimal,2.0704036000006454,2.0704052999999476,0.0,0,0,15865.460962360763,295.2709491819112,16160.731911542674,16739.28301250358,17034.55396168549,171876.7070040545,0.2856366127443182,61.80345705300872,0.0,0.0,0.0,False,False,False
main,deterministic,deterministic,2025-07-01,53,True,True,0,,,0.7,20.0,optimal,2.0704036000006454,2.0704052999999476,0.0,0,0,15865.460962360763,295.2709491819112,16160.731911542674,16858.67953404824,17153.95048323015,172277.54647596012,0.0,49.489027287960646,0.0,0.0,0.0,False,False,False
main,deterministic,deterministic,2025-07-01,54,True,True,0,,,0.7,20.0,optimal,2.0704036000006454,2.0704052999999476,0.0,0,0,15865.460962360763,295.2709491819112,16160.731911542674,16903.496232881076,17198.767182062988,171906.98713428192,0.0,55.80067101834546,0.0,0.0,0.0,False,False,False
main,deterministic,deterministic,2025-07-01,55,True,True,0,,,0.7,20.0,optimal,2.0704036000006454,2.0704052999999476,0.0,0,0,15865.460962360763,295.2709491819112,16160.731911542674,16678.65880993092,16973.92975911283,171608.90075227097,0.0,61.28523276509796,0.0,0.0,0.0,False,False,False
main,deterministic,deterministic,2025-07-01,56,True,True,0,,,0.7,20.0,optimal,2.0704036000006454,2.0704052999999476,0.0,0,0,15865.460962360763,295.2709491819112,16160.731911542674,16709.66575759341,17004.936706775323,171943.2182672675,0.0,46.348788026709904,0.0,0.0,0.0,False,False,False
main,deterministic,deterministic,2025-07-01,57,True,True,0,,,0.7,20.0,optimal,2.0704036000006454,2.0704052999999476,0.0,0,0,15865.460962360763,295.2709491819112,16160.731911542674,16732.005957583395,17027.276906765306,171989.03882557343,0.35091453635711484,55.163740057459464,0.0,0.0,0.0,False,False,False
main,deterministic,deterministic,2025-07-01,58,True,True,0,,,0.7,20.0,optimal,2.0704036000006454,2.0704052999999476,0.0,0,0,15865.460962360763,295.2709491819112,16160.731911542674,16666.00231983627,16961.27326901818,171703.53628594527,0.0,62.60702659651352,0.0,0.0,0.0,False,False,False
main,deterministic,deterministic,2025-07-01,59,True,True,0,,,0.7,20.0,optimal,2.0704036000006454,2.0704052999999476,0.0,0,0,15865.460962360763,295.2709491819112,16160.731911542674,16689.75213898868,16985.02308817059,171784.3707548812,0.011115394495403663,60.60236279612838,0.0,0.0,0.0,False,False,False
main,deterministic,deterministic,2025-07-01,60,True,True,0,,,0.7,20.0,optimal,2.0704036000006454,2.0704052999999476,0.0,0,0,15865.460962360763,295.2709491819112,16160.731911542674,16692.425018288162,16987.695967470074,171922.85027996602,0.002264993498163781,57.21157644488814,0.0,0.0,0.0,False,False,False
main,deterministic,deterministic,2025-07-01,61,True,True,0,,,0.7,20.0,optimal,2.0704036000006454,2.0704052999999476,0.0,0,0,15865.460962360763,295.2709491819112,16160.731911542674,16711.638567556078,17006.90951673799,171800.35065063793,0.0,44.03554581456809,0.0,0.0,0.0,False,False,False
main,deterministic,deterministic,2025-07-01,62,True,True,0,,,0.7,20.0,optimal,2.0704036000006454,2.0704052999999476,0.0,0,0,15865.460962360763,295.2709491819112,16160.731911542674,16721.156266012145,17016.427215194057,171748.4100990574,0.0,61.827617544992485,0.0,0.0,0.0,False,False,False
main,deterministic,deterministic,2025-07-01,63,True,True,0,,,0.7,20.0,optimal,2.0704036000006454,2.0704052999999476,0.0,0,0,15865.460962360763,295.2709491819112,16160.731911542674,16782.226144384513,17077.497093566424,171560.4350076755,0.28395318356246513,65.91610046014351,0.0,0.0,0.0,False,False,False
main,deterministic,deterministic,2025-07-01,64,True,True,0,,,0.7,20.0,optimal,2.0704036000006454,2.0704052999999476,0.0,0,0,15865.460962360763,295.2709491819112,16160.731911542674,16694.27214253153,16989.54309171344,171487.00159282747,0.2654900421891999,54.36064684914714,0.0,0.0,0.0,False,False,False
main,deterministic,deterministic,2025-07-01,65,True,True,0,,,0.7,20.0,optimal,2.0704036000006454,2.0704052999999476,0.0,0,0,15865.460962360763,295.2709491819112,16160.731911542674,16828.98542461269,17124.2563737946,171619.3862079659,0.0,56.10018539969929,0.0,0.0,0.0,False,False,False
main,deterministic,deterministic,2025-07-01,66,True,True,0,,,0.7,20.0,optimal,2.0704036000006454,2.0704052999999476,0.0,0,0,15865.460962360763,295.2709491819112,16160.731911542674,16689.35189047356,16984.622839655472,171695.51446708245,0.26095541114322085,67.10369071903077,0.0,0.0,0.0,False,False,False
main,deterministic,deterministic,2025-07-01,67,True,True,0,,,0.7,20.0,optimal,2.0704036000006454,2.0704052999999476,0.0,0,0,15865.460962360763,295.2709491819112,16160.731911542674,16672.962459338047,16968.233408519958,172185.86079456832,0.0,52.20091493628166,0.0,0.0,0.0,False,False,False
main,deterministic,deterministic,2025-07-01,68,True,True,0,,,0.7,20.0,optimal,2.0704036000006454,2.0704052999999476,0.0,0,0,15865.460962360763,295.2709491819112,16160.731911542674,16706.84913644624,17002.12008562815,171577.59034050294,0.3310472608138061,57.06564366263046,0.0,0.0,0.0,False,False,False
main,deterministic,deterministic,2025-07-01,69,True,True,0,,,0.7,20.0,optimal,2.0704036000006454,2.0704052999999476,0.0,0,0,15865.460962360763,295.2709491819112,16160.731911542674,16876.472684716522,17171.743633898433,171400.37214711998,0.01846043169548517,59.15074177903613,0.0,0.0,0.0,False,False,False
main,deterministic,deterministic,2025-07-01,70,True,True,0,,,0.7,20.0,optimal,2.0704036000006454,2.0704052999999476,0.0,0,0,15865.460962360763,295.2709491819112,16160.731911542674,16680.048264450004,16975.319213631916,171796.84668873774,0.07754995630001615,60.62664575162867,0.0,0.0,0.0,False,False,False
main,deterministic,deterministic,2025-07-01,71,True,True,0,,,0.7,20.0,optimal,2.0704036000006454,2.0704052999999476,0.0,0,0,15865.460962360763,295.2709491819112,16160.731911542674,16650.76151727407,16946.03246645598,171688.26709043072,0.0,67.75602461697287,0.0,0.0,0.0,False,False,False
main,deterministic,deterministic,2025-07-01,72,True,True,0,,,0.7,20.0,optimal,2.0704036000006454,2.0704052999999476,0.0,0,0,15865.460962360763,295.2709491819112,16160.731911542674,16697.642838249994,16992.913787431906,170921.67664312792,0.0,63.85929237331115,0.0,0.0,0.0,False,False,False
main,deterministic,deterministic,2025-07-01,73,True,True,0,,,0.7,20.0,optimal,2.0704036000006454,2.0704052999999476,0.0,0,0,15865.460962360763,295.2709491819112,16160.731911542674,16654.554916810706,16949.825865992618,171591.18069276577,0.0,58.18692703315815,0.0,0.0,0.0,False,False,False
main,deterministic,deterministic,2025-07-01,74,True,True,0,,,0.7,20.0,optimal,2.0704036000006454,2.0704052999999476,0.0,0,0,15865.460962360763,295.2709491819112,16160.731911542674,16772.24992719458,17067.520876376493,172441.37743272618,0.35068642649974596,59.11872625190167,0.0,0.0,0.0,False,False,False
main,deterministic,deterministic,2025-07-01,75,True,True,0,,,0.7,20.0,optimal,2.0704036000006454,2.0704052999999476,0.0,0,0,15865.460962360763,295.2709491819112,16160.731911542674,16714.939532690692,17010.210481872604,172045.59464015157,0.25271031581476505,58.08704720273761,0.0,0.0,0.0,False,False,False
main,deterministic,deterministic,2025-07-01,76,True,True,0,,,0.7,20.0,optimal,2.0704036000006454,2.0704052999999476,0.0,0,0,15865.460962360763,295.2709491819112,16160.731911542674,16747.756588000033,17043.027537181944,171366.86427343413,0.2862640224369466,56.98096382680384,0.0,0.0,0.0,False,False,False
main,deterministic,deterministic,2025-07-01,77,True,True,0,,,0.7,20.0,optimal,2.0704036000006454,2.0704052999999476,0.0,0,0,15865.460962360763,295.2709491819112,16160.731911542674,16792.194072412192,17087.465021594104,171125.43534271207,0.0,55.12057789363183,0.0,0.0,0.0,False,False,False
main,deterministic,deterministic,2025-07-01,78,True,True,0,,,0.7,20.0,optimal,2.0704036000006454,2.0704052999999476,0.0,0,0,15865.460962360763,295.2709491819112,16160.731911542674,16653.760334049668,16949.03128323158,171683.04742504316,0.006890777919077662,59.975693811855976,0.0,0.0,0.0,False,False,False
main,deterministic,deterministic,2025-07-01,79,True,True,0,,,0.7,20.0,optimal,2.0704036000006454,2.0704052999999476,0.0,0,0,15865.460962360763,295.2709491819112,16160.731911542674,16770.97189800517,17066.24284718708,171681.41361211246,0.0,54.104538203206836,0.0,0.0,0.0,False,False,False
main,deterministic,deterministic,2025-07-01,80,True,True,0,,,0.7,20.0,optimal,2.0704036000006454,2.0704052999999476,0.0,0,0,15865.460962360763,295.2709491819112,16160.731911542674,16726.536265214203,17021.807214396114,171503.60933228667,0.10835536115094069,56.73008071059515,0.0,0.0,0.0,False,False,False
main,deterministic,deterministic,2025-07-01,81,True,True,0,,,0.7,20.0,optimal,2.0704036000006454,2.0704052999999476,0.0,0,0,15865.460962360763,295.2709491819112,16160.731911542674,16669.415029050342,16964.685978232254,171632.36474918845,0.08604468009012378,66.35128030376123,0.0,0.0,0.0,False,False,False
main,deterministic,deterministic,2025-07-01,82,True,True,0,,,0.7,20.0,optimal,2.0704036000006454,2.0704052999999476,0.0,0,0,15865.460962360763,295.2709491819112,16160.731911542674,16691.341067091173,16986.612016273084,172180.30798857394,0.009001548804776993,45.90740798970695,0.0,0.0,0.0,False,False,False
main,deterministic,deterministic,2025-07-01,83,True,True,0,,,0.7,20.0,optimal,2.0704036000006454,2.0704052999999476,0.0,0,0,15865.460962360763,295.2709491819112,16160.731911542674,16713.005547874614,17008.276497056526,171417.36929651976,0.0,56.25178338202577,0.0,0.0,0.0,False,False,False
main,deterministic,deterministic,2025-07-01,84,True,True,0,,,0.7,20.0,optimal,2.0704036000006454,2.0704052999999476,0.0,0,0,15865.460962360763,295.2709491819112,16160.731911542674,16693.71476857681,16988.985717758722,171470.7066321811,0.0,54.778832483335115,0.0,0.0,0.0,False,False,False
main,deterministic,deterministic,2025-07-01,85,True,True,0,,,0.7,20.0,optimal,2.0704036000006454,2.0704052999999476,0.0,0,0,15865.460962360763,295.2709491819112,16160.731911542674,16704.196799068814,16999.467748250725,171335.71061650006,0.0,66.1260507025034,0.0,0.0,0.0,False,False,False
main,deterministic,deterministic,2025-07-01,86,True,True,0,,,0.7,20.0,optimal,2.0704036000006454,2.0704052999999476,0.0,0,0,15865.460962360763,295.2709491819112,16160.731911542674,16776.242684028413,17071.513633210325,171767.8940444873,0.0,50.253551790254555,0.0,0.0,0.0,False,False,False
main,deterministic,deterministic,2025-07-01,87,True,True,0,,,0.7,20.0,optimal,2.0704036000006454,2.0704052999999476,0.0,0,0,15865.460962360763,295.2709491819112,16160.731911542674,16746.131250346516,17041.402199528427,171673.59777416842,0.3752533460268681,55.93452720736092,0.0,0.0,0.0,False,False,False
main,deterministic,deterministic,2025-07-01,88,True,True,0,,,0.7,20.0,optimal,2.0704036000006454,2.0704052999999476,0.0,0,0,15865.460962360763,295.2709491819112,16160.731911542674,16741.48930534501,17036.760254526922,171475.60494320953,0.0,64.73039009247084,0.0,0.0,0.0,False,False,False
main,deterministic,deterministic,2025-07-01,89,True,True,0,,,0.7,20.0,optimal,2.0704036000006454,2.0704052999999476,0.0,0,0,15865.460962360763,295.2709491819112,16160.731911542674,16738.746504611296,17034.017453793207,171457.9861772713,0.0,56.73676360132272,0.0,0.0,0.0,False,False,False
main,deterministic,deterministic,2025-07-01,90,True,True,0,,,0.7,20.0,optimal,2.0704036000006454,2.0704052999999476,0.0,0,0,15865.460962360763,295.2709491819112,16160.731911542674,16728.233438388048,17023.50438756996,172040.07448965087,0.34059742114651,60.078885237326425,0.0,0.0,0.0,False,False,False
main,deterministic,deterministic,2025-07-01,91,True,True,0,,,0.7,20.0,optimal,2.0704036000006454,2.0704052999999476,0.0,0,0,15865.460962360763,295.2709491819112,16160.731911542674,16658.071214884494,16953.342164066406,171561.63192497575,0.0,54.897041615071124,0.0,0.0,0.0,False,False,False
main,deterministic,deterministic,2025-07-01,92,True,True,0,,,0.7,20.0,optimal,2.0704036000006454,2.0704052999999476,0.0,0,0,15865.460962360763,295.2709491819112,16160.731911542674,16733.31433954376,17028.58528872567,171939.52567571917,0.0,45.012323989366884,0.0,0.0,0.0,False,False,False
main,deterministic,deterministic,2025-07-01,93,True,True,0,,,0.7,20.0,optimal,2.0704036000006454,2.0704052999999476,0.0,0,0,15865.460962360763,295.2709491819112,16160.731911542674,16726.73761816869,17022.0085673506,171781.90382945616,0.2746367298579257,57.36059881131672,0.0,0.0,0.0,False,False,False
main,deterministic,deterministic,2025-07-01,94,True,True,0,,,0.7,20.0,optimal,2.0704036000006454,2.0704052999999476,0.0,0,0,15865.460962360763,295.2709491819112,16160.731911542674,16717.395762332897,17012.66671151481,171360.36564000984,0.0,51.73584572500274,0.0,0.0,0.0,False,False,False
main,deterministic,deterministic,2025-07-01,95,True,True,0,,,0.7,20.0,optimal,2.0704036000006454,2.0704052999999476,0.0,0,0,15865.460962360763,295.2709491819112,16160.731911542674,16723.27039041081,17018.54133959272,172420.14359485378,0.0365460397171431,57.43492120902794,0.0,0.0,0.0,False,False,False
main,deterministic,deterministic,2025-07-01,96,True,True,0,,,0.7,20.0,optimal,2.0704036000006454,2.0704052999999476,0.0,0,0,15865.460962360763,295.2709491819112,16160.731911542674,16758.336608516725,17053.607557698637,171774.64041599503,0.0,54.42449424341373,0.0,0.0,0.0,False,False,False
main,deterministic,deterministic,2025-07-01,97,True,True,0,,,0.7,20.0,optimal,2.0704036000006454,2.0704052999999476,0.0,0,0,15865.460962360763,295.2709491819112,16160.731911542674,16706.172544511475,17001.443493693387,171692.2933070538,0.003687817975508656,54.53518216187918,0.0,0.0,0.0,False,False,False
main,deterministic,deterministic,2025-07-01,98,True,True,0,,,0.7,20.0,optimal,2.0704036000006454,2.0704052999999476,0.0,0,0,15865.460962360763,295.2709491819112,16160.731911542674,16692.24149748268,16987.51244666459,171929.90392935812,0.0,46.220479735009256,0.0,0.0,0.0,False,False,False
main,deterministic,deterministic,2025-07-01,99,True,True,0,,,0.7,20.0,optimal,2.0704036000006454,2.0704052999999476,0.0,0,0,15865.460962360763,295.2709491819112,16160.731911542674,16647.910606550173,16943.181555732084,171879.011393057,0.0,58.53195914412756,0.0,0.0,0.0,False,False,False
main,deterministic,deterministic,2025-10-01,0,True,True,0,,,0.7,20.0,optimal,1.942533800000092,1.9425344999999652,0.0,0,0,16309.266715511707,533.9055933035836,16843.17230881529,16367.350724759348,16901.256318062933,173801.49557636704,0.2937503410696236,54.24262420992667,0.0,0.0,0.0,False,False,False
main,deterministic,deterministic,2025-10-01,1,True,True,0,,,0.7,20.0,optimal,1.942533800000092,1.9425344999999652,0.0,0,0,16309.266715511707,533.9055933035836,16843.17230881529,16439.671066757164,16973.57666006075,173428.5372784648,0.5700460299917585,64.91922908149647,0.0,0.0,0.0,False,False,False
main,deterministic,deterministic,2025-10-01,2,True,True,0,,,0.7,20.0,optimal,1.942533800000092,1.9425344999999652,0.0,0,0,16309.266715511707,533.9055933035836,16843.17230881529,16352.809723841232,16886.715317144815,173456.5509412953,0.0,48.13995506063791,0.0,0.0,0.0,False,False,False
main,deterministic,deterministic,2025-10-01,3,True,True,0,,,0.7,20.0,optimal,1.942533800000092,1.9425344999999652,0.0,0,0,16309.266715511707,533.9055933035836,16843.17230881529,16411.183373225533,16945.088966529118,173701.80951303744,0.0,58.064991378904075,0.0,0.0,0.0,False,False,False
main,deterministic,deterministic,2025-10-01,4,True,True,0,,,0.7,20.0,optimal,1.942533800000092,1.9425344999999652,0.0,0,0,16309.266715511707,533.9055933035836,16843.17230881529,16398.36492178661,16932.270515090197,174140.046064612,0.2437882662258617,47.18860747651516,0.0,0.0,0.0,False,False,False
main,deterministic,deterministic,2025-10-01,5,True,True,0,,,0.7,20.0,optimal,1.942533800000092,1.9425344999999652,0.0,0,0,16309.266715511707,533.9055933035836,16843.17230881529,16411.995774697625,16945.90136800121,173669.72254862715,0.1531090657270076,57.266155611484194,0.0,0.0,0.0,False,False,False
main,deterministic,deterministic,2025-10-01,6,True,True,0,,,0.7,20.0,optimal,1.942533800000092,1.9425344999999652,0.0,0,0,16309.266715511707,533.9055933035836,16843.17230881529,16478.501681921232,17012.407275224818,174188.75890247937,0.0,48.49335832642765,0.0,0.0,0.0,False,False,False
main,deterministic,deterministic,2025-10-01,7,True,True,0,,,0.7,20.0,optimal,1.942533800000092,1.9425344999999652,0.0,0,0,16309.266715511707,533.9055933035836,16843.17230881529,16427.91192462965,16961.817517933236,173908.71085075362,0.0,52.92201305720314,0.0,0.0,0.0,False,False,False
main,deterministic,deterministic,2025-10-01,8,True,True,0,,,0.7,20.0,optimal,1.942533800000092,1.9425344999999652,0.0,0,0,16309.266715511707,533.9055933035836,16843.17230881529,16327.32977116159,16861.235364465174,173249.39408060303,0.6183718237518969,49.371619840103,0.0,0.0,0.0,False,False,False
main,deterministic,deterministic,2025-10-01,9,True,True,0,,,0.7,20.0,optimal,1.942533800000092,1.9425344999999652,0.0,0,0,16309.266715511707,533.9055933035836,16843.17230881529,16438.33846892855,16972.244062232134,173643.98845350335,0.07411233938656347,61.962964896898136,0.0,0.0,0.0,False,False,False
main,deterministic,deterministic,2025-10-01,10,True,True,0,,,0.7,20.0,optimal,1.942533800000092,1.9425344999999652,0.0,0,0,16309.266715511707,533.9055933035836,16843.17230881529,16386.80575435831,16920.711347661894,173673.42026233295,0.0,53.01668879934459,0.0,0.0,0.0,False,False,False
main,deterministic,deterministic,2025-10-01,11,True,True,0,,,0.7,20.0,optimal,1.942533800000092,1.9425344999999652,0.0,0,0,16309.266715511707,533.9055933035836,16843.17230881529,16417.538598392435,16951.44419169602,174155.2450007454,0.09177538643850158,48.62245038573035,0.0,0.0,0.0,False,False,False
main,deterministic,deterministic,2025-10-01,12,True,True,0,,,0.7,20.0,optimal,1.942533800000092,1.9425344999999652,0.0,0,0,16309.266715511707,533.9055933035836,16843.17230881529,16362.68000449651,16896.585597800095,173229.91044384017,0.046293025127580156,48.211672604015355,0.0,0.0,0.0,False,False,False
main,deterministic,deterministic,2025-10-01,13,True,True,0,,,0.7,20.0,optimal,1.942533800000092,1.9425344999999652,0.0,0,0,16309.266715511707,533.9055933035836,16843.17230881529,16403.54033135335,16937.445924656935,173098.94991661125,0.0,54.18650167975543,0.0,0.0,0.0,False,False,False
main,deterministic,deterministic,2025-10-01,14,True,True,0,,,0.7,20.0,optimal,1.942533800000092,1.9425344999999652,0.0,0,0,16309.266715511707,533.9055933035836,16843.17230881529,16461.591684820356,16995.49727812394,174350.91433620628,0.0,50.83598158546311,0.0,0.0,0.0,False,False,False
main,deterministic,deterministic,2025-10-01,15,True,True,0,,,0.7,20.0,optimal,1.942533800000092,1.9425344999999652,0.0,0,0,16309.266715511707,533.9055933035836,16843.17230881529,16454.11667681753,16988.022270121117,173864.3646665001,0.4264366065960858,45.79672533297656,0.0,0.0,0.0,False,False,False
main,deterministic,deterministic,2025-10-01,16,True,True,0,,,0.7,20.0,optimal,1.942533800000092,1.9425344999999652,0.0,0,0,16309.266715511707,533.9055933035836,16843.17230881529,16436.373749415157,16970.279342718743,174573.37880651245,0.12171545598545275,48.951223600740526,0.0,0.0,0.0,False,False,False
main,deterministic,deterministic,2025-10-01,17,True,True,0,,,0.7,20.0,optimal,1.942533800000092,1.9425344999999652,0.0,0,0,16309.266715511707,533.9055933035836,16843.17230881529,16455.97990679212,16989.885500095705,174025.07780261713,0.4792655001545538,60.72113458928504,0.0,0.0,0.0,False,False,False
main,deterministic,deterministic,2025-10-01,18,True,True,0,,,0.7,20.0,optimal,1.942533800000092,1.9425344999999652,0.0,0,0,16309.266715511707,533.9055933035836,16843.17230881529,16432.846219899384,16966.75181320297,173555.63471215827,0.09363147371486302,55.089996504898146,0.0,0.0,0.0,False,False,False
main,deterministic,deterministic,2025-10-01,19,True,True,0,,,0.7,20.0,optimal,1.942533800000092,1.9425344999999652,0.0,0,0,16309.266715511707,533.9055933035836,16843.17230881529,16372.64428877838,16906.549882081963,173488.49418346895,0.0,52.755604031667126,0.0,0.0,0.0,False,False,False
main,deterministic,deterministic,2025-10-01,20,True,True,0,,,0.7,20.0,optimal,1.942533800000092,1.9425344999999652,0.0,0,0,16309.266715511707,533.9055933035836,16843.17230881529,16383.217506891386,16917.12310019497,174357.66803516034,0.0,50.50321441332798,0.0,0.0,0.0,False,False,False
main,deterministic,deterministic,2025-10-01,21,True,True,0,,,0.7,20.0,optimal,1.942533800000092,1.9425344999999652,0.0,0,0,16309.266715511707,533.9055933035836,16843.17230881529,16384.653733573872,16918.559326877457,173568.65769800116,0.0,47.371132414455175,0.0,0.0,0.0,False,False,False
main,deterministic,deterministic,2025-10-01,22,True,True,0,,,0.7,20.0,optimal,1.942533800000092,1.9425344999999652,0.0,0,0,16309.266715511707,533.9055933035836,16843.17230881529,16399.69947278322,16933.605066086806,173773.4119897202,0.05547939887364284,50.53064333153333,0.0,0.0,0.0,False,False,False
main,deterministic,deterministic,2025-10-01,23,True,True,0,,,0.7,20.0,optimal,1.942533800000092,1.9425344999999652,0.0,0,0,16309.266715511707,533.9055933035836,16843.17230881529,16490.948182137407,17024.85377544099,173964.34479545124,0.0,50.71369722270267,0.0,0.0,0.0,False,False,False
main,deterministic,deterministic,2025-10-01,24,True,True,0,,,0.7,20.0,optimal,1.942533800000092,1.9425344999999652,0.0,0,0,16309.266715511707,533.9055933035836,16843.17230881529,16446.88382998828,16980.789423291866,173788.7434099466,0.0,57.98554354201543,0.0,0.0,0.0,False,False,False
main,deterministic,deterministic,2025-10-01,25,True,True,0,,,0.7,20.0,optimal,1.942533800000092,1.9425344999999652,0.0,0,0,16309.266715511707,533.9055933035836,16843.17230881529,16402.13183333442,16936.037426638006,174018.48208453832,0.0,46.87509153960036,0.0,0.0,0.0,False,False,False
main,deterministic,deterministic,2025-10-01,26,True,True,0,,,0.7,20.0,optimal,1.942533800000092,1.9425344999999652,0.0,0,0,16309.266715511707,533.9055933035836,16843.17230881529,16423.03757270188,16956.943166005465,173739.1260077539,0.1780770210792359,58.24327796917903,0.0,0.0,0.0,False,False,False
main,deterministic,deterministic,2025-10-01,27,True,True,0,,,0.7,20.0,optimal,1.942533800000092,1.9425344999999652,0.0,0,0,16309.266715511707,533.9055933035836,16843.17230881529,16434.311035253933,16968.21662855752,174102.37603775618,0.47587758979822187,55.416870822559176,0.0,0.0,0.0,False,False,False
main,deterministic,deterministic,2025-10-01,28,True,True,0,,,0.7,20.0,optimal,1.942533800000092,1.9425344999999652,0.0,0,0,16309.266715511707,533.9055933035836,16843.17230881529,16449.152684503522,16983.058277807108,174316.88157571133,0.16099248610345163,42.1542030074326,0.0,0.0,0.0,False,False,False
main,deterministic,deterministic,2025-10-01,29,True,True,0,,,0.7,20.0,optimal,1.942533800000092,1.9425344999999652,0.0,0,0,16309.266715511707,533.9055933035836,16843.17230881529,16396.635842113297,16930.541435416882,173628.5446558796,0.0,41.625103699785676,0.0,0.0,0.0,False,False,False
main,deterministic,deterministic,2025-10-01,30,True,True,0,,,0.7,20.0,optimal,1.942533800000092,1.9425344999999652,0.0,0,0,16309.266715511707,533.9055933035836,16843.17230881529,16296.855938817604,16830.76153212119,173175.24284801265,0.26603787806425916,46.86192249465617,0.0,0.0,0.0,False,False,False
main,deterministic,deterministic,2025-10-01,31,True,True,0,,,0.7,20.0,optimal,1.942533800000092,1.9425344999999652,0.0,0,0,16309.266715511707,533.9055933035836,16843.17230881529,16357.474791059727,16891.38038436331,173574.8153556599,0.0,50.93711578417599,0.0,0.0,0.0,False,False,False
main,deterministic,deterministic,2025-10-01,32,True,True,0,,,0.7,20.0,optimal,1.942533800000092,1.9425344999999652,0.0,0,0,16309.266715511707,533.9055933035836,16843.17230881529,16437.24828609918,16971.153879402766,174148.2513108945,0.07721331166875545,54.337418199174294,0.0,0.0,0.0,False,False,False
main,deterministic,deterministic,2025-10-01,33,True,True,0,,,0.7,20.0,optimal,1.942533800000092,1.9425344999999652,0.0,0,0,16309.266715511707,533.9055933035836,16843.17230881529,16442.304519452937,16976.210112756522,173444.01588883964,0.0808928382278642,63.932658268582834,0.0,0.0,0.0,False,False,False
main,deterministic,deterministic,2025-10-01,34,True,True,0,,,0.7,20.0,optimal,1.942533800000092,1.9425344999999652,0.0,0,0,16309.266715511707,533.9055933035836,16843.17230881529,16430.198505580902,16964.104098884487,173619.76347999278,0.23368231278087914,52.658062455085606,0.0,0.0,0.0,False,False,False
main,deterministic,deterministic,2025-10-01,35,True,True,0,,,0.7,20.0,optimal,1.942533800000092,1.9425344999999652,0.0,0,0,16309.266715511707,533.9055933035836,16843.17230881529,16436.698348320144,16970.60394162373,173839.95614449627,0.0,56.853146168936796,0.0,0.0,0.0,False,False,False
main,deterministic,deterministic,2025-10-01,36,True,True,0,,,0.7,20.0,optimal,1.942533800000092,1.9425344999999652,0.0,0,0,16309.266715511707,533.9055933035836,16843.17230881529,16506.09316706109,17039.998760364677,174424.47905233622,0.0,58.75727909986267,0.0,0.0,0.0,False,False,False
main,deterministic,deterministic,2025-10-01,37,True,True,0,,,0.7,20.0,optimal,1.942533800000092,1.9425344999999652,0.0,0,0,16309.266715511707,533.9055933035836,16843.17230881529,16389.51147968207,16923.417072985656,173913.66964691397,0.17364663581907847,44.70291711870893,0.0,0.0,0.0,False,False,False
main,deterministic,deterministic,2025-10-01,38,True,True,0,,,0.7,20.0,optimal,1.942533800000092,1.9425344999999652,0.0,0,0,16309.266715511707,533.9055933035836,16843.17230881529,16394.577421288493,16928.48301459208,173876.64714522954,0.0,50.159561353725444,0.0,0.0,0.0,False,False,False
main,deterministic,deterministic,2025-10-01,39,True,True,0,,,0.7,20.0,optimal,1.942533800000092,1.9425344999999652,0.0,0,0,16309.266715511707,533.9055933035836,16843.17230881529,16428.808065101068,16962.713658404653,173898.34196134415,0.0,42.528619467020036,0.0,0.0,0.0,False,False,False
main,deterministic,deterministic,2025-10-01,40,True,True,0,,,0.7,20.0,optimal,1.942533800000092,1.9425344999999652,0.0,0,0,16309.266715511707,533.9055933035836,16843.17230881529,16465.23761902397,16999.143212327555,174038.7518827057,0.13440322885175265,46.23251425637705,0.0,0.0,0.0,False,False,False
main,deterministic,deterministic,2025-10-01,41,True,True,0,,,0.7,20.0,optimal,1.942533800000092,1.9425344999999652,0.0,0,0,16309.266715511707,533.9055933035836,16843.17230881529,16364.323005967757,16898.22859927134,173562.02121329194,0.1935627498956467,40.13552092452438,0.0,0.0,0.0,False,False,False
main,deterministic,deterministic,2025-10-01,42,True,True,0,,,0.7,20.0,optimal,1.942533800000092,1.9425344999999652,0.0,0,0,16309.266715511707,533.9055933035836,16843.17230881529,16479.463196833105,17013.36879013669,173870.34435663425,0.2086050829177063,53.429378990316565,0.0,0.0,0.0,False,False,False
main,deterministic,deterministic,2025-10-01,43,True,True,0,,,0.7,20.0,optimal,1.942533800000092,1.9425344999999652,0.0,0,0,16309.266715511707,533.9055933035836,16843.17230881529,16323.648260389436,16857.55385369302,173175.34235458035,0.0,53.80543180851005,0.0,0.0,0.0,False,False,False
main,deterministic,deterministic,2025-10-01,44,True,True,0,,,0.7,20.0,optimal,1.942533800000092,1.9425344999999652,0.0,0,0,16309.266715511707,533.9055933035836,16843.17230881529,16410.114694974785,16944.02028827837,174095.12977507248,0.0,52.24762588268758,0.0,0.0,0.0,False,False,False
main,deterministic,deterministic,2025-10-01,45,True,True,0,,,0.7,20.0,optimal,1.942533800000092,1.9425344999999652,0.0,0,0,16309.266715511707,533.9055933035836,16843.17230881529,16421.15758056619,16955.063173869774,173704.36768228424,0.0,55.75574042653564,0.0,0.0,0.0,False,False,False
main,deterministic,deterministic,2025-10-01,46,True,True,0,,,0.7,20.0,optimal,1.942533800000092,1.9425344999999652,0.0,0,0,16309.266715511707,533.9055933035836,16843.17230881529,16430.787641080937,16964.693234384522,173981.82298330142,0.05569381452200273,53.06049642914436,0.0,0.0,0.0,False,False,False
main,deterministic,deterministic,2025-10-01,47,True,True,0,,,0.7,20.0,optimal,1.942533800000092,1.9425344999999652,0.0,0,0,16309.266715511707,533.9055933035836,16843.17230881529,16428.131883617883,16962.03747692147,174050.2066318439,0.1319932417758034,52.23187530141932,0.0,0.0,0.0,False,False,False
main,deterministic,deterministic,2025-10-01,48,True,True,0,,,0.7,20.0,optimal,1.942533800000092,1.9425344999999652,0.0,0,0,16309.266715511707,533.9055933035836,16843.17230881529,16352.839282348878,16886.74487565246,173715.22787529952,0.2656023534659888,51.91782718347613,0.0,0.0,0.0,False,False,False
main,deterministic,deterministic,2025-10-01,49,True,True,0,,,0.7,20.0,optimal,1.942533800000092,1.9425344999999652,0.0,0,0,16309.266715511707,533.9055933035836,16843.17230881529,16467.372228035343,17001.27782133893,173753.2820568664,0.0,57.40268833771469,0.0,0.0,0.0,False,False,False
main,deterministic,deterministic,2025-10-01,50,True,True,0,,,0.7,20.0,optimal,1.942533800000092,1.9425344999999652,0.0,0,0,16309.266715511707,533.9055933035836,16843.17230881529,16455.903535832284,16989.80912913587,174490.5132859202,0.05922191707503255,58.033074788242594,0.0,0.0,0.0,False,False,False
main,deterministic,deterministic,2025-10-01,51,True,True,0,,,0.7,20.0,optimal,1.942533800000092,1.9425344999999652,0.0,0,0,16309.266715511707,533.9055933035836,16843.17230881529,16367.389128189832,16901.294721493417,173543.53312235224,0.6389699301921294,52.632738548712034,0.0,0.0,0.0,False,False,False
main,deterministic,deterministic,2025-10-01,52,True,True,0,,,0.7,20.0,optimal,1.942533800000092,1.9425344999999652,0.0,0,0,16309.266715511707,533.9055933035836,16843.17230881529,16408.277846226432,16942.183439530017,173764.33812418854,0.0,58.57820861525495,0.0,0.0,0.0,False,False,False
main,deterministic,deterministic,2025-10-01,53,True,True,0,,,0.7,20.0,optimal,1.942533800000092,1.9425344999999652,0.0,0,0,16309.266715511707,533.9055933035836,16843.17230881529,16397.166194076453,16931.07178738004,174099.4360218329,0.0,50.071677585161375,0.0,0.0,0.0,False,False,False
main,deterministic,deterministic,2025-10-01,54,True,True,0,,,0.7,20.0,optimal,1.942533800000092,1.9425344999999652,0.0,0,0,16309.266715511707,533.9055933035836,16843.17230881529,16429.420559833365,16963.32615313695,173972.95610533602,0.0,51.46444265575976,0.0,0.0,0.0,False,False,False
main,deterministic,deterministic,2025-10-01,55,True,True,0,,,0.7,20.0,optimal,1.942533800000092,1.9425344999999652,0.0,0,0,16309.266715511707,533.9055933035836,16843.17230881529,16415.25217277339,16949.157766076976,173948.745336781,0.0,57.09436725653992,0.0,0.0,0.0,False,False,False
main,deterministic,deterministic,2025-10-01,56,True,True,0,,,0.7,20.0,optimal,1.942533800000092,1.9425344999999652,0.0,0,0,16309.266715511707,533.9055933035836,16843.17230881529,16481.7059169144,17015.611510217987,174038.19769378097,0.0,41.331546725555604,0.0,0.0,0.0,False,False,False
main,deterministic,deterministic,2025-10-01,57,True,True,0,,,0.7,20.0,optimal,1.942533800000092,1.9425344999999652,0.0,0,0,16309.266715511707,533.9055933035836,16843.17230881529,16419.6855199607,16953.591113264287,173934.90440598349,0.10152784387989389,50.804011165657364,0.0,0.0,0.0,False,False,False
main,deterministic,deterministic,2025-10-01,58,True,True,0,,,0.7,20.0,optimal,1.942533800000092,1.9425344999999652,0.0,0,0,16309.266715511707,533.9055933035836,16843.17230881529,16406.473597863558,16940.379191167143,173423.00566143572,0.22307898619589106,60.4260460447892,0.0,0.0,0.0,False,False,False
main,deterministic,deterministic,2025-10-01,59,True,True,0,,,0.7,20.0,optimal,1.942533800000092,1.9425344999999652,0.0,0,0,16309.266715511707,533.9055933035836,16843.17230881529,16395.45326817407,16929.358861477656,174008.60220827017,0.0,55.4962533605701,0.0,0.0,0.0,False,False,False
main,deterministic,deterministic,2025-10-01,60,True,True,0,,,0.7,20.0,optimal,1.942533800000092,1.9425344999999652,0.0,0,0,16309.266715511707,533.9055933035836,16843.17230881529,16379.883407672372,16913.789000975958,173812.97507900087,0.08912355433885688,50.70885829515158,0.0,0.0,0.0,False,False,False
main,deterministic,deterministic,2025-10-01,61,True,True,0,,,0.7,20.0,optimal,1.942533800000092,1.9425344999999652,0.0,0,0,16309.266715511707,533.9055933035836,16843.17230881529,16431.931927707967,16965.837521011552,173845.81473474225,0.0,41.04263668538471,0.0,0.0,0.0,False,False,False
main,deterministic,deterministic,2025-10-01,62,True,True,0,,,0.7,20.0,optimal,1.942533800000092,1.9425344999999652,0.0,0,0,16309.266715511707,533.9055933035836,16843.17230881529,16444.544714058695,16978.45030736228,173941.51036128894,0.0,57.04718535044375,0.0,0.0,0.0,False,False,False
main,deterministic,deterministic,2025-10-01,63,True,True,0,,,0.7,20.0,optimal,1.942533800000092,1.9425344999999652,0.0,0,0,16309.266715511707,533.9055933035836,16843.17230881529,16427.1516717046,16961.057265008185,173643.4620374519,0.42211780505634894,60.64713116052391,0.0,0.0,0.0,False,False,False
main,deterministic,deterministic,2025-10-01,64,True,True,0,,,0.7,20.0,optimal,1.942533800000092,1.9425344999999652,0.0,0,0,16309.266715511707,533.9055933035836,16843.17230881529,16409.10303667156,16943.008629975146,173729.84708969155,0.0,47.43033449218855,0.0,0.0,0.0,False,False,False
main,deterministic,deterministic,2025-10-01,65,True,True,0,,,0.7,20.0,optimal,1.942533800000092,1.9425344999999652,0.0,0,0,16309.266715511707,533.9055933035836,16843.17230881529,16413.274375412024,16947.17996871561,173759.7317840333,0.0,56.38017380504699,0.0,0.0,0.0,False,False,False
main,deterministic,deterministic,2025-10-01,66,True,True,0,,,0.7,20.0,optimal,1.942533800000092,1.9425344999999652,0.0,0,0,16309.266715511707,533.9055933035836,16843.17230881529,16387.138203135935,16921.04379643952,173610.5563361788,0.0,61.07514813992423,0.0,0.0,0.0,False,False,False
main,deterministic,deterministic,2025-10-01,67,True,True,0,,,0.7,20.0,optimal,1.942533800000092,1.9425344999999652,0.0,0,0,16309.266715511707,533.9055933035836,16843.17230881529,16406.340530712423,16940.24612401601,174470.96964025777,0.0,51.80645181887523,0.0,0.0,0.0,False,False,False
main,deterministic,deterministic,2025-10-01,68,True,True,0,,,0.7,20.0,optimal,1.942533800000092,1.9425344999999652,0.0,0,0,16309.266715511707,533.9055933035836,16843.17230881529,16417.31809169425,16951.223684997836,173929.10620644627,0.49143834017480365,53.670846485681984,0.0,0.0,0.0,False,False,False
main,deterministic,deterministic,2025-10-01,69,True,True,0,,,0.7,20.0,optimal,1.942533800000092,1.9425344999999652,0.0,0,0,16309.266715511707,533.9055933035836,16843.17230881529,16439.9394511698,16973.845044473386,173648.71006700222,0.18662378940549756,56.12313606520813,0.0,0.0,0.0,False,False,False
main,deterministic,deterministic,2025-10-01,70,True,True,0,,,0.7,20.0,optimal,1.942533800000092,1.9425344999999652,0.0,0,0,16309.266715511707,533.9055933035836,16843.17230881529,16437.166477010003,16971.07207031359,174188.68393742817,0.0,56.143074953528725,0.0,0.0,0.0,False,False,False
main,deterministic,deterministic,2025-10-01,71,True,True,0,,,0.7,20.0,optimal,1.942533800000092,1.9425344999999652,0.0,0,0,16309.266715511707,533.9055933035836,16843.17230881529,16372.940459830455,16906.84605313404,173581.4343730137,0.7589894374680427,61.08912726137531,0.0,0.0,0.0,False,False,False
main,deterministic,deterministic,2025-10-01,72,True,True,0,,,0.7,20.0,optimal,1.942533800000092,1.9425344999999652,0.0,0,0,16309.266715511707,533.9055933035836,16843.17230881529,16406.176820692144,16940.08241399573,173440.2450847789,0.5648100464531511,58.260668747380045,0.0,0.0,0.0,False,False,False
main,deterministic,deterministic,2025-10-01,73,True,True,0,,,0.7,20.0,optimal,1.942533800000092,1.9425344999999652,0.0,0,0,16309.266715511707,533.9055933035836,16843.17230881529,16392.142418646774,16926.04801195036,173807.67474577634,0.091775386435615,53.30778377711633,0.0,0.0,0.0,False,False,False
main,deterministic,deterministic,2025-10-01,74,True,True,0,,,0.7,20.0,optimal,1.942533800000092,1.9425344999999652,0.0,0,0,16309.266715511707,533.9055933035836,16843.17230881529,16476.898441422454,17010.80403472604,174210.17823695243,0.0,55.246701436220775,0.0,0.0,0.0,False,False,False
main,deterministic,deterministic,2025-10-01,75,True,True,0,,,0.7,20.0,optimal,1.942533800000092,1.9425344999999652,0.0,0,0,16309.266715511707,533.9055933035836,16843.17230881529,16408.28937289341,16942.194966196996,173946.10586303522,0.0,52.27510747126765,0.0,0.0,0.0,False,False,False
main,deterministic,deterministic,2025-10-01,76,True,True,0,,,0.7,20.0,optimal,1.942533800000092,1.9425344999999652,0.0,0,0,16309.266715511707,533.9055933035836,16843.17230881529,16451.074571148838,16984.980164452423,173763.09567852397,0.0,54.004379012228014,0.0,0.0,0.0,False,False,False
main,deterministic,deterministic,2025-10-01,77,True,True,0,,,0.7,20.0,optimal,1.942533800000092,1.9425344999999652,0.0,0,0,16309.266715511707,533.9055933035836,16843.17230881529,16501.467248274417,17035.372841578002,173774.83705391266,0.3691125799263121,48.29502608519428,0.0,0.0,0.0,False,False,False
main,deterministic,deterministic,2025-10-01,78,True,True,0,,,0.7,20.0,optimal,1.942533800000092,1.9425344999999652,0.0,0,0,16309.266715511707,533.9055933035836,16843.17230881529,16380.211164487726,16914.11675779131,173778.29259823816,0.0,52.60449347099895,0.0,0.0,0.0,False,False,False
main,deterministic,deterministic,2025-10-01,79,True,True,0,,,0.7,20.0,optimal,1.942533800000092,1.9425344999999652,0.0,0,0,16309.266715511707,533.9055933035836,16843.17230881529,16419.064397557482,16952.969990861067,174104.59065157452,0.05988523854614014,49.58592561395859,0.0,0.0,0.0,False,False,False
main,deterministic,deterministic,2025-10-01,80,True,True,0,,,0.7,20.0,optimal,1.942533800000092,1.9425344999999652,0.0,0,0,16309.266715511707,533.9055933035836,16843.17230881529,16425.263929385987,16959.16952268957,173943.9197180664,0.0,52.344212545004254,0.0,0.0,0.0,False,False,False
main,deterministic,deterministic,2025-10-01,81,True,True,0,,,0.7,20.0,optimal,1.942533800000092,1.9425344999999652,0.0,0,0,16309.266715511707,533.9055933035836,16843.17230881529,16362.378984708916,16896.2845780125,173545.70233696463,0.19390238220040157,62.16930914438316,0.0,0.0,0.0,False,False,False
main,deterministic,deterministic,2025-10-01,82,True,True,0,,,0.7,20.0,optimal,1.942533800000092,1.9425344999999652,0.0,0,0,16309.266715511707,533.9055933035836,16843.17230881529,16412.77246254378,16946.678055847366,173969.78110774714,0.0,46.61724696230875,0.0,0.0,0.0,False,False,False
main,deterministic,deterministic,2025-10-01,83,True,True,0,,,0.7,20.0,optimal,1.942533800000092,1.9425344999999652,0.0,0,0,16309.266715511707,533.9055933035836,16843.17230881529,16464.106216208067,16998.011809511652,173577.90725871513,0.15230465850894265,48.422834427434374,0.0,0.0,0.0,False,False,False
main,deterministic,deterministic,2025-10-01,84,True,True,0,,,0.7,20.0,optimal,1.942533800000092,1.9425344999999652,0.0,0,0,16309.266715511707,533.9055933035836,16843.17230881529,16429.50254129957,16963.408134603156,173914.4854558855,0.536921401462564,46.17513954974713,0.0,0.0,0.0,False,False,False
main,deterministic,deterministic,2025-10-01,85,True,True,0,,,0.7,20.0,optimal,1.942533800000092,1.9425344999999652,0.0,0,0,16309.266715511707,533.9055933035836,16843.17230881529,16487.246335247924,17021.15192855151,173911.59173468238,0.40993355764952727,62.185303081929185,0.0,0.0,0.0,False,False,False
main,deterministic,deterministic,2025-10-01,86,True,True,0,,,0.7,20.0,optimal,1.942533800000092,1.9425344999999652,0.0,0,0,16309.266715511707,533.9055933035836,16843.17230881529,16438.21913367078,16972.124726974365,174014.86356107245,0.0,47.228696391943,0.0,0.0,0.0,False,False,False
main,deterministic,deterministic,2025-10-01,87,True,True,0,,,0.7,20.0,optimal,1.942533800000092,1.9425344999999652,0.0,0,0,16309.266715511707,533.9055933035836,16843.17230881529,16395.520992533515,16929.4265858371,173250.75147312492,0.08912355314041198,51.001216339746584,0.0,0.0,0.0,False,False,False
main,deterministic,deterministic,2025-10-01,88,True,True,0,,,0.7,20.0,optimal,1.942533800000092,1.9425344999999652,0.0,0,0,16309.266715511707,533.9055933035836,16843.17230881529,16418.157996496702,16952.063589800287,173794.6471777207,0.04347177346555742,58.21411234475457,0.0,0.0,0.0,False,False,False
main,deterministic,deterministic,2025-10-01,89,True,True,0,,,0.7,20.0,optimal,1.942533800000092,1.9425344999999652,0.0,0,0,16309.266715511707,533.9055933035836,16843.17230881529,16405.536411089193,16939.44200439278,173471.56905415372,0.0,53.48673457477314,0.0,0.0,0.0,False,False,False
main,deterministic,deterministic,2025-10-01,90,True,True,0,,,0.7,20.0,optimal,1.942533800000092,1.9425344999999652,0.0,0,0,16309.266715511707,533.9055933035836,16843.17230881529,16399.767166154194,16933.67275945778,173547.48948144502,0.0891235543932225,56.631739545340686,0.0,0.0,0.0,False,False,False
main,deterministic,deterministic,2025-10-01,91,True,True,0,,,0.7,20.0,optimal,1.942533800000092,1.9425344999999652,0.0,0,0,16309.266715511707,533.9055933035836,16843.17230881529,16421.83023207499,16955.735825378575,174023.23090372316,0.6007357702386218,52.19771860068801,0.0,0.0,0.0,False,False,False
main,deterministic,deterministic,2025-10-01,92,True,True,0,,,0.7,20.0,optimal,1.942533800000092,1.9425344999999652,0.0,0,0,16309.266715511707,533.9055933035836,16843.17230881529,16392.09672121773,16926.002314521316,173808.69211726094,0.0,39.95853112053783,0.0,0.0,0.0,False,False,False
main,deterministic,deterministic,2025-10-01,93,True,True,0,,,0.7,20.0,optimal,1.942533800000092,1.9425344999999652,0.0,0,0,16309.266715511707,533.9055933035836,16843.17230881529,16381.773795499743,16915.679388803328,173876.08014915802,0.35672612262152564,57.93163751893283,0.0,0.0,0.0,False,False,False
main,deterministic,deterministic,2025-10-01,94,True,True,0,,,0.7,20.0,optimal,1.942533800000092,1.9425344999999652,0.0,0,0,16309.266715511707,533.9055933035836,16843.17230881529,16470.455236368158,17004.360829671743,173776.47624910768,0.384423677314283,48.305432058545364,0.0,0.0,0.0,False,False,False
main,deterministic,deterministic,2025-10-01,95,True,True,0,,,0.7,20.0,optimal,1.942533800000092,1.9425344999999652,0.0,0,0,16309.266715511707,533.9055933035836,16843.17230881529,16390.8815316958,16924.787124999384,174254.56467371932,0.0,54.969227716877704,0.0,0.0,0.0,False,False,False
main,deterministic,deterministic,2025-10-01,96,True,True,0,,,0.7,20.0,optimal,1.942533800000092,1.9425344999999652,0.0,0,0,16309.266715511707,533.9055933035836,16843.17230881529,16424.318014004773,16958.22360730836,173841.41268639205,0.0,49.14855399587239,0.0,0.0,0.0,False,False,False
main,deterministic,deterministic,2025-10-01,97,True,True,0,,,0.7,20.0,optimal,1.942533800000092,1.9425344999999652,0.0,0,0,16309.266715511707,533.9055933035836,16843.17230881529,16370.28147250922,16904.187065812803,173621.26440227166,0.0,53.78630020420301,0.0,0.0,0.0,False,False,False
main,deterministic,deterministic,2025-10-01,98,True,True,0,,,0.7,20.0,optimal,1.942533800000092,1.9425344999999652,0.0,0,0,16309.266715511707,533.9055933035836,16843.17230881529,16423.636515156035,16957.54210845962,173775.40885607622,0.0,44.26388798754832,0.0,0.0,0.0,False,False,False
main,deterministic,deterministic,2025-10-01,99,True,True,0,,,0.7,20.0,optimal,1.942533800000092,1.9425344999999652,0.0,0,0,16309.266715511707,533.9055933035836,16843.17230881529,16362.603627844266,16896.50922114785,173760.26760811958,0.3335902271415085,53.51289218020577,0.0,0.0,0.0,False,False,False
