suite,configuration,method,window,workload_replay_id,energy_uncertainty,workload_uncertainty,sample_size,gamma,rho,effective_capacity_fraction,bess_degradation_cost_usd_per_mwh_throughput,solver_status,solve_wall_time_seconds,solver_runtime_seconds,mip_gap,decomposition_iterations,active_scenario_count,nominal_grid_cost_usd,nominal_bess_degradation_cost_usd,nominal_operating_cost_usd,actual_grid_cost_usd,actual_operating_cost_usd,actual_carbon_kg,actual_curtailment_mwh,batch_adjustment_mwh,workload_envelope_violation_mwh,grid_limit_violation_mw,ramp_violation_mw,workload_violation,grid_limit_violation,ramp_violation
main,deterministic,deterministic,2025-01-01,0,True,True,0,,,0.7,20.0,optimal,2.057845600065775,2.057846400071867,0.0,0,0,15664.811973990281,174.34157851920799,15839.15355250949,16237.722807897646,16412.064386416852,203329.9614323308,0.0,49.998554511705876,0.0,0.0,0.0,False,False,False
main,deterministic,deterministic,2025-01-01,1,True,True,0,,,0.7,20.0,optimal,2.057845600065775,2.057846400071867,0.0,0,0,15664.811973990281,174.34157851920799,15839.15355250949,16224.897798500771,16399.239377019978,203415.0708494578,0.0,59.24140159192737,0.0,0.0,0.0,False,False,False
main,deterministic,deterministic,2025-01-01,2,True,True,0,,,0.7,20.0,optimal,2.057845600065775,2.057846400071867,0.0,0,0,15664.811973990281,174.34157851920799,15839.15355250949,16148.03128236361,16322.372860882819,202318.40270015155,0.0,47.01609086037227,0.0,0.0,0.0,False,False,False
main,deterministic,deterministic,2025-01-01,3,True,True,0,,,0.7,20.0,optimal,2.057845600065775,2.057846400071867,0.0,0,0,15664.811973990281,174.34157851920799,15839.15355250949,16262.942030231045,16437.28360875025,203356.92967470145,0.0,50.68860894353934,0.0,0.0,0.0,False,False,False
main,deterministic,deterministic,2025-01-01,4,True,True,0,,,0.7,20.0,optimal,2.057845600065775,2.057846400071867,0.0,0,0,15664.811973990281,174.34157851920799,15839.15355250949,16277.708118041939,16452.049696561146,204180.9778661738,0.0,48.664198086859706,0.0,0.0,0.0,False,False,False
main,deterministic,deterministic,2025-01-01,5,True,True,0,,,0.7,20.0,optimal,2.057845600065775,2.057846400071867,0.0,0,0,15664.811973990281,174.34157851920799,15839.15355250949,16184.131833606125,16358.473412125333,203080.0838552106,0.0,52.61600804956266,0.0,0.0,0.0,False,False,False
main,deterministic,deterministic,2025-01-01,6,True,True,0,,,0.7,20.0,optimal,2.057845600065775,2.057846400071867,0.0,0,0,15664.811973990281,174.34157851920799,15839.15355250949,16174.071943744593,16348.413522263801,202963.59946324624,0.0,44.3112120814185,0.0,0.0,0.0,False,False,False
main,deterministic,deterministic,2025-01-01,7,True,True,0,,,0.7,20.0,optimal,2.057845600065775,2.057846400071867,0.0,0,0,15664.811973990281,174.34157851920799,15839.15355250949,16216.225864760712,16390.56744327992,203025.93663697495,0.0807117982116996,50.14734186068988,0.0,0.0,0.0,False,False,False
main,deterministic,deterministic,2025-01-01,8,True,True,0,,,0.7,20.0,optimal,2.057845600065775,2.057846400071867,0.0,0,0,15664.811973990281,174.34157851920799,15839.15355250949,16277.381619120759,16451.723197639967,203160.4823250928,0.09506993380970608,50.91581489886755,0.0,0.0,0.0,False,False,False
main,deterministic,deterministic,2025-01-01,9,True,True,0,,,0.7,20.0,optimal,2.057845600065775,2.057846400071867,0.0,0,0,15664.811973990281,174.34157851920799,15839.15355250949,16242.689050392284,16417.030628911492,202781.81597242045,0.0,59.16898890912538,0.0,0.0,0.0,False,False,False
main,deterministic,deterministic,2025-01-01,10,True,True,0,,,0.7,20.0,optimal,2.057845600065775,2.057846400071867,0.0,0,0,15664.811973990281,174.34157851920799,15839.15355250949,16156.265438636894,16330.607017156102,202596.72166059274,0.06391895669132786,52.12445048069804,0.0,0.0,0.0,False,False,False
main,deterministic,deterministic,2025-01-01,11,True,True,0,,,0.7,20.0,optimal,2.057845600065775,2.057846400071867,0.0,0,0,15664.811973990281,174.34157851920799,15839.15355250949,16219.208579191545,16393.550157710753,203269.45231186697,0.0,43.77753277089546,0.0,0.0,0.0,False,False,False
main,deterministic,deterministic,2025-01-01,12,True,True,0,,,0.7,20.0,optimal,2.057845600065775,2.057846400071867,0.0,0,0,15664.811973990281,174.34157851920799,15839.15355250949,16165.661386269261,16340.00296478847,202262.47798747392,0.0,43.47770420470265,0.0,0.0,0.0,False,False,False
main,deterministic,deterministic,2025-01-01,13,True,True,0,,,0.7,20.0,optimal,2.057845600065775,2.057846400071867,0.0,0,0,15664.811973990281,174.34157851920799,15839.15355250949,16231.816293914018,16406.157872433225,203123.10117108645,0.0,50.88684039453696,0.0,0.0,0.0,False,False,False
main,deterministic,deterministic,2025-01-01,14,True,True,0,,,0.7,20.0,optimal,2.057845600065775,2.057846400071867,0.0,0,0,15664.811973990281,174.34157851920799,15839.15355250949,16253.567670324537,16427.909248843745,202916.8359336091,0.09506993342258796,50.2244913575113,0.0,0.0,0.0,False,False,False
main,deterministic,deterministic,2025-01-01,15,True,True,0,,,0.7,20.0,optimal,2.057845600065775,2.057846400071867,0.0,0,0,15664.811973990281,174.34157851920799,15839.15355250949,16200.133550425046,16374.475128944254,203052.5257783294,0.08391737141698208,43.081420993963384,0.0,0.0,0.0,False,False,False
main,deterministic,deterministic,2025-01-01,16,True,True,0,,,0.7,20.0,optimal,2.057845600065775,2.057846400071867,0.0,0,0,15664.811973990281,174.34157851920799,15839.15355250949,16240.877158548059,16415.218737067265,203600.8344384683,0.0,46.52190551717767,0.0,0.0,0.0,False,False,False
main,deterministic,deterministic,2025-01-01,17,True,True,0,,,0.7,20.0,optimal,2.057845600065775,2.057846400071867,0.0,0,0,15664.811973990281,174.34157851920799,15839.15355250949,16211.919302797296,16386.260881316502,202449.05158355107,0.05107935984237999,56.411834622687735,0.0,0.0,0.0,False,False,False
main,deterministic,deterministic,2025-01-01,18,True,True,0,,,0.7,20.0,optimal,2.057845600065775,2.057846400071867,0.0,0,0,15664.811973990281,174.34157851920799,15839.15355250949,16262.677099980085,16437.01867849929,203459.16075750667,0.0,54.07370583348637,0.0,0.0,0.0,False,False,False
main,deterministic,deterministic,2025-01-01,19,True,True,0,,,0.7,20.0,optimal,2.057845600065775,2.057846400071867,0.0,0,0,15664.811973990281,174.34157851920799,15839.15355250949,16186.924079987533,16361.265658506742,202901.81767850523,0.23999742417365977,52.24931698287307,0.0,0.0,0.0,False,False,False
main,deterministic,deterministic,2025-01-01,20,True,True,0,,,0.7,20.0,optimal,2.057845600065775,2.057846400071867,0.0,0,0,15664.811973990281,174.34157851920799,15839.15355250949,16184.682939742454,16359.024518261662,203081.2112288832,0.0,46.160790172258736,0.0,0.0,0.0,False,False,False
main,deterministic,deterministic,2025-01-01,21,True,True,0,,,0.7,20.0,optimal,2.057845600065775,2.057846400071867,0.0,0,0,15664.811973990281,174.34157851920799,15839.15355250949,16156.595729053279,16330.937307572487,202983.00618885792,0.0,45.244929268078515,0.0,0.0,0.0,False,False,False
main,deterministic,deterministic,2025-01-01,22,True,True,0,,,0.7,20.0,optimal,2.057845600065775,2.057846400071867,0.0,0,0,15664.811973990281,174.34157851920799,15839.15355250949,16257.135508569256,16431.477087088464,203131.25123254367,0.03991258886359472,48.390437910058104,0.0,0.0,0.0,False,False,False
main,deterministic,deterministic,2025-01-01,23,True,True,0,,,0.7,20.0,optimal,2.057845600065775,2.057846400071867,0.0,0,0,15664.811973990281,174.34157851920799,15839.15355250949,16204.634987065649,16378.976565584857,202806.2894985481,0.0,48.666306639266374,0.0,0.0,0.0,False,False,False
main,deterministic,deterministic,2025-01-01,24,True,True,0,,,0.7,20.0,optimal,2.057845600065775,2.057846400071867,0.0,0,0,15664.811973990281,174.34157851920799,15839.15355250949,16233.273258551062,16407.61483707027,202782.58691675615,0.0,51.50862472563516,0.0,0.0,0.0,False,False,False
main,deterministic,deterministic,2025-01-01,25,True,True,0,,,0.7,20.0,optimal,2.057845600065775,2.057846400071867,0.0,0,0,15664.811973990281,174.34157851920799,15839.15355250949,16178.098004808278,16352.439583327487,203144.51499425384,0.0,46.47048938959133,0.0,0.0,0.0,False,False,False
main,deterministic,deterministic,2025-01-01,26,True,True,0,,,0.7,20.0,optimal,2.057845600065775,2.057846400071867,0.0,0,0,15664.811973990281,174.34157851920799,15839.15355250949,16223.922799143229,16398.264377662435,203080.09394023853,0.07404045123788094,54.87688085740376,0.0,0.0,0.0,False,False,False
main,deterministic,deterministic,2025-01-01,27,True,True,0,,,0.7,20.0,optimal,2.057845600065775,2.057846400071867,0.0,0,0,15664.811973990281,174.34157851920799,15839.15355250949,16224.99428847917,16399.33586699838,202724.23466320915,0.0,52.22140102611644,0.0,0.0,0.0,False,False,False
main,deterministic,deterministic,2025-01-01,28,True,True,0,,,0.7,20.0,optimal,2.057845600065775,2.057846400071867,0.0,0,0,15664.811973990281,174.34157851920799,15839.15355250949,16200.650597645368,16374.992176164576,203287.11053565607,0.0,42.43136968807448,0.0,0.0,0.0,False,False,False
main,deterministic,deterministic,2025-01-01,29,True,True,0,,,0.7,20.0,optimal,2.057845600065775,2.057846400071867,0.0,0,0,15664.811973990281,174.34157851920799,15839.15355250949,16109.517985827051,16283.85956434626,202551.32119336224,0.0,38.7751326120988,0.0,0.0,0.0,False,False,False
main,deterministic,deterministic,2025-01-01,30,True,True,0,,,0.7,20.0,optimal,2.057845600065775,2.057846400071867,0.0,0,0,15664.811973990281,174.34157851920799,15839.15355250949,16226.22869987498,16400.57027839419,203399.64563886056,0.0,42.970310175994065,0.0,0.0,0.0,False,False,False
main,deterministic,deterministic,2025-01-01,31,True,True,0,,,0.7,20.0,optimal,2.057845600065775,2.057846400071867,0.0,0,0,15664.811973990281,174.34157851920799,15839.15355250949,16181.224732485867,16355.566311005075,203096.1356596164,0.23440437813507375,52.023282554212315,0.0,0.0,0.0,False,False,False
main,deterministic,deterministic,2025-01-01,32,True,True,0,,,0.7,20.0,optimal,2.057845600065775,2.057846400071867,0.0,0,0,15664.811973990281,174.34157851920799,15839.15355250949,16295.435686079662,16469.77726459887,203500.1001384016,0.0,50.423849281642966,0.0,0.0,0.0,False,False,False
main,deterministic,deterministic,2025-01-01,33,True,True,0,,,0.7,20.0,optimal,2.057845600065775,2.057846400071867,0.0,0,0,15664.811973990281,174.34157851920799,15839.15355250949,16284.242352548079,16458.583931067285,203275.892043799,0.0,58.63194702132404,0.0,0.0,0.0,False,False,False
main,deterministic,deterministic,2025-01-01,34,True,True,0,,,0.7,20.0,optimal,2.057845600065775,2.057846400071867,0.0,0,0,15664.811973990281,174.34157851920799,15839.15355250949,16361.393739493213,16535.73531801242,203719.51481768812,0.0,50.26693469479077,0.0,0.0,0.0,False,False,False
main,deterministic,deterministic,2025-01-01,35,True,True,0,,,0.7,20.0,optimal,2.057845600065775,2.057846400071867,0.0,0,0,15664.811973990281,174.34157851920799,15839.15355250949,16179.653693684024,16353.995272203232,202855.2731603698,0.0,54.64816614894497,0.0,0.0,0.0,False,False,False
main,deterministic,deterministic,2025-01-01,36,True,True,0,,,0.7,20.0,optimal,2.057845600065775,2.057846400071867,0.0,0,0,15664.811973990281,174.34157851920799,15839.15355250949,16340.819952070475,16515.16153058968,203768.46109841322,0.0,53.97120161005017,0.0,0.0,0.0,False,False,False
main,deterministic,deterministic,2025-01-01,37,True,True,0,,,0.7,20.0,optimal,2.057845600065775,2.057846400071867,0.0,0,0,15664.811973990281,174.34157851920799,15839.15355250949,16177.13526055963,16351.476839078838,203588.7331120522,0.0,43.54748752603685,0.0,0.0,0.0,False,False,False
main,deterministic,deterministic,2025-01-01,38,True,True,0,,,0.7,20.0,optimal,2.057845600065775,2.057846400071867,0.0,0,0,15664.811973990281,174.34157851920799,15839.15355250949,16250.620769503868,16424.962348023077,202964.91111574802,0.0,47.2940656199009,0.0,0.0,0.0,False,False,False
main,deterministic,deterministic,2025-01-01,39,True,True,0,,,0.7,20.0,optimal,2.057845600065775,2.057846400071867,0.0,0,0,15664.811973990281,174.34157851920799,15839.15355250949,16120.99629112872,16295.337869647929,202596.94218849545,0.0,36.41013103691278,0.0,0.0,0.0,False,False,False
main,deterministic,deterministic,2025-01-01,40,True,True,0,,,0.7,20.0,optimal,2.057845600065775,2.057846400071867,0.0,0,0,15664.811973990281,174.34157851920799,15839.15355250949,16285.067773534958,16459.409352054165,203302.13140841346,0.0,42.80839507476797,0.0,0.0,0.0,False,False,False
main,deterministic,deterministic,2025-01-01,41,True,True,0,,,0.7,20.0,optimal,2.057845600065775,2.057846400071867,0.0,0,0,15664.811973990281,174.34157851920799,15839.15355250949,16166.921073263944,16341.262651783152,203034.82867050212,0.0,36.46235448732434,0.0,0.0,0.0,False,False,False
main,deterministic,deterministic,2025-01-01,42,True,True,0,,,0.7,20.0,optimal,2.057845600065775,2.057846400071867,0.0,0,0,15664.811973990281,174.34157851920799,15839.15355250949,16370.29951112183,16544.641089641038,203796.07984715997,0.09279030316264691,53.122690527487414,0.0,0.0,0.0,False,False,False
main,deterministic,deterministic,2025-01-01,43,True,True,0,,,0.7,20.0,optimal,2.057845600065775,2.057846400071867,0.0,0,0,15664.811973990281,174.34157851920799,15839.15355250949,16225.070093405722,16399.41167192493,203090.84660467278,0.0,50.26515536080562,0.0,0.0,0.0,False,False,False
main,deterministic,deterministic,2025-01-01,44,True,True,0,,,0.7,20.0,optimal,2.057845600065775,2.057846400071867,0.0,0,0,15664.811973990281,174.34157851920799,15839.15355250949,16213.505390137421,16387.846968656628,202899.83845537668,0.0,47.3996623939487,0.0,0.0,0.0,False,False,False
main,deterministic,deterministic,2025-01-01,45,True,True,0,,,0.7,20.0,optimal,2.057845600065775,2.057846400071867,0.0,0,0,15664.811973990281,174.34157851920799,15839.15355250949,16285.381448811291,16459.7230273305,203315.8978533287,0.053215899012985846,53.5703626886617,0.0,0.0,0.0,False,False,False
main,deterministic,deterministic,2025-01-01,46,True,True,0,,,0.7,20.0,optimal,2.057845600065775,2.057846400071867,0.0,0,0,15664.811973990281,174.34157851920799,15839.15355250949,16209.015337309585,16383.356915828794,202996.54272223724,0.0,49.684196136766275,0.0,0.0,0.0,False,False,False
main,deterministic,deterministic,2025-01-01,47,True,True,0,,,0.7,20.0,optimal,2.057845600065775,2.057846400071867,0.0,0,0,15664.811973990281,174.34157851920799,15839.15355250949,16220.588386578798,16394.929965098007,203426.1214990096,0.09506993290556531,49.63181024936315,0.0,0.0,0.0,False,False,False
main,deterministic,deterministic,2025-01-01,48,True,True,0,,,0.7,20.0,optimal,2.057845600065775,2.057846400071867,0.0,0,0,15664.811973990281,174.34157851920799,15839.15355250949,16245.559831541825,16419.901410061033,203054.81638863284,0.0,49.42125252710864,0.0,0.0,0.0,False,False,False
main,deterministic,deterministic,2025-01-01,49,True,True,0,,,0.7,20.0,optimal,2.057845600065775,2.057846400071867,0.0,0,0,15664.811973990281,174.34157851920799,15839.15355250949,16229.0466099034,16403.388188422607,203045.4007993214,0.0,50.53671186197464,0.0,0.0,0.0,False,False,False
main,deterministic,deterministic,2025-01-01,50,True,True,0,,,0.7,20.0,optimal,2.057845600065775,2.057846400071867,0.0,0,0,15664.811973990281,174.34157851920799,15839.15355250949,16274.844867549851,16449.18644606906,203150.1880097652,0.0,56.00061197670084,0.0,0.0,0.0,False,False,False
main,deterministic,deterministic,2025-01-01,51,True,True,0,,,0.7,20.0,optimal,2.057845600065775,2.057846400071867,0.0,0,0,15664.811973990281,174.34157851920799,15839.15355250949,16210.246175471273,16384.58775399048,203350.7190035837,0.0,50.08504430754902,0.0,0.0,0.0,False,False,False
main,deterministic,deterministic,2025-01-01,52,True,True,0,,,0.7,20.0,optimal,2.057845600065775,2.057846400071867,0.0,0,0,15664.811973990281,174.34157851920799,15839.15355250949,16210.792385477773,16385.13396399698,203246.49988513163,0.05543058898260034,57.04527026578726,0.0,0.0,0.0,False,False,False
main,deterministic,deterministic,2025-01-01,53,True,True,0,,,0.7,20.0,optimal,2.057845600065775,2.057846400071867,0.0,0,0,15664.811973990281,174.34157851920799,15839.15355250949,16141.940939745853,16316.282518265061,202975.04105907364,0.0,44.12664511712264,0.0,0.0,0.0,False,False,False
main,deterministic,deterministic,2025-01-01,54,True,True,0,,,0.7,20.0,optimal,2.057845600065775,2.057846400071867,0.0,0,0,15664.811973990281,174.34157851920799,15839.15355250949,16181.779407582262,16356.12098610147,202677.28152055215,0.0,46.266632188348055,0.0,0.0,0.0,False,False,False
main,deterministic,deterministic,2025-01-01,55,True,True,0,,,0.7,20.0,optimal,2.057845600065775,2.057846400071867,0.0,0,0,15664.811973990281,174.34157851920799,15839.15355250949,16198.498322711583,16372.839901230791,202975.05407171385,0.07057944097688806,54.575167908511766,0.0,0.0,0.0,False,False,False
main,deterministic,deterministic,2025-01-01,56,True,True,0,,,0.7,20.0,optimal,2.057845600065775,2.057846400071867,0.0,0,0,15664.811973990281,174.34157851920799,15839.15355250949,16330.740707629859,16505.082286149067,203586.70091196848,0.0,37.722890025107105,0.0,0.0,0.0,False,False,False
main,deterministic,deterministic,2025-01-01,57,True,True,0,,,0.7,20.0,optimal,2.057845600065775,2.057846400071867,0.0,0,0,15664.811973990281,174.34157851920799,15839.15355250949,16256.520451899698,16430.862030418906,203269.2505448212,0.0,48.2806184975519,0.0,0.0,0.0,False,False,False
main,deterministic,deterministic,2025-01-01,58,True,True,0,,,0.7,20.0,optimal,2.057845600065775,2.057846400071867,0.0,0,0,15664.811973990281,174.34157851920799,15839.15355250949,16149.04293671042,16323.384515229629,203263.56312575936,0.06268081667277703,57.20546569991954,0.0,0.0,0.0,False,False,False
main,deterministic,deterministic,2025-01-01,59,True,True,0,,,0.7,20.0,optimal,2.057845600065775,2.057846400071867,0.0,0,0,15664.811973990281,174.34157851920799,15839.15355250949,16149.215854517113,16323.557433036322,203157.11761047776,0.16154875910148148,51.62563056441704,0.0,0.0,0.0,False,False,False
main,deterministic,deterministic,2025-01-01,60,True,True,0,,,0.7,20.0,optimal,2.057845600065775,2.057846400071867,0.0,0,0,15664.811973990281,174.34157851920799,15839.15355250949,16208.658044637494,16382.999623156702,202680.0725779766,0.09506993380637851,51.36609832097478,0.0,0.0,0.0,False,False,False
main,deterministic,deterministic,2025-01-01,61,True,True,0,,,0.7,20.0,optimal,2.057845600065775,2.057846400071867,0.0,0,0,15664.811973990281,174.34157851920799,15839.15355250949,16260.71304946165,16435.05462798086,202877.71058325647,0.0,38.12261542687684,0.0,0.0,0.0,False,False,False
main,deterministic,deterministic,2025-01-01,62,True,True,0,,,0.7,20.0,optimal,2.057845600065775,2.057846400071867,0.0,0,0,15664.811973990281,174.34157851920799,15839.15355250949,16191.055793762182,16365.39737228139,202866.89294190187,0.04273911443478107,55.05835854631743,0.0,0.0,0.0,False,False,False
main,deterministic,deterministic,2025-01-01,63,True,True,0,,,0.7,20.0,optimal,2.057845600065775,2.057846400071867,0.0,0,0,15664.811973990281,174.34157851920799,15839.15355250949,16157.130586365593,16331.4721648848,202529.09586565034,0.0,53.970948880631695,0.0,0.0,0.0,False,False,False
main,deterministic,deterministic,2025-01-01,64,True,True,0,,,0.7,20.0,optimal,2.057845600065775,2.057846400071867,0.0,0,0,15664.811973990281,174.34157851920799,15839.15355250949,16183.873706413055,16358.215284932263,202998.20782896553,0.06218731523852017,47.55111522043721,0.0,0.0,0.0,False,False,False
main,deterministic,deterministic,2025-01-01,65,True,True,0,,,0.7,20.0,optimal,2.057845600065775,2.057846400071867,0.0,0,0,15664.811973990281,174.34157851920799,15839.15355250949,16147.821375590473,16322.16295410968,202606.91845678323,0.052041992647432256,53.23475764982923,0.0,0.0,0.0,False,False,False
main,deterministic,deterministic,2025-01-01,66,True,True,0,,,0.7,20.0,optimal,2.057845600065775,2.057846400071867,0.0,0,0,15664.811973990281,174.34157851920799,15839.15355250949,16169.30721444335,16343.648792962558,203078.036725336,0.0,56.9281042049639,0.0,0.0,0.0,False,False,False
main,deterministic,deterministic,2025-01-01,67,True,True,0,,,0.7,20.0,optimal,2.057845600065775,2.057846400071867,0.0,0,0,15664.811973990281,174.34157851920799,15839.15355250949,16222.722439428166,16397.064017947374,203276.6739045197,0.0,49.81776614842737,0.0,0.0,0.0,False,False,False
main,deterministic,deterministic,2025-01-01,68,True,True,0,,,0.7,20.0,optimal,2.057845600065775,2.057846400071867,0.0,0,0,15664.811973990281,174.34157851920799,15839.15355250949,16304.94985626184,16479.291434781047,203430.43850578394,0.0,53.04183903646912,0.0,0.0,0.0,False,False,False
main,deterministic,deterministic,2025-01-01,69,True,True,0,,,0.7,20.0,optimal,2.057845600065775,2.057846400071867,0.0,0,0,15664.811973990281,174.34157851920799,15839.15355250949,16200.76034387595,16375.101922395159,202954.86690281637,0.0,51.22661325404354,0.0,0.0,0.0,False,False,False
main,deterministic,deterministic,2025-01-01,70,True,True,0,,,0.7,20.0,optimal,2.057845600065775,2.057846400071867,0.0,0,0,15664.811973990281,174.34157851920799,15839.15355250949,16113.206131525005,16287.547710044213,202623.85083103983,0.09506993548802267,53.8933428991373,0.0,0.0,0.0,False,False,False
main,deterministic,deterministic,2025-01-01,71,True,True,0,,,0.7,20.0,optimal,2.057845600065775,2.057846400071867,0.0,0,0,15664.811973990281,174.34157851920799,15839.15355250949,16170.794521969023,16345.136100488231,203269.8411489439,0.0,57.11902802651527,0.0,0.0,0.0,False,False,False
main,deterministic,deterministic,2025-01-01,72,True,True,0,,,0.7,20.0,optimal,2.057845600065775,2.057846400071867,0.0,0,0,15664.811973990281,174.34157851920799,15839.15355250949,16172.617158455418,16346.958736974626,202510.10582936724,0.07309812840127128,57.033584872662374,0.0,0.0,0.0,False,False,False
main,deterministic,deterministic,2025-01-01,73,True,True,0,,,0.7,20.0,optimal,2.057845600065775,2.057846400071867,0.0,0,0,15664.811973990281,174.34157851920799,15839.15355250949,16211.287500232776,16385.629078751983,202908.028355983,0.16154879107426057,50.53363638390634,0.0,0.0,0.0,False,False,False
main,deterministic,deterministic,2025-01-01,74,True,True,0,,,0.7,20.0,optimal,2.057845600065775,2.057846400071867,0.0,0,0,15664.811973990281,174.34157851920799,15839.15355250949,16234.63662210416,16408.97820062337,203193.25215302827,0.0,51.27094484239672,0.0,0.0,0.0,False,False,False
main,deterministic,deterministic,2025-01-01,75,True,True,0,,,0.7,20.0,optimal,2.057845600065775,2.057846400071867,0.0,0,0,15664.811973990281,174.34157851920799,15839.15355250949,16219.774321651596,16394.115900170804,203691.76619209204,0.0,51.807032718111,0.0,0.0,0.0,False,False,False
main,deterministic,deterministic,2025-01-01,76,True,True,0,,,0.7,20.0,optimal,2.057845600065775,2.057846400071867,0.0,0,0,15664.811973990281,174.34157851920799,15839.15355250949,16182.39027783464,16356.731856353848,202443.5229488892,0.0,51.825304689488256,0.0,0.0,0.0,False,False,False
main,deterministic,deterministic,2025-01-01,77,True,True,0,,,0.7,20.0,optimal,2.057845600065775,2.057846400071867,0.0,0,0,15664.811973990281,174.34157851920799,15839.15355250949,16181.364856262131,16355.70643478134,202731.14892620404,0.0,46.109117461246456,0.0,0.0,0.0,False,False,False
main,deterministic,deterministic,2025-01-01,78,True,True,0,,,0.7,20.0,optimal,2.057845600065775,2.057846400071867,0.0,0,0,15664.811973990281,174.34157851920799,15839.15355250949,16160.508032213102,16334.84961073231,202667.3427916873,0.05016478149638082,49.480991866629715,0.0,0.0,0.0,False,False,False
main,deterministic,deterministic,2025-01-01,79,True,True,0,,,0.7,20.0,optimal,2.057845600065775,2.057846400071867,0.0,0,0,15664.811973990281,174.34157851920799,15839.15355250949,16246.34384019268,16420.685418711888,203259.05892520217,0.0,48.79386294784381,0.0,0.0,0.0,False,False,False
main,deterministic,deterministic,2025-01-01,80,True,True,0,,,0.7,20.0,optimal,2.057845600065775,2.057846400071867,0.0,0,0,15664.811973990281,174.34157851920799,15839.15355250949,16179.846681554563,16354.188260073772,203373.11049341198,0.0,47.23068265862745,0.0,0.0,0.0,False,False,False
main,deterministic,deterministic,2025-01-01,81,True,True,0,,,0.7,20.0,optimal,2.057845600065775,2.057846400071867,0.0,0,0,15664.811973990281,174.34157851920799,15839.15355250949,16242.173727536083,16416.51530605529,203321.69656018962,0.09506993109480044,56.84089026448866,0.0,0.0,0.0,False,False,False
main,deterministic,deterministic,2025-01-01,82,True,True,0,,,0.7,20.0,optimal,2.057845600065775,2.057846400071867,0.0,0,0,15664.811973990281,174.34157851920799,15839.15355250949,16223.75426886462,16398.09584738383,203008.92621254447,0.0,42.2981051370902,0.0,0.0,0.0,False,False,False
main,deterministic,deterministic,2025-01-01,83,True,True,0,,,0.7,20.0,optimal,2.057845600065775,2.057846400071867,0.0,0,0,15664.811973990281,174.34157851920799,15839.15355250949,16255.59182236495,16429.933400884158,202595.04619585516,0.0,45.562234030129176,0.0,0.0,0.0,False,False,False
main,deterministic,deterministic,2025-01-01,84,True,True,0,,,0.7,20.0,optimal,2.057845600065775,2.057846400071867,0.0,0,0,15664.811973990281,174.34157851920799,15839.15355250949,16151.346354855881,16325.68793337509,202821.79411245644,0.0,40.93145366645718,0.0,0.0,0.0,False,False,False
main,deterministic,deterministic,2025-01-01,85,True,True,0,,,0.7,20.0,optimal,2.057845600065775,2.057846400071867,0.0,0,0,15664.811973990281,174.34157851920799,15839.15355250949,16187.88631839012,16362.227896909328,202579.44952521403,0.0,55.30510691335106,0.0,0.0,0.0,False,False,False
main,deterministic,deterministic,2025-01-01,86,True,True,0,,,0.7,20.0,optimal,2.057845600065775,2.057846400071867,0.0,0,0,15664.811973990281,174.34157851920799,15839.15355250949,16229.945140656644,16404.286719175852,203460.8476451378,0.0,46.68835662191238,0.0,0.0,0.0,False,False,False
main,deterministic,deterministic,2025-01-01,87,True,True,0,,,0.7,20.0,optimal,2.057845600065775,2.057846400071867,0.0,0,0,15664.811973990281,174.34157851920799,15839.15355250949,16280.067885186714,16454.40946370592,203036.98088472144,0.0,49.52415352920354,0.0,0.0,0.0,False,False,False
main,deterministic,deterministic,2025-01-01,88,True,True,0,,,0.7,20.0,optimal,2.057845600065775,2.057846400071867,0.0,0,0,15664.811973990281,174.34157851920799,15839.15355250949,16287.564130293775,16461.90570881298,203652.1488918414,0.07953146041874692,55.42886542094071,0.0,0.0,0.0,False,False,False
main,deterministic,deterministic,2025-01-01,89,True,True,0,,,0.7,20.0,optimal,2.057845600065775,2.057846400071867,0.0,0,0,15664.811973990281,174.34157851920799,15839.15355250949,16278.87236912,16453.213947639208,202626.34012209286,0.12279339613025098,49.46094096490415,0.0,0.0,0.0,False,False,False
main,deterministic,deterministic,2025-01-01,90,True,True,0,,,0.7,20.0,optimal,2.057845600065775,2.057846400071867,0.0,0,0,15664.811973990281,174.34157851920799,15839.15355250949,16208.959494843553,16383.301073362762,203094.57653250892,0.0,53.10625100675611,0.0,0.0,0.0,False,False,False
main,deterministic,deterministic,2025-01-01,91,True,True,0,,,0.7,20.0,optimal,2.057845600065775,2.057846400071867,0.0,0,0,15664.811973990281,174.34157851920799,15839.15355250949,16308.566417421045,16482.90799594025,203444.58874034416,0.0,48.62520441286941,0.0,0.0,0.0,False,False,False
main,deterministic,deterministic,2025-01-01,92,True,True,0,,,0.7,20.0,optimal,2.057845600065775,2.057846400071867,0.0,0,0,15664.811973990281,174.34157851920799,15839.15355250949,16201.623635033795,16375.965213553003,202898.9541613387,0.0,42.488795109000876,0.0,0.0,0.0,False,False,False
main,deterministic,deterministic,2025-01-01,93,True,True,0,,,0.7,20.0,optimal,2.057845600065775,2.057846400071867,0.0,0,0,15664.811973990281,174.34157851920799,15839.15355250949,16271.801105842043,16446.14268436125,203426.5785262511,0.0,51.43461763668437,0.0,0.0,0.0,False,False,False
main,deterministic,deterministic,2025-01-01,94,True,True,0,,,0.7,20.0,optimal,2.057845600065775,2.057846400071867,0.0,0,0,15664.811973990281,174.34157851920799,15839.15355250949,16122.054547392318,16296.396125911526,202018.23211502738,0.0,45.9329126025741,0.0,0.0,0.0,False,False,False
main,deterministic,deterministic,2025-01-01,95,True,True,0,,,0.7,20.0,optimal,2.057845600065775,2.057846400071867,0.0,0,0,15664.811973990281,174.34157851920799,15839.15355250949,16113.65247496745,16287.994053486658,202577.40436046149,0.0,49.9158383379212,0.0,0.0,0.0,False,False,False
main,deterministic,deterministic,2025-01-01,96,True,True,0,,,0.7,20.0,optimal,2.057845600065775,2.057846400071867,0.0,0,0,15664.811973990281,174.34157851920799,15839.15355250949,16165.182096328117,16339.523674847325,202709.1067575269,0.0,47.32776314514428,0.0,0.0,0.0,False,False,False
main,deterministic,deterministic,2025-01-01,97,True,True,0,,,0.7,20.0,optimal,2.057845600065775,2.057846400071867,0.0,0,0,15664.811973990281,174.34157851920799,15839.15355250949,16190.204674264225,16364.546252783433,202609.4251269751,0.0,50.926502305565386,0.0,0.0,0.0,False,False,False
main,deterministic,deterministic,2025-01-01,98,True,True,0,,,0.7,20.0,optimal,2.057845600065775,2.057846400071867,0.0,0,0,15664.811973990281,174.34157851920799,15839.15355250949,16234.972949960971,16409.31452848018,203292.72631780308,0.0,42.146029728838094,0.0,0.0,0.0,False,False,False
main,deterministic,deterministic,2025-01-01,99,True,True,0,,,0.7,20.0,optimal,2.057845600065775,2.057846400071867,0.0,0,0,15664.811973990281,174.34157851920799,15839.15355250949,16259.757190278868,16434.098768798074,203346.0188298827,0.0,53.59556724517205,0.0,0.0,0.0,False,False,False
main,deterministic,deterministic,2025-04-01,0,True,True,0,,,0.7,20.0,optimal,1.9462098000803962,1.9462106000864878,0.0,0,0,15462.571691668632,498.33225108842646,15960.903942757059,15824.335902832065,16322.668153920491,125309.73868314261,0.02535756869251199,52.02963981114474,0.0,0.0,0.0,False,False,False
main,deterministic,deterministic,2025-04-01,1,True,True,0,,,0.7,20.0,optimal,1.9462098000803962,1.9462106000864878,0.0,0,0,15462.571691668632,498.33225108842646,15960.903942757059,15714.06111093508,16212.393362023506,124350.61790240015,0.011015215634943731,62.14887804601341,0.0,0.0,0.0,False,False,False
main,deterministic,deterministic,2025-04-01,2,True,True,0,,,0.7,20.0,optimal,1.9462098000803962,1.9462106000864878,0.0,0,0,15462.571691668632,498.33225108842646,15960.903942757059,15695.236691002432,16193.568942090858,125289.68098572789,0.0,47.75971487420576,0.0,0.0,0.0,False,False,False
main,deterministic,deterministic,2025-04-01,3,True,True,0,,,0.7,20.0,optimal,1.9462098000803962,1.9462106000864878,0.0,0,0,15462.571691668632,498.33225108842646,15960.903942757059,15795.291218847431,16293.623469935857,125465.84401400066,0.00821133264331625,53.780520056006175,0.0,0.0,0.0,False,False,False
main,deterministic,deterministic,2025-04-01,4,True,True,0,,,0.7,20.0,optimal,1.9462098000803962,1.9462106000864878,0.0,0,0,15462.571691668632,498.33225108842646,15960.903942757059,15727.549604113869,16225.881855202295,125591.9276004677,0.0,48.6004042488696,0.0,0.0,0.0,False,False,False
main,deterministic,deterministic,2025-04-01,5,True,True,0,,,0.7,20.0,optimal,1.9462098000803962,1.9462106000864878,0.0,0,0,15462.571691668632,498.33225108842646,15960.903942757059,15784.725432714651,16283.057683803077,125498.46810330417,0.012785842560895044,58.96718099532628,0.0,0.0,0.0,False,False,False
main,deterministic,deterministic,2025-04-01,6,True,True,0,,,0.7,20.0,optimal,1.9462098000803962,1.9462106000864878,0.0,0,0,15462.571691668632,498.33225108842646,15960.903942757059,15765.20271324497,16263.534964333396,125608.10302730813,0.0,51.42221508579769,0.0,0.0,0.0,False,False,False
main,deterministic,deterministic,2025-04-01,7,True,True,0,,,0.7,20.0,optimal,1.9462098000803962,1.9462106000864878,0.0,0,0,15462.571691668632,498.33225108842646,15960.903942757059,15717.021534095482,16215.353785183908,125364.63024033987,0.06478739064478362,51.400235909738946,0.0,0.0,0.0,False,False,False
main,deterministic,deterministic,2025-04-01,8,True,True,0,,,0.7,20.0,optimal,1.9462098000803962,1.9462106000864878,0.0,0,0,15462.571691668632,498.33225108842646,15960.903942757059,15707.722321379248,16206.054572467674,125017.79543301795,0.06051275646016674,53.402221265636506,0.0,0.0,0.0,False,False,False
main,deterministic,deterministic,2025-04-01,9,True,True,0,,,0.7,20.0,optimal,1.9462098000803962,1.9462106000864878,0.0,0,0,15462.571691668632,498.33225108842646,15960.903942757059,15665.604241373116,16163.936492461542,124841.52234570964,0.06349627975934324,60.900348581164195,0.0,0.0,0.0,False,False,False
main,deterministic,deterministic,2025-04-01,10,True,True,0,,,0.7,20.0,optimal,1.9462098000803962,1.9462106000864878,0.0,0,0,15462.571691668632,498.33225108842646,15960.903942757059,15788.265034429438,16286.597285517864,125878.97265764291,0.0,52.457114354838865,0.0,0.0,0.0,False,False,False
main,deterministic,deterministic,2025-04-01,11,True,True,0,,,0.7,20.0,optimal,1.9462098000803962,1.9462106000864878,0.0,0,0,15462.571691668632,498.33225108842646,15960.903942757059,15744.282408906574,16242.614659995,125470.99732018705,0.0,44.14708594297836,0.0,0.0,0.0,False,False,False
main,deterministic,deterministic,2025-04-01,12,True,True,0,,,0.7,20.0,optimal,1.9462098000803962,1.9462106000864878,0.0,0,0,15462.571691668632,498.33225108842646,15960.903942757059,15831.785627857747,16330.117878946174,125534.67664594072,0.13221421990496182,47.47072354692952,0.0,0.0,0.0,False,False,False
main,deterministic,deterministic,2025-04-01,13,True,True,0,,,0.7,20.0,optimal,1.9462098000803962,1.9462106000864878,0.0,0,0,15462.571691668632,498.33225108842646,15960.903942757059,15784.277389463605,16282.609640552031,125117.2152887343,0.10097085784581167,55.433800648529555,0.0,0.0,0.0,False,False,False
main,deterministic,deterministic,2025-04-01,14,True,True,0,,,0.7,20.0,optimal,1.9462098000803962,1.9462106000864878,0.0,0,0,15462.571691668632,498.33225108842646,15960.903942757059,15692.658885949366,16190.991137037792,125346.44255581262,0.0,54.47912752123046,0.0,0.0,0.0,False,False,False
main,deterministic,deterministic,2025-04-01,15,True,True,0,,,0.7,20.0,optimal,1.9462098000803962,1.9462106000864878,0.0,0,0,15462.571691668632,498.33225108842646,15960.903942757059,15820.86374712337,16319.195998211797,125378.62146703065,0.10593637143628226,50.28739825616669,0.0,0.0,0.0,False,False,False
main,deterministic,deterministic,2025-04-01,16,True,True,0,,,0.7,20.0,optimal,1.9462098000803962,1.9462106000864878,0.0,0,0,15462.571691668632,498.33225108842646,15960.903942757059,15692.7610974005,16191.093348488926,125465.86450153444,0.056782836703703043,47.134860855032905,0.0,0.0,0.0,False,False,False
main,deterministic,deterministic,2025-04-01,17,True,True,0,,,0.7,20.0,optimal,1.9462098000803962,1.9462106000864878,0.0,0,0,15462.571691668632,498.33225108842646,15960.903942757059,15784.34977504181,16282.682026130236,125708.01933248484,0.0,60.691362897055875,0.0,0.0,0.0,False,False,False
main,deterministic,deterministic,2025-04-01,18,True,True,0,,,0.7,20.0,optimal,1.9462098000803962,1.9462106000864878,0.0,0,0,15462.571691668632,498.33225108842646,15960.903942757059,15681.70861172676,16180.040862815187,124886.92158612006,0.06349627975934324,56.2394078470462,0.0,0.0,0.0,False,False,False
main,deterministic,deterministic,2025-04-01,19,True,True,0,,,0.7,20.0,optimal,1.9462098000803962,1.9462106000864878,0.0,0,0,15462.571691668632,498.33225108842646,15960.903942757059,15858.458328674402,16356.790579762828,125550.91850732251,0.019231560921448773,52.43056435569291,0.0,0.0,0.0,False,False,False
main,deterministic,deterministic,2025-04-01,20,True,True,0,,,0.7,20.0,optimal,1.9462098000803962,1.9462106000864878,0.0,0,0,15462.571691668632,498.33225108842646,15960.903942757059,15777.236097205947,16275.568348294373,125953.34487979069,0.0,48.810934622223236,0.0,0.0,0.0,False,False,False
main,deterministic,deterministic,2025-04-01,21,True,True,0,,,0.7,20.0,optimal,1.9462098000803962,1.9462106000864878,0.0,0,0,15462.571691668632,498.33225108842646,15960.903942757059,15805.81305268005,16304.145303768477,125686.09332887603,0.0951399158980637,51.10261816646363,0.0,0.0,0.0,False,False,False
main,deterministic,deterministic,2025-04-01,22,True,True,0,,,0.7,20.0,optimal,1.9462098000803962,1.9462106000864878,0.0,0,0,15462.571691668632,498.33225108842646,15960.903942757059,15736.23471878395,16234.566969872376,125599.13099691893,0.11122593399367614,52.64881228333241,0.0,0.0,0.0,False,False,False
main,deterministic,deterministic,2025-04-01,23,True,True,0,,,0.7,20.0,optimal,1.9462098000803962,1.9462106000864878,0.0,0,0,15462.571691668632,498.33225108842646,15960.903942757059,15684.52495777444,16182.857208862866,124971.3521977164,0.0322715650196676,50.51391490870925,0.0,0.0,0.0,False,False,False
main,deterministic,deterministic,2025-04-01,24,True,True,0,,,0.7,20.0,optimal,1.9462098000803962,1.9462106000864878,0.0,0,0,15462.571691668632,498.33225108842646,15960.903942757059,15689.528258046717,16187.860509135144,124747.13165300536,0.06349627975934324,56.22171747123167,0.0,0.0,0.0,False,False,False
main,deterministic,deterministic,2025-04-01,25,True,True,0,,,0.7,20.0,optimal,1.9462098000803962,1.9462106000864878,0.0,0,0,15462.571691668632,498.33225108842646,15960.903942757059,15793.859840306579,16292.192091395005,125817.67532569649,0.04916790540796001,48.07735666416513,0.0,0.0,0.0,False,False,False
main,deterministic,deterministic,2025-04-01,26,True,True,0,,,0.7,20.0,optimal,1.9462098000803962,1.9462106000864878,0.0,0,0,15462.571691668632,498.33225108842646,15960.903942757059,15755.765377156666,16254.097628245092,125075.94551483993,0.05950745791841222,61.42494444943013,0.0,0.0,0.0,False,False,False
main,deterministic,deterministic,2025-04-01,27,True,True,0,,,0.7,20.0,optimal,1.9462098000803962,1.9462106000864878,0.0,0,0,15462.571691668632,498.33225108842646,15960.903942757059,15730.621528621083,16228.953779709509,125173.98282227521,0.037038859496401066,57.01754842493325,0.0,0.0,0.0,False,False,False
main,deterministic,deterministic,2025-04-01,28,True,True,0,,,0.7,20.0,optimal,1.9462098000803962,1.9462106000864878,0.0,0,0,15462.571691668632,498.33225108842646,15960.903942757059,15768.422658458496,16266.754909546922,125556.57181388931,0.04135069190791946,43.663481301550135,0.0,0.0,0.0,False,False,False
main,deterministic,deterministic,2025-04-01,29,True,True,0,,,0.7,20.0,optimal,1.9462098000803962,1.9462106000864878,0.0,0,0,15462.571691668632,498.33225108842646,15960.903942757059,15821.918592349952,16320.250843438378,125566.65932628901,0.09513787778961569,40.30109048340153,0.0,0.0,0.0,False,False,False
main,deterministic,deterministic,2025-04-01,30,True,True,0,,,0.7,20.0,optimal,1.9462098000803962,1.9462106000864878,0.0,0,0,15462.571691668632,498.33225108842646,15960.903942757059,15693.80764684101,16192.139897929437,125272.94728560698,0.0030690339776646702,47.01487387605704,0.0,0.0,0.0,False,False,False
main,deterministic,deterministic,2025-04-01,31,True,True,0,,,0.7,20.0,optimal,1.9462098000803962,1.9462106000864878,0.0,0,0,15462.571691668632,498.33225108842646,15960.903942757059,15784.73915354163,16283.071404630056,125662.59614645367,0.0,48.01455766340654,0.0,0.0,0.0,False,False,False
main,deterministic,deterministic,2025-04-01,32,True,True,0,,,0.7,20.0,optimal,1.9462098000803962,1.9462106000864878,0.0,0,0,15462.571691668632,498.33225108842646,15960.903942757059,15684.639443849263,16182.971694937689,125367.25155514287,0.0,49.9806131539623,0.0,0.0,0.0,False,False,False
main,deterministic,deterministic,2025-04-01,33,True,True,0,,,0.7,20.0,optimal,1.9462098000803962,1.9462106000864878,0.0,0,0,15462.571691668632,498.33225108842646,15960.903942757059,15701.384001653329,16199.716252741755,124320.40995327737,0.0,63.410067018417905,0.0,0.0,0.0,False,False,False
main,deterministic,deterministic,2025-04-01,34,True,True,0,,,0.7,20.0,optimal,1.9462098000803962,1.9462106000864878,0.0,0,0,15462.571691668632,498.33225108842646,15960.903942757059,15797.640751343697,16295.973002432123,124882.13129590482,0.0,54.983336232434695,0.0,0.0,0.0,False,False,False
main,deterministic,deterministic,2025-04-01,35,True,True,0,,,0.7,20.0,optimal,1.9462098000803962,1.9462106000864878,0.0,0,0,15462.571691668632,498.33225108842646,15960.903942757059,15752.661915496024,16250.99416658445,125471.89094673052,0.06369357211446997,58.227326924927375,0.0,0.0,0.0,False,False,False
main,deterministic,deterministic,2025-04-01,36,True,True,0,,,0.7,20.0,optimal,1.9462098000803962,1.9462106000864878,0.0,0,0,15462.571691668632,498.33225108842646,15960.903942757059,15749.158481887984,16247.49073297641,125102.3538066728,0.0,60.63634923000663,0.0,0.0,0.0,False,False,False
main,deterministic,deterministic,2025-04-01,37,True,True,0,,,0.7,20.0,optimal,1.9462098000803962,1.9462106000864878,0.0,0,0,15462.571691668632,498.33225108842646,15960.903942757059,15796.09852465556,16294.430775743986,125695.65859921549,0.008850578646796892,45.74365687811254,0.0,0.0,0.0,False,False,False
main,deterministic,deterministic,2025-04-01,38,True,True,0,,,0.7,20.0,optimal,1.9462098000803962,1.9462106000864878,0.0,0,0,15462.571691668632,498.33225108842646,15960.903942757059,15726.590121349394,16224.92237243782,125282.14188872384,0.027523188755996908,50.14318834123888,0.0,0.0,0.0,False,False,False
main,deterministic,deterministic,2025-04-01,39,True,True,0,,,0.7,20.0,optimal,1.9462098000803962,1.9462106000864878,0.0,0,0,15462.571691668632,498.33225108842646,15960.903942757059,15804.286781715682,16302.619032804108,125655.52995806103,0.06738412813834366,44.478068047780496,0.0,0.0,0.0,False,False,False
main,deterministic,deterministic,2025-04-01,40,True,True,0,,,0.7,20.0,optimal,1.9462098000803962,1.9462106000864878,0.0,0,0,15462.571691668632,498.33225108842646,15960.903942757059,15707.227856475607,16205.560107564033,125222.08773981196,0.02779446709902611,46.455462010987375,0.0,0.0,0.0,False,False,False
main,deterministic,deterministic,2025-04-01,41,True,True,0,,,0.7,20.0,optimal,1.9462098000803962,1.9462106000864878,0.0,0,0,15462.571691668632,498.33225108842646,15960.903942757059,15787.952668246879,16286.284919335305,125667.75256535957,0.029376943799584054,39.94490702540004,0.0,0.0,0.0,False,False,False
main,deterministic,deterministic,2025-04-01,42,True,True,0,,,0.7,20.0,optimal,1.9462098000803962,1.9462106000864878,0.0,0,0,15462.571691668632,498.33225108842646,15960.903942757059,15710.194529985889,16208.526781074315,125070.67764117518,0.06349627975934324,57.35572704427697,0.0,0.0,0.0,False,False,False
main,deterministic,deterministic,2025-04-01,43,True,True,0,,,0.7,20.0,optimal,1.9462098000803962,1.9462106000864878,0.0,0,0,15462.571691668632,498.33225108842646,15960.903942757059,15704.326001105257,16202.658252193683,125411.30446441601,0.0,53.02825203166799,0.0,0.0,0.0,False,False,False
main,deterministic,deterministic,2025-04-01,44,True,True,0,,,0.7,20.0,optimal,1.9462098000803962,1.9462106000864878,0.0,0,0,15462.571691668632,498.33225108842646,15960.903942757059,15743.953248369438,16242.285499457865,125521.0620190465,0.0,53.28444312215933,0.0,0.0,0.0,False,False,False
main,deterministic,deterministic,2025-04-01,45,True,True,0,,,0.7,20.0,optimal,1.9462098000803962,1.9462106000864878,0.0,0,0,15462.571691668632,498.33225108842646,15960.903942757059,15724.977613424338,16223.309864512765,125406.35242586357,0.08910897770396892,55.43523983939937,0.0,0.0,0.0,False,False,False
main,deterministic,deterministic,2025-04-01,46,True,True,0,,,0.7,20.0,optimal,1.9462098000803962,1.9462106000864878,0.0,0,0,15462.571691668632,498.33225108842646,15960.903942757059,15821.394926392319,16319.727177480745,125474.13141160517,0.05529781580186033,52.785666370476726,0.0,0.0,0.0,False,False,False
main,deterministic,deterministic,2025-04-01,47,True,True,0,,,0.7,20.0,optimal,1.9462098000803962,1.9462106000864878,0.0,0,0,15462.571691668632,498.33225108842646,15960.903942757059,15767.748882761885,16266.081133850312,125372.04111306655,0.14285032337770742,54.94186351232555,0.0,0.0,0.0,False,False,False
main,deterministic,deterministic,2025-04-01,48,True,True,0,,,0.7,20.0,optimal,1.9462098000803962,1.9462106000864878,0.0,0,0,15462.571691668632,498.33225108842646,15960.903942757059,15675.814258415143,16174.14650950357,125349.54672831071,0.0,51.35480986811243,0.0,0.0,0.0,False,False,False
main,deterministic,deterministic,2025-04-01,49,True,True,0,,,0.7,20.0,optimal,1.9462098000803962,1.9462106000864878,0.0,0,0,15462.571691668632,498.33225108842646,15960.903942757059,15765.604338292558,16263.936589380985,125052.13903323235,0.07246336799036013,57.09017197898004,0.0,0.0,0.0,False,False,False
main,deterministic,deterministic,2025-04-01,50,True,True,0,,,0.7,20.0,optimal,1.9462098000803962,1.9462106000864878,0.0,0,0,15462.571691668632,498.33225108842646,15960.903942757059,15666.462151630512,16164.794402718939,125276.53654759968,0.006306171908065872,55.8084285505408,0.0,0.0,0.0,False,False,False
main,deterministic,deterministic,2025-04-01,51,True,True,0,,,0.7,20.0,optimal,1.9462098000803962,1.9462106000864878,0.0,0,0,15462.571691668632,498.33225108842646,15960.903942757059,15766.581501846407,16264.913752934834,125184.53783328338,0.03661592943914166,53.25325424829912,0.0,0.0,0.0,False,False,False
main,deterministic,deterministic,2025-04-01,52,True,True,0,,,0.7,20.0,optimal,1.9462098000803962,1.9462106000864878,0.0,0,0,15462.571691668632,498.33225108842646,15960.903942757059,15756.441008286843,16254.77325937527,125142.28005788935,0.11979990925771744,55.90778952337872,0.0,0.0,0.0,False,False,False
main,deterministic,deterministic,2025-04-01,53,True,True,0,,,0.7,20.0,optimal,1.9462098000803962,1.9462106000864878,0.0,0,0,15462.571691668632,498.33225108842646,15960.903942757059,15769.04526468109,16267.377515769516,125663.79726741061,0.0,45.14151787390314,0.0,0.0,0.0,False,False,False
main,deterministic,deterministic,2025-04-01,54,True,True,0,,,0.7,20.0,optimal,1.9462098000803962,1.9462106000864878,0.0,0,0,15462.571691668632,498.33225108842646,15960.903942757059,15707.236360306531,16205.568611394958,125429.57001317231,0.0,50.049798405266166,0.0,0.0,0.0,False,False,False
main,deterministic,deterministic,2025-04-01,55,True,True,0,,,0.7,20.0,optimal,1.9462098000803962,1.9462106000864878,0.0,0,0,15462.571691668632,498.33225108842646,15960.903942757059,15672.970718907238,16171.302969995664,125528.92268453531,0.0,56.5229119947142,0.0,0.0,0.0,False,False,False
main,deterministic,deterministic,2025-04-01,56,True,True,0,,,0.7,20.0,optimal,1.9462098000803962,1.9462106000864878,0.0,0,0,15462.571691668632,498.33225108842646,15960.903942757059,15698.044484334343,16196.37673542277,125527.90254924873,0.02472436924718291,39.524810799905374,0.0,0.0,0.0,False,False,False
main,deterministic,deterministic,2025-04-01,57,True,True,0,,,0.7,20.0,optimal,1.9462098000803962,1.9462106000864878,0.0,0,0,15462.571691668632,498.33225108842646,15960.903942757059,15727.762992315136,16226.095243403563,124914.8962664754,0.09570347507184207,53.516070075086986,0.0,0.0,0.0,False,False,False
main,deterministic,deterministic,2025-04-01,58,True,True,0,,,0.7,20.0,optimal,1.9462098000803962,1.9462106000864878,0.0,0,0,15462.571691668632,498.33225108842646,15960.903942757059,15809.272943717731,16307.605194806158,125478.3093315347,0.054625128558075775,58.47284438607804,0.0,0.0,0.0,False,False,False
main,deterministic,deterministic,2025-04-01,59,True,True,0,,,0.7,20.0,optimal,1.9462098000803962,1.9462106000864878,0.0,0,0,15462.571691668632,498.33225108842646,15960.903942757059,15717.393296217664,16215.72554730609,125190.85614294295,0.0,53.98731122238419,0.0,0.0,0.0,False,False,False
main,deterministic,deterministic,2025-04-01,60,True,True,0,,,0.7,20.0,optimal,1.9462098000803962,1.9462106000864878,0.0,0,0,15462.571691668632,498.33225108842646,15960.903942757059,15672.042504084295,16170.374755172721,125355.57694221445,0.05927703308921228,54.88663969842932,0.0,0.0,0.0,False,False,False
main,deterministic,deterministic,2025-04-01,61,True,True,0,,,0.7,20.0,optimal,1.9462098000803962,1.9462106000864878,0.0,0,0,15462.571691668632,498.33225108842646,15960.903942757059,15696.011236922197,16194.343488010623,125496.81219447296,0.04361493900742908,43.96256291164521,0.0,0.0,0.0,False,False,False
main,deterministic,deterministic,2025-04-01,62,True,True,0,,,0.7,20.0,optimal,1.9462098000803962,1.9462106000864878,0.0,0,0,15462.571691668632,498.33225108842646,15960.903942757059,15803.090302276447,16301.422553364873,125694.8131624388,0.05215265673313546,57.04448998313661,0.0,0.0,0.0,False,False,False
main,deterministic,deterministic,2025-04-01,63,True,True,0,,,0.7,20.0,optimal,1.9462098000803962,1.9462106000864878,0.0,0,0,15462.571691668632,498.33225108842646,15960.903942757059,15832.516330554372,16330.848581642798,125285.62988487766,0.012784382329044053,60.92666009058121,0.0,0.0,0.0,False,False,False
main,deterministic,deterministic,2025-04-01,64,True,True,0,,,0.7,20.0,optimal,1.9462098000803962,1.9462106000864878,0.0,0,0,15462.571691668632,498.33225108842646,15960.903942757059,15698.370539205336,16196.702790293763,125628.30604800471,0.06349627917280398,47.86591830450465,0.0,0.0,0.0,False,False,False
main,deterministic,deterministic,2025-04-01,65,True,True,0,,,0.7,20.0,optimal,1.9462098000803962,1.9462106000864878,0.0,0,0,15462.571691668632,498.33225108842646,15960.903942757059,15833.472552635456,16331.804803723882,125665.95011998175,0.0,55.48725107549564,0.0,0.0,0.0,False,False,False
main,deterministic,deterministic,2025-04-01,66,True,True,0,,,0.7,20.0,optimal,1.9462098000803962,1.9462106000864878,0.0,0,0,15462.571691668632,498.33225108842646,15960.903942757059,15712.148088763459,16210.480339851885,125239.41309103968,0.0,61.148010183101604,0.0,0.0,0.0,False,False,False
main,deterministic,deterministic,2025-04-01,67,True,True,0,,,0.7,20.0,optimal,1.9462098000803962,1.9462106000864878,0.0,0,0,15462.571691668632,498.33225108842646,15960.903942757059,15671.805329903347,16170.137580991774,125698.48128966746,0.0,54.99574600813062,0.0,0.0,0.0,False,False,False
main,deterministic,deterministic,2025-04-01,68,True,True,0,,,0.7,20.0,optimal,1.9462098000803962,1.9462106000864878,0.0,0,0,15462.571691668632,498.33225108842646,15960.903942757059,15593.437543403466,16091.769794491893,124820.6237030519,0.06349626206948966,53.380612905788524,0.0,0.0,0.0,False,False,False
main,deterministic,deterministic,2025-04-01,69,True,True,0,,,0.7,20.0,optimal,1.9462098000803962,1.9462106000864878,0.0,0,0,15462.571691668632,498.33225108842646,15960.903942757059,15787.69595558254,16286.028206670966,125223.41294520466,0.0,55.67284542797685,0.0,0.0,0.0,False,False,False
main,deterministic,deterministic,2025-04-01,70,True,True,0,,,0.7,20.0,optimal,1.9462098000803962,1.9462106000864878,0.0,0,0,15462.571691668632,498.33225108842646,15960.903942757059,15712.40794161324,16210.740192701667,125209.0389930385,0.0,59.77599701361718,0.0,0.0,0.0,False,False,False
main,deterministic,deterministic,2025-04-01,71,True,True,0,,,0.7,20.0,optimal,1.9462098000803962,1.9462106000864878,0.0,0,0,15462.571691668632,498.33225108842646,15960.903942757059,15742.768897781165,16241.101148869591,125270.25768839299,0.0,57.96115069973642,0.0,0.0,0.0,False,False,False
main,deterministic,deterministic,2025-04-01,72,True,True,0,,,0.7,20.0,optimal,1.9462098000803962,1.9462106000864878,0.0,0,0,15462.571691668632,498.33225108842646,15960.903942757059,15718.175092017385,16216.507343105812,124842.98988422577,0.012424320005802514,59.23947969813002,0.0,0.0,0.0,False,False,False
main,deterministic,deterministic,2025-04-01,73,True,True,0,,,0.7,20.0,optimal,1.9462098000803962,1.9462106000864878,0.0,0,0,15462.571691668632,498.33225108842646,15960.903942757059,15671.26985861618,16169.602109704607,125003.14934935661,0.061524158107557014,51.70937779823341,0.0,0.0,0.0,False,False,False
main,deterministic,deterministic,2025-04-01,74,True,True,0,,,0.7,20.0,optimal,1.9462098000803962,1.9462106000864878,0.0,0,0,15462.571691668632,498.33225108842646,15960.903942757059,15676.23205429096,16174.564305379386,125017.44720731901,0.1533277446298817,54.58719886834625,0.0,0.0,0.0,False,False,False
main,deterministic,deterministic,2025-04-01,75,True,True,0,,,0.7,20.0,optimal,1.9462098000803962,1.9462106000864878,0.0,0,0,15462.571691668632,498.33225108842646,15960.903942757059,15740.210781481484,16238.54303256991,125577.4109068417,0.056286424926225154,49.87536458904246,0.0,0.0,0.0,False,False,False
main,deterministic,deterministic,2025-04-01,76,True,True,0,,,0.7,20.0,optimal,1.9462098000803962,1.9462106000864878,0.0,0,0,15462.571691668632,498.33225108842646,15960.903942757059,15726.827162523192,16225.159413611618,125152.23647676739,0.06071133273473689,53.55542878350585,0.0,0.0,0.0,False,False,False
main,deterministic,deterministic,2025-04-01,77,True,True,0,,,0.7,20.0,optimal,1.9462098000803962,1.9462106000864878,0.0,0,0,15462.571691668632,498.33225108842646,15960.903942757059,15749.911738312736,16248.243989401162,125141.231886349,0.04130692492233745,46.2629547183592,0.0,0.0,0.0,False,False,False
main,deterministic,deterministic,2025-04-01,78,True,True,0,,,0.7,20.0,optimal,1.9462098000803962,1.9462106000864878,0.0,0,0,15462.571691668632,498.33225108842646,15960.903942757059,15737.07225594318,16235.404507031606,125719.2822269811,0.09318206292143039,52.36335913580513,0.0,0.0,0.0,False,False,False
main,deterministic,deterministic,2025-04-01,79,True,True,0,,,0.7,20.0,optimal,1.9462098000803962,1.9462106000864878,0.0,0,0,15462.571691668632,498.33225108842646,15960.903942757059,15800.066383486683,16298.39863457511,125381.83135723528,0.030642954035394743,49.0110575792834,0.0,0.0,0.0,False,False,False
main,deterministic,deterministic,2025-04-01,80,True,True,0,,,0.7,20.0,optimal,1.9462098000803962,1.9462106000864878,0.0,0,0,15462.571691668632,498.33225108842646,15960.903942757059,15763.741310008296,16262.073561096722,125391.17195640544,0.02616597334716303,48.18956669981534,0.0,0.0,0.0,False,False,False
main,deterministic,deterministic,2025-04-01,81,True,True,0,,,0.7,20.0,optimal,1.9462098000803962,1.9462106000864878,0.0,0,0,15462.571691668632,498.33225108842646,15960.903942757059,15731.670444191093,16230.00269527952,125122.28853786369,0.004688068216223085,60.10431244636415,0.0,0.0,0.0,False,False,False
main,deterministic,deterministic,2025-04-01,82,True,True,0,,,0.7,20.0,optimal,1.9462098000803962,1.9462106000864878,0.0,0,0,15462.571691668632,498.33225108842646,15960.903942757059,15764.960383741813,16263.292634830239,125776.9509603425,0.025508579508657536,45.08977149464905,0.0,0.0,0.0,False,False,False
main,deterministic,deterministic,2025-04-01,83,True,True,0,,,0.7,20.0,optimal,1.9462098000803962,1.9462106000864878,0.0,0,0,15462.571691668632,498.33225108842646,15960.903942757059,15723.280656409253,16221.61290749768,125031.62598335651,0.09235968326565402,46.96838356081676,0.0,0.0,0.0,False,False,False
main,deterministic,deterministic,2025-04-01,84,True,True,0,,,0.7,20.0,optimal,1.9462098000803962,1.9462106000864878,0.0,0,0,15462.571691668632,498.33225108842646,15960.903942757059,15729.197569590171,16227.529820678597,125186.23499906374,0.08345573363253928,46.14364010547538,0.0,0.0,0.0,False,False,False
main,deterministic,deterministic,2025-04-01,85,True,True,0,,,0.7,20.0,optimal,1.9462098000803962,1.9462106000864878,0.0,0,0,15462.571691668632,498.33225108842646,15960.903942757059,15755.91068784349,16254.242938931917,125127.13542098108,0.0,62.30150750095778,0.0,0.0,0.0,False,False,False
main,deterministic,deterministic,2025-04-01,86,True,True,0,,,0.7,20.0,optimal,1.9462098000803962,1.9462106000864878,0.0,0,0,15462.571691668632,498.33225108842646,15960.903942757059,15732.187163267079,16230.519414355505,125426.3884455014,0.05486578103817924,45.52966134126328,0.0,0.0,0.0,False,False,False
main,deterministic,deterministic,2025-04-01,87,True,True,0,,,0.7,20.0,optimal,1.9462098000803962,1.9462106000864878,0.0,0,0,15462.571691668632,498.33225108842646,15960.903942757059,15693.819829807406,16192.152080895832,125123.8656026129,0.10361186755484819,49.92668359881026,0.0,0.0,0.0,False,False,False
main,deterministic,deterministic,2025-04-01,88,True,True,0,,,0.7,20.0,optimal,1.9462098000803962,1.9462106000864878,0.0,0,0,15462.571691668632,498.33225108842646,15960.903942757059,15777.97444527995,16276.306696368376,125062.98367841059,0.0,60.36919116286215,0.0,0.0,0.0,False,False,False
main,deterministic,deterministic,2025-04-01,89,True,True,0,,,0.7,20.0,optimal,1.9462098000803962,1.9462106000864878,0.0,0,0,15462.571691668632,498.33225108842646,15960.903942757059,15654.451847345621,16152.784098434047,125142.69029347811,0.0,50.728788300173356,0.0,0.0,0.0,False,False,False
main,deterministic,deterministic,2025-04-01,90,True,True,0,,,0.7,20.0,optimal,1.9462098000803962,1.9462106000864878,0.0,0,0,15462.571691668632,498.33225108842646,15960.903942757059,15687.622229920204,16185.95448100863,124891.43915185727,0.06349627975934324,58.31542630691266,0.0,0.0,0.0,False,False,False
main,deterministic,deterministic,2025-04-01,91,True,True,0,,,0.7,20.0,optimal,1.9462098000803962,1.9462106000864878,0.0,0,0,15462.571691668632,498.33225108842646,15960.903942757059,15742.630295916051,16240.962547004478,125344.83233036032,0.055516998899884096,54.12069861247851,0.0,0.0,0.0,False,False,False
main,deterministic,deterministic,2025-04-01,92,True,True,0,,,0.7,20.0,optimal,1.9462098000803962,1.9462106000864878,0.0,0,0,15462.571691668632,498.33225108842646,15960.903942757059,15759.535668105696,16257.867919194123,125329.09937838146,0.045408110862502016,44.3106222022224,0.0,0.0,0.0,False,False,False
main,deterministic,deterministic,2025-04-01,93,True,True,0,,,0.7,20.0,optimal,1.9462098000803962,1.9462106000864878,0.0,0,0,15462.571691668632,498.33225108842646,15960.903942757059,15759.44800736441,16257.780258452836,125108.74449282358,0.0,53.16960243895607,0.0,0.0,0.0,False,False,False
main,deterministic,deterministic,2025-04-01,94,True,True,0,,,0.7,20.0,optimal,1.9462098000803962,1.9462106000864878,0.0,0,0,15462.571691668632,498.33225108842646,15960.903942757059,15677.852448643647,16176.184699732074,125010.65462653278,0.0,49.47368552857643,0.0,0.0,0.0,False,False,False
main,deterministic,deterministic,2025-04-01,95,True,True,0,,,0.7,20.0,optimal,1.9462098000803962,1.9462106000864878,0.0,0,0,15462.571691668632,498.33225108842646,15960.903942757059,15709.865424067999,16208.197675156425,125627.46054186538,0.05480107054888722,55.00084593180034,0.0,0.0,0.0,False,False,False
main,deterministic,deterministic,2025-04-01,96,True,True,0,,,0.7,20.0,optimal,1.9462098000803962,1.9462106000864878,0.0,0,0,15462.571691668632,498.33225108842646,15960.903942757059,15778.342154554695,16276.674405643122,125615.6240943781,0.06315441958999068,51.53598210544302,0.0,0.0,0.0,False,False,False
main,deterministic,deterministic,2025-04-01,97,True,True,0,,,0.7,20.0,optimal,1.9462098000803962,1.9462106000864878,0.0,0,0,15462.571691668632,498.33225108842646,15960.903942757059,15791.539195365436,16289.871446453863,125568.77218531964,0.0,50.483578674460574,0.0,0.0,0.0,False,False,False
main,deterministic,deterministic,2025-04-01,98,True,True,0,,,0.7,20.0,optimal,1.9462098000803962,1.9462106000864878,0.0,0,0,15462.571691668632,498.33225108842646,15960.903942757059,15683.706063267813,16182.03831435624,125565.8991590281,0.05670537717890911,44.57930736211026,0.0,0.0,0.0,False,False,False
main,deterministic,deterministic,2025-04-01,99,True,True,0,,,0.7,20.0,optimal,1.9462098000803962,1.9462106000864878,0.0,0,0,15462.571691668632,498.33225108842646,15960.903942757059,15764.409851499377,16262.742102587803,125422.3255138815,0.0,56.478093285313086,0.0,0.0,0.0,False,False,False
main,deterministic,deterministic,2025-07-01,0,True,True,0,,,0.7,20.0,optimal,1.9312858999473974,1.9312863999512047,0.0,0,0,15865.460962360752,295.27094918191506,16160.731911542667,16700.14606856503,16995.417017746946,171868.2588606698,0.0,56.18005379445689,0.0,0.0,0.0,False,False,False
main,deterministic,deterministic,2025-07-01,1,True,True,0,,,0.7,20.0,optimal,1.9312858999473974,1.9312863999512047,0.0,0,0,15865.460962360752,295.27094918191506,16160.731911542667,16664.76491790072,16960.035867082635,171188.24521362723,0.2786045213475677,68.05019523339722,0.0,0.0,0.0,False,False,False
main,deterministic,deterministic,2025-07-01,2,True,True,0,,,0.7,20.0,optimal,1.9312858999473974,1.9312863999512047,0.0,0,0,15865.460962360752,295.27094918191506,16160.731911542667,16742.010680813157,17037.281629995072,171617.78944437625,0.2532558201476673,52.97761579539739,0.0,0.0,0.0,False,False,False
main,deterministic,deterministic,2025-07-01,3,True,True,0,,,0.7,20.0,optimal,1.9312858999473974,1.9312863999512047,0.0,0,0,15865.460962360752,295.27094918191506,16160.731911542667,16709.370877685644,17004.64182686756,171831.25041327524,0.0,58.136158390868,0.0,0.0,0.0,False,False,False
main,deterministic,deterministic,2025-07-01,4,True,True,0,,,0.7,20.0,optimal,1.9312858999473974,1.9312863999512047,0.0,0,0,15865.460962360752,295.27094918191506,16160.731911542667,16592.457976995014,16887.72892617693,172109.5188744913,0.0,49.95518047500994,0.0,0.0,0.0,False,False,False
main,deterministic,deterministic,2025-07-01,5,True,True,0,,,0.7,20.0,optimal,1.9312858999473974,1.9312863999512047,0.0,0,0,15865.460962360752,295.27094918191506,16160.731911542667,16712.72600844274,17007.996957624655,171845.60913676128,0.0,58.504270034895754,0.0,0.0,0.0,False,False,False
main,deterministic,deterministic,2025-07-01,6,True,True,0,,,0.7,20.0,optimal,1.9312858999473974,1.9312863999512047,0.0,0,0,15865.460962360752,295.27094918191506,16160.731911542667,16778.22147638765,17073.492425569566,172025.6576290799,0.0,55.660791560618435,0.0,0.0,0.0,False,False,False
main,deterministic,deterministic,2025-07-01,7,True,True,0,,,0.7,20.0,optimal,1.9312858999473974,1.9312863999512047,0.0,0,0,15865.460962360752,295.27094918191506,16160.731911542667,16722.86713152134,17018.138080703255,171927.00386127984,0.2285186716678525,55.45853870369667,0.0,0.0,0.0,False,False,False
main,deterministic,deterministic,2025-07-01,8,True,True,0,,,0.7,20.0,optimal,1.9312858999473974,1.9312863999512047,0.0,0,0,15865.460962360752,295.27094918191506,16160.731911542667,16629.8678454054,16925.138794587314,171380.58290913928,0.0,56.853808162416755,0.0,0.0,0.0,False,False,False
main,deterministic,deterministic,2025-07-01,9,True,True,0,,,0.7,20.0,optimal,1.9312858999473974,1.9312863999512047,0.0,0,0,15865.460962360752,295.27094918191506,16160.731911542667,16792.19825148129,17087.469200663207,171763.60642913572,0.3601659150541093,64.43852871803567,0.0,0.0,0.0,False,False,False
main,deterministic,deterministic,2025-07-01,10,True,True,0,,,0.7,20.0,optimal,1.9312858999473974,1.9312863999512047,0.0,0,0,15865.460962360752,295.27094918191506,16160.731911542667,16704.193531930887,16999.464481112802,171653.51057231353,0.0,55.51797466974521,0.0,0.0,0.0,False,False,False
main,deterministic,deterministic,2025-07-01,11,True,True,0,,,0.7,20.0,optimal,1.9312858999473974,1.9312863999512047,0.0,0,0,15865.460962360752,295.27094918191506,16160.731911542667,16723.009665574085,17018.280614756,171653.08219025732,0.0,51.08816962278273,0.0,0.0,0.0,False,False,False
main,deterministic,deterministic,2025-07-01,12,True,True,0,,,0.7,20.0,optimal,1.9312858999473974,1.9312863999512047,0.0,0,0,15865.460962360752,295.27094918191506,16160.731911542667,16755.454801032152,17050.725750214067,171215.18610122142,0.07905439371307771,53.01319597431654,0.0,0.0,0.0,False,False,False
main,deterministic,deterministic,2025-07-01,13,True,True,0,,,0.7,20.0,optimal,1.9312858999473974,1.9312863999512047,0.0,0,0,15865.460962360752,295.27094918191506,16160.731911542667,16765.353716692855,17060.62466587477,171608.0186897316,0.3905216978999898,57.17302771720306,0.0,0.0,0.0,False,False,False
main,deterministic,deterministic,2025-07-01,14,True,True,0,,,0.7,20.0,optimal,1.9312858999473974,1.9312863999512047,0.0,0,0,15865.460962360752,295.27094918191506,16160.731911542667,16689.609784284406,16984.88073346632,171569.60256881776,0.046789495117464774,56.21965229216567,0.0,0.0,0.0,False,False,False
main,deterministic,deterministic,2025-07-01,15,True,True,0,,,0.7,20.0,optimal,1.9312858999473974,1.9312863999512047,0.0,0,0,15865.460962360752,295.27094918191506,16160.731911542667,16716.71775653527,17011.988705717184,171340.0889070033,0.0,52.728034567771914,0.0,0.0,0.0,False,False,False
main,deterministic,deterministic,2025-07-01,16,True,True,0,,,0.7,20.0,optimal,1.9312858999473974,1.9312863999512047,0.0,0,0,15865.460962360752,295.27094918191506,16160.731911542667,16755.358935968754,17050.62988515067,172246.61320043972,0.0,54.304660383816895,0.0,0.0,0.0,False,False,False
main,deterministic,deterministic,2025-07-01,17,True,True,0,,,0.7,20.0,optimal,1.9312858999473974,1.9312863999512047,0.0,0,0,15865.460962360752,295.27094918191506,16160.731911542667,16850.32069340411,17145.591642586027,171554.8368855665,0.0,65.76764848987503,0.0,0.0,0.0,False,False,False
main,deterministic,deterministic,2025-07-01,18,True,True,0,,,0.7,20.0,optimal,1.9312858999473974,1.9312863999512047,0.0,0,0,15865.460962360752,295.27094918191506,16160.731911542667,16885.802165739206,17181.07311492112,171641.41528205868,0.41592175979424145,60.241165299826214,0.0,0.0,0.0,False,False,False
main,deterministic,deterministic,2025-07-01,19,True,True,0,,,0.7,20.0,optimal,1.9312858999473974,1.9312863999512047,0.0,0,0,15865.460962360752,295.27094918191506,16160.731911542667,16709.374226878546,17004.64517606046,171634.75279390972,0.0,58.28345256351603,0.0,0.0,0.0,False,False,False
main,deterministic,deterministic,2025-07-01,20,True,True,0,,,0.7,20.0,optimal,1.9312858999473974,1.9312863999512047,0.0,0,0,15865.460962360752,295.27094918191506,16160.731911542667,16754.71623754028,17049.987186722195,172575.68108388287,0.0,53.02432569324768,0.0,0.0,0.0,False,False,False
main,deterministic,deterministic,2025-07-01,21,True,True,0,,,0.7,20.0,optimal,1.9312858999473974,1.9312863999512047,0.0,0,0,15865.460962360752,295.27094918191506,16160.731911542667,16670.808857930977,16966.079807112892,171965.31154920434,0.00985746306658819,51.666489678479536,0.0,0.0,0.0,False,False,False
main,deterministic,deterministic,2025-07-01,22,True,True,0,,,0.7,20.0,optimal,1.9312858999473974,1.9312863999512047,0.0,0,0,15865.460962360752,295.27094918191506,16160.731911542667,16721.27352628432,17016.544475466235,171527.87683849208,0.0,56.478435473452315,0.0,0.0,0.0,False,False,False
main,deterministic,deterministic,2025-07-01,23,True,True,0,,,0.7,20.0,optimal,1.9312858999473974,1.9312863999512047,0.0,0,0,15865.460962360752,295.27094918191506,16160.731911542667,16722.668131997892,17017.939081179808,171469.86345631687,0.2761300204262774,58.89199803498602,0.0,0.0,0.0,False,False,False
main,deterministic,deterministic,2025-07-01,24,True,True,0,,,0.7,20.0,optimal,1.9312858999473974,1.9312863999512047,0.0,0,0,15865.460962360752,295.27094918191506,16160.731911542667,16773.875291742654,17069.14624092457,171724.49448315048,0.2589388633015589,64.47652308909774,0.0,0.0,0.0,False,False,False
main,deterministic,deterministic,2025-07-01,25,True,True,0,,,0.7,20.0,optimal,1.9312858999473974,1.9312863999512047,0.0,0,0,15865.460962360752,295.27094918191506,16160.731911542667,16726.924705196503,17022.195654378418,172027.94327073666,0.0,49.39358288386573,0.0,0.0,0.0,False,False,False
main,deterministic,deterministic,2025-07-01,26,True,True,0,,,0.7,20.0,optimal,1.9312858999473974,1.9312863999512047,0.0,0,0,15865.460962360752,295.27094918191506,16160.731911542667,16711.02113483917,17006.292084021086,171299.6625747045,0.0,64.03307172072459,0.0,0.0,0.0,False,False,False
main,deterministic,deterministic,2025-07-01,27,True,True,0,,,0.7,20.0,optimal,1.9312858999473974,1.9312863999512047,0.0,0,0,15865.460962360752,295.27094918191506,16160.731911542667,16742.591501233106,17037.86245041502,171187.43364062393,0.0,61.462921397893034,0.0,0.0,0.0,False,False,False
main,deterministic,deterministic,2025-07-01,28,True,True,0,,,0.7,20.0,optimal,1.9312858999473974,1.9312863999512047,0.0,0,0,15865.460962360752,295.27094918191506,16160.731911542667,16732.230433616347,17027.501382798262,172060.29896722405,0.0,45.35425986796754,0.0,0.0,0.0,False,False,False
main,deterministic,deterministic,2025-07-01,29,True,True,0,,,0.7,20.0,optimal,1.9312858999473974,1.9312863999512047,0.0,0,0,15865.460962360752,295.27094918191506,16160.731911542667,16766.531819219483,17061.802768401398,171742.84310935906,0.2743684085458951,48.144361345373824,0.0,0.0,0.0,False,False,False
main,deterministic,deterministic,2025-07-01,30,True,True,0,,,0.7,20.0,optimal,1.9312858999473974,1.9312863999512047,0.0,0,0,15865.460962360752,295.27094918191506,16160.731911542667,16606.113974020187,16901.384923202102,171738.15970042563,0.0331351777836717,50.63110923337126,0.0,0.0,0.0,False,False,False
main,deterministic,deterministic,2025-07-01,31,True,True,0,,,0.7,20.0,optimal,1.9312858999473974,1.9312863999512047,0.0,0,0,15865.460962360752,295.27094918191506,16160.731911542667,16686.768076160093,16982.03902534201,171371.2019781622,0.1104522238925501,58.088559312001,0.0,0.0,0.0,False,False,False
main,deterministic,deterministic,2025-07-01,32,True,True,0,,,0.7,20.0,optimal,1.9312858999473974,1.9312863999512047,0.0,0,0,15865.460962360752,295.27094918191506,16160.731911542667,16723.394960516758,17018.665909698673,171433.326984844,0.0,60.85312253529028,0.0,0.0,0.0,False,False,False
main,deterministic,deterministic,2025-07-01,33,True,True,0,,,0.7,20.0,optimal,1.9312858999473974,1.9312863999512047,0.0,0,0,15865.460962360752,295.27094918191506,16160.731911542667,16744.25853644483,17039.529485626746,171561.70790757137,0.1709278670659342,68.3581919656398,0.0,0.0,0.0,False,False,False
main,deterministic,deterministic,2025-07-01,34,True,True,0,,,0.7,20.0,optimal,1.9312858999473974,1.9312863999512047,0.0,0,0,15865.460962360752,295.27094918191506,16160.731911542667,16679.815161098002,16975.086110279917,171944.3000793055,0.0,58.0388804522487,0.0,0.0,0.0,False,False,False
main,deterministic,deterministic,2025-07-01,35,True,True,0,,,0.7,20.0,optimal,1.9312858999473974,1.9312863999512047,0.0,0,0,15865.460962360752,295.27094918191506,16160.731911542667,16773.496229210727,17068.76717839264,171956.93954711163,0.0,61.25324077224429,0.0,0.0,0.0,False,False,False
main,deterministic,deterministic,2025-07-01,36,True,True,0,,,0.7,20.0,optimal,1.9312858999473974,1.9312863999512047,0.0,0,0,15865.460962360752,295.27094918191506,16160.731911542667,16701.830873745657,16997.101822927572,172150.44650806865,0.0,64.93028077288001,0.0,0.0,0.0,False,False,False
main,deterministic,deterministic,2025-07-01,37,True,True,0,,,0.7,20.0,optimal,1.9312858999473974,1.9312863999512047,0.0,0,0,15865.460962360752,295.27094918191506,16160.731911542667,16637.400052342866,16932.67100152478,171824.50987496178,0.0,45.80231060016331,0.0,0.0,0.0,False,False,False
main,deterministic,deterministic,2025-07-01,38,True,True,0,,,0.7,20.0,optimal,1.9312858999473974,1.9312863999512047,0.0,0,0,15865.460962360752,295.27094918191506,16160.731911542667,16705.786366445438,17001.057315627353,171473.32851018943,0.004198576206215776,50.15721586270742,0.0,0.0,0.0,False,False,False
main,deterministic,deterministic,2025-07-01,39,True,True,0,,,0.7,20.0,optimal,1.9312858999473974,1.9312863999512047,0.0,0,0,15865.460962360752,295.27094918191506,16160.731911542667,16770.658620908296,17065.92957009021,172111.57986902195,0.0,47.614121536609346,0.0,0.0,0.0,False,False,False
main,deterministic,deterministic,2025-07-01,40,True,True,0,,,0.7,20.0,optimal,1.9312858999473974,1.9312863999512047,0.0,0,0,15865.460962360752,295.27094918191506,16160.731911542667,16727.645984660972,17022.916933842887,171615.03447241656,0.20592979491737956,51.90381183125508,0.0,0.0,0.0,False,False,False
main,deterministic,deterministic,2025-07-01,41,True,True,0,,,0.7,20.0,optimal,1.9312858999473974,1.9312863999512047,0.0,0,0,15865.460962360752,295.27094918191506,16160.731911542667,16681.04885460422,16976.319803786137,171722.46543268798,0.0,42.30096172793045,0.0,0.0,0.0,False,False,False
main,deterministic,deterministic,2025-07-01,42,True,True,0,,,0.7,20.0,optimal,1.9312858999473974,1.9312863999512047,0.0,0,0,15865.460962360752,295.27094918191506,16160.731911542667,16836.722662478092,17131.993611660007,171443.4926523456,0.0939364578773495,60.55528309168759,0.0,0.0,0.0,False,False,False
main,deterministic,deterministic,2025-07-01,43,True,True,0,,,0.7,20.0,optimal,1.9312858999473974,1.9312863999512047,0.0,0,0,15865.460962360752,295.27094918191506,16160.731911542667,16638.10595569296,16933.376904874876,171667.21317552612,0.025534744339021476,52.269630560701174,0.0,0.0,0.0,False,False,False
main,deterministic,deterministic,2025-07-01,44,True,True,0,,,0.7,20.0,optimal,1.9312858999473974,1.9312863999512047,0.0,0,0,15865.460962360752,295.27094918191506,16160.731911542667,16759.97981515793,17055.250764339846,172281.4416338696,0.0,55.48537437432389,0.0,0.0,0.0,False,False,False
main,deterministic,deterministic,2025-07-01,45,True,True,0,,,0.7,20.0,optimal,1.9312858999473974,1.9312863999512047,0.0,0,0,15865.460962360752,295.27094918191506,16160.731911542667,16709.689125128065,17004.96007430998,171856.89495304908,0.24581705590182829,62.79420974701494,0.0,0.0,0.0,False,False,False
main,deterministic,deterministic,2025-07-01,46,True,True,0,,,0.7,20.0,optimal,1.9312858999473974,1.9312863999512047,0.0,0,0,15865.460962360752,295.27094918191506,16160.731911542667,16860.429080974787,17155.700030156702,171814.31200197805,0.0,57.49504427823955,0.0,0.0,0.0,False,False,False
main,deterministic,deterministic,2025-07-01,47,True,True,0,,,0.7,20.0,optimal,1.9312858999473974,1.9312863999512047,0.0,0,0,15865.460962360752,295.27094918191506,16160.731911542667,16846.703943357876,17141.97489253979,172011.70400917053,0.3612106600267902,58.34698038639528,0.0,0.0,0.0,False,False,False
main,deterministic,deterministic,2025-07-01,48,True,True,0,,,0.7,20.0,optimal,1.9312858999473974,1.9312863999512047,0.0,0,0,15865.460962360752,295.27094918191506,16160.731911542667,16650.82568739622,16946.096636578135,171891.2730276665,0.002510485099852078,55.779128352577914,0.0,0.0,0.0,False,False,False
main,deterministic,deterministic,2025-07-01,49,True,True,0,,,0.7,20.0,optimal,1.9312858999473974,1.9312863999512047,0.0,0,0,15865.460962360752,295.27094918191506,16160.731911542667,16718.49629728973,17013.767246471645,172067.25656786453,0.10199424842359844,61.54053468936765,0.0,0.0,0.0,False,False,False
main,deterministic,deterministic,2025-07-01,50,True,True,0,,,0.7,20.0,optimal,1.9312858999473974,1.9312863999512047,0.0,0,0,15865.460962360752,295.27094918191506,16160.731911542667,16645.376931434916,16940.64788061683,171658.87658322245,0.0,63.424222420975774,0.0,0.0,0.0,False,False,False
main,deterministic,deterministic,2025-07-01,51,True,True,0,,,0.7,20.0,optimal,1.9312858999473974,1.9312863999512047,0.0,0,0,15865.460962360752,295.27094918191506,16160.731911542667,16698.374486705692,16993.645435887607,171558.91079186928,0.027528302450364972,57.96507983072045,0.0,0.0,0.0,False,False,False
main,deterministic,deterministic,2025-07-01,52,True,True,0,,,0.7,20.0,optimal,1.9312858999473974,1.9312863999512047,0.0,0,0,15865.460962360752,295.27094918191506,16160.731911542667,16739.22138190486,17034.492331086774,171877.1055769413,0.28563661274435526,61.803457062763314,0.0,0.0,0.0,False,False,False
main,deterministic,deterministic,2025-07-01,53,True,True,0,,,0.7,20.0,optimal,1.9312858999473974,1.9312863999512047,0.0,0,0,15865.460962360752,295.27094918191506,16160.731911542667,16858.679534048224,17153.95048323014,172277.54647595642,0.0,49.48902728798378,0.0,0.0,0.0,False,False,False
main,deterministic,deterministic,2025-07-01,54,True,True,0,,,0.7,20.0,optimal,1.9312858999473974,1.9312863999512047,0.0,0,0,15865.460962360752,295.27094918191506,16160.731911542667,16903.496232881058,17198.767182062973,171906.98713424068,0.0,55.800671018409375,0.0,0.0,0.0,False,False,False
main,deterministic,deterministic,2025-07-01,55,True,True,0,,,0.7,20.0,optimal,1.9312858999473974,1.9312863999512047,0.0,0,0,15865.460962360752,295.27094918191506,16160.731911542667,16678.658809930912,16973.929759112827,171608.9007519747,0.0,61.2852327608514,0.0,0.0,0.0,False,False,False
main,deterministic,deterministic,2025-07-01,56,True,True,0,,,0.7,20.0,optimal,1.9312858999473974,1.9312863999512047,0.0,0,0,15865.460962360752,295.27094918191506,16160.731911542667,16709.665757593393,17004.93670677531,171943.21826726303,0.0,46.3487880267795,0.0,0.0,0.0,False,False,False
main,deterministic,deterministic,2025-07-01,57,True,True,0,,,0.7,20.0,optimal,1.9312858999473974,1.9312863999512047,0.0,0,0,15865.460962360752,295.27094918191506,16160.731911542667,16732.005957583387,17027.276906765303,171989.03882557296,0.35091453635711467,55.163740057392054,0.0,0.0,0.0,False,False,False
main,deterministic,deterministic,2025-07-01,58,True,True,0,,,0.7,20.0,optimal,1.9312858999473974,1.9312863999512047,0.0,0,0,15865.460962360752,295.27094918191506,16160.731911542667,16666.002319836265,16961.27326901818,171703.53628595715,0.0,62.60702659645004,0.0,0.0,0.0,False,False,False
main,deterministic,deterministic,2025-07-01,59,True,True,0,,,0.7,20.0,optimal,1.9312858999473974,1.9312863999512047,0.0,0,0,15865.460962360752,295.27094918191506,16160.731911542667,16689.75213898868,16985.023088170594,171784.37075488074,0.01111539449546961,60.60236279496058,0.0,0.0,0.0,False,False,False
main,deterministic,deterministic,2025-07-01,60,True,True,0,,,0.7,20.0,optimal,1.9312858999473974,1.9312863999512047,0.0,0,0,15865.460962360752,295.27094918191506,16160.731911542667,16692.42501828815,16987.695967470067,171922.8502797021,0.002264993498183543,57.211576441525324,0.0,0.0,0.0,False,False,False
main,deterministic,deterministic,2025-07-01,61,True,True,0,,,0.7,20.0,optimal,1.9312858999473974,1.9312863999512047,0.0,0,0,15865.460962360752,295.27094918191506,16160.731911542667,16711.63856755607,17006.909516737986,171800.35065074245,0.0,44.03554581681755,0.0,0.0,0.0,False,False,False
main,deterministic,deterministic,2025-07-01,62,True,True,0,,,0.7,20.0,optimal,1.9312858999473974,1.9312863999512047,0.0,0,0,15865.460962360752,295.27094918191506,16160.731911542667,16721.156266012134,17016.42721519405,171748.4100990572,0.0,61.82761754498966,0.0,0.0,0.0,False,False,False
main,deterministic,deterministic,2025-07-01,63,True,True,0,,,0.7,20.0,optimal,1.9312858999473974,1.9312863999512047,0.0,0,0,15865.460962360752,295.27094918191506,16160.731911542667,16782.22614438451,17077.497093566424,171560.43500767188,0.2839531835624616,65.9161004603476,0.0,0.0,0.0,False,False,False
main,deterministic,deterministic,2025-07-01,64,True,True,0,,,0.7,20.0,optimal,1.9312858999473974,1.9312863999512047,0.0,0,0,15865.460962360752,295.27094918191506,16160.731911542667,16694.272142531518,16989.543091713433,171487.00159282284,0.26549004218922323,54.36064684893525,0.0,0.0,0.0,False,False,False
main,deterministic,deterministic,2025-07-01,65,True,True,0,,,0.7,20.0,optimal,1.9312858999473974,1.9312863999512047,0.0,0,0,15865.460962360752,295.27094918191506,16160.731911542667,16828.985424612678,17124.256373794593,171619.38620798397,0.0,56.100185398708604,0.0,0.0,0.0,False,False,False
main,deterministic,deterministic,2025-07-01,66,True,True,0,,,0.7,20.0,optimal,1.9312858999473974,1.9312863999512047,0.0,0,0,15865.460962360752,295.27094918191506,16160.731911542667,16689.351890473557,16984.622839655472,171695.51446705352,0.2609554111432419,67.10369071848844,0.0,0.0,0.0,False,False,False
main,deterministic,deterministic,2025-07-01,67,True,True,0,,,0.7,20.0,optimal,1.9312858999473974,1.9312863999512047,0.0,0,0,15865.460962360752,295.27094918191506,16160.731911542667,16672.962459338032,16968.233408519947,172185.8607943787,0.0,52.20091493220717,0.0,0.0,0.0,False,False,False
main,deterministic,deterministic,2025-07-01,68,True,True,0,,,0.7,20.0,optimal,1.9312858999473974,1.9312863999512047,0.0,0,0,15865.460962360752,295.27094918191506,16160.731911542667,16706.849136446228,17002.120085628143,171577.5903506236,0.3310472608138128,57.06564366188427,0.0,0.0,0.0,False,False,False
main,deterministic,deterministic,2025-07-01,69,True,True,0,,,0.7,20.0,optimal,1.9312858999473974,1.9312863999512047,0.0,0,0,15865.460962360752,295.27094918191506,16160.731911542667,16876.472684716522,17171.743633898437,171400.37214706023,0.018460431695503265,59.15074177823227,0.0,0.0,0.0,False,False,False
main,deterministic,deterministic,2025-07-01,70,True,True,0,,,0.7,20.0,optimal,1.9312858999473974,1.9312863999512047,0.0,0,0,15865.460962360752,295.27094918191506,16160.731911542667,16680.048264450008,16975.319213631923,171796.84668894223,0.07754995630001793,60.62664574949145,0.0,0.0,0.0,False,False,False
main,deterministic,deterministic,2025-07-01,71,True,True,0,,,0.7,20.0,optimal,1.9312858999473974,1.9312863999512047,0.0,0,0,15865.460962360752,295.27094918191506,16160.731911542667,16650.76151727407,16946.032466455985,171688.26709053366,0.0,67.75602461566842,0.0,0.0,0.0,False,False,False
main,deterministic,deterministic,2025-07-01,72,True,True,0,,,0.7,20.0,optimal,1.9312858999473974,1.9312863999512047,0.0,0,0,15865.460962360752,295.27094918191506,16160.731911542667,16697.64283824998,16992.913787431895,170921.67664296195,0.0,63.859292371197775,0.0,0.0,0.0,False,False,False
main,deterministic,deterministic,2025-07-01,73,True,True,0,,,0.7,20.0,optimal,1.9312858999473974,1.9312863999512047,0.0,0,0,15865.460962360752,295.27094918191506,16160.731911542667,16654.518500584272,16949.789449766187,171595.09685637587,0.0,58.18692704386954,0.0,0.0,0.0,False,False,False
main,deterministic,deterministic,2025-07-01,74,True,True,0,,,0.7,20.0,optimal,1.9312858999473974,1.9312863999512047,0.0,0,0,15865.460962360752,295.27094918191506,16160.731911542667,16772.249927194574,17067.52087637649,172440.83241946396,0.3506864264997472,59.118726248500494,0.0,0.0,0.0,False,False,False
main,deterministic,deterministic,2025-07-01,75,True,True,0,,,0.7,20.0,optimal,1.9312858999473974,1.9312863999512047,0.0,0,0,15865.460962360752,295.27094918191506,16160.731911542667,16714.93953269069,17010.210481872604,172045.1719049486,0.25271031581475834,58.08704716807255,0.0,0.0,0.0,False,False,False
main,deterministic,deterministic,2025-07-01,76,True,True,0,,,0.7,20.0,optimal,1.9312858999473974,1.9312863999512047,0.0,0,0,15865.460962360752,295.27094918191506,16160.731911542667,16747.756588000015,17043.02753718193,171366.86427343427,0.2862640224369531,56.98096382677689,0.0,0.0,0.0,False,False,False
main,deterministic,deterministic,2025-07-01,77,True,True,0,,,0.7,20.0,optimal,1.9312858999473974,1.9312863999512047,0.0,0,0,15865.460962360752,295.27094918191506,16160.731911542667,16792.194072412185,17087.4650215941,171125.43534264842,0.0,55.12057789337688,0.0,0.0,0.0,False,False,False
main,deterministic,deterministic,2025-07-01,78,True,True,0,,,0.7,20.0,optimal,1.9312858999473974,1.9312863999512047,0.0,0,0,15865.460962360752,295.27094918191506,16160.731911542667,16653.760334049664,16949.03128323158,171683.04742504074,0.006890777919099866,59.97569381227304,0.0,0.0,0.0,False,False,False
main,deterministic,deterministic,2025-07-01,79,True,True,0,,,0.7,20.0,optimal,1.9312858999473974,1.9312863999512047,0.0,0,0,15865.460962360752,295.27094918191506,16160.731911542667,16770.971898005148,17066.242847187063,171681.41361187983,0.0,54.10453820024447,0.0,0.0,0.0,False,False,False
main,deterministic,deterministic,2025-07-01,80,True,True,0,,,0.7,20.0,optimal,1.9312858999473974,1.9312863999512047,0.0,0,0,15865.460962360752,295.27094918191506,16160.731911542667,16726.536265214192,17021.807214396107,171503.60933229382,0.10835536115096,56.73008070528893,0.0,0.0,0.0,False,False,False
main,deterministic,deterministic,2025-07-01,81,True,True,0,,,0.7,20.0,optimal,1.9312858999473974,1.9312863999512047,0.0,0,0,15865.460962360752,295.27094918191506,16160.731911542667,16669.41502905035,16964.685978232264,171632.36474934113,0.08604468009014044,66.35128030187717,0.0,0.0,0.0,False,False,False
main,deterministic,deterministic,2025-07-01,82,True,True,0,,,0.7,20.0,optimal,1.9312858999473974,1.9312863999512047,0.0,0,0,15865.460962360752,295.27094918191506,16160.731911542667,16691.341067091147,16986.612016273062,172180.30798871696,0.009001548804798976,45.907407993080064,0.0,0.0,0.0,False,False,False
main,deterministic,deterministic,2025-07-01,83,True,True,0,,,0.7,20.0,optimal,1.9312858999473974,1.9312863999512047,0.0,0,0,15865.460962360752,295.27094918191506,16160.731911542667,16713.005547874607,17008.276497056522,171417.36929651274,0.0,56.251783380223074,0.0,0.0,0.0,False,False,False
main,deterministic,deterministic,2025-07-01,84,True,True,0,,,0.7,20.0,optimal,1.9312858999473974,1.9312863999512047,0.0,0,0,15865.460962360752,295.27094918191506,16160.731911542667,16693.714737906084,16988.985687088,171470.7011273684,0.0,54.77905420124261,0.0,0.0,0.0,False,False,False
main,deterministic,deterministic,2025-07-01,85,True,True,0,,,0.7,20.0,optimal,1.9312858999473974,1.9312863999512047,0.0,0,0,15865.460962360752,295.27094918191506,16160.731911542667,16704.196799068806,16999.46774825072,171335.71061626318,0.0,66.12605070067367,0.0,0.0,0.0,False,False,False
main,deterministic,deterministic,2025-07-01,86,True,True,0,,,0.7,20.0,optimal,1.9312858999473974,1.9312863999512047,0.0,0,0,15865.460962360752,295.27094918191506,16160.731911542667,16776.242684028388,17071.513633210303,171767.89404450796,0.0,50.25355179063069,0.0,0.0,0.0,False,False,False
main,deterministic,deterministic,2025-07-01,87,True,True,0,,,0.7,20.0,optimal,1.9312858999473974,1.9312863999512047,0.0,0,0,15865.460962360752,295.27094918191506,16160.731911542667,16746.1312503465,17041.402199528417,171673.5977741629,0.3752533460268631,55.93452720719285,0.0,0.0,0.0,False,False,False
main,deterministic,deterministic,2025-07-01,88,True,True,0,,,0.7,20.0,optimal,1.9312858999473974,1.9312863999512047,0.0,0,0,15865.460962360752,295.27094918191506,16160.731911542667,16741.451970582497,17036.722919764412,171475.8464181751,0.0,64.73039011338204,0.0,0.0,0.0,False,False,False
main,deterministic,deterministic,2025-07-01,89,True,True,0,,,0.7,20.0,optimal,1.9312858999473974,1.9312863999512047,0.0,0,0,15865.460962360752,295.27094918191506,16160.731911542667,16738.74650461128,17034.017453793196,171457.9861772912,0.0,56.73676360086156,0.0,0.0,0.0,False,False,False
main,deterministic,deterministic,2025-07-01,90,True,True,0,,,0.7,20.0,optimal,1.9312858999473974,1.9312863999512047,0.0,0,0,15865.460962360752,295.27094918191506,16160.731911542667,16728.233438388037,17023.504387569952,172040.0744896068,0.34059742114650865,60.07888523817966,0.0,0.0,0.0,False,False,False
main,deterministic,deterministic,2025-07-01,91,True,True,0,,,0.7,20.0,optimal,1.9312858999473974,1.9312863999512047,0.0,0,0,15865.460962360752,295.27094918191506,16160.731911542667,16658.071214884487,16953.342164066402,171561.6319244234,0.0,54.89704160788317,0.0,0.0,0.0,False,False,False
main,deterministic,deterministic,2025-07-01,92,True,True,0,,,0.7,20.0,optimal,1.9312858999473974,1.9312863999512047,0.0,0,0,15865.460962360752,295.27094918191506,16160.731911542667,16733.31433954375,17028.585288725666,171939.52567572214,0.0,45.012323990184214,0.0,0.0,0.0,False,False,False
main,deterministic,deterministic,2025-07-01,93,True,True,0,,,0.7,20.0,optimal,1.9312858999473974,1.9312863999512047,0.0,0,0,15865.460962360752,295.27094918191506,16160.731911542667,16726.698416204177,17021.969365386092,171782.1573794355,0.27463672985792553,57.360598813422605,0.0,0.0,0.0,False,False,False
main,deterministic,deterministic,2025-07-01,94,True,True,0,,,0.7,20.0,optimal,1.9312858999473974,1.9312863999512047,0.0,0,0,15865.460962360752,295.27094918191506,16160.731911542667,16717.395762332868,17012.666711514783,171360.36563999564,0.0,51.73584572546413,0.0,0.0,0.0,False,False,False
main,deterministic,deterministic,2025-07-01,95,True,True,0,,,0.7,20.0,optimal,1.9312858999473974,1.9312863999512047,0.0,0,0,15865.460962360752,295.27094918191506,16160.731911542667,16723.27039041081,17018.541339592724,172420.1435944789,0.036546039717165524,57.43492120096924,0.0,0.0,0.0,False,False,False
main,deterministic,deterministic,2025-07-01,96,True,True,0,,,0.7,20.0,optimal,1.9312858999473974,1.9312863999512047,0.0,0,0,15865.460962360752,295.27094918191506,16160.731911542667,16758.33660851672,17053.607557698637,171774.64041615985,0.0,54.42449424319582,0.0,0.0,0.0,False,False,False
main,deterministic,deterministic,2025-07-01,97,True,True,0,,,0.7,20.0,optimal,1.9312858999473974,1.9312863999512047,0.0,0,0,15865.460962360752,295.27094918191506,16160.731911542667,16706.172544511464,17001.44349369338,171692.29330705357,0.0036878179755266416,54.53518216186367,0.0,0.0,0.0,False,False,False
main,deterministic,deterministic,2025-07-01,98,True,True,0,,,0.7,20.0,optimal,1.9312858999473974,1.9312863999512047,0.0,0,0,15865.460962360752,295.27094918191506,16160.731911542667,16692.24149748267,16987.512446664587,171929.90392928175,0.0,46.220479733369,0.0,0.0,0.0,False,False,False
main,deterministic,deterministic,2025-07-01,99,True,True,0,,,0.7,20.0,optimal,1.9312858999473974,1.9312863999512047,0.0,0,0,15865.460962360752,295.27094918191506,16160.731911542667,16647.910606550162,16943.181555732077,171879.01139307665,0.0,58.53195914382582,0.0,0.0,0.0,False,False,False
main,deterministic,deterministic,2025-10-01,0,True,True,0,,,0.7,20.0,optimal,2.025720900041051,2.02572150004562,0.0,0,0,16307.555639640112,533.9055933035733,16841.461232943686,16366.256375852281,16900.161969155855,173836.8916791935,0.2937503376675443,53.34145489869241,0.0,0.0,0.0,False,False,False
main,deterministic,deterministic,2025-10-01,1,True,True,0,,,0.7,20.0,optimal,2.025720900041051,2.02572150004562,0.0,0,0,16307.555639640112,533.9055933035733,16841.461232943686,16437.308469840114,16971.21406314369,173392.84664930592,0.44972649770465706,64.98860629577091,0.0,0.0,0.0,False,False,False
main,deterministic,deterministic,2025-10-01,2,True,True,0,,,0.7,20.0,optimal,2.025720900041051,2.02572150004562,0.0,0,0,16307.555639640112,533.9055933035733,16841.461232943686,16352.851560681731,16886.757153985305,173461.7091102867,0.0,48.01965475865353,0.0,0.0,0.0,False,False,False
main,deterministic,deterministic,2025-10-01,3,True,True,0,,,0.7,20.0,optimal,2.025720900041051,2.02572150004562,0.0,0,0,16307.555639640112,533.9055933035733,16841.461232943686,16410.366292871866,16944.27188617544,173724.15024240085,0.0,57.14861589781142,0.0,0.0,0.0,False,False,False
main,deterministic,deterministic,2025-10-01,4,True,True,0,,,0.7,20.0,optimal,2.025720900041051,2.02572150004562,0.0,0,0,16307.555639640112,533.9055933035733,16841.461232943686,16398.80078644667,16932.706379750245,174140.49760080353,0.2437882662259967,47.40714300621825,0.0,0.0,0.0,False,False,False
main,deterministic,deterministic,2025-10-01,5,True,True,0,,,0.7,20.0,optimal,2.025720900041051,2.02572150004562,0.0,0,0,16307.555639640112,533.9055933035733,16841.461232943686,16409.62815000261,16943.533743306183,173632.4369508799,0.03278953343499036,57.3524087747935,0.0,0.0,0.0,False,False,False
main,deterministic,deterministic,2025-10-01,6,True,True,0,,,0.7,20.0,optimal,2.025720900041051,2.02572150004562,0.0,0,0,16307.555639640112,533.9055933035733,16841.461232943686,16478.65806785482,17012.563661158394,174188.348911349,0.0,48.544560942854446,0.0,0.0,0.0,False,False,False
main,deterministic,deterministic,2025-10-01,7,True,True,0,,,0.7,20.0,optimal,2.025720900041051,2.02572150004562,0.0,0,0,16307.555639640112,533.9055933035733,16841.461232943686,16428.08585343898,16961.991446742555,173907.9107294843,0.0,52.96403876834305,0.0,0.0,0.0,False,False,False
main,deterministic,deterministic,2025-10-01,8,True,True,0,,,0.7,20.0,optimal,2.025720900041051,2.02572150004562,0.0,0,0,16307.555639640112,533.9055933035733,16841.461232943686,16324.967174244526,16858.8727675481,173213.7034589388,0.4980522914532297,49.44099702275937,0.0,0.0,0.0,False,False,False
main,deterministic,deterministic,2025-10-01,9,True,True,0,,,0.7,20.0,optimal,2.025720900041051,2.02572150004562,0.0,0,0,16307.555639640112,533.9055933035733,16841.461232943686,16438.467970290803,16972.373563594378,173640.24741097077,0.07411233937267836,62.07290655014569,0.0,0.0,0.0,False,False,False
main,deterministic,deterministic,2025-10-01,10,True,True,0,,,0.7,20.0,optimal,2.025720900041051,2.02572150004562,0.0,0,0,16307.555639640112,533.9055933035733,16841.461232943686,16386.84611701788,16920.751710321456,173678.16150713674,0.0,52.89864079086368,0.0,0.0,0.0,False,False,False
main,deterministic,deterministic,2025-10-01,11,True,True,0,,,0.7,20.0,optimal,2.025720900041051,2.02572150004562,0.0,0,0,16307.555639640112,533.9055933035733,16841.461232943686,16416.768109188793,16950.673702492368,174193.18960242125,0.09437236291828532,47.85710594403464,0.0,0.0,0.0,False,False,False
main,deterministic,deterministic,2025-10-01,12,True,True,0,,,0.7,20.0,optimal,2.025720900041051,2.02572150004562,0.0,0,0,16307.555639640112,533.9055933035733,16841.461232943686,16361.759561034214,16895.66515433779,173222.17263800857,0.046293025111368236,48.09158351483893,0.0,0.0,0.0,False,False,False
main,deterministic,deterministic,2025-10-01,13,True,True,0,,,0.7,20.0,optimal,2.025720900041051,2.02572150004562,0.0,0,0,16307.555639640112,533.9055933035733,16841.461232943686,16403.531609943504,16937.43720324708,173097.67979877998,0.0,54.28114234744843,0.0,0.0,0.0,False,False,False
main,deterministic,deterministic,2025-10-01,14,True,True,0,,,0.7,20.0,optimal,2.025720900041051,2.02572150004562,0.0,0,0,16307.555639640112,533.9055933035733,16841.461232943686,16461.54540519814,16995.450998501714,174355.69089240083,0.0,50.812074229358984,0.0,0.0,0.0,False,False,False
main,deterministic,deterministic,2025-10-01,15,True,True,0,,,0.7,20.0,optimal,2.025720900041051,2.02572150004562,0.0,0,0,16307.555639640112,533.9055933035733,16841.461232943686,16450.30773048429,16984.213323787862,173851.11231475568,0.3061170743040937,44.78532121345048,0.0,0.0,0.0,False,False,False
main,deterministic,deterministic,2025-10-01,16,True,True,0,,,0.7,20.0,optimal,2.025720900041051,2.02572150004562,0.0,0,0,16307.555639640112,533.9055933035733,16841.461232943686,16433.942868819708,16967.848462123282,174543.31175681544,0.0,49.14902764154245,0.0,0.0,0.0,False,False,False
main,deterministic,deterministic,2025-10-01,17,True,True,0,,,0.7,20.0,optimal,2.025720900041051,2.02572150004562,0.0,0,0,16307.555639640112,533.9055933035733,16841.461232943686,16452.398224314984,16986.30381761856,174025.47839615124,0.3499677929741235,59.904380726892065,0.0,0.0,0.0,False,False,False
main,deterministic,deterministic,2025-10-01,18,True,True,0,,,0.7,20.0,optimal,2.025720900041051,2.02572150004562,0.0,0,0,16307.555639640112,533.9055933035733,16841.461232943686,16430.946660799094,16964.85225410267,173527.39036930838,0.0,55.15012191659738,0.0,0.0,0.0,False,False,False
main,deterministic,deterministic,2025-10-01,19,True,True,0,,,0.7,20.0,optimal,2.025720900041051,2.02572150004562,0.0,0,0,16307.555639640112,533.9055933035733,16841.461232943686,16371.780360511593,16905.685953815166,173481.48075602218,0.012726297616252547,52.58960956621857,0.0,0.0,0.0,False,False,False
main,deterministic,deterministic,2025-10-01,20,True,True,0,,,0.7,20.0,optimal,2.025720900041051,2.02572150004562,0.0,0,0,16307.555639640112,533.9055933035733,16841.461232943686,16383.257286297923,16917.162879601496,174357.20192425308,0.0,50.47252702245791,0.0,0.0,0.0,False,False,False
main,deterministic,deterministic,2025-10-01,21,True,True,0,,,0.7,20.0,optimal,2.025720900041051,2.02572150004562,0.0,0,0,16307.555639640112,533.9055933035733,16841.461232943686,16383.863984528547,16917.76957783212,173562.3788156787,0.008270836212256105,47.2049584890432,0.0,0.0,0.0,False,False,False
main,deterministic,deterministic,2025-10-01,22,True,True,0,,,0.7,20.0,optimal,2.025720900041051,2.02572150004562,0.0,0,0,16307.555639640112,533.9055933035733,16841.461232943686,16397.785843141508,16931.691436445082,173751.05486945974,0.002732928819915159,50.48099282725967,0.0,0.0,0.0,False,False,False
main,deterministic,deterministic,2025-10-01,23,True,True,0,,,0.7,20.0,optimal,2.025720900041051,2.02572150004562,0.0,0,0,16307.555639640112,533.9055933035733,16841.461232943686,16491.014962045592,17024.920555349167,173965.52898416945,0.0,50.69578695764113,0.0,0.0,0.0,False,False,False
main,deterministic,deterministic,2025-10-01,24,True,True,0,,,0.7,20.0,optimal,2.025720900041051,2.02572150004562,0.0,0,0,16307.555639640112,533.9055933035733,16841.461232943686,16447.053677884156,16980.95927118773,173788.17453097488,0.0,58.05405823556163,0.0,0.0,0.0,False,False,False
main,deterministic,deterministic,2025-10-01,25,True,True,0,,,0.7,20.0,optimal,2.025720900041051,2.02572150004562,0.0,0,0,16307.555639640112,533.9055933035733,16841.461232943686,16402.520027982075,16936.42562128565,174018.60216455566,0.0,47.07969433876966,0.0,0.0,0.0,False,False,False
main,deterministic,deterministic,2025-10-01,26,True,True,0,,,0.7,20.0,optimal,2.025720900041051,2.02572150004562,0.0,0,0,16307.555639640112,533.9055933035733,16841.461232943686,16420.674975784816,16954.58056908839,173703.43539054264,0.05775748878720649,58.2922658158129,0.0,0.0,0.0,False,False,False
main,deterministic,deterministic,2025-10-01,27,True,True,0,,,0.7,20.0,optimal,2.025720900041051,2.02572150004562,0.0,0,0,16307.555639640112,533.9055933035733,16841.461232943686,16431.94843833686,16965.854031640436,174066.6854140783,0.3555580575082388,55.4672112040509,0.0,0.0,0.0,False,False,False
main,deterministic,deterministic,2025-10-01,28,True,True,0,,,0.7,20.0,optimal,2.025720900041051,2.02572150004562,0.0,0,0,16307.555639640112,533.9055933035733,16841.461232943686,16446.588938473287,16980.49453177686,174284.04100403565,0.03169477892303835,42.281846613460985,0.0,0.0,0.0,False,False,False
main,deterministic,deterministic,2025-10-01,29,True,True,0,,,0.7,20.0,optimal,2.025720900041051,2.02572150004562,0.0,0,0,16307.555639640112,533.9055933035733,16841.461232943686,16395.215358946953,16929.120952250527,173652.44167976358,0.0,40.53786122470236,0.0,0.0,0.0,False,False,False
main,deterministic,deterministic,2025-10-01,30,True,True,0,,,0.7,20.0,optimal,2.025720900041051,2.02572150004562,0.0,0,0,16307.555639640112,533.9055933035733,16841.461232943686,16296.217128657985,16830.122721961558,173172.34273534323,0.27876404210064765,46.80636916772795,0.0,0.0,0.0,False,False,False
main,deterministic,deterministic,2025-10-01,31,True,True,0,,,0.7,20.0,optimal,2.025720900041051,2.02572150004562,0.0,0,0,16307.555639640112,533.9055933035733,16841.461232943686,16357.898787479204,16891.804380782778,173575.23107283475,0.0,51.15149560946892,0.0,0.0,0.0,False,False,False
main,deterministic,deterministic,2025-10-01,32,True,True,0,,,0.7,20.0,optimal,2.025720900041051,2.02572150004562,0.0,0,0,16307.555639640112,533.9055933035733,16841.461232943686,16436.32060135592,16970.226194659495,174163.70794362505,0.077213311636952,54.39159664102547,0.0,0.0,0.0,False,False,False
main,deterministic,deterministic,2025-10-01,33,True,True,0,,,0.7,20.0,optimal,2.025720900041051,2.02572150004562,0.0,0,0,16307.555639640112,533.9055933035733,16841.461232943686,16442.29669182736,16976.202285130934,173437.29922474542,0.08089283815399706,64.02563558838165,0.0,0.0,0.0,False,False,False
main,deterministic,deterministic,2025-10-01,34,True,True,0,,,0.7,20.0,optimal,2.025720900041051,2.02572150004562,0.0,0,0,16307.555639640112,533.9055933035733,16841.461232943686,16430.065870660415,16963.97146396399,173627.64067817252,0.2336823083852977,52.530214537210895,0.0,0.0,0.0,False,False,False
main,deterministic,deterministic,2025-10-01,35,True,True,0,,,0.7,20.0,optimal,2.025720900041051,2.02572150004562,0.0,0,0,16307.555639640112,533.9055933035733,16841.461232943686,16435.696555449693,16969.602148753267,173832.99434592092,0.0,56.912684693407435,0.0,0.0,0.0,False,False,False
main,deterministic,deterministic,2025-10-01,36,True,True,0,,,0.7,20.0,optimal,2.025720900041051,2.02572150004562,0.0,0,0,16307.555639640112,533.9055933035733,16841.461232943686,16505.12613312889,17039.031726432466,174428.60289863404,0.0,58.7793996085262,0.0,0.0,0.0,False,False,False
main,deterministic,deterministic,2025-10-01,37,True,True,0,,,0.7,20.0,optimal,2.025720900041051,2.02572150004562,0.0,0,0,16307.555639640112,533.9055933035733,16841.461232943686,16389.08286562045,16922.988458924025,173941.98135753174,0.17364663581627982,44.01684135907182,0.0,0.0,0.0,False,False,False
main,deterministic,deterministic,2025-10-01,38,True,True,0,,,0.7,20.0,optimal,2.025720900041051,2.02572150004562,0.0,0,0,16307.555639640112,533.9055933035733,16841.461232943686,16394.577307727726,16928.4829010313,173878.39970820592,0.0,50.24779451017872,0.0,0.0,0.0,False,False,False
main,deterministic,deterministic,2025-10-01,39,True,True,0,,,0.7,20.0,optimal,2.025720900041051,2.02572150004562,0.0,0,0,16307.555639640112,533.9055933035733,16841.461232943686,16427.136146409506,16961.04173971308,173931.9039863081,0.0070955801503973515,41.32735457888519,0.0,0.0,0.0,False,False,False
main,deterministic,deterministic,2025-10-01,40,True,True,0,,,0.7,20.0,optimal,2.025720900041051,2.02572150004562,0.0,0,0,16307.555639640112,533.9055933035733,16841.461232943686,16462.87502210691,16996.780615410484,174003.06126202978,0.014083696559705039,46.24958199364399,0.0,0.0,0.0,False,False,False
main,deterministic,deterministic,2025-10-01,41,True,True,0,,,0.7,20.0,optimal,2.025720900041051,2.02572150004562,0.0,0,0,16307.555639640112,533.9055933035733,16841.461232943686,16364.381180658685,16898.28677396226,173564.88583776104,0.1935627498940371,40.063277367694205,0.0,0.0,0.0,False,False,False
main,deterministic,deterministic,2025-10-01,42,True,True,0,,,0.7,20.0,optimal,2.025720900041051,2.02572150004562,0.0,0,0,16307.555639640112,533.9055933035733,16841.461232943686,16476.08558868444,17009.991181988014,173836.1385062715,0.07930737573731123,53.598144351822896,0.0,0.0,0.0,False,False,False
main,deterministic,deterministic,2025-10-01,43,True,True,0,,,0.7,20.0,optimal,2.025720900041051,2.02572150004562,0.0,0,0,16307.555639640112,533.9055933035733,16841.461232943686,16323.696414100204,16857.602007403777,173175.2434675388,0.0,53.776034369320705,0.0,0.0,0.0,False,False,False
main,deterministic,deterministic,2025-10-01,44,True,True,0,,,0.7,20.0,optimal,2.025720900041051,2.02572150004562,0.0,0,0,16307.555639640112,533.9055933035733,16841.461232943686,16410.07442945284,16943.980022756416,174094.68455567898,0.0,52.26787147444958,0.0,0.0,0.0,False,False,False
main,deterministic,deterministic,2025-10-01,45,True,True,0,,,0.7,20.0,optimal,2.025720900041051,2.02572150004562,0.0,0,0,16307.555639640112,533.9055933035733,16841.461232943686,16421.124276995488,16955.029870299062,173705.73991694706,0.0,55.764599368603875,0.0,0.0,0.0,False,False,False
main,deterministic,deterministic,2025-10-01,46,True,True,0,,,0.7,20.0,optimal,2.025720900041051,2.02572150004562,0.0,0,0,16307.555639640112,533.9055933035733,16841.461232943686,16430.765832950547,16964.67142625412,173977.5034609125,0.055693814535670905,53.03355667716896,0.0,0.0,0.0,False,False,False
main,deterministic,deterministic,2025-10-01,47,True,True,0,,,0.7,20.0,optimal,2.025720900041051,2.02572150004562,0.0,0,0,16307.555639640112,533.9055933035733,16841.461232943686,16423.986266128744,16957.89185943232,174023.23316879367,0.007685848179467436,52.2667053142715,0.0,0.0,0.0,False,False,False
main,deterministic,deterministic,2025-10-01,48,True,True,0,,,0.7,20.0,optimal,2.025720900041051,2.02572150004562,0.0,0,0,16307.555639640112,533.9055933035733,16841.461232943686,16352.921408719327,16886.8270020229,173734.8490597502,0.2656023437972008,51.81744416022966,0.0,0.0,0.0,False,False,False
main,deterministic,deterministic,2025-10-01,49,True,True,0,,,0.7,20.0,optimal,2.025720900041051,2.02572150004562,0.0,0,0,16307.555639640112,533.9055933035733,16841.461232943686,16466.935108059908,17000.840701363482,173780.76186532836,0.0,56.7264220224508,0.0,0.0,0.0,False,False,False
main,deterministic,deterministic,2025-10-01,50,True,True,0,,,0.7,20.0,optimal,2.025720900041051,2.02572150004562,0.0,0,0,16307.555639640112,533.9055933035733,16841.461232943686,16454.39736384181,16988.302957145384,174520.07110130944,0.05922190225274471,57.17943492292511,0.0,0.0,0.0,False,False,False
main,deterministic,deterministic,2025-10-01,51,True,True,0,,,0.7,20.0,optimal,2.025720900041051,2.02572150004562,0.0,0,0,16307.555639640112,533.9055933035733,16841.461232943686,16365.026531272762,16898.932124576335,173507.8425022428,0.5186503978980608,52.70125336966545,0.0,0.0,0.0,False,False,False
main,deterministic,deterministic,2025-10-01,52,True,True,0,,,0.7,20.0,optimal,2.025720900041051,2.02572150004562,0.0,0,0,16307.555639640112,533.9055933035733,16841.461232943686,16408.252159480406,16942.15775278398,173768.59855468848,0.0,58.641780646095825,0.0,0.0,0.0,False,False,False
main,deterministic,deterministic,2025-10-01,53,True,True,0,,,0.7,20.0,optimal,2.025720900041051,2.02572150004562,0.0,0,0,16307.555639640112,533.9055933035733,16841.461232943686,16397.2159433381,16931.121536641673,174099.19234031226,0.0,50.05144994777618,0.0,0.0,0.0,False,False,False
main,deterministic,deterministic,2025-10-01,54,True,True,0,,,0.7,20.0,optimal,2.025720900041051,2.02572150004562,0.0,0,0,16307.555639640112,533.9055933035733,16841.461232943686,16429.81527138263,16963.720864686205,173973.36036611747,0.0,51.65727369810192,0.0,0.0,0.0,False,False,False
main,deterministic,deterministic,2025-10-01,55,True,True,0,,,0.7,20.0,optimal,2.025720900041051,2.02572150004562,0.0,0,0,16307.555639640112,533.9055933035733,16841.461232943686,16415.2806084995,16949.186201803073,173950.87500377698,0.0,57.201715959020575,0.0,0.0,0.0,False,False,False
main,deterministic,deterministic,2025-10-01,56,True,True,0,,,0.7,20.0,optimal,2.025720900041051,2.02572150004562,0.0,0,0,16307.555639640112,533.9055933035733,16841.461232943686,16481.61421524783,17015.519808551406,174035.39543782355,0.0,41.3864717615988,0.0,0.0,0.0,False,False,False
main,deterministic,deterministic,2025-10-01,57,True,True,0,,,0.7,20.0,optimal,2.025720900041051,2.02572150004562,0.0,0,0,16307.555639640112,533.9055933035733,16841.461232943686,16417.64895883791,16951.554552141486,173904.45692232737,0.0,50.839253130389935,0.0,0.0,0.0,False,False,False
main,deterministic,deterministic,2025-10-01,58,True,True,0,,,0.7,20.0,optimal,2.025720900041051,2.02572150004562,0.0,0,0,16307.555639640112,533.9055933035733,16841.461232943686,16406.60280873737,16940.508402040945,173419.16712409377,0.22307898619166067,60.54091037973448,0.0,0.0,0.0,False,False,False
main,deterministic,deterministic,2025-10-01,59,True,True,0,,,0.7,20.0,optimal,2.025720900041051,2.02572150004562,0.0,0,0,16307.555639640112,533.9055933035733,16841.461232943686,16395.484919763672,16929.390513067247,174010.74888138208,0.0,55.58758960661298,0.0,0.0,0.0,False,False,False
main,deterministic,deterministic,2025-10-01,60,True,True,0,,,0.7,20.0,optimal,2.025720900041051,2.02572150004562,0.0,0,0,16307.555639640112,533.9055933035733,16841.461232943686,16380.25202377962,16914.157617083194,173813.29663716973,0.08912355433883978,50.89802964219386,0.0,0.0,0.0,False,False,False
main,deterministic,deterministic,2025-10-01,61,True,True,0,,,0.7,20.0,optimal,2.025720900041051,2.02572150004562,0.0,0,0,16307.555639640112,533.9055933035733,16841.461232943686,16431.625826941094,16965.531420244668,173843.7570297807,0.00612702299036072,41.02098680883042,0.0,0.0,0.0,False,False,False
main,deterministic,deterministic,2025-10-01,62,True,True,0,,,0.7,20.0,optimal,2.025720900041051,2.02572150004562,0.0,0,0,16307.555639640112,533.9055933035733,16841.461232943686,16443.813308762543,16977.718902066117,173949.02718499443,0.0,57.03070378274348,0.0,0.0,0.0,False,False,False
main,deterministic,deterministic,2025-10-01,63,True,True,0,,,0.7,20.0,optimal,2.025720900041051,2.02572150004562,0.0,0,0,16307.555639640112,533.9055933035733,16841.461232943686,16424.78404700959,16958.689640313165,173606.2010210962,0.30179827276429416,60.733384323984204,0.0,0.0,0.0,False,False,False
main,deterministic,deterministic,2025-10-01,64,True,True,0,,,0.7,20.0,optimal,2.025720900041051,2.02572150004562,0.0,0,0,16307.555639640112,533.9055933035733,16841.461232943686,16408.92591811027,16942.831511413846,173726.61121366493,0.0,47.487194504501446,0.0,0.0,0.0,False,False,False
main,deterministic,deterministic,2025-10-01,65,True,True,0,,,0.7,20.0,optimal,2.025720900041051,2.02572150004562,0.0,0,0,16307.555639640112,533.9055933035733,16841.461232943686,16413.65606083043,16947.561654134006,173760.0962754877,0.0,56.56752921075876,0.0,0.0,0.0,False,False,False
main,deterministic,deterministic,2025-10-01,66,True,True,0,,,0.7,20.0,optimal,2.025720900041051,2.02572150004562,0.0,0,0,16307.555639640112,533.9055933035733,16841.461232943686,16387.04650146937,16920.952094772943,173607.75408064085,0.0,61.126350795663875,0.0,0.0,0.0,False,False,False
main,deterministic,deterministic,2025-10-01,67,True,True,0,,,0.7,20.0,optimal,2.025720900041051,2.02572150004562,0.0,0,0,16307.555639640112,533.9055933035733,16841.461232943686,16406.248829045864,16940.15442234944,174468.16738464043,0.0,51.86445854748228,0.0,0.0,0.0,False,False,False
main,deterministic,deterministic,2025-10-01,68,True,True,0,,,0.7,20.0,optimal,2.025720900041051,2.02572150004562,0.0,0,0,16307.555639640112,533.9055933035733,16841.461232943686,16414.755448660286,16948.66104196386,173896.99503068972,0.3621406329958302,53.8554933788759,0.0,0.0,0.0,False,False,False
main,deterministic,deterministic,2025-10-01,69,True,True,0,,,0.7,20.0,optimal,2.025720900041051,2.02572150004562,0.0,0,0,16307.555639640112,533.9055933035733,16841.461232943686,16437.57182647479,16971.477419778363,173611.4489524259,0.06630425711241095,56.209389229017546,0.0,0.0,0.0,False,False,False
main,deterministic,deterministic,2025-10-01,70,True,True,0,,,0.7,20.0,optimal,2.025720900041051,2.02572150004562,0.0,0,0,16307.555639640112,533.9055933035733,16841.461232943686,16437.075242457402,16970.980835760976,174186.17369253363,0.0,56.17784484617854,0.0,0.0,0.0,False,False,False
main,deterministic,deterministic,2025-10-01,71,True,True,0,,,0.7,20.0,optimal,2.025720900041051,2.02572150004562,0.0,0,0,16307.555639640112,533.9055933035733,16841.461232943686,16370.372749042575,16904.278342346148,173547.7662264294,0.6296917302787933,61.32339944511039,0.0,0.0,0.0,False,False,False
main,deterministic,deterministic,2025-10-01,72,True,True,0,,,0.7,20.0,optimal,2.025720900041051,2.02572150004562,0.0,0,0,16307.555639640112,533.9055933035733,16841.461232943686,16403.814223775076,16937.71981707865,173404.55446752682,0.44449051416170365,58.32918380361339,0.0,0.0,0.0,False,False,False
main,deterministic,deterministic,2025-10-01,73,True,True,0,,,0.7,20.0,optimal,2.025720900041051,2.02572150004562,0.0,0,0,16307.555639640112,533.9055933035733,16841.461232943686,16391.182110099897,16925.08770340347,173852.17731547006,0.11562636375266333,52.60364242000636,0.0,0.0,0.0,False,False,False
main,deterministic,deterministic,2025-10-01,74,True,True,0,,,0.7,20.0,optimal,2.025720900041051,2.02572150004562,0.0,0,0,16307.555639640112,533.9055933035733,16841.461232943686,16476.93391332317,17010.839506626744,174209.23758929485,0.0,55.26487578533551,0.0,0.0,0.0,False,False,False
main,deterministic,deterministic,2025-10-01,75,True,True,0,,,0.7,20.0,optimal,2.025720900041051,2.02572150004562,0.0,0,0,16307.555639640112,533.9055933035733,16841.461232943686,16408.25557807635,16942.161171379925,173948.01571152228,0.0,52.38179597925627,0.0,0.0,0.0,False,False,False
main,deterministic,deterministic,2025-10-01,76,True,True,0,,,0.7,20.0,optimal,2.025720900041051,2.02572150004562,0.0,0,0,16307.555639640112,533.9055933035733,16841.461232943686,16451.138846743615,16985.04444004719,173762.70650329368,0.0,53.99938575034523,0.0,0.0,0.0,False,False,False
main,deterministic,deterministic,2025-10-01,77,True,True,0,,,0.7,20.0,optimal,2.025720900041051,2.02572150004562,0.0,0,0,16307.555639640112,533.9055933035733,16841.461232943686,16498.914865397943,17032.820458701517,173735.98260151193,0.23981487273279772,48.399453679468614,0.0,0.0,0.0,False,False,False
main,deterministic,deterministic,2025-10-01,78,True,True,0,,,0.7,20.0,optimal,2.025720900041051,2.02572150004562,0.0,0,0,16307.555639640112,533.9055933035733,16841.461232943686,16379.337975138607,16913.24356844218,173770.29262531488,0.006489844084496488,52.59521869054591,0.0,0.0,0.0,False,False,False
main,deterministic,deterministic,2025-10-01,79,True,True,0,,,0.7,20.0,optimal,2.025720900041051,2.02572150004562,0.0,0,0,16307.555639640112,533.9055933035733,16841.461232943686,16418.142409359843,16952.048002663418,174104.21637541035,0.059885238548099684,49.619102170375804,0.0,0.0,0.0,False,False,False
main,deterministic,deterministic,2025-10-01,80,True,True,0,,,0.7,20.0,optimal,2.025720900041051,2.02572150004562,0.0,0,0,16307.555639640112,533.9055933035733,16841.461232943686,16425.230134568916,16959.13572787249,173945.8295666798,0.0,52.4307671747228,0.0,0.0,0.0,False,False,False
main,deterministic,deterministic,2025-10-01,81,True,True,0,,,0.7,20.0,optimal,2.025720900041051,2.02572150004562,0.0,0,0,16307.555639640112,533.9055933035733,16841.461232943686,16362.16901760531,16896.074610908883,173542.9675452561,0.19390238219186795,62.205000734807136,0.0,0.0,0.0,False,False,False
main,deterministic,deterministic,2025-10-01,82,True,True,0,,,0.7,20.0,optimal,2.025720900041051,2.02572150004562,0.0,0,0,16307.555639640112,533.9055933035733,16841.461232943686,16411.85598080752,16945.761574111093,173999.9077389179,0.0,45.76699618967181,0.0,0.0,0.0,False,False,False
main,deterministic,deterministic,2025-10-01,83,True,True,0,,,0.7,20.0,optimal,2.025720900041051,2.02572150004562,0.0,0,0,16307.555639640112,533.9055933035733,16841.461232943686,16461.067856223806,16994.97344952738,173537.1765335924,0.031985126216907966,48.320160035688275,0.0,0.0,0.0,False,False,False
main,deterministic,deterministic,2025-10-01,84,True,True,0,,,0.7,20.0,optimal,2.025720900041051,2.02572150004562,0.0,0,0,16307.555639640112,533.9055933035733,16841.461232943686,16426.258183575297,16960.16377687887,173876.80073473774,0.4174443728848315,46.24044672142027,0.0,0.0,0.0,False,False,False
main,deterministic,deterministic,2025-10-01,85,True,True,0,,,0.7,20.0,optimal,2.025720900041051,2.02572150004562,0.0,0,0,16307.555639640112,533.9055933035733,16841.461232943686,16484.116938261443,17018.022531565017,173901.31376442814,0.28961402535749026,61.41096965022875,0.0,0.0,0.0,False,False,False
main,deterministic,deterministic,2025-10-01,86,True,True,0,,,0.7,20.0,optimal,2.025720900041051,2.02572150004562,0.0,0,0,16307.555639640112,533.9055933035733,16841.461232943686,16438.128761013875,16972.03435431745,174012.89219483174,0.0,47.26762396866624,0.0,0.0,0.0,False,False,False
main,deterministic,deterministic,2025-10-01,87,True,True,0,,,0.7,20.0,optimal,2.025720900041051,2.02572150004562,0.0,0,0,16307.555639640112,533.9055933035733,16841.461232943686,16395.50496326488,16929.410556568455,173251.81043833445,0.08912355314021791,51.04975719220704,0.0,0.0,0.0,False,False,False
main,deterministic,deterministic,2025-10-01,88,True,True,0,,,0.7,20.0,optimal,2.025720900041051,2.02572150004562,0.0,0,0,16307.555639640112,533.9055933035733,16841.461232943686,16418.499406844436,16952.40500014801,173794.90433259233,0.043471773463390706,58.38875608342577,0.0,0.0,0.0,False,False,False
main,deterministic,deterministic,2025-10-01,89,True,True,0,,,0.7,20.0,optimal,2.025720900041051,2.02572150004562,0.0,0,0,16307.555639640112,533.9055933035733,16841.461232943686,16405.68639629434,16939.591989597913,173471.34133399144,0.0,53.54501497428906,0.0,0.0,0.0,False,False,False
main,deterministic,deterministic,2025-10-01,90,True,True,0,,,0.7,20.0,optimal,2.025720900041051,2.02572150004562,0.0,0,0,16307.555639640112,533.9055933035733,16841.461232943686,16399.675952692454,16933.58154599603,173544.99242053519,0.08912355439285613,56.68398077425378,0.0,0.0,0.0,False,False,False
main,deterministic,deterministic,2025-10-01,91,True,True,0,,,0.7,20.0,optimal,2.025720900041051,2.02572150004562,0.0,0,0,16307.555639640112,533.9055933035733,16841.461232943686,16418.665764294725,16952.5713575983,174016.04425240727,0.48041623794406946,51.36176368999435,0.0,0.0,0.0,False,False,False
main,deterministic,deterministic,2025-10-01,92,True,True,0,,,0.7,20.0,optimal,2.025720900041051,2.02572150004562,0.0,0,0,16307.555639640112,533.9055933035733,16841.461232943686,16391.964358817186,16925.86995212076,173816.49742413274,0.0,39.849200654920615,0.0,0.0,0.0,False,False,False
main,deterministic,deterministic,2025-10-01,93,True,True,0,,,0.7,20.0,optimal,2.025720900041051,2.02572150004562,0.0,0,0,16307.555639640112,533.9055933035733,16841.461232943686,16379.411198582673,16913.316791886245,173840.38952108225,0.23640659032949046,57.98197796053774,0.0,0.0,0.0,False,False,False
main,deterministic,deterministic,2025-10-01,94,True,True,0,,,0.7,20.0,optimal,2.025720900041051,2.02572150004562,0.0,0,0,16307.555639640112,533.9055933035733,16841.461232943686,16467.363007130316,17001.26860043389,173736.5219006478,0.26410414502225493,48.37394723008265,0.0,0.0,0.0,False,False,False
main,deterministic,deterministic,2025-10-01,95,True,True,0,,,0.7,20.0,optimal,2.025720900041051,2.02572150004562,0.0,0,0,16307.555639640112,533.9055933035733,16841.461232943686,16390.97418551091,16924.879778814484,174260.07585231905,0.0,54.748006730661054,0.0,0.0,0.0,False,False,False
main,deterministic,deterministic,2025-10-01,96,True,True,0,,,0.7,20.0,optimal,2.025720900041051,2.02572150004562,0.0,0,0,16307.555639640112,533.9055933035733,16841.461232943686,16424.659078597648,16958.564671901222,173841.04902890607,0.0,49.36536067782118,0.0,0.0,0.0,False,False,False
main,deterministic,deterministic,2025-10-01,97,True,True,0,,,0.7,20.0,optimal,2.025720900041051,2.02572150004562,0.0,0,0,16307.555639640112,533.9055933035733,16841.461232943686,16370.309617378598,16904.21521068217,173623.91417897854,0.0,53.68482049357467,0.0,0.0,0.0,False,False,False
main,deterministic,deterministic,2025-10-01,98,True,True,0,,,0.7,20.0,optimal,2.025720900041051,2.02572150004562,0.0,0,0,16307.555639640112,533.9055933035733,16841.461232943686,16423.67208890291,16957.577682206484,173776.45159035345,0.0,44.184669315486346,0.0,0.0,0.0,False,False,False
main,deterministic,deterministic,2025-10-01,99,True,True,0,,,0.7,20.0,optimal,2.025720900041051,2.02572150004562,0.0,0,0,16307.555639640112,533.9055933035733,16841.461232943686,16360.425234262882,16894.330827566457,173727.53883471998,0.22388760179549516,53.54813419583854,0.0,0.0,0.0,False,False,False
main,saa_n20,saa,2025-01-01,0,True,True,20,,,0.7,20.0,optimal_decomposed,100.9660387999611,100.9649333000416,0.0,1,3,15664.811973990281,174.34157851920816,15839.15355250949,16238.156583524029,16412.498162043237,203335.8387452069,0.0,49.88013452517317,0.0,0.0,0.0,False,False,False
main,saa_n20,saa,2025-01-01,1,True,True,20,,,0.7,20.0,optimal_decomposed,100.9660387999611,100.9649333000416,0.0,1,3,15664.811973990281,174.34157851920816,15839.15355250949,16225.204690751258,16399.546269270464,203425.76127664163,0.0,58.72119085066269,0.0,0.0,0.0,False,False,False
main,saa_n20,saa,2025-01-01,2,True,True,20,,,0.7,20.0,optimal_decomposed,100.9660387999611,100.9649333000416,0.0,1,3,15664.811973990281,174.34157851920816,15839.15355250949,16147.827345089481,16322.16892360869,202322.48254421138,0.0,46.63754154833199,0.0,0.0,0.0,False,False,False
main,saa_n20,saa,2025-01-01,3,True,True,20,,,0.7,20.0,optimal_decomposed,100.9660387999611,100.9649333000416,0.0,1,3,15664.811973990281,174.34157851920816,15839.15355250949,16261.104508089564,16435.446086608772,203359.90869141708,0.0,50.66318557732474,0.0,0.0,0.0,False,False,False
main,saa_n20,saa,2025-01-01,4,True,True,20,,,0.7,20.0,optimal_decomposed,100.9660387999611,100.9649333000416,0.0,1,3,15664.811973990281,174.34157851920816,15839.15355250949,16277.749656036636,16452.091234555843,204189.59413759148,0.0,48.121330601281535,0.0,0.0,0.0,False,False,False
main,saa_n20,saa,2025-01-01,5,True,True,20,,,0.7,20.0,optimal_decomposed,100.9660387999611,100.9649333000416,0.0,1,3,15664.811973990281,174.34157851920816,15839.15355250949,16184.421370081605,16358.762948600814,203083.39378566798,0.0,52.59869571226831,0.0,0.0,0.0,False,False,False
main,saa_n20,saa,2025-01-01,6,True,True,20,,,0.7,20.0,optimal_decomposed,100.9660387999611,100.9649333000416,0.0,1,3,15664.811973990281,174.34157851920816,15839.15355250949,16173.891024170296,16348.232602689504,202969.59212962005,0.0,43.84103624559017,0.0,0.0,0.0,False,False,False
main,saa_n20,saa,2025-01-01,7,True,True,20,,,0.7,20.0,optimal_decomposed,100.9660387999611,100.9649333000416,0.0,1,3,15664.811973990281,174.34157851920816,15839.15355250949,16216.105371753374,16390.44695027258,203026.5465315286,0.06048613500694544,50.16789965861656,0.0,0.0,0.0,False,False,False
main,saa_n20,saa,2025-01-01,8,True,True,20,,,0.7,20.0,optimal_decomposed,100.9660387999611,100.9649333000416,0.0,1,3,15664.811973990281,174.34157851920816,15839.15355250949,16277.468549871443,16451.81012839065,203159.15610176476,0.06048613421339,50.98329234418018,0.0,0.0,0.0,False,False,False
main,saa_n20,saa,2025-01-01,9,True,True,20,,,0.7,20.0,optimal_decomposed,100.9660387999611,100.9649333000416,0.0,1,3,15664.811973990281,174.34157851920816,15839.15355250949,16242.983817999044,16417.325396518252,202787.45720788062,0.0,58.99401757359142,0.0,0.0,0.0,False,False,False
main,saa_n20,saa,2025-01-01,10,True,True,20,,,0.7,20.0,optimal_decomposed,100.9660387999611,100.9649333000416,0.0,1,3,15664.811973990281,174.34157851920816,15839.15355250949,16157.048079534708,16331.389658053917,202596.09878306655,0.0,51.91414304152832,0.0,0.0,0.0,False,False,False
main,saa_n20,saa,2025-01-01,11,True,True,20,,,0.7,20.0,optimal_decomposed,100.9660387999611,100.9649333000416,0.0,1,3,15664.811973990281,174.34157851920816,15839.15355250949,16220.116031029775,16394.457609548983,203282.335475614,0.0,43.445272430096935,0.0,0.0,0.0,False,False,False
main,saa_n20,saa,2025-01-01,12,True,True,20,,,0.7,20.0,optimal_decomposed,100.9660387999611,100.9649333000416,0.0,1,3,15664.811973990281,174.34157851920816,15839.15355250949,16165.301859026651,16339.64343754586,202261.5450248947,0.0,43.54154501204387,0.0,0.0,0.0,False,False,False
main,saa_n20,saa,2025-01-01,13,True,True,20,,,0.7,20.0,optimal_decomposed,100.9660387999611,100.9649333000416,0.0,1,3,15664.811973990281,174.34157851920816,15839.15355250949,16230.542152531068,16404.883731050275,203128.68379468768,0.0,50.287289301187656,0.0,0.0,0.0,False,False,False
main,saa_n20,saa,2025-01-01,14,True,True,20,,,0.7,20.0,optimal_decomposed,100.9660387999611,100.9649333000416,0.0,1,3,15664.811973990281,174.34157851920816,15839.15355250949,16253.293115766357,16427.634694285563,202918.2106620638,0.06048613434030159,50.15366180836101,0.0,0.0,0.0,False,False,False
main,saa_n20,saa,2025-01-01,15,True,True,20,,,0.7,20.0,optimal_decomposed,100.9660387999611,100.9649333000416,0.0,1,3,15664.811973990281,174.34157851920816,15839.15355250949,16200.11913721753,16374.460715736739,203057.41668560842,0.060486135165252586,42.79453903734434,0.0,0.0,0.0,False,False,False
main,saa_n20,saa,2025-01-01,16,True,True,20,,,0.7,20.0,optimal_decomposed,100.9660387999611,100.9649333000416,0.0,1,3,15664.811973990281,174.34157851920816,15839.15355250949,16240.550655091007,16414.892233610215,203602.37407382645,0.0,46.54581342421266,0.0,0.0,0.0,False,False,False
main,saa_n20,saa,2025-01-01,17,True,True,20,,,0.7,20.0,optimal_decomposed,100.9660387999611,100.9649333000416,0.0,1,3,15664.811973990281,174.34157851920816,15839.15355250949,16212.46762507254,16386.809203591747,202448.4517269929,0.0,55.85383913103271,0.0,0.0,0.0,False,False,False
main,saa_n20,saa,2025-01-01,18,True,True,20,,,0.7,20.0,optimal_decomposed,100.9660387999611,100.9649333000416,0.0,1,3,15664.811973990281,174.34157851920816,15839.15355250949,16262.001886798298,16436.343465317506,203455.67799653515,0.0,53.91941509704096,0.0,0.0,0.0,False,False,False
main,saa_n20,saa,2025-01-01,19,True,True,20,,,0.7,20.0,optimal_decomposed,100.9660387999611,100.9649333000416,0.0,1,3,15664.811973990281,174.34157851920816,15839.15355250949,16188.038673617373,16362.380252136581,202892.57246173866,0.06048613524371449,51.874496041156945,0.0,0.0,0.0,False,False,False
main,saa_n20,saa,2025-01-01,20,True,True,20,,,0.7,20.0,optimal_decomposed,100.9660387999611,100.9649333000416,0.0,1,3,15664.811973990281,174.34157851920816,15839.15355250949,16184.220567037035,16358.562145556243,203084.43022226894,0.0,45.645537582920475,0.0,0.0,0.0,False,False,False
main,saa_n20,saa,2025-01-01,21,True,True,20,,,0.7,20.0,optimal_decomposed,100.9660387999611,100.9649333000416,0.0,1,3,15664.811973990281,174.34157851920816,15839.15355250949,16155.69675072979,16330.038329248999,202990.23768217248,0.0,44.96871301821001,0.0,0.0,0.0,False,False,False
main,saa_n20,saa,2025-01-01,22,True,True,20,,,0.7,20.0,optimal_decomposed,100.9660387999611,100.9649333000416,0.0,1,3,15664.811973990281,174.34157851920816,15839.15355250949,16258.433953874377,16432.775532393585,203133.99417883344,0.0,48.294103680576896,0.0,0.0,0.0,False,False,False
main,saa_n20,saa,2025-01-01,23,True,True,20,,,0.7,20.0,optimal_decomposed,100.9660387999611,100.9649333000416,0.0,1,3,15664.811973990281,174.34157851920816,15839.15355250949,16204.67298168214,16379.014560201349,202808.9038864377,0.0,48.772007387475256,0.0,0.0,0.0,False,False,False
main,saa_n20,saa,2025-01-01,24,True,True,20,,,0.7,20.0,optimal_decomposed,100.9660387999611,100.9649333000416,0.0,1,3,15664.811973990281,174.34157851920816,15839.15355250949,16233.177452467124,16407.519030986332,202780.81503355398,0.0,51.47489331713716,0.0,0.0,0.0,False,False,False
main,saa_n20,saa,2025-01-01,25,True,True,20,,,0.7,20.0,optimal_decomposed,100.9660387999611,100.9649333000416,0.0,1,3,15664.811973990281,174.34157851920816,15839.15355250949,16177.836966250434,16352.178544769642,203144.30300795767,0.0,46.62758133196517,0.0,0.0,0.0,False,False,False
main,saa_n20,saa,2025-01-01,26,True,True,20,,,0.7,20.0,optimal_decomposed,100.9660387999611,100.9649333000416,0.0,1,3,15664.811973990281,174.34157851920816,15839.15355250949,16222.160001753506,16396.501580272714,203084.05799360666,0.060486134689203164,54.55386268079887,0.0,0.0,0.0,False,False,False
main,saa_n20,saa,2025-01-01,27,True,True,20,,,0.7,20.0,optimal_decomposed,100.9660387999611,100.9649333000416,0.0,1,3,15664.811973990281,174.34157851920816,15839.15355250949,16223.101474748824,16397.44305326803,202726.0338939494,0.0,51.94744176238495,0.0,0.0,0.0,False,False,False
main,saa_n20,saa,2025-01-01,28,True,True,20,,,0.7,20.0,optimal_decomposed,100.9660387999611,100.9649333000416,0.0,1,3,15664.811973990281,174.34157851920816,15839.15355250949,16200.726048217019,16375.067626736227,203289.92517515557,0.0,42.81485676806243,0.0,0.0,0.0,False,False,False
main,saa_n20,saa,2025-01-01,29,True,True,20,,,0.7,20.0,optimal_decomposed,100.9660387999611,100.9649333000416,0.0,1,3,15664.811973990281,174.34157851920816,15839.15355250949,16108.96984347281,16283.311421992019,202552.6503514608,0.0,38.339137753978136,0.0,0.0,0.0,False,False,False
main,saa_n20,saa,2025-01-01,30,True,True,20,,,0.7,20.0,optimal_decomposed,100.9660387999611,100.9649333000416,0.0,1,3,15664.811973990281,174.34157851920816,15839.15355250949,16225.224097796186,16399.565676315393,203405.6476727943,0.0,42.649441869990284,0.0,0.0,0.0,False,False,False
main,saa_n20,saa,2025-01-01,31,True,True,20,,,0.7,20.0,optimal_decomposed,100.9660387999611,100.9649333000416,0.0,1,3,15664.811973990281,174.34157851920816,15839.15355250949,16182.279640986406,16356.621219505614,203082.13164149306,0.060486135202389324,51.77541290290812,0.0,0.0,0.0,False,False,False
main,saa_n20,saa,2025-01-01,32,True,True,20,,,0.7,20.0,optimal_decomposed,100.9660387999611,100.9649333000416,0.0,1,3,15664.811973990281,174.34157851920816,15839.15355250949,16295.505355094143,16469.84693361335,203507.2355793383,0.0,50.1667622746255,0.0,0.0,0.0,False,False,False
main,saa_n20,saa,2025-01-01,33,True,True,20,,,0.7,20.0,optimal_decomposed,100.9660387999611,100.9649333000416,0.0,1,3,15664.811973990281,174.34157851920816,15839.15355250949,16283.866491524195,16458.2080700434,203276.68649010544,0.0,58.72004496386269,0.0,0.0,0.0,False,False,False
main,saa_n20,saa,2025-01-01,34,True,True,20,,,0.7,20.0,optimal_decomposed,100.9660387999611,100.9649333000416,0.0,1,3,15664.811973990281,174.34157851920816,15839.15355250949,16362.053162442584,16536.39474096179,203727.1467111207,0.0,50.39400194015439,0.0,0.0,0.0,False,False,False
main,saa_n20,saa,2025-01-01,35,True,True,20,,,0.7,20.0,optimal_decomposed,100.9660387999611,100.9649333000416,0.0,1,3,15664.811973990281,174.34157851920816,15839.15355250949,16179.018450236787,16353.360028755995,202852.75968432124,0.0,54.80997702134053,0.0,0.0,0.0,False,False,False
main,saa_n20,saa,2025-01-01,36,True,True,20,,,0.7,20.0,optimal_decomposed,100.9660387999611,100.9649333000416,0.0,1,3,15664.811973990281,174.34157851920816,15839.15355250949,16341.194970314282,16515.53654883349,203770.5588566258,0.0,54.120961163451305,0.0,0.0,0.0,False,False,False
main,saa_n20,saa,2025-01-01,37,True,True,20,,,0.7,20.0,optimal_decomposed,100.9660387999611,100.9649333000416,0.0,1,3,15664.811973990281,174.34157851920816,15839.15355250949,16177.029260254334,16351.370838773542,203587.7115953444,0.0,43.66642241130279,0.0,0.0,0.0,False,False,False
main,saa_n20,saa,2025-01-01,38,True,True,20,,,0.7,20.0,optimal_decomposed,100.9660387999611,100.9649333000416,0.0,1,3,15664.811973990281,174.34157851920816,15839.15355250949,16250.096553254254,16424.438131773462,202973.96354167414,0.0,47.037930001352116,0.0,0.0,0.0,False,False,False
main,saa_n20,saa,2025-01-01,39,True,True,20,,,0.7,20.0,optimal_decomposed,100.9660387999611,100.9649333000416,0.0,1,3,15664.811973990281,174.34157851920816,15839.15355250949,16121.878031859214,16296.219610378423,202609.51916581366,0.0,36.05894604120035,0.0,0.0,0.0,False,False,False
main,saa_n20,saa,2025-01-01,40,True,True,20,,,0.7,20.0,optimal_decomposed,100.9660387999611,100.9649333000416,0.0,1,3,15664.811973990281,174.34157851920816,15839.15355250949,16284.493888511537,16458.835467030745,203302.62421182476,0.0,43.08033970762531,0.0,0.0,0.0,False,False,False
main,saa_n20,saa,2025-01-01,41,True,True,20,,,0.7,20.0,optimal_decomposed,100.9660387999611,100.9649333000416,0.0,1,3,15664.811973990281,174.34157851920816,15839.15355250949,16167.285128713711,16341.62670723292,203040.81041854076,0.0,36.271181700432315,0.0,0.0,0.0,False,False,False
main,saa_n20,saa,2025-01-01,42,True,True,20,,,0.7,20.0,optimal_decomposed,100.9660387999611,100.9649333000416,0.0,1,3,15664.811973990281,174.34157851920816,15839.15355250949,16369.450645414421,16543.79222393363,203799.20794738826,0.060486134213018294,52.78971255162507,0.0,0.0,0.0,False,False,False
main,saa_n20,saa,2025-01-01,43,True,True,20,,,0.7,20.0,optimal_decomposed,100.9660387999611,100.9649333000416,0.0,1,3,15664.811973990281,174.34157851920816,15839.15355250949,16224.332594914575,16398.67417343378,203099.23493714616,0.0,49.65508151967108,0.0,0.0,0.0,False,False,False
main,saa_n20,saa,2025-01-01,44,True,True,20,,,0.7,20.0,optimal_decomposed,100.9660387999611,100.9649333000416,0.0,1,3,15664.811973990281,174.34157851920816,15839.15355250949,16213.171463136845,16387.513041656053,202900.98858955715,0.0,47.757608737135655,0.0,0.0,0.0,False,False,False
main,saa_n20,saa,2025-01-01,45,True,True,20,,,0.7,20.0,optimal_decomposed,100.9660387999611,100.9649333000416,0.0,1,3,15664.811973990281,174.34157851920816,15839.15355250949,16284.800982996634,16459.14256151584,203315.55069937895,0.0,53.57894107166362,0.0,0.0,0.0,False,False,False
main,saa_n20,saa,2025-01-01,46,True,True,20,,,0.7,20.0,optimal_decomposed,100.9660387999611,100.9649333000416,0.0,1,3,15664.811973990281,174.34157851920816,15839.15355250949,16208.663278213196,16383.004856732405,202998.27048733778,0.0,50.01175399590566,0.0,0.0,0.0,False,False,False
main,saa_n20,saa,2025-01-01,47,True,True,20,,,0.7,20.0,optimal_decomposed,100.9660387999611,100.9649333000416,0.0,1,3,15664.811973990281,174.34157851920816,15839.15355250949,16220.302726825232,16394.644305344438,203425.96011729407,0.060486133843578926,49.3350338664416,0.0,0.0,0.0,False,False,False
main,saa_n20,saa,2025-01-01,48,True,True,20,,,0.7,20.0,optimal_decomposed,100.9660387999611,100.9649333000416,0.0,1,3,15664.811973990281,174.34157851920816,15839.15355250949,16245.185793392662,16419.52737191187,203049.163626665,0.0,49.38009217051691,0.0,0.0,0.0,False,False,False
main,saa_n20,saa,2025-01-01,49,True,True,20,,,0.7,20.0,optimal_decomposed,100.9660387999611,100.9649333000416,0.0,1,3,15664.811973990281,174.34157851920816,15839.15355250949,16228.254753557227,16402.596332076435,203053.05240044164,0.0,50.31338075624997,0.0,0.0,0.0,False,False,False
main,saa_n20,saa,2025-01-01,50,True,True,20,,,0.7,20.0,optimal_decomposed,100.9660387999611,100.9649333000416,0.0,1,3,15664.811973990281,174.34157851920816,15839.15355250949,16273.261482472393,16447.6030609916,203150.70224287824,0.0,55.937371359156835,0.0,0.0,0.0,False,False,False
main,saa_n20,saa,2025-01-01,51,True,True,20,,,0.7,20.0,optimal_decomposed,100.9660387999611,100.9649333000416,0.0,1,3,15664.811973990281,174.34157851920816,15839.15355250949,16209.679316548152,16384.02089506736,203351.56882538326,0.0,49.69197408295588,0.0,0.0,0.0,False,False,False
main,saa_n20,saa,2025-01-01,52,True,True,20,,,0.7,20.0,optimal_decomposed,100.9660387999611,100.9649333000416,0.0,1,3,15664.811973990281,174.34157851920816,15839.15355250949,16212.079301275395,16386.4208797946,203243.77673584054,0.0,57.07055625888674,0.0,0.0,0.0,False,False,False
main,saa_n20,saa,2025-01-01,53,True,True,20,,,0.7,20.0,optimal_decomposed,100.9660387999611,100.9649333000416,0.0,1,3,15664.811973990281,174.34157851920816,15839.15355250949,16141.70956687449,16316.051145393698,202981.99952831145,0.0,43.99108760530119,0.0,0.0,0.0,False,False,False
main,saa_n20,saa,2025-01-01,54,True,True,20,,,0.7,20.0,optimal_decomposed,100.9660387999611,100.9649333000416,0.0,1,3,15664.811973990281,174.34157851920816,15839.15355250949,16181.733181447293,16356.074759966501,202680.60585549893,0.0,46.36383914647025,0.0,0.0,0.0,False,False,False
main,saa_n20,saa,2025-01-01,55,True,True,20,,,0.7,20.0,optimal_decomposed,100.9660387999611,100.9649333000416,0.0,1,3,15664.811973990281,174.34157851920816,15839.15355250949,16199.728909597114,16374.070488116322,202977.52665952186,0.0,54.11194080319475,0.0,0.0,0.0,False,False,False
main,saa_n20,saa,2025-01-01,56,True,True,20,,,0.7,20.0,optimal_decomposed,100.9660387999611,100.9649333000416,0.0,1,3,15664.811973990281,174.34157851920816,15839.15355250949,16330.987108360157,16505.328686879366,203590.28534284362,0.0,37.87343361699029,0.0,0.0,0.0,False,False,False
main,saa_n20,saa,2025-01-01,57,True,True,20,,,0.7,20.0,optimal_decomposed,100.9660387999611,100.9649333000416,0.0,1,3,15664.811973990281,174.34157851920816,15839.15355250949,16256.251097907929,16430.592676427135,203270.45422578914,0.0,48.666021780427904,0.0,0.0,0.0,False,False,False
main,saa_n20,saa,2025-01-01,58,True,True,20,,,0.7,20.0,optimal_decomposed,100.9660387999611,100.9649333000416,0.0,1,3,15664.811973990281,174.34157851920816,15839.15355250949,16150.454769464837,16324.796347984045,203266.08193514973,0.0,56.92998881289853,0.0,0.0,0.0,False,False,False
main,saa_n20,saa,2025-01-01,59,True,True,20,,,0.7,20.0,optimal_decomposed,100.9660387999611,100.9649333000416,0.0,1,3,15664.811973990281,174.34157851920816,15839.15355250949,16149.284345870772,16323.62592438998,203151.80401643962,0.06048613524365387,51.156719141983984,0.0,0.0,0.0,False,False,False
main,saa_n20,saa,2025-01-01,60,True,True,20,,,0.7,20.0,optimal_decomposed,100.9660387999611,100.9649333000416,0.0,1,3,15664.811973990281,174.34157851920816,15839.15355250949,16207.227403127974,16381.568981647182,202681.20451540325,0.06048613421205373,51.054038644016956,0.0,0.0,0.0,False,False,False
main,saa_n20,saa,2025-01-01,61,True,True,20,,,0.7,20.0,optimal_decomposed,100.9660387999611,100.9649333000416,0.0,1,3,15664.811973990281,174.34157851920816,15839.15355250949,16260.945173153144,16435.286751672353,202881.10702200167,0.0,38.14148984705524,0.0,0.0,0.0,False,False,False
main,saa_n20,saa,2025-01-01,62,True,True,20,,,0.7,20.0,optimal_decomposed,100.9660387999611,100.9649333000416,0.0,1,3,15664.811973990281,174.34157851920816,15839.15355250949,16191.511981938815,16365.853560458023,202864.89265502302,0.0,55.35976410566954,0.0,0.0,0.0,False,False,False
main,saa_n20,saa,2025-01-01,63,True,True,20,,,0.7,20.0,optimal_decomposed,100.9660387999611,100.9649333000416,0.0,1,3,15664.811973990281,174.34157851920816,15839.15355250949,16157.156433996435,16331.498012515643,202533.83975274186,0.0,53.936318055530776,0.0,0.0,0.0,False,False,False
main,saa_n20,saa,2025-01-01,64,True,True,20,,,0.7,20.0,optimal_decomposed,100.9660387999611,100.9649333000416,0.0,1,3,15664.811973990281,174.34157851920816,15839.15355250949,16184.520859922488,16358.862438441696,202994.7851756748,0.0,47.176537598079705,0.0,0.0,0.0,False,False,False
main,saa_n20,saa,2025-01-01,65,True,True,20,,,0.7,20.0,optimal_decomposed,100.9660387999611,100.9649333000416,0.0,1,3,15664.811973990281,174.34157851920816,15839.15355250949,16148.538391936738,16322.879970455946,202600.70844135637,0.0,53.60994334942079,0.0,0.0,0.0,False,False,False
main,saa_n20,saa,2025-01-01,66,True,True,20,,,0.7,20.0,optimal_decomposed,100.9660387999611,100.9649333000416,0.0,1,3,15664.811973990281,174.34157851920816,15839.15355250949,16169.567765124131,16343.90934364334,203082.44328550593,0.0,56.755754303691404,0.0,0.0,0.0,False,False,False
main,saa_n20,saa,2025-01-01,67,True,True,20,,,0.7,20.0,optimal_decomposed,100.9660387999611,100.9649333000416,0.0,1,3,15664.811973990281,174.34157851920816,15839.15355250949,16223.220012134036,16397.561590653244,203281.70436382352,0.0,49.525510235511575,0.0,0.0,0.0,False,False,False
main,saa_n20,saa,2025-01-01,68,True,True,20,,,0.7,20.0,optimal_decomposed,100.9660387999611,100.9649333000416,0.0,1,3,15664.811973990281,174.34157851920816,15839.15355250949,16305.506510787667,16479.848089306874,203432.6078360718,0.0,53.08639553024531,0.0,0.0,0.0,False,False,False
main,saa_n20,saa,2025-01-01,69,True,True,20,,,0.7,20.0,optimal_decomposed,100.9660387999611,100.9649333000416,0.0,1,3,15664.811973990281,174.34157851920816,15839.15355250949,16201.63626543936,16375.977843958568,202961.18532275024,0.0,51.2192103608659,0.0,0.0,0.0,False,False,False
main,saa_n20,saa,2025-01-01,70,True,True,20,,,0.7,20.0,optimal_decomposed,100.9660387999611,100.9649333000416,0.0,1,3,15664.811973990281,174.34157851920816,15839.15355250949,16113.359132437039,16287.700710956247,202622.12168664168,0.060486134901828637,53.893342852211106,0.0,0.0,0.0,False,False,False
main,saa_n20,saa,2025-01-01,71,True,True,20,,,0.7,20.0,optimal_decomposed,100.9660387999611,100.9649333000416,0.0,1,3,15664.811973990281,174.34157851920816,15839.15355250949,16170.666002471242,16345.00758099045,203270.8262662033,0.0,56.963933228041775,0.0,0.0,0.0,False,False,False
main,saa_n20,saa,2025-01-01,72,True,True,20,,,0.7,20.0,optimal_decomposed,100.9660387999611,100.9649333000416,0.0,1,3,15664.811973990281,174.34157851920816,15839.15355250949,16172.438281992245,16346.779860511453,202514.1162615561,0.06048613516580903,56.85294393912944,0.0,0.0,0.0,False,False,False
main,saa_n20,saa,2025-01-01,73,True,True,20,,,0.7,20.0,optimal_decomposed,100.9660387999611,100.9649333000416,0.0,1,3,15664.811973990281,174.34157851920816,15839.15355250949,16211.483580121807,16385.825158641015,202898.9007957234,0.06048613447323414,50.65093698959741,0.0,0.0,0.0,False,False,False
main,saa_n20,saa,2025-01-01,74,True,True,20,,,0.7,20.0,optimal_decomposed,100.9660387999611,100.9649333000416,0.0,1,3,15664.811973990281,174.34157851920816,15839.15355250949,16234.35640505722,16408.69798357643,203194.08444807812,0.0,51.35368452770921,0.0,0.0,0.0,False,False,False
main,saa_n20,saa,2025-01-01,75,True,True,20,,,0.7,20.0,optimal_decomposed,100.9660387999611,100.9649333000416,0.0,1,3,15664.811973990281,174.34157851920816,15839.15355250949,16219.259583959149,16393.601162478357,203692.6547294447,0.0,51.66896309086054,0.0,0.0,0.0,False,False,False
main,saa_n20,saa,2025-01-01,76,True,True,20,,,0.7,20.0,optimal_decomposed,100.9660387999611,100.9649333000416,0.0,1,3,15664.811973990281,174.34157851920816,15839.15355250949,16182.114020601946,16356.455599121155,202445.4285192623,0.0,51.920776689663995,0.0,0.0,0.0,False,False,False
main,saa_n20,saa,2025-01-01,77,True,True,20,,,0.7,20.0,optimal_decomposed,100.9660387999611,100.9649333000416,0.0,1,3,15664.811973990281,174.34157851920816,15839.15355250949,16181.099747032875,16355.441325552083,202728.90839353943,0.0,46.172177872022054,0.0,0.0,0.0,False,False,False
main,saa_n20,saa,2025-01-01,78,True,True,20,,,0.7,20.0,optimal_decomposed,100.9660387999611,100.9649333000416,0.0,1,3,15664.811973990281,174.34157851920816,15839.15355250949,16159.98981485562,16334.331393374829,202670.53795763684,0.0,48.976631745043896,0.0,0.0,0.0,False,False,False
main,saa_n20,saa,2025-01-01,79,True,True,20,,,0.7,20.0,optimal_decomposed,100.9660387999611,100.9649333000416,0.0,1,3,15664.811973990281,174.34157851920816,15839.15355250949,16246.320297734701,16420.661876253907,203261.06133584995,0.0,48.59551745063762,0.0,0.0,0.0,False,False,False
main,saa_n20,saa,2025-01-01,80,True,True,20,,,0.7,20.0,optimal_decomposed,100.9660387999611,100.9649333000416,0.0,1,3,15664.811973990281,174.34157851920816,15839.15355250949,16179.98717903803,16354.328757557238,203376.7905599152,0.0,47.03755581008846,0.0,0.0,0.0,False,False,False
main,saa_n20,saa,2025-01-01,81,True,True,20,,,0.7,20.0,optimal_decomposed,100.9660387999611,100.9649333000416,0.0,1,3,15664.811973990281,174.34157851920816,15839.15355250949,16241.994259838282,16416.33583835749,203318.94986988357,0.060486133100060346,56.84089027447442,0.0,0.0,0.0,False,False,False
main,saa_n20,saa,2025-01-01,82,True,True,20,,,0.7,20.0,optimal_decomposed,100.9660387999611,100.9649333000416,0.0,1,3,15664.811973990281,174.34157851920816,15839.15355250949,16222.873592350074,16397.21517086928,203017.45979199582,0.0,41.90980381113075,0.0,0.0,0.0,False,False,False
main,saa_n20,saa,2025-01-01,83,True,True,20,,,0.7,20.0,optimal_decomposed,100.9660387999611,100.9649333000416,0.0,1,3,15664.811973990281,174.34157851920816,15839.15355250949,16255.24107983533,16429.58265835454,202596.73916442174,0.0,45.892975664994104,0.0,0.0,0.0,False,False,False
main,saa_n20,saa,2025-01-01,84,True,True,20,,,0.7,20.0,optimal_decomposed,100.9660387999611,100.9649333000416,0.0,1,3,15664.811973990281,174.34157851920816,15839.15355250949,16151.9117074696,16326.253285988809,202825.22963648586,0.0,40.84436941235356,0.0,0.0,0.0,False,False,False
main,saa_n20,saa,2025-01-01,85,True,True,20,,,0.7,20.0,optimal_decomposed,100.9660387999611,100.9649333000416,0.0,1,3,15664.811973990281,174.34157851920816,15839.15355250949,16186.35510798975,16360.696686508958,202583.3201452399,0.0,55.043669700208795,0.0,0.0,0.0,False,False,False
main,saa_n20,saa,2025-01-01,86,True,True,20,,,0.7,20.0,optimal_decomposed,100.9660387999611,100.9649333000416,0.0,1,3,15664.811973990281,174.34157851920816,15839.15355250949,16229.34808288865,16403.689661407858,203457.71489349013,0.0,46.53178415242556,0.0,0.0,0.0,False,False,False
main,saa_n20,saa,2025-01-01,87,True,True,20,,,0.7,20.0,optimal_decomposed,100.9660387999611,100.9649333000416,0.0,1,3,15664.811973990281,174.34157851920816,15839.15355250949,16278.227914169478,16452.569492688686,203036.3308782478,0.0,49.478954847627726,0.0,0.0,0.0,False,False,False
main,saa_n20,saa,2025-01-01,88,True,True,20,,,0.7,20.0,optimal_decomposed,100.9660387999611,100.9649333000416,0.0,1,3,15664.811973990281,174.34157851920816,15839.15355250949,16285.849932054949,16460.191510574157,203656.79381057984,0.06048613421362026,55.19699027477049,0.0,0.0,0.0,False,False,False
main,saa_n20,saa,2025-01-01,89,True,True,20,,,0.7,20.0,optimal_decomposed,100.9660387999611,100.9649333000416,0.0,1,3,15664.811973990281,174.34157851920816,15839.15355250949,16279.060278038003,16453.40185655721,202628.4486438446,0.06048613524408375,49.04578394186179,0.0,0.0,0.0,False,False,False
main,saa_n20,saa,2025-01-01,90,True,True,20,,,0.7,20.0,optimal_decomposed,100.9660387999611,100.9649333000416,0.0,1,3,15664.811973990281,174.34157851920816,15839.15355250949,16209.570550682047,16383.912129201255,203099.3825225606,0.0,53.06745031504936,0.0,0.0,0.0,False,False,False
main,saa_n20,saa,2025-01-01,91,True,True,20,,,0.7,20.0,optimal_decomposed,100.9660387999611,100.9649333000416,0.0,1,3,15664.811973990281,174.34157851920816,15839.15355250949,16308.302287708591,16482.643866227798,203447.75741599972,0.0,48.65670428750167,0.0,0.0,0.0,False,False,False
main,saa_n20,saa,2025-01-01,92,True,True,20,,,0.7,20.0,optimal_decomposed,100.9660387999611,100.9649333000416,0.0,1,3,15664.811973990281,174.34157851920816,15839.15355250949,16201.308158660846,16375.649737180054,202897.99980167963,0.0,42.9575807152676,0.0,0.0,0.0,False,False,False
main,saa_n20,saa,2025-01-01,93,True,True,20,,,0.7,20.0,optimal_decomposed,100.9660387999611,100.9649333000416,0.0,1,3,15664.811973990281,174.34157851920816,15839.15355250949,16271.699152396657,16446.040730915865,203426.8877457575,0.0,51.72147363285234,0.0,0.0,0.0,False,False,False
main,saa_n20,saa,2025-01-01,94,True,True,20,,,0.7,20.0,optimal_decomposed,100.9660387999611,100.9649333000416,0.0,1,3,15664.811973990281,174.34157851920816,15839.15355250949,16121.883051214098,16296.224629733306,202020.4677913173,0.0,45.86006688979055,0.0,0.0,0.0,False,False,False
main,saa_n20,saa,2025-01-01,95,True,True,20,,,0.7,20.0,optimal_decomposed,100.9660387999611,100.9649333000416,0.0,1,3,15664.811973990281,174.34157851920816,15839.15355250949,16113.887735302267,16288.229313821475,202578.73433251242,0.0,49.94806722946105,0.0,0.0,0.0,False,False,False
main,saa_n20,saa,2025-01-01,96,True,True,20,,,0.7,20.0,optimal_decomposed,100.9660387999611,100.9649333000416,0.0,1,3,15664.811973990281,174.34157851920816,15839.15355250949,16164.859598302322,16339.20117682153,202706.60232163622,0.0,47.376346205683156,0.0,0.0,0.0,False,False,False
main,saa_n20,saa,2025-01-01,97,True,True,20,,,0.7,20.0,optimal_decomposed,100.9660387999611,100.9649333000416,0.0,1,3,15664.811973990281,174.34157851920816,15839.15355250949,16188.705322895856,16363.046901415064,202609.87857128927,0.0,50.84020984030638,0.0,0.0,0.0,False,False,False
main,saa_n20,saa,2025-01-01,98,True,True,20,,,0.7,20.0,optimal_decomposed,100.9660387999611,100.9649333000416,0.0,1,3,15664.811973990281,174.34157851920816,15839.15355250949,16234.695301950735,16409.036880469943,203291.9442953429,0.0,42.06001167692998,0.0,0.0,0.0,False,False,False
main,saa_n20,saa,2025-01-01,99,True,True,20,,,0.7,20.0,optimal_decomposed,100.9660387999611,100.9649333000416,0.0,1,3,15664.811973990281,174.34157851920816,15839.15355250949,16259.464138823889,16433.805717343097,203346.57395948414,0.0,53.92675892977543,0.0,0.0,0.0,False,False,False
main,saa_n20,saa,2025-04-01,0,True,True,20,,,0.7,20.0,optimal_decomposed,102.10611649998464,102.10533619998023,0.0,1,3,15462.571691668609,498.33225108842146,15960.90394275703,15804.532056092143,16302.864307180564,125247.1691649703,0.06891199745793897,52.92806675693739,0.0,0.0,0.0,False,False,False
main,saa_n20,saa,2025-04-01,1,True,True,20,,,0.7,20.0,optimal_decomposed,102.10611649998464,102.10533619998023,0.0,1,3,15462.571691668609,498.33225108842146,15960.90394275703,15698.146836144891,16196.479087233312,124292.35561234175,0.11015990594993302,61.68060022188751,0.0,0.0,0.0,False,False,False
main,saa_n20,saa,2025-04-01,2,True,True,20,,,0.7,20.0,optimal_decomposed,102.10611649998464,102.10533619998023,0.0,1,3,15462.571691668609,498.33225108842146,15960.90394275703,15684.79235569737,16183.12460678579,125251.49859695621,0.06491339119308662,48.54403561319195,0.0,0.0,0.0,False,False,False
main,saa_n20,saa,2025-04-01,3,True,True,20,,,0.7,20.0,optimal_decomposed,102.10611649998464,102.10533619998023,0.0,1,3,15462.571691668609,498.33225108842146,15960.90394275703,15777.121113931109,16275.45336501953,125339.76133219284,0.08313477724552809,55.33731967184249,0.0,0.0,0.0,False,False,False
main,saa_n20,saa,2025-04-01,4,True,True,20,,,0.7,20.0,optimal_decomposed,102.10611649998464,102.10533619998023,0.0,1,3,15462.571691668609,498.33225108842146,15960.90394275703,15708.951823890315,16207.284074978736,125554.99854993651,0.0,48.49801324145769,0.0,0.0,0.0,False,False,False
main,saa_n20,saa,2025-04-01,5,True,True,20,,,0.7,20.0,optimal_decomposed,102.10611649998464,102.10533619998023,0.0,1,3,15462.571691668609,498.33225108842146,15960.90394275703,15766.284836358322,16264.617087446743,125436.08090679304,0.10589862137380684,58.52755090373857,0.0,0.0,0.0,False,False,False
main,saa_n20,saa,2025-04-01,6,True,True,20,,,0.7,20.0,optimal_decomposed,102.10611649998464,102.10533619998023,0.0,1,3,15462.571691668609,498.33225108842146,15960.90394275703,15750.78853245602,16249.12078354444,125576.80969875786,0.0,51.27458152001881,0.0,0.0,0.0,False,False,False
main,saa_n20,saa,2025-04-01,7,True,True,20,,,0.7,20.0,optimal_decomposed,102.10611649998464,102.10533619998023,0.0,1,3,15462.571691668609,498.33225108842146,15960.90394275703,15698.631982785095,16196.964233873516,125280.34849045257,0.10465902328988777,51.42364185538182,0.0,0.0,0.0,False,False,False
main,saa_n20,saa,2025-04-01,8,True,True,20,,,0.7,20.0,optimal_decomposed,102.10611649998464,102.10533619998023,0.0,1,3,15462.571691668609,498.33225108842146,15960.90394275703,15691.646942957486,16189.979194045907,124907.70405529444,0.12387474580887703,53.43041628357341,0.0,0.0,0.0,False,False,False
main,saa_n20,saa,2025-04-01,9,True,True,20,,,0.7,20.0,optimal_decomposed,102.10611649998464,102.10533619998023,0.0,1,3,15462.571691668609,498.33225108842146,15960.90394275703,15654.107892372367,16152.440143460788,124866.85457102125,0.19870963667769892,61.60118441897426,0.0,0.0,0.0,False,False,False
main,saa_n20,saa,2025-04-01,10,True,True,20,,,0.7,20.0,optimal_decomposed,102.10611649998464,102.10533619998023,0.0,1,3,15462.571691668609,498.33225108842146,15960.90394275703,15773.431198270171,16271.763449358592,125862.16060292527,0.0,52.7912406091402,0.0,0.0,0.0,False,False,False
main,saa_n20,saa,2025-04-01,11,True,True,20,,,0.7,20.0,optimal_decomposed,102.10611649998464,102.10533619998023,0.0,1,3,15462.571691668609,498.33225108842146,15960.90394275703,15732.344959049158,16230.67721013758,125407.7580359247,0.07823894798910719,43.95225779561964,0.0,0.0,0.0,False,False,False
main,saa_n20,saa,2025-04-01,12,True,True,20,,,0.7,20.0,optimal_decomposed,102.10611649998464,102.10533619998023,0.0,1,3,15462.571691668609,498.33225108842146,15960.90394275703,15810.95027929909,16309.28253038751,125491.96602715098,0.0827169606477047,48.751773375321804,0.0,0.0,0.0,False,False,False
main,saa_n20,saa,2025-04-01,13,True,True,20,,,0.7,20.0,optimal_decomposed,102.10611649998464,102.10533619998023,0.0,1,3,15462.571691668609,498.33225108842146,15960.90394275703,15763.768270495506,16262.100521583927,125070.07315949802,0.1816800050640602,55.1723857196014,0.0,0.0,0.0,False,False,False
main,saa_n20,saa,2025-04-01,14,True,True,20,,,0.7,20.0,optimal_decomposed,102.10611649998464,102.10533619998023,0.0,1,3,15462.571691668609,498.33225108842146,15960.90394275703,15680.747002104,16179.079253192422,125282.704110588,0.0,54.00370205269963,0.0,0.0,0.0,False,False,False
main,saa_n20,saa,2025-04-01,15,True,True,20,,,0.7,20.0,optimal_decomposed,102.10611649998464,102.10533619998023,0.0,1,3,15462.571691668609,498.33225108842146,15960.90394275703,15807.553799913334,16305.886051001755,125285.74038974538,0.07298769596053037,51.129606136674326,0.0,0.0,0.0,False,False,False
main,saa_n20,saa,2025-04-01,16,True,True,20,,,0.7,20.0,optimal_decomposed,102.10611649998464,102.10533619998023,0.0,1,3,15462.571691668609,498.33225108842146,15960.90394275703,15680.218450937055,16178.550702025475,125432.74395009986,0.10113313455098008,47.37318927075522,0.0,0.0,0.0,False,False,False
main,saa_n20,saa,2025-04-01,17,True,True,20,,,0.7,20.0,optimal_decomposed,102.10611649998464,102.10533619998023,0.0,1,3,15462.571691668609,498.33225108842146,15960.90394275703,15770.623505209787,16268.955756298208,125664.85500913569,0.0654041971615717,61.21761879517543,0.0,0.0,0.0,False,False,False
main,saa_n20,saa,2025-04-01,18,True,True,20,,,0.7,20.0,optimal_decomposed,102.10611649998464,102.10533619998023,0.0,1,3,15462.571691668609,498.33225108842146,15960.90394275703,15671.318014531962,16169.650265620383,124848.41399914652,0.12928276157509289,56.53410054874939,0.0,0.0,0.0,False,False,False
main,saa_n20,saa,2025-04-01,19,True,True,20,,,0.7,20.0,optimal_decomposed,102.10611649998464,102.10533619998023,0.0,1,3,15462.571691668609,498.33225108842146,15960.90394275703,15843.65803781897,16341.990288907391,125521.45187441814,0.07691123050333415,52.162974207242996,0.0,0.0,0.0,False,False,False
main,saa_n20,saa,2025-04-01,20,True,True,20,,,0.7,20.0,optimal_decomposed,102.10611649998464,102.10533619998023,0.0,1,3,15462.571691668609,498.33225108842146,15960.90394275703,15762.776940678377,16261.109191766798,125907.01740909976,0.0771422565061339,48.73183068270094,0.0,0.0,0.0,False,False,False
main,saa_n20,saa,2025-04-01,21,True,True,20,,,0.7,20.0,optimal_decomposed,102.10611649998464,102.10533619998023,0.0,1,3,15462.571691668609,498.33225108842146,15960.90394275703,15790.998779574265,16289.331030662686,125647.00444442524,0.10096344848939459,50.895868584348335,0.0,0.0,0.0,False,False,False
main,saa_n20,saa,2025-04-01,22,True,True,20,,,0.7,20.0,optimal_decomposed,102.10611649998464,102.10533619998023,0.0,1,3,15462.571691668609,498.33225108842146,15960.90394275703,15723.938398538641,16222.270649627062,125532.06337092456,0.10250452785650427,53.251220008583026,0.0,0.0,0.0,False,False,False
main,saa_n20,saa,2025-04-01,23,True,True,20,,,0.7,20.0,optimal_decomposed,102.10611649998464,102.10533619998023,0.0,1,3,15462.571691668609,498.33225108842146,15960.90394275703,15672.635935834776,16170.968186923197,124908.79224642806,0.07234752765032565,50.56885754592659,0.0,0.0,0.0,False,False,False
main,saa_n20,saa,2025-04-01,24,True,True,20,,,0.7,20.0,optimal_decomposed,102.10611649998464,102.10533619998023,0.0,1,3,15462.571691668609,498.33225108842146,15960.90394275703,15675.885215607004,16174.217466695425,124683.13048565153,0.22957295493004556,56.77265323286799,0.0,0.0,0.0,False,False,False
main,saa_n20,saa,2025-04-01,25,True,True,20,,,0.7,20.0,optimal_decomposed,102.10611649998464,102.10533619998023,0.0,1,3,15462.571691668609,498.33225108842146,15960.90394275703,15779.818458919088,16278.150710007509,125748.01849866852,0.07852797154835747,49.17330789830975,0.0,0.0,0.0,False,False,False
main,saa_n20,saa,2025-04-01,26,True,True,20,,,0.7,20.0,optimal_decomposed,102.10611649998464,102.10533619998023,0.0,1,3,15462.571691668609,498.33225108842146,15960.90394275703,15743.125534298242,16241.457785386663,125025.57643242538,0.0837414876353604,61.464244050731146,0.0,0.0,0.0,False,False,False
main,saa_n20,saa,2025-04-01,27,True,True,20,,,0.7,20.0,optimal_decomposed,102.10611649998464,102.10533619998023,0.0,1,3,15462.571691668609,498.33225108842146,15960.90394275703,15719.478882099747,16217.811133188168,125089.72643365296,0.07471637243065749,58.23871744631049,0.0,0.0,0.0,False,False,False
main,saa_n20,saa,2025-04-01,28,True,True,20,,,0.7,20.0,optimal_decomposed,102.10611649998464,102.10533619998023,0.0,1,3,15462.571691668609,498.33225108842146,15960.90394275703,15754.706155512911,16253.038406601332,125519.23292855523,0.07458629532041641,43.51465417816846,0.0,0.0,0.0,False,False,False
main,saa_n20,saa,2025-04-01,29,True,True,20,,,0.7,20.0,optimal_decomposed,102.10611649998464,102.10533619998023,0.0,1,3,15462.571691668609,498.33225108842146,15960.90394275703,15805.181416697393,16303.513667785814,125503.35955160757,0.07207673917156551,40.857355857086205,0.0,0.0,0.0,False,False,False
main,saa_n20,saa,2025-04-01,30,True,True,20,,,0.7,20.0,optimal_decomposed,102.10611649998464,102.10533619998023,0.0,1,3,15462.571691668609,498.33225108842146,15960.90394275703,15673.011739641419,16171.34399072984,125239.90176966359,0.0,47.19688146157395,0.0,0.0,0.0,False,False,False
main,saa_n20,saa,2025-04-01,31,True,True,20,,,0.7,20.0,optimal_decomposed,102.10611649998464,102.10533619998023,0.0,1,3,15462.571691668609,498.33225108842146,15960.90394275703,15771.221335539334,16269.553586627755,125582.31373454053,0.07757503512015776,48.66157846762842,0.0,0.0,0.0,False,False,False
main,saa_n20,saa,2025-04-01,32,True,True,20,,,0.7,20.0,optimal_decomposed,102.10611649998464,102.10533619998023,0.0,1,3,15462.571691668609,498.33225108842146,15960.90394275703,15673.388627716795,16171.720878805216,125281.39825128166,0.0,50.467538390563,0.0,0.0,0.0,False,False,False
main,saa_n20,saa,2025-04-01,33,True,True,20,,,0.7,20.0,optimal_decomposed,102.10611649998464,102.10533619998023,0.0,1,3,15462.571691668609,498.33225108842146,15960.90394275703,15681.496409799134,16179.828660887555,124241.35764638842,0.08492602064022634,64.45891887359996,0.0,0.0,0.0,False,False,False
main,saa_n20,saa,2025-04-01,34,True,True,20,,,0.7,20.0,optimal_decomposed,102.10611649998464,102.10533619998023,0.0,1,3,15462.571691668609,498.33225108842146,15960.90394275703,15780.568282611104,16278.900533699525,124819.81070802148,0.07775227960716408,55.56315692446581,0.0,0.0,0.0,False,False,False
main,saa_n20,saa,2025-04-01,35,True,True,20,,,0.7,20.0,optimal_decomposed,102.10611649998464,102.10533619998023,0.0,1,3,15462.571691668609,498.33225108842146,15960.90394275703,15742.383114184055,16240.715365272476,125445.43719188652,0.1359947233716603,58.24191857999623,0.0,0.0,0.0,False,False,False
main,saa_n20,saa,2025-04-01,36,True,True,20,,,0.7,20.0,optimal_decomposed,102.10611649998464,102.10533619998023,0.0,1,3,15462.571691668609,498.33225108842146,15960.90394275703,15735.186473039867,16233.518724128287,124969.49946837581,0.0,61.10550953002511,0.0,0.0,0.0,False,False,False
main,saa_n20,saa,2025-04-01,37,True,True,20,,,0.7,20.0,optimal_decomposed,102.10611649998464,102.10533619998023,0.0,1,3,15462.571691668609,498.33225108842146,15960.90394275703,15777.10795580107,16275.44020688949,125641.22777956788,0.08341002455769214,45.42533192774625,0.0,0.0,0.0,False,False,False
main,saa_n20,saa,2025-04-01,38,True,True,20,,,0.7,20.0,optimal_decomposed,102.10611649998464,102.10533619998023,0.0,1,3,15462.571691668609,498.33225108842146,15960.90394275703,15713.5140513326,16211.846302421021,125189.43541260026,0.06998808323543915,51.26501333030797,0.0,0.0,0.0,False,False,False
main,saa_n20,saa,2025-04-01,39,True,True,20,,,0.7,20.0,optimal_decomposed,102.10611649998464,102.10533619998023,0.0,1,3,15462.571691668609,498.33225108842146,15960.90394275703,15792.021280010702,16290.353531099123,125581.49617683768,0.06921665579963177,44.85418435098355,0.0,0.0,0.0,False,False,False
main,saa_n20,saa,2025-04-01,40,True,True,20,,,0.7,20.0,optimal_decomposed,102.10611649998464,102.10533619998023,0.0,1,3,15462.571691668609,498.33225108842146,15960.90394275703,15694.921915363668,16193.254166452089,125173.85054015543,0.07012288008720446,46.41547044187863,0.0,0.0,0.0,False,False,False
main,saa_n20,saa,2025-04-01,41,True,True,20,,,0.7,20.0,optimal_decomposed,102.10611649998464,102.10533619998023,0.0,1,3,15462.571691668609,498.33225108842146,15960.90394275703,15769.627419760127,16267.959670848548,125541.72662505847,0.0709092048444454,41.302592563405845,0.0,0.0,0.0,False,False,False
main,saa_n20,saa,2025-04-01,42,True,True,20,,,0.7,20.0,optimal_decomposed,102.10611649998464,102.10533619998023,0.0,1,3,15462.571691668609,498.33225108842146,15960.90394275703,15698.782927064898,16197.115178153319,125015.89563928831,0.1263017235563062,57.677484466285954,0.0,0.0,0.0,False,False,False
main,saa_n20,saa,2025-04-01,43,True,True,20,,,0.7,20.0,optimal_decomposed,102.10611649998464,102.10533619998023,0.0,1,3,15462.571691668609,498.33225108842146,15960.90394275703,15687.268186943764,16185.600438032185,125385.7988165181,0.07356694523937143,53.76454846159334,0.0,0.0,0.0,False,False,False
main,saa_n20,saa,2025-04-01,44,True,True,20,,,0.7,20.0,optimal_decomposed,102.10611649998464,102.10533619998023,0.0,1,3,15462.571691668609,498.33225108842146,15960.90394275703,15733.462759431402,16231.795010519823,125464.1200734052,0.0661226044750105,53.58509754085388,0.0,0.0,0.0,False,False,False
main,saa_n20,saa,2025-04-01,45,True,True,20,,,0.7,20.0,optimal_decomposed,102.10611649998464,102.10533619998023,0.0,1,3,15462.571691668609,498.33225108842146,15960.90394275703,15713.732815682786,16212.065066771207,125402.26053637559,0.24537771444113596,56.31289507631661,0.0,0.0,0.0,False,False,False
main,saa_n20,saa,2025-04-01,46,True,True,20,,,0.7,20.0,optimal_decomposed,102.10611649998464,102.10533619998023,0.0,1,3,15462.571691668609,498.33225108842146,15960.90394275703,15809.07550264293,16307.407753731351,125413.00455690778,0.08161885835590346,53.865984358780224,0.0,0.0,0.0,False,False,False
main,saa_n20,saa,2025-04-01,47,True,True,20,,,0.7,20.0,optimal_decomposed,102.10611649998464,102.10533619998023,0.0,1,3,15462.571691668609,498.33225108842146,15960.90394275703,15756.013998212475,16254.346249300896,125366.13113353163,0.2463978986325498,54.33796157082594,0.0,0.0,0.0,False,False,False
main,saa_n20,saa,2025-04-01,48,True,True,20,,,0.7,20.0,optimal_decomposed,102.10611649998464,102.10533619998023,0.0,1,3,15462.571691668609,498.33225108842146,15960.90394275703,15656.45453800606,16154.786789094482,125311.92462524449,0.020963040191412707,52.01387604938014,0.0,0.0,0.0,False,False,False
main,saa_n20,saa,2025-04-01,49,True,True,20,,,0.7,20.0,optimal_decomposed,102.10611649998464,102.10533619998023,0.0,1,3,15462.571691668609,498.33225108842146,15960.90394275703,15753.528688429094,16251.860939517515,125005.40712515471,0.28404989674535097,58.06180983995564,0.0,0.0,0.0,False,False,False
main,saa_n20,saa,2025-04-01,50,True,True,20,,,0.7,20.0,optimal_decomposed,102.10611649998464,102.10533619998023,0.0,1,3,15462.571691668609,498.33225108842146,15960.90394275703,15656.275848032623,16154.608099121044,125187.1551948713,0.08231445084729813,56.86182413855977,0.0,0.0,0.0,False,False,False
main,saa_n20,saa,2025-04-01,51,True,True,20,,,0.7,20.0,optimal_decomposed,102.10611649998464,102.10533619998023,0.0,1,3,15462.571691668609,498.33225108842146,15960.90394275703,15747.472447294913,16245.804698383334,125045.35737072873,0.09560481563629303,54.29546708154075,0.0,0.0,0.0,False,False,False
main,saa_n20,saa,2025-04-01,52,True,True,20,,,0.7,20.0,optimal_decomposed,102.10611649998464,102.10533619998023,0.0,1,3,15462.571691668609,498.33225108842146,15960.90394275703,15743.632559845148,16241.964810933569,125101.57941635633,0.2720806001355651,55.99402509533817,0.0,0.0,0.0,False,False,False
main,saa_n20,saa,2025-04-01,53,True,True,20,,,0.7,20.0,optimal_decomposed,102.10611649998464,102.10533619998023,0.0,1,3,15462.571691668609,498.33225108842146,15960.90394275703,15756.267333331529,16254.59958441995,125593.18454700286,0.0,45.664668717153404,0.0,0.0,0.0,False,False,False
main,saa_n20,saa,2025-04-01,54,True,True,20,,,0.7,20.0,optimal_decomposed,102.10611649998464,102.10533619998023,0.0,1,3,15462.571691668609,498.33225108842146,15960.90394275703,15696.23461182253,16194.566862910951,125378.24602439252,0.06427594484309579,51.62135521506492,0.0,0.0,0.0,False,False,False
main,saa_n20,saa,2025-04-01,55,True,True,20,,,0.7,20.0,optimal_decomposed,102.10611649998464,102.10533619998023,0.0,1,3,15462.571691668609,498.33225108842146,15960.90394275703,15660.69348483701,16159.02573592543,125501.71979558184,0.0,57.474072679370735,0.0,0.0,0.0,False,False,False
main,saa_n20,saa,2025-04-01,56,True,True,20,,,0.7,20.0,optimal_decomposed,102.10611649998464,102.10533619998023,0.0,1,3,15462.571691668609,498.33225108842146,15960.90394275703,15690.2156204905,16188.547871578921,125488.56139667441,0.11645772690836051,39.825158768766784,0.0,0.0,0.0,False,False,False
main,saa_n20,saa,2025-04-01,57,True,True,20,,,0.7,20.0,optimal_decomposed,102.10611649998464,102.10533619998023,0.0,1,3,15462.571691668609,498.33225108842146,15960.90394275703,15715.948784004047,16214.281035092468,124927.51745110033,0.25679027255774567,54.12539677042835,0.0,0.0,0.0,False,False,False
main,saa_n20,saa,2025-04-01,58,True,True,20,,,0.7,20.0,optimal_decomposed,102.10611649998464,102.10533619998023,0.0,1,3,15462.571691668609,498.33225108842146,15960.90394275703,15790.349167094466,16288.681418182887,125428.96277210153,0.10018269572471744,59.55667634242529,0.0,0.0,0.0,False,False,False
main,saa_n20,saa,2025-04-01,59,True,True,20,,,0.7,20.0,optimal_decomposed,102.10611649998464,102.10533619998023,0.0,1,3,15462.571691668609,498.33225108842146,15960.90394275703,15703.859546703023,16202.191797791444,125143.85956776715,0.07746256962233958,53.70804286745831,0.0,0.0,0.0,False,False,False
main,saa_n20,saa,2025-04-01,60,True,True,20,,,0.7,20.0,optimal_decomposed,102.10611649998464,102.10533619998023,0.0,1,3,15462.571691668609,498.33225108842146,15960.90394275703,15660.403139557995,16158.735390646416,125211.8149208948,0.12333044357159295,56.35612695199272,0.0,0.0,0.0,False,False,False
main,saa_n20,saa,2025-04-01,61,True,True,20,,,0.7,20.0,optimal_decomposed,102.10611649998464,102.10533619998023,0.0,1,3,15462.571691668609,498.33225108842146,15960.90394275703,15684.585596987383,16182.917848075804,125433.6107180801,0.06565238916524066,44.70915499633704,0.0,0.0,0.0,False,False,False
main,saa_n20,saa,2025-04-01,62,True,True,20,,,0.7,20.0,optimal_decomposed,102.10611649998464,102.10533619998023,0.0,1,3,15462.571691668609,498.33225108842146,15960.90394275703,15789.03583328375,16287.36808437217,125642.68804079358,0.08003297372652474,56.768248640611326,0.0,0.0,0.0,False,False,False
main,saa_n20,saa,2025-04-01,63,True,True,20,,,0.7,20.0,optimal_decomposed,102.10611649998464,102.10533619998023,0.0,1,3,15462.571691668609,498.33225108842146,15960.90394275703,15819.423208786482,16317.755459874903,125231.04573554223,0.08510384647323646,59.941966719811816,0.0,0.0,0.0,False,False,False
main,saa_n20,saa,2025-04-01,64,True,True,20,,,0.7,20.0,optimal_decomposed,102.10611649998464,102.10533619998023,0.0,1,3,15462.571691668609,498.33225108842146,15960.90394275703,15685.005475038053,16183.337726126474,125567.3755575544,0.18161816546176923,47.75487893051003,0.0,0.0,0.0,False,False,False
main,saa_n20,saa,2025-04-01,65,True,True,20,,,0.7,20.0,optimal_decomposed,102.10611649998464,102.10533619998023,0.0,1,3,15462.571691668609,498.33225108842146,15960.90394275703,15821.936061102258,16320.26831219068,125604.10539906035,0.0,56.74653291829475,0.0,0.0,0.0,False,False,False
main,saa_n20,saa,2025-04-01,66,True,True,20,,,0.7,20.0,optimal_decomposed,102.10611649998464,102.10533619998023,0.0,1,3,15462.571691668609,498.33225108842146,15960.90394275703,15697.751311271057,16196.083562359478,125153.76988426337,0.0,62.12747178640327,0.0,0.0,0.0,False,False,False
main,saa_n20,saa,2025-04-01,67,True,True,20,,,0.7,20.0,optimal_decomposed,102.10611649998464,102.10533619998023,0.0,1,3,15462.571691668609,498.33225108842146,15960.90394275703,15659.861176296828,16158.19342738525,125616.5506185515,0.06055575290679471,56.728977790843764,0.0,0.0,0.0,False,False,False
main,saa_n20,saa,2025-04-01,68,True,True,20,,,0.7,20.0,optimal_decomposed,102.10611649998464,102.10533619998023,0.0,1,3,15462.571691668609,498.33225108842146,15960.90394275703,15580.764625480755,16079.096876569176,124791.66829275286,0.15909708966557257,53.0095172900856,0.0,0.0,0.0,False,False,False
main,saa_n20,saa,2025-04-01,69,True,True,20,,,0.7,20.0,optimal_decomposed,102.10611649998464,102.10533619998023,0.0,1,3,15462.571691668609,498.33225108842146,15960.90394275703,15776.851445195714,16275.183696284135,125185.78655435864,0.0247642204130476,56.37593479237448,0.0,0.0,0.0,False,False,False
main,saa_n20,saa,2025-04-01,70,True,True,20,,,0.7,20.0,optimal_decomposed,102.10611649998464,102.10533619998023,0.0,1,3,15462.571691668609,498.33225108842146,15960.90394275703,15701.220234853541,16199.552485941962,125141.18579693609,0.06648802147722255,59.81878743999329,0.0,0.0,0.0,False,False,False
main,saa_n20,saa,2025-04-01,71,True,True,20,,,0.7,20.0,optimal_decomposed,102.10611649998464,102.10533619998023,0.0,1,3,15462.571691668609,498.33225108842146,15960.90394275703,15725.855128581272,16224.187379669693,125197.75802703238,0.02109864000257544,57.996594223791554,0.0,0.0,0.0,False,False,False
main,saa_n20,saa,2025-04-01,72,True,True,20,,,0.7,20.0,optimal_decomposed,102.10611649998464,102.10533619998023,0.0,1,3,15462.571691668609,498.33225108842146,15960.90394275703,15709.814341817657,16208.146592906078,124745.42684611818,0.12786733678691076,59.265631569560725,0.0,0.0,0.0,False,False,False
main,saa_n20,saa,2025-04-01,73,True,True,20,,,0.7,20.0,optimal_decomposed,102.10611649998464,102.10533619998023,0.0,1,3,15462.571691668609,498.33225108842146,15960.90394275703,15661.660495920329,16159.99274700875,125014.69954207474,0.1224785347222152,52.72194549212311,0.0,0.0,0.0,False,False,False
main,saa_n20,saa,2025-04-01,74,True,True,20,,,0.7,20.0,optimal_decomposed,102.10611649998464,102.10533619998023,0.0,1,3,15462.571691668609,498.33225108842146,15960.90394275703,15662.491960159163,16160.824211247584,125007.68592243208,0.25350535704959903,55.28306693503324,0.0,0.0,0.0,False,False,False
main,saa_n20,saa,2025-04-01,75,True,True,20,,,0.7,20.0,optimal_decomposed,102.10611649998464,102.10533619998023,0.0,1,3,15462.571691668609,498.33225108842146,15960.90394275703,15729.00283613995,16227.335087228372,125519.74158203382,0.10091447243576993,49.825520986541264,0.0,0.0,0.0,False,False,False
main,saa_n20,saa,2025-04-01,76,True,True,20,,,0.7,20.0,optimal_decomposed,102.10611649998464,102.10533619998023,0.0,1,3,15462.571691668609,498.33225108842146,15960.90394275703,15713.200897834124,16211.533148922545,125089.68680409579,0.08434851784438555,53.55236688874273,0.0,0.0,0.0,False,False,False
main,saa_n20,saa,2025-04-01,77,True,True,20,,,0.7,20.0,optimal_decomposed,102.10611649998464,102.10533619998023,0.0,1,3,15462.571691668609,498.33225108842146,15960.90394275703,15738.47398357193,16236.806234660351,125056.23401399661,0.09688603080727382,48.11992046858303,0.0,0.0,0.0,False,False,False
main,saa_n20,saa,2025-04-01,78,True,True,20,,,0.7,20.0,optimal_decomposed,102.10611649998464,102.10533619998023,0.0,1,3,15462.571691668609,498.33225108842146,15960.90394275703,15724.421328761699,16222.75357985012,125660.12937263005,0.07914509195752528,53.2574245307894,0.0,0.0,0.0,False,False,False
main,saa_n20,saa,2025-04-01,79,True,True,20,,,0.7,20.0,optimal_decomposed,102.10611649998464,102.10533619998023,0.0,1,3,15462.571691668609,498.33225108842146,15960.90394275703,15785.683447133651,16284.015698222072,125330.22502913336,0.07153827899826226,49.557507588784745,0.0,0.0,0.0,False,False,False
main,saa_n20,saa,2025-04-01,80,True,True,20,,,0.7,20.0,optimal_decomposed,102.10611649998464,102.10533619998023,0.0,1,3,15462.571691668609,498.33225108842146,15960.90394275703,15753.073540315509,16251.40579140393,125291.68091202987,0.06931368968733909,49.09890714850273,0.0,0.0,0.0,False,False,False
main,saa_n20,saa,2025-04-01,81,True,True,20,,,0.7,20.0,optimal_decomposed,102.10611649998464,102.10533619998023,0.0,1,3,15462.571691668609,498.33225108842146,15960.90394275703,15714.642236803104,16212.974487891524,125077.83568342811,0.0816177258156868,59.79965216432884,0.0,0.0,0.0,False,False,False
main,saa_n20,saa,2025-04-01,82,True,True,20,,,0.7,20.0,optimal_decomposed,102.10611649998464,102.10533619998023,0.0,1,3,15462.571691668609,498.33225108842146,15960.90394275703,15748.14346069293,16246.475711781351,125709.24810897863,0.06898703397715247,45.318799374984366,0.0,0.0,0.0,False,False,False
main,saa_n20,saa,2025-04-01,83,True,True,20,,,0.7,20.0,optimal_decomposed,102.10611649998464,102.10533619998023,0.0,1,3,15462.571691668609,498.33225108842146,15960.90394275703,15711.305962091144,16209.638213179565,124949.36648342232,0.07184237174537716,48.18285250144293,0.0,0.0,0.0,False,False,False
main,saa_n20,saa,2025-04-01,84,True,True,20,,,0.7,20.0,optimal_decomposed,102.10611649998464,102.10533619998023,0.0,1,3,15462.571691668609,498.33225108842146,15960.90394275703,15715.539424893059,16213.87167598148,125159.30860478466,0.07805827682590002,47.59743400747869,0.0,0.0,0.0,False,False,False
main,saa_n20,saa,2025-04-01,85,True,True,20,,,0.7,20.0,optimal_decomposed,102.10611649998464,102.10533619998023,0.0,1,3,15462.571691668609,498.33225108842146,15960.90394275703,15743.416066161828,16241.748317250249,125043.56329523507,0.0,61.471967900091904,0.0,0.0,0.0,False,False,False
main,saa_n20,saa,2025-04-01,86,True,True,20,,,0.7,20.0,optimal_decomposed,102.10611649998464,102.10533619998023,0.0,1,3,15462.571691668609,498.33225108842146,15960.90394275703,15716.512375164797,16214.844626253218,125383.44054671616,0.0814010133197359,45.78007364574034,0.0,0.0,0.0,False,False,False
main,saa_n20,saa,2025-04-01,87,True,True,20,,,0.7,20.0,optimal_decomposed,102.10611649998464,102.10533619998023,0.0,1,3,15462.571691668609,498.33225108842146,15960.90394275703,15676.981783150855,16175.314034239276,125042.02677853125,0.1984778534939597,49.698429779200005,0.0,0.0,0.0,False,False,False
main,saa_n20,saa,2025-04-01,88,True,True,20,,,0.7,20.0,optimal_decomposed,102.10611649998464,102.10533619998023,0.0,1,3,15462.571691668609,498.33225108842146,15960.90394275703,15764.172597637697,16262.504848726117,124957.00726379012,0.0,61.432630514877715,0.0,0.0,0.0,False,False,False
main,saa_n20,saa,2025-04-01,89,True,True,20,,,0.7,20.0,optimal_decomposed,102.10611649998464,102.10533619998023,0.0,1,3,15462.571691668609,498.33225108842146,15960.90394275703,15643.602993815904,16141.935244904325,125129.77953555988,0.06338921447303675,51.08544166874097,0.0,0.0,0.0,False,False,False
main,saa_n20,saa,2025-04-01,90,True,True,20,,,0.7,20.0,optimal_decomposed,102.10611649998464,102.10533619998023,0.0,1,3,15462.571691668609,498.33225108842146,15960.90394275703,15677.912656303744,16176.244907392165,124837.49749617402,0.2545774068459918,58.35066301338792,0.0,0.0,0.0,False,False,False
main,saa_n20,saa,2025-04-01,91,True,True,20,,,0.7,20.0,optimal_decomposed,102.10611649998464,102.10533619998023,0.0,1,3,15462.571691668609,498.33225108842146,15960.90394275703,15724.425984956702,16222.758236045123,125292.58411753557,0.08172937712413747,54.55016516018282,0.0,0.0,0.0,False,False,False
main,saa_n20,saa,2025-04-01,92,True,True,20,,,0.7,20.0,optimal_decomposed,102.10611649998464,102.10533619998023,0.0,1,3,15462.571691668609,498.33225108842146,15960.90394275703,15745.997313782678,16244.3295648711,125302.24501457556,0.08937591999103625,44.434691178943574,0.0,0.0,0.0,False,False,False
main,saa_n20,saa,2025-04-01,93,True,True,20,,,0.7,20.0,optimal_decomposed,102.10611649998464,102.10533619998023,0.0,1,3,15462.571691668609,498.33225108842146,15960.90394275703,15738.631119354786,16236.963370443207,125031.88644304745,0.0,53.13346768956678,0.0,0.0,0.0,False,False,False
main,saa_n20,saa,2025-04-01,94,True,True,20,,,0.7,20.0,optimal_decomposed,102.10611649998464,102.10533619998023,0.0,1,3,15462.571691668609,498.33225108842146,15960.90394275703,15663.056627606775,16161.388878695196,124944.54931494196,0.08350050899050984,49.94250941310397,0.0,0.0,0.0,False,False,False
main,saa_n20,saa,2025-04-01,95,True,True,20,,,0.7,20.0,optimal_decomposed,102.10611649998464,102.10533619998023,0.0,1,3,15462.571691668609,498.33225108842146,15960.90394275703,15699.481091613154,16197.813342701575,125556.55529480732,0.10026019559400054,55.260767633899164,0.0,0.0,0.0,False,False,False
main,saa_n20,saa,2025-04-01,96,True,True,20,,,0.7,20.0,optimal_decomposed,102.10611649998464,102.10533619998023,0.0,1,3,15462.571691668609,498.33225108842146,15960.90394275703,15766.610567837144,16264.942818925565,125549.4886418669,0.10393972346438377,51.91428510953632,0.0,0.0,0.0,False,False,False
main,saa_n20,saa,2025-04-01,97,True,True,20,,,0.7,20.0,optimal_decomposed,102.10611649998464,102.10533619998023,0.0,1,3,15462.571691668609,498.33225108842146,15960.90394275703,15776.415295440614,16274.747546529035,125473.71833662566,0.0,51.02477925878894,0.0,0.0,0.0,False,False,False
main,saa_n20,saa,2025-04-01,98,True,True,20,,,0.7,20.0,optimal_decomposed,102.10611649998464,102.10533619998023,0.0,1,3,15462.571691668609,498.33225108842146,15960.90394275703,15672.738926432945,16171.071177521366,125531.26756350629,0.10109901476514285,45.48018606826953,0.0,0.0,0.0,False,False,False
main,saa_n20,saa,2025-04-01,99,True,True,20,,,0.7,20.0,optimal_decomposed,102.10611649998464,102.10533619998023,0.0,1,3,15462.571691668609,498.33225108842146,15960.90394275703,15747.147700871943,16245.479951960364,125380.78965414163,0.06380615594279082,56.855711126254334,0.0,0.0,0.0,False,False,False
main,saa_n20,saa,2025-07-01,0,True,True,20,,,0.7,20.0,optimal_decomposed,128.1388503999915,128.1380777999293,0.0,1,3,15865.460962360743,295.2709491819237,16160.731911542667,16695.098169756322,16990.369118938244,171877.0593013084,0.0,56.47220847716287,0.0,0.0,0.0,False,False,False
main,saa_n20,saa,2025-07-01,1,True,True,20,,,0.7,20.0,optimal_decomposed,128.1388503999915,128.1380777999293,0.0,1,3,15865.460962360743,295.2709491819237,16160.731911542667,16659.279032368308,16954.54998155023,171230.60088557948,0.2881438016016533,68.28200332602553,0.0,0.0,0.0,False,False,False
main,saa_n20,saa,2025-07-01,2,True,True,20,,,0.7,20.0,optimal_decomposed,128.1388503999915,128.1380777999293,0.0,1,3,15865.460962360743,295.2709491819237,16160.731911542667,16738.610042874512,17033.880992056434,171643.4483981299,0.27762232921205465,52.30996609683814,0.0,0.0,0.0,False,False,False
main,saa_n20,saa,2025-07-01,3,True,True,20,,,0.7,20.0,optimal_decomposed,128.1388503999915,128.1380777999293,0.0,1,3,15865.460962360743,295.2709491819237,16160.731911542667,16705.215233425544,17000.486182607467,171827.27856613483,0.036642528385937845,59.028225155185176,0.0,0.0,0.0,False,False,False
main,saa_n20,saa,2025-07-01,4,True,True,20,,,0.7,20.0,optimal_decomposed,128.1388503999915,128.1380777999293,0.0,1,3,15865.460962360743,295.2709491819237,16160.731911542667,16584.979275401558,16880.25022458348,172138.66428276326,0.0,50.68589960185047,0.0,0.0,0.0,False,False,False
main,saa_n20,saa,2025-07-01,5,True,True,20,,,0.7,20.0,optimal_decomposed,128.1388503999915,128.1380777999293,0.0,1,3,15865.460962360743,295.2709491819237,16160.731911542667,16707.66889233219,17002.93984151411,171814.4245259614,0.0,59.11543399076484,0.0,0.0,0.0,False,False,False
main,saa_n20,saa,2025-07-01,6,True,True,20,,,0.7,20.0,optimal_decomposed,128.1388503999915,128.1380777999293,0.0,1,3,15865.460962360743,295.2709491819237,16160.731911542667,16775.424913428153,17070.695862610075,172052.3312030815,0.0,56.607834528053786,0.0,0.0,0.0,False,False,False
main,saa_n20,saa,2025-07-01,7,True,True,20,,,0.7,20.0,optimal_decomposed,128.1388503999915,128.1380777999293,0.0,1,3,15865.460962360743,295.2709491819237,16160.731911542667,16718.732869368356,17014.003818550278,171931.81467007776,0.22851867166782414,56.038480051508266,0.0,0.0,0.0,False,False,False
main,saa_n20,saa,2025-07-01,8,True,True,20,,,0.7,20.0,optimal_decomposed,128.1388503999915,128.1380777999293,0.0,1,3,15865.460962360743,295.2709491819237,16160.731911542667,16624.76088707339,16920.03183625531,171398.70200812345,0.0,57.961100845538475,0.0,0.0,0.0,False,False,False
main,saa_n20,saa,2025-07-01,9,True,True,20,,,0.7,20.0,optimal_decomposed,128.1388503999915,128.1380777999293,0.0,1,3,15865.460962360743,295.2709491819237,16160.731911542667,16787.808490097,17083.07943927892,171786.9787784892,0.3685496506918079,63.67972124340997,0.0,0.0,0.0,False,False,False
main,saa_n20,saa,2025-07-01,10,True,True,20,,,0.7,20.0,optimal_decomposed,128.1388503999915,128.1380777999293,0.0,1,3,15865.460962360743,295.2709491819237,16160.731911542667,16699.426646681346,16994.69759586327,171649.3697080587,0.0,55.9846509077805,0.0,0.0,0.0,False,False,False
main,saa_n20,saa,2025-07-01,11,True,True,20,,,0.7,20.0,optimal_decomposed,128.1388503999915,128.1380777999293,0.0,1,3,15865.460962360743,295.2709491819237,16160.731911542667,16717.90804344317,17013.178992625093,171735.72951923037,0.0,51.631255337951586,0.0,0.0,0.0,False,False,False
main,saa_n20,saa,2025-07-01,12,True,True,20,,,0.7,20.0,optimal_decomposed,128.1388503999915,128.1380777999293,0.0,1,3,15865.460962360743,295.2709491819237,16160.731911542667,16753.999184236534,17049.270133418457,171166.33753224273,0.14774519141760478,53.37834028569342,0.0,0.0,0.0,False,False,False
main,saa_n20,saa,2025-07-01,13,True,True,20,,,0.7,20.0,optimal_decomposed,128.1388503999915,128.1380777999293,0.0,1,3,15865.460962360743,295.2709491819237,16160.731911542667,16761.547718948306,17056.81866813023,171614.1861010832,0.42730209855218715,57.48833058529107,0.0,0.0,0.0,False,False,False
main,saa_n20,saa,2025-07-01,14,True,True,20,,,0.7,20.0,optimal_decomposed,128.1388503999915,128.1380777999293,0.0,1,3,15865.460962360743,295.2709491819237,16160.731911542667,16685.174497067463,16980.445446249385,171641.4363687517,0.04678949511743413,56.621154683600984,0.0,0.0,0.0,False,False,False
main,saa_n20,saa,2025-07-01,15,True,True,20,,,0.7,20.0,optimal_decomposed,128.1388503999915,128.1380777999293,0.0,1,3,15865.460962360743,295.2709491819237,16160.731911542667,16713.50198949081,17008.772938672733,171354.713668953,0.0,53.61125023250881,0.0,0.0,0.0,False,False,False
main,saa_n20,saa,2025-07-01,16,True,True,20,,,0.7,20.0,optimal_decomposed,128.1388503999915,128.1380777999293,0.0,1,3,15865.460962360743,295.2709491819237,16160.731911542667,16751.06031373875,17046.331262920674,172273.99659748413,0.0,54.973336094178975,0.0,0.0,0.0,False,False,False
main,saa_n20,saa,2025-07-01,17,True,True,20,,,0.7,20.0,optimal_decomposed,128.1388503999915,128.1380777999293,0.0,1,3,15865.460962360743,295.2709491819237,16160.731911542667,16848.35902300452,17143.62997218644,171560.52428552174,0.0,66.1927211642794,0.0,0.0,0.0,False,False,False
main,saa_n20,saa,2025-07-01,18,True,True,20,,,0.7,20.0,optimal_decomposed,128.1388503999915,128.1380777999293,0.0,1,3,15865.460962360743,295.2709491819237,16160.731911542667,16882.119400879372,17177.390350061294,171666.72010680338,0.4265983690338241,59.64238774961927,0.0,0.0,0.0,False,False,False
main,saa_n20,saa,2025-07-01,19,True,True,20,,,0.7,20.0,optimal_decomposed,128.1388503999915,128.1380777999293,0.0,1,3,15865.460962360743,295.2709491819237,16160.731911542667,16705.197424572805,17000.468373754728,171653.7411233039,0.0,58.820317464267596,0.0,0.0,0.0,False,False,False
main,saa_n20,saa,2025-07-01,20,True,True,20,,,0.7,20.0,optimal_decomposed,128.1388503999915,128.1380777999293,0.0,1,3,15865.460962360743,295.2709491819237,16160.731911542667,16752.97828388651,17048.249233068433,172585.15991987032,0.0,53.08736410441584,0.0,0.0,0.0,False,False,False
main,saa_n20,saa,2025-07-01,21,True,True,20,,,0.7,20.0,optimal_decomposed,128.1388503999915,128.1380777999293,0.0,1,3,15865.460962360743,295.2709491819237,16160.731911542667,16665.464777538826,16960.735726720748,171967.48869072562,0.05278366073760632,51.578847080537074,0.0,0.0,0.0,False,False,False
main,saa_n20,saa,2025-07-01,22,True,True,20,,,0.7,20.0,optimal_decomposed,128.1388503999915,128.1380777999293,0.0,1,3,15865.460962360743,295.2709491819237,16160.731911542667,16717.049484956886,17012.32043413881,171525.33352253994,0.0,57.57536983816593,0.0,0.0,0.0,False,False,False
main,saa_n20,saa,2025-07-01,23,True,True,20,,,0.7,20.0,optimal_decomposed,128.1388503999915,128.1380777999293,0.0,1,3,15865.460962360743,295.2709491819237,16160.731911542667,16715.77121454868,17011.042163730603,171519.3358059747,0.30636933607002825,59.08455082843156,0.0,0.0,0.0,False,False,False
main,saa_n20,saa,2025-07-01,24,True,True,20,,,0.7,20.0,optimal_decomposed,128.1388503999915,128.1380777999293,0.0,1,3,15865.460962360743,295.2709491819237,16160.731911542667,16769.672214682625,17064.943163864547,171733.41266496628,0.16938004624706682,64.67916782617799,0.0,0.0,0.0,False,False,False
main,saa_n20,saa,2025-07-01,25,True,True,20,,,0.7,20.0,optimal_decomposed,128.1388503999915,128.1380777999293,0.0,1,3,15865.460962360743,295.2709491819237,16160.731911542667,16723.31045077349,17018.581399955412,172088.64881762487,0.0,49.96320822873164,0.0,0.0,0.0,False,False,False
main,saa_n20,saa,2025-07-01,26,True,True,20,,,0.7,20.0,optimal_decomposed,128.1388503999915,128.1380777999293,0.0,1,3,15865.460962360743,295.2709491819237,16160.731911542667,16706.011805086524,17001.282754268446,171262.29439926535,0.028071673734080593,63.99846140209671,0.0,0.0,0.0,False,False,False
main,saa_n20,saa,2025-07-01,27,True,True,20,,,0.7,20.0,optimal_decomposed,128.1388503999915,128.1380777999293,0.0,1,3,15865.460962360743,295.2709491819237,16160.731911542667,16736.837781715676,17032.1087308976,171211.2825132503,0.026192792260211317,62.09156435643041,0.0,0.0,0.0,False,False,False
main,saa_n20,saa,2025-07-01,28,True,True,20,,,0.7,20.0,optimal_decomposed,128.1388503999915,128.1380777999293,0.0,1,3,15865.460962360743,295.2709491819237,16160.731911542667,16727.198316805734,17022.469265987656,172125.2541576381,0.0,46.37711097262263,0.0,0.0,0.0,False,False,False
main,saa_n20,saa,2025-07-01,29,True,True,20,,,0.7,20.0,optimal_decomposed,128.1388503999915,128.1380777999293,0.0,1,3,15865.460962360743,295.2709491819237,16160.731911542667,16764.56535395789,17059.83630313981,171780.95239501662,0.30415544145556994,47.59671478621481,0.0,0.0,0.0,False,False,False
main,saa_n20,saa,2025-07-01,30,True,True,20,,,0.7,20.0,optimal_decomposed,128.1388503999915,128.1380777999293,0.0,1,3,15865.460962360743,295.2709491819237,16160.731911542667,16601.537358251673,16896.808307433595,171720.0107724438,0.0754583945023578,50.66322004889463,0.0,0.0,0.0,False,False,False
main,saa_n20,saa,2025-07-01,31,True,True,20,,,0.7,20.0,optimal_decomposed,128.1388503999915,128.1380777999293,0.0,1,3,15865.460962360743,295.2709491819237,16160.731911542667,16681.889349908713,16977.160299090636,171398.96551035103,0.11045222389250609,58.71392287956845,0.0,0.0,0.0,False,False,False
main,saa_n20,saa,2025-07-01,32,True,True,20,,,0.7,20.0,optimal_decomposed,128.1388503999915,128.1380777999293,0.0,1,3,15865.460962360743,295.2709491819237,16160.731911542667,16718.680332278644,17013.951281460566,171483.3870858415,0.0,60.47801288323834,0.0,0.0,0.0,False,False,False
main,saa_n20,saa,2025-07-01,33,True,True,20,,,0.7,20.0,optimal_decomposed,128.1388503999915,128.1380777999293,0.0,1,3,15865.460962360743,295.2709491819237,16160.731911542667,16738.24473498669,17033.51568416861,171501.25733520393,0.03323068136725704,68.49981037389286,0.0,0.0,0.0,False,False,False
main,saa_n20,saa,2025-07-01,34,True,True,20,,,0.7,20.0,optimal_decomposed,128.1388503999915,128.1380777999293,0.0,1,3,15865.460962360743,295.2709491819237,16160.731911542667,16672.50684244565,16967.777791627574,171967.9652356581,0.0,58.68195101807601,0.0,0.0,0.0,False,False,False
main,saa_n20,saa,2025-07-01,35,True,True,20,,,0.7,20.0,optimal_decomposed,128.1388503999915,128.1380777999293,0.0,1,3,15865.460962360743,295.2709491819237,16160.731911542667,16770.529468171157,17065.80041735308,171983.52811385013,0.06107627010991834,61.118404350896675,0.0,0.0,0.0,False,False,False
main,saa_n20,saa,2025-07-01,36,True,True,20,,,0.7,20.0,optimal_decomposed,128.1388503999915,128.1380777999293,0.0,1,3,15865.460962360743,295.2709491819237,16160.731911542667,16695.226094799127,16990.49704398105,172172.16945361128,0.0,64.75498601776233,0.0,0.0,0.0,False,False,False
main,saa_n20,saa,2025-07-01,37,True,True,20,,,0.7,20.0,optimal_decomposed,128.1388503999915,128.1380777999293,0.0,1,3,15865.460962360743,295.2709491819237,16160.731911542667,16631.87756772181,16927.148516903733,171804.11459787158,0.0,46.76189699996334,0.0,0.0,0.0,False,False,False
main,saa_n20,saa,2025-07-01,38,True,True,20,,,0.7,20.0,optimal_decomposed,128.1388503999915,128.1380777999293,0.0,1,3,15865.460962360743,295.2709491819237,16160.731911542667,16698.054579763186,16993.325528945108,171512.31449933775,0.04787575187755133,50.27585155101878,0.0,0.0,0.0,False,False,False
main,saa_n20,saa,2025-07-01,39,True,True,20,,,0.7,20.0,optimal_decomposed,128.1388503999915,128.1380777999293,0.0,1,3,15865.460962360743,295.2709491819237,16160.731911542667,16766.570015089932,17061.840964271854,172164.101436072,0.0,48.06101476953403,0.0,0.0,0.0,False,False,False
main,saa_n20,saa,2025-07-01,40,True,True,20,,,0.7,20.0,optimal_decomposed,128.1388503999915,128.1380777999293,0.0,1,3,15865.460962360743,295.2709491819237,16160.731911542667,16721.09149060272,17016.362439784643,171641.78211975598,0.20592979491734675,52.01284648354337,0.0,0.0,0.0,False,False,False
main,saa_n20,saa,2025-07-01,41,True,True,20,,,0.7,20.0,optimal_decomposed,128.1388503999915,128.1380777999293,0.0,1,3,15865.460962360743,295.2709491819237,16160.731911542667,16674.834310007915,16970.105259189837,171720.89792882424,0.0,43.437773136365415,0.0,0.0,0.0,False,False,False
main,saa_n20,saa,2025-07-01,42,True,True,20,,,0.7,20.0,optimal_decomposed,128.1388503999915,128.1380777999293,0.0,1,3,15865.460962360743,295.2709491819237,16160.731911542667,16832.435735310715,17127.706684492638,171475.8287462564,0.13391444921552742,60.98431887518156,0.0,0.0,0.0,False,False,False
main,saa_n20,saa,2025-07-01,43,True,True,20,,,0.7,20.0,optimal_decomposed,128.1388503999915,128.1380777999293,0.0,1,3,15865.460962360743,295.2709491819237,16160.731911542667,16633.79461228425,16929.065561466174,171636.1671754975,0.06791813394755508,53.11068217213321,0.0,0.0,0.0,False,False,False
main,saa_n20,saa,2025-07-01,44,True,True,20,,,0.7,20.0,optimal_decomposed,128.1388503999915,128.1380777999293,0.0,1,3,15865.460962360743,295.2709491819237,16160.731911542667,16754.74339383994,17050.014343021863,172291.09909141815,0.0,55.7653103181084,0.0,0.0,0.0,False,False,False
main,saa_n20,saa,2025-07-01,45,True,True,20,,,0.7,20.0,optimal_decomposed,128.1388503999915,128.1380777999293,0.0,1,3,15865.460962360743,295.2709491819237,16160.731911542667,16704.963041776733,17000.233990958655,171856.42694676152,0.28888978148849476,62.820419481121775,0.0,0.0,0.0,False,False,False
main,saa_n20,saa,2025-07-01,46,True,True,20,,,0.7,20.0,optimal_decomposed,128.1388503999915,128.1380777999293,0.0,1,3,15865.460962360743,295.2709491819237,16160.731911542667,16855.825417909324,17151.096367091246,171873.3398773131,0.0,57.86255665947063,0.0,0.0,0.0,False,False,False
main,saa_n20,saa,2025-07-01,47,True,True,20,,,0.7,20.0,optimal_decomposed,128.1388503999915,128.1380777999293,0.0,1,3,15865.460962360743,295.2709491819237,16160.731911542667,16842.896974070914,17138.167923252837,172041.66060188517,0.37309947087827267,57.695131249731396,0.0,0.0,0.0,False,False,False
main,saa_n20,saa,2025-07-01,48,True,True,20,,,0.7,20.0,optimal_decomposed,128.1388503999915,128.1380777999293,0.0,1,3,15865.460962360743,295.2709491819237,16160.731911542667,16650.404170262227,16945.67511944415,171918.36808200678,0.00251048509982843,55.589596479829524,0.0,0.0,0.0,False,False,False
main,saa_n20,saa,2025-07-01,49,True,True,20,,,0.7,20.0,optimal_decomposed,128.1388503999915,128.1380777999293,0.0,1,3,15865.460962360743,295.2709491819237,16160.731911542667,16713.20721027324,17008.478159455164,172083.47337152183,0.13699193631501272,60.987819824025344,0.0,0.0,0.0,False,False,False
main,saa_n20,saa,2025-07-01,50,True,True,20,,,0.7,20.0,optimal_decomposed,128.1388503999915,128.1380777999293,0.0,1,3,15865.460962360743,295.2709491819237,16160.731911542667,16638.06104652109,16933.33199570301,171667.04598680494,0.04078895558649542,63.57253260090542,0.0,0.0,0.0,False,False,False
main,saa_n20,saa,2025-07-01,51,True,True,20,,,0.7,20.0,optimal_decomposed,128.1388503999915,128.1380777999293,0.0,1,3,15865.460962360743,295.2709491819237,16160.731911542667,16695.258757956384,16990.529707138307,171583.56525484068,0.0,58.31831277270263,0.0,0.0,0.0,False,False,False
main,saa_n20,saa,2025-07-01,52,True,True,20,,,0.7,20.0,optimal_decomposed,128.1388503999915,128.1380777999293,0.0,1,3,15865.460962360743,295.2709491819237,16160.731911542667,16731.348219078605,17026.619168260528,171898.36578555967,0.23520007834096446,61.889470186492794,0.0,0.0,0.0,False,False,False
main,saa_n20,saa,2025-07-01,53,True,True,20,,,0.7,20.0,optimal_decomposed,128.1388503999915,128.1380777999293,0.0,1,3,15865.460962360743,295.2709491819237,16160.731911542667,16853.955925245104,17149.226874427026,172337.5664699569,0.0,50.580696708549574,0.0,0.0,0.0,False,False,False
main,saa_n20,saa,2025-07-01,54,True,True,20,,,0.7,20.0,optimal_decomposed,128.1388503999915,128.1380777999293,0.0,1,3,15865.460962360743,295.2709491819237,16160.731911542667,16898.208682474888,17193.47963165681,171916.4159119288,0.0,56.109280667059394,0.0,0.0,0.0,False,False,False
main,saa_n20,saa,2025-07-01,55,True,True,20,,,0.7,20.0,optimal_decomposed,128.1388503999915,128.1380777999293,0.0,1,3,15865.460962360743,295.2709491819237,16160.731911542667,16669.895593018842,16965.166542200765,171599.60412345064,0.0,61.90681564604168,0.0,0.0,0.0,False,False,False
main,saa_n20,saa,2025-07-01,56,True,True,20,,,0.7,20.0,optimal_decomposed,128.1388503999915,128.1380777999293,0.0,1,3,15865.460962360743,295.2709491819237,16160.731911542667,16705.164001670197,17000.43495085212,171940.08062947012,0.0,46.42870148039928,0.0,0.0,0.0,False,False,False
main,saa_n20,saa,2025-07-01,57,True,True,20,,,0.7,20.0,optimal_decomposed,128.1388503999915,128.1380777999293,0.0,1,3,15865.460962360743,295.2709491819237,16160.731911542667,16726.166566806674,17021.437515988597,172076.26875032147,0.37216387039895915,54.957683940364355,0.0,0.0,0.0,False,False,False
main,saa_n20,saa,2025-07-01,58,True,True,20,,,0.7,20.0,optimal_decomposed,128.1388503999915,128.1380777999293,0.0,1,3,15865.460962360743,295.2709491819237,16160.731911542667,16659.684844119212,16954.955793301135,171727.07229930686,0.0,63.41911686264232,0.0,0.0,0.0,False,False,False
main,saa_n20,saa,2025-07-01,59,True,True,20,,,0.7,20.0,optimal_decomposed,128.1388503999915,128.1380777999293,0.0,1,3,15865.460962360743,295.2709491819237,16160.731911542667,16683.412173176283,16978.683122358205,171775.6378007612,0.0,60.490180143748255,0.0,0.0,0.0,False,False,False
main,saa_n20,saa,2025-07-01,60,True,True,20,,,0.7,20.0,optimal_decomposed,128.1388503999915,128.1380777999293,0.0,1,3,15865.460962360743,295.2709491819237,16160.731911542667,16688.520516031196,16983.79146521312,171941.49498353698,0.0634812228970737,57.235247051211644,0.0,0.0,0.0,False,False,False
main,saa_n20,saa,2025-07-01,61,True,True,20,,,0.7,20.0,optimal_decomposed,128.1388503999915,128.1380777999293,0.0,1,3,15865.460962360743,295.2709491819237,16160.731911542667,16706.767501096525,17002.038450278447,171827.08360313647,0.0,44.77883383177368,0.0,0.0,0.0,False,False,False
main,saa_n20,saa,2025-07-01,62,True,True,20,,,0.7,20.0,optimal_decomposed,128.1388503999915,128.1380777999293,0.0,1,3,15865.460962360743,295.2709491819237,16160.731911542667,16713.856093044004,17009.127042225926,171761.1606479011,0.0,61.98930858237941,0.0,0.0,0.0,False,False,False
main,saa_n20,saa,2025-07-01,63,True,True,20,,,0.7,20.0,optimal_decomposed,128.1388503999915,128.1380777999293,0.0,1,3,15865.460962360743,295.2709491819237,16160.731911542667,16778.839415623475,17074.110364805398,171633.54151040025,0.2949766667362902,65.60032928258103,0.0,0.0,0.0,False,False,False
main,saa_n20,saa,2025-07-01,64,True,True,20,,,0.7,20.0,optimal_decomposed,128.1388503999915,128.1380777999293,0.0,1,3,15865.460962360743,295.2709491819237,16160.731911542667,16687.191465450942,16982.462414632864,171486.39958844797,0.22951431274153333,55.069904129493175,0.0,0.0,0.0,False,False,False
main,saa_n20,saa,2025-07-01,65,True,True,20,,,0.7,20.0,optimal_decomposed,128.1388503999915,128.1380777999293,0.0,1,3,15865.460962360743,295.2709491819237,16160.731911542667,16823.482658634883,17118.753607816805,171659.84756806743,0.0,56.909529235048694,0.0,0.0,0.0,False,False,False
main,saa_n20,saa,2025-07-01,66,True,True,20,,,0.7,20.0,optimal_decomposed,128.1388503999915,128.1380777999293,0.0,1,3,15865.460962360743,295.2709491819237,16160.731911542667,16683.007900060064,16978.278849241986,171724.79738873197,0.2622050513512636,66.42818796160168,0.0,0.0,0.0,False,False,False
main,saa_n20,saa,2025-07-01,67,True,True,20,,,0.7,20.0,optimal_decomposed,128.1388503999915,128.1380777999293,0.0,1,3,15865.460962360743,295.2709491819237,16160.731911542667,16666.836516915777,16962.1074660977,172227.78487240555,0.0,53.242768635017015,0.0,0.0,0.0,False,False,False
main,saa_n20,saa,2025-07-01,68,True,True,20,,,0.7,20.0,optimal_decomposed,128.1388503999915,128.1380777999293,0.0,1,3,15865.460962360743,295.2709491819237,16160.731911542667,16700.527350375232,16995.798299557155,171633.12876465215,0.3321259446719812,56.716642996062916,0.0,0.0,0.0,False,False,False
main,saa_n20,saa,2025-07-01,69,True,True,20,,,0.7,20.0,optimal_decomposed,128.1388503999915,128.1380777999293,0.0,1,3,15865.460962360743,295.2709491819237,16160.731911542667,16871.482106028583,17166.753055210505,171406.2572901335,0.0,59.12796288889693,0.0,0.0,0.0,False,False,False
main,saa_n20,saa,2025-07-01,70,True,True,20,,,0.7,20.0,optimal_decomposed,128.1388503999915,128.1380777999293,0.0,1,3,15865.460962360743,295.2709491819237,16160.731911542667,16672.695375230443,16967.966324412366,171774.11018689745,0.0,61.387902005369895,0.0,0.0,0.0,False,False,False
main,saa_n20,saa,2025-07-01,71,True,True,20,,,0.7,20.0,optimal_decomposed,128.1388503999915,128.1380777999293,0.0,1,3,15865.460962360743,295.2709491819237,16160.731911542667,16645.29976752384,16940.570716705763,171717.19181958318,0.0,67.76184190792982,0.0,0.0,0.0,False,False,False
main,saa_n20,saa,2025-07-01,72,True,True,20,,,0.7,20.0,optimal_decomposed,128.1388503999915,128.1380777999293,0.0,1,3,15865.460962360743,295.2709491819237,16160.731911542667,16693.302280245545,16988.573229427468,170941.03371078765,0.0,63.910359986859184,0.0,0.0,0.0,False,False,False
main,saa_n20,saa,2025-07-01,73,True,True,20,,,0.7,20.0,optimal_decomposed,128.1388503999915,128.1380777999293,0.0,1,3,15865.460962360743,295.2709491819237,16160.731911542667,16649.145772069718,16944.41672125164,171608.7567594377,0.0,58.289422701719616,0.0,0.0,0.0,False,False,False
main,saa_n20,saa,2025-07-01,74,True,True,20,,,0.7,20.0,optimal_decomposed,128.1388503999915,128.1380777999293,0.0,1,3,15865.460962360743,295.2709491819237,16160.731911542667,16770.434977451223,17065.705926633145,172478.4536242814,0.3506864264997146,59.11376386153159,0.0,0.0,0.0,False,False,False
main,saa_n20,saa,2025-07-01,75,True,True,20,,,0.7,20.0,optimal_decomposed,128.1388503999915,128.1380777999293,0.0,1,3,15865.460962360743,295.2709491819237,16160.731911542667,16709.87787845282,17005.14882763474,172099.01029528587,0.27693677008395823,58.12379905046193,0.0,0.0,0.0,False,False,False
main,saa_n20,saa,2025-07-01,76,True,True,20,,,0.7,20.0,optimal_decomposed,128.1388503999915,128.1380777999293,0.0,1,3,15865.460962360743,295.2709491819237,16160.731911542667,16740.037616033635,17035.308565215557,171411.2681084969,0.2979287414313573,56.88761847550094,0.0,0.0,0.0,False,False,False
main,saa_n20,saa,2025-07-01,77,True,True,20,,,0.7,20.0,optimal_decomposed,128.1388503999915,128.1380777999293,0.0,1,3,15865.460962360743,295.2709491819237,16160.731911542667,16791.06756839713,17086.338517579054,171174.91267859202,0.0,54.80754188167643,0.0,0.0,0.0,False,False,False
main,saa_n20,saa,2025-07-01,78,True,True,20,,,0.7,20.0,optimal_decomposed,128.1388503999915,128.1380777999293,0.0,1,3,15865.460962360743,295.2709491819237,16160.731911542667,16646.405346375945,16941.676295557867,171650.23764934659,0.05021067762633058,60.123752392876035,0.0,0.0,0.0,False,False,False
main,saa_n20,saa,2025-07-01,79,True,True,20,,,0.7,20.0,optimal_decomposed,128.1388503999915,128.1380777999293,0.0,1,3,15865.460962360743,295.2709491819237,16160.731911542667,16765.087749400136,17060.35869858206,171694.69305886238,0.03782642907093381,53.935387909829274,0.0,0.0,0.0,False,False,False
main,saa_n20,saa,2025-07-01,80,True,True,20,,,0.7,20.0,optimal_decomposed,128.1388503999915,128.1380777999293,0.0,1,3,15865.460962360743,295.2709491819237,16160.731911542667,16720.65100910944,17015.92195829136,171512.26236309155,0.04855438622043162,56.535331902655145,0.0,0.0,0.0,False,False,False
main,saa_n20,saa,2025-07-01,81,True,True,20,,,0.7,20.0,optimal_decomposed,128.1388503999915,128.1380777999293,0.0,1,3,15865.460962360743,295.2709491819237,16160.731911542667,16662.791771613014,16958.062720794936,171602.08162529368,0.02592736227718695,66.71234608170974,0.0,0.0,0.0,False,False,False
main,saa_n20,saa,2025-07-01,82,True,True,20,,,0.7,20.0,optimal_decomposed,128.1388503999915,128.1380777999293,0.0,1,3,15865.460962360743,295.2709491819237,16160.731911542667,16687.13022686459,16982.40117604651,172157.77216871336,0.052041332910148674,47.14396908521425,0.0,0.0,0.0,False,False,False
main,saa_n20,saa,2025-07-01,83,True,True,20,,,0.7,20.0,optimal_decomposed,128.1388503999915,128.1380777999293,0.0,1,3,15865.460962360743,295.2709491819237,16160.731911542667,16707.410661400503,17002.681610582425,171416.59560929576,0.0,56.33485326451623,0.0,0.0,0.0,False,False,False
main,saa_n20,saa,2025-07-01,84,True,True,20,,,0.7,20.0,optimal_decomposed,128.1388503999915,128.1380777999293,0.0,1,3,15865.460962360743,295.2709491819237,16160.731911542667,16687.262589530903,16982.533538712825,171481.5386784076,0.0,55.163688966055986,0.0,0.0,0.0,False,False,False
main,saa_n20,saa,2025-07-01,85,True,True,20,,,0.7,20.0,optimal_decomposed,128.1388503999915,128.1380777999293,0.0,1,3,15865.460962360743,295.2709491819237,16160.731911542667,16698.982358538422,16994.253307720344,171354.4136629194,0.033167878673088125,66.87961918584342,0.0,0.0,0.0,False,False,False
main,saa_n20,saa,2025-07-01,86,True,True,20,,,0.7,20.0,optimal_decomposed,128.1388503999915,128.1380777999293,0.0,1,3,15865.460962360743,295.2709491819237,16160.731911542667,16773.570038347436,17068.84098752936,171779.80785499982,0.0,50.46259662916832,0.0,0.0,0.0,False,False,False
main,saa_n20,saa,2025-07-01,87,True,True,20,,,0.7,20.0,optimal_decomposed,128.1388503999915,128.1380777999293,0.0,1,3,15865.460962360743,295.2709491819237,16160.731911542667,16743.701434144135,17038.972383326058,171694.67658568485,0.4113522244558041,56.32905246396173,0.0,0.0,0.0,False,False,False
main,saa_n20,saa,2025-07-01,88,True,True,20,,,0.7,20.0,optimal_decomposed,128.1388503999915,128.1380777999293,0.0,1,3,15865.460962360743,295.2709491819237,16160.731911542667,16738.574032162338,17033.84498134426,171522.19511627845,0.03155851761395334,65.22086859508295,0.0,0.0,0.0,False,False,False
main,saa_n20,saa,2025-07-01,89,True,True,20,,,0.7,20.0,optimal_decomposed,128.1388503999915,128.1380777999293,0.0,1,3,15865.460962360743,295.2709491819237,16160.731911542667,16733.69660006307,17028.967549244993,171495.4209312602,0.0,57.01131146450817,0.0,0.0,0.0,False,False,False
main,saa_n20,saa,2025-07-01,90,True,True,20,,,0.7,20.0,optimal_decomposed,128.1388503999915,128.1380777999293,0.0,1,3,15865.460962360743,295.2709491819237,16160.731911542667,16724.978761394806,17020.24971057673,172122.84389769673,0.34455138277791253,60.554218530270695,0.0,0.0,0.0,False,False,False
main,saa_n20,saa,2025-07-01,91,True,True,20,,,0.7,20.0,optimal_decomposed,128.1388503999915,128.1380777999293,0.0,1,3,15865.460962360743,295.2709491819237,16160.731911542667,16649.631399492082,16944.902348674004,171569.9911963911,0.0,55.99055774548062,0.0,0.0,0.0,False,False,False
main,saa_n20,saa,2025-07-01,92,True,True,20,,,0.7,20.0,optimal_decomposed,128.1388503999915,128.1380777999293,0.0,1,3,15865.460962360743,295.2709491819237,16160.731911542667,16728.162191708205,17023.433140890127,171988.53835043975,0.0,45.68067544235089,0.0,0.0,0.0,False,False,False
main,saa_n20,saa,2025-07-01,93,True,True,20,,,0.7,20.0,optimal_decomposed,128.1388503999915,128.1380777999293,0.0,1,3,15865.460962360743,295.2709491819237,16160.731911542667,16723.58018282589,17018.85113200781,171802.44318467367,0.28307498569186773,57.365435162713666,0.0,0.0,0.0,False,False,False
main,saa_n20,saa,2025-07-01,94,True,True,20,,,0.7,20.0,optimal_decomposed,128.1388503999915,128.1380777999293,0.0,1,3,15865.460962360743,295.2709491819237,16160.731911542667,16713.320976386673,17008.591925568595,171328.00363827325,0.024668601253840627,51.88355416998777,0.0,0.0,0.0,False,False,False
main,saa_n20,saa,2025-07-01,95,True,True,20,,,0.7,20.0,optimal_decomposed,128.1388503999915,128.1380777999293,0.0,1,3,15865.460962360743,295.2709491819237,16160.731911542667,16718.256305846815,17013.527255028737,172451.6523356591,0.0,58.10344361783629,0.0,0.0,0.0,False,False,False
main,saa_n20,saa,2025-07-01,96,True,True,20,,,0.7,20.0,optimal_decomposed,128.1388503999915,128.1380777999293,0.0,1,3,15865.460962360743,295.2709491819237,16160.731911542667,16752.483593863664,17047.754543045587,171763.30936592893,0.0,55.45538376952058,0.0,0.0,0.0,False,False,False
main,saa_n20,saa,2025-07-01,97,True,True,20,,,0.7,20.0,optimal_decomposed,128.1388503999915,128.1380777999293,0.0,1,3,15865.460962360743,295.2709491819237,16160.731911542667,16698.68385514355,16993.954804325473,171705.99759187826,0.04743277520958966,54.70342336070365,0.0,0.0,0.0,False,False,False
main,saa_n20,saa,2025-07-01,98,True,True,20,,,0.7,20.0,optimal_decomposed,128.1388503999915,128.1380777999293,0.0,1,3,15865.460962360743,295.2709491819237,16160.731911542667,16685.53177165208,16980.802720834003,171927.02345254374,0.0,46.78953571455291,0.0,0.0,0.0,False,False,False
main,saa_n20,saa,2025-07-01,99,True,True,20,,,0.7,20.0,optimal_decomposed,128.1388503999915,128.1380777999293,0.0,1,3,15865.460962360743,295.2709491819237,16160.731911542667,16642.102464305997,16937.37341348792,171882.49550418113,0.0,59.652225771516264,0.0,0.0,0.0,False,False,False
main,saa_n20,saa,2025-10-01,0,True,True,20,,,0.7,20.0,optimal_decomposed,141.94572640000843,141.94311029999517,0.0,1,3,16307.555639640119,533.9055933035776,16841.461232943697,16360.874179020902,16894.77977232448,173767.0749847656,0.013608122107350962,53.2114564112,0.0,0.0,0.0,False,False,False
main,saa_n20,saa,2025-10-01,1,True,True,20,,,0.7,20.0,optimal_decomposed,141.94572640000843,141.94311029999517,0.0,1,3,16307.555639640119,533.9055933035776,16841.461232943697,16429.26637177851,16963.17196508209,173428.00446823554,0.08075567690177232,62.468059784668036,0.0,0.0,0.0,False,False,False
main,saa_n20,saa,2025-10-01,2,True,True,20,,,0.7,20.0,optimal_decomposed,141.94572640000843,141.94311029999517,0.0,1,3,16307.555639640119,533.9055933035776,16841.461232943697,16348.895691734058,16882.801285037636,173587.49729354616,0.0,47.274627853209786,0.0,0.0,0.0,False,False,False
main,saa_n20,saa,2025-10-01,3,True,True,20,,,0.7,20.0,optimal_decomposed,141.94572640000843,141.94311029999517,0.0,1,3,16307.555639640119,533.9055933035776,16841.461232943697,16407.031840337506,16940.937433641084,173751.20544752912,0.0,56.35963314549902,0.0,0.0,0.0,False,False,False
main,saa_n20,saa,2025-10-01,4,True,True,20,,,0.7,20.0,optimal_decomposed,141.94572640000843,141.94311029999517,0.0,1,3,16307.555639640119,533.9055933035776,16841.461232943697,16397.580050711793,16931.48564401537,174192.50960824316,0.09159632470749313,48.11044812825963,0.0,0.0,0.0,False,False,False
main,saa_n20,saa,2025-10-01,5,True,True,20,,,0.7,20.0,optimal_decomposed,141.94572640000843,141.94311029999517,0.0,1,3,16307.555639640119,533.9055933035776,16841.461232943697,16406.961751861603,16940.86734516518,173704.31197364707,0.0,56.23975917445583,0.0,0.0,0.0,False,False,False
main,saa_n20,saa,2025-10-01,6,True,True,20,,,0.7,20.0,optimal_decomposed,141.94572640000843,141.94311029999517,0.0,1,3,16307.555639640119,533.9055933035776,16841.461232943697,16478.065536046382,17011.97112934996,174305.70355925162,0.0,48.33089535713506,0.0,0.0,0.0,False,False,False
main,saa_n20,saa,2025-10-01,7,True,True,20,,,0.7,20.0,optimal_decomposed,141.94572640000843,141.94311029999517,0.0,1,3,16307.555639640119,533.9055933035776,16841.461232943697,16424.83949199351,16958.745085297087,174029.93738669535,0.0,49.96711040662511,0.0,0.0,0.0,False,False,False
main,saa_n20,saa,2025-10-01,8,True,True,20,,,0.7,20.0,optimal_decomposed,141.94572640000843,141.94311029999517,0.0,1,3,16307.555639640119,533.9055933035776,16841.461232943697,16318.565813360749,16852.471406664325,173164.97101371567,0.02622289851461823,50.086340902808466,0.0,0.0,0.0,False,False,False
main,saa_n20,saa,2025-10-01,9,True,True,20,,,0.7,20.0,optimal_decomposed,141.94572640000843,141.94311029999517,0.0,1,3,16307.555639640119,533.9055933035776,16841.461232943697,16433.983707497347,16967.889300800925,173651.58832041282,0.0,61.4085350782539,0.0,0.0,0.0,False,False,False
main,saa_n20,saa,2025-10-01,10,True,True,20,,,0.7,20.0,optimal_decomposed,141.94572640000843,141.94311029999517,0.0,1,3,16307.555639640119,533.9055933035776,16841.461232943697,16384.855753490367,16918.761346793945,173782.96696585623,0.0,54.25263067543457,0.0,0.0,0.0,False,False,False
main,saa_n20,saa,2025-10-01,11,True,True,20,,,0.7,20.0,optimal_decomposed,141.94572640000843,141.94311029999517,0.0,1,3,16307.555639640119,533.9055933035776,16841.461232943697,16408.65041127619,16942.55600457977,174196.54199112428,0.0,47.70614003260948,0.0,0.0,0.0,False,False,False
main,saa_n20,saa,2025-10-01,12,True,True,20,,,0.7,20.0,optimal_decomposed,141.94572640000843,141.94311029999517,0.0,1,3,16307.555639640119,533.9055933035776,16841.461232943697,16356.973523999673,16890.87911730325,173217.14400842684,0.0,45.78111587078398,0.0,0.0,0.0,False,False,False
main,saa_n20,saa,2025-10-01,13,True,True,20,,,0.7,20.0,optimal_decomposed,141.94572640000843,141.94311029999517,0.0,1,3,16307.555639640119,533.9055933035776,16841.461232943697,16399.926337635836,16933.831930939414,173196.5657144826,0.0,53.108248282675575,0.0,0.0,0.0,False,False,False
main,saa_n20,saa,2025-10-01,14,True,True,20,,,0.7,20.0,optimal_decomposed,141.94572640000843,141.94311029999517,0.0,1,3,16307.555639640119,533.9055933035776,16841.461232943697,16459.733947609504,16993.639540913082,174444.79123468502,0.0,50.9491055735053,0.0,0.0,0.0,False,False,False
main,saa_n20,saa,2025-10-01,15,True,True,20,,,0.7,20.0,optimal_decomposed,141.94572640000843,141.94311029999517,0.0,1,3,16307.555639640119,533.9055933035776,16841.461232943697,16438.022293913065,16971.927887216643,173797.0882114521,0.0,45.57177044559952,0.0,0.0,0.0,False,False,False
main,saa_n20,saa,2025-10-01,16,True,True,20,,,0.7,20.0,optimal_decomposed,141.94572640000843,141.94311029999517,0.0,1,3,16307.555639640119,533.9055933035776,16841.461232943697,16433.43001590871,16967.33560921229,174634.09427364834,0.0,47.896670536482524,0.0,0.0,0.0,False,False,False
main,saa_n20,saa,2025-10-01,17,True,True,20,,,0.7,20.0,optimal_decomposed,141.94572640000843,141.94311029999517,0.0,1,3,16307.555639640119,533.9055933035776,16841.461232943697,16438.030304188633,16971.93589749221,173952.76160937222,0.0,60.84908559646128,0.0,0.0,0.0,False,False,False
main,saa_n20,saa,2025-10-01,18,True,True,20,,,0.7,20.0,optimal_decomposed,141.94572640000843,141.94311029999517,0.0,1,3,16307.555639640119,533.9055933035776,16841.461232943697,16427.090258463464,16960.995851767042,173637.76116098353,0.0,55.46386132087785,0.0,0.0,0.0,False,False,False
main,saa_n20,saa,2025-10-01,19,True,True,20,,,0.7,20.0,optimal_decomposed,141.94572640000843,141.94311029999517,0.0,1,3,16307.555639640119,533.9055933035776,16841.461232943697,16367.98347929044,16901.88907259402,173495.00067884297,0.003740566585872074,51.38372964753362,0.0,0.0,0.0,False,False,False
main,saa_n20,saa,2025-10-01,20,True,True,20,,,0.7,20.0,optimal_decomposed,141.94572640000843,141.94311029999517,0.0,1,3,16307.555639640119,533.9055933035776,16841.461232943697,16381.142452813898,16915.048046117474,174497.11975441824,0.0,49.40490635474128,0.0,0.0,0.0,False,False,False
main,saa_n20,saa,2025-10-01,21,True,True,20,,,0.7,20.0,optimal_decomposed,141.94572640000843,141.94311029999517,0.0,1,3,16307.555639640119,533.9055933035776,16841.461232943697,16382.845271552986,16916.750864856564,173606.27000240076,0.0,45.9139717055797,0.0,0.0,0.0,False,False,False
main,saa_n20,saa,2025-10-01,22,True,True,20,,,0.7,20.0,optimal_decomposed,141.94572640000843,141.94311029999517,0.0,1,3,16307.555639640119,533.9055933035776,16841.461232943697,16394.661387348715,16928.566980652293,173763.74093352174,0.0,50.10457738041557,0.0,0.0,0.0,False,False,False
main,saa_n20,saa,2025-10-01,23,True,True,20,,,0.7,20.0,optimal_decomposed,141.94572640000843,141.94311029999517,0.0,1,3,16307.555639640119,533.9055933035776,16841.461232943697,16488.390768465088,17022.296361768666,174120.89341512052,0.0,49.28929823672592,0.0,0.0,0.0,False,False,False
main,saa_n20,saa,2025-10-01,24,True,True,20,,,0.7,20.0,optimal_decomposed,141.94572640000843,141.94311029999517,0.0,1,3,16307.555639640119,533.9055933035776,16841.461232943697,16441.64238028489,16975.54797358847,173836.30917162992,0.0,57.901752012395555,0.0,0.0,0.0,False,False,False
main,saa_n20,saa,2025-10-01,25,True,True,20,,,0.7,20.0,optimal_decomposed,141.94572640000843,141.94311029999517,0.0,1,3,16307.555639640119,533.9055933035776,16841.461232943697,16403.561789287764,16937.46738259134,174141.24193893396,0.0,45.313771332299154,0.0,0.0,0.0,False,False,False
main,saa_n20,saa,2025-10-01,26,True,True,20,,,0.7,20.0,optimal_decomposed,141.94572640000843,141.94311029999517,0.0,1,3,16307.555639640119,533.9055933035776,16841.461232943697,16420.231038217284,16954.13663152086,173732.1558219617,0.0,58.39349140559882,0.0,0.0,0.0,False,False,False
main,saa_n20,saa,2025-10-01,27,True,True,20,,,0.7,20.0,optimal_decomposed,141.94572640000843,141.94311029999517,0.0,1,3,16307.555639640119,533.9055933035776,16841.461232943697,16426.419154826224,16960.324748129802,173919.42710601367,0.0,55.05148029975753,0.0,0.0,0.0,False,False,False
main,saa_n20,saa,2025-10-01,28,True,True,20,,,0.7,20.0,optimal_decomposed,141.94572640000843,141.94311029999517,0.0,1,3,16307.555639640119,533.9055933035776,16841.461232943697,16445.894100102974,16979.799693406552,174362.97051744198,0.0,42.17698313142488,0.0,0.0,0.0,False,False,False
main,saa_n20,saa,2025-10-01,29,True,True,20,,,0.7,20.0,optimal_decomposed,141.94572640000843,141.94311029999517,0.0,1,3,16307.555639640119,533.9055933035776,16841.461232943697,16386.95660443475,16920.862197738326,173749.59902450728,0.0,40.00435153366774,0.0,0.0,0.0,False,False,False
main,saa_n20,saa,2025-10-01,30,True,True,20,,,0.7,20.0,optimal_decomposed,141.94572640000843,141.94311029999517,0.0,1,3,16307.555639640119,533.9055933035776,16841.461232943697,16294.828532110207,16828.734125413783,173193.67307529494,0.09632064202832091,46.776664269748416,0.0,0.0,0.0,False,False,False
main,saa_n20,saa,2025-10-01,31,True,True,20,,,0.7,20.0,optimal_decomposed,141.94572640000843,141.94311029999517,0.0,1,3,16307.555639640119,533.9055933035776,16841.461232943697,16355.573535796142,16889.47912909972,173709.9441847302,0.0,50.47387263941558,0.0,0.0,0.0,False,False,False
main,saa_n20,saa,2025-10-01,32,True,True,20,,,0.7,20.0,optimal_decomposed,141.94572640000843,141.94311029999517,0.0,1,3,16307.555639640119,533.9055933035776,16841.461232943697,16432.753488785384,16966.65908208896,174154.3945846385,0.0,54.49122775292047,0.0,0.0,0.0,False,False,False
main,saa_n20,saa,2025-10-01,33,True,True,20,,,0.7,20.0,optimal_decomposed,141.94572640000843,141.94311029999517,0.0,1,3,16307.555639640119,533.9055933035776,16841.461232943697,16440.460144159722,16974.3657374633,173487.391116766,0.0,62.869451956507966,0.0,0.0,0.0,False,False,False
main,saa_n20,saa,2025-10-01,34,True,True,20,,,0.7,20.0,optimal_decomposed,141.94572640000843,141.94311029999517,0.0,1,3,16307.555639640119,533.9055933035776,16841.461232943697,16426.36532898895,16960.27092229253,173648.963742859,0.09114892357695781,52.31795808455846,0.0,0.0,0.0,False,False,False
main,saa_n20,saa,2025-10-01,35,True,True,20,,,0.7,20.0,optimal_decomposed,141.94572640000843,141.94311029999517,0.0,1,3,16307.555639640119,533.9055933035776,16841.461232943697,16435.060380469804,16968.965973773382,174000.02448345514,0.0,54.92348918282987,0.0,0.0,0.0,False,False,False
main,saa_n20,saa,2025-10-01,36,True,True,20,,,0.7,20.0,optimal_decomposed,141.94572640000843,141.94311029999517,0.0,1,3,16307.555639640119,533.9055933035776,16841.461232943697,16502.50916249514,17036.414755798716,174508.85949057003,0.0,57.89779851954104,0.0,0.0,0.0,False,False,False
main,saa_n20,saa,2025-10-01,37,True,True,20,,,0.7,20.0,optimal_decomposed,141.94572640000843,141.94311029999517,0.0,1,3,16307.555639640119,533.9055933035776,16841.461232943697,16383.270747823955,16917.17634112753,173993.33020943124,0.08857484877558108,44.77335858555455,0.0,0.0,0.0,False,False,False
main,saa_n20,saa,2025-10-01,38,True,True,20,,,0.7,20.0,optimal_decomposed,141.94572640000843,141.94311029999517,0.0,1,3,16307.555639640119,533.9055933035776,16841.461232943697,16395.891797897257,16929.797391200835,173956.5872516883,0.0,49.02035106852588,0.0,0.0,0.0,False,False,False
main,saa_n20,saa,2025-10-01,39,True,True,20,,,0.7,20.0,optimal_decomposed,141.94572640000843,141.94311029999517,0.0,1,3,16307.555639640119,533.9055933035776,16841.461232943697,16422.639430358828,16956.545023662406,174009.0629001412,0.0,41.659566274466165,0.0,0.0,0.0,False,False,False
main,saa_n20,saa,2025-10-01,40,True,True,20,,,0.7,20.0,optimal_decomposed,141.94572640000843,141.94311029999517,0.0,1,3,16307.555639640119,533.9055933035776,16841.461232943697,16458.420835604393,16992.32642890797,174122.51419095474,0.0,43.23033784844289,0.0,0.0,0.0,False,False,False
main,saa_n20,saa,2025-10-01,41,True,True,20,,,0.7,20.0,optimal_decomposed,141.94572640000843,141.94311029999517,0.0,1,3,16307.555639640119,533.9055933035776,16841.461232943697,16366.423928971122,16900.3295222747,173558.42612233871,0.0,38.617950303944454,0.0,0.0,0.0,False,False,False
main,saa_n20,saa,2025-10-01,42,True,True,20,,,0.7,20.0,optimal_decomposed,141.94572640000843,141.94311029999517,0.0,1,3,16307.555639640119,533.9055933035776,16841.461232943697,16469.84196054142,17003.747553844998,173928.2082225984,0.0,54.132283866898625,0.0,0.0,0.0,False,False,False
main,saa_n20,saa,2025-10-01,43,True,True,20,,,0.7,20.0,optimal_decomposed,141.94572640000843,141.94311029999517,0.0,1,3,16307.555639640119,533.9055933035776,16841.461232943697,16320.619213289643,16854.52480659322,173186.54954841986,0.0,53.17071881069447,0.0,0.0,0.0,False,False,False
main,saa_n20,saa,2025-10-01,44,True,True,20,,,0.7,20.0,optimal_decomposed,141.94572640000843,141.94311029999517,0.0,1,3,16307.555639640119,533.9055933035776,16841.461232943697,16408.9812808518,16942.886874155378,174127.1593586569,0.0,52.702268843449595,0.0,0.0,0.0,False,False,False
main,saa_n20,saa,2025-10-01,45,True,True,20,,,0.7,20.0,optimal_decomposed,141.94572640000843,141.94311029999517,0.0,1,3,16307.555639640119,533.9055933035776,16841.461232943697,16416.469487270042,16950.37508057362,173787.16672736077,0.0,55.66562219887402,0.0,0.0,0.0,False,False,False
main,saa_n20,saa,2025-10-01,46,True,True,20,,,0.7,20.0,optimal_decomposed,141.94572640000843,141.94311029999517,0.0,1,3,16307.555639640119,533.9055933035776,16841.461232943697,16430.49940356758,16964.40499687116,173907.85864954875,0.0,53.134141514127656,0.0,0.0,0.0,False,False,False
main,saa_n20,saa,2025-10-01,47,True,True,20,,,0.7,20.0,optimal_decomposed,141.94572640000843,141.94311029999517,0.0,1,3,16307.555639640119,533.9055933035776,16841.461232943697,16420.342481155425,16954.248074459003,174101.65265125054,0.0,51.20293334738482,0.0,0.0,0.0,False,False,False
main,saa_n20,saa,2025-10-01,48,True,True,20,,,0.7,20.0,optimal_decomposed,141.94572640000843,141.94311029999517,0.0,1,3,16307.555639640119,533.9055933035776,16841.461232943697,16347.873940548308,16881.779533851884,173797.49864610916,0.0925609196874686,52.230513059695966,0.0,0.0,0.0,False,False,False
main,saa_n20,saa,2025-10-01,49,True,True,20,,,0.7,20.0,optimal_decomposed,141.94572640000843,141.94311029999517,0.0,1,3,16307.555639640119,533.9055933035776,16841.461232943697,16461.236952060703,16995.14254536428,173868.01289731107,0.0,56.69162814112822,0.0,0.0,0.0,False,False,False
main,saa_n20,saa,2025-10-01,50,True,True,20,,,0.7,20.0,optimal_decomposed,141.94572640000843,141.94311029999517,0.0,1,3,16307.555639640119,533.9055933035776,16841.461232943697,16449.293935862523,16983.1995291661,174496.92113527007,0.0,57.95655454232263,0.0,0.0,0.0,False,False,False
main,saa_n20,saa,2025-10-01,51,True,True,20,,,0.7,20.0,optimal_decomposed,141.94572640000843,141.94311029999517,0.0,1,3,16307.555639640119,533.9055933035776,16841.461232943697,16357.587731245781,16891.49332454936,173484.49941706297,0.026222899528779653,52.02969534637773,0.0,0.0,0.0,False,False,False
main,saa_n20,saa,2025-10-01,52,True,True,20,,,0.7,20.0,optimal_decomposed,141.94572640000843,141.94311029999517,0.0,1,3,16307.555639640119,533.9055933035776,16841.461232943697,16402.784689009288,16936.690282312866,173869.59761542123,0.0,58.303981732660674,0.0,0.0,0.0,False,False,False
main,saa_n20,saa,2025-10-01,53,True,True,20,,,0.7,20.0,optimal_decomposed,141.94572640000843,141.94311029999517,0.0,1,3,16307.555639640119,533.9055933035776,16841.461232943697,16397.28271989883,16931.18831320241,174174.87696713477,0.0,49.459044085780306,0.0,0.0,0.0,False,False,False
main,saa_n20,saa,2025-10-01,54,True,True,20,,,0.7,20.0,optimal_decomposed,141.94572640000843,141.94311029999517,0.0,1,3,16307.555639640119,533.9055933035776,16841.461232943697,16428.486654894252,16962.39224819783,174048.8398171895,0.0,50.878751413991324,0.0,0.0,0.0,False,False,False
main,saa_n20,saa,2025-10-01,55,True,True,20,,,0.7,20.0,optimal_decomposed,141.94572640000843,141.94311029999517,0.0,1,3,16307.555639640119,533.9055933035776,16841.461232943697,16415.59919815426,16949.50479145784,174057.6989248037,0.0,57.50156905116784,0.0,0.0,0.0,False,False,False
main,saa_n20,saa,2025-10-01,56,True,True,20,,,0.7,20.0,optimal_decomposed,141.94572640000843,141.94311029999517,0.0,1,3,16307.555639640119,533.9055933035776,16841.461232943697,16480.012144809894,17013.917738113472,174099.86427316643,0.0,40.49353859035258,0.0,0.0,0.0,False,False,False
main,saa_n20,saa,2025-10-01,57,True,True,20,,,0.7,20.0,optimal_decomposed,141.94572640000843,141.94311029999517,0.0,1,3,16307.555639640119,533.9055933035776,16841.461232943697,16414.060467690575,16947.966060994153,173959.59657129543,0.0,51.33546448838509,0.0,0.0,0.0,False,False,False
main,saa_n20,saa,2025-10-01,58,True,True,20,,,0.7,20.0,optimal_decomposed,141.94572640000843,141.94311029999517,0.0,1,3,16307.555639640119,533.9055933035776,16841.461232943697,16406.726033296174,16940.631626599752,173429.42789140926,0.09068059060655576,60.4303149513703,0.0,0.0,0.0,False,False,False
main,saa_n20,saa,2025-10-01,59,True,True,20,,,0.7,20.0,optimal_decomposed,141.94572640000843,141.94311029999517,0.0,1,3,16307.555639640119,533.9055933035776,16841.461232943697,16391.518333061496,16925.423926365074,174132.5841678896,0.0,53.94768396913927,0.0,0.0,0.0,False,False,False
main,saa_n20,saa,2025-10-01,60,True,True,20,,,0.7,20.0,optimal_decomposed,141.94572640000843,141.94311029999517,0.0,1,3,16307.555639640119,533.9055933035776,16841.461232943697,16381.876295717966,16915.781889021542,173843.38033818276,0.026222900924450787,50.82463868950656,0.0,0.0,0.0,False,False,False
main,saa_n20,saa,2025-10-01,61,True,True,20,,,0.7,20.0,optimal_decomposed,141.94572640000843,141.94311029999517,0.0,1,3,16307.555639640119,533.9055933035776,16841.461232943697,16429.187249491428,16963.092842795006,173904.37273589845,0.0,40.03447567528856,0.0,0.0,0.0,False,False,False
main,saa_n20,saa,2025-10-01,62,True,True,20,,,0.7,20.0,optimal_decomposed,141.94572640000843,141.94311029999517,0.0,1,3,16307.555639640119,533.9055933035776,16841.461232943697,16442.100872957853,16976.00646626143,174037.97702604547,0.0,56.57791083957272,0.0,0.0,0.0,False,False,False
main,saa_n20,saa,2025-10-01,63,True,True,20,,,0.7,20.0,optimal_decomposed,141.94572640000843,141.94311029999517,0.0,1,3,16307.555639640119,533.9055933035776,16841.461232943697,16416.655509103894,16950.56110240747,173651.9336095886,0.0,58.14239252954879,0.0,0.0,0.0,False,False,False
main,saa_n20,saa,2025-10-01,64,True,True,20,,,0.7,20.0,optimal_decomposed,141.94572640000843,141.94311029999517,0.0,1,3,16307.555639640119,533.9055933035776,16841.461232943697,16404.90907141058,16938.81466471416,173830.78033786517,0.0,47.87221286201713,0.0,0.0,0.0,False,False,False
main,saa_n20,saa,2025-10-01,65,True,True,20,,,0.7,20.0,optimal_decomposed,141.94572640000843,141.94311029999517,0.0,1,3,16307.555639640119,533.9055933035776,16841.461232943697,16412.347778643823,16946.2533719474,173813.86939235625,0.0,57.01402607427681,0.0,0.0,0.0,False,False,False
main,saa_n20,saa,2025-10-01,66,True,True,20,,,0.7,20.0,optimal_decomposed,141.94572640000843,141.94311029999517,0.0,1,3,16307.555639640119,533.9055933035776,16841.461232943697,16383.753406684915,16917.658999988493,173735.91517749068,0.0,60.239244143258325,0.0,0.0,0.0,False,False,False
main,saa_n20,saa,2025-10-01,67,True,True,20,,,0.7,20.0,optimal_decomposed,141.94572640000843,141.94311029999517,0.0,1,3,16307.555639640119,533.9055933035776,16841.461232943697,16408.32059623547,16942.226189539047,174530.0016851686,0.0,51.49709797210847,0.0,0.0,0.0,False,False,False
main,saa_n20,saa,2025-10-01,68,True,True,20,,,0.7,20.0,optimal_decomposed,141.94572640000843,141.94311029999517,0.0,1,3,16307.555639640119,533.9055933035776,16841.461232943697,16406.977460631853,16940.88305393543,173921.4659309986,0.02622289610562123,54.65479286998495,0.0,0.0,0.0,False,False,False
main,saa_n20,saa,2025-10-01,69,True,True,20,,,0.7,20.0,optimal_decomposed,141.94572640000843,141.94311029999517,0.0,1,3,16307.555639640119,533.9055933035776,16841.461232943697,16436.808294060367,16970.713887363945,173644.46673232262,0.0,56.087828236978766,0.0,0.0,0.0,False,False,False
main,saa_n20,saa,2025-10-01,70,True,True,20,,,0.7,20.0,optimal_decomposed,141.94572640000843,141.94311029999517,0.0,1,3,16307.555639640119,533.9055933035776,16841.461232943697,16435.178888953884,16969.08448225746,174259.7431238887,0.0,55.678091874911004,0.0,0.0,0.0,False,False,False
main,saa_n20,saa,2025-10-01,71,True,True,20,,,0.7,20.0,optimal_decomposed,141.94572640000843,141.94311029999517,0.0,1,3,16307.555639640119,533.9055933035776,16841.461232943697,16361.725196097095,16895.63078940067,173489.65500433883,0.11688103905587699,60.024864601406506,0.0,0.0,0.0,False,False,False
main,saa_n20,saa,2025-10-01,72,True,True,20,,,0.7,20.0,optimal_decomposed,141.94572640000843,141.94311029999517,0.0,1,3,16307.555639640119,533.9055933035776,16841.461232943697,16397.35577958142,16931.261372884997,173341.25935675038,0.02622290062566557,57.80646142337544,0.0,0.0,0.0,False,False,False
main,saa_n20,saa,2025-10-01,73,True,True,20,,,0.7,20.0,optimal_decomposed,141.94572640000843,141.94311029999517,0.0,1,3,16307.555639640119,533.9055933035776,16841.461232943697,16384.976958036466,16918.882551340044,173744.31984843963,0.0,52.173134487065056,0.0,0.0,0.0,False,False,False
main,saa_n20,saa,2025-10-01,74,True,True,20,,,0.7,20.0,optimal_decomposed,141.94572640000843,141.94311029999517,0.0,1,3,16307.555639640119,533.9055933035776,16841.461232943697,16473.73061809258,17007.63621139616,174286.2266709902,0.0,54.033028362585064,0.0,0.0,0.0,False,False,False
main,saa_n20,saa,2025-10-01,75,True,True,20,,,0.7,20.0,optimal_decomposed,141.94572640000843,141.94311029999517,0.0,1,3,16307.555639640119,533.9055933035776,16841.461232943697,16403.39107669113,16937.296669994706,174020.6236475257,0.0,51.91307603687587,0.0,0.0,0.0,False,False,False
main,saa_n20,saa,2025-10-01,76,True,True,20,,,0.7,20.0,optimal_decomposed,141.94572640000843,141.94311029999517,0.0,1,3,16307.555639640119,533.9055933035776,16841.461232943697,16449.7334755638,16983.63906886738,173915.20005986787,0.0,51.259357574147195,0.0,0.0,0.0,False,False,False
main,saa_n20,saa,2025-10-01,77,True,True,20,,,0.7,20.0,optimal_decomposed,141.94572640000843,141.94311029999517,0.0,1,3,16307.555639640119,533.9055933035776,16841.461232943697,16495.887691878466,17029.793285182044,173771.14827398575,0.026222899534313004,48.23092472491089,0.0,0.0,0.0,False,False,False
main,saa_n20,saa,2025-10-01,78,True,True,20,,,0.7,20.0,optimal_decomposed,141.94572640000843,141.94311029999517,0.0,1,3,16307.555639640119,533.9055933035776,16841.461232943697,16379.642690112798,16913.548283416374,173773.41174133043,0.0,50.64533935744439,0.0,0.0,0.0,False,False,False
main,saa_n20,saa,2025-10-01,79,True,True,20,,,0.7,20.0,optimal_decomposed,141.94572640000843,141.94311029999517,0.0,1,3,16307.555639640119,533.9055933035776,16841.461232943697,16418.422173074287,16952.327766377864,174109.4738272332,0.0,48.250213567378566,0.0,0.0,0.0,False,False,False
main,saa_n20,saa,2025-10-01,80,True,True,20,,,0.7,20.0,optimal_decomposed,141.94572640000843,141.94311029999517,0.0,1,3,16307.555639640119,533.9055933035776,16841.461232943697,16420.831256763828,16954.736850067406,174027.43090232878,0.0,51.08753384109825,0.0,0.0,0.0,False,False,False
main,saa_n20,saa,2025-10-01,81,True,True,20,,,0.7,20.0,optimal_decomposed,141.94572640000843,141.94311029999517,0.0,1,3,16307.555639640119,533.9055933035776,16841.461232943697,16360.02366653773,16893.92925984131,173622.96010800885,0.04840129268716176,60.0303168246015,0.0,0.0,0.0,False,False,False
main,saa_n20,saa,2025-10-01,82,True,True,20,,,0.7,20.0,optimal_decomposed,141.94572640000843,141.94311029999517,0.0,1,3,16307.555639640119,533.9055933035776,16841.461232943697,16406.437165935884,16940.342759239462,174019.6021363106,0.0,44.393002077572106,0.0,0.0,0.0,False,False,False
main,saa_n20,saa,2025-10-01,83,True,True,20,,,0.7,20.0,optimal_decomposed,141.94572640000843,141.94311029999517,0.0,1,3,16307.555639640119,533.9055933035776,16841.461232943697,16458.32865858813,16992.234251891707,173590.51057160608,0.0,46.22181905417674,0.0,0.0,0.0,False,False,False
main,saa_n20,saa,2025-10-01,84,True,True,20,,,0.7,20.0,optimal_decomposed,141.94572640000843,141.94311029999517,0.0,1,3,16307.555639640119,533.9055933035776,16841.461232943697,16419.747278065002,16953.65287136858,173774.70553191754,0.0,44.59014786894811,0.0,0.0,0.0,False,False,False
main,saa_n20,saa,2025-10-01,85,True,True,20,,,0.7,20.0,optimal_decomposed,141.94572640000843,141.94311029999517,0.0,1,3,16307.555639640119,533.9055933035776,16841.461232943697,16474.27287631386,17008.178469617436,173940.59072266295,0.0,60.280566322310115,0.0,0.0,0.0,False,False,False
main,saa_n20,saa,2025-10-01,86,True,True,20,,,0.7,20.0,optimal_decomposed,141.94572640000843,141.94311029999517,0.0,1,3,16307.555639640119,533.9055933035776,16841.461232943697,16437.176814100527,16971.082407404105,174068.3357553136,0.0,46.33982294690144,0.0,0.0,0.0,False,False,False
main,saa_n20,saa,2025-10-01,87,True,True,20,,,0.7,20.0,optimal_decomposed,141.94572640000843,141.94311029999517,0.0,1,3,16307.555639640119,533.9055933035776,16841.461232943697,16391.56741746649,16925.473010770067,173335.02623218595,0.026222896228781822,50.460220864979625,0.0,0.0,0.0,False,False,False
main,saa_n20,saa,2025-10-01,88,True,True,20,,,0.7,20.0,optimal_decomposed,141.94572640000843,141.94311029999517,0.0,1,3,16307.555639640119,533.9055933035776,16841.461232943697,16418.094125761654,16951.999719065232,173777.75831220567,0.0,58.9449289319824,0.0,0.0,0.0,False,False,False
main,saa_n20,saa,2025-10-01,89,True,True,20,,,0.7,20.0,optimal_decomposed,141.94572640000843,141.94311029999517,0.0,1,3,16307.555639640119,533.9055933035776,16841.461232943697,16403.81954406488,16937.72513736846,173551.7419063116,0.0,51.884383211700865,0.0,0.0,0.0,False,False,False
main,saa_n20,saa,2025-10-01,90,True,True,20,,,0.7,20.0,optimal_decomposed,141.94572640000843,141.94311029999517,0.0,1,3,16307.555639640119,533.9055933035776,16841.461232943697,16395.951619576415,16929.857212879993,173613.73047192398,0.026222900123009873,56.18624854814355,0.0,0.0,0.0,False,False,False
main,saa_n20,saa,2025-10-01,91,True,True,20,,,0.7,20.0,optimal_decomposed,141.94572640000843,141.94311029999517,0.0,1,3,16307.555639640119,533.9055933035776,16841.461232943697,16407.22917031608,16941.13476361966,174019.1087786805,0.08883733828556983,51.4705662039644,0.0,0.0,0.0,False,False,False
main,saa_n20,saa,2025-10-01,92,True,True,20,,,0.7,20.0,optimal_decomposed,141.94572640000843,141.94311029999517,0.0,1,3,16307.555639640119,533.9055933035776,16841.461232943697,16392.221499201285,16926.127092504863,173842.86938047488,0.0,40.58567520548019,0.0,0.0,0.0,False,False,False
main,saa_n20,saa,2025-10-01,93,True,True,20,,,0.7,20.0,optimal_decomposed,141.94572640000843,141.94311029999517,0.0,1,3,16307.555639640119,533.9055933035776,16841.461232943697,16372.096504683837,16906.002097987413,173904.48630233397,0.0,55.4781117820593,0.0,0.0,0.0,False,False,False
main,saa_n20,saa,2025-10-01,94,True,True,20,,,0.7,20.0,optimal_decomposed,141.94572640000843,141.94311029999517,0.0,1,3,16307.555639640119,533.9055933035776,16841.461232943697,16461.245963992285,16995.151557295863,173777.574643623,0.0,47.64552855138496,0.0,0.0,0.0,False,False,False
main,saa_n20,saa,2025-10-01,95,True,True,20,,,0.7,20.0,optimal_decomposed,141.94572640000843,141.94311029999517,0.0,1,3,16307.555639640119,533.9055933035776,16841.461232943697,16388.19888130746,16922.10447461104,174313.8306332391,0.0,54.691081068274244,0.0,0.0,0.0,False,False,False
main,saa_n20,saa,2025-10-01,96,True,True,20,,,0.7,20.0,optimal_decomposed,141.94572640000843,141.94311029999517,0.0,1,3,16307.555639640119,533.9055933035776,16841.461232943697,16424.682650843944,16958.588244147522,174015.05475820278,0.0,47.81687281289199,0.0,0.0,0.0,False,False,False
main,saa_n20,saa,2025-10-01,97,True,True,20,,,0.7,20.0,optimal_decomposed,141.94572640000843,141.94311029999517,0.0,1,3,16307.555639640119,533.9055933035776,16841.461232943697,16373.023242857227,16906.928836160805,173694.47037785244,0.0,52.27987918056535,0.0,0.0,0.0,False,False,False
main,saa_n20,saa,2025-10-01,98,True,True,20,,,0.7,20.0,optimal_decomposed,141.94572640000843,141.94311029999517,0.0,1,3,16307.555639640119,533.9055933035776,16841.461232943697,16422.464111165493,16956.36970446907,173830.00250028013,0.0,44.25787186933537,0.0,0.0,0.0,False,False,False
main,saa_n20,saa,2025-10-01,99,True,True,20,,,0.7,20.0,optimal_decomposed,141.94572640000843,141.94311029999517,0.0,1,3,16307.555639640119,533.9055933035776,16841.461232943697,16357.954096004727,16891.859689308305,173771.44121504473,0.09071637097230134,52.88016882383686,0.0,0.0,0.0,False,False,False
main,gamma_ro_gamma_0p5,gamma_ro,2025-01-01,0,True,True,20,0.5,,0.7,20.0,optimal,34.37085219996516,22.97699999809265,0.0,0,20,15664.81197399027,174.34157851921637,15839.153552509486,16238.609409379143,16412.95098789836,203334.63278438392,0.0,49.72087509764778,0.0,0.0,0.0,False,False,False
main,gamma_ro_gamma_0p5,gamma_ro,2025-01-01,1,True,True,20,0.5,,0.7,20.0,optimal,34.37085219996516,22.97699999809265,0.0,0,20,15664.81197399027,174.34157851921637,15839.153552509486,16225.243004112745,16399.58458263196,203414.4660773343,0.0,59.00345410868588,0.0,0.0,0.0,False,False,False
main,gamma_ro_gamma_0p5,gamma_ro,2025-01-01,2,True,True,20,0.5,,0.7,20.0,optimal,34.37085219996516,22.97699999809265,0.0,0,20,15664.81197399027,174.34157851921637,15839.153552509486,16148.89218854803,16323.233767067246,202320.49439921443,0.0,46.89373459041458,0.0,0.0,0.0,False,False,False
main,gamma_ro_gamma_0p5,gamma_ro,2025-01-01,3,True,True,20,0.5,,0.7,20.0,optimal,34.37085219996516,22.97699999809265,0.0,0,20,15664.81197399027,174.34157851921637,15839.153552509486,16260.69005925851,16435.031637777727,203355.86309771056,0.0,50.281215116199284,0.0,0.0,0.0,False,False,False
main,gamma_ro_gamma_0p5,gamma_ro,2025-01-01,4,True,True,20,0.5,,0.7,20.0,optimal,34.37085219996516,22.97699999809265,0.0,0,20,15664.81197399027,174.34157851921637,15839.153552509486,16278.13523542857,16452.476813947786,204180.2723166258,0.0,48.46816139449076,0.0,0.0,0.0,False,False,False
main,gamma_ro_gamma_0p5,gamma_ro,2025-01-01,5,True,True,20,0.5,,0.7,20.0,optimal,34.37085219996516,22.97699999809265,0.0,0,20,15664.81197399027,174.34157851921637,15839.153552509486,16184.266137425884,16358.6077159451,203078.56212974605,0.0,52.71675403079519,0.0,0.0,0.0,False,False,False
main,gamma_ro_gamma_0p5,gamma_ro,2025-01-01,6,True,True,20,0.5,,0.7,20.0,optimal,34.37085219996516,22.97699999809265,0.0,0,20,15664.81197399027,174.34157851921637,15839.153552509486,16174.73216727447,16349.073745793685,202959.46622662043,0.0,44.396615230044716,0.0,0.0,0.0,False,False,False
main,gamma_ro_gamma_0p5,gamma_ro,2025-01-01,7,True,True,20,0.5,,0.7,20.0,optimal,34.37085219996516,22.97699999809265,0.0,0,20,15664.81197399027,174.34157851921637,15839.153552509486,16214.992652184163,16389.334230703378,203008.9190864066,0.0,50.161457517484365,0.0,0.0,0.0,False,False,False
main,gamma_ro_gamma_0p5,gamma_ro,2025-01-01,8,True,True,20,0.5,,0.7,20.0,optimal,34.37085219996516,22.97699999809265,0.0,0,20,15664.81197399027,174.34157851921637,15839.153552509486,16276.045869345811,16450.38744786503,203141.1728660367,0.009983265031849209,50.878019157767056,0.0,0.0,0.0,False,False,False
main,gamma_ro_gamma_0p5,gamma_ro,2025-01-01,9,True,True,20,0.5,,0.7,20.0,optimal,34.37085219996516,22.97699999809265,0.0,0,20,15664.81197399027,174.34157851921637,15839.153552509486,16243.251476327921,16417.593054847137,202784.48117412927,0.0,58.90741757858447,0.0,0.0,0.0,False,False,False
main,gamma_ro_gamma_0p5,gamma_ro,2025-01-01,10,True,True,20,0.5,,0.7,20.0,optimal,34.37085219996516,22.97699999809265,0.0,0,20,15664.81197399027,174.34157851921637,15839.153552509486,16158.052344409993,16332.393922929208,202613.29448552715,0.1124999838138665,52.006042685335935,0.0,0.0,0.0,False,False,False
main,gamma_ro_gamma_0p5,gamma_ro,2025-01-01,11,True,True,20,0.5,,0.7,20.0,optimal,34.37085219996516,22.97699999809265,0.0,0,20,15664.81197399027,174.34157851921637,15839.153552509486,16219.770973539247,16394.112552058465,203265.35185373214,0.0,43.80800109195886,0.0,0.0,0.0,False,False,False
main,gamma_ro_gamma_0p5,gamma_ro,2025-01-01,12,True,True,20,0.5,,0.7,20.0,optimal,34.37085219996516,22.97699999809265,0.0,0,20,15664.81197399027,174.34157851921637,15839.153552509486,16166.04241442476,16340.383992943976,202264.44285001836,0.0,43.53934552016816,0.0,0.0,0.0,False,False,False
main,gamma_ro_gamma_0p5,gamma_ro,2025-01-01,13,True,True,20,0.5,,0.7,20.0,optimal,34.37085219996516,22.97699999809265,0.0,0,20,15664.81197399027,174.34157851921637,15839.153552509486,16229.668902829917,16404.010481349134,203118.28531457283,0.0,50.490564266004675,0.0,0.0,0.0,False,False,False
main,gamma_ro_gamma_0p5,gamma_ro,2025-01-01,14,True,True,20,0.5,,0.7,20.0,optimal,34.37085219996516,22.97699999809265,0.0,0,20,15664.81197399027,174.34157851921637,15839.153552509486,16252.565033560837,16426.906612080053,202900.57136562973,0.009983264212805487,50.101865007315354,0.0,0.0,0.0,False,False,False
main,gamma_ro_gamma_0p5,gamma_ro,2025-01-01,15,True,True,20,0.5,,0.7,20.0,optimal,34.37085219996516,22.97699999809265,0.0,0,20,15664.81197399027,174.34157851921637,15839.153552509486,16199.142896129453,16373.484474648669,203031.16109990422,0.0025356783138685834,43.10090626214041,0.0,0.0,0.0,False,False,False
main,gamma_ro_gamma_0p5,gamma_ro,2025-01-01,16,True,True,20,0.5,,0.7,20.0,optimal,34.37085219996516,22.97699999809265,0.0,0,20,15664.81197399027,174.34157851921637,15839.153552509486,16240.709509854407,16415.051088373624,203599.00289877626,0.0,46.513183642594996,0.0,0.0,0.0,False,False,False
main,gamma_ro_gamma_0p5,gamma_ro,2025-01-01,17,True,True,20,0.5,,0.7,20.0,optimal,34.37085219996516,22.97699999809265,0.0,0,20,15664.81197399027,174.34157851921637,15839.153552509486,16213.725255346957,16388.066833866174,202462.43323796126,0.11249998381421422,56.387845214805395,0.0,0.0,0.0,False,False,False
main,gamma_ro_gamma_0p5,gamma_ro,2025-01-01,18,True,True,20,0.5,,0.7,20.0,optimal,34.37085219996516,22.97699999809265,0.0,0,20,15664.81197399027,174.34157851921637,15839.153552509486,16263.586072548404,16437.92765106762,203455.11038392482,0.0,54.12759840595301,0.0,0.0,0.0,False,False,False
main,gamma_ro_gamma_0p5,gamma_ro,2025-01-01,19,True,True,20,0.5,,0.7,20.0,optimal,34.37085219996516,22.97699999809265,0.0,0,20,15664.81197399027,174.34157851921637,15839.153552509486,16186.585674783399,16360.927253302614,202879.58292582515,0.12248325408632277,52.41539993767107,0.0,0.0,0.0,False,False,False
main,gamma_ro_gamma_0p5,gamma_ro,2025-01-01,20,True,True,20,0.5,,0.7,20.0,optimal,34.37085219996516,22.97699999809265,0.0,0,20,15664.81197399027,174.34157851921637,15839.153552509486,16185.42910189399,16359.770680413205,203080.65145290154,0.0,45.97962838799157,0.0,0.0,0.0,False,False,False
main,gamma_ro_gamma_0p5,gamma_ro,2025-01-01,21,True,True,20,0.5,,0.7,20.0,optimal,34.37085219996516,22.97699999809265,0.0,0,20,15664.81197399027,174.34157851921637,15839.153552509486,16154.285301938833,16328.626880458049,202977.49593990386,0.0,44.90524265900552,0.0,0.0,0.0,False,False,False
main,gamma_ro_gamma_0p5,gamma_ro,2025-01-01,22,True,True,20,0.5,,0.7,20.0,optimal,34.37085219996516,22.97699999809265,0.0,0,20,15664.81197399027,174.34157851921637,15839.153552509486,16258.121928629442,16432.46350714866,203146.38752262588,0.10842361319620797,48.376289449772706,0.0,0.0,0.0,False,False,False
main,gamma_ro_gamma_0p5,gamma_ro,2025-01-01,23,True,True,20,0.5,,0.7,20.0,optimal,34.37085219996516,22.97699999809265,0.0,0,20,15664.81197399027,174.34157851921637,15839.153552509486,16205.267445265608,16379.609023784824,202802.66344694188,0.0,49.03888755676602,0.0,0.0,0.0,False,False,False
main,gamma_ro_gamma_0p5,gamma_ro,2025-01-01,24,True,True,20,0.5,,0.7,20.0,optimal,34.37085219996516,22.97699999809265,0.0,0,20,15664.81197399027,174.34157851921637,15839.153552509486,16233.531330393283,16407.8729089125,202779.29497441463,0.0,51.89609034916781,0.0,0.0,0.0,False,False,False
main,gamma_ro_gamma_0p5,gamma_ro,2025-01-01,25,True,True,20,0.5,,0.7,20.0,optimal,34.37085219996516,22.97699999809265,0.0,0,20,15664.81197399027,174.34157851921637,15839.153552509486,16178.983693294877,16353.325271814092,203147.18906138494,0.0,46.20410495349058,0.0,0.0,0.0,False,False,False
main,gamma_ro_gamma_0p5,gamma_ro,2025-01-01,26,True,True,20,0.5,,0.7,20.0,optimal,34.37085219996516,22.97699999809265,0.0,0,20,15664.81197399027,174.34157851921637,15839.153552509486,16220.187867161472,16394.529445680688,203064.03159208715,0.0,54.35650050515614,0.0,0.0,0.0,False,False,False
main,gamma_ro_gamma_0p5,gamma_ro,2025-01-01,27,True,True,20,0.5,,0.7,20.0,optimal,34.37085219996516,22.97699999809265,0.0,0,20,15664.81197399027,174.34157851921637,15839.153552509486,16223.126479611112,16397.46805813033,202719.29637005614,0.0,51.83423767018087,0.0,0.0,0.0,False,False,False
main,gamma_ro_gamma_0p5,gamma_ro,2025-01-01,28,True,True,20,0.5,,0.7,20.0,optimal,34.37085219996516,22.97699999809265,0.0,0,20,15664.81197399027,174.34157851921637,15839.153552509486,16201.136118475324,16375.47769699454,203286.45403410392,0.0,42.480065775829644,0.0,0.0,0.0,False,False,False
main,gamma_ro_gamma_0p5,gamma_ro,2025-01-01,29,True,True,20,0.5,,0.7,20.0,optimal,34.37085219996516,22.97699999809265,0.0,0,20,15664.81197399027,174.34157851921637,15839.153552509486,16110.427636602964,16284.76921512218,202549.83042465654,0.0,38.6892835413802,0.0,0.0,0.0,False,False,False
main,gamma_ro_gamma_0p5,gamma_ro,2025-01-01,30,True,True,20,0.5,,0.7,20.0,optimal,34.37085219996516,22.97699999809265,0.0,0,20,15664.81197399027,174.34157851921637,15839.153552509486,16223.410756629046,16397.752335148263,203391.62136533108,0.0,42.68308148610419,0.0,0.0,0.0,False,False,False
main,gamma_ro_gamma_0p5,gamma_ro,2025-01-01,31,True,True,20,0.5,,0.7,20.0,optimal,34.37085219996516,22.97699999809265,0.0,0,20,15664.81197399027,174.34157851921637,15839.153552509486,16180.24107181865,16354.582650337865,203077.38803739316,0.12248325408351013,52.00534179019108,0.0,0.0,0.0,False,False,False
main,gamma_ro_gamma_0p5,gamma_ro,2025-01-01,32,True,True,20,0.5,,0.7,20.0,optimal,34.37085219996516,22.97699999809265,0.0,0,20,15664.81197399027,174.34157851921637,15839.153552509486,16296.22646105207,16470.568039571288,203500.04419235422,0.0,50.35209617032601,0.0,0.0,0.0,False,False,False
main,gamma_ro_gamma_0p5,gamma_ro,2025-01-01,33,True,True,20,0.5,,0.7,20.0,optimal,34.37085219996516,22.97699999809265,0.0,0,20,15664.81197399027,174.34157851921637,15839.153552509486,16284.470769219588,16458.812347738804,203278.16462596005,0.0,58.486526763179995,0.0,0.0,0.0,False,False,False
main,gamma_ro_gamma_0p5,gamma_ro,2025-01-01,34,True,True,20,0.5,,0.7,20.0,optimal,34.37085219996516,22.97699999809265,0.0,0,20,15664.81197399027,174.34157851921637,15839.153552509486,16361.049744059366,16535.391322578584,203722.4636578574,0.0,50.08111010156021,0.0,0.0,0.0,False,False,False
main,gamma_ro_gamma_0p5,gamma_ro,2025-01-01,35,True,True,20,0.5,,0.7,20.0,optimal,34.37085219996516,22.97699999809265,0.0,0,20,15664.81197399027,174.34157851921637,15839.153552509486,16180.572443643858,16354.914022163073,202855.4407800059,0.0,54.60994260847759,0.0,0.0,0.0,False,False,False
main,gamma_ro_gamma_0p5,gamma_ro,2025-01-01,36,True,True,20,0.5,,0.7,20.0,optimal,34.37085219996516,22.97699999809265,0.0,0,20,15664.81197399027,174.34157851921637,15839.153552509486,16341.602824925287,16515.944403444504,203766.6749040023,0.0,54.43144270555776,0.0,0.0,0.0,False,False,False
main,gamma_ro_gamma_0p5,gamma_ro,2025-01-01,37,True,True,20,0.5,,0.7,20.0,optimal,34.37085219996516,22.97699999809265,0.0,0,20,15664.81197399027,174.34157851921637,15839.153552509486,16177.954021379353,16352.295599898569,203591.21061257934,0.0,43.39847260149174,0.0,0.0,0.0,False,False,False
main,gamma_ro_gamma_0p5,gamma_ro,2025-01-01,38,True,True,20,0.5,,0.7,20.0,optimal,34.37085219996516,22.97699999809265,0.0,0,20,15664.81197399027,174.34157851921637,15839.153552509486,16248.04118061132,16422.382759130538,202962.25637202355,0.0,46.940168075023784,0.0,0.0,0.0,False,False,False
main,gamma_ro_gamma_0p5,gamma_ro,2025-01-01,39,True,True,20,0.5,,0.7,20.0,optimal,34.37085219996516,22.97699999809265,0.0,0,20,15664.81197399027,174.34157851921637,15839.153552509486,16121.222636407612,16295.564214926828,202592.68755550106,0.0,36.45695067076444,0.0,0.0,0.0,False,False,False
main,gamma_ro_gamma_0p5,gamma_ro,2025-01-01,40,True,True,20,0.5,,0.7,20.0,optimal,34.37085219996516,22.97699999809265,0.0,0,20,15664.81197399027,174.34157851921637,15839.153552509486,16285.73006253897,16460.071641058188,203302.80244112588,0.0,42.76084218451084,0.0,0.0,0.0,False,False,False
main,gamma_ro_gamma_0p5,gamma_ro,2025-01-01,41,True,True,20,0.5,,0.7,20.0,optimal,34.37085219996516,22.97699999809265,0.0,0,20,15664.81197399027,174.34157851921637,15839.153552509486,16167.153332502941,16341.494911022157,203033.60728124433,0.0,36.48657392480732,0.0,0.0,0.0,False,False,False
main,gamma_ro_gamma_0p5,gamma_ro,2025-01-01,42,True,True,20,0.5,,0.7,20.0,optimal,34.37085219996516,22.97699999809265,0.0,0,20,15664.81197399027,174.34157851921637,15839.153552509486,16366.505019954524,16540.84659847374,203774.11334504484,0.009983265026953347,52.64659221292554,0.0,0.0,0.0,False,False,False
main,gamma_ro_gamma_0p5,gamma_ro,2025-01-01,43,True,True,20,0.5,,0.7,20.0,optimal,34.37085219996516,22.97699999809265,0.0,0,20,15664.81197399027,174.34157851921637,15839.153552509486,16222.475396997972,16396.816975517188,203082.79306589277,0.0,49.92892484715403,0.0,0.0,0.0,False,False,False
main,gamma_ro_gamma_0p5,gamma_ro,2025-01-01,44,True,True,20,0.5,,0.7,20.0,optimal,34.37085219996516,22.97699999809265,0.0,0,20,15664.81197399027,174.34157851921637,15839.153552509486,16213.563652293718,16387.905230812936,202901.37341344196,0.0,47.37106587754189,0.0,0.0,0.0,False,False,False
main,gamma_ro_gamma_0p5,gamma_ro,2025-01-01,45,True,True,20,0.5,,0.7,20.0,optimal,34.37085219996516,22.97699999809265,0.0,0,20,15664.81197399027,174.34157851921637,15839.153552509486,16283.880204958487,16458.221783477704,203328.2499561641,0.11249998262753236,53.22782124576688,0.0,0.0,0.0,False,False,False
main,gamma_ro_gamma_0p5,gamma_ro,2025-01-01,46,True,True,20,0.5,,0.7,20.0,optimal,34.37085219996516,22.97699999809265,0.0,0,20,15664.81197399027,174.34157851921637,15839.153552509486,16209.150227145263,16383.491805664478,202999.20452399648,0.0,49.638287385623435,0.0,0.0,0.0,False,False,False
main,gamma_ro_gamma_0p5,gamma_ro,2025-01-01,47,True,True,20,0.5,,0.7,20.0,optimal,34.37085219996516,22.97699999809265,0.0,0,20,15664.81197399027,174.34157851921637,15839.153552509486,16219.80080427865,16394.142382797865,203405.8380595541,0.009983263134995202,49.55452985397675,0.0,0.0,0.0,False,False,False
main,gamma_ro_gamma_0p5,gamma_ro,2025-01-01,48,True,True,20,0.5,,0.7,20.0,optimal,34.37085219996516,22.97699999809265,0.0,0,20,15664.81197399027,174.34157851921637,15839.153552509486,16246.30737646222,16420.648954981436,203053.7424842249,0.0,49.168542137496345,0.0,0.0,0.0,False,False,False
main,gamma_ro_gamma_0p5,gamma_ro,2025-01-01,49,True,True,20,0.5,,0.7,20.0,optimal,34.37085219996516,22.97699999809265,0.0,0,20,15664.81197399027,174.34157851921637,15839.153552509486,16226.975240166605,16401.31681868582,203042.87162139264,0.0,50.457735164944935,0.0,0.0,0.0,False,False,False
main,gamma_ro_gamma_0p5,gamma_ro,2025-01-01,50,True,True,20,0.5,,0.7,20.0,optimal,34.37085219996516,22.97699999809265,0.0,0,20,15664.81197399027,174.34157851921637,15839.153552509486,16272.755016466406,16447.09659498562,203144.76507246203,0.0,55.671741421057376,0.0,0.0,0.0,False,False,False
main,gamma_ro_gamma_0p5,gamma_ro,2025-01-01,51,True,True,20,0.5,,0.7,20.0,optimal,34.37085219996516,22.97699999809265,0.0,0,20,15664.81197399027,174.34157851921637,15839.153552509486,16211.172787898116,16385.514366417334,203347.95347002128,0.0,50.002865197167125,0.0,0.0,0.0,False,False,False
main,gamma_ro_gamma_0p5,gamma_ro,2025-01-01,52,True,True,20,0.5,,0.7,20.0,optimal,34.37085219996516,22.97699999809265,0.0,0,20,15664.81197399027,174.34157851921637,15839.153552509486,16211.914632994945,16386.256211514163,203257.170710509,0.11249998484798329,57.013417370449716,0.0,0.0,0.0,False,False,False
main,gamma_ro_gamma_0p5,gamma_ro,2025-01-01,53,True,True,20,0.5,,0.7,20.0,optimal,34.37085219996516,22.97699999809265,0.0,0,20,15664.81197399027,174.34157851921637,15839.153552509486,16142.592766523818,16316.934345043033,202974.072970694,0.0,44.14559315765677,0.0,0.0,0.0,False,False,False
main,gamma_ro_gamma_0p5,gamma_ro,2025-01-01,54,True,True,20,0.5,,0.7,20.0,optimal,34.37085219996516,22.97699999809265,0.0,0,20,15664.81197399027,174.34157851921637,15839.153552509486,16182.525607302956,16356.867185822171,202680.0031853928,0.0,46.1317776680844,0.0,0.0,0.0,False,False,False
main,gamma_ro_gamma_0p5,gamma_ro,2025-01-01,55,True,True,20,0.5,,0.7,20.0,optimal,34.37085219996516,22.97699999809265,0.0,0,20,15664.81197399027,174.34157851921637,15839.153552509486,16199.906580279068,16374.248158798284,202988.19914727687,0.11249998469370825,54.40674083141173,0.0,0.0,0.0,False,False,False
main,gamma_ro_gamma_0p5,gamma_ro,2025-01-01,56,True,True,20,0.5,,0.7,20.0,optimal,34.37085219996516,22.97699999809265,0.0,0,20,15664.81197399027,174.34157851921637,15839.153552509486,16330.863100400875,16505.20467892009,203585.75573901786,0.0,37.68451586935932,0.0,0.0,0.0,False,False,False
main,gamma_ro_gamma_0p5,gamma_ro,2025-01-01,57,True,True,20,0.5,,0.7,20.0,optimal,34.37085219996516,22.97699999809265,0.0,0,20,15664.81197399027,174.34157851921637,15839.153552509486,16256.999564911022,16431.34114343024,203267.20729338133,0.0,48.3719700420188,0.0,0.0,0.0,False,False,False
main,gamma_ro_gamma_0p5,gamma_ro,2025-01-01,58,True,True,20,0.5,,0.7,20.0,optimal,34.37085219996516,22.97699999809265,0.0,0,20,15664.81197399027,174.34157851921637,15839.153552509486,16150.618822914385,16324.9604014336,203273.73006609702,0.11249998500812675,57.07057929341364,0.0,0.0,0.0,False,False,False
main,gamma_ro_gamma_0p5,gamma_ro,2025-01-01,59,True,True,20,0.5,,0.7,20.0,optimal,34.37085219996516,22.97699999809265,0.0,0,20,15664.81197399027,174.34157851921637,15839.153552509486,16147.52829360815,16321.869872127365,203123.73961187736,0.0099832560421107,51.61349582919989,0.0,0.0,0.0,False,False,False
main,gamma_ro_gamma_0p5,gamma_ro,2025-01-01,60,True,True,20,0.5,,0.7,20.0,optimal,34.37085219996516,22.97699999809265,0.0,0,20,15664.81197399027,174.34157851921637,15839.153552509486,16204.843671134431,16379.185249653647,202659.37405022848,0.009983265030206745,51.01740585643679,0.0,0.0,0.0,False,False,False
main,gamma_ro_gamma_0p5,gamma_ro,2025-01-01,61,True,True,20,0.5,,0.7,20.0,optimal,34.37085219996516,22.97699999809265,0.0,0,20,15664.81197399027,174.34157851921637,15839.153552509486,16260.651472912767,16434.993051431982,202878.29823124918,0.0,38.09948899475158,0.0,0.0,0.0,False,False,False
main,gamma_ro_gamma_0p5,gamma_ro,2025-01-01,62,True,True,20,0.5,,0.7,20.0,optimal,34.37085219996516,22.97699999809265,0.0,0,20,15664.81197399027,174.34157851921637,15839.153552509486,16192.706849389455,16367.04842790867,202884.055838186,0.10970839749444705,55.09154436354883,0.0,0.0,0.0,False,False,False
main,gamma_ro_gamma_0p5,gamma_ro,2025-01-01,63,True,True,20,0.5,,0.7,20.0,optimal,34.37085219996516,22.97699999809265,0.0,0,20,15664.81197399027,174.34157851921637,15839.153552509486,16157.92757615765,16332.269154676866,202533.7756875785,0.0,53.92653466110212,0.0,0.0,0.0,False,False,False
main,gamma_ro_gamma_0p5,gamma_ro,2025-01-01,64,True,True,20,0.5,,0.7,20.0,optimal,34.37085219996516,22.97699999809265,0.0,0,20,15664.81197399027,174.34157851921637,15839.153552509486,16184.934972232486,16359.276550751702,203007.57995216534,0.1124999838139622,47.600732677290786,0.0,0.0,0.0,False,False,False
main,gamma_ro_gamma_0p5,gamma_ro,2025-01-01,65,True,True,20,0.5,,0.7,20.0,optimal,34.37085219996516,22.97699999809265,0.0,0,20,15664.81197399027,174.34157851921637,15839.153552509486,16149.029408534961,16323.370987054177,202623.94737954985,0.11249998333636846,53.31091361801559,0.0,0.0,0.0,False,False,False
main,gamma_ro_gamma_0p5,gamma_ro,2025-01-01,66,True,True,20,0.5,,0.7,20.0,optimal,34.37085219996516,22.97699999809265,0.0,0,20,15664.81197399027,174.34157851921637,15839.153552509486,16169.392017882112,16343.733596401327,203073.99422832078,0.0,56.87504518621866,0.0,0.0,0.0,False,False,False
main,gamma_ro_gamma_0p5,gamma_ro,2025-01-01,67,True,True,20,0.5,,0.7,20.0,optimal,34.37085219996516,22.97699999809265,0.0,0,20,15664.81197399027,174.34157851921637,15839.153552509486,16223.155907776672,16397.497486295888,203274.97730593313,0.0,49.45565260946343,0.0,0.0,0.0,False,False,False
main,gamma_ro_gamma_0p5,gamma_ro,2025-01-01,68,True,True,20,0.5,,0.7,20.0,optimal,34.37085219996516,22.97699999809265,0.0,0,20,15664.81197399027,174.34157851921637,15839.153552509486,16305.808855682693,16480.15043420191,203432.5492193016,0.0,52.82957109965328,0.0,0.0,0.0,False,False,False
main,gamma_ro_gamma_0p5,gamma_ro,2025-01-01,69,True,True,20,0.5,,0.7,20.0,optimal,34.37085219996516,22.97699999809265,0.0,0,20,15664.81197399027,174.34157851921637,15839.153552509486,16201.600825700787,16375.942404220003,202953.84602986014,0.0,51.13049323820057,0.0,0.0,0.0,False,False,False
main,gamma_ro_gamma_0p5,gamma_ro,2025-01-01,70,True,True,20,0.5,,0.7,20.0,optimal,34.37085219996516,22.97699999809265,0.0,0,20,15664.81197399027,174.34157851921637,15839.153552509486,16111.777858510854,16286.11943703007,202603.5584970228,0.009983270579735803,54.30073583742108,0.0,0.0,0.0,False,False,False
main,gamma_ro_gamma_0p5,gamma_ro,2025-01-01,71,True,True,20,0.5,,0.7,20.0,optimal,34.37085219996516,22.97699999809265,0.0,0,20,15664.81197399027,174.34157851921637,15839.153552509486,16171.552041274657,16345.893619793873,203271.8981968915,0.0,57.45212929981555,0.0,0.0,0.0,False,False,False
main,gamma_ro_gamma_0p5,gamma_ro,2025-01-01,72,True,True,20,0.5,,0.7,20.0,optimal,34.37085219996516,22.97699999809265,0.0,0,20,15664.81197399027,174.34157851921637,15839.153552509486,16170.820543164602,16345.162121683818,202490.29999044244,0.0,57.08581695818207,0.0,0.0,0.0,False,False,False
main,gamma_ro_gamma_0p5,gamma_ro,2025-01-01,73,True,True,20,0.5,,0.7,20.0,optimal,34.37085219996516,22.97699999809265,0.0,0,20,15664.81197399027,174.34157851921637,15839.153552509486,16209.219798802356,16383.561377321572,202877.05835277334,0.009983269467327638,50.49022860511865,0.0,0.0,0.0,False,False,False
main,gamma_ro_gamma_0p5,gamma_ro,2025-01-01,74,True,True,20,0.5,,0.7,20.0,optimal,34.37085219996516,22.97699999809265,0.0,0,20,15664.81197399027,174.34157851921637,15839.153552509486,16235.080213461819,16409.421791981036,203191.5816356586,0.0,51.30383843258999,0.0,0.0,0.0,False,False,False
main,gamma_ro_gamma_0p5,gamma_ro,2025-01-01,75,True,True,20,0.5,,0.7,20.0,optimal,34.37085219996516,22.97699999809265,0.0,0,20,15664.81197399027,174.34157851921637,15839.153552509486,16220.615167158547,16394.956745677762,203691.0193046543,0.0,51.73110247836535,0.0,0.0,0.0,False,False,False
main,gamma_ro_gamma_0p5,gamma_ro,2025-01-01,76,True,True,20,0.5,,0.7,20.0,optimal,34.37085219996516,22.97699999809265,0.0,0,20,15664.81197399027,174.34157851921637,15839.153552509486,16182.890374193437,16357.231952712653,202444.24634745115,0.0,51.880051548490776,0.0,0.0,0.0,False,False,False
main,gamma_ro_gamma_0p5,gamma_ro,2025-01-01,77,True,True,20,0.5,,0.7,20.0,optimal,34.37085219996516,22.97699999809265,0.0,0,20,15664.81197399027,174.34157851921637,15839.153552509486,16181.287775284996,16355.629353804212,202727.34203355626,0.0,46.19467721172096,0.0,0.0,0.0,False,False,False
main,gamma_ro_gamma_0p5,gamma_ro,2025-01-01,78,True,True,20,0.5,,0.7,20.0,optimal,34.37085219996516,22.97699999809265,0.0,0,20,15664.81197399027,174.34157851921637,15839.153552509486,16159.227867364161,16333.569445883377,202676.8092351605,0.1124999826256392,49.16722280220253,0.0,0.0,0.0,False,False,False
main,gamma_ro_gamma_0p5,gamma_ro,2025-01-01,79,True,True,20,0.5,,0.7,20.0,optimal,34.37085219996516,22.97699999809265,0.0,0,20,15664.81197399027,174.34157851921637,15839.153552509486,16246.945987118641,16421.287565637856,203259.39130884403,0.0,48.68498500388026,0.0,0.0,0.0,False,False,False
main,gamma_ro_gamma_0p5,gamma_ro,2025-01-01,80,True,True,20,0.5,,0.7,20.0,optimal,34.37085219996516,22.97699999809265,0.0,0,20,15664.81197399027,174.34157851921637,15839.153552509486,16179.732034527564,16354.07361304678,203368.9794481299,0.0,47.18911859816139,0.0,0.0,0.0,False,False,False
main,gamma_ro_gamma_0p5,gamma_ro,2025-01-01,81,True,True,20,0.5,,0.7,20.0,optimal,34.37085219996516,22.97699999809265,0.0,0,20,15664.81197399027,174.34157851921637,15839.153552509486,16240.79901956209,16415.140598081307,203302.58325931104,0.009983259381117104,56.81463372239354,0.0,0.0,0.0,False,False,False
main,gamma_ro_gamma_0p5,gamma_ro,2025-01-01,82,True,True,20,0.5,,0.7,20.0,optimal,34.37085219996516,22.97699999809265,0.0,0,20,15664.81197399027,174.34157851921637,15839.153552509486,16221.469105186778,16395.810683705993,203003.14231289222,0.0,41.97431405838521,0.0,0.0,0.0,False,False,False
main,gamma_ro_gamma_0p5,gamma_ro,2025-01-01,83,True,True,20,0.5,,0.7,20.0,optimal,34.37085219996516,22.97699999809265,0.0,0,20,15664.81197399027,174.34157851921637,15839.153552509486,16255.717850557145,16430.059429076362,202597.22588185364,0.0,45.524723568293304,0.0,0.0,0.0,False,False,False
main,gamma_ro_gamma_0p5,gamma_ro,2025-01-01,84,True,True,20,0.5,,0.7,20.0,optimal,34.37085219996516,22.97699999809265,0.0,0,20,15664.81197399027,174.34157851921637,15839.153552509486,16150.871933769824,16325.21351228904,202820.49377171783,0.0,41.287483122203845,0.0,0.0,0.0,False,False,False
main,gamma_ro_gamma_0p5,gamma_ro,2025-01-01,85,True,True,20,0.5,,0.7,20.0,optimal,34.37085219996516,22.97699999809265,0.0,0,20,15664.81197399027,174.34157851921637,15839.153552509486,16185.9136168182,16360.255195337415,202574.78375506797,0.0,55.17869313207668,0.0,0.0,0.0,False,False,False
main,gamma_ro_gamma_0p5,gamma_ro,2025-01-01,86,True,True,20,0.5,,0.7,20.0,optimal,34.37085219996516,22.97699999809265,0.0,0,20,15664.81197399027,174.34157851921637,15839.153552509486,16230.8255828845,16405.167161403715,203456.69396216696,0.0,46.68927185929907,0.0,0.0,0.0,False,False,False
main,gamma_ro_gamma_0p5,gamma_ro,2025-01-01,87,True,True,20,0.5,,0.7,20.0,optimal,34.37085219996516,22.97699999809265,0.0,0,20,15664.81197399027,174.34157851921637,15839.153552509486,16278.311433625386,16452.6530121446,203032.37525046905,0.0,49.113450034299895,0.0,0.0,0.0,False,False,False
main,gamma_ro_gamma_0p5,gamma_ro,2025-01-01,88,True,True,20,0.5,,0.7,20.0,optimal,34.37085219996516,22.97699999809265,0.0,0,20,15664.81197399027,174.34157851921637,15839.153552509486,16283.730875839543,16458.07245435876,203635.04147125236,0.0,54.9731439270619,0.0,0.0,0.0,False,False,False
main,gamma_ro_gamma_0p5,gamma_ro,2025-01-01,89,True,True,20,0.5,,0.7,20.0,optimal,34.37085219996516,22.97699999809265,0.0,0,20,15664.81197399027,174.34157851921637,15839.153552509486,16277.350083190362,16451.691661709578,202603.04397565874,0.009983269152868512,49.351018143754075,0.0,0.0,0.0,False,False,False
main,gamma_ro_gamma_0p5,gamma_ro,2025-01-01,90,True,True,20,0.5,,0.7,20.0,optimal,34.37085219996516,22.97699999809265,0.0,0,20,15664.81197399027,174.34157851921637,15839.153552509486,16209.491415177235,16383.832993696451,203097.5171580084,0.0,53.35989927681884,0.0,0.0,0.0,False,False,False
main,gamma_ro_gamma_0p5,gamma_ro,2025-01-01,91,True,True,20,0.5,,0.7,20.0,optimal,34.37085219996516,22.97699999809265,0.0,0,20,15664.81197399027,174.34157851921637,15839.153552509486,16308.925022298608,16483.266600817824,203442.66767220467,0.0,48.644521294793385,0.0,0.0,0.0,False,False,False
main,gamma_ro_gamma_0p5,gamma_ro,2025-01-01,92,True,True,20,0.5,,0.7,20.0,optimal,34.37085219996516,22.97699999809265,0.0,0,20,15664.81197399027,174.34157851921637,15839.153552509486,16201.38529059318,16375.726869112395,202898.66894052146,0.0,42.53235034623471,0.0,0.0,0.0,False,False,False
main,gamma_ro_gamma_0p5,gamma_ro,2025-01-01,93,True,True,20,0.5,,0.7,20.0,optimal,34.37085219996516,22.97699999809265,0.0,0,20,15664.81197399027,174.34157851921637,15839.153552509486,16272.630075226682,16446.9716537459,203432.14804033167,0.0,51.25199683681493,0.0,0.0,0.0,False,False,False
main,gamma_ro_gamma_0p5,gamma_ro,2025-01-01,94,True,True,20,0.5,,0.7,20.0,optimal,34.37085219996516,22.97699999809265,0.0,0,20,15664.81197399027,174.34157851921637,15839.153552509486,16122.825922563816,16297.167501083031,202017.97165408495,0.0,45.70531788928916,0.0,0.0,0.0,False,False,False
main,gamma_ro_gamma_0p5,gamma_ro,2025-01-01,95,True,True,20,0.5,,0.7,20.0,optimal,34.37085219996516,22.97699999809265,0.0,0,20,15664.81197399027,174.34157851921637,15839.153552509486,16113.80148929047,16288.143067809686,202575.65568565266,0.0,49.905374398515576,0.0,0.0,0.0,False,False,False
main,gamma_ro_gamma_0p5,gamma_ro,2025-01-01,96,True,True,20,0.5,,0.7,20.0,optimal,34.37085219996516,22.97699999809265,0.0,0,20,15664.81197399027,174.34157851921637,15839.153552509486,16165.55944082066,16339.901019339875,202707.7532169256,0.0,47.36456936188935,0.0,0.0,0.0,False,False,False
main,gamma_ro_gamma_0p5,gamma_ro,2025-01-01,97,True,True,20,0.5,,0.7,20.0,optimal,34.37085219996516,22.97699999809265,0.0,0,20,15664.81197399027,174.34157851921637,15839.153552509486,16188.002952607141,16362.344531126357,202604.3775361473,0.0,50.609177532325816,0.0,0.0,0.0,False,False,False
main,gamma_ro_gamma_0p5,gamma_ro,2025-01-01,98,True,True,20,0.5,,0.7,20.0,optimal,34.37085219996516,22.97699999809265,0.0,0,20,15664.81197399027,174.34157851921637,15839.153552509486,16235.180830459069,16409.522408978286,203290.5988320916,0.0,42.143719276915576,0.0,0.0,0.0,False,False,False
main,gamma_ro_gamma_0p5,gamma_ro,2025-01-01,99,True,True,20,0.5,,0.7,20.0,optimal,34.37085219996516,22.97699999809265,0.0,0,20,15664.81197399027,174.34157851921637,15839.153552509486,16259.746638558749,16434.088217077966,203348.12312493642,0.0,53.506650885231345,0.0,0.0,0.0,False,False,False
main,gamma_ro_gamma_0p5,gamma_ro,2025-04-01,0,True,True,20,0.5,,0.7,20.0,optimal,40.72501099994406,29.585999965667725,0.0,0,20,15462.571691668616,498.33225108842703,15960.903942757042,15813.540249093327,16311.872500181753,125171.09396635117,0.0,53.81470384312966,0.0,0.0,0.0,False,False,False
main,gamma_ro_gamma_0p5,gamma_ro,2025-04-01,1,True,True,20,0.5,,0.7,20.0,optimal,40.72501099994406,29.585999965667725,0.0,0,20,15462.571691668616,498.33225108842703,15960.903942757042,15710.596462745782,16208.928713834208,124265.33254237517,0.007668367353807215,62.696492398165354,0.0,0.0,0.0,False,False,False
main,gamma_ro_gamma_0p5,gamma_ro,2025-04-01,2,True,True,20,0.5,,0.7,20.0,optimal,40.72501099994406,29.585999965667725,0.0,0,20,15462.571691668616,498.33225108842703,15960.903942757042,15690.73170548454,16189.063956572967,125250.32271676058,0.0,48.94110475804917,0.0,0.0,0.0,False,False,False
main,gamma_ro_gamma_0p5,gamma_ro,2025-04-01,3,True,True,20,0.5,,0.7,20.0,optimal,40.72501099994406,29.585999965667725,0.0,0,20,15462.571691668616,498.33225108842703,15960.903942757042,15786.802812799664,16285.13506388809,125287.48148851548,0.006461068046708207,54.49375073767121,0.0,0.0,0.0,False,False,False
main,gamma_ro_gamma_0p5,gamma_ro,2025-04-01,4,True,True,20,0.5,,0.7,20.0,optimal,40.72501099994406,29.585999965667725,0.0,0,20,15462.571691668616,498.33225108842703,15960.903942757042,15720.46802849003,16218.800279578456,125515.84620767897,0.0,48.24819839789098,0.0,0.0,0.0,False,False,False
main,gamma_ro_gamma_0p5,gamma_ro,2025-04-01,5,True,True,20,0.5,,0.7,20.0,optimal,40.72501099994406,29.585999965667725,0.0,0,20,15462.571691668616,498.33225108842703,15960.903942757042,15777.080017365584,16275.41226845401,125361.29384373964,0.008430766022801295,58.925548760747745,0.0,0.0,0.0,False,False,False
main,gamma_ro_gamma_0p5,gamma_ro,2025-04-01,6,True,True,20,0.5,,0.7,20.0,optimal,40.72501099994406,29.585999965667725,0.0,0,20,15462.571691668616,498.33225108842703,15960.903942757042,15760.803039064001,16259.135290152428,125554.60463709926,0.0,52.79920513006383,0.0,0.0,0.0,False,False,False
main,gamma_ro_gamma_0p5,gamma_ro,2025-04-01,7,True,True,20,0.5,,0.7,20.0,optimal,40.72501099994406,29.585999965667725,0.0,0,20,15462.571691668616,498.33225108842703,15960.903942757042,15712.030704614095,16210.362955702522,125278.55194949872,0.027985314091067887,51.068347381733574,0.0,0.0,0.0,False,False,False
main,gamma_ro_gamma_0p5,gamma_ro,2025-04-01,8,True,True,20,0.5,,0.7,20.0,optimal,40.72501099994406,29.585999965667725,0.0,0,20,15462.571691668616,498.33225108842703,15960.903942757042,15701.897611217311,16200.229862305738,124856.40008697112,0.08901270344546519,53.668967956113846,0.0,0.0,0.0,False,False,False
main,gamma_ro_gamma_0p5,gamma_ro,2025-04-01,9,True,True,20,0.5,,0.7,20.0,optimal,40.72501099994406,29.585999965667725,0.0,0,20,15462.571691668616,498.33225108842703,15960.903942757042,15658.37234225726,16156.704593345687,124768.34454389509,0.0,64.05643717965577,0.0,0.0,0.0,False,False,False
main,gamma_ro_gamma_0p5,gamma_ro,2025-04-01,10,True,True,20,0.5,,0.7,20.0,optimal,40.72501099994406,29.585999965667725,0.0,0,20,15462.571691668616,498.33225108842703,15960.903942757042,15779.976792508449,16278.309043596875,125838.19485987465,0.0,53.074448535246226,0.0,0.0,0.0,False,False,False
main,gamma_ro_gamma_0p5,gamma_ro,2025-04-01,11,True,True,20,0.5,,0.7,20.0,optimal,40.72501099994406,29.585999965667725,0.0,0,20,15462.571691668616,498.33225108842703,15960.903942757042,15736.605934503721,16234.938185592147,125391.43859696275,0.0015652387902873044,44.73817629194866,0.0,0.0,0.0,False,False,False
main,gamma_ro_gamma_0p5,gamma_ro,2025-04-01,12,True,True,20,0.5,,0.7,20.0,optimal,40.72501099994406,29.585999965667725,0.0,0,20,15462.571691668616,498.33225108842703,15960.903942757042,15821.489927060116,16319.822178148543,125449.37936512592,0.006043251448884818,49.010775062759784,0.0,0.0,0.0,False,False,False
main,gamma_ro_gamma_0p5,gamma_ro,2025-04-01,13,True,True,20,0.5,,0.7,20.0,optimal,40.72501099994406,29.585999965667725,0.0,0,20,15462.571691668616,498.33225108842703,15960.903942757042,15772.141060973929,16270.473312062355,124958.45656053847,0.0,56.787955765051976,0.0,0.0,0.0,False,False,False
main,gamma_ro_gamma_0p5,gamma_ro,2025-04-01,14,True,True,20,0.5,,0.7,20.0,optimal,40.72501099994406,29.585999965667725,0.0,0,20,15462.571691668616,498.33225108842703,15960.903942757042,15687.61081150122,16185.943062589646,125292.97992607892,0.0,54.106191980276336,0.0,0.0,0.0,False,False,False
main,gamma_ro_gamma_0p5,gamma_ro,2025-04-01,15,True,True,20,0.5,,0.7,20.0,optimal,40.72501099994406,29.585999965667725,0.0,0,20,15462.571691668616,498.33225108842703,15960.903942757042,15814.35925347332,16312.691504561746,125219.9263692994,0.0,52.07298333261316,0.0,0.0,0.0,False,False,False
main,gamma_ro_gamma_0p5,gamma_ro,2025-04-01,16,True,True,20,0.5,,0.7,20.0,optimal,40.72501099994406,29.585999965667725,0.0,0,20,15462.571691668616,498.33225108842703,15960.903942757042,15686.59831802946,16184.930569117887,125371.50724800152,0.024459425352160197,47.8209842069888,0.0,0.0,0.0,False,False,False
main,gamma_ro_gamma_0p5,gamma_ro,2025-04-01,17,True,True,20,0.5,,0.7,20.0,optimal,40.72501099994406,29.585999965667725,0.0,0,20,15462.571691668616,498.33225108842703,15960.903942757042,15776.838609651672,16275.170860740098,125653.06807971332,0.0,60.94059378237348,0.0,0.0,0.0,False,False,False
main,gamma_ro_gamma_0p5,gamma_ro,2025-04-01,18,True,True,20,0.5,,0.7,20.0,optimal,40.72501099994406,29.585999965667725,0.0,0,20,15462.571691668616,498.33225108842703,15960.903942757042,15677.493819743442,16175.826070831868,124805.29003819659,0.0,57.42098460301698,0.0,0.0,0.0,False,False,False
main,gamma_ro_gamma_0p5,gamma_ro,2025-04-01,19,True,True,20,0.5,,0.7,20.0,optimal,40.72501099994406,29.585999965667725,0.0,0,20,15462.571691668616,498.33225108842703,15960.903942757042,15847.210735083268,16345.542986171695,125467.5696866079,0.00023752130451426545,52.811994561178544,0.0,0.0,0.0,False,False,False
main,gamma_ro_gamma_0p5,gamma_ro,2025-04-01,20,True,True,20,0.5,,0.7,20.0,optimal,40.72501099994406,29.585999965667725,0.0,0,20,15462.571691668616,498.33225108842703,15960.903942757042,15768.300084931348,16266.632336019775,125888.14452266126,0.00046854730731402117,48.96494973682729,0.0,0.0,0.0,False,False,False
main,gamma_ro_gamma_0p5,gamma_ro,2025-04-01,21,True,True,20,0.5,,0.7,20.0,optimal,40.72501099994406,29.585999965667725,0.0,0,20,15462.571691668616,498.33225108842703,15960.903942757042,15796.45841592901,16294.790667017436,125598.60201089946,0.024289739290574708,50.564327923849135,0.0,0.0,0.0,False,False,False
main,gamma_ro_gamma_0p5,gamma_ro,2025-04-01,22,True,True,20,0.5,,0.7,20.0,optimal,40.72501099994406,29.585999965667725,0.0,0,20,15462.571691668616,498.33225108842703,15960.903942757042,15731.255228908098,16229.587479996524,125514.01310138054,0.025830818657684385,54.031489499818235,0.0,0.0,0.0,False,False,False
main,gamma_ro_gamma_0p5,gamma_ro,2025-04-01,23,True,True,20,0.5,,0.7,20.0,optimal,40.72501099994406,29.585999965667725,0.0,0,20,15462.571691668616,498.33225108842703,15960.903942757042,15680.910212953411,16179.242464041838,124853.4651341587,0.0,51.361622380362306,0.0,0.0,0.0,False,False,False
main,gamma_ro_gamma_0p5,gamma_ro,2025-04-01,24,True,True,20,0.5,,0.7,20.0,optimal,40.72501099994406,29.585999965667725,0.0,0,20,15462.571691668616,498.33225108842703,15960.903942757042,15676.503167675963,16174.835418764389,124599.69905357907,0.0,56.65752978372884,0.0,0.0,0.0,False,False,False
main,gamma_ro_gamma_0p5,gamma_ro,2025-04-01,25,True,True,20,0.5,,0.7,20.0,optimal,40.72501099994406,29.585999965667725,0.0,0,20,15462.571691668616,498.33225108842703,15960.903942757042,15786.15679965471,16284.489050743136,125697.12251189613,0.0018542623495375887,49.62111636284032,0.0,0.0,0.0,False,False,False
main,gamma_ro_gamma_0p5,gamma_ro,2025-04-01,26,True,True,20,0.5,,0.7,20.0,optimal,40.72501099994406,29.585999965667725,0.0,0,20,15462.571691668616,498.33225108842703,15960.903942757042,15746.456252967988,16244.788504056414,124917.28958892242,0.007067778436540523,62.19849483619254,0.0,0.0,0.0,False,False,False
main,gamma_ro_gamma_0p5,gamma_ro,2025-04-01,27,True,True,20,0.5,,0.7,20.0,optimal,40.72501099994406,29.585999965667725,0.0,0,20,15462.571691668616,498.33225108842703,15960.903942757042,15723.018216899336,16221.350467987762,125015.51908171055,0.0,58.720878622299665,0.0,0.0,0.0,False,False,False
main,gamma_ro_gamma_0p5,gamma_ro,2025-04-01,28,True,True,20,0.5,,0.7,20.0,optimal,40.72501099994406,29.585999965667725,0.0,0,20,15462.571691668616,498.33225108842703,15960.903942757042,15758.853069602392,16257.185320690818,125452.42108505777,0.0,44.05153165312986,0.0,0.0,0.0,False,False,False
main,gamma_ro_gamma_0p5,gamma_ro,2025-04-01,29,True,True,20,0.5,,0.7,20.0,optimal,40.72501099994406,29.585999965667725,0.0,0,20,15462.571691668616,498.33225108842703,15960.903942757042,15811.29509729522,16309.627348383647,125494.80958141603,0.0,41.10910099340967,0.0,0.0,0.0,False,False,False
main,gamma_ro_gamma_0p5,gamma_ro,2025-04-01,30,True,True,20,0.5,,0.7,20.0,optimal,40.72501099994406,29.585999965667725,0.0,0,20,15462.571691668616,498.33225108842703,15960.903942757042,15685.492865872131,16183.825116960557,125200.33533415056,0.0,47.688378004557144,0.0,0.0,0.0,False,False,False
main,gamma_ro_gamma_0p5,gamma_ro,2025-04-01,31,True,True,20,0.5,,0.7,20.0,optimal,40.72501099994406,29.585999965667725,0.0,0,20,15462.571691668616,498.33225108842703,15960.903942757042,15775.768722642706,16274.100973731132,125581.69367014918,0.0009013259213378755,48.20044699082615,0.0,0.0,0.0,False,False,False
main,gamma_ro_gamma_0p5,gamma_ro,2025-04-01,32,True,True,20,0.5,,0.7,20.0,optimal,40.72501099994406,29.585999965667725,0.0,0,20,15462.571691668616,498.33225108842703,15960.903942757042,15679.414216089679,16177.746467178105,125287.63758113443,0.0,50.435287775811396,0.0,0.0,0.0,False,False,False
main,gamma_ro_gamma_0p5,gamma_ro,2025-04-01,33,True,True,20,0.5,,0.7,20.0,optimal,40.72501099994406,29.585999965667725,0.0,0,20,15462.571691668616,498.33225108842703,15960.903942757042,15693.81739087238,16192.149641960807,124200.13453404234,0.0,65.39741613864892,0.0,0.0,0.0,False,False,False
main,gamma_ro_gamma_0p5,gamma_ro,2025-04-01,34,True,True,20,0.5,,0.7,20.0,optimal,40.72501099994406,29.585999965667725,0.0,0,20,15462.571691668616,498.33225108842703,15960.903942757042,15792.106162540194,16290.43841362862,124754.84334248891,0.0010785704083441927,56.01984058306444,0.0,0.0,0.0,False,False,False
main,gamma_ro_gamma_0p5,gamma_ro,2025-04-01,35,True,True,20,0.5,,0.7,20.0,optimal,40.72501099994406,29.585999965667725,0.0,0,20,15462.571691668616,498.33225108842703,15960.903942757042,15749.840563578717,16248.172814667143,125404.75254873904,0.027503503053647238,60.193931836603745,0.0,0.0,0.0,False,False,False
main,gamma_ro_gamma_0p5,gamma_ro,2025-04-01,36,True,True,20,0.5,,0.7,20.0,optimal,40.72501099994406,29.585999965667725,0.0,0,20,15462.571691668616,498.33225108842703,15960.903942757042,15747.41734799056,16245.749599078987,124941.89615272262,0.0,61.27544012680929,0.0,0.0,0.0,False,False,False
main,gamma_ro_gamma_0p5,gamma_ro,2025-04-01,37,True,True,20,0.5,,0.7,20.0,optimal,40.72501099994406,29.585999965667725,0.0,0,20,15462.571691668616,498.33225108842703,15960.903942757042,15787.478222718573,16285.810473807,125568.52406567233,0.006736315358872258,46.48611705030705,0.0,0.0,0.0,False,False,False
main,gamma_ro_gamma_0p5,gamma_ro,2025-04-01,38,True,True,20,0.5,,0.7,20.0,optimal,40.72501099994406,29.585999965667725,0.0,0,20,15462.571691668616,498.33225108842703,15960.903942757042,15716.089004557098,16214.421255645524,125167.20425488721,0.0,50.54392469376348,0.0,0.0,0.0,False,False,False
main,gamma_ro_gamma_0p5,gamma_ro,2025-04-01,39,True,True,20,0.5,,0.7,20.0,optimal,40.72501099994406,29.585999965667725,0.0,0,20,15462.571691668616,498.33225108842703,15960.903942757042,15801.573550484825,16299.905801573252,125544.52244334402,0.0,46.63102803176712,0.0,0.0,0.0,False,False,False
main,gamma_ro_gamma_0p5,gamma_ro,2025-04-01,40,True,True,20,0.5,,0.7,20.0,optimal,40.72501099994406,29.585999965667725,0.0,0,20,15462.571691668616,498.33225108842703,15960.903942757042,15702.698351801131,16201.030602889557,125197.76940949094,0.0,45.95358544416237,0.0,0.0,0.0,False,False,False
main,gamma_ro_gamma_0p5,gamma_ro,2025-04-01,41,True,True,20,0.5,,0.7,20.0,optimal,40.72501099994406,29.585999965667725,0.0,0,20,15462.571691668616,498.33225108842703,15960.903942757042,15779.15766764673,16277.489918735157,125502.13921709983,0.0,40.95012649895433,0.0,0.0,0.0,False,False,False
main,gamma_ro_gamma_0p5,gamma_ro,2025-04-01,42,True,True,20,0.5,,0.7,20.0,optimal,40.72501099994406,29.585999965667725,0.0,0,20,15462.571691668616,498.33225108842703,15960.903942757042,15700.702090125906,16199.034341214332,124930.21557174757,0.0,58.136419621204624,0.0,0.0,0.0,False,False,False
main,gamma_ro_gamma_0p5,gamma_ro,2025-04-01,43,True,True,20,0.5,,0.7,20.0,optimal,40.72501099994406,29.585999965667725,0.0,0,20,15462.571691668616,498.33225108842703,15960.903942757042,15697.07952219451,16195.411773282936,125333.12033356082,0.0,53.449058241725666,0.0,0.0,0.0,False,False,False
main,gamma_ro_gamma_0p5,gamma_ro,2025-04-01,44,True,True,20,0.5,,0.7,20.0,optimal,40.72501099994406,29.585999965667725,0.0,0,20,15462.571691668616,498.33225108842703,15960.903942757042,15740.09357870346,16238.425829791886,125437.1392928997,0.0,53.87845123980207,0.0,0.0,0.0,False,False,False
main,gamma_ro_gamma_0p5,gamma_ro,2025-04-01,45,True,True,20,0.5,,0.7,20.0,optimal,40.72501099994406,29.585999965667725,0.0,0,20,15462.571691668616,498.33225108842703,15960.903942757042,15714.077998690796,16212.410249779223,125316.76404946872,0.0,56.20399908706008,0.0,0.0,0.0,False,False,False
main,gamma_ro_gamma_0p5,gamma_ro,2025-04-01,46,True,True,20,0.5,,0.7,20.0,optimal,40.72501099994406,29.585999965667725,0.0,0,20,15462.571691668616,498.33225108842703,15960.903942757042,15815.07746680469,16313.409717893117,125393.98380665001,0.004945149157083578,53.36783083108865,0.0,0.0,0.0,False,False,False
main,gamma_ro_gamma_0p5,gamma_ro,2025-04-01,47,True,True,20,0.5,,0.7,20.0,optimal,40.72501099994406,29.585999965667725,0.0,0,20,15462.571691668616,498.33225108842703,15960.903942757042,15758.002252403798,16256.334503492224,125306.88957011668,0.004080035210676569,54.70147388451687,0.0,0.0,0.0,False,False,False
main,gamma_ro_gamma_0p5,gamma_ro,2025-04-01,48,True,True,20,0.5,,0.7,20.0,optimal,40.72501099994406,29.585999965667725,0.0,0,20,15462.571691668616,498.33225108842703,15960.903942757042,15666.651416449175,16164.983667537601,125289.34418612662,0.0,51.814668460996906,0.0,0.0,0.0,False,False,False
main,gamma_ro_gamma_0p5,gamma_ro,2025-04-01,49,True,True,20,0.5,,0.7,20.0,optimal,40.72501099994406,29.585999965667725,0.0,0,20,15462.571691668616,498.33225108842703,15960.903942757042,15752.766874078621,16251.099125167048,124902.57870024705,0.006786482195619475,57.3125030274222,0.0,0.0,0.0,False,False,False
main,gamma_ro_gamma_0p5,gamma_ro,2025-04-01,50,True,True,20,0.5,,0.7,20.0,optimal,40.72501099994406,29.585999965667725,0.0,0,20,15462.571691668616,498.33225108842703,15960.903942757042,15664.156420344218,16162.488671432644,125095.46733363996,0.005640741648478248,57.37642686126391,0.0,0.0,0.0,False,False,False
main,gamma_ro_gamma_0p5,gamma_ro,2025-04-01,51,True,True,20,0.5,,0.7,20.0,optimal,40.72501099994406,29.585999965667725,0.0,0,20,15462.571691668616,498.33225108842703,15960.903942757042,15759.164650657072,16257.496901745499,125037.07758433808,0.04695966829940024,54.8414938798204,0.0,0.0,0.0,False,False,False
main,gamma_ro_gamma_0p5,gamma_ro,2025-04-01,52,True,True,20,0.5,,0.7,20.0,optimal,40.72501099994406,29.585999965667725,0.0,0,20,15462.571691668616,498.33225108842703,15960.903942757042,15744.921164077325,16243.253415165751,125014.34231381136,0.024248341899165943,56.71909139532822,0.0,0.0,0.0,False,False,False
main,gamma_ro_gamma_0p5,gamma_ro,2025-04-01,53,True,True,20,0.5,,0.7,20.0,optimal,40.72501099994406,29.585999965667725,0.0,0,20,15462.571691668616,498.33225108842703,15960.903942757042,15765.635280535535,16263.96753162396,125595.42418048001,0.0,46.0044997276448,0.0,0.0,0.0,False,False,False
main,gamma_ro_gamma_0p5,gamma_ro,2025-04-01,54,True,True,20,0.5,,0.7,20.0,optimal,40.72501099994406,29.585999965667725,0.0,0,20,15462.571691668616,498.33225108842703,15960.903942757042,15706.061501469936,16204.393752558362,125340.73913188686,0.0,52.343172453007455,0.0,0.0,0.0,False,False,False
main,gamma_ro_gamma_0p5,gamma_ro,2025-04-01,55,True,True,20,0.5,,0.7,20.0,optimal,40.72501099994406,29.585999965667725,0.0,0,20,15462.571691668616,498.33225108842703,15960.903942757042,15670.897517221796,16169.229768310222,125406.27794747228,0.0,58.049144492864926,0.0,0.0,0.0,False,False,False
main,gamma_ro_gamma_0p5,gamma_ro,2025-04-01,56,True,True,20,0.5,,0.7,20.0,optimal,40.72501099994406,29.585999965667725,0.0,0,20,15462.571691668616,498.33225108842703,15960.903942757042,15693.505025028142,16191.837276116568,125443.51537234033,0.0,39.754505861338416,0.0,0.0,0.0,False,False,False
main,gamma_ro_gamma_0p5,gamma_ro,2025-04-01,57,True,True,20,0.5,,0.7,20.0,optimal,40.72501099994406,29.585999965667725,0.0,0,20,15462.571691668616,498.33225108842703,15960.903942757042,15717.979135113175,16216.311386201602,124845.12404523739,0.0,54.08267983535387,0.0,0.0,0.0,False,False,False
main,gamma_ro_gamma_0p5,gamma_ro,2025-04-01,58,True,True,20,0.5,,0.7,20.0,optimal,40.72501099994406,29.585999965667725,0.0,0,20,15462.571691668616,498.33225108842703,15960.903942757042,15801.921376499426,16300.253627587852,125356.44237832808,0.023508986525897557,60.89794462875663,0.0,0.0,0.0,False,False,False
main,gamma_ro_gamma_0p5,gamma_ro,2025-04-01,59,True,True,20,0.5,,0.7,20.0,optimal,40.72501099994406,29.585999965667725,0.0,0,20,15462.571691668616,498.33225108842703,15960.903942757042,15712.548265125053,16210.88051621348,125126.68762109615,0.0007888604235196939,53.4261218541311,0.0,0.0,0.0,False,False,False
main,gamma_ro_gamma_0p5,gamma_ro,2025-04-01,60,True,True,20,0.5,,0.7,20.0,optimal,40.72501099994406,29.585999965667725,0.0,0,20,15462.571691668616,498.33225108842703,15960.903942757042,15666.22603070852,16164.558281796946,125166.8214665398,0.09162097924459589,55.92615720613852,0.0,0.0,0.0,False,False,False
main,gamma_ro_gamma_0p5,gamma_ro,2025-04-01,61,True,True,20,0.5,,0.7,20.0,optimal,40.72501099994406,29.585999965667725,0.0,0,20,15462.571691668616,498.33225108842703,15960.903942757042,15691.833140226334,16190.16539131476,125398.10939478863,0.0,45.38938776168791,0.0,0.0,0.0,False,False,False
main,gamma_ro_gamma_0p5,gamma_ro,2025-04-01,62,True,True,20,0.5,,0.7,20.0,optimal,40.72501099994406,29.585999965667725,0.0,0,20,15462.571691668616,498.33225108842703,15960.903942757042,15796.113660958923,16294.44591204735,125611.63216181092,0.0033592645277048527,57.14968641211675,0.0,0.0,0.0,False,False,False
main,gamma_ro_gamma_0p5,gamma_ro,2025-04-01,63,True,True,20,0.5,,0.7,20.0,optimal,40.72501099994406,29.585999965667725,0.0,0,20,15462.571691668616,498.33225108842703,15960.903942757042,15826.327835658652,16324.660086747079,125226.593589459,0.008430137274416577,61.41617407473693,0.0,0.0,0.0,False,False,False
main,gamma_ro_gamma_0p5,gamma_ro,2025-04-01,64,True,True,20,0.5,,0.7,20.0,optimal,40.72501099994406,29.585999965667725,0.0,0,20,15462.571691668616,498.33225108842703,15960.903942757042,15685.621571315756,16183.953822404183,125525.40295621383,0.0,47.4010420877836,0.0,0.0,0.0,False,False,False
main,gamma_ro_gamma_0p5,gamma_ro,2025-04-01,65,True,True,20,0.5,,0.7,20.0,optimal,40.72501099994406,29.585999965667725,0.0,0,20,15462.571691668616,498.33225108842703,15960.903942757042,15832.437984725431,16330.770235813858,125615.9466911892,0.0,56.6525640701954,0.0,0.0,0.0,False,False,False
main,gamma_ro_gamma_0p5,gamma_ro,2025-04-01,66,True,True,20,0.5,,0.7,20.0,optimal,40.72501099994406,29.585999965667725,0.0,0,20,15462.571691668616,498.33225108842703,15960.903942757042,15708.48806290429,16206.820313992715,125198.19313357717,0.0,61.44406054683951,0.0,0.0,0.0,False,False,False
main,gamma_ro_gamma_0p5,gamma_ro,2025-04-01,67,True,True,20,0.5,,0.7,20.0,optimal,40.72501099994406,29.585999965667725,0.0,0,20,15462.571691668616,498.33225108842703,15960.903942757042,15665.761071817593,16164.09332290602,125541.57215624578,0.0,57.0971437037691,0.0,0.0,0.0,False,False,False
main,gamma_ro_gamma_0p5,gamma_ro,2025-04-01,68,True,True,20,0.5,,0.7,20.0,optimal,40.72501099994406,29.585999965667725,0.0,0,20,15462.571691668616,498.33225108842703,15960.903942757042,15583.896804143222,16082.229055231648,124711.01364967282,0.07292904079019036,54.3471758633794,0.0,0.0,0.0,False,False,False
main,gamma_ro_gamma_0p5,gamma_ro,2025-04-01,69,True,True,20,0.5,,0.7,20.0,optimal,40.72501099994406,29.585999965667725,0.0,0,20,15462.571691668616,498.33225108842703,15960.903942757042,15785.364965833054,16283.69721692148,125174.7473773632,0.0,56.73247512385217,0.0,0.0,0.0,False,False,False
main,gamma_ro_gamma_0p5,gamma_ro,2025-04-01,70,True,True,20,0.5,,0.7,20.0,optimal,40.72501099994406,29.585999965667725,0.0,0,20,15462.571691668616,498.33225108842703,15960.903942757042,15706.071620320534,16204.40387140896,125108.92592131333,0.0,59.894868565041286,0.0,0.0,0.0,False,False,False
main,gamma_ro_gamma_0p5,gamma_ro,2025-04-01,71,True,True,20,0.5,,0.7,20.0,optimal,40.72501099994406,29.585999965667725,0.0,0,20,15462.571691668616,498.33225108842703,15960.903942757042,15737.1587677071,16235.491018795527,125159.19362464578,0.07768497098251204,58.441084102459236,0.0,0.0,0.0,False,False,False
main,gamma_ro_gamma_0p5,gamma_ro,2025-04-01,72,True,True,20,0.5,,0.7,20.0,optimal,40.72501099994406,29.585999965667725,0.0,0,20,15462.571691668616,498.33225108842703,15960.903942757042,15715.92691902316,16214.259170111587,124669.04077759125,0.055519942278198675,59.491347245556895,0.0,0.0,0.0,False,False,False
main,gamma_ro_gamma_0p5,gamma_ro,2025-04-01,73,True,True,20,0.5,,0.7,20.0,optimal,40.72501099994406,29.585999965667725,0.0,0,20,15462.571691668616,498.33225108842703,15960.903942757042,15665.125080261414,16163.45733134984,124933.77880299646,0.07895649567873542,52.346108480078406,0.0,0.0,0.0,False,False,False
main,gamma_ro_gamma_0p5,gamma_ro,2025-04-01,74,True,True,20,0.5,,0.7,20.0,optimal,40.72501099994406,29.585999965667725,0.0,0,20,15462.571691668616,498.33225108842703,15960.903942757042,15668.360527957047,16166.692779045474,124901.67338409033,0.0012784931288753465,56.6434744762367,0.0,0.0,0.0,False,False,False
main,gamma_ro_gamma_0p5,gamma_ro,2025-04-01,75,True,True,20,0.5,,0.7,20.0,optimal,40.72501099994406,29.585999965667725,0.0,0,20,15462.571691668616,498.33225108842703,15960.903942757042,15734.072551061388,16232.404802149815,125508.51464429681,0.02424076323695004,49.964871270420836,0.0,0.0,0.0,False,False,False
main,gamma_ro_gamma_0p5,gamma_ro,2025-04-01,76,True,True,20,0.5,,0.7,20.0,optimal,40.72501099994406,29.585999965667725,0.0,0,20,15462.571691668616,498.33225108842703,15960.903942757042,15722.034447891541,16220.366698979968,125043.61281263625,0.007674808645565662,54.39677421720055,0.0,0.0,0.0,False,False,False
main,gamma_ro_gamma_0p5,gamma_ro,2025-04-01,77,True,True,20,0.5,,0.7,20.0,optimal,40.72501099994406,29.585999965667725,0.0,0,20,15462.571691668616,498.33225108842703,15960.903942757042,15747.042811897965,16245.375062986392,125008.28959797783,0.03630257561581435,49.10825943070503,0.0,0.0,0.0,False,False,False
main,gamma_ro_gamma_0p5,gamma_ro,2025-04-01,78,True,True,20,0.5,,0.7,20.0,optimal,40.72501099994406,29.585999965667725,0.0,0,20,15462.571691668616,498.33225108842703,15960.903942757042,15728.339649748048,16226.671900836474,125582.4537250518,0.0024713827587053983,53.35162829379455,0.0,0.0,0.0,False,False,False
main,gamma_ro_gamma_0p5,gamma_ro,2025-04-01,79,True,True,20,0.5,,0.7,20.0,optimal,40.72501099994406,29.585999965667725,0.0,0,20,15462.571691668616,498.33225108842703,15960.903942757042,15789.733823487642,16288.066074576069,125278.65413796855,0.0,50.413792026457706,0.0,0.0,0.0,False,False,False
main,gamma_ro_gamma_0p5,gamma_ro,2025-04-01,80,True,True,20,0.5,,0.7,20.0,optimal,40.72501099994406,29.585999965667725,0.0,0,20,15462.571691668616,498.33225108842703,15960.903942757042,15756.89724166467,16255.229492753097,125289.86267322193,0.0,49.02440482765165,0.0,0.0,0.0,False,False,False
main,gamma_ro_gamma_0p5,gamma_ro,2025-04-01,81,True,True,20,0.5,,0.7,20.0,optimal,40.72501099994406,29.585999965667725,0.0,0,20,15462.571691668616,498.33225108842703,15960.903942757042,15727.306395134376,16225.638646222802,125032.32044883129,0.004944016616866914,60.50026619965251,0.0,0.0,0.0,False,False,False
main,gamma_ro_gamma_0p5,gamma_ro,2025-04-01,82,True,True,20,0.5,,0.7,20.0,optimal,40.72501099994406,29.585999965667725,0.0,0,20,15462.571691668616,498.33225108842703,15960.903942757042,15757.155739240603,16255.48799032903,125653.61127953789,0.0,44.84431059123776,0.0,0.0,0.0,False,False,False
main,gamma_ro_gamma_0p5,gamma_ro,2025-04-01,83,True,True,20,0.5,,0.7,20.0,optimal,40.72501099994406,29.585999965667725,0.0,0,20,15462.571691668616,498.33225108842703,15960.903942757042,15723.18522499069,16221.517476079116,124932.63958400993,0.0,48.230983325805155,0.0,0.0,0.0,False,False,False
main,gamma_ro_gamma_0p5,gamma_ro,2025-04-01,84,True,True,20,0.5,,0.7,20.0,optimal,40.72501099994406,29.585999965667725,0.0,0,20,15462.571691668616,498.33225108842703,15960.903942757042,15722.694902050349,16221.027153138775,125085.53214497787,0.001384567627080141,47.620054936333204,0.0,0.0,0.0,False,False,False
main,gamma_ro_gamma_0p5,gamma_ro,2025-04-01,85,True,True,20,0.5,,0.7,20.0,optimal,40.72501099994406,29.585999965667725,0.0,0,20,15462.571691668616,498.33225108842703,15960.903942757042,15752.763890245029,16251.096141333455,125013.87382444038,0.0,62.31906896862248,0.0,0.0,0.0,False,False,False
main,gamma_ro_gamma_0p5,gamma_ro,2025-04-01,86,True,True,20,0.5,,0.7,20.0,optimal,40.72501099994406,29.585999965667725,0.0,0,20,15462.571691668616,498.33225108842703,15960.903942757042,15725.625730130121,16223.957981218548,125355.40710311978,0.004727304120916015,46.569386250801095,0.0,0.0,0.0,False,False,False
main,gamma_ro_gamma_0p5,gamma_ro,2025-04-01,87,True,True,20,0.5,,0.7,20.0,optimal,40.72501099994406,29.585999965667725,0.0,0,20,15462.571691668616,498.33225108842703,15960.903942757042,15684.692694284142,16183.024945372568,124938.47286329418,0.038887041938011846,50.253465129295336,0.0,0.0,0.0,False,False,False
main,gamma_ro_gamma_0p5,gamma_ro,2025-04-01,88,True,True,20,0.5,,0.7,20.0,optimal,40.72501099994406,29.585999965667725,0.0,0,20,15462.571691668616,498.33225108842703,15960.903942757042,15773.502911414964,16271.83516250339,124944.72129174515,0.0,62.61670188295023,0.0,0.0,0.0,False,False,False
main,gamma_ro_gamma_0p5,gamma_ro,2025-04-01,89,True,True,20,0.5,,0.7,20.0,optimal,40.72501099994406,29.585999965667725,0.0,0,20,15462.571691668616,498.33225108842703,15960.903942757042,15652.082237808423,16150.41448889685,125100.75706356054,0.0,51.86994359739925,0.0,0.0,0.0,False,False,False
main,gamma_ro_gamma_0p5,gamma_ro,2025-04-01,90,True,True,20,0.5,,0.7,20.0,optimal,40.72501099994406,29.585999965667725,0.0,0,20,15462.571691668616,498.33225108842703,15960.903942757042,15681.23477485068,16179.567025939106,124795.99787274694,0.06557475290834258,59.44636945454069,0.0,0.0,0.0,False,False,False
main,gamma_ro_gamma_0p5,gamma_ro,2025-04-01,91,True,True,20,0.5,,0.7,20.0,optimal,40.72501099994406,29.585999965667725,0.0,0,20,15462.571691668616,498.33225108842703,15960.903942757042,15734.877896334629,16233.210147423055,125208.65622850263,0.005055667925317586,54.54602208447519,0.0,0.0,0.0,False,False,False
main,gamma_ro_gamma_0p5,gamma_ro,2025-04-01,92,True,True,20,0.5,,0.7,20.0,optimal,40.72501099994406,29.585999965667725,0.0,0,20,15462.571691668616,498.33225108842703,15960.903942757042,15749.764971938492,16248.097223026918,125244.8987785529,0.0,44.20416884734352,0.0,0.0,0.0,False,False,False
main,gamma_ro_gamma_0p5,gamma_ro,2025-04-01,93,True,True,20,0.5,,0.7,20.0,optimal,40.72501099994406,29.585999965667725,0.0,0,20,15462.571691668616,498.33225108842703,15960.903942757042,15751.457764816972,16249.790015905399,125029.42247835528,0.0,53.766419906647634,0.0,0.0,0.0,False,False,False
main,gamma_ro_gamma_0p5,gamma_ro,2025-04-01,94,True,True,20,0.5,,0.7,20.0,optimal,40.72501099994406,29.585999965667725,0.0,0,20,15462.571691668616,498.33225108842703,15960.903942757042,15674.385302201494,16172.71755328992,124852.52072950474,0.0,50.750562551160925,0.0,0.0,0.0,False,False,False
main,gamma_ro_gamma_0p5,gamma_ro,2025-04-01,95,True,True,20,0.5,,0.7,20.0,optimal,40.72501099994406,29.585999965667725,0.0,0,20,15462.571691668616,498.33225108842703,15960.903942757042,15708.881019877306,16207.213270965733,125539.61560264975,0.023586486395180656,55.54427762341672,0.0,0.0,0.0,False,False,False
main,gamma_ro_gamma_0p5,gamma_ro,2025-04-01,96,True,True,20,0.5,,0.7,20.0,optimal,40.72501099994406,29.585999965667725,0.0,0,20,15462.571691668616,498.33225108842703,15960.903942757042,15776.376348361871,16274.708599450298,125485.20602881309,0.02726601426556388,54.07098238176337,0.0,0.0,0.0,False,False,False
main,gamma_ro_gamma_0p5,gamma_ro,2025-04-01,97,True,True,20,0.5,,0.7,20.0,optimal,40.72501099994406,29.585999965667725,0.0,0,20,15462.571691668616,498.33225108842703,15960.903942757042,15780.949072668709,16279.281323757135,125427.93549247798,0.0,51.2245445759083,0.0,0.0,0.0,False,False,False
main,gamma_ro_gamma_0p5,gamma_ro,2025-04-01,98,True,True,20,0.5,,0.7,20.0,optimal,40.72501099994406,29.585999965667725,0.0,0,20,15462.571691668616,498.33225108842703,15960.903942757042,15682.988822054116,16181.321073142542,125483.11348440812,0.02442530556632297,46.227449138622625,0.0,0.0,0.0,False,False,False
main,gamma_ro_gamma_0p5,gamma_ro,2025-04-01,99,True,True,20,0.5,,0.7,20.0,optimal,40.72501099994406,29.585999965667725,0.0,0,20,15462.571691668616,498.33225108842703,15960.903942757042,15757.512505270412,16255.844756358838,125352.94962698159,0.0,56.5072397513846,0.0,0.0,0.0,False,False,False
main,gamma_ro_gamma_0p5,gamma_ro,2025-07-01,0,True,True,20,0.5,,0.7,20.0,optimal,32.68196439999156,23.078999996185303,0.0,0,20,15865.46096236073,295.2709491819112,16160.731911542642,16707.43270472614,17002.70365390805,171818.0307035957,0.0,57.52658419752889,0.0,0.0,0.0,False,False,False
main,gamma_ro_gamma_0p5,gamma_ro,2025-07-01,1,True,True,20,0.5,,0.7,20.0,optimal,32.68196439999156,23.078999996185303,0.0,0,20,15865.46096236073,295.2709491819112,16160.731911542642,16664.24988825393,16959.52083743584,171081.23270408073,0.0,69.96620788005549,0.0,0.0,0.0,False,False,False
main,gamma_ro_gamma_0p5,gamma_ro,2025-07-01,2,True,True,20,0.5,,0.7,20.0,optimal,32.68196439999156,23.078999996185303,0.0,0,20,15865.46096236073,295.2709491819112,16160.731911542642,16736.415377616075,17031.686326797986,171520.45277859565,0.0,53.667370808842556,0.0,0.0,0.0,False,False,False
main,gamma_ro_gamma_0p5,gamma_ro,2025-07-01,3,True,True,20,0.5,,0.7,20.0,optimal,32.68196439999156,23.078999996185303,0.0,0,20,15865.46096236073,295.2709491819112,16160.731911542642,16717.591089940648,17012.86203912256,171755.1632876969,0.01835419015052342,59.365377919996604,0.0,0.0,0.0,False,False,False
main,gamma_ro_gamma_0p5,gamma_ro,2025-07-01,4,True,True,20,0.5,,0.7,20.0,optimal,32.68196439999156,23.078999996185303,0.0,0,20,15865.46096236073,295.2709491819112,16160.731911542642,16596.174616446388,16891.4455656283,172087.63559071184,0.0,52.61585103159466,0.0,0.0,0.0,False,False,False
main,gamma_ro_gamma_0p5,gamma_ro,2025-07-01,5,True,True,20,0.5,,0.7,20.0,optimal,32.68196439999156,23.078999996185303,0.0,0,20,15865.46096236073,295.2709491819112,16160.731911542642,16721.622558528175,17016.893507710087,171710.75893985186,0.0,59.85307914603782,0.0,0.0,0.0,False,False,False
main,gamma_ro_gamma_0p5,gamma_ro,2025-07-01,6,True,True,20,0.5,,0.7,20.0,optimal,32.68196439999156,23.078999996185303,0.0,0,20,15865.46096236073,295.2709491819112,16160.731911542642,16777.725897054675,17072.996846236587,171966.1380946995,0.0,56.65497423028078,0.0,0.0,0.0,False,False,False
main,gamma_ro_gamma_0p5,gamma_ro,2025-07-01,7,True,True,20,0.5,,0.7,20.0,optimal,32.68196439999156,23.078999996185303,0.0,0,20,15865.46096236073,295.2709491819112,16160.731911542642,16726.054898704762,17021.325847886674,171791.3726160525,0.0,56.72056044249132,0.0,0.0,0.0,False,False,False
main,gamma_ro_gamma_0p5,gamma_ro,2025-07-01,8,True,True,20,0.5,,0.7,20.0,optimal,32.68196439999156,23.078999996185303,0.0,0,20,15865.46096236073,295.2709491819112,16160.731911542642,16635.641423675006,16930.912372856918,171326.60220428553,0.0,59.405684164964505,0.0,0.0,0.0,False,False,False
main,gamma_ro_gamma_0p5,gamma_ro,2025-07-01,9,True,True,20,0.5,,0.7,20.0,optimal,32.68196439999156,23.078999996185303,0.0,0,20,15865.46096236073,295.2709491819112,16160.731911542642,16782.21918480737,17077.490133989282,171634.57645127538,0.0,64.42003176841544,0.0,0.0,0.0,False,False,False
main,gamma_ro_gamma_0p5,gamma_ro,2025-07-01,10,True,True,20,0.5,,0.7,20.0,optimal,32.68196439999156,23.078999996185303,0.0,0,20,15865.46096236073,295.2709491819112,16160.731911542642,16709.304303714693,17004.575252896604,171605.30998533135,0.0,55.40053411643623,0.0,0.0,0.0,False,False,False
main,gamma_ro_gamma_0p5,gamma_ro,2025-07-01,11,True,True,20,0.5,,0.7,20.0,optimal,32.68196439999156,23.078999996185303,0.0,0,20,15865.46096236073,295.2709491819112,16160.731911542642,16727.678064215725,17022.949013397636,171674.66303620348,0.0,51.65215894525134,0.0,0.0,0.0,False,False,False
main,gamma_ro_gamma_0p5,gamma_ro,2025-07-01,12,True,True,20,0.5,,0.7,20.0,optimal,32.68196439999156,23.078999996185303,0.0,0,20,15865.46096236073,295.2709491819112,16160.731911542642,16761.53724826719,17056.8081974491,170994.69551462977,0.0,53.8344182145395,0.0,0.0,0.0,False,False,False
main,gamma_ro_gamma_0p5,gamma_ro,2025-07-01,13,True,True,20,0.5,,0.7,20.0,optimal,32.68196439999156,23.078999996185303,0.0,0,20,15865.46096236073,295.2709491819112,16160.731911542642,16764.8365741855,17060.107523367413,171394.09793808305,0.008076434087295747,57.83312677166975,0.0,0.0,0.0,False,False,False
main,gamma_ro_gamma_0p5,gamma_ro,2025-07-01,14,True,True,20,0.5,,0.7,20.0,optimal,32.68196439999156,23.078999996185303,0.0,0,20,15865.46096236073,295.2709491819112,16160.731911542642,16685.94622268505,16981.21717186696,171540.17099156594,0.0,57.68714790239681,0.0,0.0,0.0,False,False,False
main,gamma_ro_gamma_0p5,gamma_ro,2025-07-01,15,True,True,20,0.5,,0.7,20.0,optimal,32.68196439999156,23.078999996185303,0.0,0,20,15865.46096236073,295.2709491819112,16160.731911542642,16721.43241720202,17016.703366383932,171306.32246362683,0.0,54.27215288915871,0.0,0.0,0.0,False,False,False
main,gamma_ro_gamma_0p5,gamma_ro,2025-07-01,16,True,True,20,0.5,,0.7,20.0,optimal,32.68196439999156,23.078999996185303,0.0,0,20,15865.46096236073,295.2709491819112,16160.731911542642,16753.885446967262,17049.156396149174,172270.20120542348,0.0,55.51055140195971,0.0,0.0,0.0,False,False,False
main,gamma_ro_gamma_0p5,gamma_ro,2025-07-01,17,True,True,20,0.5,,0.7,20.0,optimal,32.68196439999156,23.078999996185303,0.0,0,20,15865.46096236073,295.2709491819112,16160.731911542642,16846.66656743436,17141.93751661627,171544.4577921704,0.0,66.638786160083,0.0,0.0,0.0,False,False,False
main,gamma_ro_gamma_0p5,gamma_ro,2025-07-01,18,True,True,20,0.5,,0.7,20.0,optimal,32.68196439999156,23.078999996185303,0.0,0,20,15865.46096236073,295.2709491819112,16160.731911542642,16872.070340303882,17167.341289485794,171472.76225651044,0.0,60.742037864172076,0.0,0.0,0.0,False,False,False
main,gamma_ro_gamma_0p5,gamma_ro,2025-07-01,19,True,True,20,0.5,,0.7,20.0,optimal,32.68196439999156,23.078999996185303,0.0,0,20,15865.46096236073,295.2709491819112,16160.731911542642,16714.58909780066,17009.860046982572,171610.72253827172,0.0,58.014453361796264,0.0,0.0,0.0,False,False,False
main,gamma_ro_gamma_0p5,gamma_ro,2025-07-01,20,True,True,20,0.5,,0.7,20.0,optimal,32.68196439999156,23.078999996185303,0.0,0,20,15865.46096236073,295.2709491819112,16160.731911542642,16760.548295655415,17055.819244837327,172546.940634457,0.0,53.22790405443529,0.0,0.0,0.0,False,False,False
main,gamma_ro_gamma_0p5,gamma_ro,2025-07-01,21,True,True,20,0.5,,0.7,20.0,optimal,32.68196439999156,23.078999996185303,0.0,0,20,15865.46096236073,295.2709491819112,16160.731911542642,16678.559955432174,16973.830904614086,171970.81947354184,0.033949608400864806,52.96718399329005,0.0,0.0,0.0,False,False,False
main,gamma_ro_gamma_0p5,gamma_ro,2025-07-01,22,True,True,20,0.5,,0.7,20.0,optimal,32.68196439999156,23.078999996185303,0.0,0,20,15865.46096236073,295.2709491819112,16160.731911542642,16724.391612215582,17019.662561397494,171522.28308547474,0.0,57.18304895450296,0.0,0.0,0.0,False,False,False
main,gamma_ro_gamma_0p5,gamma_ro,2025-07-01,23,True,True,20,0.5,,0.7,20.0,optimal,32.68196439999156,23.078999996185303,0.0,0,20,15865.46096236073,295.2709491819112,16160.731911542642,16718.15277618691,17013.423725368822,171316.89755434415,0.0,59.45011320093232,0.0,0.0,0.0,False,False,False
main,gamma_ro_gamma_0p5,gamma_ro,2025-07-01,24,True,True,20,0.5,,0.7,20.0,optimal,32.68196439999156,23.078999996185303,0.0,0,20,15865.46096236073,295.2709491819112,16160.731911542642,16773.482194355543,17068.753143537455,171558.91957543764,0.0,65.93008885247771,0.0,0.0,0.0,False,False,False
main,gamma_ro_gamma_0p5,gamma_ro,2025-07-01,25,True,True,20,0.5,,0.7,20.0,optimal,32.68196439999156,23.078999996185303,0.0,0,20,15865.46096236073,295.2709491819112,16160.731911542642,16728.043379339586,17023.314328521497,172029.8234183265,0.0,50.8296441776909,0.0,0.0,0.0,False,False,False
main,gamma_ro_gamma_0p5,gamma_ro,2025-07-01,26,True,True,20,0.5,,0.7,20.0,optimal,32.68196439999156,23.078999996185303,0.0,0,20,15865.46096236073,295.2709491819112,16160.731911542642,16711.51453642206,17006.78548560397,171237.8356653483,0.010674698249926395,65.15971696458507,0.0,0.0,0.0,False,False,False
main,gamma_ro_gamma_0p5,gamma_ro,2025-07-01,27,True,True,20,0.5,,0.7,20.0,optimal,32.68196439999156,23.078999996185303,0.0,0,20,15865.46096236073,295.2709491819112,16160.731911542642,16746.101354232993,17041.372303414904,171143.75942064868,0.008991242055448878,62.994171068545015,0.0,0.0,0.0,False,False,False
main,gamma_ro_gamma_0p5,gamma_ro,2025-07-01,28,True,True,20,0.5,,0.7,20.0,optimal,32.68196439999156,23.078999996185303,0.0,0,20,15865.46096236073,295.2709491819112,16160.731911542642,16736.717655276807,17031.98860445872,172055.74717844898,0.0,45.98796796765504,0.0,0.0,0.0,False,False,False
main,gamma_ro_gamma_0p5,gamma_ro,2025-07-01,29,True,True,20,0.5,,0.7,20.0,optimal,32.68196439999156,23.078999996185303,0.0,0,20,15865.46096236073,295.2709491819112,16160.731911542642,16766.900095074743,17062.171044256655,171627.42964286084,0.0,48.267415649545775,0.0,0.0,0.0,False,False,False
main,gamma_ro_gamma_0p5,gamma_ro,2025-07-01,30,True,True,20,0.5,,0.7,20.0,optimal,32.68196439999156,23.078999996185303,0.0,0,20,15865.46096236073,295.2709491819112,16160.731911542642,16611.38883849667,16906.65978767858,171665.67434789852,0.0650859852622171,51.0808618124414,0.0,0.0,0.0,False,False,False
main,gamma_ro_gamma_0p5,gamma_ro,2025-07-01,31,True,True,20,0.5,,0.7,20.0,optimal,32.68196439999156,23.078999996185303,0.0,0,20,15865.46096236073,295.2709491819112,16160.731911542642,16689.169073876677,16984.44002305859,171285.05953605732,0.0,59.18757646379817,0.0,0.0,0.0,False,False,False
main,gamma_ro_gamma_0p5,gamma_ro,2025-07-01,32,True,True,20,0.5,,0.7,20.0,optimal,32.68196439999156,23.078999996185303,0.0,0,20,15865.46096236073,295.2709491819112,16160.731911542642,16720.010357583807,17015.28130676572,171509.54950099773,0.0,61.2589515733004,0.0,0.0,0.0,False,False,False
main,gamma_ro_gamma_0p5,gamma_ro,2025-07-01,33,True,True,20,0.5,,0.7,20.0,optimal,32.68196439999156,23.078999996185303,0.0,0,20,15865.46096236073,295.2709491819112,16160.731911542642,16749.227209890298,17044.49815907221,171457.2514636315,0.0,69.24620006791037,0.0,0.0,0.0,False,False,False
main,gamma_ro_gamma_0p5,gamma_ro,2025-07-01,34,True,True,20,0.5,,0.7,20.0,optimal,32.68196439999156,23.078999996185303,0.0,0,20,15865.46096236073,295.2709491819112,16160.731911542642,16684.21551062233,16979.48645980424,171914.91772643165,0.0,59.50181542866365,0.0,0.0,0.0,False,False,False
main,gamma_ro_gamma_0p5,gamma_ro,2025-07-01,35,True,True,20,0.5,,0.7,20.0,optimal,32.68196439999156,23.078999996185303,0.0,0,20,15865.46096236073,295.2709491819112,16160.731911542642,16776.676039885857,17071.94698906777,171942.45945434165,0.0,61.56731023347356,0.0,0.0,0.0,False,False,False
main,gamma_ro_gamma_0p5,gamma_ro,2025-07-01,36,True,True,20,0.5,,0.7,20.0,optimal,32.68196439999156,23.078999996185303,0.0,0,20,15865.46096236073,295.2709491819112,16160.731911542642,16705.81542104632,17001.086370228233,172170.85029452146,0.0,65.97447140972616,0.0,0.0,0.0,False,False,False
main,gamma_ro_gamma_0p5,gamma_ro,2025-07-01,37,True,True,20,0.5,,0.7,20.0,optimal,32.68196439999156,23.078999996185303,0.0,0,20,15865.46096236073,295.2709491819112,16160.731911542642,16645.31534639708,16940.586295578993,171733.52852893103,0.0,48.756750284077754,0.0,0.0,0.0,False,False,False
main,gamma_ro_gamma_0p5,gamma_ro,2025-07-01,38,True,True,20,0.5,,0.7,20.0,optimal,32.68196439999156,23.078999996185303,0.0,0,20,15865.46096236073,295.2709491819112,16160.731911542642,16707.834583661577,17003.10553284349,171456.21427690543,0.02896682709308096,50.41644331426102,0.0,0.0,0.0,False,False,False
main,gamma_ro_gamma_0p5,gamma_ro,2025-07-01,39,True,True,20,0.5,,0.7,20.0,optimal,32.68196439999156,23.078999996185303,0.0,0,20,15865.46096236073,295.2709491819112,16160.731911542642,16771.957361935554,17067.228311117466,172107.33648945947,0.0,48.35131567000699,0.0,0.0,0.0,False,False,False
main,gamma_ro_gamma_0p5,gamma_ro,2025-07-01,40,True,True,20,0.5,,0.7,20.0,optimal,32.68196439999156,23.078999996185303,0.0,0,20,15865.46096236073,295.2709491819112,16160.731911542642,16728.926027612528,17024.19697679444,171597.2680230939,0.0,53.00452084267128,0.0,0.0,0.0,False,False,False
main,gamma_ro_gamma_0p5,gamma_ro,2025-07-01,41,True,True,20,0.5,,0.7,20.0,optimal,32.68196439999156,23.078999996185303,0.0,0,20,15865.46096236073,295.2709491819112,16160.731911542642,16687.082853354583,16982.353802536494,171659.70454957325,0.0,44.13058711243466,0.0,0.0,0.0,False,False,False
main,gamma_ro_gamma_0p5,gamma_ro,2025-07-01,42,True,True,20,0.5,,0.7,20.0,optimal,32.68196439999156,23.078999996185303,0.0,0,20,15865.46096236073,295.2709491819112,16160.731911542642,16829.50713619561,17124.778085377522,171418.67600809722,0.021342804836883,61.50352898106424,0.0,0.0,0.0,False,False,False
main,gamma_ro_gamma_0p5,gamma_ro,2025-07-01,43,True,True,20,0.5,,0.7,20.0,optimal,32.68196439999156,23.078999996185303,0.0,0,20,15865.46096236073,295.2709491819112,16160.731911542642,16646.18642526468,16941.457374446592,171544.01560042417,0.053481494514189376,53.51819398917953,0.0,0.0,0.0,False,False,False
main,gamma_ro_gamma_0p5,gamma_ro,2025-07-01,44,True,True,20,0.5,,0.7,20.0,optimal,32.68196439999156,23.078999996185303,0.0,0,20,15865.46096236073,295.2709491819112,16160.731911542642,16759.500316273898,17054.77126545581,172260.1502955014,0.0,56.67973692210731,0.0,0.0,0.0,False,False,False
main,gamma_ro_gamma_0p5,gamma_ro,2025-07-01,45,True,True,20,0.5,,0.7,20.0,optimal,32.68196439999156,23.078999996185303,0.0,0,20,15865.46096236073,295.2709491819112,16160.731911542642,16709.295184264545,17004.566133446457,171768.97063618436,0.03297738743162326,63.63174878147938,0.0,0.0,0.0,False,False,False
main,gamma_ro_gamma_0p5,gamma_ro,2025-07-01,46,True,True,20,0.5,,0.7,20.0,optimal,32.68196439999156,23.078999996185303,0.0,0,20,15865.46096236073,295.2709491819112,16160.731911542642,16855.82399779306,17151.094946974972,171838.3319544184,0.0,58.585258171986794,0.0,0.0,0.0,False,False,False
main,gamma_ro_gamma_0p5,gamma_ro,2025-07-01,47,True,True,20,0.5,,0.7,20.0,optimal,32.68196439999156,23.078999996185303,0.0,0,20,15865.46096236073,295.2709491819112,16160.731911542642,16832.935130892154,17128.206080074066,171919.52939585844,0.0,58.062001324544,0.0,0.0,0.0,False,False,False
main,gamma_ro_gamma_0p5,gamma_ro,2025-07-01,48,True,True,20,0.5,,0.7,20.0,optimal,32.68196439999156,23.078999996185303,0.0,0,20,15865.46096236073,295.2709491819112,16160.731911542642,16658.029665687165,16953.300614869077,171814.61836710878,0.0,57.149882273394624,0.0,0.0,0.0,False,False,False
main,gamma_ro_gamma_0p5,gamma_ro,2025-07-01,49,True,True,20,0.5,,0.7,20.0,optimal,32.68196439999156,23.078999996185303,0.0,0,20,15865.46096236073,295.2709491819112,16160.731911542642,16721.439135292163,17016.710084474074,172048.02394989162,0.016880415179096664,61.91827456226232,0.0,0.0,0.0,False,False,False
main,gamma_ro_gamma_0p5,gamma_ro,2025-07-01,50,True,True,20,0.5,,0.7,20.0,optimal,32.68196439999156,23.078999996185303,0.0,0,20,15865.46096236073,295.2709491819112,16160.731911542642,16647.85982189953,16943.13077108144,171638.73916720052,0.022069408870642793,64.86206491784664,0.0,0.0,0.0,False,False,False
main,gamma_ro_gamma_0p5,gamma_ro,2025-07-01,51,True,True,20,0.5,,0.7,20.0,optimal,32.68196439999156,23.078999996185303,0.0,0,20,15865.46096236073,295.2709491819112,16160.731911542642,16704.03138742841,16999.302336610323,171515.91373740067,0.0,60.0911164782833,0.0,0.0,0.0,False,False,False
main,gamma_ro_gamma_0p5,gamma_ro,2025-07-01,52,True,True,20,0.5,,0.7,20.0,optimal,32.68196439999156,23.078999996185303,0.0,0,20,15865.46096236073,295.2709491819112,16160.731911542642,16736.378704596915,17031.649653778826,171757.71492630645,0.0,62.546856578349455,0.0,0.0,0.0,False,False,False
main,gamma_ro_gamma_0p5,gamma_ro,2025-07-01,53,True,True,20,0.5,,0.7,20.0,optimal,32.68196439999156,23.078999996185303,0.0,0,20,15865.46096236073,295.2709491819112,16160.731911542642,16855.46448638676,17150.735435568673,172298.66538090943,0.0,50.80082420481747,0.0,0.0,0.0,False,False,False
main,gamma_ro_gamma_0p5,gamma_ro,2025-07-01,54,True,True,20,0.5,,0.7,20.0,optimal,32.68196439999156,23.078999996185303,0.0,0,20,15865.46096236073,295.2709491819112,16160.731911542642,16898.85633790085,17194.12728708276,171881.38581715632,0.0,56.02153586599981,0.0,0.0,0.0,False,False,False
main,gamma_ro_gamma_0p5,gamma_ro,2025-07-01,55,True,True,20,0.5,,0.7,20.0,optimal,32.68196439999156,23.078999996185303,0.0,0,20,15865.46096236073,295.2709491819112,16160.731911542642,16681.80490944707,16977.07585862898,171581.76408823862,0.0,62.535107507915534,0.0,0.0,0.0,False,False,False
main,gamma_ro_gamma_0p5,gamma_ro,2025-07-01,56,True,True,20,0.5,,0.7,20.0,optimal,32.68196439999156,23.078999996185303,0.0,0,20,15865.46096236073,295.2709491819112,16160.731911542642,16707.71567519008,17002.98662437199,171945.14038200045,0.0,47.19259635322166,0.0,0.0,0.0,False,False,False
main,gamma_ro_gamma_0p5,gamma_ro,2025-07-01,57,True,True,20,0.5,,0.7,20.0,optimal,32.68196439999156,23.078999996185303,0.0,0,20,15865.46096236073,295.2709491819112,16160.731911542642,16730.565110747353,17025.836059929265,171891.26019866168,0.0,56.32863582515079,0.0,0.0,0.0,False,False,False
main,gamma_ro_gamma_0p5,gamma_ro,2025-07-01,58,True,True,20,0.5,,0.7,20.0,optimal,32.68196439999156,23.078999996185303,0.0,0,20,15865.46096236073,295.2709491819112,16160.731911542642,16671.412615465426,16966.683564647337,171679.68368792138,0.0,64.94434697982004,0.0,0.0,0.0,False,False,False
main,gamma_ro_gamma_0p5,gamma_ro,2025-07-01,59,True,True,20,0.5,,0.7,20.0,optimal,32.68196439999156,23.078999996185303,0.0,0,20,15865.46096236073,295.2709491819112,16160.731911542642,16696.008464216546,16991.279413398457,171806.42083875308,0.0,61.0726074006515,0.0,0.0,0.0,False,False,False
main,gamma_ro_gamma_0p5,gamma_ro,2025-07-01,60,True,True,20,0.5,,0.7,20.0,optimal,32.68196439999156,23.078999996185303,0.0,0,20,15865.46096236073,295.2709491819112,16160.731911542642,16698.771080343224,16994.042029525135,171907.39884302055,0.027264262611348178,58.53918272362459,0.0,0.0,0.0,False,False,False
main,gamma_ro_gamma_0p5,gamma_ro,2025-07-01,61,True,True,20,0.5,,0.7,20.0,optimal,32.68196439999156,23.078999996185303,0.0,0,20,15865.46096236073,295.2709491819112,16160.731911542642,16713.88085335599,17009.1518025379,171758.43797870452,0.0,45.69699137513738,0.0,0.0,0.0,False,False,False
main,gamma_ro_gamma_0p5,gamma_ro,2025-07-01,62,True,True,20,0.5,,0.7,20.0,optimal,32.68196439999156,23.078999996185303,0.0,0,20,15865.46096236073,295.2709491819112,16160.731911542642,16726.67971571899,17021.9506649009,171768.75050321408,0.0,62.837718542130915,0.0,0.0,0.0,False,False,False
main,gamma_ro_gamma_0p5,gamma_ro,2025-07-01,63,True,True,20,0.5,,0.7,20.0,optimal,32.68196439999156,23.078999996185303,0.0,0,20,15865.46096236073,295.2709491819112,16160.731911542642,16782.051428314928,17077.32237749684,171524.69825407377,0.0,66.36322244961089,0.0,0.0,0.0,False,False,False
main,gamma_ro_gamma_0p5,gamma_ro,2025-07-01,64,True,True,20,0.5,,0.7,20.0,optimal,32.68196439999156,23.078999996185303,0.0,0,20,15865.46096236073,295.2709491819112,16160.731911542642,16691.93370654549,16987.2046557274,171331.02214050316,0.0,55.739202345824715,0.0,0.0,0.0,False,False,False
main,gamma_ro_gamma_0p5,gamma_ro,2025-07-01,65,True,True,20,0.5,,0.7,20.0,optimal,32.68196439999156,23.078999996185303,0.0,0,20,15865.46096236073,295.2709491819112,16160.731911542642,16825.044908271695,17120.315857453606,171636.034855494,0.0,57.51260256314295,0.0,0.0,0.0,False,False,False
main,gamma_ro_gamma_0p5,gamma_ro,2025-07-01,66,True,True,20,0.5,,0.7,20.0,optimal,32.68196439999156,23.078999996185303,0.0,0,20,15865.46096236073,295.2709491819112,16160.731911542642,16689.025077261464,16984.296026443375,171628.40123256997,0.0,68.17392224886105,0.0,0.0,0.0,False,False,False
main,gamma_ro_gamma_0p5,gamma_ro,2025-07-01,67,True,True,20,0.5,,0.7,20.0,optimal,32.68196439999156,23.078999996185303,0.0,0,20,15865.46096236073,295.2709491819112,16160.731911542642,16669.30034520763,16964.57129438954,172148.9814767694,0.0,53.42651694606966,0.0,0.0,0.0,False,False,False
main,gamma_ro_gamma_0p5,gamma_ro,2025-07-01,68,True,True,20,0.5,,0.7,20.0,optimal,32.68196439999156,23.078999996185303,0.0,0,20,15865.46096236073,295.2709491819112,16160.731911542642,16701.881654922923,16997.152604104835,171341.90996195198,0.0,58.492788882902026,0.0,0.0,0.0,False,False,False
main,gamma_ro_gamma_0p5,gamma_ro,2025-07-01,69,True,True,20,0.5,,0.7,20.0,optimal,32.68196439999156,23.078999996185303,0.0,0,20,15865.46096236073,295.2709491819112,16160.731911542642,16871.904011448773,17167.174960630684,171403.9925345536,0.0,59.66709840144423,0.0,0.0,0.0,False,False,False
main,gamma_ro_gamma_0p5,gamma_ro,2025-07-01,70,True,True,20,0.5,,0.7,20.0,optimal,32.68196439999156,23.078999996185303,0.0,0,20,15865.46096236073,295.2709491819112,16160.731911542642,16676.87192722793,16972.142876409842,171696.92032102967,0.0,62.158076512917376,0.0,0.0,0.0,False,False,False
main,gamma_ro_gamma_0p5,gamma_ro,2025-07-01,71,True,True,20,0.5,,0.7,20.0,optimal,32.68196439999156,23.078999996185303,0.0,0,20,15865.46096236073,295.2709491819112,16160.731911542642,16653.690119967745,16948.961069149656,171646.26963601747,0.0,69.20294558798028,0.0,0.0,0.0,False,False,False
main,gamma_ro_gamma_0p5,gamma_ro,2025-07-01,72,True,True,20,0.5,,0.7,20.0,optimal,32.68196439999156,23.078999996185303,0.0,0,20,15865.46096236073,295.2709491819112,16160.731911542642,16704.261525969516,16999.532475151427,170862.22509525472,0.0,64.20838127969321,0.0,0.0,0.0,False,False,False
main,gamma_ro_gamma_0p5,gamma_ro,2025-07-01,73,True,True,20,0.5,,0.7,20.0,optimal,32.68196439999156,23.078999996185303,0.0,0,20,15865.46096236073,295.2709491819112,16160.731911542642,16662.692221156147,16957.96317033806,171554.48794976663,0.0,59.54885016914648,0.0,0.0,0.0,False,False,False
main,gamma_ro_gamma_0p5,gamma_ro,2025-07-01,74,True,True,20,0.5,,0.7,20.0,optimal,32.68196439999156,23.078999996185303,0.0,0,20,15865.46096236073,295.2709491819112,16160.731911542642,16770.746999309915,17066.017948491826,172343.54233983965,0.0,59.38119084346907,0.0,0.0,0.0,False,False,False
main,gamma_ro_gamma_0p5,gamma_ro,2025-07-01,75,True,True,20,0.5,,0.7,20.0,optimal,32.68196439999156,23.078999996185303,0.0,0,20,15865.46096236073,295.2709491819112,16160.731911542642,16705.737564003564,17001.008513185476,172021.25462337356,0.0,59.615241133868,0.0,0.0,0.0,False,False,False
main,gamma_ro_gamma_0p5,gamma_ro,2025-07-01,76,True,True,20,0.5,,0.7,20.0,optimal,32.68196439999156,23.078999996185303,0.0,0,20,15865.46096236073,295.2709491819112,16160.731911542642,16744.112783428012,17039.383732609924,171242.73726522902,0.0,56.958854766510164,0.0,0.0,0.0,False,False,False
main,gamma_ro_gamma_0p5,gamma_ro,2025-07-01,77,True,True,20,0.5,,0.7,20.0,optimal,32.68196439999156,23.078999996185303,0.0,0,20,15865.46096236073,295.2709491819112,16160.731911542642,16798.069857300554,17093.340806482465,171123.04155284056,0.0,56.64950755272659,0.0,0.0,0.0,False,False,False
main,gamma_ro_gamma_0p5,gamma_ro,2025-07-01,78,True,True,20,0.5,,0.7,20.0,optimal,32.68196439999156,23.078999996185303,0.0,0,20,15865.46096236073,295.2709491819112,16160.731911542642,16656.660537765,16951.931486946913,171641.6669666066,0.03133737322743246,61.044180951687714,0.0,0.0,0.0,False,False,False
main,gamma_ro_gamma_0p5,gamma_ro,2025-07-01,79,True,True,20,0.5,,0.7,20.0,optimal,32.68196439999156,23.078999996185303,0.0,0,20,15865.46096236073,295.2709491819112,16160.731911542642,16774.54152849027,17069.81247767218,171666.99834360744,0.0,53.43068943401187,0.0,0.0,0.0,False,False,False
main,gamma_ro_gamma_0p5,gamma_ro,2025-07-01,80,True,True,20,0.5,,0.7,20.0,optimal,32.68196439999156,23.078999996185303,0.0,0,20,15865.46096236073,295.2709491819112,16160.731911542642,16721.640574936355,17016.911524118266,171477.0179969851,0.0,58.54771066082906,0.0,0.0,0.0,False,False,False
main,gamma_ro_gamma_0p5,gamma_ro,2025-07-01,81,True,True,20,0.5,,0.7,20.0,optimal,32.68196439999156,23.078999996185303,0.0,0,20,15865.46096236073,295.2709491819112,16160.731911542642,16672.902982224103,16968.173931406014,171588.15242518525,0.0,66.99325337125924,0.0,0.0,0.0,False,False,False
main,gamma_ro_gamma_0p5,gamma_ro,2025-07-01,82,True,True,20,0.5,,0.7,20.0,optimal,32.68196439999156,23.078999996185303,0.0,0,20,15865.46096236073,295.2709491819112,16160.731911542642,16700.17588368669,16995.4468328686,172075.96776959818,0.033195951244688326,47.68317573952438,0.0,0.0,0.0,False,False,False
main,gamma_ro_gamma_0p5,gamma_ro,2025-07-01,83,True,True,20,0.5,,0.7,20.0,optimal,32.68196439999156,23.078999996185303,0.0,0,20,15865.46096236073,295.2709491819112,16160.731911542642,16718.406200882946,17013.677150064857,171442.71245782345,0.0,56.62125520454262,0.0,0.0,0.0,False,False,False
main,gamma_ro_gamma_0p5,gamma_ro,2025-07-01,84,True,True,20,0.5,,0.7,20.0,optimal,32.68196439999156,23.078999996185303,0.0,0,20,15865.46096236073,295.2709491819112,16160.731911542642,16700.009381210184,16995.280330392095,171467.20673352893,0.0,55.613575637192035,0.0,0.0,0.0,False,False,False
main,gamma_ro_gamma_0p5,gamma_ro,2025-07-01,85,True,True,20,0.5,,0.7,20.0,optimal,32.68196439999156,23.078999996185303,0.0,0,20,15865.46096236073,295.2709491819112,16160.731911542642,16706.29192979149,17001.5628789734,171302.74293243617,0.01524094488208494,67.27498561798845,0.0,0.0,0.0,False,False,False
main,gamma_ro_gamma_0p5,gamma_ro,2025-07-01,86,True,True,20,0.5,,0.7,20.0,optimal,32.68196439999156,23.078999996185303,0.0,0,20,15865.46096236073,295.2709491819112,16160.731911542642,16783.096802974665,17078.367752156577,171733.2417411618,0.0,50.85108046056345,0.0,0.0,0.0,False,False,False
main,gamma_ro_gamma_0p5,gamma_ro,2025-07-01,87,True,True,20,0.5,,0.7,20.0,optimal,32.68196439999156,23.078999996185303,0.0,0,20,15865.46096236073,295.2709491819112,16160.731911542642,16745.278788752905,17040.549737934816,171405.34467905574,0.0025324349476897323,57.92838338223766,0.0,0.0,0.0,False,False,False
main,gamma_ro_gamma_0p5,gamma_ro,2025-07-01,88,True,True,20,0.5,,0.7,20.0,optimal,32.68196439999156,23.078999996185303,0.0,0,20,15865.46096236073,295.2709491819112,16160.731911542642,16747.041673240503,17042.312622422414,171498.35523000322,0.013798920598299125,65.9565918517408,0.0,0.0,0.0,False,False,False
main,gamma_ro_gamma_0p5,gamma_ro,2025-07-01,89,True,True,20,0.5,,0.7,20.0,optimal,32.68196439999156,23.078999996185303,0.0,0,20,15865.46096236073,295.2709491819112,16160.731911542642,16743.675026437828,17038.94597561974,171428.36327168354,0.0,55.91465405507423,0.0,0.0,0.0,False,False,False
main,gamma_ro_gamma_0p5,gamma_ro,2025-07-01,90,True,True,20,0.5,,0.7,20.0,optimal,32.68196439999156,23.078999996185303,0.0,0,20,15865.46096236073,295.2709491819112,16160.731911542642,16722.147706823038,17017.41865600495,171844.81892279626,0.0,62.94791116157699,0.0,0.0,0.0,False,False,False
main,gamma_ro_gamma_0p5,gamma_ro,2025-07-01,91,True,True,20,0.5,,0.7,20.0,optimal,32.68196439999156,23.078999996185303,0.0,0,20,15865.46096236073,295.2709491819112,16160.731911542642,16660.41497909444,16955.68592827635,171487.82011996946,0.0,57.278120552527746,0.0,0.0,0.0,False,False,False
main,gamma_ro_gamma_0p5,gamma_ro,2025-07-01,92,True,True,20,0.5,,0.7,20.0,optimal,32.68196439999156,23.078999996185303,0.0,0,20,15865.46096236073,295.2709491819112,16160.731911542642,16739.77900237848,17035.04995156039,171874.38403588752,0.0,46.02995114096377,0.0,0.0,0.0,False,False,False
main,gamma_ro_gamma_0p5,gamma_ro,2025-07-01,93,True,True,20,0.5,,0.7,20.0,optimal,32.68196439999156,23.078999996185303,0.0,0,20,15865.46096236073,295.2709491819112,16160.731911542642,16728.70623111459,17023.9771802965,171618.47341202808,0.0,58.20726707564375,0.0,0.0,0.0,False,False,False
main,gamma_ro_gamma_0p5,gamma_ro,2025-07-01,94,True,True,20,0.5,,0.7,20.0,optimal,32.68196439999156,23.078999996185303,0.0,0,20,15865.46096236073,295.2709491819112,16160.731911542642,16725.63208799967,17020.903037181582,171165.21106967345,0.0,52.33916245073487,0.0,0.0,0.0,False,False,False
main,gamma_ro_gamma_0p5,gamma_ro,2025-07-01,95,True,True,20,0.5,,0.7,20.0,optimal,32.68196439999156,23.078999996185303,0.0,0,20,15865.46096236073,295.2709491819112,16160.731911542642,16723.782028970007,17019.052978151918,172422.8243303662,0.0,58.94695518206937,0.0,0.0,0.0,False,False,False
main,gamma_ro_gamma_0p5,gamma_ro,2025-07-01,96,True,True,20,0.5,,0.7,20.0,optimal,32.68196439999156,23.078999996185303,0.0,0,20,15865.46096236073,295.2709491819112,16160.731911542642,16758.69418007596,17053.96512925787,171680.0728949347,0.0,55.883955193568596,0.0,0.0,0.0,False,False,False
main,gamma_ro_gamma_0p5,gamma_ro,2025-07-01,97,True,True,20,0.5,,0.7,20.0,optimal,32.68196439999156,23.078999996185303,0.0,0,20,15865.46096236073,295.2709491819112,16160.731911542642,16708.297071123332,17003.568020305243,171650.44570565663,0.028517092608624672,54.785366777205084,0.0,0.0,0.0,False,False,False
main,gamma_ro_gamma_0p5,gamma_ro,2025-07-01,98,True,True,20,0.5,,0.7,20.0,optimal,32.68196439999156,23.078999996185303,0.0,0,20,15865.46096236073,295.2709491819112,16160.731911542642,16700.06832670822,16995.339275890132,171888.18134889138,0.0,48.33537029546479,0.0,0.0,0.0,False,False,False
main,gamma_ro_gamma_0p5,gamma_ro,2025-07-01,99,True,True,20,0.5,,0.7,20.0,optimal,32.68196439999156,23.078999996185303,0.0,0,20,15865.46096236073,295.2709491819112,16160.731911542642,16651.59444973715,16946.86539891906,171809.83000122357,0.0,60.168426429503924,0.0,0.0,0.0,False,False,False
main,gamma_ro_gamma_0p5,gamma_ro,2025-10-01,0,True,True,20,0.5,,0.7,20.0,optimal,32.301909300033,24.075999975204468,0.0,0,20,16307.555639640112,533.9055933035806,16841.461232943693,16365.892068923054,16899.797662226636,173753.06188591005,0.16377943800958117,53.382631210826915,0.0,0.0,0.0,False,False,False
main,gamma_ro_gamma_0p5,gamma_ro,2025-10-01,1,True,True,20,0.5,,0.7,20.0,optimal,32.301909300033,24.075999975204468,0.0,0,20,16307.555639640112,533.9055933035806,16841.461232943693,16435.358418099993,16969.264011403575,173332.43098734255,0.025171323988807615,65.32753380244176,0.0,0.0,0.0,False,False,False
main,gamma_ro_gamma_0p5,gamma_ro,2025-10-01,2,True,True,20,0.5,,0.7,20.0,optimal,32.301909300033,24.075999975204468,0.0,0,20,16307.555639640112,533.9055933035806,16841.461232943693,16352.919136309189,16886.82472961277,173488.78512828035,0.0,47.72949730079463,0.0,0.0,0.0,False,False,False
main,gamma_ro_gamma_0p5,gamma_ro,2025-10-01,3,True,True,20,0.5,,0.7,20.0,optimal,32.301909300033,24.075999975204468,0.0,0,20,16307.555639640112,533.9055933035806,16841.461232943693,16412.384254964636,16946.289848268218,173685.88787586492,0.0,56.37623552102713,0.0,0.0,0.0,False,False,False
main,gamma_ro_gamma_0p5,gamma_ro,2025-10-01,4,True,True,20,0.5,,0.7,20.0,optimal,32.301909300033,24.075999975204468,0.0,0,20,16307.555639640112,533.9055933035806,16841.461232943693,16399.39700839629,16933.30260169987,174124.0066827185,0.025171320666708352,47.78977378332688,0.0,0.0,0.0,False,False,False
main,gamma_ro_gamma_0p5,gamma_ro,2025-10-01,5,True,True,20,0.5,,0.7,20.0,optimal,32.301909300033,24.075999975204468,0.0,0,20,16307.555639640112,533.9055933035806,16841.461232943693,16407.45184113191,16941.357434435493,173665.84859027987,0.0,56.68412045699617,0.0,0.0,0.0,False,False,False
main,gamma_ro_gamma_0p5,gamma_ro,2025-10-01,6,True,True,20,0.5,,0.7,20.0,optimal,32.301909300033,24.075999975204468,0.0,0,20,16307.555639640112,533.9055933035806,16841.461232943693,16479.855446073867,17013.76103937745,174192.98609028265,0.0,47.75836218453587,0.0,0.0,0.0,False,False,False
main,gamma_ro_gamma_0p5,gamma_ro,2025-10-01,7,True,True,20,0.5,,0.7,20.0,optimal,32.301909300033,24.075999975204468,0.0,0,20,16307.555639640112,533.9055933035806,16841.461232943693,16428.41725159506,16962.32284489864,173929.69051782615,0.0,52.27927457887855,0.0,0.0,0.0,False,False,False
main,gamma_ro_gamma_0p5,gamma_ro,2025-10-01,8,True,True,20,0.5,,0.7,20.0,optimal,32.301909300033,24.075999975204468,0.0,0,20,16307.555639640112,533.9055933035806,16841.461232943693,16321.124392787282,16855.029986090864,173136.38510193743,0.19365918138322757,49.65963634327099,0.0,0.0,0.0,False,False,False
main,gamma_ro_gamma_0p5,gamma_ro,2025-10-01,9,True,True,20,0.5,,0.7,20.0,optimal,32.301909300033,24.075999975204468,0.0,0,20,16307.555639640112,533.9055933035806,16841.461232943693,16439.1073156742,16973.01290897778,173629.33271602378,0.13860810865165307,61.98276389681436,0.0,0.0,0.0,False,False,False
main,gamma_ro_gamma_0p5,gamma_ro,2025-10-01,10,True,True,20,0.5,,0.7,20.0,optimal,32.301909300033,24.075999975204468,0.0,0,20,16307.555639640112,533.9055933035806,16841.461232943693,16384.34767091066,16918.253264214243,173714.21904231294,0.0,53.29254835011885,0.0,0.0,0.0,False,False,False
main,gamma_ro_gamma_0p5,gamma_ro,2025-10-01,11,True,True,20,0.5,,0.7,20.0,optimal,32.301909300033,24.075999975204468,0.0,0,20,16307.555639640112,533.9055933035806,16841.461232943693,16418.452195427846,16952.357788731428,174161.8370263546,0.13860810123252842,47.29107041992649,0.0,0.0,0.0,False,False,False
main,gamma_ro_gamma_0p5,gamma_ro,2025-10-01,12,True,True,20,0.5,,0.7,20.0,optimal,32.301909300033,24.075999975204468,0.0,0,20,16307.555639640112,533.9055933035806,16841.461232943693,16361.909760801038,16895.81535410462,173193.67863684025,0.13860810865730278,47.112279694382636,0.0,0.0,0.0,False,False,False
main,gamma_ro_gamma_0p5,gamma_ro,2025-10-01,13,True,True,20,0.5,,0.7,20.0,optimal,32.301909300033,24.075999975204468,0.0,0,20,16307.555639640112,533.9055933035806,16841.461232943693,16403.17327715811,16937.07887046169,173093.52775502682,0.0,54.7400614987996,0.0,0.0,0.0,False,False,False
main,gamma_ro_gamma_0p5,gamma_ro,2025-10-01,14,True,True,20,0.5,,0.7,20.0,optimal,32.301909300033,24.075999975204468,0.0,0,20,16307.555639640112,533.9055933035806,16841.461232943693,16463.954118998077,16997.85971230166,174323.4541372719,0.0,50.8243603293414,0.0,0.0,0.0,False,False,False
main,gamma_ro_gamma_0p5,gamma_ro,2025-10-01,15,True,True,20,0.5,,0.7,20.0,optimal,32.301909300033,24.075999975204468,0.0,0,20,16307.555639640112,533.9055933035806,16841.461232943693,16443.163396043077,16977.06898934666,173712.82717529638,0.0,43.65331530870092,0.0,0.0,0.0,False,False,False
main,gamma_ro_gamma_0p5,gamma_ro,2025-10-01,16,True,True,20,0.5,,0.7,20.0,optimal,32.301909300033,24.075999975204468,0.0,0,20,16307.555639640112,533.9055933035806,16841.461232943693,16434.585009585906,16968.490602889487,174545.1335416205,0.0,48.35875212755451,0.0,0.0,0.0,False,False,False
main,gamma_ro_gamma_0p5,gamma_ro,2025-10-01,17,True,True,20,0.5,,0.7,20.0,optimal,32.301909300033,24.075999975204468,0.0,0,20,16307.555639640112,533.9055933035806,16841.461232943693,16441.006983649902,16974.912576953484,173859.61206430808,0.0,60.023083616518086,0.0,0.0,0.0,False,False,False
main,gamma_ro_gamma_0p5,gamma_ro,2025-10-01,18,True,True,20,0.5,,0.7,20.0,optimal,32.301909300033,24.075999975204468,0.0,0,20,16307.555639640112,533.9055933035806,16841.461232943693,16431.728674750844,16965.634268054426,173575.68326220586,0.0,55.40165399802364,0.0,0.0,0.0,False,False,False
main,gamma_ro_gamma_0p5,gamma_ro,2025-10-01,19,True,True,20,0.5,,0.7,20.0,optimal,32.301909300033,24.075999975204468,0.0,0,20,16307.555639640112,533.9055933035806,16841.461232943693,16368.22963617327,16902.13522947685,173491.9724112608,0.024902292393907954,52.27258105695587,0.0,0.0,0.0,False,False,False
main,gamma_ro_gamma_0p5,gamma_ro,2025-10-01,20,True,True,20,0.5,,0.7,20.0,optimal,32.301909300033,24.075999975204468,0.0,0,20,16307.555639640112,533.9055933035806,16841.461232943693,16380.692533885154,16914.598127188736,174438.02073164104,0.0,50.467927335817976,0.0,0.0,0.0,False,False,False
main,gamma_ro_gamma_0p5,gamma_ro,2025-10-01,21,True,True,20,0.5,,0.7,20.0,optimal,32.301909300033,24.075999975204468,0.0,0,20,16307.555639640112,533.9055933035806,16841.461232943693,16384.666834878022,16918.572428181604,173532.72692580908,0.012311614105310786,46.96432263920416,0.0,0.0,0.0,False,False,False
main,gamma_ro_gamma_0p5,gamma_ro,2025-10-01,22,True,True,20,0.5,,0.7,20.0,optimal,32.301909300033,24.075999975204468,0.0,0,20,16307.555639640112,533.9055933035806,16841.461232943693,16395.634869498284,16929.540462801866,173735.09413879932,0.004188617221899227,49.72884573338862,0.0,0.0,0.0,False,False,False
main,gamma_ro_gamma_0p5,gamma_ro,2025-10-01,23,True,True,20,0.5,,0.7,20.0,optimal,32.301909300033,24.075999975204468,0.0,0,20,16307.555639640112,533.9055933035806,16841.461232943693,16492.103206538934,17026.008799842515,174055.25729341747,0.0,50.83590774008558,0.0,0.0,0.0,False,False,False
main,gamma_ro_gamma_0p5,gamma_ro,2025-10-01,24,True,True,20,0.5,,0.7,20.0,optimal,32.301909300033,24.075999975204468,0.0,0,20,16307.555639640112,533.9055933035806,16841.461232943693,16444.171027660555,16978.076620964137,173757.19461628885,0.0,58.22198476929005,0.0,0.0,0.0,False,False,False
main,gamma_ro_gamma_0p5,gamma_ro,2025-10-01,25,True,True,20,0.5,,0.7,20.0,optimal,32.301909300033,24.075999975204468,0.0,0,20,16307.555639640112,533.9055933035806,16841.461232943693,16403.95601263467,16937.86160593825,174040.77848990593,0.0,46.26616510887188,0.0,0.0,0.0,False,False,False
main,gamma_ro_gamma_0p5,gamma_ro,2025-10-01,26,True,True,20,0.5,,0.7,20.0,optimal,32.301909300033,24.075999975204468,0.0,0,20,16307.555639640112,533.9055933035806,16841.461232943693,16421.89153685476,16955.797130158342,173653.86256744058,0.0,58.3766546179691,0.0,0.0,0.0,False,False,False
main,gamma_ro_gamma_0p5,gamma_ro,2025-10-01,27,True,True,20,0.5,,0.7,20.0,optimal,32.301909300033,24.075999975204468,0.0,0,20,16307.555639640112,533.9055933035806,16841.461232943693,16429.98686847398,16963.892461777563,173973.5054553762,0.1386081086700841,55.52369057354513,0.0,0.0,0.0,False,False,False
main,gamma_ro_gamma_0p5,gamma_ro,2025-10-01,28,True,True,20,0.5,,0.7,20.0,optimal,32.301909300033,24.075999975204468,0.0,0,20,16307.555639640112,533.9055933035806,16841.461232943693,16445.82292847833,16979.72852178191,174295.2047591022,0.0,42.28763254668443,0.0,0.0,0.0,False,False,False
main,gamma_ro_gamma_0p5,gamma_ro,2025-10-01,29,True,True,20,0.5,,0.7,20.0,optimal,32.301909300033,24.075999975204468,0.0,0,20,16307.555639640112,533.9055933035806,16841.461232943693,16394.766917505876,16928.672510809458,173637.61959806315,0.0,39.4499811169456,0.0,0.0,0.0,False,False,False
main,gamma_ro_gamma_0p5,gamma_ro,2025-10-01,30,True,True,20,0.5,,0.7,20.0,optimal,32.301909300033,24.075999975204468,0.0,0,20,16307.555639640112,533.9055933035806,16841.461232943693,16296.152580749287,16830.05817405287,173133.25000352203,0.06050338062733296,47.19318191247973,0.0,0.0,0.0,False,False,False
main,gamma_ro_gamma_0p5,gamma_ro,2025-10-01,31,True,True,20,0.5,,0.7,20.0,optimal,32.301909300033,24.075999975204468,0.0,0,20,16307.555639640112,533.9055933035806,16841.461232943693,16361.282653722654,16895.188247026235,173623.35373760358,0.0,51.28986765684711,0.0,0.0,0.0,False,False,False
main,gamma_ro_gamma_0p5,gamma_ro,2025-10-01,32,True,True,20,0.5,,0.7,20.0,optimal,32.301909300033,24.075999975204468,0.0,0,20,16307.555639640112,533.9055933035806,16841.461232943693,16438.615327441403,16972.520920744984,174160.98488614074,0.13860811605225098,54.633804712759385,0.0,0.0,0.0,False,False,False
main,gamma_ro_gamma_0p5,gamma_ro,2025-10-01,33,True,True,20,0.5,,0.7,20.0,optimal,32.301909300033,24.075999975204468,0.0,0,20,16307.555639640112,533.9055933035806,16841.461232943693,16438.085183286898,16971.99077659048,173422.08470705815,0.021440655125725572,64.26917210777611,0.0,0.0,0.0,False,False,False
main,gamma_ro_gamma_0p5,gamma_ro,2025-10-01,34,True,True,20,0.5,,0.7,20.0,optimal,32.301909300033,24.075999975204468,0.0,0,20,16307.555639640112,533.9055933035806,16841.461232943693,16425.87556643756,16959.781159741142,173603.74713381453,0.02517132863402871,52.67519533224279,0.0,0.0,0.0,False,False,False
main,gamma_ro_gamma_0p5,gamma_ro,2025-10-01,35,True,True,20,0.5,,0.7,20.0,optimal,32.301909300033,24.075999975204468,0.0,0,20,16307.555639640112,533.9055933035806,16841.461232943693,16433.21143500781,16967.117028311393,173891.56571959876,0.0,55.526879934176556,0.0,0.0,0.0,False,False,False
main,gamma_ro_gamma_0p5,gamma_ro,2025-10-01,36,True,True,20,0.5,,0.7,20.0,optimal,32.301909300033,24.075999975204468,0.0,0,20,16307.555639640112,533.9055933035806,16841.461232943693,16502.00747084911,17035.91306415269,174442.78944731873,0.0,58.74468295524227,0.0,0.0,0.0,False,False,False
main,gamma_ro_gamma_0p5,gamma_ro,2025-10-01,37,True,True,20,0.5,,0.7,20.0,optimal,32.301909300033,24.075999975204468,0.0,0,20,16307.555639640112,533.9055933035806,16841.461232943693,16389.141747450594,16923.047340754176,173877.8248168207,0.02517132487722784,43.80568235874015,0.0,0.0,0.0,False,False,False
main,gamma_ro_gamma_0p5,gamma_ro,2025-10-01,38,True,True,20,0.5,,0.7,20.0,optimal,32.301909300033,24.075999975204468,0.0,0,20,16307.555639640112,533.9055933035806,16841.461232943693,16401.601984751953,16935.507578055534,173865.85073160502,0.0,50.87783046981222,0.0,0.0,0.0,False,False,False
main,gamma_ro_gamma_0p5,gamma_ro,2025-10-01,39,True,True,20,0.5,,0.7,20.0,optimal,32.301909300033,24.075999975204468,0.0,0,20,16307.555639640112,533.9055933035806,16841.461232943693,16427.437858238103,16961.343451541685,173903.0768494829,0.0,39.918741633547555,0.0,0.0,0.0,False,False,False
main,gamma_ro_gamma_0p5,gamma_ro,2025-10-01,40,True,True,20,0.5,,0.7,20.0,optimal,32.301909300033,24.075999975204468,0.0,0,20,16307.555639640112,533.9055933035806,16841.461232943693,16463.675792315273,16997.581385618854,174050.54368496165,0.0,45.43724340714304,0.0,0.0,0.0,False,False,False
main,gamma_ro_gamma_0p5,gamma_ro,2025-10-01,41,True,True,20,0.5,,0.7,20.0,optimal,32.301909300033,24.075999975204468,0.0,0,20,16307.555639640112,533.9055933035806,16841.461232943693,16367.358761725542,16901.26435502912,173545.04266617377,0.025171324453911792,39.81933927590195,0.0,0.0,0.0,False,False,False
main,gamma_ro_gamma_0p5,gamma_ro,2025-10-01,42,True,True,20,0.5,,0.7,20.0,optimal,32.301909300033,24.075999975204468,0.0,0,20,16307.555639640112,533.9055933035806,16841.461232943693,16471.88924871972,17005.7948420233,173839.0074786573,0.0,53.70448768312094,0.0,0.0,0.0,False,False,False
main,gamma_ro_gamma_0p5,gamma_ro,2025-10-01,43,True,True,20,0.5,,0.7,20.0,optimal,32.301909300033,24.075999975204468,0.0,0,20,16307.555639640112,533.9055933035806,16841.461232943693,16322.196100779376,16856.101694082958,173116.48034159315,0.0,53.67370778917116,0.0,0.0,0.0,False,False,False
main,gamma_ro_gamma_0p5,gamma_ro,2025-10-01,44,True,True,20,0.5,,0.7,20.0,optimal,32.301909300033,24.075999975204468,0.0,0,20,16307.555639640112,533.9055933035806,16841.461232943693,16410.09766908893,16944.00326239251,174071.9464271734,0.0,52.46213655231665,0.0,0.0,0.0,False,False,False
main,gamma_ro_gamma_0p5,gamma_ro,2025-10-01,45,True,True,20,0.5,,0.7,20.0,optimal,32.301909300033,24.075999975204468,0.0,0,20,16307.555639640112,533.9055933035806,16841.461232943693,16420.629702309285,16954.535295612866,173747.90328952437,0.0,55.82003522012452,0.0,0.0,0.0,False,False,False
main,gamma_ro_gamma_0p5,gamma_ro,2025-10-01,46,True,True,20,0.5,,0.7,20.0,optimal,32.301909300033,24.075999975204468,0.0,0,20,16307.555639640112,533.9055933035806,16841.461232943693,16431.175181844883,16965.080775148464,173970.5552637606,0.1386081086468247,53.9501605834504,0.0,0.0,0.0,False,False,False
main,gamma_ro_gamma_0p5,gamma_ro,2025-10-01,47,True,True,20,0.5,,0.7,20.0,optimal,32.301909300033,24.075999975204468,0.0,0,20,16307.555639640112,533.9055933035806,16841.461232943693,16424.233699512904,16958.139292816486,174000.71873079738,0.0,52.29976740517255,0.0,0.0,0.0,False,False,False
main,gamma_ro_gamma_0p5,gamma_ro,2025-10-01,48,True,True,20,0.5,,0.7,20.0,optimal,32.301909300033,24.075999975204468,0.0,0,20,16307.555639640112,533.9055933035806,16841.461232943693,16352.85499844161,16886.76059174519,173687.1913884847,0.025171321558730808,52.15537366541457,0.0,0.0,0.0,False,False,False
main,gamma_ro_gamma_0p5,gamma_ro,2025-10-01,49,True,True,20,0.5,,0.7,20.0,optimal,32.301909300033,24.075999975204468,0.0,0,20,16307.555639640112,533.9055933035806,16841.461232943693,16469.280014376207,17003.18560767979,173760.7571969973,0.0,55.9323629501082,0.0,0.0,0.0,False,False,False
main,gamma_ro_gamma_0p5,gamma_ro,2025-10-01,50,True,True,20,0.5,,0.7,20.0,optimal,32.301909300033,24.075999975204468,0.0,0,20,16307.555639640112,533.9055933035806,16841.461232943693,16454.90762680129,16988.813220104872,174477.15668329093,0.13860810863737782,56.34556643318133,0.0,0.0,0.0,False,False,False
main,gamma_ro_gamma_0p5,gamma_ro,2025-10-01,51,True,True,20,0.5,,0.7,20.0,optimal,32.301909300033,24.075999975204468,0.0,0,20,16307.555639640112,533.9055933035806,16841.461232943693,16361.520613189645,16895.426206493226,173439.94503984583,0.18800185867094266,52.44705129331988,0.0,0.0,0.0,False,False,False
main,gamma_ro_gamma_0p5,gamma_ro,2025-10-01,52,True,True,20,0.5,,0.7,20.0,optimal,32.301909300033,24.075999975204468,0.0,0,20,16307.555639640112,533.9055933035806,16841.461232943693,16405.827213695342,16939.732806998923,173805.0255533027,0.0,58.15031615870597,0.0,0.0,0.0,False,False,False
main,gamma_ro_gamma_0p5,gamma_ro,2025-10-01,53,True,True,20,0.5,,0.7,20.0,optimal,32.301909300033,24.075999975204468,0.0,0,20,16307.555639640112,533.9055933035806,16841.461232943693,16397.079710402424,16930.985303706006,174133.87357504314,0.0,50.846041383021344,0.0,0.0,0.0,False,False,False
main,gamma_ro_gamma_0p5,gamma_ro,2025-10-01,54,True,True,20,0.5,,0.7,20.0,optimal,32.301909300033,24.075999975204468,0.0,0,20,16307.555639640112,533.9055933035806,16841.461232943693,16427.804083549152,16961.709676852734,173942.84516955639,0.0,52.05356211123661,0.0,0.0,0.0,False,False,False
main,gamma_ro_gamma_0p5,gamma_ro,2025-10-01,55,True,True,20,0.5,,0.7,20.0,optimal,32.301909300033,24.075999975204468,0.0,0,20,16307.555639640112,533.9055933035806,16841.461232943693,16415.902739805802,16949.808333109384,173959.08394243952,0.0,57.6390338197344,0.0,0.0,0.0,False,False,False
main,gamma_ro_gamma_0p5,gamma_ro,2025-10-01,56,True,True,20,0.5,,0.7,20.0,optimal,32.301909300033,24.075999975204468,0.0,0,20,16307.555639640112,533.9055933035806,16841.461232943693,16480.321905023866,17014.227498327447,174040.24448822945,0.0,41.01757678280475,0.0,0.0,0.0,False,False,False
main,gamma_ro_gamma_0p5,gamma_ro,2025-10-01,57,True,True,20,0.5,,0.7,20.0,optimal,32.301909300033,24.075999975204468,0.0,0,20,16307.555639640112,533.9055933035806,16841.461232943693,16418.386265360044,16952.291858663626,173913.7986976851,0.0,50.57467013205965,0.0,0.0,0.0,False,False,False
main,gamma_ro_gamma_0p5,gamma_ro,2025-10-01,58,True,True,20,0.5,,0.7,20.0,optimal,32.301909300033,24.075999975204468,0.0,0,20,16307.555639640112,533.9055933035806,16841.461232943693,16407.701869542787,16941.60746284637,173426.43925267638,0.02517132399733768,60.53845297000542,0.0,0.0,0.0,False,False,False
main,gamma_ro_gamma_0p5,gamma_ro,2025-10-01,59,True,True,20,0.5,,0.7,20.0,optimal,32.301909300033,24.075999975204468,0.0,0,20,16307.555639640112,533.9055933035806,16841.461232943693,16391.45283006412,16925.358423367703,174065.7833016333,0.0,55.615211565557,0.0,0.0,0.0,False,False,False
main,gamma_ro_gamma_0p5,gamma_ro,2025-10-01,60,True,True,20,0.5,,0.7,20.0,optimal,32.301909300033,24.075999975204468,0.0,0,20,16307.555639640112,533.9055933035806,16841.461232943693,16385.948390801805,16919.853984105386,173815.8052933794,0.1684878600339057,50.62197847943286,0.0,0.0,0.0,False,False,False
main,gamma_ro_gamma_0p5,gamma_ro,2025-10-01,61,True,True,20,0.5,,0.7,20.0,optimal,32.301909300033,24.075999975204468,0.0,0,20,16307.555639640112,533.9055933035806,16841.461232943693,16427.527218841828,16961.43281214541,173812.67493409748,0.0,40.29060326028365,0.0,0.0,0.0,False,False,False
main,gamma_ro_gamma_0p5,gamma_ro,2025-10-01,62,True,True,20,0.5,,0.7,20.0,optimal,32.301909300033,24.075999975204468,0.0,0,20,16307.555639640112,533.9055933035806,16841.461232943693,16442.044446644013,16975.950039947595,173993.1484691752,0.0,56.637691170773024,0.0,0.0,0.0,False,False,False
main,gamma_ro_gamma_0p5,gamma_ro,2025-10-01,63,True,True,20,0.5,,0.7,20.0,optimal,32.301909300033,24.075999975204468,0.0,0,20,16307.555639640112,533.9055933035806,16841.461232943693,16422.696784774344,16956.602378077925,173561.5669135879,0.0,60.53485410022105,0.0,0.0,0.0,False,False,False
main,gamma_ro_gamma_0p5,gamma_ro,2025-10-01,64,True,True,20,0.5,,0.7,20.0,optimal,32.301909300033,24.075999975204468,0.0,0,20,16307.555639640112,533.9055933035806,16841.461232943693,16408.811718797333,16942.717312100915,173733.18122351536,0.0,47.78720310136325,0.0,0.0,0.0,False,False,False
main,gamma_ro_gamma_0p5,gamma_ro,2025-10-01,65,True,True,20,0.5,,0.7,20.0,optimal,32.301909300033,24.075999975204468,0.0,0,20,16307.555639640112,533.9055933035806,16841.461232943693,16410.94797666048,16944.853569964063,173784.3932410104,0.0,57.52196403851568,0.0,0.0,0.0,False,False,False
main,gamma_ro_gamma_0p5,gamma_ro,2025-10-01,66,True,True,20,0.5,,0.7,20.0,optimal,32.301909300033,24.075999975204468,0.0,0,20,16307.555639640112,533.9055933035806,16841.461232943693,16390.082988993883,16923.988582297465,173635.43907046114,0.0,61.306294571066935,0.0,0.0,0.0,False,False,False
main,gamma_ro_gamma_0p5,gamma_ro,2025-10-01,67,True,True,20,0.5,,0.7,20.0,optimal,32.301909300033,24.075999975204468,0.0,0,20,16307.555639640112,533.9055933035806,16841.461232943693,16409.431154366557,16943.33674767014,174432.2032174859,0.0,51.95919852008989,0.0,0.0,0.0,False,False,False
main,gamma_ro_gamma_0p5,gamma_ro,2025-10-01,68,True,True,20,0.5,,0.7,20.0,optimal,32.301909300033,24.075999975204468,0.0,0,20,16307.555639640112,533.9055933035806,16841.461232943693,16412.679497732388,16946.58509103597,173841.36232058372,0.16848785453004522,54.459283637200315,0.0,0.0,0.0,False,False,False
main,gamma_ro_gamma_0p5,gamma_ro,2025-10-01,69,True,True,20,0.5,,0.7,20.0,optimal,32.301909300033,24.075999975204468,0.0,0,20,16307.555639640112,533.9055933035806,16841.461232943693,16437.87548287664,16971.78107618022,173640.41082715156,0.1386081086492703,55.9208708530004,0.0,0.0,0.0,False,False,False
main,gamma_ro_gamma_0p5,gamma_ro,2025-10-01,70,True,True,20,0.5,,0.7,20.0,optimal,32.301909300033,24.075999975204468,0.0,0,20,16307.555639640112,533.9055933035806,16841.461232943693,16435.231284683723,16969.136877987305,174179.10059653196,0.0,55.89355921158818,0.0,0.0,0.0,False,False,False
main,gamma_ro_gamma_0p5,gamma_ro,2025-10-01,71,True,True,20,0.5,,0.7,20.0,optimal,32.301909300033,24.075999975204468,0.0,0,20,16307.555639640112,533.9055933035806,16841.461232943693,16364.95042836137,16898.85602166495,173460.97304503722,0.19365918499948775,61.072939874888476,0.0,0.0,0.0,False,False,False
main,gamma_ro_gamma_0p5,gamma_ro,2025-10-01,72,True,True,20,0.5,,0.7,20.0,optimal,32.301909300033,24.075999975204468,0.0,0,20,16307.555639640112,533.9055933035806,16841.461232943693,16402.23420697564,16936.139800279223,173360.41651076218,0.30170638630446067,57.39576730860645,0.0,0.0,0.0,False,False,False
main,gamma_ro_gamma_0p5,gamma_ro,2025-10-01,73,True,True,20,0.5,,0.7,20.0,optimal,32.301909300033,24.075999975204468,0.0,0,20,16307.555639640112,533.9055933035806,16841.461232943693,16391.037008376552,16924.942601680134,173751.34660525463,0.1386081012486038,51.34818546428397,0.0,0.0,0.0,False,False,False
main,gamma_ro_gamma_0p5,gamma_ro,2025-10-01,74,True,True,20,0.5,,0.7,20.0,optimal,32.301909300033,24.075999975204468,0.0,0,20,16307.555639640112,533.9055933035806,16841.461232943693,16477.85649024183,17011.76208354541,174208.4562381948,0.0,55.0305622396294,0.0,0.0,0.0,False,False,False
main,gamma_ro_gamma_0p5,gamma_ro,2025-10-01,75,True,True,20,0.5,,0.7,20.0,optimal,32.301909300033,24.075999975204468,0.0,0,20,16307.555639640112,533.9055933035806,16841.461232943693,16408.115205898855,16942.020799202437,173971.81361081844,0.0,51.974751076580255,0.0,0.0,0.0,False,False,False
main,gamma_ro_gamma_0p5,gamma_ro,2025-10-01,76,True,True,20,0.5,,0.7,20.0,optimal,32.301909300033,24.075999975204468,0.0,0,20,16307.555639640112,533.9055933035806,16841.461232943693,16451.571448579423,16985.477041883005,173780.6528934246,0.0,54.02573251510032,0.0,0.0,0.0,False,False,False
main,gamma_ro_gamma_0p5,gamma_ro,2025-10-01,77,True,True,20,0.5,,0.7,20.0,optimal,32.301909300033,24.075999975204468,0.0,0,20,16307.555639640112,533.9055933035806,16841.461232943693,16499.91398485246,17033.819578156043,173761.7964115017,0.2912776925031657,47.672415983031094,0.0,0.0,0.0,False,False,False
main,gamma_ro_gamma_0p5,gamma_ro,2025-10-01,78,True,True,20,0.5,,0.7,20.0,optimal,32.301909300033,24.075999975204468,0.0,0,20,16307.555639640112,533.9055933035806,16841.461232943693,16380.54072500994,16914.44631831352,173764.53620734139,0.0,52.193762192534756,0.0,0.0,0.0,False,False,False
main,gamma_ro_gamma_0p5,gamma_ro,2025-10-01,79,True,True,20,0.5,,0.7,20.0,optimal,32.301909300033,24.075999975204468,0.0,0,20,16307.555639640112,533.9055933035806,16841.461232943693,16419.39352513619,16953.299118439772,174080.41772360913,0.1386081086627009,49.46176398959209,0.0,0.0,0.0,False,False,False
main,gamma_ro_gamma_0p5,gamma_ro,2025-10-01,80,True,True,20,0.5,,0.7,20.0,optimal,32.301909300033,24.075999975204468,0.0,0,20,16307.555639640112,533.9055933035806,16841.461232943693,16426.133696345925,16960.039289649507,173947.65256954991,0.0,52.298387620857554,0.0,0.0,0.0,False,False,False
main,gamma_ro_gamma_0p5,gamma_ro,2025-10-01,81,True,True,20,0.5,,0.7,20.0,optimal,32.301909300033,24.075999975204468,0.0,0,20,16307.555639640112,533.9055933035806,16841.461232943693,16359.042830756624,16892.948424060203,173545.65497745524,0.025171316059928284,61.70682588245888,0.0,0.0,0.0,False,False,False
main,gamma_ro_gamma_0p5,gamma_ro,2025-10-01,82,True,True,20,0.5,,0.7,20.0,optimal,32.301909300033,24.075999975204468,0.0,0,20,16307.555639640112,533.9055933035806,16841.461232943693,16411.770782765692,16945.676376069274,173956.21165892776,0.0,44.45189542290226,0.0,0.0,0.0,False,False,False
main,gamma_ro_gamma_0p5,gamma_ro,2025-10-01,83,True,True,20,0.5,,0.7,20.0,optimal,32.301909300033,24.075999975204468,0.0,0,20,16307.555639640112,533.9055933035806,16841.461232943693,16458.7663898923,16992.67198319588,173510.86595404815,0.0,47.81093051657317,0.0,0.0,0.0,False,False,False
main,gamma_ro_gamma_0p5,gamma_ro,2025-10-01,84,True,True,20,0.5,,0.7,20.0,optimal,32.301909300033,24.075999975204468,0.0,0,20,16307.555639640112,533.9055933035806,16841.461232943693,16421.57974003664,16955.48533334022,173769.9664514728,0.1386081086662545,45.33695331462725,0.0,0.0,0.0,False,False,False
main,gamma_ro_gamma_0p5,gamma_ro,2025-10-01,85,True,True,20,0.5,,0.7,20.0,optimal,32.301909300033,24.075999975204468,0.0,0,20,16307.555639640112,533.9055933035806,16841.461232943693,16480.601168345198,17014.50676164878,173855.99388574885,0.0,60.378412317734686,0.0,0.0,0.0,False,False,False
main,gamma_ro_gamma_0p5,gamma_ro,2025-10-01,86,True,True,20,0.5,,0.7,20.0,optimal,32.301909300033,24.075999975204468,0.0,0,20,16307.555639640112,533.9055933035806,16841.461232943693,16438.725080384305,16972.630673687887,174004.20318317562,0.0,47.29643459037181,0.0,0.0,0.0,False,False,False
main,gamma_ro_gamma_0p5,gamma_ro,2025-10-01,87,True,True,20,0.5,,0.7,20.0,optimal,32.301909300033,24.075999975204468,0.0,0,20,16307.555639640112,533.9055933035806,16841.461232943693,16398.65509231176,16932.560685615343,173285.79469664078,0.15525004877416126,51.20034192210122,0.0,0.0,0.0,False,False,False
main,gamma_ro_gamma_0p5,gamma_ro,2025-10-01,88,True,True,20,0.5,,0.7,20.0,optimal,32.301909300033,24.075999975204468,0.0,0,20,16307.555639640112,533.9055933035806,16841.461232943693,16420.86209335135,16954.76768665493,173783.87537485003,0.1386081086468327,58.19252468667284,0.0,0.0,0.0,False,False,False
main,gamma_ro_gamma_0p5,gamma_ro,2025-10-01,89,True,True,20,0.5,,0.7,20.0,optimal,32.301909300033,24.075999975204468,0.0,0,20,16307.555639640112,533.9055933035806,16841.461232943693,16403.90461036675,16937.81020367033,173461.21832149418,0.0,53.21229186755251,0.0,0.0,0.0,False,False,False
main,gamma_ro_gamma_0p5,gamma_ro,2025-10-01,90,True,True,20,0.5,,0.7,20.0,optimal,32.301909300033,24.075999975204468,0.0,0,20,16307.555639640112,533.9055933035806,16841.461232943693,16402.302140246524,16936.207733550105,173559.32058962694,0.16848785452213866,56.4629068741357,0.0,0.0,0.0,False,False,False
main,gamma_ro_gamma_0p5,gamma_ro,2025-10-01,91,True,True,20,0.5,,0.7,20.0,optimal,32.301909300033,24.075999975204468,0.0,0,20,16307.555639640112,533.9055933035806,16841.461232943693,16409.80174692134,16943.707340224923,173906.8764713776,0.02517132761629748,50.84097184678131,0.0,0.0,0.0,False,False,False
main,gamma_ro_gamma_0p5,gamma_ro,2025-10-01,92,True,True,20,0.5,,0.7,20.0,optimal,32.301909300033,24.075999975204468,0.0,0,20,16307.555639640112,533.9055933035806,16841.461232943693,16392.543967092854,16926.449560396435,173796.77074984394,0.0,39.91116659822044,0.0,0.0,0.0,False,False,False
main,gamma_ro_gamma_0p5,gamma_ro,2025-10-01,93,True,True,20,0.5,,0.7,20.0,optimal,32.301909300033,24.075999975204468,0.0,0,20,16307.555639640112,533.9055933035806,16841.461232943693,16379.207233412048,16913.112826715627,173786.87858039336,0.0,57.87099262254067,0.0,0.0,0.0,False,False,False
main,gamma_ro_gamma_0p5,gamma_ro,2025-10-01,94,True,True,20,0.5,,0.7,20.0,optimal,32.301909300033,24.075999975204468,0.0,0,20,16307.555639640112,533.9055933035806,16841.461232943693,16463.016783898853,16996.922377202434,173689.38985809978,0.0,47.513218225873594,0.0,0.0,0.0,False,False,False
main,gamma_ro_gamma_0p5,gamma_ro,2025-10-01,95,True,True,20,0.5,,0.7,20.0,optimal,32.301909300033,24.075999975204468,0.0,0,20,16307.555639640112,533.9055933035806,16841.461232943693,16388.290899110194,16922.196492413776,174298.7094302298,0.0,54.17582147969022,0.0,0.0,0.0,False,False,False
main,gamma_ro_gamma_0p5,gamma_ro,2025-10-01,96,True,True,20,0.5,,0.7,20.0,optimal,32.301909300033,24.075999975204468,0.0,0,20,16307.555639640112,533.9055933035806,16841.461232943693,16421.739969994574,16955.645563298156,173884.65099266934,0.0,48.5877156263062,0.0,0.0,0.0,False,False,False
main,gamma_ro_gamma_0p5,gamma_ro,2025-10-01,97,True,True,20,0.5,,0.7,20.0,optimal,32.301909300033,24.075999975204468,0.0,0,20,16307.555639640112,533.9055933035806,16841.461232943693,16373.41504731784,16907.32064062142,173649.00118262452,0.0,53.4943595708894,0.0,0.0,0.0,False,False,False
main,gamma_ro_gamma_0p5,gamma_ro,2025-10-01,98,True,True,20,0.5,,0.7,20.0,optimal,32.301909300033,24.075999975204468,0.0,0,20,16307.555639640112,533.9055933035806,16841.461232943693,16422.52930549364,16956.434898797223,173786.2107286088,0.0,44.06612922039874,0.0,0.0,0.0,False,False,False
main,gamma_ro_gamma_0p5,gamma_ro,2025-10-01,99,True,True,20,0.5,,0.7,20.0,optimal,32.301909300033,24.075999975204468,0.0,0,20,16307.555639640112,533.9055933035806,16841.461232943693,16360.048166194798,16893.953759498378,173679.63051378808,0.02517131867474065,53.67232373998102,0.0,0.0,0.0,False,False,False
main,tv_dro_rho_0p01,tv_dro,2025-01-01,0,True,True,20,,0.01,0.7,20.0,optimal_decomposed,82.553435800015,82.55280639999546,0.0,1,2,15664.811973990283,174.34157851920816,15839.153552509491,16238.090404175937,16412.431982695143,203337.88113444898,0.0,50.01701646416127,0.0,0.0,0.0,False,False,False
main,tv_dro_rho_0p01,tv_dro,2025-01-01,1,True,True,20,,0.01,0.7,20.0,optimal_decomposed,82.553435800015,82.55280639999546,0.0,1,2,15664.811973990283,174.34157851920816,15839.153552509491,16225.036027439139,16399.377605958347,203418.05111541098,0.0,59.21030819769078,0.0,0.0,0.0,False,False,False
main,tv_dro_rho_0p01,tv_dro,2025-01-01,2,True,True,20,,0.01,0.7,20.0,optimal_decomposed,82.553435800015,82.55280639999546,0.0,1,2,15664.811973990283,174.34157851920816,15839.153552509491,16147.916609754719,16322.258188273927,202317.84121732143,0.0,46.738955105040944,0.0,0.0,0.0,False,False,False
main,tv_dro_rho_0p01,tv_dro,2025-01-01,3,True,True,20,,0.01,0.7,20.0,optimal_decomposed,82.553435800015,82.55280639999546,0.0,1,2,15664.811973990283,174.34157851920816,15839.153552509491,16265.555183197674,16439.896761716882,203433.48675428232,0.2718481408836225,50.68029218465794,0.0,0.0,0.0,False,False,False
main,tv_dro_rho_0p01,tv_dro,2025-01-01,4,True,True,20,,0.01,0.7,20.0,optimal_decomposed,82.553435800015,82.55280639999546,0.0,1,2,15664.811973990283,174.34157851920816,15839.153552509491,16277.76591923879,16452.107497757996,204181.24153500184,0.0,48.5736038099632,0.0,0.0,0.0,False,False,False
main,tv_dro_rho_0p01,tv_dro,2025-01-01,5,True,True,20,,0.01,0.7,20.0,optimal_decomposed,82.553435800015,82.55280639999546,0.0,1,2,15664.811973990283,174.34157851920816,15839.153552509491,16184.481932298035,16358.823510817243,203088.23263813613,0.0,52.643104546848065,0.0,0.0,0.0,False,False,False
main,tv_dro_rho_0p01,tv_dro,2025-01-01,6,True,True,20,,0.01,0.7,20.0,optimal_decomposed,82.553435800015,82.55280639999546,0.0,1,2,15664.811973990283,174.34157851920816,15839.153552509491,16173.923852512602,16348.26543103181,202960.43949921298,0.0,44.332232249590554,0.0,0.0,0.0,False,False,False
main,tv_dro_rho_0p01,tv_dro,2025-01-01,7,True,True,20,,0.01,0.7,20.0,optimal_decomposed,82.553435800015,82.55280639999546,0.0,1,2,15664.811973990283,174.34157851920816,15839.153552509491,16217.723422211702,16392.06500073091,203023.3140862174,0.0,50.00348993681103,0.0,0.0,0.0,False,False,False
main,tv_dro_rho_0p01,tv_dro,2025-01-01,8,True,True,20,,0.01,0.7,20.0,optimal_decomposed,82.553435800015,82.55280639999546,0.0,1,2,15664.811973990283,174.34157851920816,15839.153552509491,16279.048180897531,16453.38975941674,203156.27159606718,0.0,50.92950930715576,0.0,0.0,0.0,False,False,False
main,tv_dro_rho_0p01,tv_dro,2025-01-01,9,True,True,20,,0.01,0.7,20.0,optimal_decomposed,82.553435800015,82.55280639999546,0.0,1,2,15664.811973990283,174.34157851920816,15839.153552509491,16242.999418938032,16417.34099745724,202786.3532790566,0.0,59.10439372442102,0.0,0.0,0.0,False,False,False
main,tv_dro_rho_0p01,tv_dro,2025-01-01,10,True,True,20,,0.01,0.7,20.0,optimal_decomposed,82.553435800015,82.55280639999546,0.0,1,2,15664.811973990283,174.34157851920816,15839.153552509491,16156.26767474228,16330.609253261488,202602.54819712837,0.06391895669100722,52.23052273980375,0.0,0.0,0.0,False,False,False
main,tv_dro_rho_0p01,tv_dro,2025-01-01,11,True,True,20,,0.01,0.7,20.0,optimal_decomposed,82.553435800015,82.55280639999546,0.0,1,2,15664.811973990283,174.34157851920816,15839.153552509491,16219.38092588674,16393.72250440595,203269.08956501004,0.0,43.649098279713705,0.0,0.0,0.0,False,False,False
main,tv_dro_rho_0p01,tv_dro,2025-01-01,12,True,True,20,,0.01,0.7,20.0,optimal_decomposed,82.553435800015,82.55280639999546,0.0,1,2,15664.811973990283,174.34157851920816,15839.153552509491,16165.406586025265,16339.748164544473,202282.72782513013,0.089674211976841,43.50765330229969,0.0,0.0,0.0,False,False,False
main,tv_dro_rho_0p01,tv_dro,2025-01-01,13,True,True,20,,0.01,0.7,20.0,optimal_decomposed,82.553435800015,82.55280639999546,0.0,1,2,15664.811973990283,174.34157851920816,15839.153552509491,16232.110822317289,16406.452400836497,203136.3459731848,0.0,50.969676178829395,0.0,0.0,0.0,False,False,False
main,tv_dro_rho_0p01,tv_dro,2025-01-01,14,True,True,20,,0.01,0.7,20.0,optimal_decomposed,82.553435800015,82.55280639999546,0.0,1,2,15664.811973990283,174.34157851920816,15839.153552509491,16258.055444512824,16432.39702303203,202982.82162415035,0.24905217164714233,49.94166289261851,0.0,0.0,0.0,False,False,False
main,tv_dro_rho_0p01,tv_dro,2025-01-01,15,True,True,20,,0.01,0.7,20.0,optimal_decomposed,82.553435800015,82.55280639999546,0.0,1,2,15664.811973990283,174.34157851920816,15839.153552509491,16201.498574374224,16375.840152893432,203048.61914088347,0.0,43.0814208867326,0.0,0.0,0.0,False,False,False
main,tv_dro_rho_0p01,tv_dro,2025-01-01,16,True,True,20,,0.01,0.7,20.0,optimal_decomposed,82.553435800015,82.55280639999546,0.0,1,2,15664.811973990283,174.34157851920816,15839.153552509491,16240.598883770803,16414.94046229001,203599.66213832283,0.0,46.63563229945346,0.0,0.0,0.0,False,False,False
main,tv_dro_rho_0p01,tv_dro,2025-01-01,17,True,True,20,,0.01,0.7,20.0,optimal_decomposed,82.553435800015,82.55280639999546,0.0,1,2,15664.811973990283,174.34157851920816,15839.153552509491,16211.886544211251,16386.22812273046,202452.91853554265,0.05107935984173051,56.35446252090741,0.0,0.0,0.0,False,False,False
main,tv_dro_rho_0p01,tv_dro,2025-01-01,18,True,True,20,,0.01,0.7,20.0,optimal_decomposed,82.553435800015,82.55280639999546,0.0,1,2,15664.811973990283,174.34157851920816,15839.153552509491,16262.515948250426,16436.857526769632,203458.289862004,0.0,53.83851162688713,0.0,0.0,0.0,False,False,False
main,tv_dro_rho_0p01,tv_dro,2025-01-01,19,True,True,20,,0.01,0.7,20.0,optimal_decomposed,82.553435800015,82.55280639999546,0.0,1,2,15664.811973990283,174.34157851920816,15839.153552509491,16188.604062872542,16362.94564139175,202902.5829288365,0.1392347727202634,52.14230844176283,0.0,0.0,0.0,False,False,False
main,tv_dro_rho_0p01,tv_dro,2025-01-01,20,True,True,20,,0.01,0.7,20.0,optimal_decomposed,82.553435800015,82.55280639999546,0.0,1,2,15664.811973990283,174.34157851920816,15839.153552509491,16184.403038272229,16358.744616791437,203079.36297712292,0.0,46.10843990177846,0.0,0.0,0.0,False,False,False
main,tv_dro_rho_0p01,tv_dro,2025-01-01,21,True,True,20,,0.01,0.7,20.0,optimal_decomposed,82.553435800015,82.55280639999546,0.0,1,2,15664.811973990283,174.34157851920816,15839.153552509491,16156.574324611285,16330.915903130493,202991.40483157747,0.009444299674444157,45.45611677386055,0.0,0.0,0.0,False,False,False
main,tv_dro_rho_0p01,tv_dro,2025-01-01,22,True,True,20,,0.01,0.7,20.0,optimal_decomposed,82.553435800015,82.55280639999546,0.0,1,2,15664.811973990283,174.34157851920816,15839.153552509491,16257.234960188223,16431.57653870743,203134.065500526,0.039912588863396437,48.35218669369206,0.0,0.0,0.0,False,False,False
main,tv_dro_rho_0p01,tv_dro,2025-01-01,23,True,True,20,,0.01,0.7,20.0,optimal_decomposed,82.553435800015,82.55280639999546,0.0,1,2,15664.811973990283,174.34157851920816,15839.153552509491,16204.376325370693,16378.717903889901,202807.43001763077,0.0,49.069728795267174,0.0,0.0,0.0,False,False,False
main,tv_dro_rho_0p01,tv_dro,2025-01-01,24,True,True,20,,0.01,0.7,20.0,optimal_decomposed,82.553435800015,82.55280639999546,0.0,1,2,15664.811973990283,174.34157851920816,15839.153552509491,16233.00545091579,16407.347029434997,202783.14336475526,0.0,51.85283648808418,0.0,0.0,0.0,False,False,False
main,tv_dro_rho_0p01,tv_dro,2025-01-01,25,True,True,20,,0.01,0.7,20.0,optimal_decomposed,82.553435800015,82.55280639999546,0.0,1,2,15664.811973990283,174.34157851920816,15839.153552509491,16178.054935081602,16352.39651360081,203145.0887823138,0.0,46.558363639261266,0.0,0.0,0.0,False,False,False
main,tv_dro_rho_0p01,tv_dro,2025-01-01,26,True,True,20,,0.01,0.7,20.0,optimal_decomposed,82.553435800015,82.55280639999546,0.0,1,2,15664.811973990283,174.34157851920816,15839.153552509491,16228.563669149622,16402.90524766883,203170.38866479596,0.30560006959788216,54.77254543584344,0.0,0.0,0.0,False,False,False
main,tv_dro_rho_0p01,tv_dro,2025-01-01,27,True,True,20,,0.01,0.7,20.0,optimal_decomposed,82.553435800015,82.55280639999546,0.0,1,2,15664.811973990283,174.34157851920816,15839.153552509491,16224.785339979784,16399.12691849899,202727.88073338947,0.0,52.52530436459235,0.0,0.0,0.0,False,False,False
main,tv_dro_rho_0p01,tv_dro,2025-01-01,28,True,True,20,,0.01,0.7,20.0,optimal_decomposed,82.553435800015,82.55280639999546,0.0,1,2,15664.811973990283,174.34157851920816,15839.153552509491,16203.031897916584,16377.373476435792,203349.30158097076,0.21951915244934284,42.25643582219788,0.0,0.0,0.0,False,False,False
main,tv_dro_rho_0p01,tv_dro,2025-01-01,29,True,True,20,,0.01,0.7,20.0,optimal_decomposed,82.553435800015,82.55280639999546,0.0,1,2,15664.811973990283,174.34157851920816,15839.153552509491,16109.238345099207,16283.579923618416,202549.59527938225,0.0,38.73667326757253,0.0,0.0,0.0,False,False,False
main,tv_dro_rho_0p01,tv_dro,2025-01-01,30,True,True,20,,0.01,0.7,20.0,optimal_decomposed,82.553435800015,82.55280639999546,0.0,1,2,15664.811973990283,174.34157851920816,15839.153552509491,16225.832377503673,16400.17395602288,203402.86491921498,0.0,43.1606368593495,0.0,0.0,0.0,False,False,False
main,tv_dro_rho_0p01,tv_dro,2025-01-01,31,True,True,20,,0.01,0.7,20.0,optimal_decomposed,82.553435800015,82.55280639999546,0.0,1,2,15664.811973990283,174.34157851920816,15839.153552509491,16182.903653576996,16357.245232096204,203082.939714456,0.07285555681746092,51.91029017119652,0.0,0.0,0.0,False,False,False
main,tv_dro_rho_0p01,tv_dro,2025-01-01,32,True,True,20,,0.01,0.7,20.0,optimal_decomposed,82.553435800015,82.55280639999546,0.0,1,2,15664.811973990283,174.34157851920816,15839.153552509491,16295.281160230588,16469.622738749797,203497.41976647382,0.0,50.429390667089464,0.0,0.0,0.0,False,False,False
main,tv_dro_rho_0p01,tv_dro,2025-01-01,33,True,True,20,,0.01,0.7,20.0,optimal_decomposed,82.553435800015,82.55280639999546,0.0,1,2,15664.811973990283,174.34157851920816,15839.153552509491,16287.581060969433,16461.92263948864,203369.95129721603,0.3357756584808504,58.356537346296534,0.0,0.0,0.0,False,False,False
main,tv_dro_rho_0p01,tv_dro,2025-01-01,34,True,True,20,,0.01,0.7,20.0,optimal_decomposed,82.553435800015,82.55280639999546,0.0,1,2,15664.811973990283,174.34157851920816,15839.153552509491,16364.232717146524,16538.57429566573,203788.63653714544,0.23362037221119714,50.08854926074729,0.0,0.0,0.0,False,False,False
main,tv_dro_rho_0p01,tv_dro,2025-01-01,35,True,True,20,,0.01,0.7,20.0,optimal_decomposed,82.553435800015,82.55280639999546,0.0,1,2,15664.811973990283,174.34157851920816,15839.153552509491,16179.609035793157,16353.950614312365,202861.46231658052,0.0,54.881469070433226,0.0,0.0,0.0,False,False,False
main,tv_dro_rho_0p01,tv_dro,2025-01-01,36,True,True,20,,0.01,0.7,20.0,optimal_decomposed,82.553435800015,82.55280639999546,0.0,1,2,15664.811973990283,174.34157851920816,15839.153552509491,16340.775872210097,16515.117450729304,203774.85727476905,0.0,54.48649041351725,0.0,0.0,0.0,False,False,False
main,tv_dro_rho_0p01,tv_dro,2025-01-01,37,True,True,20,,0.01,0.7,20.0,optimal_decomposed,82.553435800015,82.55280639999546,0.0,1,2,15664.811973990283,174.34157851920816,15839.153552509491,16177.165165390415,16351.506743909624,203587.42069601247,0.0,43.63792220266395,0.0,0.0,0.0,False,False,False
main,tv_dro_rho_0p01,tv_dro,2025-01-01,38,True,True,20,,0.01,0.7,20.0,optimal_decomposed,82.553435800015,82.55280639999546,0.0,1,2,15664.811973990283,174.34157851920816,15839.153552509491,16250.752270871328,16425.093849390534,202971.8221557414,0.0,47.418100962302546,0.0,0.0,0.0,False,False,False
main,tv_dro_rho_0p01,tv_dro,2025-01-01,39,True,True,20,,0.01,0.7,20.0,optimal_decomposed,82.553435800015,82.55280639999546,0.0,1,2,15664.811973990283,174.34157851920816,15839.153552509491,16121.076566716814,16295.418145236023,202599.67436766782,0.0,36.36834021159371,0.0,0.0,0.0,False,False,False
main,tv_dro_rho_0p01,tv_dro,2025-01-01,40,True,True,20,,0.01,0.7,20.0,optimal_decomposed,82.553435800015,82.55280639999546,0.0,1,2,15664.811973990283,174.34157851920816,15839.153552509491,16287.549933735825,16461.89151225503,203372.05874430068,0.2558324001657215,42.84619546933837,0.0,0.0,0.0,False,False,False
main,tv_dro_rho_0p01,tv_dro,2025-01-01,41,True,True,20,,0.01,0.7,20.0,optimal_decomposed,82.553435800015,82.55280639999546,0.0,1,2,15664.811973990283,174.34157851920816,15839.153552509491,16166.793994835227,16341.135573354435,203032.4560254302,0.0,36.448944474839614,0.0,0.0,0.0,False,False,False
main,tv_dro_rho_0p01,tv_dro,2025-01-01,42,True,True,20,,0.01,0.7,20.0,optimal_decomposed,82.553435800015,82.55280639999546,0.0,1,2,15664.811973990283,174.34157851920816,15839.153552509491,16371.716885617105,16546.058464136313,203794.51973871095,0.0,53.071175526271915,0.0,0.0,0.0,False,False,False
main,tv_dro_rho_0p01,tv_dro,2025-01-01,43,True,True,20,,0.01,0.7,20.0,optimal_decomposed,82.553435800015,82.55280639999546,0.0,1,2,15664.811973990283,174.34157851920816,15839.153552509491,16225.111774590488,16399.453353109697,203094.61990373424,0.0,50.35673834080582,0.0,0.0,0.0,False,False,False
main,tv_dro_rho_0p01,tv_dro,2025-01-01,44,True,True,20,,0.01,0.7,20.0,optimal_decomposed,82.553435800015,82.55280639999546,0.0,1,2,15664.811973990283,174.34157851920816,15839.153552509491,16216.129972579662,16390.471551098868,202968.12627284336,0.255106794908009,47.30963682538753,0.0,0.0,0.0,False,False,False
main,tv_dro_rho_0p01,tv_dro,2025-01-01,45,True,True,20,,0.01,0.7,20.0,optimal_decomposed,82.553435800015,82.55280639999546,0.0,1,2,15664.811973990283,174.34157851920816,15839.153552509491,16287.706889409907,16462.048467929115,203388.86362382167,0.3019509915086167,53.70061878130885,0.0,0.0,0.0,False,False,False
main,tv_dro_rho_0p01,tv_dro,2025-01-01,46,True,True,20,,0.01,0.7,20.0,optimal_decomposed,82.553435800015,82.55280639999546,0.0,1,2,15664.811973990283,174.34157851920816,15839.153552509491,16211.797710578798,16386.139289098006,203074.5357754964,0.268509157270025,49.591663682226255,0.0,0.0,0.0,False,False,False
main,tv_dro_rho_0p01,tv_dro,2025-01-01,47,True,True,20,,0.01,0.7,20.0,optimal_decomposed,82.553435800015,82.55280639999546,0.0,1,2,15664.811973990283,174.34157851920816,15839.153552509491,16222.156721729618,16396.498300248826,203422.64529381707,0.0,49.579268768360905,0.0,0.0,0.0,False,False,False
main,tv_dro_rho_0p01,tv_dro,2025-01-01,48,True,True,20,,0.01,0.7,20.0,optimal_decomposed,82.553435800015,82.55280639999546,0.0,1,2,15664.811973990283,174.34157851920816,15839.153552509491,16245.486564186911,16419.82814270612,203052.52504618352,0.0,49.30963820864704,0.0,0.0,0.0,False,False,False
main,tv_dro_rho_0p01,tv_dro,2025-01-01,49,True,True,20,,0.01,0.7,20.0,optimal_decomposed,82.553435800015,82.55280639999546,0.0,1,2,15664.811973990283,174.34157851920816,15839.153552509491,16228.915063881323,16403.25664240053,203056.9452026468,0.0,51.05657186610097,0.0,0.0,0.0,False,False,False
main,tv_dro_rho_0p01,tv_dro,2025-01-01,50,True,True,20,,0.01,0.7,20.0,optimal_decomposed,82.553435800015,82.55280639999546,0.0,1,2,15664.811973990283,174.34157851920816,15839.153552509491,16274.752916777401,16449.09449529661,203152.92017578735,0.0,56.2450864630756,0.0,0.0,0.0,False,False,False
main,tv_dro_rho_0p01,tv_dro,2025-01-01,51,True,True,20,,0.01,0.7,20.0,optimal_decomposed,82.553435800015,82.55280639999546,0.0,1,2,15664.811973990283,174.34157851920816,15839.153552509491,16210.048540860515,16384.39011937972,203352.17582082344,0.0,49.93573796781898,0.0,0.0,0.0,False,False,False
main,tv_dro_rho_0p01,tv_dro,2025-01-01,52,True,True,20,,0.01,0.7,20.0,optimal_decomposed,82.553435800015,82.55280639999546,0.0,1,2,15664.811973990283,174.34157851920816,15839.153552509491,16211.059846038224,16385.401424557433,203249.4246592036,0.05543058898237363,57.06410751285448,0.0,0.0,0.0,False,False,False
main,tv_dro_rho_0p01,tv_dro,2025-01-01,53,True,True,20,,0.01,0.7,20.0,optimal_decomposed,82.553435800015,82.55280639999546,0.0,1,2,15664.811973990283,174.34157851920816,15839.153552509491,16141.662843124304,16316.004421643513,202973.85502945122,0.0,44.30379586115489,0.0,0.0,0.0,False,False,False
main,tv_dro_rho_0p01,tv_dro,2025-01-01,54,True,True,20,,0.01,0.7,20.0,optimal_decomposed,82.553435800015,82.55280639999546,0.0,1,2,15664.811973990283,174.34157851920816,15839.153552509491,16181.504447054007,16355.846025573215,202676.7563506679,0.0,46.47081153240224,0.0,0.0,0.0,False,False,False
main,tv_dro_rho_0p01,tv_dro,2025-01-01,55,True,True,20,,0.01,0.7,20.0,optimal_decomposed,82.553435800015,82.55280639999546,0.0,1,2,15664.811973990283,174.34157851920816,15839.153552509491,16198.746977892597,16373.088556411805,202979.92992588316,0.07057944097732416,54.239457475796705,0.0,0.0,0.0,False,False,False
main,tv_dro_rho_0p01,tv_dro,2025-01-01,56,True,True,20,,0.01,0.7,20.0,optimal_decomposed,82.553435800015,82.55280639999546,0.0,1,2,15664.811973990283,174.34157851920816,15839.153552509491,16330.565277703403,16504.90685622261,203585.59125115265,0.0,37.63635771331639,0.0,0.0,0.0,False,False,False
main,tv_dro_rho_0p01,tv_dro,2025-01-01,57,True,True,20,,0.01,0.7,20.0,optimal_decomposed,82.553435800015,82.55280639999546,0.0,1,2,15664.811973990283,174.34157851920816,15839.153552509491,16258.978542868967,16433.320121388173,203333.00685693117,0.23515940551632286,48.287166424739354,0.0,0.0,0.0,False,False,False
main,tv_dro_rho_0p01,tv_dro,2025-01-01,58,True,True,20,,0.01,0.7,20.0,optimal_decomposed,82.553435800015,82.55280639999546,0.0,1,2,15664.811973990283,174.34157851920816,15839.153552509491,16149.331369944437,16323.672948463645,203265.63809178738,0.06268081667281566,57.20865303063357,0.0,0.0,0.0,False,False,False
main,tv_dro_rho_0p01,tv_dro,2025-01-01,59,True,True,20,,0.01,0.7,20.0,optimal_decomposed,82.553435800015,82.55280639999546,0.0,1,2,15664.811973990283,174.34157851920816,15839.153552509491,16150.891549770406,16325.233128289614,203143.90786011718,0.0,51.510298221839,0.0,0.0,0.0,False,False,False
main,tv_dro_rho_0p01,tv_dro,2025-01-01,60,True,True,20,,0.01,0.7,20.0,optimal_decomposed,82.553435800015,82.55280639999546,0.0,1,2,15664.811973990283,174.34157851920816,15839.153552509491,16210.225437064406,16384.567015583612,202680.84684111737,0.0,51.41997299356397,0.0,0.0,0.0,False,False,False
main,tv_dro_rho_0p01,tv_dro,2025-01-01,61,True,True,20,,0.01,0.7,20.0,optimal_decomposed,82.553435800015,82.55280639999546,0.0,1,2,15664.811973990283,174.34157851920816,15839.153552509491,16260.802133400832,16435.14371192004,202881.292526374,0.0,38.08161043186006,0.0,0.0,0.0,False,False,False
main,tv_dro_rho_0p01,tv_dro,2025-01-01,62,True,True,20,,0.01,0.7,20.0,optimal_decomposed,82.553435800015,82.55280639999546,0.0,1,2,15664.811973990283,174.34157851920816,15839.153552509491,16193.75381869776,16368.095397216968,202942.39417476722,0.300200735373775,55.09111074505941,0.0,0.0,0.0,False,False,False
main,tv_dro_rho_0p01,tv_dro,2025-01-01,63,True,True,20,,0.01,0.7,20.0,optimal_decomposed,82.553435800015,82.55280639999546,0.0,1,2,15664.811973990283,174.34157851920816,15839.153552509491,16157.1262444433,16331.467822962508,202536.12591448764,0.0,54.32882813583893,0.0,0.0,0.0,False,False,False
main,tv_dro_rho_0p01,tv_dro,2025-01-01,64,True,True,20,,0.01,0.7,20.0,optimal_decomposed,82.553435800015,82.55280639999546,0.0,1,2,15664.811973990283,174.34157851920816,15839.153552509491,16183.716057419882,16358.05763593909,202994.63201311347,0.0621873152385255,47.436112987187116,0.0,0.0,0.0,False,False,False
main,tv_dro_rho_0p01,tv_dro,2025-01-01,65,True,True,20,,0.01,0.7,20.0,optimal_decomposed,82.553435800015,82.55280639999546,0.0,1,2,15664.811973990283,174.34157851920816,15839.153552509491,16147.815399398974,16322.156977918183,202612.4154867113,0.052041992647523516,53.45064357268331,0.0,0.0,0.0,False,False,False
main,tv_dro_rho_0p01,tv_dro,2025-01-01,66,True,True,20,,0.01,0.7,20.0,optimal_decomposed,82.553435800015,82.55280639999546,0.0,1,2,15664.811973990283,174.34157851920816,15839.153552509491,16169.484141185843,16343.825719705052,203078.033492067,0.0,56.92897050633915,0.0,0.0,0.0,False,False,False
main,tv_dro_rho_0p01,tv_dro,2025-01-01,67,True,True,20,,0.01,0.7,20.0,optimal_decomposed,82.553435800015,82.55280639999546,0.0,1,2,15664.811973990283,174.34157851920816,15839.153552509491,16222.943993297906,16397.285571817112,203279.32298284935,0.0,49.69260113829294,0.0,0.0,0.0,False,False,False
main,tv_dro_rho_0p01,tv_dro,2025-01-01,68,True,True,20,,0.01,0.7,20.0,optimal_decomposed,82.553435800015,82.55280639999546,0.0,1,2,15664.811973990283,174.34157851920816,15839.153552509491,16305.368505501852,16479.71008402106,203429.3122303209,0.0,53.06043411304382,0.0,0.0,0.0,False,False,False
main,tv_dro_rho_0p01,tv_dro,2025-01-01,69,True,True,20,,0.01,0.7,20.0,optimal_decomposed,82.553435800015,82.55280639999546,0.0,1,2,15664.811973990283,174.34157851920816,15839.153552509491,16201.142385273626,16375.483963792834,202962.2127650737,0.0,51.27127804260741,0.0,0.0,0.0,False,False,False
main,tv_dro_rho_0p01,tv_dro,2025-01-01,70,True,True,20,,0.01,0.7,20.0,optimal_decomposed,82.553435800015,82.55280639999546,0.0,1,2,15664.811973990283,174.34157851920816,15839.153552509491,16114.898365865107,16289.239944384315,202621.96093564082,0.0,54.22824747062532,0.0,0.0,0.0,False,False,False
main,tv_dro_rho_0p01,tv_dro,2025-01-01,71,True,True,20,,0.01,0.7,20.0,optimal_decomposed,82.553435800015,82.55280639999546,0.0,1,2,15664.811973990283,174.34157851920816,15839.153552509491,16170.50331054772,16344.844889066928,203269.99889261284,0.0,57.58476807054933,0.0,0.0,0.0,False,False,False
main,tv_dro_rho_0p01,tv_dro,2025-01-01,72,True,True,20,,0.01,0.7,20.0,optimal_decomposed,82.553435800015,82.55280639999546,0.0,1,2,15664.811973990283,174.34157851920816,15839.153552509491,16174.00687891809,16348.348457437298,202507.55752128898,0.0,56.98866936471097,0.0,0.0,0.0,False,False,False
main,tv_dro_rho_0p01,tv_dro,2025-01-01,73,True,True,20,,0.01,0.7,20.0,optimal_decomposed,82.553435800015,82.55280639999546,0.0,1,2,15664.811973990283,174.34157851920816,15839.153552509491,16215.545838876045,16389.887417395254,202957.33268254367,0.21974120816015819,50.11244867823332,0.0,0.0,0.0,False,False,False
main,tv_dro_rho_0p01,tv_dro,2025-01-01,74,True,True,20,,0.01,0.7,20.0,optimal_decomposed,82.553435800015,82.55280639999546,0.0,1,2,15664.811973990283,174.34157851920816,15839.153552509491,16237.023876386555,16411.36545490576,203259.68685257714,0.24296662098685107,51.0532783407401,0.0,0.0,0.0,False,False,False
main,tv_dro_rho_0p01,tv_dro,2025-01-01,75,True,True,20,,0.01,0.7,20.0,optimal_decomposed,82.553435800015,82.55280639999546,0.0,1,2,15664.811973990283,174.34157851920816,15839.153552509491,16219.496037547362,16393.83761606657,203690.59011119243,0.0,51.91920491020333,0.0,0.0,0.0,False,False,False
main,tv_dro_rho_0p01,tv_dro,2025-01-01,76,True,True,20,,0.01,0.7,20.0,optimal_decomposed,82.553435800015,82.55280639999546,0.0,1,2,15664.811973990283,174.34157851920816,15839.153552509491,16182.385770713398,16356.727349232606,202448.87114121416,0.0,52.04269905671605,0.0,0.0,0.0,False,False,False
main,tv_dro_rho_0p01,tv_dro,2025-01-01,77,True,True,20,,0.01,0.7,20.0,optimal_decomposed,82.553435800015,82.55280639999546,0.0,1,2,15664.811973990283,174.34157851920816,15839.153552509491,16181.203270354132,16355.54484887334,202727.31655459636,0.0,46.17103260362187,0.0,0.0,0.0,False,False,False
main,tv_dro_rho_0p01,tv_dro,2025-01-01,78,True,True,20,,0.01,0.7,20.0,optimal_decomposed,82.553435800015,82.55280639999546,0.0,1,2,15664.811973990283,174.34157851920816,15839.153552509491,16160.121774392048,16334.463352911256,202670.82908570542,0.050164781495736,49.78714854471773,0.0,0.0,0.0,False,False,False
main,tv_dro_rho_0p01,tv_dro,2025-01-01,79,True,True,20,,0.01,0.7,20.0,optimal_decomposed,82.553435800015,82.55280639999546,0.0,1,2,15664.811973990283,174.34157851920816,15839.153552509491,16246.736795628827,16421.078374148034,203268.48014011004,0.0,48.75693760168631,0.0,0.0,0.0,False,False,False
main,tv_dro_rho_0p01,tv_dro,2025-01-01,80,True,True,20,,0.01,0.7,20.0,optimal_decomposed,82.553435800015,82.55280639999546,0.0,1,2,15664.811973990283,174.34157851920816,15839.153552509491,16179.928185579898,16354.269764099106,203375.84793130177,0.0,47.18911858939909,0.0,0.0,0.0,False,False,False
main,tv_dro_rho_0p01,tv_dro,2025-01-01,81,True,True,20,,0.01,0.7,20.0,optimal_decomposed,82.553435800015,82.55280639999546,0.0,1,2,15664.811973990283,174.34157851920816,15839.153552509491,16243.846621062925,16418.18819958213,203318.34592692042,0.0,56.761861169995264,0.0,0.0,0.0,False,False,False
main,tv_dro_rho_0p01,tv_dro,2025-01-01,82,True,True,20,,0.01,0.7,20.0,optimal_decomposed,82.553435800015,82.55280639999546,0.0,1,2,15664.811973990283,174.34157851920816,15839.153552509491,16223.800432456208,16398.142010975414,203012.01972885703,0.0,42.390872026185676,0.0,0.0,0.0,False,False,False
main,tv_dro_rho_0p01,tv_dro,2025-01-01,83,True,True,20,,0.01,0.7,20.0,optimal_decomposed,82.553435800015,82.55280639999546,0.0,1,2,15664.811973990283,174.34157851920816,15839.153552509491,16258.154420266392,16432.4959987856,202667.42849058248,0.26708933783616007,45.473221562879985,0.0,0.0,0.0,False,False,False
main,tv_dro_rho_0p01,tv_dro,2025-01-01,84,True,True,20,,0.01,0.7,20.0,optimal_decomposed,82.553435800015,82.55280639999546,0.0,1,2,15664.811973990283,174.34157851920816,15839.153552509491,16151.408951278927,16325.750529798135,202828.45470745605,0.0,41.198348737381906,0.0,0.0,0.0,False,False,False
main,tv_dro_rho_0p01,tv_dro,2025-01-01,85,True,True,20,,0.01,0.7,20.0,optimal_decomposed,82.553435800015,82.55280639999546,0.0,1,2,15664.811973990283,174.34157851920816,15839.153552509491,16187.669286677374,16362.010865196582,202584.08920930818,0.0,55.91511885115434,0.0,0.0,0.0,False,False,False
main,tv_dro_rho_0p01,tv_dro,2025-01-01,86,True,True,20,,0.01,0.7,20.0,optimal_decomposed,82.553435800015,82.55280639999546,0.0,1,2,15664.811973990283,174.34157851920816,15839.153552509491,16229.808763592491,16404.150342111698,203460.07531623496,0.0,46.37686051420603,0.0,0.0,0.0,False,False,False
main,tv_dro_rho_0p01,tv_dro,2025-01-01,87,True,True,20,,0.01,0.7,20.0,optimal_decomposed,82.553435800015,82.55280639999546,0.0,1,2,15664.811973990283,174.34157851920816,15839.153552509491,16279.94035051727,16454.28192903648,203042.74090647866,0.0,49.87571887725324,0.0,0.0,0.0,False,False,False
main,tv_dro_rho_0p01,tv_dro,2025-01-01,88,True,True,20,,0.01,0.7,20.0,optimal_decomposed,82.553435800015,82.55280639999546,0.0,1,2,15664.811973990283,174.34157851920816,15839.153552509491,16292.095777317336,16466.437355836544,203738.1449236099,0.29167101834298953,55.35255219241355,0.0,0.0,0.0,False,False,False
main,tv_dro_rho_0p01,tv_dro,2025-01-01,89,True,True,20,,0.01,0.7,20.0,optimal_decomposed,82.553435800015,82.55280639999546,0.0,1,2,15664.811973990283,174.34157851920816,15839.153552509491,16280.737434036248,16455.079012555456,202617.9949971582,0.0,49.34896159779279,0.0,0.0,0.0,False,False,False
main,tv_dro_rho_0p01,tv_dro,2025-01-01,90,True,True,20,,0.01,0.7,20.0,optimal_decomposed,82.553435800015,82.55280639999546,0.0,1,2,15664.811973990283,174.34157851920816,15839.153552509491,16209.061160388932,16383.40273890814,203099.85977926792,0.0,53.488261152801634,0.0,0.0,0.0,False,False,False
main,tv_dro_rho_0p01,tv_dro,2025-01-01,91,True,True,20,,0.01,0.7,20.0,optimal_decomposed,82.553435800015,82.55280639999546,0.0,1,2,15664.811973990283,174.34157851920816,15839.153552509491,16308.448548569419,16482.790127088625,203442.05836080504,0.0,48.849614493573,0.0,0.0,0.0,False,False,False
main,tv_dro_rho_0p01,tv_dro,2025-01-01,92,True,True,20,,0.01,0.7,20.0,optimal_decomposed,82.553435800015,82.55280639999546,0.0,1,2,15664.811973990283,174.34157851920816,15839.153552509491,16204.024805002942,16378.36638352215,202964.0833511203,0.2337710495183163,42.424478264395376,0.0,0.0,0.0,False,False,False
main,tv_dro_rho_0p01,tv_dro,2025-01-01,93,True,True,20,,0.01,0.7,20.0,optimal_decomposed,82.553435800015,82.55280639999546,0.0,1,2,15664.811973990283,174.34157851920816,15839.153552509491,16272.004466557837,16446.346045077044,203433.60808389293,0.0,51.648365681301115,0.0,0.0,0.0,False,False,False
main,tv_dro_rho_0p01,tv_dro,2025-01-01,94,True,True,20,,0.01,0.7,20.0,optimal_decomposed,82.553435800015,82.55280639999546,0.0,1,2,15664.811973990283,174.34157851920816,15839.153552509491,16121.96372696693,16296.305305486138,202018.31566480492,0.0,46.109616599310556,0.0,0.0,0.0,False,False,False
main,tv_dro_rho_0p01,tv_dro,2025-01-01,95,True,True,20,,0.01,0.7,20.0,optimal_decomposed,82.553435800015,82.55280639999546,0.0,1,2,15664.811973990283,174.34157851920816,15839.153552509491,16113.878002712052,16288.21958123126,202580.14065939366,0.0,49.633577083937176,0.0,0.0,0.0,False,False,False
main,tv_dro_rho_0p01,tv_dro,2025-01-01,96,True,True,20,,0.01,0.7,20.0,optimal_decomposed,82.553435800015,82.55280639999546,0.0,1,2,15664.811973990283,174.34157851920816,15839.153552509491,16165.111967293557,16339.453545812765,202712.43249273516,0.0,47.35808259155924,0.0,0.0,0.0,False,False,False
main,tv_dro_rho_0p01,tv_dro,2025-01-01,97,True,True,20,,0.01,0.7,20.0,optimal_decomposed,82.553435800015,82.55280639999546,0.0,1,2,15664.811973990283,174.34157851920816,15839.153552509491,16190.196506398712,16364.53808491792,202614.29307570553,0.0,51.23162021564871,0.0,0.0,0.0,False,False,False
main,tv_dro_rho_0p01,tv_dro,2025-01-01,98,True,True,20,,0.01,0.7,20.0,optimal_decomposed,82.553435800015,82.55280639999546,0.0,1,2,15664.811973990283,174.34157851920816,15839.153552509491,16234.845279610023,16409.18685812923,203289.76870364335,0.0,42.12687282692769,0.0,0.0,0.0,False,False,False
main,tv_dro_rho_0p01,tv_dro,2025-01-01,99,True,True,20,,0.01,0.7,20.0,optimal_decomposed,82.553435800015,82.55280639999546,0.0,1,2,15664.811973990283,174.34157851920816,15839.153552509491,16262.125788081084,16436.467366600293,203412.46264447313,0.24029994497052282,53.553455432109445,0.0,0.0,0.0,False,False,False
main,tv_dro_rho_0p01,tv_dro,2025-04-01,0,True,True,20,,0.01,0.7,20.0,optimal_decomposed,107.09060639992822,107.08975110005122,0.0,1,2,15462.571691668623,498.33225108842555,15960.90394275705,15822.45576467556,16320.788015763987,125202.91681743988,0.0,53.81005369970906,0.0,0.0,0.0,False,False,False
main,tv_dro_rho_0p01,tv_dro,2025-04-01,1,True,True,20,,0.01,0.7,20.0,optimal_decomposed,107.09060639992822,107.08975110005122,0.0,1,2,15462.571691668623,498.33225108842555,15960.90394275705,15718.999881699507,16217.332132787933,124300.09290224388,0.025817829396779457,62.951594702991486,0.0,0.0,0.0,False,False,False
main,tv_dro_rho_0p01,tv_dro,2025-04-01,2,True,True,20,,0.01,0.7,20.0,optimal_decomposed,107.09060639992822,107.08975110005122,0.0,1,2,15462.571691668623,498.33225108842555,15960.90394275705,15697.518762519912,16195.851013608339,125223.63639277482,0.0,48.80250350338061,0.0,0.0,0.0,False,False,False
main,tv_dro_rho_0p01,tv_dro,2025-04-01,3,True,True,20,,0.01,0.7,20.0,optimal_decomposed,107.09060639992822,107.08975110005122,0.0,1,2,15462.571691668623,498.33225108842555,15960.90394275705,15794.95870487637,16293.290955964796,125331.77230772453,0.0,55.444862352759614,0.0,0.0,0.0,False,False,False
main,tv_dro_rho_0p01,tv_dro,2025-04-01,4,True,True,20,,0.01,0.7,20.0,optimal_decomposed,107.09060639992822,107.08975110005122,0.0,1,2,15462.571691668623,498.33225108842555,15960.90394275705,15729.1426191578,16227.474870246226,125573.90022234585,0.0,47.83771936533181,0.0,0.0,0.0,False,False,False
main,tv_dro_rho_0p01,tv_dro,2025-04-01,5,True,True,20,,0.01,0.7,20.0,optimal_decomposed,107.09060639992822,107.08975110005122,0.0,1,2,15462.571691668623,498.33225108842555,15960.90394275705,15788.530829598083,16286.86308068651,125380.84612140579,0.020794147398395246,59.02192839001125,0.0,0.0,0.0,False,False,False
main,tv_dro_rho_0p01,tv_dro,2025-04-01,6,True,True,20,,0.01,0.7,20.0,optimal_decomposed,107.09060639992822,107.08975110005122,0.0,1,2,15462.571691668623,498.33225108842555,15960.90394275705,15764.259787388672,16262.592038477098,125463.88262224436,0.0,50.62759281412693,0.0,0.0,0.0,False,False,False
main,tv_dro_rho_0p01,tv_dro,2025-04-01,7,True,True,20,,0.01,0.7,20.0,optimal_decomposed,107.09060639992822,107.08975110005122,0.0,1,2,15462.571691668623,498.33225108842555,15960.90394275705,15716.766858017909,16215.099109106335,125239.16213748557,0.0,52.08674193223663,0.0,0.0,0.0,False,False,False
main,tv_dro_rho_0p01,tv_dro,2025-04-01,8,True,True,20,,0.01,0.7,20.0,optimal_decomposed,107.09060639992822,107.08975110005122,0.0,1,2,15462.571691668623,498.33225108842555,15960.90394275705,15708.477248688132,16206.809499776558,124924.90081344069,0.09234861607405853,53.99219250123317,0.0,0.0,0.0,False,False,False
main,tv_dro_rho_0p01,tv_dro,2025-04-01,9,True,True,20,,0.01,0.7,20.0,optimal_decomposed,107.09060639992822,107.08975110005122,0.0,1,2,15462.571691668623,498.33225108842555,15960.90394275705,15665.224526945263,16163.55677803369,124760.30439490627,0.10706217327015954,61.37518164964557,0.0,0.0,0.0,False,False,False
main,tv_dro_rho_0p01,tv_dro,2025-04-01,10,True,True,20,,0.01,0.7,20.0,optimal_decomposed,107.09060639992822,107.08975110005122,0.0,1,2,15462.571691668623,498.33225108842555,15960.90394275705,15791.20909746993,16289.541348558356,125780.89697107529,0.0,51.88591608885491,0.0,0.0,0.0,False,False,False
main,tv_dro_rho_0p01,tv_dro,2025-04-01,11,True,True,20,,0.01,0.7,20.0,optimal_decomposed,107.09060639992822,107.08975110005122,0.0,1,2,15462.571691668623,498.33225108842555,15960.90394275705,15743.434541048653,16241.76679213708,125375.29988050704,0.0,45.00827360860451,0.0,0.0,0.0,False,False,False
main,tv_dro_rho_0p01,tv_dro,2025-04-01,12,True,True,20,,0.01,0.7,20.0,optimal_decomposed,107.09060639992822,107.08975110005122,0.0,1,2,15462.571691668623,498.33225108842555,15960.90394275705,15827.838445877407,16326.170696965833,125339.7015154427,0.0,47.87930353219872,0.0,0.0,0.0,False,False,False
main,tv_dro_rho_0p01,tv_dro,2025-04-01,13,True,True,20,,0.01,0.7,20.0,optimal_decomposed,107.09060639992822,107.08975110005122,0.0,1,2,15462.571691668623,498.33225108842555,15960.90394275705,15782.709220191491,16281.041471279917,125057.19362414375,0.10706217279184838,56.9700666921526,0.0,0.0,0.0,False,False,False
main,tv_dro_rho_0p01,tv_dro,2025-04-01,14,True,True,20,,0.01,0.7,20.0,optimal_decomposed,107.09060639992822,107.08975110005122,0.0,1,2,15462.571691668623,498.33225108842555,15960.90394275705,15692.739037492922,16191.071288581348,125266.51741846967,0.0,53.923416612213856,0.0,0.0,0.0,False,False,False
main,tv_dro_rho_0p01,tv_dro,2025-04-01,15,True,True,20,,0.01,0.7,20.0,optimal_decomposed,107.09060639992822,107.08975110005122,0.0,1,2,15462.571691668623,498.33225108842555,15960.90394275705,15820.06553975156,16318.397790839987,125255.02616404604,0.0,50.77932886301558,0.0,0.0,0.0,False,False,False
main,tv_dro_rho_0p01,tv_dro,2025-04-01,16,True,True,20,,0.01,0.7,20.0,optimal_decomposed,107.09060639992822,107.08975110005122,0.0,1,2,15462.571691668623,498.33225108842555,15960.90394275705,15690.502597087567,16188.834848175993,125375.724771727,0.0,47.4036364623549,0.0,0.0,0.0,False,False,False
main,tv_dro_rho_0p01,tv_dro,2025-04-01,17,True,True,20,,0.01,0.7,20.0,optimal_decomposed,107.09060639992822,107.08975110005122,0.0,1,2,15462.571691668623,498.33225108842555,15960.90394275705,15787.807668107547,16286.139919195974,125672.60127552999,0.0,62.01948978226731,0.0,0.0,0.0,False,False,False
main,tv_dro_rho_0p01,tv_dro,2025-04-01,18,True,True,20,,0.01,0.7,20.0,optimal_decomposed,107.09060639992822,107.08975110005122,0.0,1,2,15462.571691668623,498.33225108842555,15960.90394275705,15689.608999044905,16187.941250133332,124884.85197263215,0.1302783353594672,57.39889164007732,0.0,0.0,0.0,False,False,False
main,tv_dro_rho_0p01,tv_dro,2025-04-01,19,True,True,20,,0.01,0.7,20.0,optimal_decomposed,107.09060639992822,107.08975110005122,0.0,1,2,15462.571691668623,498.33225108842555,15960.90394275705,15858.448828010645,16356.781079099072,125496.37276135932,0.0,53.16565855642281,0.0,0.0,0.0,False,False,False
main,tv_dro_rho_0p01,tv_dro,2025-04-01,20,True,True,20,,0.01,0.7,20.0,optimal_decomposed,107.09060639992822,107.08975110005122,0.0,1,2,15462.571691668623,498.33225108842555,15960.90394275705,15775.59664309226,16273.928894180686,125821.23940346645,0.0,49.01178915730193,0.0,0.0,0.0,False,False,False
main,tv_dro_rho_0p01,tv_dro,2025-04-01,21,True,True,20,,0.01,0.7,20.0,optimal_decomposed,107.09060639992822,107.08975110005122,0.0,1,2,15462.571691668623,498.33225108842555,15960.90394275705,15804.9272937752,16303.259544863626,125617.19209263344,0.0,51.51143481875161,0.0,0.0,0.0,False,False,False
main,tv_dro_rho_0p01,tv_dro,2025-04-01,22,True,True,20,,0.01,0.7,20.0,optimal_decomposed,107.09060639992822,107.08975110005122,0.0,1,2,15462.571691668623,498.33225108842555,15960.90394275705,15738.548990237345,16236.881241325771,125489.74455496945,0.0,53.93721282158268,0.0,0.0,0.0,False,False,False
main,tv_dro_rho_0p01,tv_dro,2025-04-01,23,True,True,20,,0.01,0.7,20.0,optimal_decomposed,107.09060639992822,107.08975110005122,0.0,1,2,15462.571691668623,498.33225108842555,15960.90394275705,15685.79986817603,16184.132119264455,124861.92266225662,0.0,51.60337929889675,0.0,0.0,0.0,False,False,False
main,tv_dro_rho_0p01,tv_dro,2025-04-01,24,True,True,20,,0.01,0.7,20.0,optimal_decomposed,107.09060639992822,107.08975110005122,0.0,1,2,15462.571691668623,498.33225108842555,15960.90394275705,15689.564249654433,16187.89650074286,124723.03962966824,0.25476725618701396,56.46345122383685,0.0,0.0,0.0,False,False,False
main,tv_dro_rho_0p01,tv_dro,2025-04-01,25,True,True,20,,0.01,0.7,20.0,optimal_decomposed,107.09060639992822,107.08975110005122,0.0,1,2,15462.571691668623,498.33225108842555,15960.90394275705,15790.393852557494,16288.72610364592,125712.81579907183,0.0,49.492075472042735,0.0,0.0,0.0,False,False,False
main,tv_dro_rho_0p01,tv_dro,2025-04-01,26,True,True,20,,0.01,0.7,20.0,optimal_decomposed,107.09060639992822,107.08975110005122,0.0,1,2,15462.571691668623,498.33225108842555,15960.90394275705,15755.488573744817,16253.820824833243,125002.29169266492,0.0,61.83476566439609,0.0,0.0,0.0,False,False,False
main,tv_dro_rho_0p01,tv_dro,2025-04-01,27,True,True,20,,0.01,0.7,20.0,optimal_decomposed,107.09060639992822,107.08975110005122,0.0,1,2,15462.571691668623,498.33225108842555,15960.90394275705,15730.289261951244,16228.62151303967,125073.13491970919,0.0,58.24790175106736,0.0,0.0,0.0,False,False,False
main,tv_dro_rho_0p01,tv_dro,2025-04-01,28,True,True,20,,0.01,0.7,20.0,optimal_decomposed,107.09060639992822,107.08975110005122,0.0,1,2,15462.571691668623,498.33225108842555,15960.90394275705,15763.759295825603,16262.09154691403,125519.0281917334,0.0,43.6461821140391,0.0,0.0,0.0,False,False,False
main,tv_dro_rho_0p01,tv_dro,2025-04-01,29,True,True,20,,0.01,0.7,20.0,optimal_decomposed,107.09060639992822,107.08975110005122,0.0,1,2,15462.571691668623,498.33225108842555,15960.90394275705,15819.09942150979,16317.431672598217,125447.7944876103,0.0,41.95774822292283,0.0,0.0,0.0,False,False,False
main,tv_dro_rho_0p01,tv_dro,2025-04-01,30,True,True,20,,0.01,0.7,20.0,optimal_decomposed,107.09060639992822,107.08975110005122,0.0,1,2,15462.571691668623,498.33225108842555,15960.90394275705,15693.717778116177,16192.050029204604,125131.82448097951,0.0,46.83569494754786,0.0,0.0,0.0,False,False,False
main,tv_dro_rho_0p01,tv_dro,2025-04-01,31,True,True,20,,0.01,0.7,20.0,optimal_decomposed,107.09060639992822,107.08975110005122,0.0,1,2,15462.571691668623,498.33225108842555,15960.90394275705,15787.461942588276,16285.794193676702,125561.9390186625,0.0,49.75138426125217,0.0,0.0,0.0,False,False,False
main,tv_dro_rho_0p01,tv_dro,2025-04-01,32,True,True,20,,0.01,0.7,20.0,optimal_decomposed,107.09060639992822,107.08975110005122,0.0,1,2,15462.571691668623,498.33225108842555,15960.90394275705,15686.27160689236,16184.603857980786,125274.41092747217,0.0,51.00167941999998,0.0,0.0,0.0,False,False,False
main,tv_dro_rho_0p01,tv_dro,2025-04-01,33,True,True,20,,0.01,0.7,20.0,optimal_decomposed,107.09060639992822,107.08975110005122,0.0,1,2,15462.571691668623,498.33225108842555,15960.90394275705,15706.798928590957,16205.131179679383,124316.42566646369,0.24793180255806346,64.01623916169927,0.0,0.0,0.0,False,False,False
main,tv_dro_rho_0p01,tv_dro,2025-04-01,34,True,True,20,,0.01,0.7,20.0,optimal_decomposed,107.09060639992822,107.08975110005122,0.0,1,2,15462.571691668623,498.33225108842555,15960.90394275705,15797.015346214052,16295.347597302478,124792.21849074416,0.0,56.379093805168985,0.0,0.0,0.0,False,False,False
main,tv_dro_rho_0p01,tv_dro,2025-04-01,35,True,True,20,,0.01,0.7,20.0,optimal_decomposed,107.09060639992822,107.08975110005122,0.0,1,2,15462.571691668623,498.33225108842555,15960.90394275705,15755.096084747975,16253.428335836401,125349.98291022248,0.031817511119192066,58.14778222229723,0.0,0.0,0.0,False,False,False
main,tv_dro_rho_0p01,tv_dro,2025-04-01,36,True,True,20,,0.01,0.7,20.0,optimal_decomposed,107.09060639992822,107.08975110005122,0.0,1,2,15462.571691668623,498.33225108842555,15960.90394275705,15750.974028315139,16249.306279403565,124999.37946519713,0.0,61.06421828489449,0.0,0.0,0.0,False,False,False
main,tv_dro_rho_0p01,tv_dro,2025-04-01,37,True,True,20,,0.01,0.7,20.0,optimal_decomposed,107.09060639992822,107.08975110005122,0.0,1,2,15462.571691668623,498.33225108842555,15960.90394275705,15797.14001107751,16295.472262165937,125607.95319708578,0.0,46.44246177702384,0.0,0.0,0.0,False,False,False
main,tv_dro_rho_0p01,tv_dro,2025-04-01,38,True,True,20,,0.01,0.7,20.0,optimal_decomposed,107.09060639992822,107.08975110005122,0.0,1,2,15462.571691668623,498.33225108842555,15960.90394275705,15723.92733230271,16222.259583391136,125196.94179025292,0.0,51.46377826752081,0.0,0.0,0.0,False,False,False
main,tv_dro_rho_0p01,tv_dro,2025-04-01,39,True,True,20,,0.01,0.7,20.0,optimal_decomposed,107.09060639992822,107.08975110005122,0.0,1,2,15462.571691668623,498.33225108842555,15960.90394275705,15802.30054714374,16300.632798232165,125584.62892963499,0.0,44.24592619442006,0.0,0.0,0.0,False,False,False
main,tv_dro_rho_0p01,tv_dro,2025-04-01,40,True,True,20,,0.01,0.7,20.0,optimal_decomposed,107.09060639992822,107.08975110005122,0.0,1,2,15462.571691668623,498.33225108842555,15960.90394275705,15708.617615158024,16206.94986624645,125168.58728831861,0.0,46.46763572633323,0.0,0.0,0.0,False,False,False
main,tv_dro_rho_0p01,tv_dro,2025-04-01,41,True,True,20,,0.01,0.7,20.0,optimal_decomposed,107.09060639992822,107.08975110005122,0.0,1,2,15462.571691668623,498.33225108842555,15960.90394275705,15785.706930922453,16284.03918201088,125538.85853175171,0.0,41.11556391181487,0.0,0.0,0.0,False,False,False
main,tv_dro_rho_0p01,tv_dro,2025-04-01,42,True,True,20,,0.01,0.7,20.0,optimal_decomposed,107.09060639992822,107.08975110005122,0.0,1,2,15462.571691668623,498.33225108842555,15960.90394275705,15711.977922326263,16210.31017341469,125057.55647412427,0.10706217327015954,57.75289690606457,0.0,0.0,0.0,False,False,False
main,tv_dro_rho_0p01,tv_dro,2025-04-01,43,True,True,20,,0.01,0.7,20.0,optimal_decomposed,107.09060639992822,107.08975110005122,0.0,1,2,15462.571691668623,498.33225108842555,15960.90394275705,15705.055292371548,16203.387543459974,125385.34557584082,0.012401861511468937,53.98771095445745,0.0,0.0,0.0,False,False,False
main,tv_dro_rho_0p01,tv_dro,2025-04-01,44,True,True,20,,0.01,0.7,20.0,optimal_decomposed,107.09060639992822,107.08975110005122,0.0,1,2,15462.571691668623,498.33225108842555,15960.90394275705,15744.836632761002,16243.168883849428,125434.34711842121,0.0,53.43242152950919,0.0,0.0,0.0,False,False,False
main,tv_dro_rho_0p01,tv_dro,2025-04-01,45,True,True,20,,0.01,0.7,20.0,optimal_decomposed,107.09060639992822,107.08975110005122,0.0,1,2,15462.571691668623,498.33225108842555,15960.90394275705,15731.546130965233,16229.87838205366,125325.04482164125,0.1086703983953845,56.04774944668615,0.0,0.0,0.0,False,False,False
main,tv_dro_rho_0p01,tv_dro,2025-04-01,46,True,True,20,,0.01,0.7,20.0,optimal_decomposed,107.09060639992822,107.08975110005122,0.0,1,2,15462.571691668623,498.33225108842555,15960.90394275705,15821.730559917429,16320.062811005855,125406.18952000614,0.0,54.27273692559855,0.0,0.0,0.0,False,False,False
main,tv_dro_rho_0p01,tv_dro,2025-04-01,47,True,True,20,,0.01,0.7,20.0,optimal_decomposed,107.09060639992822,107.08975110005122,0.0,1,2,15462.571691668623,498.33225108842555,15960.90394275705,15768.376884340305,16266.709135428731,125333.2612063001,0.10706217327015954,54.28100914205749,0.0,0.0,0.0,False,False,False
main,tv_dro_rho_0p01,tv_dro,2025-04-01,48,True,True,20,,0.01,0.7,20.0,optimal_decomposed,107.09060639992822,107.08975110005122,0.0,1,2,15462.571691668623,498.33225108842555,15960.90394275705,15676.335939646797,16174.668190735223,125200.61773483989,0.02096304020681261,50.87332879482762,0.0,0.0,0.0,False,False,False
main,tv_dro_rho_0p01,tv_dro,2025-04-01,49,True,True,20,,0.01,0.7,20.0,optimal_decomposed,107.09060639992822,107.08975110005122,0.0,1,2,15462.571691668623,498.33225108842555,15960.90394275705,15766.857430744592,16265.189681833019,125028.91764237064,0.13869101847715481,58.52539970116103,0.0,0.0,0.0,False,False,False
main,tv_dro_rho_0p01,tv_dro,2025-04-01,50,True,True,20,,0.01,0.7,20.0,optimal_decomposed,107.09060639992822,107.08975110005122,0.0,1,2,15462.571691668623,498.33225108842555,15960.90394275705,15669.824699695913,16168.15695078434,125194.9118804495,0.0,56.7871109100597,0.0,0.0,0.0,False,False,False
main,tv_dro_rho_0p01,tv_dro,2025-04-01,51,True,True,20,,0.01,0.7,20.0,optimal_decomposed,107.09060639992822,107.08975110005122,0.0,1,2,15462.571691668623,498.33225108842555,15960.90394275705,15767.548937194882,16265.881188283309,125118.56913792758,0.09234856831924199,54.553873501873944,0.0,0.0,0.0,False,False,False
main,tv_dro_rho_0p01,tv_dro,2025-04-01,52,True,True,20,,0.01,0.7,20.0,optimal_decomposed,107.09060639992822,107.08975110005122,0.0,1,2,15462.571691668623,498.33225108842555,15960.90394275705,15761.05995572224,16259.392206810666,125134.1385942204,0.21564494470447793,57.30766972839743,0.0,0.0,0.0,False,False,False
main,tv_dro_rho_0p01,tv_dro,2025-04-01,53,True,True,20,,0.01,0.7,20.0,optimal_decomposed,107.09060639992822,107.08975110005122,0.0,1,2,15462.571691668623,498.33225108842555,15960.90394275705,15770.240906327646,16268.573157416073,125628.86476975227,0.0,46.29447035815065,0.0,0.0,0.0,False,False,False
main,tv_dro_rho_0p01,tv_dro,2025-04-01,54,True,True,20,,0.01,0.7,20.0,optimal_decomposed,107.09060639992822,107.08975110005122,0.0,1,2,15462.571691668623,498.33225108842555,15960.90394275705,15709.688908471606,16208.021159560032,125283.60499442423,0.0,50.205076744445144,0.0,0.0,0.0,False,False,False
main,tv_dro_rho_0p01,tv_dro,2025-04-01,55,True,True,20,,0.01,0.7,20.0,optimal_decomposed,107.09060639992822,107.08975110005122,0.0,1,2,15462.571691668623,498.33225108842555,15960.90394275705,15678.97476821012,16177.307019298547,125460.67858479542,0.0,58.19821095820012,0.0,0.0,0.0,False,False,False
main,tv_dro_rho_0p01,tv_dro,2025-04-01,56,True,True,20,,0.01,0.7,20.0,optimal_decomposed,107.09060639992822,107.08975110005122,0.0,1,2,15462.571691668623,498.33225108842555,15960.90394275705,15699.28592434593,16197.618175434356,125478.86325896914,0.04786036308765129,39.563919505236825,0.0,0.0,0.0,False,False,False
main,tv_dro_rho_0p01,tv_dro,2025-04-01,57,True,True,20,,0.01,0.7,20.0,optimal_decomposed,107.09060639992822,107.08975110005122,0.0,1,2,15462.571691668623,498.33225108842555,15960.90394275705,15729.287422226718,16227.619673315145,124949.08135330172,0.11843674617274247,53.60646737094927,0.0,0.0,0.0,False,False,False
main,tv_dro_rho_0p01,tv_dro,2025-04-01,58,True,True,20,,0.01,0.7,20.0,optimal_decomposed,107.09060639992822,107.08975110005122,0.0,1,2,15462.571691668623,498.33225108842555,15960.90394275705,15811.664382729812,16309.996633818238,125401.59912392507,0.0,60.36671193166117,0.0,0.0,0.0,False,False,False
main,tv_dro_rho_0p01,tv_dro,2025-04-01,59,True,True,20,,0.01,0.7,20.0,optimal_decomposed,107.09060639992822,107.08975110005122,0.0,1,2,15462.571691668623,498.33225108842555,15960.90394275705,15720.848812739838,16219.181063828264,125147.83665355203,0.06337608948675344,54.57487137892222,0.0,0.0,0.0,False,False,False
main,tv_dro_rho_0p01,tv_dro,2025-04-01,60,True,True,20,,0.01,0.7,20.0,optimal_decomposed,107.09060639992822,107.08975110005122,0.0,1,2,15462.571691668623,498.33225108842555,15960.90394275705,15672.58984141782,16170.922092506245,125149.22051635073,0.09234862542233357,55.62800561198596,0.0,0.0,0.0,False,False,False
main,tv_dro_rho_0p01,tv_dro,2025-04-01,61,True,True,20,,0.01,0.7,20.0,optimal_decomposed,107.09060639992822,107.08975110005122,0.0,1,2,15462.571691668623,498.33225108842555,15960.90394275705,15694.45809364595,16192.790344734376,125397.6490169242,0.0,44.75988432814719,0.0,0.0,0.0,False,False,False
main,tv_dro_rho_0p01,tv_dro,2025-04-01,62,True,True,20,,0.01,0.7,20.0,optimal_decomposed,107.09060639992822,107.08975110005122,0.0,1,2,15462.571691668623,498.33225108842555,15960.90394275705,15808.137376757293,16306.46962784572,125656.77800930357,0.0,57.54426985419685,0.0,0.0,0.0,False,False,False
main,tv_dro_rho_0p01,tv_dro,2025-04-01,63,True,True,20,,0.01,0.7,20.0,optimal_decomposed,107.09060639992822,107.08975110005122,0.0,1,2,15462.571691668623,498.33225108842555,15960.90394275705,15832.536250027046,16330.868501115472,125198.33548658271,0.0,61.32889497392914,0.0,0.0,0.0,False,False,False
main,tv_dro_rho_0p01,tv_dro,2025-04-01,64,True,True,20,,0.01,0.7,20.0,optimal_decomposed,107.09060639992822,107.08975110005122,0.0,1,2,15462.571691668623,498.33225108842555,15960.90394275705,15704.626334901928,16202.958585990355,125621.51752872384,0.20414790052993237,48.524900095590155,0.0,0.0,0.0,False,False,False
main,tv_dro_rho_0p01,tv_dro,2025-04-01,65,True,True,20,,0.01,0.7,20.0,optimal_decomposed,107.09060639992822,107.08975110005122,0.0,1,2,15462.571691668623,498.33225108842555,15960.90394275705,15839.765396815921,16338.097647904347,125624.73953055243,0.0,57.49576076777977,0.0,0.0,0.0,False,False,False
main,tv_dro_rho_0p01,tv_dro,2025-04-01,66,True,True,20,,0.01,0.7,20.0,optimal_decomposed,107.09060639992822,107.08975110005122,0.0,1,2,15462.571691668623,498.33225108842555,15960.90394275705,15716.5907709995,16214.923022087927,125195.30765584316,0.07289207375500273,62.07831162646577,0.0,0.0,0.0,False,False,False
main,tv_dro_rho_0p01,tv_dro,2025-04-01,67,True,True,20,,0.01,0.7,20.0,optimal_decomposed,107.09060639992822,107.08975110005122,0.0,1,2,15462.571691668623,498.33225108842555,15960.90394275705,15669.66139319408,16167.993644282506,125603.48900043184,0.0,56.89179339011625,0.0,0.0,0.0,False,False,False
main,tv_dro_rho_0p01,tv_dro,2025-04-01,68,True,True,20,,0.01,0.7,20.0,optimal_decomposed,107.09060639992822,107.08975110005122,0.0,1,2,15462.571691668623,498.33225108842555,15960.90394275705,15590.79864213264,16089.130893221067,124833.55369533277,0.20161606368255947,52.9970939141024,0.0,0.0,0.0,False,False,False
main,tv_dro_rho_0p01,tv_dro,2025-04-01,69,True,True,20,,0.01,0.7,20.0,optimal_decomposed,107.09060639992822,107.08975110005122,0.0,1,2,15462.571691668623,498.33225108842555,15960.90394275705,15792.105843878579,16290.438094967005,125197.44984274036,0.024764220413047155,56.980377605699864,0.0,0.0,0.0,False,False,False
main,tv_dro_rho_0p01,tv_dro,2025-04-01,70,True,True,20,,0.01,0.7,20.0,optimal_decomposed,107.09060639992822,107.08975110005122,0.0,1,2,15462.571691668623,498.33225108842555,15960.90394275705,15716.259798903391,16214.592049991817,125151.93386289645,0.13479520332950357,59.79418269069942,0.0,0.0,0.0,False,False,False
main,tv_dro_rho_0p01,tv_dro,2025-04-01,71,True,True,20,,0.01,0.7,20.0,optimal_decomposed,107.09060639992822,107.08975110005122,0.0,1,2,15462.571691668623,498.33225108842555,15960.90394275705,15745.458168280558,16243.790419368985,125122.95868308398,0.09234861338071698,58.111935776972835,0.0,0.0,0.0,False,False,False
main,tv_dro_rho_0p01,tv_dro,2025-04-01,72,True,True,20,,0.01,0.7,20.0,optimal_decomposed,107.09060639992822,107.08975110005122,0.0,1,2,15462.571691668623,498.33225108842555,15960.90394275705,15721.814125627683,16220.14637671611,124735.52636245557,0.11416849974926291,59.5925942666854,0.0,0.0,0.0,False,False,False
main,tv_dro_rho_0p01,tv_dro,2025-04-01,73,True,True,20,,0.01,0.7,20.0,optimal_decomposed,107.09060639992822,107.08975110005122,0.0,1,2,15462.571691668623,498.33225108842555,15960.90394275705,15674.230711141252,16172.562962229678,124976.39564320243,0.04786036308765129,52.936483772720884,0.0,0.0,0.0,False,False,False
main,tv_dro_rho_0p01,tv_dro,2025-04-01,74,True,True,20,,0.01,0.7,20.0,optimal_decomposed,107.09060639992822,107.08975110005122,0.0,1,2,15462.571691668623,498.33225108842555,15960.90394275705,15674.47496505265,16172.807216141076,124933.49928100128,0.11282023633559435,54.27579930899586,0.0,0.0,0.0,False,False,False
main,tv_dro_rho_0p01,tv_dro,2025-04-01,75,True,True,20,,0.01,0.7,20.0,optimal_decomposed,107.09060639992822,107.08975110005122,0.0,1,2,15462.571691668623,498.33225108842555,15960.90394275705,15741.888750368471,16240.221001456897,125471.79129131456,0.0,51.114387923229955,0.0,0.0,0.0,False,False,False
main,tv_dro_rho_0p01,tv_dro,2025-04-01,76,True,True,20,,0.01,0.7,20.0,optimal_decomposed,107.09060639992822,107.08975110005122,0.0,1,2,15462.571691668623,498.33225108842555,15960.90394275705,15724.01265679645,16222.344907884877,125060.9983289746,0.0,54.45774262614043,0.0,0.0,0.0,False,False,False
main,tv_dro_rho_0p01,tv_dro,2025-04-01,77,True,True,20,,0.01,0.7,20.0,optimal_decomposed,107.09060639992822,107.08975110005122,0.0,1,2,15462.571691668623,498.33225108842555,15960.90394275705,15749.199404016812,16247.531655105238,125057.45996966875,0.09234862542233357,48.3642656850754,0.0,0.0,0.0,False,False,False
main,tv_dro_rho_0p01,tv_dro,2025-04-01,78,True,True,20,,0.01,0.7,20.0,optimal_decomposed,107.09060639992822,107.08975110005122,0.0,1,2,15462.571691668623,498.33225108842555,15960.90394275705,15741.062853371095,16239.395104459521,125644.04189180465,0.0,54.24944017190507,0.0,0.0,0.0,False,False,False
main,tv_dro_rho_0p01,tv_dro,2025-04-01,79,True,True,20,,0.01,0.7,20.0,optimal_decomposed,107.09060639992822,107.08975110005122,0.0,1,2,15462.571691668623,498.33225108842555,15960.90394275705,15796.923671665678,16295.255922754104,125255.12326740351,0.0,48.9653885712638,0.0,0.0,0.0,False,False,False
main,tv_dro_rho_0p01,tv_dro,2025-04-01,80,True,True,20,,0.01,0.7,20.0,optimal_decomposed,107.09060639992822,107.08975110005122,0.0,1,2,15462.571691668623,498.33225108842555,15960.90394275705,15767.653303384019,16265.985554472445,125306.72827732042,0.11571452474007671,48.98175110393093,0.0,0.0,0.0,False,False,False
main,tv_dro_rho_0p01,tv_dro,2025-04-01,81,True,True,20,,0.01,0.7,20.0,optimal_decomposed,107.09060639992822,107.08975110005122,0.0,1,2,15462.571691668623,498.33225108842555,15960.90394275705,15737.251465437506,16235.583716525933,125022.3501451101,0.14392728200878357,58.535456388187846,0.0,0.0,0.0,False,False,False
main,tv_dro_rho_0p01,tv_dro,2025-04-01,82,True,True,20,,0.01,0.7,20.0,optimal_decomposed,107.09060639992822,107.08975110005122,0.0,1,2,15462.571691668623,498.33225108842555,15960.90394275705,15764.343235046459,16262.675486134885,125720.9330602995,0.0,44.86833746818785,0.0,0.0,0.0,False,False,False
main,tv_dro_rho_0p01,tv_dro,2025-04-01,83,True,True,20,,0.01,0.7,20.0,optimal_decomposed,107.09060639992822,107.08975110005122,0.0,1,2,15462.571691668623,498.33225108842555,15960.90394275705,15723.643217261133,16221.97546834956,124935.67855421512,0.0,47.454264785675576,0.0,0.0,0.0,False,False,False
main,tv_dro_rho_0p01,tv_dro,2025-04-01,84,True,True,20,,0.01,0.7,20.0,optimal_decomposed,107.09060639992822,107.08975110005122,0.0,1,2,15462.571691668623,498.33225108842555,15960.90394275705,15727.974435793962,16226.306686882388,125111.33816470407,0.0,47.93655454741594,0.0,0.0,0.0,False,False,False
main,tv_dro_rho_0p01,tv_dro,2025-04-01,85,True,True,20,,0.01,0.7,20.0,optimal_decomposed,107.09060639992822,107.08975110005122,0.0,1,2,15462.571691668623,498.33225108842555,15960.90394275705,15756.582945905058,16254.915196993485,125054.53809404268,0.0,62.88985283639229,0.0,0.0,0.0,False,False,False
main,tv_dro_rho_0p01,tv_dro,2025-04-01,86,True,True,20,,0.01,0.7,20.0,optimal_decomposed,107.09060639992822,107.08975110005122,0.0,1,2,15462.571691668623,498.33225108842555,15960.90394275705,15729.044919354526,16227.377170442953,125354.35185054474,0.0,45.73207151152499,0.0,0.0,0.0,False,False,False
main,tv_dro_rho_0p01,tv_dro,2025-04-01,87,True,True,20,,0.01,0.7,20.0,optimal_decomposed,107.09060639992822,107.08975110005122,0.0,1,2,15462.571691668623,498.33225108842555,15960.90394275705,15693.1754340371,16191.507685125527,125095.5654311816,0.19941077356136527,49.44079287677669,0.0,0.0,0.0,False,False,False
main,tv_dro_rho_0p01,tv_dro,2025-04-01,88,True,True,20,,0.01,0.7,20.0,optimal_decomposed,107.09060639992822,107.08975110005122,0.0,1,2,15462.571691668623,498.33225108842555,15960.90394275705,15777.83871589328,16276.170966981706,124979.89244257112,0.0,61.24857821562334,0.0,0.0,0.0,False,False,False
main,tv_dro_rho_0p01,tv_dro,2025-04-01,89,True,True,20,,0.01,0.7,20.0,optimal_decomposed,107.09060639992822,107.08975110005122,0.0,1,2,15462.571691668623,498.33225108842555,15960.90394275705,15652.644578188521,16150.976829276948,125034.44094875199,0.0,49.42872009200132,0.0,0.0,0.0,False,False,False
main,tv_dro_rho_0p01,tv_dro,2025-04-01,90,True,True,20,,0.01,0.7,20.0,optimal_decomposed,107.09060639992822,107.08975110005122,0.0,1,2,15462.571691668623,498.33225108842555,15960.90394275705,15688.518819728688,16186.851070817114,124887.3738043236,0.19941079869249312,59.193686550813844,0.0,0.0,0.0,False,False,False
main,tv_dro_rho_0p01,tv_dro,2025-04-01,91,True,True,20,,0.01,0.7,20.0,optimal_decomposed,107.09060639992822,107.08975110005122,0.0,1,2,15462.571691668623,498.33225108842555,15960.90394275705,15742.736079638446,16241.068330726872,125267.81290329748,0.0,54.26866010188612,0.0,0.0,0.0,False,False,False
main,tv_dro_rho_0p01,tv_dro,2025-04-01,92,True,True,20,,0.01,0.7,20.0,optimal_decomposed,107.09060639992822,107.08975110005122,0.0,1,2,15462.571691668623,498.33225108842555,15960.90394275705,15756.727736237224,16255.05998732565,125285.147433111,0.012743657707473544,44.0823268150638,0.0,0.0,0.0,False,False,False
main,tv_dro_rho_0p01,tv_dro,2025-04-01,93,True,True,20,,0.01,0.7,20.0,optimal_decomposed,107.09060639992822,107.08975110005122,0.0,1,2,15462.571691668623,498.33225108842555,15960.90394275705,15757.71145564145,16256.043706729877,125061.8123049363,0.0,52.891052950879065,0.0,0.0,0.0,False,False,False
main,tv_dro_rho_0p01,tv_dro,2025-04-01,94,True,True,20,,0.01,0.7,20.0,optimal_decomposed,107.09060639992822,107.08975110005122,0.0,1,2,15462.571691668623,498.33225108842555,15960.90394275705,15683.063040334677,16181.395291423103,124926.13023013361,0.011042065698143144,49.83305809493072,0.0,0.0,0.0,False,False,False
main,tv_dro_rho_0p01,tv_dro,2025-04-01,95,True,True,20,,0.01,0.7,20.0,optimal_decomposed,107.09060639992822,107.08975110005122,0.0,1,2,15462.571691668623,498.33225108842555,15960.90394275705,15714.320709075235,16212.652960163661,125525.38978480031,0.09071478333599581,56.24299491191781,0.0,0.0,0.0,False,False,False
main,tv_dro_rho_0p01,tv_dro,2025-04-01,96,True,True,20,,0.01,0.7,20.0,optimal_decomposed,107.09060639992822,107.08975110005122,0.0,1,2,15462.571691668623,498.33225108842555,15960.90394275705,15777.220745848816,16275.552996937242,125498.5744255427,0.0,52.61635195137553,0.0,0.0,0.0,False,False,False
main,tv_dro_rho_0p01,tv_dro,2025-04-01,97,True,True,20,,0.01,0.7,20.0,optimal_decomposed,107.09060639992822,107.08975110005122,0.0,1,2,15462.571691668623,498.33225108842555,15960.90394275705,15787.73574825265,16286.067999341076,125488.43687055573,0.0,51.603964582601655,0.0,0.0,0.0,False,False,False
main,tv_dro_rho_0p01,tv_dro,2025-04-01,98,True,True,20,,0.01,0.7,20.0,optimal_decomposed,107.09060639992822,107.08975110005122,0.0,1,2,15462.571691668623,498.33225108842555,15960.90394275705,15684.465463149045,16182.797714237471,125507.54348803763,0.0,44.71274558025035,0.0,0.0,0.0,False,False,False
main,tv_dro_rho_0p01,tv_dro,2025-04-01,99,True,True,20,,0.01,0.7,20.0,optimal_decomposed,107.09060639992822,107.08975110005122,0.0,1,2,15462.571691668623,498.33225108842555,15960.90394275705,15766.990010138676,16265.322261227102,125284.75331580892,0.0,55.06992504048375,0.0,0.0,0.0,False,False,False
main,tv_dro_rho_0p01,tv_dro,2025-07-01,0,True,True,20,,0.01,0.7,20.0,optimal_decomposed,86.80277599999681,86.80190790002234,0.0,1,2,15865.460962360767,295.2709491819134,16160.73191154268,16615.47000378651,16910.740952968426,171850.81042398547,0.0,56.89915490117292,0.0,0.0,0.0,False,False,False
main,tv_dro_rho_0p01,tv_dro,2025-07-01,1,True,True,20,,0.01,0.7,20.0,optimal_decomposed,86.80277599999681,86.80190790002234,0.0,1,2,15865.460962360767,295.2709491819134,16160.73191154268,16569.740421547496,16865.01137072941,171132.66118822352,0.0,68.31462032302599,0.0,0.0,0.0,False,False,False
main,tv_dro_rho_0p01,tv_dro,2025-07-01,2,True,True,20,,0.01,0.7,20.0,optimal_decomposed,86.80277599999681,86.80190790002234,0.0,1,2,15865.460962360767,295.2709491819134,16160.73191154268,16740.6275440477,17035.898493229615,171545.6626684874,0.0,52.074838246608955,0.0,0.0,0.0,False,False,False
main,tv_dro_rho_0p01,tv_dro,2025-07-01,3,True,True,20,,0.01,0.7,20.0,optimal_decomposed,86.80277599999681,86.80190790002234,0.0,1,2,15865.460962360767,295.2709491819134,16160.73191154268,16626.221715112606,16921.49266429452,171710.2008547402,0.0,58.77493048625564,0.0,0.0,0.0,False,False,False
main,tv_dro_rho_0p01,tv_dro,2025-07-01,4,True,True,20,,0.01,0.7,20.0,optimal_decomposed,86.80277599999681,86.80190790002234,0.0,1,2,15865.460962360767,295.2709491819134,16160.73191154268,16507.77606151131,16803.047010693226,172145.454632541,0.0,50.413584043375735,0.0,0.0,0.0,False,False,False
main,tv_dro_rho_0p01,tv_dro,2025-07-01,5,True,True,20,,0.01,0.7,20.0,optimal_decomposed,86.80277599999681,86.80190790002234,0.0,1,2,15865.460962360767,295.2709491819134,16160.73191154268,16631.495892460156,16926.76684164207,171764.8464696448,0.0,59.00727786146015,0.0,0.0,0.0,False,False,False
main,tv_dro_rho_0p01,tv_dro,2025-07-01,6,True,True,20,,0.01,0.7,20.0,optimal_decomposed,86.80277599999681,86.80190790002234,0.0,1,2,15865.460962360767,295.2709491819134,16160.73191154268,16780.665986038042,17075.936935219957,171968.57060647223,0.0,54.91127399723244,0.0,0.0,0.0,False,False,False
main,tv_dro_rho_0p01,tv_dro,2025-07-01,7,True,True,20,,0.01,0.7,20.0,optimal_decomposed,86.80277599999681,86.80190790002234,0.0,1,2,15865.460962360767,295.2709491819134,16160.73191154268,16634.363655492896,16929.63460467481,171801.67108447917,0.0,55.97192471637783,0.0,0.0,0.0,False,False,False
main,tv_dro_rho_0p01,tv_dro,2025-07-01,8,True,True,20,,0.01,0.7,20.0,optimal_decomposed,86.80277599999681,86.80190790002234,0.0,1,2,15865.460962360767,295.2709491819134,16160.73191154268,16541.83749292318,16837.108442105095,171372.7871998543,0.0,58.69472608863717,0.0,0.0,0.0,False,False,False
main,tv_dro_rho_0p01,tv_dro,2025-07-01,9,True,True,20,,0.01,0.7,20.0,optimal_decomposed,86.80277599999681,86.80190790002234,0.0,1,2,15865.460962360767,295.2709491819134,16160.73191154268,16787.646527571946,17082.91747675386,171602.12551515724,0.0,63.68880478525467,0.0,0.0,0.0,False,False,False
main,tv_dro_rho_0p01,tv_dro,2025-07-01,10,True,True,20,,0.01,0.7,20.0,optimal_decomposed,86.80277599999681,86.80190790002234,0.0,1,2,15865.460962360767,295.2709491819134,16160.73191154268,16705.66907170999,17000.940020891903,171610.9981875848,0.0,55.51966488293493,0.0,0.0,0.0,False,False,False
main,tv_dro_rho_0p01,tv_dro,2025-07-01,11,True,True,20,,0.01,0.7,20.0,optimal_decomposed,86.80277599999681,86.80190790002234,0.0,1,2,15865.460962360767,295.2709491819134,16160.73191154268,16723.435659146584,17018.7066083285,171678.5161572463,0.0,50.940852993328164,0.0,0.0,0.0,False,False,False
main,tv_dro_rho_0p01,tv_dro,2025-07-01,12,True,True,20,,0.01,0.7,20.0,optimal_decomposed,86.80277599999681,86.80190790002234,0.0,1,2,15865.460962360767,295.2709491819134,16160.73191154268,16671.244255942664,16966.51520512458,171087.851084232,0.0,53.21008882575423,0.0,0.0,0.0,False,False,False
main,tv_dro_rho_0p01,tv_dro,2025-07-01,13,True,True,20,,0.01,0.7,20.0,optimal_decomposed,86.80277599999681,86.80190790002234,0.0,1,2,15865.460962360767,295.2709491819134,16160.73191154268,16671.677946338932,16966.948895520847,171346.37720526347,0.0,57.401761179814464,0.0,0.0,0.0,False,False,False
main,tv_dro_rho_0p01,tv_dro,2025-07-01,14,True,True,20,,0.01,0.7,20.0,optimal_decomposed,86.80277599999681,86.80190790002234,0.0,1,2,15865.460962360767,295.2709491819134,16160.73191154268,16687.338560605025,16982.60950978694,171560.4144089792,0.0,55.752498817249766,0.0,0.0,0.0,False,False,False
main,tv_dro_rho_0p01,tv_dro,2025-07-01,15,True,True,20,,0.01,0.7,20.0,optimal_decomposed,86.80277599999681,86.80190790002234,0.0,1,2,15865.460962360767,295.2709491819134,16160.73191154268,16717.540508543745,17012.81145772566,171289.57474988484,0.0,52.11348597050305,0.0,0.0,0.0,False,False,False
main,tv_dro_rho_0p01,tv_dro,2025-07-01,16,True,True,20,,0.01,0.7,20.0,optimal_decomposed,86.80277599999681,86.80190790002234,0.0,1,2,15865.460962360767,295.2709491819134,16160.73191154268,16759.429521245194,17054.70047042711,172237.97589154588,0.0,54.058563740153964,0.0,0.0,0.0,False,False,False
main,tv_dro_rho_0p01,tv_dro,2025-07-01,17,True,True,20,,0.01,0.7,20.0,optimal_decomposed,86.80277599999681,86.80190790002234,0.0,1,2,15865.460962360767,295.2709491819134,16160.73191154268,16850.79541043951,17146.066359621425,171546.95093889482,0.0,64.73659824698625,0.0,0.0,0.0,False,False,False
main,tv_dro_rho_0p01,tv_dro,2025-07-01,18,True,True,20,,0.01,0.7,20.0,optimal_decomposed,86.80277599999681,86.80190790002234,0.0,1,2,15865.460962360767,295.2709491819134,16160.73191154268,16876.295007805245,17171.56595698716,171519.59536014483,0.0,58.51719812017699,0.0,0.0,0.0,False,False,False
main,tv_dro_rho_0p01,tv_dro,2025-07-01,19,True,True,20,,0.01,0.7,20.0,optimal_decomposed,86.80277599999681,86.80190790002234,0.0,1,2,15865.460962360767,295.2709491819134,16160.73191154268,16710.63774269158,17005.908691873494,171615.12180060055,0.0,57.599710008208824,0.0,0.0,0.0,False,False,False
main,tv_dro_rho_0p01,tv_dro,2025-07-01,20,True,True,20,,0.01,0.7,20.0,optimal_decomposed,86.80277599999681,86.80190790002234,0.0,1,2,15865.460962360767,295.2709491819134,16160.73191154268,16757.68877607835,17052.959725260265,172563.71434091474,0.0,53.077702775670005,0.0,0.0,0.0,False,False,False
main,tv_dro_rho_0p01,tv_dro,2025-07-01,21,True,True,20,,0.01,0.7,20.0,optimal_decomposed,86.80277599999681,86.80190790002234,0.0,1,2,15865.460962360767,295.2709491819134,16160.73191154268,16653.61008033,16948.881029511915,171881.96008825378,0.0,50.89100226942883,0.0,0.0,0.0,False,False,False
main,tv_dro_rho_0p01,tv_dro,2025-07-01,22,True,True,20,,0.01,0.7,20.0,optimal_decomposed,86.80277599999681,86.80190790002234,0.0,1,2,15865.460962360767,295.2709491819134,16160.73191154268,16724.86923270246,17020.140181884373,171505.39021361351,0.0,55.47481115816064,0.0,0.0,0.0,False,False,False
main,tv_dro_rho_0p01,tv_dro,2025-07-01,23,True,True,20,,0.01,0.7,20.0,optimal_decomposed,86.80277599999681,86.80190790002234,0.0,1,2,15865.460962360767,295.2709491819134,16160.73191154268,16713.201927223043,17008.472876404958,171398.6926442035,0.0,58.18490316276605,0.0,0.0,0.0,False,False,False
main,tv_dro_rho_0p01,tv_dro,2025-07-01,24,True,True,20,,0.01,0.7,20.0,optimal_decomposed,86.80277599999681,86.80190790002234,0.0,1,2,15865.460962360767,295.2709491819134,16160.73191154268,16766.484070148177,17061.755019330092,171607.8831773118,0.0,64.5890787913783,0.0,0.0,0.0,False,False,False
main,tv_dro_rho_0p01,tv_dro,2025-07-01,25,True,True,20,,0.01,0.7,20.0,optimal_decomposed,86.80277599999681,86.80190790002234,0.0,1,2,15865.460962360767,295.2709491819134,16160.73191154268,16729.152224486512,17024.423173668427,171987.51338651284,0.0,49.06122695424008,0.0,0.0,0.0,False,False,False
main,tv_dro_rho_0p01,tv_dro,2025-07-01,26,True,True,20,,0.01,0.7,20.0,optimal_decomposed,86.80277599999681,86.80190790002234,0.0,1,2,15865.460962360767,295.2709491819134,16160.73191154268,16711.075861081965,17006.34681026388,171203.8282249046,0.0,63.39677456291119,0.0,0.0,0.0,False,False,False
main,tv_dro_rho_0p01,tv_dro,2025-07-01,27,True,True,20,,0.01,0.7,20.0,optimal_decomposed,86.80277599999681,86.80190790002234,0.0,1,2,15865.460962360767,295.2709491819134,16160.73191154268,16741.09736406937,17036.368313251285,171101.56301169138,0.0,60.736714896185795,0.0,0.0,0.0,False,False,False
main,tv_dro_rho_0p01,tv_dro,2025-07-01,28,True,True,20,,0.01,0.7,20.0,optimal_decomposed,86.80277599999681,86.80190790002234,0.0,1,2,15865.460962360767,295.2709491819134,16160.73191154268,16734.21143602898,17029.482385210897,172044.7182950454,0.0,45.27084250469035,0.0,0.0,0.0,False,False,False
main,tv_dro_rho_0p01,tv_dro,2025-07-01,29,True,True,20,,0.01,0.7,20.0,optimal_decomposed,86.80277599999681,86.80190790002234,0.0,1,2,15865.460962360767,295.2709491819134,16160.73191154268,16758.850941416047,17054.121890597962,171667.7765701165,0.0,46.98100385579974,0.0,0.0,0.0,False,False,False
main,tv_dro_rho_0p01,tv_dro,2025-07-01,30,True,True,20,,0.01,0.7,20.0,optimal_decomposed,86.80277599999681,86.80190790002234,0.0,1,2,15865.460962360767,295.2709491819134,16160.73191154268,16522.888433587497,16818.159382769412,171661.64030194635,0.0,50.58191486858795,0.0,0.0,0.0,False,False,False
main,tv_dro_rho_0p01,tv_dro,2025-07-01,31,True,True,20,,0.01,0.7,20.0,optimal_decomposed,86.80277599999681,86.80190790002234,0.0,1,2,15865.460962360767,295.2709491819134,16160.73191154268,16684.00648800344,16979.277437185356,171326.36221905737,0.0,58.46175197264623,0.0,0.0,0.0,False,False,False
main,tv_dro_rho_0p01,tv_dro,2025-07-01,32,True,True,20,,0.01,0.7,20.0,optimal_decomposed,86.80277599999681,86.80190790002234,0.0,1,2,15865.460962360767,295.2709491819134,16160.73191154268,16726.386102851135,17021.65705203305,171479.70380605292,0.0,60.18215982689289,0.0,0.0,0.0,False,False,False
main,tv_dro_rho_0p01,tv_dro,2025-07-01,33,True,True,20,,0.01,0.7,20.0,optimal_decomposed,86.80277599999681,86.80190790002234,0.0,1,2,15865.460962360767,295.2709491819134,16160.73191154268,16652.619915623873,16947.890864805788,171515.58635242272,0.0,68.48054130212948,0.0,0.0,0.0,False,False,False
main,tv_dro_rho_0p01,tv_dro,2025-07-01,34,True,True,20,,0.01,0.7,20.0,optimal_decomposed,86.80277599999681,86.80190790002234,0.0,1,2,15865.460962360767,295.2709491819134,16160.73191154268,16595.24457659485,16890.515525776766,171971.87088584964,0.0,58.42286405100682,0.0,0.0,0.0,False,False,False
main,tv_dro_rho_0p01,tv_dro,2025-07-01,35,True,True,20,,0.01,0.7,20.0,optimal_decomposed,86.80277599999681,86.80190790002234,0.0,1,2,15865.460962360767,295.2709491819134,16160.73191154268,16774.714422896228,17069.985372078143,171915.78690981743,0.0,60.09336281681823,0.0,0.0,0.0,False,False,False
main,tv_dro_rho_0p01,tv_dro,2025-07-01,36,True,True,20,,0.01,0.7,20.0,optimal_decomposed,86.80277599999681,86.80190790002234,0.0,1,2,15865.460962360767,295.2709491819134,16160.73191154268,16684.144570069442,16979.415519251357,172141.29414178102,0.0,64.683620240073,0.0,0.0,0.0,False,False,False
main,tv_dro_rho_0p01,tv_dro,2025-07-01,37,True,True,20,,0.01,0.7,20.0,optimal_decomposed,86.80277599999681,86.80190790002234,0.0,1,2,15865.460962360767,295.2709491819134,16160.73191154268,16549.9992878351,16845.270237017015,171807.02110252986,0.0,47.00689846808703,0.0,0.0,0.0,False,False,False
main,tv_dro_rho_0p01,tv_dro,2025-07-01,38,True,True,20,,0.01,0.7,20.0,optimal_decomposed,86.80277599999681,86.80190790002234,0.0,1,2,15865.460962360767,295.2709491819134,16160.73191154268,16702.23578039333,16997.506729575245,171427.6075239821,0.0,49.76519089654492,0.0,0.0,0.0,False,False,False
main,tv_dro_rho_0p01,tv_dro,2025-07-01,39,True,True,20,,0.01,0.7,20.0,optimal_decomposed,86.80277599999681,86.80190790002234,0.0,1,2,15865.460962360767,295.2709491819134,16160.73191154268,16773.316492644106,17068.58744182602,172072.94254153073,0.0,46.56507554201016,0.0,0.0,0.0,False,False,False
main,tv_dro_rho_0p01,tv_dro,2025-07-01,40,True,True,20,,0.01,0.7,20.0,optimal_decomposed,86.80277599999681,86.80190790002234,0.0,1,2,15865.460962360767,295.2709491819134,16160.73191154268,16705.747628416695,17001.01857759861,171539.54155487134,0.0,51.41065869840138,0.0,0.0,0.0,False,False,False
main,tv_dro_rho_0p01,tv_dro,2025-07-01,41,True,True,20,,0.01,0.7,20.0,optimal_decomposed,86.80277599999681,86.80190790002234,0.0,1,2,15865.460962360767,295.2709491819134,16160.73191154268,16594.203137469154,16889.47408665107,171744.01765258695,0.0,42.901447286957136,0.0,0.0,0.0,False,False,False
main,tv_dro_rho_0p01,tv_dro,2025-07-01,42,True,True,20,,0.01,0.7,20.0,optimal_decomposed,86.80277599999681,86.80190790002234,0.0,1,2,15865.460962360767,295.2709491819134,16160.73191154268,16830.856377368436,17126.12732655035,171348.4754939988,0.0,60.15483043820171,0.0,0.0,0.0,False,False,False
main,tv_dro_rho_0p01,tv_dro,2025-07-01,43,True,True,20,,0.01,0.7,20.0,optimal_decomposed,86.80277599999681,86.80190790002234,0.0,1,2,15865.460962360767,295.2709491819134,16160.73191154268,16559.133446267937,16854.404395449852,171534.07515288025,0.0,52.73063577254549,0.0,0.0,0.0,False,False,False
main,tv_dro_rho_0p01,tv_dro,2025-07-01,44,True,True,20,,0.01,0.7,20.0,optimal_decomposed,86.80277599999681,86.80190790002234,0.0,1,2,15865.460962360767,295.2709491819134,16160.73191154268,16765.333141790732,17060.604090972647,172278.32390238746,0.0,55.28581839220337,0.0,0.0,0.0,False,False,False
main,tv_dro_rho_0p01,tv_dro,2025-07-01,45,True,True,20,,0.01,0.7,20.0,optimal_decomposed,86.80277599999681,86.80190790002234,0.0,1,2,15865.460962360767,295.2709491819134,16160.73191154268,16686.09498418113,16981.365933363046,171648.55625383861,0.0,62.61523494806619,0.0,0.0,0.0,False,False,False
main,tv_dro_rho_0p01,tv_dro,2025-07-01,46,True,True,20,,0.01,0.7,20.0,optimal_decomposed,86.80277599999681,86.80190790002234,0.0,1,2,15865.460962360767,295.2709491819134,16160.73191154268,16860.533693454992,17155.804642636907,171829.2831021094,0.0,56.6004728797653,0.0,0.0,0.0,False,False,False
main,tv_dro_rho_0p01,tv_dro,2025-07-01,47,True,True,20,,0.01,0.7,20.0,optimal_decomposed,86.80277599999681,86.80190790002234,0.0,1,2,15865.460962360767,295.2709491819134,16160.73191154268,16836.909295843987,17132.180245025902,171885.06913655062,0.0,56.905180357530114,0.0,0.0,0.0,False,False,False
main,tv_dro_rho_0p01,tv_dro,2025-07-01,48,True,True,20,,0.01,0.7,20.0,optimal_decomposed,86.80277599999681,86.80190790002234,0.0,1,2,15865.460962360767,295.2709491819134,16160.73191154268,16568.93848090521,16864.209430087125,171874.60559965347,0.0,56.470355704945554,0.0,0.0,0.0,False,False,False
main,tv_dro_rho_0p01,tv_dro,2025-07-01,49,True,True,20,,0.01,0.7,20.0,optimal_decomposed,86.80277599999681,86.80190790002234,0.0,1,2,15865.460962360767,295.2709491819134,16160.73191154268,16695.23102962121,16990.501978803124,171965.3437066329,0.0,60.4432486655224,0.0,0.0,0.0,False,False,False
main,tv_dro_rho_0p01,tv_dro,2025-07-01,50,True,True,20,,0.01,0.7,20.0,optimal_decomposed,86.80277599999681,86.80190790002234,0.0,1,2,15865.460962360767,295.2709491819134,16160.73191154268,16624.12931847783,16919.400267659745,171600.29253913503,0.0,63.13634856825841,0.0,0.0,0.0,False,False,False
main,tv_dro_rho_0p01,tv_dro,2025-07-01,51,True,True,20,,0.01,0.7,20.0,optimal_decomposed,86.80277599999681,86.80190790002234,0.0,1,2,15865.460962360767,295.2709491819134,16160.73191154268,16608.394299507443,16903.665248689358,171534.72898815203,0.0,59.21201017033131,0.0,0.0,0.0,False,False,False
main,tv_dro_rho_0p01,tv_dro,2025-07-01,52,True,True,20,,0.01,0.7,20.0,optimal_decomposed,86.80277599999681,86.80190790002234,0.0,1,2,15865.460962360767,295.2709491819134,16160.73191154268,16731.80906693575,17027.080016117667,171761.90451703483,0.0,61.543626466311146,0.0,0.0,0.0,False,False,False
main,tv_dro_rho_0p01,tv_dro,2025-07-01,53,True,True,20,,0.01,0.7,20.0,optimal_decomposed,86.80277599999681,86.80190790002234,0.0,1,2,15865.460962360767,295.2709491819134,16160.73191154268,16858.895035980913,17154.16598516283,172265.3572864355,0.0,49.21602667806027,0.0,0.0,0.0,False,False,False
main,tv_dro_rho_0p01,tv_dro,2025-07-01,54,True,True,20,,0.01,0.7,20.0,optimal_decomposed,86.80277599999681,86.80190790002234,0.0,1,2,15865.460962360767,295.2709491819134,16160.73191154268,16903.508569020145,17198.77951820206,171874.08779013559,0.0,54.89808500480385,0.0,0.0,0.0,False,False,False
main,tv_dro_rho_0p01,tv_dro,2025-07-01,55,True,True,20,,0.01,0.7,20.0,optimal_decomposed,86.80277599999681,86.80190790002234,0.0,1,2,15865.460962360767,295.2709491819134,16160.73191154268,16663.64636414381,16958.917313325725,171571.52341764155,0.0,61.341785503368115,0.0,0.0,0.0,False,False,False
main,tv_dro_rho_0p01,tv_dro,2025-07-01,56,True,True,20,,0.01,0.7,20.0,optimal_decomposed,86.80277599999681,86.80190790002234,0.0,1,2,15865.460962360767,295.2709491819134,16160.73191154268,16714.370052649152,17009.641001831067,171918.8475447138,0.0,45.422798528417076,0.0,0.0,0.0,False,False,False
main,tv_dro_rho_0p01,tv_dro,2025-07-01,57,True,True,20,,0.01,0.7,20.0,optimal_decomposed,86.80277599999681,86.80190790002234,0.0,1,2,15865.460962360767,295.2709491819134,16160.73191154268,16709.40197070029,17004.672919882207,171885.9687460893,0.0,53.95965886044807,0.0,0.0,0.0,False,False,False
main,tv_dro_rho_0p01,tv_dro,2025-07-01,58,True,True,20,,0.01,0.7,20.0,optimal_decomposed,86.80277599999681,86.80190790002234,0.0,1,2,15865.460962360767,295.2709491819134,16160.73191154268,16580.578779205294,16875.84972838721,171737.01909979762,0.0,62.77687418043265,0.0,0.0,0.0,False,False,False
main,tv_dro_rho_0p01,tv_dro,2025-07-01,59,True,True,20,,0.01,0.7,20.0,optimal_decomposed,86.80277599999681,86.80190790002234,0.0,1,2,15865.460962360767,295.2709491819134,16160.73191154268,16674.97543805685,16970.246387238763,171742.97295529285,0.0,60.04888277530646,0.0,0.0,0.0,False,False,False
main,tv_dro_rho_0p01,tv_dro,2025-07-01,60,True,True,20,,0.01,0.7,20.0,optimal_decomposed,86.80277599999681,86.80190790002234,0.0,1,2,15865.460962360767,295.2709491819134,16160.73191154268,16672.22822076967,16967.499169951585,171811.4744168312,0.0,57.72513629693888,0.0,0.0,0.0,False,False,False
main,tv_dro_rho_0p01,tv_dro,2025-07-01,61,True,True,20,,0.01,0.7,20.0,optimal_decomposed,86.80277599999681,86.80190790002234,0.0,1,2,15865.460962360767,295.2709491819134,16160.73191154268,16714.999017916023,17010.26996709794,171767.2181478823,0.0,43.599433831057965,0.0,0.0,0.0,False,False,False
main,tv_dro_rho_0p01,tv_dro,2025-07-01,62,True,True,20,,0.01,0.7,20.0,optimal_decomposed,86.80277599999681,86.80190790002234,0.0,1,2,15865.460962360767,295.2709491819134,16160.73191154268,16703.900178052878,16999.171127234793,171753.2475132387,0.0,61.05124144922637,0.0,0.0,0.0,False,False,False
main,tv_dro_rho_0p01,tv_dro,2025-07-01,63,True,True,20,,0.01,0.7,20.0,optimal_decomposed,86.80277599999681,86.80190790002234,0.0,1,2,15865.460962360767,295.2709491819134,16160.73191154268,16777.384799203388,17072.655748385303,171449.07776865634,0.0,65.47535251810797,0.0,0.0,0.0,False,False,False
main,tv_dro_rho_0p01,tv_dro,2025-07-01,64,True,True,20,,0.01,0.7,20.0,optimal_decomposed,86.80277599999681,86.80190790002234,0.0,1,2,15865.460962360767,295.2709491819134,16160.73191154268,16687.9600143308,16983.230963512717,171371.77161525548,0.0,54.55528135286826,0.0,0.0,0.0,False,False,False
main,tv_dro_rho_0p01,tv_dro,2025-07-01,65,True,True,20,,0.01,0.7,20.0,optimal_decomposed,86.80277599999681,86.80190790002234,0.0,1,2,15865.460962360767,295.2709491819134,16160.73191154268,16828.769597467337,17124.040546649252,171640.08878422747,0.0,55.34016770656527,0.0,0.0,0.0,False,False,False
main,tv_dro_rho_0p01,tv_dro,2025-07-01,66,True,True,20,,0.01,0.7,20.0,optimal_decomposed,86.80277599999681,86.80190790002234,0.0,1,2,15865.460962360767,295.2709491819134,16160.73191154268,16668.76250485588,16964.033454037795,171628.93764305924,0.0,65.86856219936159,0.0,0.0,0.0,False,False,False
main,tv_dro_rho_0p01,tv_dro,2025-07-01,67,True,True,20,,0.01,0.7,20.0,optimal_decomposed,86.80277599999681,86.80190790002234,0.0,1,2,15865.460962360767,295.2709491819134,16160.73191154268,16675.486622730365,16970.75757191228,172152.0636972865,0.0,51.95157415071956,0.0,0.0,0.0,False,False,False
main,tv_dro_rho_0p01,tv_dro,2025-07-01,68,True,True,20,,0.01,0.7,20.0,optimal_decomposed,86.80277599999681,86.80190790002234,0.0,1,2,15865.460962360767,295.2709491819134,16160.73191154268,16698.154815482292,16993.425764664207,171386.8667795484,0.0,58.46403622463121,0.0,0.0,0.0,False,False,False
main,tv_dro_rho_0p01,tv_dro,2025-07-01,69,True,True,20,,0.01,0.7,20.0,optimal_decomposed,86.80277599999681,86.80190790002234,0.0,1,2,15865.460962360767,295.2709491819134,16160.73191154268,16876.419320992805,17171.69027017472,171374.23850625288,0.0,58.06679936226615,0.0,0.0,0.0,False,False,False
main,tv_dro_rho_0p01,tv_dro,2025-07-01,70,True,True,20,,0.01,0.7,20.0,optimal_decomposed,86.80277599999681,86.80190790002234,0.0,1,2,15865.460962360767,295.2709491819134,16160.73191154268,16678.297737712543,16973.568686894458,171724.39182976075,0.0,59.723450801684116,0.0,0.0,0.0,False,False,False
main,tv_dro_rho_0p01,tv_dro,2025-07-01,71,True,True,20,,0.01,0.7,20.0,optimal_decomposed,86.80277599999681,86.80190790002234,0.0,1,2,15865.460962360767,295.2709491819134,16160.73191154268,16564.949251240138,16860.220200422053,171674.6166724129,0.0,68.66878731694194,0.0,0.0,0.0,False,False,False
main,tv_dro_rho_0p01,tv_dro,2025-07-01,72,True,True,20,,0.01,0.7,20.0,optimal_decomposed,86.80277599999681,86.80190790002234,0.0,1,2,15865.460962360767,295.2709491819134,16160.73191154268,16692.973226105456,16988.24417528737,170850.94230084217,0.0,64.38514165905754,0.0,0.0,0.0,False,False,False
main,tv_dro_rho_0p01,tv_dro,2025-07-01,73,True,True,20,,0.01,0.7,20.0,optimal_decomposed,86.80277599999681,86.80190790002234,0.0,1,2,15865.460962360767,295.2709491819134,16160.73191154268,16641.99309414596,16937.264043327876,171569.59855790797,0.0,57.226378917455584,0.0,0.0,0.0,False,False,False
main,tv_dro_rho_0p01,tv_dro,2025-07-01,74,True,True,20,,0.01,0.7,20.0,optimal_decomposed,86.80277599999681,86.80190790002234,0.0,1,2,15865.460962360767,295.2709491819134,16160.73191154268,16748.91541228355,17044.186361465465,172294.67739205025,0.0,58.39352493047917,0.0,0.0,0.0,False,False,False
main,tv_dro_rho_0p01,tv_dro,2025-07-01,75,True,True,20,,0.01,0.7,20.0,optimal_decomposed,86.80277599999681,86.80190790002234,0.0,1,2,15865.460962360767,295.2709491819134,16160.73191154268,16711.998098538963,17007.269047720878,172007.68061297733,0.0,57.534704295891,0.0,0.0,0.0,False,False,False
main,tv_dro_rho_0p01,tv_dro,2025-07-01,76,True,True,20,,0.01,0.7,20.0,optimal_decomposed,86.80277599999681,86.80190790002234,0.0,1,2,15865.460962360767,295.2709491819134,16160.73191154268,16735.719025608123,17030.989974790038,171293.62279106205,0.0,56.44423329437679,0.0,0.0,0.0,False,False,False
main,tv_dro_rho_0p01,tv_dro,2025-07-01,77,True,True,20,,0.01,0.7,20.0,optimal_decomposed,86.80277599999681,86.80190790002234,0.0,1,2,15865.460962360767,295.2709491819134,16160.73191154268,16795.25800205316,17090.528951235076,171084.12514159342,0.0,55.56002619357811,0.0,0.0,0.0,False,False,False
main,tv_dro_rho_0p01,tv_dro,2025-07-01,78,True,True,20,,0.01,0.7,20.0,optimal_decomposed,86.80277599999681,86.80190790002234,0.0,1,2,15865.460962360767,295.2709491819134,16160.73191154268,16635.20688051551,16930.477829697425,171586.41754561258,0.0,59.094633476739354,0.0,0.0,0.0,False,False,False
main,tv_dro_rho_0p01,tv_dro,2025-07-01,79,True,True,20,,0.01,0.7,20.0,optimal_decomposed,86.80277599999681,86.80190790002234,0.0,1,2,15865.460962360767,295.2709491819134,16160.73191154268,16769.034521212965,17064.30547039488,171664.40915809784,0.0,53.39731783168928,0.0,0.0,0.0,False,False,False
main,tv_dro_rho_0p01,tv_dro,2025-07-01,80,True,True,20,,0.01,0.7,20.0,optimal_decomposed,86.80277599999681,86.80190790002234,0.0,1,2,15865.460962360767,295.2709491819134,16160.73191154268,16727.410316805326,17022.68126598724,171444.84066790933,0.0,56.479981715369924,0.0,0.0,0.0,False,False,False
main,tv_dro_rho_0p01,tv_dro,2025-07-01,81,True,True,20,,0.01,0.7,20.0,optimal_decomposed,86.80277599999681,86.80190790002234,0.0,1,2,15865.460962360767,295.2709491819134,16160.73191154268,16579.68532899536,16874.956278177277,171610.3137672469,0.0,66.60244690565013,0.0,0.0,0.0,False,False,False
main,tv_dro_rho_0p01,tv_dro,2025-07-01,82,True,True,20,,0.01,0.7,20.0,optimal_decomposed,86.80277599999681,86.80190790002234,0.0,1,2,15865.460962360767,295.2709491819134,16160.73191154268,16610.161514969535,16905.43246415145,172036.38208475956,0.0,46.7382715881049,0.0,0.0,0.0,False,False,False
main,tv_dro_rho_0p01,tv_dro,2025-07-01,83,True,True,20,,0.01,0.7,20.0,optimal_decomposed,86.80277599999681,86.80190790002234,0.0,1,2,15865.460962360767,295.2709491819134,16160.73191154268,16695.253817785495,16990.52476696741,171384.28710788375,0.0,55.39364987696745,0.0,0.0,0.0,False,False,False
main,tv_dro_rho_0p01,tv_dro,2025-07-01,84,True,True,20,,0.01,0.7,20.0,optimal_decomposed,86.80277599999681,86.80190790002234,0.0,1,2,15865.460962360767,295.2709491819134,16160.73191154268,16678.655628270695,16973.92657745261,171441.7672343566,0.0,54.137938494074135,0.0,0.0,0.0,False,False,False
main,tv_dro_rho_0p01,tv_dro,2025-07-01,85,True,True,20,,0.01,0.7,20.0,optimal_decomposed,86.80277599999681,86.80190790002234,0.0,1,2,15865.460962360767,295.2709491819134,16160.73191154268,16702.88720981278,16998.158158994695,171245.2924789715,0.0,65.51184575450425,0.0,0.0,0.0,False,False,False
main,tv_dro_rho_0p01,tv_dro,2025-07-01,86,True,True,20,,0.01,0.7,20.0,optimal_decomposed,86.80277599999681,86.80190790002234,0.0,1,2,15865.460962360767,295.2709491819134,16160.73191154268,16775.086072586935,17070.35702176885,171747.94645977332,0.0,49.783242864279956,0.0,0.0,0.0,False,False,False
main,tv_dro_rho_0p01,tv_dro,2025-07-01,87,True,True,20,,0.01,0.7,20.0,optimal_decomposed,86.80277599999681,86.80190790002234,0.0,1,2,15865.460962360767,295.2709491819134,16160.73191154268,16651.873348167024,16947.14429734894,171356.20339578314,0.0,57.705098507628094,0.0,0.0,0.0,False,False,False
main,tv_dro_rho_0p01,tv_dro,2025-07-01,88,True,True,20,,0.01,0.7,20.0,optimal_decomposed,86.80277599999681,86.80190790002234,0.0,1,2,15865.460962360767,295.2709491819134,16160.73191154268,16740.336985784783,17035.607934966698,171409.07921021673,0.0,64.20402568370886,0.0,0.0,0.0,False,False,False
main,tv_dro_rho_0p01,tv_dro,2025-07-01,89,True,True,20,,0.01,0.7,20.0,optimal_decomposed,86.80277599999681,86.80190790002234,0.0,1,2,15865.460962360767,295.2709491819134,16160.73191154268,16739.087118340944,17034.35806752286,171452.7923709022,0.0,56.20493574915202,0.0,0.0,0.0,False,False,False
main,tv_dro_rho_0p01,tv_dro,2025-07-01,90,True,True,20,,0.01,0.7,20.0,optimal_decomposed,86.80277599999681,86.80190790002234,0.0,1,2,15865.460962360767,295.2709491819134,16160.73191154268,16722.106700558645,17017.37764974056,171825.83823371958,0.0,61.47682638318229,0.0,0.0,0.0,False,False,False
main,tv_dro_rho_0p01,tv_dro,2025-07-01,91,True,True,20,,0.01,0.7,20.0,optimal_decomposed,86.80277599999681,86.80190790002234,0.0,1,2,15865.460962360767,295.2709491819134,16160.73191154268,16568.540362700664,16863.81131188258,171586.12792361234,0.0,55.439972682882384,0.0,0.0,0.0,False,False,False
main,tv_dro_rho_0p01,tv_dro,2025-07-01,92,True,True,20,,0.01,0.7,20.0,optimal_decomposed,86.80277599999681,86.80190790002234,0.0,1,2,15865.460962360767,295.2709491819134,16160.73191154268,16734.850526793027,17030.121475974942,171933.10123961474,0.0,44.64283475176927,0.0,0.0,0.0,False,False,False
main,tv_dro_rho_0p01,tv_dro,2025-07-01,93,True,True,20,,0.01,0.7,20.0,optimal_decomposed,86.80277599999681,86.80190790002234,0.0,1,2,15865.460962360767,295.2709491819134,16160.73191154268,16638.946239408277,16934.21718859019,171620.49792307106,0.0,58.02043638724329,0.0,0.0,0.0,False,False,False
main,tv_dro_rho_0p01,tv_dro,2025-07-01,94,True,True,20,,0.01,0.7,20.0,optimal_decomposed,86.80277599999681,86.80190790002234,0.0,1,2,15865.460962360767,295.2709491819134,16160.73191154268,16633.845821808412,16929.116770990327,171267.31763091913,0.0,51.94624254536274,0.0,0.0,0.0,False,False,False
main,tv_dro_rho_0p01,tv_dro,2025-07-01,95,True,True,20,,0.01,0.7,20.0,optimal_decomposed,86.80277599999681,86.80190790002234,0.0,1,2,15865.460962360767,295.2709491819134,16160.73191154268,16725.537038484512,17020.807987666427,172394.78305854058,0.0,57.066305550959875,0.0,0.0,0.0,False,False,False
main,tv_dro_rho_0p01,tv_dro,2025-07-01,96,True,True,20,,0.01,0.7,20.0,optimal_decomposed,86.80277599999681,86.80190790002234,0.0,1,2,15865.460962360767,295.2709491819134,16160.73191154268,16758.5203148837,17053.791264065614,171762.5047656875,0.0,53.83586629375922,0.0,0.0,0.0,False,False,False
main,tv_dro_rho_0p01,tv_dro,2025-07-01,97,True,True,20,,0.01,0.7,20.0,optimal_decomposed,86.80277599999681,86.80190790002234,0.0,1,2,15865.460962360767,295.2709491819134,16160.73191154268,16702.940406319653,16998.211355501568,171627.28160496958,0.0,54.10738905527533,0.0,0.0,0.0,False,False,False
main,tv_dro_rho_0p01,tv_dro,2025-07-01,98,True,True,20,,0.01,0.7,20.0,optimal_decomposed,86.80277599999681,86.80190790002234,0.0,1,2,15865.460962360767,295.2709491819134,16160.73191154268,16677.635824068224,16972.90677325014,171916.3610468656,0.0,46.21886856196049,0.0,0.0,0.0,False,False,False
main,tv_dro_rho_0p01,tv_dro,2025-07-01,99,True,True,20,,0.01,0.7,20.0,optimal_decomposed,86.80277599999681,86.80190790002234,0.0,1,2,15865.460962360767,295.2709491819134,16160.73191154268,16562.695580325486,16857.9665295074,171890.21806738357,0.0,59.074948343470005,0.0,0.0,0.0,False,False,False
main,tv_dro_rho_0p01,tv_dro,2025-10-01,0,True,True,20,,0.01,0.7,20.0,optimal_decomposed,73.40003859996796,73.3990860999329,0.0,1,2,16307.555639640124,533.9055933035694,16841.461232943693,16366.35832176901,16900.26391507258,173788.81244501946,0.12432781969670104,54.01052357289352,0.0,0.0,0.0,False,False,False
main,tv_dro_rho_0p01,tv_dro,2025-10-01,1,True,True,20,,0.01,0.7,20.0,optimal_decomposed,73.40003859996796,73.3990860999329,0.0,1,2,16307.555639640124,533.9055933035694,16841.461232943693,16434.07381131367,16967.97940461724,173438.36878619986,0.0012769496760549615,63.210754500260315,0.0,0.0,0.0,False,False,False
main,tv_dro_rho_0p01,tv_dro,2025-10-01,2,True,True,20,,0.01,0.7,20.0,optimal_decomposed,73.40003859996796,73.3990860999329,0.0,1,2,16307.555639640124,533.9055933035694,16841.461232943693,16353.055678384218,16886.96127168779,173627.1666264974,0.0,46.63512976049449,0.0,0.0,0.0,False,False,False
main,tv_dro_rho_0p01,tv_dro,2025-10-01,3,True,True,20,,0.01,0.7,20.0,optimal_decomposed,73.40003859996796,73.3990860999329,0.0,1,2,16307.555639640124,533.9055933035694,16841.461232943693,16412.685919851374,16946.591513154945,173814.99901570292,0.0,56.8871406989508,0.0,0.0,0.0,False,False,False
main,tv_dro_rho_0p01,tv_dro,2025-10-01,4,True,True,20,,0.01,0.7,20.0,optimal_decomposed,73.40003859996796,73.3990860999329,0.0,1,2,16307.555639640124,533.9055933035694,16841.461232943693,16401.400580444646,16935.306173748217,174207.92175649968,0.07575392974841844,48.43333133637604,0.0,0.0,0.0,False,False,False
main,tv_dro_rho_0p01,tv_dro,2025-10-01,5,True,True,20,,0.01,0.7,20.0,optimal_decomposed,73.40003859996796,73.3990860999329,0.0,1,2,16307.555639640124,533.9055933035694,16841.461232943693,16411.914181599706,16945.819774903277,173708.42994787547,0.033093632970919606,56.49435950835506,0.0,0.0,0.0,False,False,False
main,tv_dro_rho_0p01,tv_dro,2025-10-01,6,True,True,20,,0.01,0.7,20.0,optimal_decomposed,73.40003859996796,73.3990860999329,0.0,1,2,16307.555639640124,533.9055933035694,16841.461232943693,16480.459370415174,17014.364963718745,174250.27935588613,0.0,48.23605180380066,0.0,0.0,0.0,False,False,False
main,tv_dro_rho_0p01,tv_dro,2025-10-01,7,True,True,20,,0.01,0.7,20.0,optimal_decomposed,73.40003859996796,73.3990860999329,0.0,1,2,16307.555639640124,533.9055933035694,16841.461232943693,16429.26016085876,16963.16575416233,174033.45659902008,0.0,50.188321813741915,0.0,0.0,0.0,False,False,False
main,tv_dro_rho_0p01,tv_dro,2025-10-01,8,True,True,20,,0.01,0.7,20.0,optimal_decomposed,73.40003859996796,73.3990860999329,0.0,1,2,16307.555639640124,533.9055933035694,16841.461232943693,16323.329413972137,16857.235007275707,173239.20625846004,0.1482351674936837,50.0606844340806,0.0,0.0,0.0,False,False,False
main,tv_dro_rho_0p01,tv_dro,2025-10-01,9,True,True,20,,0.01,0.7,20.0,optimal_decomposed,73.40003859996796,73.3990860999329,0.0,1,2,16307.555639640124,533.9055933035694,16841.461232943693,16438.318239541848,16972.22383284542,173626.6775808966,0.07825346901616292,61.037973049263755,0.0,0.0,0.0,False,False,False
main,tv_dro_rho_0p01,tv_dro,2025-10-01,10,True,True,20,,0.01,0.7,20.0,optimal_decomposed,73.40003859996796,73.3990860999329,0.0,1,2,16307.555639640124,533.9055933035694,16841.461232943693,16388.32138802358,16922.226981327152,173774.2865222631,0.029934302223942555,52.96890368758915,0.0,0.0,0.0,False,False,False
main,tv_dro_rho_0p01,tv_dro,2025-10-01,11,True,True,20,,0.01,0.7,20.0,optimal_decomposed,73.40003859996796,73.3990860999329,0.0,1,2,16307.555639640124,533.9055933035694,16841.461232943693,16414.907849736886,16948.813443040457,174228.34420668485,0.0782534699025661,47.45472858117641,0.0,0.0,0.0,False,False,False
main,tv_dro_rho_0p01,tv_dro,2025-10-01,12,True,True,20,,0.01,0.7,20.0,optimal_decomposed,73.40003859996796,73.3990860999329,0.0,1,2,16307.555639640124,533.9055933035694,16841.461232943693,16361.447455693187,16895.353048996756,173245.98971126252,0.07825346900892116,46.16381550693474,0.0,0.0,0.0,False,False,False
main,tv_dro_rho_0p01,tv_dro,2025-10-01,13,True,True,20,,0.01,0.7,20.0,optimal_decomposed,73.40003859996796,73.3990860999329,0.0,1,2,16307.555639640124,533.9055933035694,16841.461232943693,16403.44144566327,16937.34703896684,173175.89016597762,0.0,53.344175255082995,0.0,0.0,0.0,False,False,False
main,tv_dro_rho_0p01,tv_dro,2025-10-01,14,True,True,20,,0.01,0.7,20.0,optimal_decomposed,73.40003859996796,73.3990860999329,0.0,1,2,16307.555639640124,533.9055933035694,16841.461232943693,16461.581730006314,16995.487323309884,174496.8363719484,0.0,50.09149043422947,0.0,0.0,0.0,False,False,False
main,tv_dro_rho_0p01,tv_dro,2025-10-01,15,True,True,20,,0.01,0.7,20.0,optimal_decomposed,73.40003859996796,73.3990860999329,0.0,1,2,16307.555639640124,533.9055933035694,16841.461232943693,16441.75845580278,16975.66404910635,173811.7795708604,0.0,45.95080938624019,0.0,0.0,0.0,False,False,False
main,tv_dro_rho_0p01,tv_dro,2025-10-01,16,True,True,20,,0.01,0.7,20.0,optimal_decomposed,73.40003859996796,73.3990860999329,0.0,1,2,16307.555639640124,533.9055933035694,16841.461232943693,16436.569822481903,16970.475415785473,174591.66672194112,0.0,47.270561511321276,0.0,0.0,0.0,False,False,False
main,tv_dro_rho_0p01,tv_dro,2025-10-01,17,True,True,20,,0.01,0.7,20.0,optimal_decomposed,73.40003859996796,73.3990860999329,0.0,1,2,16307.555639640124,533.9055933035694,16841.461232943693,16444.228497555083,16978.134090858654,173998.84330511827,0.05918880384301267,60.803805102085214,0.0,0.0,0.0,False,False,False
main,tv_dro_rho_0p01,tv_dro,2025-10-01,18,True,True,20,,0.01,0.7,20.0,optimal_decomposed,73.40003859996796,73.3990860999329,0.0,1,2,16307.555639640124,533.9055933035694,16841.461232943693,16430.577096184137,16964.482689487708,173600.68771876165,0.025731869889946357,55.42373495156218,0.0,0.0,0.0,False,False,False
main,tv_dro_rho_0p01,tv_dro,2025-10-01,19,True,True,20,,0.01,0.7,20.0,optimal_decomposed,73.40003859996796,73.3990860999329,0.0,1,2,16307.555639640124,533.9055933035694,16841.461232943693,16370.834548460472,16904.740141764043,173555.02687492114,0.0037405666491860945,52.12347681717735,0.0,0.0,0.0,False,False,False
main,tv_dro_rho_0p01,tv_dro,2025-10-01,20,True,True,20,,0.01,0.7,20.0,optimal_decomposed,73.40003859996796,73.3990860999329,0.0,1,2,16307.555639640124,533.9055933035694,16841.461232943693,16383.33549907613,16917.2410923797,174501.92290778828,0.0,49.84093065819467,0.0,0.0,0.0,False,False,False
main,tv_dro_rho_0p01,tv_dro,2025-10-01,21,True,True,20,,0.01,0.7,20.0,optimal_decomposed,73.40003859996796,73.3990860999329,0.0,1,2,16307.555639640124,533.9055933035694,16841.461232943693,16385.006625026082,16918.912218329653,173606.45821612238,0.0,45.68280566001261,0.0,0.0,0.0,False,False,False
main,tv_dro_rho_0p01,tv_dro,2025-10-01,22,True,True,20,,0.01,0.7,20.0,optimal_decomposed,73.40003859996796,73.3990860999329,0.0,1,2,16307.555639640124,533.9055933035694,16841.461232943693,16399.99754740391,16933.90314070748,173795.68447424768,0.08463183992081758,49.838376794544835,0.0,0.0,0.0,False,False,False
main,tv_dro_rho_0p01,tv_dro,2025-10-01,23,True,True,20,,0.01,0.7,20.0,optimal_decomposed,73.40003859996796,73.3990860999329,0.0,1,2,16307.555639640124,533.9055933035694,16841.461232943693,16491.013257447772,17024.918850751343,174119.9152025395,0.0,49.466694630678575,0.0,0.0,0.0,False,False,False
main,tv_dro_rho_0p01,tv_dro,2025-10-01,24,True,True,20,,0.01,0.7,20.0,optimal_decomposed,73.40003859996796,73.3990860999329,0.0,1,2,16307.555639640124,533.9055933035694,16841.461232943693,16444.220656739904,16978.126250043475,173827.1650119214,0.0,58.062315660808224,0.0,0.0,0.0,False,False,False
main,tv_dro_rho_0p01,tv_dro,2025-10-01,25,True,True,20,,0.01,0.7,20.0,optimal_decomposed,73.40003859996796,73.3990860999329,0.0,1,2,16307.555639640124,533.9055933035694,16841.461232943693,16405.86894135586,16939.77453465943,174126.9391049479,0.0,46.05277081955052,0.0,0.0,0.0,False,False,False
main,tv_dro_rho_0p01,tv_dro,2025-10-01,26,True,True,20,,0.01,0.7,20.0,optimal_decomposed,73.40003859996796,73.3990860999329,0.0,1,2,16307.555639640124,533.9055933035694,16841.461232943693,16422.895930500443,16956.801523804013,173718.00553635936,0.0,58.51762947657066,0.0,0.0,0.0,False,False,False
main,tv_dro_rho_0p01,tv_dro,2025-10-01,27,True,True,20,,0.01,0.7,20.0,optimal_decomposed,73.40003859996796,73.3990860999329,0.0,1,2,16307.555639640124,533.9055933035694,16841.461232943693,16429.669420229602,16963.575013533173,173974.8840063275,0.07825346902586139,56.10665034792222,0.0,0.0,0.0,False,False,False
main,tv_dro_rho_0p01,tv_dro,2025-10-01,28,True,True,20,,0.01,0.7,20.0,optimal_decomposed,73.40003859996796,73.3990860999329,0.0,1,2,16307.555639640124,533.9055933035694,16841.461232943693,16446.648877498308,16980.55447080188,174348.77600889254,0.0,42.06386782695745,0.0,0.0,0.0,False,False,False
main,tv_dro_rho_0p01,tv_dro,2025-10-01,29,True,True,20,,0.01,0.7,20.0,optimal_decomposed,73.40003859996796,73.3990860999329,0.0,1,2,16307.555639640124,533.9055933035694,16841.461232943693,16392.37711855939,16926.28271186296,173773.95578894054,0.0,39.95414310018645,0.0,0.0,0.0,False,False,False
main,tv_dro_rho_0p01,tv_dro,2025-10-01,30,True,True,20,,0.01,0.7,20.0,optimal_decomposed,73.40003859996796,73.3990860999329,0.0,1,2,16307.555639640124,533.9055933035694,16841.461232943693,16299.8719794525,16833.77757275607,173173.6676414668,0.098871799473778,46.99698768026525,0.0,0.0,0.0,False,False,False
main,tv_dro_rho_0p01,tv_dro,2025-10-01,31,True,True,20,,0.01,0.7,20.0,optimal_decomposed,73.40003859996796,73.3990860999329,0.0,1,2,16307.555639640124,533.9055933035694,16841.461232943693,16360.437328290387,16894.342921593958,173750.55734424255,0.009572621758258126,50.024951808230114,0.0,0.0,0.0,False,False,False
main,tv_dro_rho_0p01,tv_dro,2025-10-01,32,True,True,20,,0.01,0.7,20.0,optimal_decomposed,73.40003859996796,73.3990860999329,0.0,1,2,16307.555639640124,533.9055933035694,16841.461232943693,16437.11904322569,16971.024636529262,174180.59216083397,0.0782534690098371,52.851800985635144,0.0,0.0,0.0,False,False,False
main,tv_dro_rho_0p01,tv_dro,2025-10-01,33,True,True,20,,0.01,0.7,20.0,optimal_decomposed,73.40003859996796,73.3990860999329,0.0,1,2,16307.555639640124,533.9055933035694,16841.461232943693,16444.633388692502,16978.538981996073,173527.59242258844,0.0,62.86754853204787,0.0,0.0,0.0,False,False,False
main,tv_dro_rho_0p01,tv_dro,2025-10-01,34,True,True,20,,0.01,0.7,20.0,optimal_decomposed,73.40003859996796,73.3990860999329,0.0,1,2,16307.555639640124,533.9055933035694,16841.461232943693,16429.503726833984,16963.409320137554,173700.29814134917,0.06609484240520436,52.976304603429085,0.0,0.0,0.0,False,False,False
main,tv_dro_rho_0p01,tv_dro,2025-10-01,35,True,True,20,,0.01,0.7,20.0,optimal_decomposed,73.40003859996796,73.3990860999329,0.0,1,2,16307.555639640124,533.9055933035694,16841.461232943693,16436.553474592023,16970.459067895594,174004.76195548158,0.0,54.92604272211935,0.0,0.0,0.0,False,False,False
main,tv_dro_rho_0p01,tv_dro,2025-10-01,36,True,True,20,,0.01,0.7,20.0,optimal_decomposed,73.40003859996796,73.3990860999329,0.0,1,2,16307.555639640124,533.9055933035694,16841.461232943693,16505.52250818626,17039.42810148983,174515.88608324196,0.0,58.54453395798377,0.0,0.0,0.0,False,False,False
main,tv_dro_rho_0p01,tv_dro,2025-10-01,37,True,True,20,,0.01,0.7,20.0,optimal_decomposed,73.40003859996796,73.3990860999329,0.0,1,2,16307.555639640124,533.9055933035694,16841.461232943693,16388.3917595754,16922.29735287897,174002.7960490507,0.010444705161754886,45.32893775053451,0.0,0.0,0.0,False,False,False
main,tv_dro_rho_0p01,tv_dro,2025-10-01,38,True,True,20,,0.01,0.7,20.0,optimal_decomposed,73.40003859996796,73.3990860999329,0.0,1,2,16307.555639640124,533.9055933035694,16841.461232943693,16399.311786463863,16933.217379767433,174002.99033675864,0.0,49.38067239717409,0.0,0.0,0.0,False,False,False
main,tv_dro_rho_0p01,tv_dro,2025-10-01,39,True,True,20,,0.01,0.7,20.0,optimal_decomposed,73.40003859996796,73.3990860999329,0.0,1,2,16307.555639640124,533.9055933035694,16841.461232943693,16425.79064606036,16959.69623936393,174023.55944976766,0.0,41.36316789310054,0.0,0.0,0.0,False,False,False
main,tv_dro_rho_0p01,tv_dro,2025-10-01,40,True,True,20,,0.01,0.7,20.0,optimal_decomposed,73.40003859996796,73.3990860999329,0.0,1,2,16307.555639640124,533.9055933035694,16841.461232943693,16461.181979565776,16995.087572869346,174159.78510465226,0.0,43.58333074708525,0.0,0.0,0.0,False,False,False
main,tv_dro_rho_0p01,tv_dro,2025-10-01,41,True,True,20,,0.01,0.7,20.0,optimal_decomposed,73.40003859996796,73.3990860999329,0.0,1,2,16307.555639640124,533.9055933035694,16841.461232943693,16370.199990867768,16904.10558417134,173603.78884082712,0.02774931269790004,39.65290143540876,0.0,0.0,0.0,False,False,False
main,tv_dro_rho_0p01,tv_dro,2025-10-01,42,True,True,20,,0.01,0.7,20.0,optimal_decomposed,73.40003859996796,73.3990860999329,0.0,1,2,16307.555639640124,533.9055933035694,16841.461232943693,16472.47613957968,17006.381732883252,173933.69737445912,0.0,53.67737100306228,0.0,0.0,0.0,False,False,False
main,tv_dro_rho_0p01,tv_dro,2025-10-01,43,True,True,20,,0.01,0.7,20.0,optimal_decomposed,73.40003859996796,73.3990860999329,0.0,1,2,16307.555639640124,533.9055933035694,16841.461232943693,16325.972735468817,16859.878328772385,173239.8663623928,0.0,52.81818343162506,0.0,0.0,0.0,False,False,False
main,tv_dro_rho_0p01,tv_dro,2025-10-01,44,True,True,20,,0.01,0.7,20.0,optimal_decomposed,73.40003859996796,73.3990860999329,0.0,1,2,16307.555639640124,533.9055933035694,16841.461232943693,16411.024773702426,16944.930367005996,174174.8887268156,0.0,51.69954291893547,0.0,0.0,0.0,False,False,False
main,tv_dro_rho_0p01,tv_dro,2025-10-01,45,True,True,20,,0.01,0.7,20.0,optimal_decomposed,73.40003859996796,73.3990860999329,0.0,1,2,16307.555639640124,533.9055933035694,16841.461232943693,16419.679785705368,16953.58537900894,173801.1439184395,0.054320785140261174,55.38703271186147,0.0,0.0,0.0,False,False,False
main,tv_dro_rho_0p01,tv_dro,2025-10-01,46,True,True,20,,0.01,0.7,20.0,optimal_decomposed,73.40003859996796,73.3990860999329,0.0,1,2,16307.555639640124,533.9055933035694,16841.461232943693,16433.80462074568,16967.71021404925,173960.4029583926,0.07825346901177643,54.152051955424035,0.0,0.0,0.0,False,False,False
main,tv_dro_rho_0p01,tv_dro,2025-10-01,47,True,True,20,,0.01,0.7,20.0,optimal_decomposed,73.40003859996796,73.3990860999329,0.0,1,2,16307.555639640124,533.9055933035694,16841.461232943693,16421.528349983288,16955.43394328686,174095.63680688865,0.0,51.47964139091832,0.0,0.0,0.0,False,False,False
main,tv_dro_rho_0p01,tv_dro,2025-10-01,48,True,True,20,,0.01,0.7,20.0,optimal_decomposed,73.40003859996796,73.3990860999329,0.0,1,2,16307.555639640124,533.9055933035694,16841.461232943693,16352.888030996866,16886.793624300437,173858.0932928263,0.09478392567712746,51.738273313653075,0.0,0.0,0.0,False,False,False
main,tv_dro_rho_0p01,tv_dro,2025-10-01,49,True,True,20,,0.01,0.7,20.0,optimal_decomposed,73.40003859996796,73.3990860999329,0.0,1,2,16307.555639640124,533.9055933035694,16841.461232943693,16465.301485416512,16999.207078720083,173859.289617023,0.0,56.79486418624051,0.0,0.0,0.0,False,False,False
main,tv_dro_rho_0p01,tv_dro,2025-10-01,50,True,True,20,,0.01,0.7,20.0,optimal_decomposed,73.40003859996796,73.3990860999329,0.0,1,2,16307.555639640124,533.9055933035694,16841.461232943693,16453.909394240873,16987.814987544443,174489.0282630081,0.07825346901858699,58.13873532682996,0.0,0.0,0.0,False,False,False
main,tv_dro_rho_0p01,tv_dro,2025-10-01,51,True,True,20,,0.01,0.7,20.0,optimal_decomposed,73.40003859996796,73.3990860999329,0.0,1,2,16307.555639640124,533.9055933035694,16841.461232943693,16362.915903034984,16896.821496338554,173574.44680022614,0.12196306122073519,52.192850938078784,0.0,0.0,0.0,False,False,False
main,tv_dro_rho_0p01,tv_dro,2025-10-01,52,True,True,20,,0.01,0.7,20.0,optimal_decomposed,73.40003859996796,73.3990860999329,0.0,1,2,16307.555639640124,533.9055933035694,16841.461232943693,16405.461313129454,16939.366906433024,173890.64307315767,0.04927470518159227,57.760622691181304,0.0,0.0,0.0,False,False,False
main,tv_dro_rho_0p01,tv_dro,2025-10-01,53,True,True,20,,0.01,0.7,20.0,optimal_decomposed,73.40003859996796,73.3990860999329,0.0,1,2,16307.555639640124,533.9055933035694,16841.461232943693,16398.63291897889,16932.53851228246,174181.12977173572,0.0,49.23261549950292,0.0,0.0,0.0,False,False,False
main,tv_dro_rho_0p01,tv_dro,2025-10-01,54,True,True,20,,0.01,0.7,20.0,optimal_decomposed,73.40003859996796,73.3990860999329,0.0,1,2,16307.555639640124,533.9055933035694,16841.461232943693,16431.648553530948,16965.554146834518,174027.2164797755,0.0,50.9613597656105,0.0,0.0,0.0,False,False,False
main,tv_dro_rho_0p01,tv_dro,2025-10-01,55,True,True,20,,0.01,0.7,20.0,optimal_decomposed,73.40003859996796,73.3990860999329,0.0,1,2,16307.555639640124,533.9055933035694,16841.461232943693,16418.776013015144,16952.681606318714,174004.9921245045,0.014758659357932635,57.00198793779643,0.0,0.0,0.0,False,False,False
main,tv_dro_rho_0p01,tv_dro,2025-10-01,56,True,True,20,,0.01,0.7,20.0,optimal_decomposed,73.40003859996796,73.3990860999329,0.0,1,2,16307.555639640124,533.9055933035694,16841.461232943693,16483.5454754913,17017.45106879487,174094.7173952841,0.0,40.62825752895579,0.0,0.0,0.0,False,False,False
main,tv_dro_rho_0p01,tv_dro,2025-10-01,57,True,True,20,,0.01,0.7,20.0,optimal_decomposed,73.40003859996796,73.3990860999329,0.0,1,2,16307.555639640124,533.9055933035694,16841.461232943693,16414.511868027428,16948.417461331,173946.38162590357,0.0,50.71911087229196,0.0,0.0,0.0,False,False,False
main,tv_dro_rho_0p01,tv_dro,2025-10-01,58,True,True,20,,0.01,0.7,20.0,optimal_decomposed,73.40003859996796,73.3990860999329,0.0,1,2,16307.555639640124,533.9055933035694,16841.461232943693,16411.452492800254,16945.358086103824,173487.4977519253,0.08871574070913546,60.555372092768934,0.0,0.0,0.0,False,False,False
main,tv_dro_rho_0p01,tv_dro,2025-10-01,59,True,True,20,,0.01,0.7,20.0,optimal_decomposed,73.40003859996796,73.3990860999329,0.0,1,2,16307.555639640124,533.9055933035694,16841.461232943693,16395.206509360272,16929.112102663843,174149.6699177063,0.0,53.816517331053646,0.0,0.0,0.0,False,False,False
main,tv_dro_rho_0p01,tv_dro,2025-10-01,60,True,True,20,,0.01,0.7,20.0,optimal_decomposed,73.40003859996796,73.3990860999329,0.0,1,2,16307.555639640124,533.9055933035694,16841.461232943693,16387.051101359913,16920.956694663484,173930.07236295316,0.12196306245562205,50.885795159748824,0.0,0.0,0.0,False,False,False
main,tv_dro_rho_0p01,tv_dro,2025-10-01,61,True,True,20,,0.01,0.7,20.0,optimal_decomposed,73.40003859996796,73.3990860999329,0.0,1,2,16307.555639640124,533.9055933035694,16841.461232943693,16430.822958085944,16964.728551389515,173925.53886384913,0.0,40.33681062902542,0.0,0.0,0.0,False,False,False
main,tv_dro_rho_0p01,tv_dro,2025-10-01,62,True,True,20,,0.01,0.7,20.0,optimal_decomposed,73.40003859996796,73.3990860999329,0.0,1,2,16307.555639640124,533.9055933035694,16841.461232943693,16446.010532151788,16979.91612545536,174070.52404935108,0.07819171587885487,55.983667628640134,0.0,0.0,0.0,False,False,False
main,tv_dro_rho_0p01,tv_dro,2025-10-01,63,True,True,20,,0.01,0.7,20.0,optimal_decomposed,73.40003859996796,73.3990860999329,0.0,1,2,16307.555639640124,533.9055933035694,16841.461232943693,16420.008388063,16953.91398136657,173693.59471070228,0.0,58.681954904645856,0.0,0.0,0.0,False,False,False
main,tv_dro_rho_0p01,tv_dro,2025-10-01,64,True,True,20,,0.01,0.7,20.0,optimal_decomposed,73.40003859996796,73.3990860999329,0.0,1,2,16307.555639640124,533.9055933035694,16841.461232943693,16408.4098973603,16942.31549066387,173771.69847393144,0.03387977712128165,47.66066946950635,0.0,0.0,0.0,False,False,False
main,tv_dro_rho_0p01,tv_dro,2025-10-01,65,True,True,20,,0.01,0.7,20.0,optimal_decomposed,73.40003859996796,73.3990860999329,0.0,1,2,16307.555639640124,533.9055933035694,16841.461232943693,16415.52011266179,16949.42570596536,173842.01068966283,0.05699548369005397,56.5932660005326,0.0,0.0,0.0,False,False,False
main,tv_dro_rho_0p01,tv_dro,2025-10-01,66,True,True,20,,0.01,0.7,20.0,optimal_decomposed,73.40003859996796,73.3990860999329,0.0,1,2,16307.555639640124,533.9055933035694,16841.461232943693,16388.864174705737,16922.769768009308,173776.23201207787,0.0,60.07073776471402,0.0,0.0,0.0,False,False,False
main,tv_dro_rho_0p01,tv_dro,2025-10-01,67,True,True,20,,0.01,0.7,20.0,optimal_decomposed,73.40003859996796,73.3990860999329,0.0,1,2,16307.555639640124,533.9055933035694,16841.461232943693,16410.936554467226,16944.842147770796,174533.60639416415,0.0,52.32380950305062,0.0,0.0,0.0,False,False,False
main,tv_dro_rho_0p01,tv_dro,2025-10-01,68,True,True,20,,0.01,0.7,20.0,optimal_decomposed,73.40003859996796,73.3990860999329,0.0,1,2,16307.555639640124,533.9055933035694,16841.461232943693,16410.13751868105,16944.04311198462,173924.40909959582,0.12196305940012508,53.6586842277732,0.0,0.0,0.0,False,False,False
main,tv_dro_rho_0p01,tv_dro,2025-10-01,69,True,True,20,,0.01,0.7,20.0,optimal_decomposed,73.40003859996796,73.3990860999329,0.0,1,2,16307.555639640124,533.9055933035694,16841.461232943693,16439.775226896752,16973.680820200323,173595.1811604543,0.07825346901695451,55.58838218017295,0.0,0.0,0.0,False,False,False
main,tv_dro_rho_0p01,tv_dro,2025-10-01,70,True,True,20,,0.01,0.7,20.0,optimal_decomposed,73.40003859996796,73.3990860999329,0.0,1,2,16307.555639640124,533.9055933035694,16841.461232943693,16436.20983465416,16970.11542795773,174278.39564652182,0.0,55.966200211926136,0.0,0.0,0.0,False,False,False
main,tv_dro_rho_0p01,tv_dro,2025-10-01,71,True,True,20,,0.01,0.7,20.0,optimal_decomposed,73.40003859996796,73.3990860999329,0.0,1,2,16307.555639640124,533.9055933035694,16841.461232943693,16369.192638768885,16903.098232072454,173543.74847285435,0.17743759493645306,61.346844229174756,0.0,0.0,0.0,False,False,False
main,tv_dro_rho_0p01,tv_dro,2025-10-01,72,True,True,20,,0.01,0.7,20.0,optimal_decomposed,73.40003859996796,73.3990860999329,0.0,1,2,16307.555639640124,533.9055933035694,16841.461232943693,16402.584389466872,16936.489982770443,173368.58000343386,0.2002165365256734,58.16573346859521,0.0,0.0,0.0,False,False,False
main,tv_dro_rho_0p01,tv_dro,2025-10-01,73,True,True,20,,0.01,0.7,20.0,optimal_decomposed,73.40003859996796,73.3990860999329,0.0,1,2,16307.555639640124,533.9055933035694,16841.461232943693,16390.187400798925,16924.092994102495,173777.44284779864,0.07825346990740045,52.35458450215326,0.0,0.0,0.0,False,False,False
main,tv_dro_rho_0p01,tv_dro,2025-10-01,74,True,True,20,,0.01,0.7,20.0,optimal_decomposed,73.40003859996796,73.3990860999329,0.0,1,2,16307.555639640124,533.9055933035694,16841.461232943693,16475.296676711187,17009.202270014757,174304.551973499,0.0,54.34394402069233,0.0,0.0,0.0,False,False,False
main,tv_dro_rho_0p01,tv_dro,2025-10-01,75,True,True,20,,0.01,0.7,20.0,optimal_decomposed,73.40003859996796,73.3990860999329,0.0,1,2,16307.555639640124,533.9055933035694,16841.461232943693,16407.85095203168,16941.75654533525,174080.96153123325,0.0,50.96823595236345,0.0,0.0,0.0,False,False,False
main,tv_dro_rho_0p01,tv_dro,2025-10-01,76,True,True,20,,0.01,0.7,20.0,optimal_decomposed,73.40003859996796,73.3990860999329,0.0,1,2,16307.555639640124,533.9055933035694,16841.461232943693,16451.326223985616,16985.231817289186,173909.0537620784,0.0,51.53408877953774,0.0,0.0,0.0,False,False,False
main,tv_dro_rho_0p01,tv_dro,2025-10-01,77,True,True,20,,0.01,0.7,20.0,optimal_decomposed,73.40003859996796,73.3990860999329,0.0,1,2,16307.555639640124,533.9055933035694,16841.461232943693,16501.11381847025,17035.01941177382,173816.2298469485,0.20021652637312015,47.18298795075932,0.0,0.0,0.0,False,False,False
main,tv_dro_rho_0p01,tv_dro,2025-10-01,78,True,True,20,,0.01,0.7,20.0,optimal_decomposed,73.40003859996796,73.3990860999329,0.0,1,2,16307.555639640124,533.9055933035694,16841.461232943693,16383.431512952957,16917.337106256527,173842.38297577685,0.061272631784631604,51.93172356121328,0.0,0.0,0.0,False,False,False
main,tv_dro_rho_0p01,tv_dro,2025-10-01,79,True,True,20,,0.01,0.7,20.0,optimal_decomposed,73.40003859996796,73.3990860999329,0.0,1,2,16307.555639640124,533.9055933035694,16841.461232943693,16422.040563391896,16955.946156695467,174056.74062669202,0.07825346902100971,49.23327157653107,0.0,0.0,0.0,False,False,False
main,tv_dro_rho_0p01,tv_dro,2025-10-01,80,True,True,20,,0.01,0.7,20.0,optimal_decomposed,73.40003859996796,73.3990860999329,0.0,1,2,16307.555639640124,533.9055933035694,16841.461232943693,16424.924120652362,16958.829713955933,174055.5199941573,0.0,50.74843283152556,0.0,0.0,0.0,False,False,False
main,tv_dro_rho_0p01,tv_dro,2025-10-01,81,True,True,20,,0.01,0.7,20.0,optimal_decomposed,73.40003859996796,73.3990860999329,0.0,1,2,16307.555639640124,533.9055933035694,16841.461232943693,16364.376674401075,16898.282267704646,173637.01610781188,0.028073923307370574,61.27301192950816,0.0,0.0,0.0,False,False,False
main,tv_dro_rho_0p01,tv_dro,2025-10-01,82,True,True,20,,0.01,0.7,20.0,optimal_decomposed,73.40003859996796,73.3990860999329,0.0,1,2,16307.555639640124,533.9055933035694,16841.461232943693,16412.455820218383,16946.361413521954,174094.3835368599,0.0,45.68166915844882,0.0,0.0,0.0,False,False,False
main,tv_dro_rho_0p01,tv_dro,2025-10-01,83,True,True,20,,0.01,0.7,20.0,optimal_decomposed,73.40003859996796,73.3990860999329,0.0,1,2,16307.555639640124,533.9055933035694,16841.461232943693,16461.453174032005,16995.358767335576,173579.32505757606,0.0,46.89799975454257,0.0,0.0,0.0,False,False,False
main,tv_dro_rho_0p01,tv_dro,2025-10-01,84,True,True,20,,0.01,0.7,20.0,optimal_decomposed,73.40003859996796,73.3990860999329,0.0,1,2,16307.555639640124,533.9055933035694,16841.461232943693,16422.955341040953,16956.860934344524,173745.26449882894,0.07825346946748302,45.02023876641739,0.0,0.0,0.0,False,False,False
main,tv_dro_rho_0p01,tv_dro,2025-10-01,85,True,True,20,,0.01,0.7,20.0,optimal_decomposed,73.40003859996796,73.3990860999329,0.0,1,2,16307.555639640124,533.9055933035694,16841.461232943693,16477.518511345745,17011.424104649315,173953.02546807527,0.0,61.35552317980264,0.0,0.0,0.0,False,False,False
main,tv_dro_rho_0p01,tv_dro,2025-10-01,86,True,True,20,,0.01,0.7,20.0,optimal_decomposed,73.40003859996796,73.3990860999329,0.0,1,2,16307.555639640124,533.9055933035694,16841.461232943693,16440.068632691622,16973.974225995193,174093.2969095599,0.0,46.42387819663483,0.0,0.0,0.0,False,False,False
main,tv_dro_rho_0p01,tv_dro,2025-10-01,87,True,True,20,,0.01,0.7,20.0,optimal_decomposed,73.40003859996796,73.3990860999329,0.0,1,2,16307.555639640124,533.9055933035694,16841.461232943693,16395.945047685414,16929.850640988985,173361.8779246338,0.12196306060633999,50.64384955486055,0.0,0.0,0.0,False,False,False
main,tv_dro_rho_0p01,tv_dro,2025-10-01,88,True,True,20,,0.01,0.7,20.0,optimal_decomposed,73.40003859996796,73.3990860999329,0.0,1,2,16307.555639640124,533.9055933035694,16841.461232943693,16422.079934217316,16955.985527520887,173765.88186525335,0.0782534690200869,59.233961510134584,0.0,0.0,0.0,False,False,False
main,tv_dro_rho_0p01,tv_dro,2025-10-01,89,True,True,20,,0.01,0.7,20.0,optimal_decomposed,73.40003859996796,73.3990860999329,0.0,1,2,16307.555639640124,533.9055933035694,16841.461232943693,16407.260616757045,16941.166210060615,173556.21340467723,0.0,52.49110933955383,0.0,0.0,0.0,False,False,False
main,tv_dro_rho_0p01,tv_dro,2025-10-01,90,True,True,20,,0.01,0.7,20.0,optimal_decomposed,73.40003859996796,73.3990860999329,0.0,1,2,16307.555639640124,533.9055933035694,16841.461232943693,16399.59545194518,16933.50104524875,173662.7746764521,0.12196306258129952,56.55543220054125,0.0,0.0,0.0,False,False,False
main,tv_dro_rho_0p01,tv_dro,2025-10-01,91,True,True,20,,0.01,0.7,20.0,optimal_decomposed,73.40003859996796,73.3990860999329,0.0,1,2,16307.555639640124,533.9055933035694,16841.461232943693,16410.691525690305,16944.597118993875,174015.28661158442,0.01611826586362053,52.467169139065206,0.0,0.0,0.0,False,False,False
main,tv_dro_rho_0p01,tv_dro,2025-10-01,92,True,True,20,,0.01,0.7,20.0,optimal_decomposed,73.40003859996796,73.3990860999329,0.0,1,2,16307.555639640124,533.9055933035694,16841.461232943693,16394.009932423956,16927.915525727527,173869.25840718098,0.0,40.528322242428914,0.0,0.0,0.0,False,False,False
main,tv_dro_rho_0p01,tv_dro,2025-10-01,93,True,True,20,,0.01,0.7,20.0,optimal_decomposed,73.40003859996796,73.3990860999329,0.0,1,2,16307.555639640124,533.9055933035694,16841.461232943693,16377.38370672511,16911.28930002868,173932.59750437527,0.0,56.11102261874207,0.0,0.0,0.0,False,False,False
main,tv_dro_rho_0p01,tv_dro,2025-10-01,94,True,True,20,,0.01,0.7,20.0,optimal_decomposed,73.40003859996796,73.3990860999329,0.0,1,2,16307.555639640124,533.9055933035694,16841.461232943693,16463.88887176557,16997.79446506914,173774.17789907858,0.0,47.967207905069756,0.0,0.0,0.0,False,False,False
main,tv_dro_rho_0p01,tv_dro,2025-10-01,95,True,True,20,,0.01,0.7,20.0,optimal_decomposed,73.40003859996796,73.3990860999329,0.0,1,2,16307.555639640124,533.9055933035694,16841.461232943693,16391.411911612304,16925.317504915874,174345.28879153976,0.0,54.49863627224732,0.0,0.0,0.0,False,False,False
main,tv_dro_rho_0p01,tv_dro,2025-10-01,96,True,True,20,,0.01,0.7,20.0,optimal_decomposed,73.40003859996796,73.3990860999329,0.0,1,2,16307.555639640124,533.9055933035694,16841.461232943693,16424.445335792192,16958.350929095763,174001.87445919839,0.0,47.819215113834446,0.0,0.0,0.0,False,False,False
main,tv_dro_rho_0p01,tv_dro,2025-10-01,97,True,True,20,,0.01,0.7,20.0,optimal_decomposed,73.40003859996796,73.3990860999329,0.0,1,2,16307.555639640124,533.9055933035694,16841.461232943693,16374.476002462885,16908.381595766456,173737.85369173912,0.0,52.589704968775116,0.0,0.0,0.0,False,False,False
main,tv_dro_rho_0p01,tv_dro,2025-10-01,98,True,True,20,,0.01,0.7,20.0,optimal_decomposed,73.40003859996796,73.3990860999329,0.0,1,2,16307.555639640124,533.9055933035694,16841.461232943693,16424.33573787793,16958.2413311815,173865.27402517284,0.0,43.14125675277352,0.0,0.0,0.0,False,False,False
main,tv_dro_rho_0p01,tv_dro,2025-10-01,99,True,True,20,,0.01,0.7,20.0,optimal_decomposed,73.40003859996796,73.3990860999329,0.0,1,2,16307.555639640124,533.9055933035694,16841.461232943693,16360.818161457157,16894.723754760726,173784.0718788168,0.056733249882364944,53.74123798364213,0.0,0.0,0.0,False,False,False
