suite,configuration,method,window,workload_replay_id,energy_uncertainty,workload_uncertainty,sample_size,gamma,rho,effective_capacity_fraction,bess_degradation_cost_usd_per_mwh_throughput,solver_status,solve_wall_time_seconds,solver_runtime_seconds,mip_gap,decomposition_iterations,active_scenario_count,nominal_grid_cost_usd,nominal_bess_degradation_cost_usd,nominal_operating_cost_usd,actual_grid_cost_usd,actual_operating_cost_usd,actual_carbon_kg,actual_curtailment_mwh,batch_adjustment_mwh,workload_envelope_violation_mwh,grid_limit_violation_mw,ramp_violation_mw,workload_violation,grid_limit_violation,ramp_violation
main,deterministic,deterministic,2025-01-01,0,True,True,0,,,0.7,20.0,optimal,2.0857219000026817,2.0857231999980286,0.0,0,0,15664.811973990281,174.34157851920799,15839.15355250949,14829.954798850531,15004.29637736974,170040.1566832457,0.5019981228534758,51.33042987660994,0.0,0.0,0.0,False,False,False
main,deterministic,deterministic,2025-01-01,1,True,True,0,,,0.7,20.0,optimal,2.0857219000026817,2.0857231999980286,0.0,0,0,15664.811973990281,174.34157851920799,15839.15355250949,15837.525274044214,16011.866852563422,190419.53972792692,0.08684864855887026,57.44085815879889,0.0,0.0,0.0,False,False,False
main,deterministic,deterministic,2025-01-01,2,True,True,0,,,0.7,20.0,optimal,2.0857219000026817,2.0857231999980286,0.0,0,0,15664.811973990281,174.34157851920799,15839.15355250949,15497.966031163734,15672.307609682943,180757.92273752365,0.08188014820472636,45.76607409687414,0.0,0.0,0.0,False,False,False
main,deterministic,deterministic,2025-01-01,3,True,True,0,,,0.7,20.0,optimal,2.0857219000026817,2.0857231999980286,0.0,0,0,15664.811973990281,174.34157851920799,15839.15355250949,15723.155100689304,15897.496679208512,189742.4732312776,0.0,52.05022120867482,0.0,0.0,0.0,False,False,False
main,deterministic,deterministic,2025-01-01,4,True,True,0,,,0.7,20.0,optimal,2.0857219000026817,2.0857231999980286,0.0,0,0,15664.811973990281,174.34157851920799,15839.15355250949,15640.835859095621,15815.17743761483,185351.10138443677,0.0632302808889269,49.642477061894496,0.0,0.0,0.0,False,False,False
main,deterministic,deterministic,2025-01-01,5,True,True,0,,,0.7,20.0,optimal,2.0857219000026817,2.0857231999980286,0.0,0,0,15664.811973990281,174.34157851920799,15839.15355250949,16038.059792220161,16212.40137073937,200948.40477799813,0.0,53.0786382746631,0.0,0.0,0.0,False,False,False
main,deterministic,deterministic,2025-01-01,6,True,True,0,,,0.7,20.0,optimal,2.0857219000026817,2.0857231999980286,0.0,0,0,15664.811973990281,174.34157851920799,15839.15355250949,15935.063600194351,16109.40517871356,194167.6060113773,0.0,47.211939104544456,0.0,0.0,0.0,False,False,False
main,deterministic,deterministic,2025-01-01,7,True,True,0,,,0.7,20.0,optimal,2.0857219000026817,2.0857231999980286,0.0,0,0,15664.811973990281,174.34157851920799,15839.15355250949,15291.380334491823,15465.721913011032,175698.30475943926,0.019384031851351097,50.18719556279624,0.0,0.0,0.0,False,False,False
main,deterministic,deterministic,2025-01-01,8,True,True,0,,,0.7,20.0,optimal,2.0857219000026817,2.0857231999980286,0.0,0,0,15664.811973990281,174.34157851920799,15839.15355250949,15835.179760077068,16009.521338596276,190241.2421556406,0.17212938586796978,52.466830426764325,0.0,0.0,0.0,False,False,False
main,deterministic,deterministic,2025-01-01,9,True,True,0,,,0.7,20.0,optimal,2.0857219000026817,2.0857231999980286,0.0,0,0,15664.811973990281,174.34157851920799,15839.15355250949,15837.850559427348,16012.192137946557,192702.73162213355,0.0,59.15704921606823,0.0,0.0,0.0,False,False,False
main,deterministic,deterministic,2025-01-01,10,True,True,0,,,0.7,20.0,optimal,2.0857219000026817,2.0857231999980286,0.0,0,0,15664.811973990281,174.34157851920799,15839.15355250949,15508.355079636727,15682.696658155935,183417.79976956744,0.0670944162622473,52.106619000909355,0.0,0.0,0.0,False,False,False
main,deterministic,deterministic,2025-01-01,11,True,True,0,,,0.7,20.0,optimal,2.0857219000026817,2.0857231999980286,0.0,0,0,15664.811973990281,174.34157851920799,15839.15355250949,15262.893728077777,15437.235306596986,183428.95162584272,0.0,43.06643051151987,0.0,0.0,0.0,False,False,False
main,deterministic,deterministic,2025-01-01,12,True,True,0,,,0.7,20.0,optimal,2.0857219000026817,2.0857231999980286,0.0,0,0,15664.811973990281,174.34157851920799,15839.15355250949,15855.235445936354,16029.577024455562,195913.23845788548,0.0,44.97617738860969,0.0,0.0,0.0,False,False,False
main,deterministic,deterministic,2025-01-01,13,True,True,0,,,0.7,20.0,optimal,2.0857219000026817,2.0857231999980286,0.0,0,0,15664.811973990281,174.34157851920799,15839.15355250949,16094.457896452619,16268.799474971827,198323.7970033589,0.15005231031754085,53.44629059097105,0.0,0.0,0.0,False,False,False
main,deterministic,deterministic,2025-01-01,14,True,True,0,,,0.7,20.0,optimal,2.0857219000026817,2.0857231999980286,0.0,0,0,15664.811973990281,174.34157851920799,15839.15355250949,15337.535147992363,15511.876726511571,178123.1137977442,0.086529000073295,50.743321332511414,0.0,0.0,0.0,False,False,False
main,deterministic,deterministic,2025-01-01,15,True,True,0,,,0.7,20.0,optimal,2.0857219000026817,2.0857231999980286,0.0,0,0,15664.811973990281,174.34157851920799,15839.15355250949,15345.807532608484,15520.149111127692,174284.90466406025,0.03422918886164075,45.27625821584837,0.0,0.0,0.0,False,False,False
main,deterministic,deterministic,2025-01-01,16,True,True,0,,,0.7,20.0,optimal,2.0857219000026817,2.0857231999980286,0.0,0,0,15664.811973990281,174.34157851920799,15839.15355250949,15071.890883054582,15246.23246157379,170866.69290420966,0.03606366855062573,46.65224778250554,0.0,0.0,0.0,False,False,False
main,deterministic,deterministic,2025-01-01,17,True,True,0,,,0.7,20.0,optimal,2.0857219000026817,2.0857231999980286,0.0,0,0,15664.811973990281,174.34157851920799,15839.15355250949,15320.772713081577,15495.114291600785,177969.83400283294,0.11524810548760578,55.751151539636474,0.0,0.0,0.0,False,False,False
main,deterministic,deterministic,2025-01-01,18,True,True,0,,,0.7,20.0,optimal,2.0857219000026817,2.0857231999980286,0.0,0,0,15664.811973990281,174.34157851920799,15839.15355250949,15704.396379786873,15878.737958306081,190263.6455960607,0.0,55.47153938087949,0.0,0.0,0.0,False,False,False
main,deterministic,deterministic,2025-01-01,19,True,True,0,,,0.7,20.0,optimal,2.0857219000026817,2.0857231999980286,0.0,0,0,15664.811973990281,174.34157851920799,15839.15355250949,15572.345187320943,15746.686765840152,189493.84162909375,0.08097823354357891,51.963093317140824,0.0,0.0,0.0,False,False,False
main,deterministic,deterministic,2025-01-01,20,True,True,0,,,0.7,20.0,optimal,2.0857219000026817,2.0857231999980286,0.0,0,0,15664.811973990281,174.34157851920799,15839.15355250949,16101.112477250088,16275.454055769296,193964.7455705958,0.0,46.38135574824593,0.0,0.0,0.0,False,False,False
main,deterministic,deterministic,2025-01-01,21,True,True,0,,,0.7,20.0,optimal,2.0857219000026817,2.0857231999980286,0.0,0,0,15664.811973990281,174.34157851920799,15839.15355250949,15160.905017583325,15335.246596102534,174903.3853199634,0.14558437698452803,44.300463249992944,0.0,0.0,0.0,False,False,False
main,deterministic,deterministic,2025-01-01,22,True,True,0,,,0.7,20.0,optimal,2.0857219000026817,2.0857231999980286,0.0,0,0,15664.811973990281,174.34157851920799,15839.15355250949,15831.19899861476,16005.540577133968,190403.03047713623,0.006460851796848743,49.70117050063289,0.0,0.0,0.0,False,False,False
main,deterministic,deterministic,2025-01-01,23,True,True,0,,,0.7,20.0,optimal,2.0857219000026817,2.0857231999980286,0.0,0,0,15664.811973990281,174.34157851920799,15839.15355250949,15914.294771191093,16088.636349710301,189975.26230228477,0.0,48.10860682483858,0.0,0.0,0.0,False,False,False
main,deterministic,deterministic,2025-01-01,24,True,True,0,,,0.7,20.0,optimal,2.0857219000026817,2.0857231999980286,0.0,0,0,15664.811973990281,174.34157851920799,15839.15355250949,15314.271335042005,15488.612913561214,180443.43028401266,0.10567313604808662,52.40515743194639,0.0,0.0,0.0,False,False,False
main,deterministic,deterministic,2025-01-01,25,True,True,0,,,0.7,20.0,optimal,2.0857219000026817,2.0857231999980286,0.0,0,0,15664.811973990281,174.34157851920799,15839.15355250949,16807.003959542384,16981.345538061592,221312.75082336788,0.0,46.307698096792336,0.0,0.0,0.0,False,False,False
main,deterministic,deterministic,2025-01-01,26,True,True,0,,,0.7,20.0,optimal,2.0857219000026817,2.0857231999980286,0.0,0,0,15664.811973990281,174.34157851920799,15839.15355250949,15815.771666235076,15990.113244754284,186470.43792502015,0.16193489807494135,55.57394220828197,0.0,0.0,0.0,False,False,False
main,deterministic,deterministic,2025-01-01,27,True,True,0,,,0.7,20.0,optimal,2.0857219000026817,2.0857231999980286,0.0,0,0,15664.811973990281,174.34157851920799,15839.15355250949,14543.177808292796,14717.519386812004,168962.938227475,0.14431034237662138,55.48174340558869,0.0,0.0,0.0,False,False,False
main,deterministic,deterministic,2025-01-01,28,True,True,0,,,0.7,20.0,optimal,2.0857219000026817,2.0857231999980286,0.0,0,0,15664.811973990281,174.34157851920799,15839.15355250949,15616.526550906088,15790.868129425297,185829.57144666376,0.09614937114083202,41.05784508497185,0.0,0.0,0.0,False,False,False
main,deterministic,deterministic,2025-01-01,29,True,True,0,,,0.7,20.0,optimal,2.0857219000026817,2.0857231999980286,0.0,0,0,15664.811973990281,174.34157851920799,15839.15355250949,15879.676734334998,16054.018312854207,195763.5656756795,0.030916769877295164,39.57326189241371,0.0,0.0,0.0,False,False,False
main,deterministic,deterministic,2025-01-01,30,True,True,0,,,0.7,20.0,optimal,2.0857219000026817,2.0857231999980286,0.0,0,0,15664.811973990281,174.34157851920799,15839.15355250949,14997.319023755856,15171.660602275064,165201.7499355976,0.0,46.228452416419195,0.0,0.0,0.0,False,False,False
main,deterministic,deterministic,2025-01-01,31,True,True,0,,,0.7,20.0,optimal,2.0857219000026817,2.0857231999980286,0.0,0,0,15664.811973990281,174.34157851920799,15839.15355250949,15895.774557511699,16070.116136030907,202179.48824145395,0.15782484498719418,50.30237356749678,0.0,0.0,0.0,False,False,False
main,deterministic,deterministic,2025-01-01,32,True,True,0,,,0.7,20.0,optimal,2.0857219000026817,2.0857231999980286,0.0,0,0,15664.811973990281,174.34157851920799,15839.15355250949,15673.0010721432,15847.34265066241,184433.68812941122,0.0,49.08981174132823,0.0,0.0,0.0,False,False,False
main,deterministic,deterministic,2025-01-01,33,True,True,0,,,0.7,20.0,optimal,2.0857219000026817,2.0857231999980286,0.0,0,0,15664.811973990281,174.34157851920799,15839.15355250949,16905.561346229853,17079.90292474906,219908.45720332404,0.04697440711880671,61.64304451621926,0.0,0.0,0.0,False,False,False
main,deterministic,deterministic,2025-01-01,34,True,True,0,,,0.7,20.0,optimal,2.0857219000026817,2.0857231999980286,0.0,0,0,15664.811973990281,174.34157851920799,15839.15355250949,16124.752379894639,16299.093958413847,194168.56847906017,0.11022844204259025,52.08927150013655,0.0,0.0,0.0,False,False,False
main,deterministic,deterministic,2025-01-01,35,True,True,0,,,0.7,20.0,optimal,2.0857219000026817,2.0857231999980286,0.0,0,0,15664.811973990281,174.34157851920799,15839.15355250949,14896.064995336837,15070.406573856046,176514.85861936817,0.0,54.81450822026962,0.0,0.0,0.0,False,False,False
main,deterministic,deterministic,2025-01-01,36,True,True,0,,,0.7,20.0,optimal,2.0857219000026817,2.0857231999980286,0.0,0,0,15664.811973990281,174.34157851920799,15839.15355250949,15200.021582210265,15374.363160729474,174610.03919555774,0.0,53.932333215877804,0.0,0.0,0.0,False,False,False
main,deterministic,deterministic,2025-01-01,37,True,True,0,,,0.7,20.0,optimal,2.0857219000026817,2.0857231999980286,0.0,0,0,15664.811973990281,174.34157851920799,15839.15355250949,15480.87959963265,15655.221178151858,183219.00841562802,0.0,41.571847668788074,0.0,0.0,0.0,False,False,False
main,deterministic,deterministic,2025-01-01,38,True,True,0,,,0.7,20.0,optimal,2.0857219000026817,2.0857231999980286,0.0,0,0,15664.811973990281,174.34157851920799,15839.15355250949,15439.044137578092,15613.3857160973,184890.832422819,0.0,48.73160210828343,0.0,0.0,0.0,False,False,False
main,deterministic,deterministic,2025-01-01,39,True,True,0,,,0.7,20.0,optimal,2.0857219000026817,2.0857231999980286,0.0,0,0,15664.811973990281,174.34157851920799,15839.15355250949,15660.967341424855,15835.308919944064,195305.08202021747,0.057814929904075885,40.805817854825776,0.0,0.0,0.0,False,False,False
main,deterministic,deterministic,2025-01-01,40,True,True,0,,,0.7,20.0,optimal,2.0857219000026817,2.0857231999980286,0.0,0,0,15664.811973990281,174.34157851920799,15839.15355250949,16157.878119952222,16332.21969847143,196310.84030046128,0.0,43.47238916237324,0.0,0.0,0.0,False,False,False
main,deterministic,deterministic,2025-01-01,41,True,True,0,,,0.7,20.0,optimal,2.0857219000026817,2.0857231999980286,0.0,0,0,15664.811973990281,174.34157851920799,15839.15355250949,15604.546886697333,15778.888465216542,191142.8768152703,0.012079899653376525,37.472104259797355,0.0,0.0,0.0,False,False,False
main,deterministic,deterministic,2025-01-01,42,True,True,0,,,0.7,20.0,optimal,2.0857219000026817,2.0857231999980286,0.0,0,0,15664.811973990281,174.34157851920799,15839.15355250949,16261.342838776001,16435.684417295208,192156.05571145721,0.0,55.05959688716638,0.0,0.0,0.0,False,False,False
main,deterministic,deterministic,2025-01-01,43,True,True,0,,,0.7,20.0,optimal,2.0857219000026817,2.0857231999980286,0.0,0,0,15664.811973990281,174.34157851920799,15839.15355250949,15069.677888120197,15244.019466639405,172285.96237657446,0.13724718452205356,52.58332844308306,0.0,0.0,0.0,False,False,False
main,deterministic,deterministic,2025-01-01,44,True,True,0,,,0.7,20.0,optimal,2.0857219000026817,2.0857231999980286,0.0,0,0,15664.811973990281,174.34157851920799,15839.15355250949,15250.006520417273,15424.348098936482,180082.99436419504,0.14737520317420078,49.67987857393647,0.0,0.0,0.0,False,False,False
main,deterministic,deterministic,2025-01-01,45,True,True,0,,,0.7,20.0,optimal,2.0857219000026817,2.0857231999980286,0.0,0,0,15664.811973990281,174.34157851920799,15839.15355250949,16330.429420917368,16504.770999436576,196681.7496215525,0.22231834473648215,54.50052342016049,0.0,0.0,0.0,False,False,False
main,deterministic,deterministic,2025-01-01,46,True,True,0,,,0.7,20.0,optimal,2.0857219000026817,2.0857231999980286,0.0,0,0,15664.811973990281,174.34157851920799,15839.15355250949,15788.544697375508,15962.886275894716,188936.1778835254,0.15199288085733975,50.65113276362013,0.0,0.0,0.0,False,False,False
main,deterministic,deterministic,2025-01-01,47,True,True,0,,,0.7,20.0,optimal,2.0857219000026817,2.0857231999980286,0.0,0,0,15664.811973990281,174.34157851920799,15839.15355250949,15730.355692117444,15904.697270636652,195748.80744423726,0.07841260908715375,51.81579201969285,0.0,0.0,0.0,False,False,False
main,deterministic,deterministic,2025-01-01,48,True,True,0,,,0.7,20.0,optimal,2.0857219000026817,2.0857231999980286,0.0,0,0,15664.811973990281,174.34157851920799,15839.15355250949,16096.014465063627,16270.356043582835,206781.6801064316,0.0,48.26082952422851,0.0,0.0,0.0,False,False,False
main,deterministic,deterministic,2025-01-01,49,True,True,0,,,0.7,20.0,optimal,2.0857219000026817,2.0857231999980286,0.0,0,0,15664.811973990281,174.34157851920799,15839.15355250949,16014.263262795022,16188.60484131423,200915.75000519218,0.04570459077504027,50.84653564386798,0.0,0.0,0.0,False,False,False
main,deterministic,deterministic,2025-01-01,50,True,True,0,,,0.7,20.0,optimal,2.0857219000026817,2.0857231999980286,0.0,0,0,15664.811973990281,174.34157851920799,15839.15355250949,15655.183902991324,15829.525481510533,188878.92746174094,0.0,56.05933734012594,0.0,0.0,0.0,False,False,False
main,deterministic,deterministic,2025-01-01,51,True,True,0,,,0.7,20.0,optimal,2.0857219000026817,2.0857231999980286,0.0,0,0,15664.811973990281,174.34157851920799,15839.15355250949,15579.804479870769,15754.146058389977,179714.95905395015,0.0,48.89360156576293,0.0,0.0,0.0,False,False,False
main,deterministic,deterministic,2025-01-01,52,True,True,0,,,0.7,20.0,optimal,2.0857219000026817,2.0857231999980286,0.0,0,0,15664.811973990281,174.34157851920799,15839.15355250949,16235.375684999635,16409.717263518844,201547.40173688778,0.19999675867804684,56.62748750822254,0.0,0.0,0.0,False,False,False
main,deterministic,deterministic,2025-01-01,53,True,True,0,,,0.7,20.0,optimal,2.0857219000026817,2.0857231999980286,0.0,0,0,15664.811973990281,174.34157851920799,15839.15355250949,15446.756602252859,15621.098180772067,183051.2715047162,0.0,44.052916669413946,0.0,0.0,0.0,False,False,False
main,deterministic,deterministic,2025-01-01,54,True,True,0,,,0.7,20.0,optimal,2.0857219000026817,2.0857231999980286,0.0,0,0,15664.811973990281,174.34157851920799,15839.15355250949,15991.819977263647,16166.161555782855,201208.9094869232,0.0,46.40639576153355,0.0,0.0,0.0,False,False,False
main,deterministic,deterministic,2025-01-01,55,True,True,0,,,0.7,20.0,optimal,2.0857219000026817,2.0857231999980286,0.0,0,0,15664.811973990281,174.34157851920799,15839.15355250949,15635.706744062529,15810.048322581737,185305.86361252243,0.14655144358041872,55.48680348832592,0.0,0.0,0.0,False,False,False
main,deterministic,deterministic,2025-01-01,56,True,True,0,,,0.7,20.0,optimal,2.0857219000026817,2.0857231999980286,0.0,0,0,15664.811973990281,174.34157851920799,15839.15355250949,15953.91870054589,16128.260279065098,192513.83219536173,0.00531490235267737,39.90875114533567,0.0,0.0,0.0,False,False,False
main,deterministic,deterministic,2025-01-01,57,True,True,0,,,0.7,20.0,optimal,2.0857219000026817,2.0857231999980286,0.0,0,0,15664.811973990281,174.34157851920799,15839.15355250949,15631.154368984304,15805.495947503512,184848.60571096235,0.0,50.3581174366844,0.0,0.0,0.0,False,False,False
main,deterministic,deterministic,2025-01-01,58,True,True,0,,,0.7,20.0,optimal,2.0857219000026817,2.0857231999980286,0.0,0,0,15664.811973990281,174.34157851920799,15839.15355250949,16229.750704829217,16404.092283348426,205807.82592468217,0.07397260141646234,57.254515776541716,0.0,0.0,0.0,False,False,False
main,deterministic,deterministic,2025-01-01,59,True,True,0,,,0.7,20.0,optimal,2.0857219000026817,2.0857231999980286,0.0,0,0,15664.811973990281,174.34157851920799,15839.15355250949,16301.927907544994,16476.2694860642,206643.16988079427,0.02429304185721093,53.139539817289034,0.0,0.0,0.0,False,False,False
main,deterministic,deterministic,2025-01-01,60,True,True,0,,,0.7,20.0,optimal,2.0857219000026817,2.0857231999980286,0.0,0,0,15664.811973990281,174.34157851920799,15839.15355250949,15716.188600062282,15890.53017858149,194504.12713987016,0.16577982117617107,51.865934588144555,0.0,0.0,0.0,False,False,False
main,deterministic,deterministic,2025-01-01,61,True,True,0,,,0.7,20.0,optimal,2.0857219000026817,2.0857231999980286,0.0,0,0,15664.811973990281,174.34157851920799,15839.15355250949,15603.021200162373,15777.362778681581,190473.3906965861,0.03200460281438236,41.91077520138489,0.0,0.0,0.0,False,False,False
main,deterministic,deterministic,2025-01-01,62,True,True,0,,,0.7,20.0,optimal,2.0857219000026817,2.0857231999980286,0.0,0,0,15664.811973990281,174.34157851920799,15839.15355250949,15029.956236145192,15204.2978146644,175716.78712797238,0.0648598264596072,55.47472831592809,0.0,0.0,0.0,False,False,False
main,deterministic,deterministic,2025-01-01,63,True,True,0,,,0.7,20.0,optimal,2.0857219000026817,2.0857231999980286,0.0,0,0,15664.811973990281,174.34157851920799,15839.15355250949,15702.065510796518,15876.407089315726,184912.53703206632,0.030237710168281057,55.75498113752495,0.0,0.0,0.0,False,False,False
main,deterministic,deterministic,2025-01-01,64,True,True,0,,,0.7,20.0,optimal,2.0857219000026817,2.0857231999980286,0.0,0,0,15664.811973990281,174.34157851920799,15839.15355250949,15408.770786394762,15583.11236491397,173844.2264884408,0.08966492398441409,50.19842612675962,0.0,0.0,0.0,False,False,False
main,deterministic,deterministic,2025-01-01,65,True,True,0,,,0.7,20.0,optimal,2.0857219000026817,2.0857231999980286,0.0,0,0,15664.811973990281,174.34157851920799,15839.15355250949,15899.880318646725,16074.221897165933,189669.8892006786,0.05654274215285482,53.834440638444946,0.0,0.0,0.0,False,False,False
main,deterministic,deterministic,2025-01-01,66,True,True,0,,,0.7,20.0,optimal,2.0857219000026817,2.0857231999980286,0.0,0,0,15664.811973990281,174.34157851920799,15839.15355250949,15804.665556937098,15979.007135456306,193234.36555961115,0.0,56.96713512847575,0.0,0.0,0.0,False,False,False
main,deterministic,deterministic,2025-01-01,67,True,True,0,,,0.7,20.0,optimal,2.0857219000026817,2.0857231999980286,0.0,0,0,15664.811973990281,174.34157851920799,15839.15355250949,15108.174303122589,15282.515881641797,169669.2503291651,0.0,50.43586750511174,0.0,0.0,0.0,False,False,False
main,deterministic,deterministic,2025-01-01,68,True,True,0,,,0.7,20.0,optimal,2.0857219000026817,2.0857231999980286,0.0,0,0,15664.811973990281,174.34157851920799,15839.15355250949,16867.93734253108,17042.27892105029,214198.1816065206,0.0,55.1063067213895,0.0,0.0,0.0,False,False,False
main,deterministic,deterministic,2025-01-01,69,True,True,0,,,0.7,20.0,optimal,2.0857219000026817,2.0857231999980286,0.0,0,0,15664.811973990281,174.34157851920799,15839.15355250949,16149.271180533164,16323.612759052372,208057.07900535926,0.0,51.62149859231047,0.0,0.0,0.0,False,False,False
main,deterministic,deterministic,2025-01-01,70,True,True,0,,,0.7,20.0,optimal,2.0857219000026817,2.0857231999980286,0.0,0,0,15664.811973990281,174.34157851920799,15839.15355250949,15968.826686177992,16143.1682646972,201941.8747782663,0.0,54.90174323203626,0.0,0.0,0.0,False,False,False
main,deterministic,deterministic,2025-01-01,71,True,True,0,,,0.7,20.0,optimal,2.0857219000026817,2.0857231999980286,0.0,0,0,15664.811973990281,174.34157851920799,15839.15355250949,15659.90589013058,15834.247468649788,182063.81202076637,0.008352711610149222,57.25980461613243,0.0,0.0,0.0,False,False,False
main,deterministic,deterministic,2025-01-01,72,True,True,0,,,0.7,20.0,optimal,2.0857219000026817,2.0857231999980286,0.0,0,0,15664.811973990281,174.34157851920799,15839.15355250949,15329.015370703224,15503.356949222432,181512.92768587772,0.0,58.39218034899923,0.0,0.0,0.0,False,False,False
main,deterministic,deterministic,2025-01-01,73,True,True,0,,,0.7,20.0,optimal,2.0857219000026817,2.0857231999980286,0.0,0,0,15664.811973990281,174.34157851920799,15839.15355250949,15437.20321662891,15611.544795148118,184155.51113549914,0.035546133140198,48.66064517729293,0.0,0.0,0.0,False,False,False
main,deterministic,deterministic,2025-01-01,74,True,True,0,,,0.7,20.0,optimal,2.0857219000026817,2.0857231999980286,0.0,0,0,15664.811973990281,174.34157851920799,15839.15355250949,15221.177516339794,15395.519094859003,172661.88776293682,0.0,52.485559422586455,0.0,0.0,0.0,False,False,False
main,deterministic,deterministic,2025-01-01,75,True,True,0,,,0.7,20.0,optimal,2.0857219000026817,2.0857231999980286,0.0,0,0,15664.811973990281,174.34157851920799,15839.15355250949,15658.124577336048,15832.466155855256,191039.61309143997,0.17896047596245424,50.516461172403105,0.0,0.0,0.0,False,False,False
main,deterministic,deterministic,2025-01-01,76,True,True,0,,,0.7,20.0,optimal,2.0857219000026817,2.0857231999980286,0.0,0,0,15664.811973990281,174.34157851920799,15839.15355250949,15926.551458880673,16100.893037399881,210818.5275918272,0.0,51.228368153267795,0.0,0.0,0.0,False,False,False
main,deterministic,deterministic,2025-01-01,77,True,True,0,,,0.7,20.0,optimal,2.0857219000026817,2.0857231999980286,0.0,0,0,15664.811973990281,174.34157851920799,15839.15355250949,15292.538802743422,15466.88038126263,173074.88310975206,0.0,45.72183611651781,0.0,0.0,0.0,False,False,False
main,deterministic,deterministic,2025-01-01,78,True,True,0,,,0.7,20.0,optimal,2.0857219000026817,2.0857231999980286,0.0,0,0,15664.811973990281,174.34157851920799,15839.15355250949,15289.738706568287,15464.080285087495,178138.17530876558,0.0,49.62116462327743,0.0,0.0,0.0,False,False,False
main,deterministic,deterministic,2025-01-01,79,True,True,0,,,0.7,20.0,optimal,2.0857219000026817,2.0857231999980286,0.0,0,0,15664.811973990281,174.34157851920799,15839.15355250949,16274.359401994136,16448.700980513342,199851.37462590256,0.0,47.83953700597526,0.0,0.0,0.0,False,False,False
main,deterministic,deterministic,2025-01-01,80,True,True,0,,,0.7,20.0,optimal,2.0857219000026817,2.0857231999980286,0.0,0,0,15664.811973990281,174.34157851920799,15839.15355250949,16053.256202254059,16227.597780773267,201188.54927678278,0.0,48.9017383362797,0.0,0.0,0.0,False,False,False
main,deterministic,deterministic,2025-01-01,81,True,True,0,,,0.7,20.0,optimal,2.0857219000026817,2.0857231999980286,0.0,0,0,15664.811973990281,174.34157851920799,15839.15355250949,15666.672570662304,15841.014149181512,185252.8281051285,0.124687834387083,58.952316846030136,0.0,0.0,0.0,False,False,False
main,deterministic,deterministic,2025-01-01,82,True,True,0,,,0.7,20.0,optimal,2.0857219000026817,2.0857231999980286,0.0,0,0,15664.811973990281,174.34157851920799,15839.15355250949,15352.121721694308,15526.463300213516,183186.44459672988,0.07305403701739724,44.83780547195712,0.0,0.0,0.0,False,False,False
main,deterministic,deterministic,2025-01-01,83,True,True,0,,,0.7,20.0,optimal,2.0857219000026817,2.0857231999980286,0.0,0,0,15664.811973990281,174.34157851920799,15839.15355250949,16038.228825856544,16212.570404375752,202858.579923902,0.04106225130651758,43.805032605885195,0.0,0.0,0.0,False,False,False
main,deterministic,deterministic,2025-01-01,84,True,True,0,,,0.7,20.0,optimal,2.0857219000026817,2.0857231999980286,0.0,0,0,15664.811973990281,174.34157851920799,15839.15355250949,15886.805337948766,16061.146916467975,203501.38190334145,0.11651222011883869,41.548180334323405,0.0,0.0,0.0,False,False,False
main,deterministic,deterministic,2025-01-01,85,True,True,0,,,0.7,20.0,optimal,2.0857219000026817,2.0857231999980286,0.0,0,0,15664.811973990281,174.34157851920799,15839.15355250949,15847.901158213774,16022.242736732982,192817.73886170078,0.0,54.335147516531286,0.0,0.0,0.0,False,False,False
main,deterministic,deterministic,2025-01-01,86,True,True,0,,,0.7,20.0,optimal,2.0857219000026817,2.0857231999980286,0.0,0,0,15664.811973990281,174.34157851920799,15839.15355250949,16048.560513509565,16222.902092028773,194996.87429199094,0.07687092651645885,44.20809618488281,0.0,0.0,0.0,False,False,False
main,deterministic,deterministic,2025-01-01,87,True,True,0,,,0.7,20.0,optimal,2.0857219000026817,2.0857231999980286,0.0,0,0,15664.811973990281,174.34157851920799,15839.15355250949,15149.653356046112,15323.99493456532,171231.15234706106,0.15755769463181557,49.24012728631727,0.0,0.0,0.0,False,False,False
main,deterministic,deterministic,2025-01-01,88,True,True,0,,,0.7,20.0,optimal,2.0857219000026817,2.0857231999980286,0.0,0,0,15664.811973990281,174.34157851920799,15839.15355250949,15814.269249117973,15988.610827637182,171809.53084934302,0.28494219551974537,58.40170475693121,0.0,0.0,0.0,False,False,False
main,deterministic,deterministic,2025-01-01,89,True,True,0,,,0.7,20.0,optimal,2.0857219000026817,2.0857231999980286,0.0,0,0,15664.811973990281,174.34157851920799,15839.15355250949,16179.697365369158,16354.038943888367,189999.02851911227,0.0,50.32589399110294,0.0,0.0,0.0,False,False,False
main,deterministic,deterministic,2025-01-01,90,True,True,0,,,0.7,20.0,optimal,2.0857219000026817,2.0857231999980286,0.0,0,0,15664.811973990281,174.34157851920799,15839.15355250949,15306.37193598339,15480.713514502599,184304.37882280524,0.14272223111062188,54.03793883705642,0.0,0.0,0.0,False,False,False
main,deterministic,deterministic,2025-01-01,91,True,True,0,,,0.7,20.0,optimal,2.0857219000026817,2.0857231999980286,0.0,0,0,15664.811973990281,174.34157851920799,15839.15355250949,14932.67069353517,15107.012272054379,163147.52543567366,0.0,48.33652819603302,0.0,0.0,0.0,False,False,False
main,deterministic,deterministic,2025-01-01,92,True,True,0,,,0.7,20.0,optimal,2.0857219000026817,2.0857231999980286,0.0,0,0,15664.811973990281,174.34157851920799,15839.15355250949,15792.189826944745,15966.531405463953,178317.84550585438,0.0,43.164839528687985,0.0,0.0,0.0,False,False,False
main,deterministic,deterministic,2025-01-01,93,True,True,0,,,0.7,20.0,optimal,2.0857219000026817,2.0857231999980286,0.0,0,0,15664.811973990281,174.34157851920799,15839.15355250949,15554.14100518698,15728.482583706189,190434.6432609469,0.1490015127853177,50.76152412477005,0.0,0.0,0.0,False,False,False
main,deterministic,deterministic,2025-01-01,94,True,True,0,,,0.7,20.0,optimal,2.0857219000026817,2.0857231999980286,0.0,0,0,15664.811973990281,174.34157851920799,15839.15355250949,15215.424588553546,15389.766167072754,181013.1700126196,0.021764084787162047,46.3383446492954,0.0,0.0,0.0,False,False,False
main,deterministic,deterministic,2025-01-01,95,True,True,0,,,0.7,20.0,optimal,2.0857219000026817,2.0857231999980286,0.0,0,0,15664.811973990281,174.34157851920799,15839.15355250949,14970.15442215763,15144.496000676838,174691.66595657406,0.03120652959486822,51.38902443252841,0.0,0.0,0.0,False,False,False
main,deterministic,deterministic,2025-01-01,96,True,True,0,,,0.7,20.0,optimal,2.0857219000026817,2.0857231999980286,0.0,0,0,15664.811973990281,174.34157851920799,15839.15355250949,15523.83619183725,15698.177770356458,182082.80291100053,0.07874070332594343,48.27645007183046,0.0,0.0,0.0,False,False,False
main,deterministic,deterministic,2025-01-01,97,True,True,0,,,0.7,20.0,optimal,2.0857219000026817,2.0857231999980286,0.0,0,0,15664.811973990281,174.34157851920799,15839.15355250949,15551.512700202244,15725.854278721452,181134.32822954646,0.0,50.06853074430659,0.0,0.0,0.0,False,False,False
main,deterministic,deterministic,2025-01-01,98,True,True,0,,,0.7,20.0,optimal,2.0857219000026817,2.0857231999980286,0.0,0,0,15664.811973990281,174.34157851920799,15839.15355250949,15695.443598493881,15869.78517701309,182408.36714460328,0.101202988710867,46.46847184462775,0.0,0.0,0.0,False,False,False
main,deterministic,deterministic,2025-01-01,99,True,True,0,,,0.7,20.0,optimal,2.0857219000026817,2.0857231999980286,0.0,0,0,15664.811973990281,174.34157851920799,15839.15355250949,15546.102508857184,15720.444087376392,179253.79753530017,0.06784896363151327,52.23918973710775,0.0,0.0,0.0,False,False,False
main,deterministic,deterministic,2025-04-01,0,True,True,0,,,0.7,20.0,optimal,2.2434476999915205,2.2434485999983735,0.0,0,0,15462.571691668598,498.33225108842885,15960.903942757026,14852.116272656354,15350.448523744783,119951.90833149663,0.0,55.506736287455546,0.0,0.0,0.0,False,False,False
main,deterministic,deterministic,2025-04-01,1,True,True,0,,,0.7,20.0,optimal,2.2434476999915205,2.2434485999983735,0.0,0,0,15462.571691668598,498.33225108842885,15960.903942757026,15819.873597020525,16318.205848108953,134795.87228203128,0.0,61.78812621497915,0.0,0.0,0.0,False,False,False
main,deterministic,deterministic,2025-04-01,2,True,True,0,,,0.7,20.0,optimal,2.2434476999915205,2.2434485999983735,0.0,0,0,15462.571691668598,498.33225108842885,15960.903942757026,15331.04877419784,15829.381025286268,128676.50794467401,0.0,49.80812930670495,0.0,0.0,0.0,False,False,False
main,deterministic,deterministic,2025-04-01,3,True,True,0,,,0.7,20.0,optimal,2.2434476999915205,2.2434485999983735,0.0,0,0,15462.571691668598,498.33225108842885,15960.903942757026,15854.167734431965,16352.499985520393,135753.86953396111,0.0,54.81746068368525,0.0,0.0,0.0,False,False,False
main,deterministic,deterministic,2025-04-01,4,True,True,0,,,0.7,20.0,optimal,2.2434476999915205,2.2434485999983735,0.0,0,0,15462.571691668598,498.33225108842885,15960.903942757026,15590.697271251685,16089.029522340114,133148.39136250282,0.0,52.15263836717418,0.0,0.0,0.0,False,False,False
main,deterministic,deterministic,2025-04-01,5,True,True,0,,,0.7,20.0,optimal,2.2434476999915205,2.2434485999983735,0.0,0,0,15462.571691668598,498.33225108842885,15960.903942757026,16073.397255741043,16571.729506829473,146215.1765554943,0.012915346710594244,59.328991758846264,0.0,0.0,0.0,False,False,False
main,deterministic,deterministic,2025-04-01,6,True,True,0,,,0.7,20.0,optimal,2.2434476999915205,2.2434485999983735,0.0,0,0,15462.571691668598,498.33225108842885,15960.903942757026,15850.259660136813,16348.591911225241,138970.82260818896,0.11998793545310471,52.60238404146567,0.0,0.0,0.0,False,False,False
main,deterministic,deterministic,2025-04-01,7,True,True,0,,,0.7,20.0,optimal,2.2434476999915205,2.2434485999983735,0.0,0,0,15462.571691668598,498.33225108842885,15960.903942757026,15303.465208434864,15801.797459523292,124564.6887888456,0.040261995404697604,52.89197933746825,0.0,0.0,0.0,False,False,False
main,deterministic,deterministic,2025-04-01,8,True,True,0,,,0.7,20.0,optimal,2.2434476999915205,2.2434485999983735,0.0,0,0,15462.571691668598,498.33225108842885,15960.903942757026,15936.139145993475,16434.471397081903,137520.64282789806,0.11198069019660017,53.68355645031027,0.0,0.0,0.0,False,False,False
main,deterministic,deterministic,2025-04-01,9,True,True,0,,,0.7,20.0,optimal,2.2434476999915205,2.2434485999983735,0.0,0,0,15462.571691668598,498.33225108842885,15960.903942757026,16063.854317858868,16562.186568947298,137907.17782116166,0.09943699669631001,60.427548880401886,0.0,0.0,0.0,False,False,False
main,deterministic,deterministic,2025-04-01,10,True,True,0,,,0.7,20.0,optimal,2.2434476999915205,2.2434485999983735,0.0,0,0,15462.571691668598,498.33225108842885,15960.903942757026,15566.64555786157,16064.977808949998,129578.55269658519,0.0,50.433565545733735,0.0,0.0,0.0,False,False,False
main,deterministic,deterministic,2025-04-01,11,True,True,0,,,0.7,20.0,optimal,2.2434476999915205,2.2434485999983735,0.0,0,0,15462.571691668598,498.33225108842885,15960.903942757026,15565.897265663038,16064.229516751466,129213.27408324077,0.0,45.15063401887018,0.0,0.0,0.0,False,False,False
main,deterministic,deterministic,2025-04-01,12,True,True,0,,,0.7,20.0,optimal,2.2434476999915205,2.2434485999983735,0.0,0,0,15462.571691668598,498.33225108842885,15960.903942757026,15637.987048599876,16136.319299688304,141984.5646055355,0.016498247150631293,47.26092088162868,0.0,0.0,0.0,False,False,False
main,deterministic,deterministic,2025-04-01,13,True,True,0,,,0.7,20.0,optimal,2.2434476999915205,2.2434485999983735,0.0,0,0,15462.571691668598,498.33225108842885,15960.903942757026,16092.330604941697,16590.662856030125,142364.0570917791,0.18398634013678744,55.03494837137914,0.0,0.0,0.0,False,False,False
main,deterministic,deterministic,2025-04-01,14,True,True,0,,,0.7,20.0,optimal,2.2434476999915205,2.2434485999983735,0.0,0,0,15462.571691668598,498.33225108842885,15960.903942757026,15237.329971202444,15735.662222290872,125483.75894728828,0.0,51.647347137928186,0.0,0.0,0.0,False,False,False
main,deterministic,deterministic,2025-04-01,15,True,True,0,,,0.7,20.0,optimal,2.2434476999915205,2.2434485999983735,0.0,0,0,15462.571691668598,498.33225108842885,15960.903942757026,15080.076878134561,15578.40912922299,123299.80151320323,0.0024677303386502203,49.60887055932051,0.0,0.0,0.0,False,False,False
main,deterministic,deterministic,2025-04-01,16,True,True,0,,,0.7,20.0,optimal,2.2434476999915205,2.2434485999983735,0.0,0,0,15462.571691668598,498.33225108842885,15960.903942757026,14963.795548485157,15462.127799573585,119340.43561296457,0.0,49.914157960033336,0.0,0.0,0.0,False,False,False
main,deterministic,deterministic,2025-04-01,17,True,True,0,,,0.7,20.0,optimal,2.2434476999915205,2.2434485999983735,0.0,0,0,15462.571691668598,498.33225108842885,15960.903942757026,15502.43293917945,16000.765190267879,126495.64657386686,0.4565589895130954,62.94410948026449,0.0,0.0,0.0,False,False,False
main,deterministic,deterministic,2025-04-01,18,True,True,0,,,0.7,20.0,optimal,2.2434476999915205,2.2434485999983735,0.0,0,0,15462.571691668598,498.33225108842885,15960.903942757026,16012.800113867605,16511.132364956033,135282.86462779526,0.06723863429311006,57.3358143894068,0.0,0.0,0.0,False,False,False
main,deterministic,deterministic,2025-04-01,19,True,True,0,,,0.7,20.0,optimal,2.2434476999915205,2.2434485999983735,0.0,0,0,15462.571691668598,498.33225108842885,15960.903942757026,15532.69688321651,16031.029134304938,135984.07522257694,0.0,52.65917419625234,0.0,0.0,0.0,False,False,False
main,deterministic,deterministic,2025-04-01,20,True,True,0,,,0.7,20.0,optimal,2.2434476999915205,2.2434485999983735,0.0,0,0,15462.571691668598,498.33225108842885,15960.903942757026,15915.697999271933,16414.030250360363,139496.3848142712,0.009702796700821859,49.589255450259486,0.0,0.0,0.0,False,False,False
main,deterministic,deterministic,2025-04-01,21,True,True,0,,,0.7,20.0,optimal,2.2434476999915205,2.2434485999983735,0.0,0,0,15462.571691668598,498.33225108842885,15960.903942757026,15534.63657780681,16032.968828895238,123502.31187262584,0.48651770664725025,48.60941630076216,0.0,0.0,0.0,False,False,False
main,deterministic,deterministic,2025-04-01,22,True,True,0,,,0.7,20.0,optimal,2.2434476999915205,2.2434485999983735,0.0,0,0,15462.571691668598,498.33225108842885,15960.903942757026,15755.839877549182,16254.17212863761,135896.6228998564,0.0,54.1933353422613,0.0,0.0,0.0,False,False,False
main,deterministic,deterministic,2025-04-01,23,True,True,0,,,0.7,20.0,optimal,2.2434476999915205,2.2434485999983735,0.0,0,0,15462.571691668598,498.33225108842885,15960.903942757026,15728.965536161277,16227.297787249705,134791.80672209788,0.0,50.5573511840313,0.0,0.0,0.0,False,False,False
main,deterministic,deterministic,2025-04-01,24,True,True,0,,,0.7,20.0,optimal,2.2434476999915205,2.2434485999983735,0.0,0,0,15462.571691668598,498.33225108842885,15960.903942757026,15210.888714179944,15709.220965268372,127842.95722807798,0.12266138965415108,60.32520956912816,0.0,0.0,0.0,False,False,False
main,deterministic,deterministic,2025-04-01,25,True,True,0,,,0.7,20.0,optimal,2.2434476999915205,2.2434485999983735,0.0,0,0,15462.571691668598,498.33225108842885,15960.903942757026,17062.483541644302,17560.81579273273,163230.5387740591,0.0,48.78688173795016,0.0,0.0,0.0,False,False,False
main,deterministic,deterministic,2025-04-01,26,True,True,0,,,0.7,20.0,optimal,2.2434476999915205,2.2434485999983735,0.0,0,0,15462.571691668598,498.33225108842885,15960.903942757026,15518.809996606207,16017.142247694635,133855.17367776902,0.11398555246472014,59.283643535805375,0.0,0.0,0.0,False,False,False
main,deterministic,deterministic,2025-04-01,27,True,True,0,,,0.7,20.0,optimal,2.2434476999915205,2.2434485999983735,0.0,0,0,15462.571691668598,498.33225108842885,15960.903942757026,14989.590001183637,15487.922252272065,118919.20892986136,0.1207666699726983,59.01907532584055,0.0,0.0,0.0,False,False,False
main,deterministic,deterministic,2025-04-01,28,True,True,0,,,0.7,20.0,optimal,2.2434476999915205,2.2434485999983735,0.0,0,0,15462.571691668598,498.33225108842885,15960.903942757026,15702.641348527111,16200.97359961554,132262.5925752836,0.0,44.76275010414246,0.0,0.0,0.0,False,False,False
main,deterministic,deterministic,2025-04-01,29,True,True,0,,,0.7,20.0,optimal,2.2434476999915205,2.2434485999983735,0.0,0,0,15462.571691668598,498.33225108842885,15960.903942757026,16120.4806517664,16618.81290285483,141639.18694618664,0.0,41.677417936355624,0.0,0.0,0.0,False,False,False
main,deterministic,deterministic,2025-04-01,30,True,True,0,,,0.7,20.0,optimal,2.2434476999915205,2.2434485999983735,0.0,0,0,15462.571691668598,498.33225108842885,15960.903942757026,14883.197890875934,15381.530141964362,113528.65413129471,0.0,47.22352092915693,0.0,0.0,0.0,False,False,False
main,deterministic,deterministic,2025-04-01,31,True,True,0,,,0.7,20.0,optimal,2.2434476999915205,2.2434485999983735,0.0,0,0,15462.571691668598,498.33225108842885,15960.903942757026,15987.007596206186,16485.339847294614,147731.80791968483,0.0,50.08529904787642,0.0,0.0,0.0,False,False,False
main,deterministic,deterministic,2025-04-01,32,True,True,0,,,0.7,20.0,optimal,2.2434476999915205,2.2434485999983735,0.0,0,0,15462.571691668598,498.33225108842885,15960.903942757026,15119.12267753097,15617.454928619398,131142.29744490207,0.0,49.41632053630931,0.0,0.0,0.0,False,False,False
main,deterministic,deterministic,2025-04-01,33,True,True,0,,,0.7,20.0,optimal,2.2434476999915205,2.2434485999983735,0.0,0,0,15462.571691668598,498.33225108842885,15960.903942757026,16962.62292159769,17460.955172686117,161718.7714994466,0.008294093612715825,65.34745626892804,0.0,0.0,0.0,False,False,False
main,deterministic,deterministic,2025-04-01,34,True,True,0,,,0.7,20.0,optimal,2.2434476999915205,2.2434485999983735,0.0,0,0,15462.571691668598,498.33225108842885,15960.903942757026,15972.845873712136,16471.178124800565,138694.87041681164,0.013352020702685818,56.12749320264322,0.0,0.0,0.0,False,False,False
main,deterministic,deterministic,2025-04-01,35,True,True,0,,,0.7,20.0,optimal,2.2434476999915205,2.2434485999983735,0.0,0,0,15462.571691668598,498.33225108842885,15960.903942757026,15401.74928198732,15900.081533075749,123909.8326548251,0.0,58.58223615595166,0.0,0.0,0.0,False,False,False
main,deterministic,deterministic,2025-04-01,36,True,True,0,,,0.7,20.0,optimal,2.2434476999915205,2.2434485999983735,0.0,0,0,15462.571691668598,498.33225108842885,15960.903942757026,15083.266273115136,15581.598524203564,123229.66928458675,0.0,63.471600358095614,0.0,0.0,0.0,False,False,False
main,deterministic,deterministic,2025-04-01,37,True,True,0,,,0.7,20.0,optimal,2.2434476999915205,2.2434485999983735,0.0,0,0,15462.571691668598,498.33225108842885,15960.903942757026,15242.581527003314,15740.913778091743,130841.88130240564,0.0,44.891175136527416,0.0,0.0,0.0,False,False,False
main,deterministic,deterministic,2025-04-01,38,True,True,0,,,0.7,20.0,optimal,2.2434476999915205,2.2434485999983735,0.0,0,0,15462.571691668598,498.33225108842885,15960.903942757026,15427.367884253199,15925.700135341627,131570.99139354154,0.0,50.09085513487272,0.0,0.0,0.0,False,False,False
main,deterministic,deterministic,2025-04-01,39,True,True,0,,,0.7,20.0,optimal,2.2434476999915205,2.2434485999983735,0.0,0,0,15462.571691668598,498.33225108842885,15960.903942757026,15881.460330221817,16379.792581310245,142054.11360130133,0.31157373137861744,46.77811453488833,0.0,0.0,0.0,False,False,False
main,deterministic,deterministic,2025-04-01,40,True,True,0,,,0.7,20.0,optimal,2.2434476999915205,2.2434485999983735,0.0,0,0,15462.571691668598,498.33225108842885,15960.903942757026,15885.084577117244,16383.416828205673,141292.81062884448,0.0,49.331737645420894,0.0,0.0,0.0,False,False,False
main,deterministic,deterministic,2025-04-01,41,True,True,0,,,0.7,20.0,optimal,2.2434476999915205,2.2434485999983735,0.0,0,0,15462.571691668598,498.33225108842885,15960.903942757026,16101.58933115425,16599.921582242678,138038.35482597194,0.838370560222478,42.377583078181324,0.0,0.0,0.0,False,False,False
main,deterministic,deterministic,2025-04-01,42,True,True,0,,,0.7,20.0,optimal,2.2434476999915205,2.2434485999983735,0.0,0,0,15462.571691668598,498.33225108842885,15960.903942757026,15628.890390585348,16127.222641673776,137976.8188393933,0.2801038744531954,60.311822178022105,0.0,0.0,0.0,False,False,False
main,deterministic,deterministic,2025-04-01,43,True,True,0,,,0.7,20.0,optimal,2.2434476999915205,2.2434485999983735,0.0,0,0,15462.571691668598,498.33225108842885,15960.903942757026,14992.499265935585,15490.831517024013,120424.98858343076,0.0,52.570897408404704,0.0,0.0,0.0,False,False,False
main,deterministic,deterministic,2025-04-01,44,True,True,0,,,0.7,20.0,optimal,2.2434476999915205,2.2434485999983735,0.0,0,0,15462.571691668598,498.33225108842885,15960.903942757026,15505.827223173994,16004.159474262422,126235.60155462129,0.0019256684169632887,55.375192570903984,0.0,0.0,0.0,False,False,False
main,deterministic,deterministic,2025-04-01,45,True,True,0,,,0.7,20.0,optimal,2.2434476999915205,2.2434485999983735,0.0,0,0,15462.571691668598,498.33225108842885,15960.903942757026,16237.406956047937,16735.739207136365,142450.11487297676,0.005845864360457531,56.107725723501005,0.0,0.0,0.0,False,False,False
main,deterministic,deterministic,2025-04-01,46,True,True,0,,,0.7,20.0,optimal,2.2434476999915205,2.2434485999983735,0.0,0,0,15462.571691668598,498.33225108842885,15960.903942757026,15658.212576506117,16156.544827594545,135143.83650803822,0.49014838259577576,55.050480197169875,0.0,0.0,0.0,False,False,False
main,deterministic,deterministic,2025-04-01,47,True,True,0,,,0.7,20.0,optimal,2.2434476999915205,2.2434485999983735,0.0,0,0,15462.571691668598,498.33225108842885,15960.903942757026,15887.778431559618,16386.110682648046,141951.1889917656,0.0642173489147151,53.571950721350234,0.0,0.0,0.0,False,False,False
main,deterministic,deterministic,2025-04-01,48,True,True,0,,,0.7,20.0,optimal,2.2434476999915205,2.2434485999983735,0.0,0,0,15462.571691668598,498.33225108842885,15960.903942757026,16473.558173714722,16971.89042480315,149845.93578959347,0.0014027902163411543,48.777856585020174,0.0,0.0,0.0,False,False,False
main,deterministic,deterministic,2025-04-01,49,True,True,0,,,0.7,20.0,optimal,2.2434476999915205,2.2434485999983735,0.0,0,0,15462.571691668598,498.33225108842885,15960.903942757026,16120.02187364924,16618.35412473767,146013.174741871,0.022517637004447533,59.173578081909056,0.0,0.0,0.0,False,False,False
main,deterministic,deterministic,2025-04-01,50,True,True,0,,,0.7,20.0,optimal,2.2434476999915205,2.2434485999983735,0.0,0,0,15462.571691668598,498.33225108842885,15960.903942757026,15312.604106850786,15810.936357939214,135643.58312065393,0.0,56.25445271738493,0.0,0.0,0.0,False,False,False
main,deterministic,deterministic,2025-04-01,51,True,True,0,,,0.7,20.0,optimal,2.2434476999915205,2.2434485999983735,0.0,0,0,15462.571691668598,498.33225108842885,15960.903942757026,15104.361727774509,15602.693978862937,126770.90017181388,0.0,52.08910170693651,0.0,0.0,0.0,False,False,False
main,deterministic,deterministic,2025-04-01,52,True,True,0,,,0.7,20.0,optimal,2.2434476999915205,2.2434485999983735,0.0,0,0,15462.571691668598,498.33225108842885,15960.903942757026,16234.06165759037,16732.393908678798,145024.71123574593,0.13897298393633584,55.85963451091697,0.0,0.0,0.0,False,False,False
main,deterministic,deterministic,2025-04-01,53,True,True,0,,,0.7,20.0,optimal,2.2434476999915205,2.2434485999983735,0.0,0,0,15462.571691668598,498.33225108842885,15960.903942757026,15616.984945417807,16115.317196506236,130546.73714079827,0.02777314923864188,47.706048269118654,0.0,0.0,0.0,False,False,False
main,deterministic,deterministic,2025-04-01,54,True,True,0,,,0.7,20.0,optimal,2.2434476999915205,2.2434485999983735,0.0,0,0,15462.571691668598,498.33225108842885,15960.903942757026,16313.647120445208,16811.97937153364,144595.98821586274,0.0,51.916447286520174,0.0,0.0,0.0,False,False,False
main,deterministic,deterministic,2025-04-01,55,True,True,0,,,0.7,20.0,optimal,2.2434476999915205,2.2434485999983735,0.0,0,0,15462.571691668598,498.33225108842885,15960.903942757026,15516.759783376796,16015.092034465224,132334.40765184772,0.0,55.65368381186027,0.0,0.0,0.0,False,False,False
main,deterministic,deterministic,2025-04-01,56,True,True,0,,,0.7,20.0,optimal,2.2434476999915205,2.2434485999983735,0.0,0,0,15462.571691668598,498.33225108842885,15960.903942757026,15801.822905571738,16300.155156660167,137370.985950159,0.0,41.304384075170006,0.0,0.0,0.0,False,False,False
main,deterministic,deterministic,2025-04-01,57,True,True,0,,,0.7,20.0,optimal,2.2434476999915205,2.2434485999983735,0.0,0,0,15462.571691668598,498.33225108842885,15960.903942757026,15431.829597461456,15930.161848549884,131429.25136669143,0.03965737563667315,52.033313181522104,0.0,0.0,0.0,False,False,False
main,deterministic,deterministic,2025-04-01,58,True,True,0,,,0.7,20.0,optimal,2.2434476999915205,2.2434485999983735,0.0,0,0,15462.571691668598,498.33225108842885,15960.903942757026,16543.201127543525,17041.533378631953,150135.76382029147,0.0,59.90696772706555,0.0,0.0,0.0,False,False,False
main,deterministic,deterministic,2025-04-01,59,True,True,0,,,0.7,20.0,optimal,2.2434476999915205,2.2434485999983735,0.0,0,0,15462.571691668598,498.33225108842885,15960.903942757026,16423.547977302635,16921.880228391063,150190.05207424794,0.0,55.021008979243234,0.0,0.0,0.0,False,False,False
main,deterministic,deterministic,2025-04-01,60,True,True,0,,,0.7,20.0,optimal,2.2434476999915205,2.2434485999983735,0.0,0,0,15462.571691668598,498.33225108842885,15960.903942757026,15779.149073908507,16277.481324996936,140260.02712215157,0.0518280270661331,54.935184905367635,0.0,0.0,0.0,False,False,False
main,deterministic,deterministic,2025-04-01,61,True,True,0,,,0.7,20.0,optimal,2.2434476999915205,2.2434485999983735,0.0,0,0,15462.571691668598,498.33225108842885,15960.903942757026,15743.200947477815,16241.533198566243,137684.43416109998,0.16368755190672662,44.24493692784677,0.0,0.0,0.0,False,False,False
main,deterministic,deterministic,2025-04-01,62,True,True,0,,,0.7,20.0,optimal,2.2434476999915205,2.2434485999983735,0.0,0,0,15462.571691668598,498.33225108842885,15960.903942757026,15093.10798576557,15591.440236853998,123387.64149957827,0.0,57.41092089530148,0.0,0.0,0.0,False,False,False
main,deterministic,deterministic,2025-04-01,63,True,True,0,,,0.7,20.0,optimal,2.2434476999915205,2.2434485999983735,0.0,0,0,15462.571691668598,498.33225108842885,15960.903942757026,15753.217430228857,16251.549681317285,130708.39055711111,0.0,62.402411304636836,0.0,0.0,0.0,False,False,False
main,deterministic,deterministic,2025-04-01,64,True,True,0,,,0.7,20.0,optimal,2.2434476999915205,2.2434485999983735,0.0,0,0,15462.571691668598,498.33225108842885,15960.903942757026,15371.575160423727,15869.907411512155,122508.57480074099,0.08960293579846668,48.90400825171927,0.0,0.0,0.0,False,False,False
main,deterministic,deterministic,2025-04-01,65,True,True,0,,,0.7,20.0,optimal,2.2434476999915205,2.2434485999983735,0.0,0,0,15462.571691668598,498.33225108842885,15960.903942757026,16019.757336176343,16518.08958726477,134811.7951347808,0.9853001305983689,57.431445143648325,0.0,0.0,0.0,False,False,False
main,deterministic,deterministic,2025-04-01,66,True,True,0,,,0.7,20.0,optimal,2.2434476999915205,2.2434485999983735,0.0,0,0,15462.571691668598,498.33225108842885,15960.903942757026,15917.202289949773,16415.534541038203,139381.4632206343,0.0,60.59851371841803,0.0,0.0,0.0,False,False,False
main,deterministic,deterministic,2025-04-01,67,True,True,0,,,0.7,20.0,optimal,2.2434476999915205,2.2434485999983735,0.0,0,0,15462.571691668598,498.33225108842885,15960.903942757026,14750.569843402664,15248.902094491092,119693.50294501263,0.0,55.65139931457971,0.0,0.0,0.0,False,False,False
main,deterministic,deterministic,2025-04-01,68,True,True,0,,,0.7,20.0,optimal,2.2434476999915205,2.2434485999983735,0.0,0,0,15462.571691668598,498.33225108842885,15960.903942757026,16717.18483874781,17215.517089836238,157603.5412584648,0.0,54.9958831842176,0.0,0.0,0.0,False,False,False
main,deterministic,deterministic,2025-04-01,69,True,True,0,,,0.7,20.0,optimal,2.2434476999915205,2.2434485999983735,0.0,0,0,15462.571691668598,498.33225108842885,15960.903942757026,16928.38344379436,17426.715694882787,152311.10608749583,0.023208636118729142,56.87032536820703,0.0,0.0,0.0,False,False,False
main,deterministic,deterministic,2025-04-01,70,True,True,0,,,0.7,20.0,optimal,2.2434476999915205,2.2434485999983735,0.0,0,0,15462.571691668598,498.33225108842885,15960.903942757026,16063.685027897243,16562.017278985673,145531.63131431406,0.029272857390582552,61.79964377345673,0.0,0.0,0.0,False,False,False
main,deterministic,deterministic,2025-04-01,71,True,True,0,,,0.7,20.0,optimal,2.2434476999915205,2.2434485999983735,0.0,0,0,15462.571691668598,498.33225108842885,15960.903942757026,14998.479761765388,15496.812012853816,129323.97347049473,0.10668833998212435,58.98010739563646,0.0,0.0,0.0,False,False,False
main,deterministic,deterministic,2025-04-01,72,True,True,0,,,0.7,20.0,optimal,2.2434476999915205,2.2434485999983735,0.0,0,0,15462.571691668598,498.33225108842885,15960.903942757026,15508.200850753203,16006.533101841631,129510.75195091068,0.05513974959875445,60.581505944107484,0.0,0.0,0.0,False,False,False
main,deterministic,deterministic,2025-04-01,73,True,True,0,,,0.7,20.0,optimal,2.2434476999915205,2.2434485999983735,0.0,0,0,15462.571691668598,498.33225108842885,15960.903942757026,15648.48774537246,16146.819996460888,130515.764986901,0.039259298070894344,51.14632864326343,0.0,0.0,0.0,False,False,False
main,deterministic,deterministic,2025-04-01,74,True,True,0,,,0.7,20.0,optimal,2.2434476999915205,2.2434485999983735,0.0,0,0,15462.571691668598,498.33225108842885,15960.903942757026,15349.89751534455,15848.229766432978,121357.82244687373,0.0,54.45240870516771,0.0,0.0,0.0,False,False,False
main,deterministic,deterministic,2025-04-01,75,True,True,0,,,0.7,20.0,optimal,2.2434476999915205,2.2434485999983735,0.0,0,0,15462.571691668598,498.33225108842885,15960.903942757026,15890.19036757653,16388.52261866496,136114.46841891712,0.1425373780712324,48.19603113617043,0.0,0.0,0.0,False,False,False
main,deterministic,deterministic,2025-04-01,76,True,True,0,,,0.7,20.0,optimal,2.2434476999915205,2.2434485999983735,0.0,0,0,15462.571691668598,498.33225108842885,15960.903942757026,16411.393326543875,16909.725577632304,153523.83860003864,0.0,53.40167231599594,0.0,0.0,0.0,False,False,False
main,deterministic,deterministic,2025-04-01,77,True,True,0,,,0.7,20.0,optimal,2.2434476999915205,2.2434485999983735,0.0,0,0,15462.571691668598,498.33225108842885,15960.903942757026,14917.398468527428,15415.730719615856,121585.78167072349,0.02020522321778573,46.57007682225961,0.0,0.0,0.0,False,False,False
main,deterministic,deterministic,2025-04-01,78,True,True,0,,,0.7,20.0,optimal,2.2434476999915205,2.2434485999983735,0.0,0,0,15462.571691668598,498.33225108842885,15960.903942757026,15439.956873337782,15938.28912442621,126371.36294650962,0.6871914754179362,53.26884531563863,0.0,0.0,0.0,False,False,False
main,deterministic,deterministic,2025-04-01,79,True,True,0,,,0.7,20.0,optimal,2.2434476999915205,2.2434485999983735,0.0,0,0,15462.571691668598,498.33225108842885,15960.903942757026,16163.360158459414,16661.692409547843,144969.18256886865,0.0,49.18432024505726,0.0,0.0,0.0,False,False,False
main,deterministic,deterministic,2025-04-01,80,True,True,0,,,0.7,20.0,optimal,2.2434476999915205,2.2434485999983735,0.0,0,0,15462.571691668598,498.33225108842885,15960.903942757026,16290.59929320209,16788.93154429052,145635.39551478345,0.0,48.91852100307708,0.0,0.0,0.0,False,False,False
main,deterministic,deterministic,2025-04-01,81,True,True,0,,,0.7,20.0,optimal,2.2434476999915205,2.2434485999983735,0.0,0,0,15462.571691668598,498.33225108842885,15960.903942757026,15708.169694547229,16206.501945635657,131408.98333668223,0.08045694066753334,59.593450136897154,0.0,0.0,0.0,False,False,False
main,deterministic,deterministic,2025-04-01,82,True,True,0,,,0.7,20.0,optimal,2.2434476999915205,2.2434485999983735,0.0,0,0,15462.571691668598,498.33225108842885,15960.903942757026,15370.849369968366,15869.181621056794,130593.94496432434,0.008226005783169621,48.42435100948818,0.0,0.0,0.0,False,False,False
main,deterministic,deterministic,2025-04-01,83,True,True,0,,,0.7,20.0,optimal,2.2434476999915205,2.2434485999983735,0.0,0,0,15462.571691668598,498.33225108842885,15960.903942757026,16244.910607094585,16743.242858183014,149260.1627081443,0.4419733758749726,46.729310614210355,0.0,0.0,0.0,False,False,False
main,deterministic,deterministic,2025-04-01,84,True,True,0,,,0.7,20.0,optimal,2.2434476999915205,2.2434485999983735,0.0,0,0,15462.571691668598,498.33225108842885,15960.903942757026,16324.994665267228,16823.326916355658,148185.70527805167,0.08978272092036699,48.67422342573904,0.0,0.0,0.0,False,False,False
main,deterministic,deterministic,2025-04-01,85,True,True,0,,,0.7,20.0,optimal,2.2434476999915205,2.2434485999983735,0.0,0,0,15462.571691668598,498.33225108842885,15960.903942757026,16031.191634485145,16529.523885573573,137013.9105033653,0.0,62.96484538167495,0.0,0.0,0.0,False,False,False
main,deterministic,deterministic,2025-04-01,86,True,True,0,,,0.7,20.0,optimal,2.2434476999915205,2.2434485999983735,0.0,0,0,15462.571691668598,498.33225108842885,15960.903942757026,15879.02830129599,16377.360552384418,138044.50311393262,0.04694293085412765,44.673985167204705,0.0,0.0,0.0,False,False,False
main,deterministic,deterministic,2025-04-01,87,True,True,0,,,0.7,20.0,optimal,2.2434476999915205,2.2434485999983735,0.0,0,0,15462.571691668598,498.33225108842885,15960.903942757026,14780.471694401496,15278.803945489924,119021.14030544073,0.09678089458117067,50.234087115444375,0.0,0.0,0.0,False,False,False
main,deterministic,deterministic,2025-04-01,88,True,True,0,,,0.7,20.0,optimal,2.2434476999915205,2.2434485999983735,0.0,0,0,15462.571691668598,498.33225108842885,15960.903942757026,15187.419840640965,15685.752091729393,121181.50826427492,0.0,60.98068779838635,0.0,0.0,0.0,False,False,False
main,deterministic,deterministic,2025-04-01,89,True,True,0,,,0.7,20.0,optimal,2.2434476999915205,2.2434485999983735,0.0,0,0,15462.571691668598,498.33225108842885,15960.903942757026,16010.184214888013,16508.51646597644,136203.4051797373,0.0,51.12731482471641,0.0,0.0,0.0,False,False,False
main,deterministic,deterministic,2025-04-01,90,True,True,0,,,0.7,20.0,optimal,2.2434476999915205,2.2434485999983735,0.0,0,0,15462.571691668598,498.33225108842885,15960.903942757026,15684.502778050313,16182.835029138741,131270.18065964882,0.20805365173042828,58.898816522564196,0.0,0.0,0.0,False,False,False
main,deterministic,deterministic,2025-04-01,91,True,True,0,,,0.7,20.0,optimal,2.2434476999915205,2.2434485999983735,0.0,0,0,15462.571691668598,498.33225108842885,15960.903942757026,14837.427481892457,15335.759732980885,113318.11287608203,0.0,54.58874982280812,0.0,0.0,0.0,False,False,False
main,deterministic,deterministic,2025-04-01,92,True,True,0,,,0.7,20.0,optimal,2.2434476999915205,2.2434485999983735,0.0,0,0,15462.571691668598,498.33225108842885,15960.903942757026,15299.320411899747,15797.652662988176,125012.05458080555,0.0,45.203635478147255,0.0,0.0,0.0,False,False,False
main,deterministic,deterministic,2025-04-01,93,True,True,0,,,0.7,20.0,optimal,2.2434476999915205,2.2434485999983735,0.0,0,0,15462.571691668598,498.33225108842885,15960.903942757026,15389.069057433404,15887.401308521832,135504.49669889055,0.0,54.36408285883384,0.0,0.0,0.0,False,False,False
main,deterministic,deterministic,2025-04-01,94,True,True,0,,,0.7,20.0,optimal,2.2434476999915205,2.2434485999983735,0.0,0,0,15462.571691668598,498.33225108842885,15960.903942757026,15316.489984912025,15814.822236000453,127274.6457746202,0.0,48.91607893555799,0.0,0.0,0.0,False,False,False
main,deterministic,deterministic,2025-04-01,95,True,True,0,,,0.7,20.0,optimal,2.2434476999915205,2.2434485999983735,0.0,0,0,15462.571691668598,498.33225108842885,15960.903942757026,15074.985140642455,15573.317391730883,124259.02474522273,0.0,55.004644681639185,0.0,0.0,0.0,False,False,False
main,deterministic,deterministic,2025-04-01,96,True,True,0,,,0.7,20.0,optimal,2.2434476999915205,2.2434485999983735,0.0,0,0,15462.571691668598,498.33225108842885,15960.903942757026,15193.507566726808,15691.839817815237,130736.86433618325,0.02452520523002555,54.22962638804654,0.0,0.0,0.0,False,False,False
main,deterministic,deterministic,2025-04-01,97,True,True,0,,,0.7,20.0,optimal,2.2434476999915205,2.2434485999983735,0.0,0,0,15462.571691668598,498.33225108842885,15960.903942757026,15388.09088176804,15886.423132856467,128161.20216210347,0.0,55.193847079641984,0.0,0.0,0.0,False,False,False
main,deterministic,deterministic,2025-04-01,98,True,True,0,,,0.7,20.0,optimal,2.2434476999915205,2.2434485999983735,0.0,0,0,15462.571691668598,498.33225108842885,15960.903942757026,15494.036704882697,15992.368955971126,129064.63098914531,0.04014377063391328,44.18985366786592,0.0,0.0,0.0,False,False,False
main,deterministic,deterministic,2025-04-01,99,True,True,0,,,0.7,20.0,optimal,2.2434476999915205,2.2434485999983735,0.0,0,0,15462.571691668598,498.33225108842885,15960.903942757026,15127.913360818624,15626.245611907052,125079.67054707771,0.0,56.62973620258352,0.0,0.0,0.0,False,False,False
main,deterministic,deterministic,2025-07-01,0,True,True,0,,,0.7,20.0,optimal,2.245615899999393,2.2456167000054847,0.0,0,0,15865.460962360758,295.2709491819242,16160.731911542682,15029.50898538355,15324.779934565475,151622.67988042202,0.19883284107561772,59.13340692975331,0.0,0.0,0.0,False,False,False
main,deterministic,deterministic,2025-07-01,1,True,True,0,,,0.7,20.0,optimal,2.245615899999393,2.2456167000054847,0.0,0,0,15865.460962360758,295.2709491819242,16160.731911542682,16304.049406690176,16599.3203558721,168765.50450204246,0.5015499753496047,66.88735409301015,0.0,0.0,0.0,False,False,False
main,deterministic,deterministic,2025-07-01,2,True,True,0,,,0.7,20.0,optimal,2.245615899999393,2.2456167000054847,0.0,0,0,15865.460962360758,295.2709491819242,16160.731911542682,15596.348002196492,15891.618951378416,161571.82809178566,0.24015853247336075,52.40915958577143,0.0,0.0,0.0,False,False,False
main,deterministic,deterministic,2025-07-01,3,True,True,0,,,0.7,20.0,optimal,2.245615899999393,2.2456167000054847,0.0,0,0,15865.460962360758,295.2709491819242,16160.731911542682,16020.223296128255,16315.49424531018,169139.22844321074,0.0,60.57306103889962,0.0,0.0,0.0,False,False,False
main,deterministic,deterministic,2025-07-01,4,True,True,0,,,0.7,20.0,optimal,2.245615899999393,2.2456167000054847,0.0,0,0,15865.460962360758,295.2709491819242,16160.731911542682,15736.72646418352,16031.997413365445,167215.47176365412,0.1714739767175743,51.475247989425235,0.0,0.0,0.0,False,False,False
main,deterministic,deterministic,2025-07-01,5,True,True,0,,,0.7,20.0,optimal,2.245615899999393,2.2456167000054847,0.0,0,0,15865.460962360758,295.2709491819242,16160.731911542682,16243.934770040978,16539.205719222904,180154.14234895073,0.9348234569720547,59.97175118024591,0.0,0.0,0.0,False,False,False
main,deterministic,deterministic,2025-07-01,6,True,True,0,,,0.7,20.0,optimal,2.245615899999393,2.2456167000054847,0.0,0,0,15865.460962360758,295.2709491819242,16160.731911542682,16621.386722407813,16916.65767158974,172629.14944413916,0.0,56.68395768847151,0.0,0.0,0.0,False,False,False
main,deterministic,deterministic,2025-07-01,7,True,True,0,,,0.7,20.0,optimal,2.245615899999393,2.2456167000054847,0.0,0,0,15865.460962360758,295.2709491819242,16160.731911542682,15898.984582925137,16194.255532107061,156702.61959136886,0.23839985653220683,56.22329636346905,0.0,0.0,0.0,False,False,False
main,deterministic,deterministic,2025-07-01,8,True,True,0,,,0.7,20.0,optimal,2.245615899999393,2.2456167000054847,0.0,0,0,15865.460962360758,295.2709491819242,16160.731911542682,16026.425409177786,16321.69635835971,169952.28705449065,0.18789212418935958,56.52686196276278,0.0,0.0,0.0,False,False,False
main,deterministic,deterministic,2025-07-01,9,True,True,0,,,0.7,20.0,optimal,2.245615899999393,2.2456167000054847,0.0,0,0,15865.460962360758,295.2709491819242,16160.731911542682,15966.063896840105,16261.33484602203,172137.81603943615,0.0,112.89412485003407,0.0,0.0,0.7986772465179817,False,False,True
main,deterministic,deterministic,2025-07-01,10,True,True,0,,,0.7,20.0,optimal,2.245615899999393,2.2456167000054847,0.0,0,0,15865.460962360758,295.2709491819242,16160.731911542682,15815.44067651901,16110.711625700935,163219.3046685419,0.0,56.170801788064885,0.0,0.0,0.0,False,False,False
main,deterministic,deterministic,2025-07-01,11,True,True,0,,,0.7,20.0,optimal,2.245615899999393,2.2456167000054847,0.0,0,0,15865.460962360758,295.2709491819242,16160.731911542682,15906.007843640871,16201.278792822795,162720.62177568476,0.34074158264634036,52.68361621095671,0.0,0.0,0.0,False,False,False
main,deterministic,deterministic,2025-07-01,12,True,True,0,,,0.7,20.0,optimal,2.245615899999393,2.2456167000054847,0.0,0,0,15865.460962360758,295.2709491819242,16160.731911542682,16293.95612743514,16589.227076617066,176082.85467013056,0.5594561225890717,53.99102172020332,0.0,0.0,0.0,False,False,False
main,deterministic,deterministic,2025-07-01,13,True,True,0,,,0.7,20.0,optimal,2.245615899999393,2.2456167000054847,0.0,0,0,15865.460962360758,295.2709491819242,16160.731911542682,16609.79186825576,16905.062817437687,176946.08998086676,0.35626245631306963,61.44309409801135,0.0,0.0,0.0,False,False,False
main,deterministic,deterministic,2025-07-01,14,True,True,0,,,0.7,20.0,optimal,2.245615899999393,2.2456167000054847,0.0,0,0,15865.460962360758,295.2709491819242,16160.731911542682,15632.98936100944,15928.260310191365,159163.1800957706,0.6911592422941153,56.789923340453626,0.0,0.0,0.0,False,False,False
main,deterministic,deterministic,2025-07-01,15,True,True,0,,,0.7,20.0,optimal,2.245615899999393,2.2456167000054847,0.0,0,0,15865.460962360758,295.2709491819242,16160.731911542682,15378.568733269422,15673.839682451346,154527.45864498746,0.03892304189458676,52.18701790205554,0.0,0.0,0.0,False,False,False
main,deterministic,deterministic,2025-07-01,16,True,True,0,,,0.7,20.0,optimal,2.245615899999393,2.2456167000054847,0.0,0,0,15865.460962360758,295.2709491819242,16160.731911542682,15363.511242853476,15658.7821920354,151771.4208553956,0.3823364381484431,54.42812909740816,0.0,0.027011014852310167,0.0,False,True,False
main,deterministic,deterministic,2025-07-01,17,True,True,0,,,0.7,20.0,optimal,2.245615899999393,2.2456167000054847,0.0,0,0,15865.460962360758,295.2709491819242,16160.731911542682,16045.886083090612,16341.157032272537,157791.00428662467,0.1313719153531402,65.40096415664303,0.0,0.0,0.0,False,False,False
main,deterministic,deterministic,2025-07-01,18,True,True,0,,,0.7,20.0,optimal,2.245615899999393,2.2456167000054847,0.0,0,0,15865.460962360758,295.2709491819242,16160.731911542682,16560.65164289626,16855.922592078186,168466.07659874638,1.0639209924981188,61.32928710362131,0.0,0.0,0.0,False,False,False
main,deterministic,deterministic,2025-07-01,19,True,True,0,,,0.7,20.0,optimal,2.245615899999393,2.2456167000054847,0.0,0,0,15865.460962360758,295.2709491819242,16160.731911542682,15723.90012123682,16019.171070418744,168231.54771403127,0.25418268197721144,56.03716153761606,0.0,0.0,0.0,False,False,False
main,deterministic,deterministic,2025-07-01,20,True,True,0,,,0.7,20.0,optimal,2.245615899999393,2.2456167000054847,0.0,0,0,15865.460962360758,295.2709491819242,16160.731911542682,16515.91254806898,16811.183497250906,173472.72686134945,0.0,54.21681521256313,0.0,0.0,0.0,False,False,False
main,deterministic,deterministic,2025-07-01,21,True,True,0,,,0.7,20.0,optimal,2.245615899999393,2.2456167000054847,0.0,0,0,15865.460962360758,295.2709491819242,16160.731911542682,15788.056833085335,16083.327782267259,155953.46087551024,0.16282876003569352,52.216899404590436,0.0,0.19989015851667125,0.0,False,True,False
main,deterministic,deterministic,2025-07-01,22,True,True,0,,,0.7,20.0,optimal,2.245615899999393,2.2456167000054847,0.0,0,0,15865.460962360758,295.2709491819242,16160.731911542682,16269.988192334746,16565.25914151667,170092.5811560819,0.0037261903763918247,57.46391493527281,0.0,0.046306683456878384,0.0,False,True,False
main,deterministic,deterministic,2025-07-01,23,True,True,0,,,0.7,20.0,optimal,2.245615899999393,2.2456167000054847,0.0,0,0,15865.460962360758,295.2709491819242,16160.731911542682,16070.509260149742,16365.780209331666,169471.6733887827,0.6469594741348201,58.13271144014511,0.0,0.0,0.0,False,False,False
main,deterministic,deterministic,2025-07-01,24,True,True,0,,,0.7,20.0,optimal,2.245615899999393,2.2456167000054847,0.0,0,0,15865.460962360758,295.2709491819242,16160.731911542682,16135.33027775077,16430.601226932697,160948.36251803135,2.3155078043845805,65.29883959186279,0.0,0.0,0.0,False,False,False
main,deterministic,deterministic,2025-07-01,25,True,True,0,,,0.7,20.0,optimal,2.245615899999393,2.2456167000054847,0.0,0,0,15865.460962360758,295.2709491819242,16160.731911542682,17594.285193711654,17889.55614289358,199145.26457028455,0.4255917117451693,52.038899284269036,0.0,0.0,0.0,False,False,False
main,deterministic,deterministic,2025-07-01,26,True,True,0,,,0.7,20.0,optimal,2.245615899999393,2.2456167000054847,0.0,0,0,15865.460962360758,295.2709491819242,16160.731911542682,15837.424649478866,16132.69559866079,166514.48756530558,0.17039621576700117,64.9153230059622,0.0,0.021468000228693773,0.0,False,True,False
main,deterministic,deterministic,2025-07-01,27,True,True,0,,,0.7,20.0,optimal,2.245615899999393,2.2456167000054847,0.0,0,0,15865.460962360758,295.2709491819242,16160.731911542682,15205.687647903082,15500.958597085006,151434.37917303902,0.18488358121751114,64.08592245105896,0.0,0.0,0.0,False,False,False
main,deterministic,deterministic,2025-07-01,28,True,True,0,,,0.7,20.0,optimal,2.245615899999393,2.2456167000054847,0.0,0,0,15865.460962360758,295.2709491819242,16160.731911542682,16148.292914637772,16443.563863819698,166056.81003213985,0.0886282373627402,49.11786443985377,0.0,0.0,0.0,False,False,False
main,deterministic,deterministic,2025-07-01,29,True,True,0,,,0.7,20.0,optimal,2.245615899999393,2.2456167000054847,0.0,0,0,15865.460962360758,295.2709491819242,16160.731911542682,16185.086301523352,16480.357250705278,176045.33491703327,0.960856185221451,48.08530731179169,0.0,0.0,0.0,False,False,False
main,deterministic,deterministic,2025-07-01,30,True,True,0,,,0.7,20.0,optimal,2.245615899999393,2.2456167000054847,0.0,0,0,15865.460962360758,295.2709491819242,16160.731911542682,15452.40730655379,15747.678255735715,145478.74860350377,0.01369903953869836,53.29369280054122,0.0,0.0,0.0,False,False,False
main,deterministic,deterministic,2025-07-01,31,True,True,0,,,0.7,20.0,optimal,2.245615899999393,2.2456167000054847,0.0,0,0,15865.460962360758,295.2709491819242,16160.731911542682,16552.516136952894,16847.78708613482,183289.86530378615,0.2070778177622983,56.2601440207472,0.0,0.0,0.0,False,False,False
main,deterministic,deterministic,2025-07-01,32,True,True,0,,,0.7,20.0,optimal,2.245615899999393,2.2456167000054847,0.0,0,0,15865.460962360758,295.2709491819242,16160.731911542682,15674.874664304534,15970.145613486458,164051.41247161737,0.33825016429468713,63.91137347884957,0.0,0.0,0.0,False,False,False
main,deterministic,deterministic,2025-07-01,33,True,True,0,,,0.7,20.0,optimal,2.245615899999393,2.2456167000054847,0.0,0,0,15865.460962360758,295.2709491819242,16160.731911542682,17109.307287853135,17404.57823703506,198551.2345654005,0.06421879016997209,71.16519651239507,0.0,0.0,0.0,False,False,False
main,deterministic,deterministic,2025-07-01,34,True,True,0,,,0.7,20.0,optimal,2.245615899999393,2.2456167000054847,0.0,0,0,15865.460962360758,295.2709491819242,16160.731911542682,16494.795044975577,16790.065994157503,173392.88541168612,0.0,60.68244819994244,0.0,0.004270982712411664,0.0,False,True,False
main,deterministic,deterministic,2025-07-01,35,True,True,0,,,0.7,20.0,optimal,2.245615899999393,2.2456167000054847,0.0,0,0,15865.460962360758,295.2709491819242,16160.731911542682,16036.305976637506,16331.57692581943,155907.0637590365,0.0,60.22324141516263,0.0,0.0,0.0,False,False,False
main,deterministic,deterministic,2025-07-01,36,True,True,0,,,0.7,20.0,optimal,2.245615899999393,2.2456167000054847,0.0,0,0,15865.460962360758,295.2709491819242,16160.731911542682,15405.350310471247,15700.621259653171,155420.3250441232,0.8492718695281796,65.77537397903176,0.0,0.0,0.0,False,False,False
main,deterministic,deterministic,2025-07-01,37,True,True,0,,,0.7,20.0,optimal,2.245615899999393,2.2456167000054847,0.0,0,0,15865.460962360758,295.2709491819242,16160.731911542682,15674.556787394471,15969.827736576395,162962.5943588065,0.0,46.93168509017254,0.0,0.0,0.0,False,False,False
main,deterministic,deterministic,2025-07-01,38,True,True,0,,,0.7,20.0,optimal,2.245615899999393,2.2456167000054847,0.0,0,0,15865.460962360758,295.2709491819242,16160.731911542682,15818.790710869125,16114.06166005105,165745.49581627,0.4206930247221117,51.06045829538226,0.0,0.046551221155736844,0.0,False,True,False
main,deterministic,deterministic,2025-07-01,39,True,True,0,,,0.7,20.0,optimal,2.245615899999393,2.2456167000054847,0.0,0,0,15865.460962360758,295.2709491819242,16160.731911542682,15989.956941898807,16285.22789108073,175062.6008102183,0.07505931295524138,49.99399833739866,0.0,0.0,0.0,False,False,False
main,deterministic,deterministic,2025-07-01,40,True,True,0,,,0.7,20.0,optimal,2.245615899999393,2.2456167000054847,0.0,0,0,15865.460962360758,295.2709491819242,16160.731911542682,16357.473547297279,16652.744496479205,176459.2315626994,0.5021100075795499,47.62196859291206,0.0,0.013445840235126072,0.0,False,True,False
main,deterministic,deterministic,2025-07-01,41,True,True,0,,,0.7,20.0,optimal,2.245615899999393,2.2456167000054847,0.0,0,0,15865.460962360758,295.2709491819242,16160.731911542682,16021.380838504883,16316.651787686807,171176.13757372374,0.2676025906261344,41.739811996985736,0.0,0.0,0.0,False,False,False
main,deterministic,deterministic,2025-07-01,42,True,True,0,,,0.7,20.0,optimal,2.245615899999393,2.2456167000054847,0.0,0,0,15865.460962360758,295.2709491819242,16160.731911542682,16412.319419648313,16707.59036883024,170894.85803580814,0.4936324080747933,64.31721444533426,0.0,0.1502040679993959,0.0,False,True,False
main,deterministic,deterministic,2025-07-01,43,True,True,0,,,0.7,20.0,optimal,2.245615899999393,2.2456167000054847,0.0,0,0,15865.460962360758,295.2709491819242,16160.731911542682,15270.239866790402,15565.510815972326,152690.5821262675,0.13019754896817673,58.169713477501006,0.0,0.0,0.0,False,False,False
main,deterministic,deterministic,2025-07-01,44,True,True,0,,,0.7,20.0,optimal,2.245615899999393,2.2456167000054847,0.0,0,0,15865.460962360758,295.2709491819242,16160.731911542682,15843.426671916855,16138.69762109878,160334.7909281182,0.525128163397375,57.10806384339798,0.0,0.0,0.0,False,False,False
main,deterministic,deterministic,2025-07-01,45,True,True,0,,,0.7,20.0,optimal,2.245615899999393,2.2456167000054847,0.0,0,0,15865.460962360758,295.2709491819242,16160.731911542682,16404.483264933042,16699.754214114968,177551.34207210998,0.4509052904199305,65.66324925694146,0.0,0.017296714117327028,0.0,False,True,False
main,deterministic,deterministic,2025-07-01,46,True,True,0,,,0.7,20.0,optimal,2.245615899999393,2.2456167000054847,0.0,0,0,15865.460962360758,295.2709491819242,16160.731911542682,16452.207126037258,16747.478075219184,168775.69977976274,0.4216255099601831,59.35106976427079,0.0,0.01151210385555368,0.0,False,True,False
main,deterministic,deterministic,2025-07-01,47,True,True,0,,,0.7,20.0,optimal,2.245615899999393,2.2456167000054847,0.0,0,0,15865.460962360758,295.2709491819242,16160.731911542682,16527.57918434564,16822.850133527565,175744.03555477297,0.7521995340653397,59.02599804383185,0.0,0.0,0.0,False,False,False
main,deterministic,deterministic,2025-07-01,48,True,True,0,,,0.7,20.0,optimal,2.245615899999393,2.2456167000054847,0.0,0,0,15865.460962360758,295.2709491819242,16160.731911542682,16952.623986650713,17247.89493583264,184305.01212881826,0.0,55.001572387677456,0.0,0.0,0.0,False,False,False
main,deterministic,deterministic,2025-07-01,49,True,True,0,,,0.7,20.0,optimal,2.245615899999393,2.2456167000054847,0.0,0,0,15865.460962360758,295.2709491819242,16160.731911542682,16683.967577511434,16979.23852669336,180995.4861038942,1.6098821855203744,65.59831156192087,0.0,0.0,0.0,False,False,False
main,deterministic,deterministic,2025-07-01,50,True,True,0,,,0.7,20.0,optimal,2.245615899999393,2.2456167000054847,0.0,0,0,15865.460962360758,295.2709491819242,16160.731911542682,15689.520845524326,15984.79179470625,168935.1268768665,0.0,62.97682484599232,0.0,0.0,0.0,False,False,False
main,deterministic,deterministic,2025-07-01,51,True,True,0,,,0.7,20.0,optimal,2.245615899999393,2.2456167000054847,0.0,0,0,15865.460962360758,295.2709491819242,16160.731911542682,15683.034318327082,15978.305267509006,159715.77198241852,0.17200046265038652,55.72557712042041,0.0,0.0038693726267498008,0.0,False,True,False
main,deterministic,deterministic,2025-07-01,52,True,True,0,,,0.7,20.0,optimal,2.245615899999393,2.2456167000054847,0.0,0,0,15865.460962360758,295.2709491819242,16160.731911542682,16811.793925708826,17107.06487489075,181617.46996436518,0.8264996159889427,59.70270320012399,0.0,0.0,0.0,False,False,False
main,deterministic,deterministic,2025-07-01,53,True,True,0,,,0.7,20.0,optimal,2.245615899999393,2.2456167000054847,0.0,0,0,15865.460962360758,295.2709491819242,16160.731911542682,15868.138188682586,16163.40913786451,162879.53508589737,0.0,48.57270597420889,0.0,0.0,0.0,False,False,False
main,deterministic,deterministic,2025-07-01,54,True,True,0,,,0.7,20.0,optimal,2.245615899999393,2.2456167000054847,0.0,0,0,15865.460962360758,295.2709491819242,16160.731911542682,16967.952816189594,17263.22376537152,178238.26378472248,0.0,54.96878385311702,0.0,0.0,0.0,False,False,False
main,deterministic,deterministic,2025-07-01,55,True,True,0,,,0.7,20.0,optimal,2.245615899999393,2.2456167000054847,0.0,0,0,15865.460962360758,295.2709491819242,16160.731911542682,16010.839490775725,16306.110439957649,165686.9041808947,0.0,62.10354623582605,0.0,0.0,0.0,False,False,False
main,deterministic,deterministic,2025-07-01,56,True,True,0,,,0.7,20.0,optimal,2.245615899999393,2.2456167000054847,0.0,0,0,15865.460962360758,295.2709491819242,16160.731911542682,16239.94485038875,16535.215799570677,169351.09718553917,0.02255928540384286,48.03125450113416,0.0,0.0,0.0,False,False,False
main,deterministic,deterministic,2025-07-01,57,True,True,0,,,0.7,20.0,optimal,2.245615899999393,2.2456167000054847,0.0,0,0,15865.460962360758,295.2709491819242,16160.731911542682,16212.48172426228,16507.752673444204,163665.93050739248,0.28389172695441006,55.12621394840323,0.0,0.0,0.0,False,False,False
main,deterministic,deterministic,2025-07-01,58,True,True,0,,,0.7,20.0,optimal,2.245615899999393,2.2456167000054847,0.0,0,0,15865.460962360758,295.2709491819242,16160.731911542682,16782.007796299047,17077.278745480973,185500.07807686995,0.0,64.51327445474746,0.0,0.0,0.0,False,False,False
main,deterministic,deterministic,2025-07-01,59,True,True,0,,,0.7,20.0,optimal,2.245615899999393,2.2456167000054847,0.0,0,0,15865.460962360758,295.2709491819242,16160.731911542682,17094.28785768429,17389.558806866215,186083.5359032162,0.1439438750964679,60.42381818732535,0.0,0.0,0.0,False,False,False
main,deterministic,deterministic,2025-07-01,60,True,True,0,,,0.7,20.0,optimal,2.245615899999393,2.2456167000054847,0.0,0,0,15865.460962360758,295.2709491819242,16160.731911542682,16028.939597326058,16324.210546507982,173519.30440046714,0.09610484039721634,57.52308934633601,0.0,0.0,0.0,False,False,False
main,deterministic,deterministic,2025-07-01,61,True,True,0,,,0.7,20.0,optimal,2.245615899999393,2.2456167000054847,0.0,0,0,15865.460962360758,295.2709491819242,16160.731911542682,16132.105095754046,16427.376044935972,170786.4887148414,0.04924898586554774,44.49649196894909,0.0,0.0,0.0,False,False,False
main,deterministic,deterministic,2025-07-01,62,True,True,0,,,0.7,20.0,optimal,2.245615899999393,2.2456167000054847,0.0,0,0,15865.460962360758,295.2709491819242,16160.731911542682,15460.10900157241,15755.379950754334,154929.73339715943,0.2876994923856966,62.09473196518338,0.0,0.0,0.0,False,False,False
main,deterministic,deterministic,2025-07-01,63,True,True,0,,,0.7,20.0,optimal,2.245615899999393,2.2456167000054847,0.0,0,0,15865.460962360758,295.2709491819242,16160.731911542682,16098.344432151758,16393.615381333682,166028.13733859174,0.6626216505488071,65.25073579555804,0.0,0.0,0.0,False,False,False
main,deterministic,deterministic,2025-07-01,64,True,True,0,,,0.7,20.0,optimal,2.245615899999393,2.2456167000054847,0.0,0,0,15865.460962360758,295.2709491819242,16160.731911542682,15843.579810683996,16138.85075986592,156231.78908984226,0.036291892228164896,54.476402422068155,0.0,0.0,0.0,False,False,False
main,deterministic,deterministic,2025-07-01,65,True,True,0,,,0.7,20.0,optimal,2.245615899999393,2.2456167000054847,0.0,0,0,15865.460962360758,295.2709491819242,16160.731911542682,16642.946668370452,16938.21761755238,168590.40440976343,0.0,56.37705207422454,0.0,0.0,0.0,False,False,False
main,deterministic,deterministic,2025-07-01,66,True,True,0,,,0.7,20.0,optimal,2.245615899999393,2.2456167000054847,0.0,0,0,15865.460962360758,295.2709491819242,16160.731911542682,16280.562039779292,16575.832988961218,174428.9680103726,0.5734572558821392,69.26702082786547,0.0,0.0,0.0,False,False,False
main,deterministic,deterministic,2025-07-01,67,True,True,0,,,0.7,20.0,optimal,2.245615899999393,2.2456167000054847,0.0,0,0,15865.460962360758,295.2709491819242,16160.731911542682,15175.411072864887,15470.68202204681,151583.59584793792,0.3355500714299462,50.91079905174186,0.0,0.0,0.0,False,False,False
main,deterministic,deterministic,2025-07-01,68,True,True,0,,,0.7,20.0,optimal,2.245615899999393,2.2456167000054847,0.0,0,0,15865.460962360758,295.2709491819242,16160.731911542682,17244.04070988079,17539.311659062714,192239.0606440924,0.37713731116083615,58.60883102269386,0.0,0.0,0.0,False,False,False
main,deterministic,deterministic,2025-07-01,69,True,True,0,,,0.7,20.0,optimal,2.245615899999393,2.2456167000054847,0.0,0,0,15865.460962360758,295.2709491819242,16160.731911542682,17322.36809383257,17617.639043014497,187931.07835998305,0.2814232036590525,60.161654744516795,0.0,0.0,0.0,False,False,False
main,deterministic,deterministic,2025-07-01,70,True,True,0,,,0.7,20.0,optimal,2.245615899999393,2.2456167000054847,0.0,0,0,15865.460962360758,295.2709491819242,16160.731911542682,16562.023456901876,16857.2944060838,180248.9571188884,0.8072214709053364,65.74331811455289,0.0,0.0,0.0,False,False,False
main,deterministic,deterministic,2025-07-01,71,True,True,0,,,0.7,20.0,optimal,2.245615899999393,2.2456167000054847,0.0,0,0,15865.460962360758,295.2709491819242,16160.731911542682,15248.152709262205,15543.42365844413,162767.5006874331,0.3322085211980547,69.01261368666026,0.0,0.0,0.0,False,False,False
main,deterministic,deterministic,2025-07-01,72,True,True,0,,,0.7,20.0,optimal,2.245615899999393,2.2456167000054847,0.0,0,0,15865.460962360758,295.2709491819242,16160.731911542682,15841.502760710535,16136.773709892459,162542.13520018195,0.6760140398727676,64.75318938688538,0.0,0.0,0.0,False,False,False
main,deterministic,deterministic,2025-07-01,73,True,True,0,,,0.7,20.0,optimal,2.245615899999393,2.2456167000054847,0.0,0,0,15865.460962360758,295.2709491819242,16160.731911542682,16082.955807366332,16378.226756548256,164810.99993806347,0.03950527889448846,59.89765605223425,0.0,0.0,0.0,False,False,False
main,deterministic,deterministic,2025-07-01,74,True,True,0,,,0.7,20.0,optimal,2.245615899999393,2.2456167000054847,0.0,0,0,15865.460962360758,295.2709491819242,16160.731911542682,15868.391881248192,16163.662830430116,153549.1961954579,0.4696513345297113,56.242751860768706,0.0,0.0,0.0,False,False,False
main,deterministic,deterministic,2025-07-01,75,True,True,0,,,0.7,20.0,optimal,2.245615899999393,2.2456167000054847,0.0,0,0,15865.460962360758,295.2709491819242,16160.731911542682,16440.314150126324,16735.58509930825,170274.12382376002,0.5353811784412377,57.27149984073237,0.0,0.0,0.0,False,False,False
main,deterministic,deterministic,2025-07-01,76,True,True,0,,,0.7,20.0,optimal,2.245615899999393,2.2456167000054847,0.0,0,0,15865.460962360758,295.2709491819242,16160.731911542682,16586.48930032338,16881.760249505307,187042.58895415606,0.8544270282483482,56.4389346683219,0.0,0.0,0.0,False,False,False
main,deterministic,deterministic,2025-07-01,77,True,True,0,,,0.7,20.0,optimal,2.245615899999393,2.2456167000054847,0.0,0,0,15865.460962360758,295.2709491819242,16160.731911542682,15517.959738511205,15813.230687693129,153758.13297755196,0.10652814583314824,54.136993673604515,0.0,0.0,0.0,False,False,False
main,deterministic,deterministic,2025-07-01,78,True,True,0,,,0.7,20.0,optimal,2.245615899999393,2.2456167000054847,0.0,0,0,15865.460962360758,295.2709491819242,16160.731911542682,15510.851167576948,15806.122116758872,159655.35544345406,0.0,61.92254087294847,0.0,0.012923429734823966,0.0,False,True,False
main,deterministic,deterministic,2025-07-01,79,True,True,0,,,0.7,20.0,optimal,2.245615899999393,2.2456167000054847,0.0,0,0,15865.460962360758,295.2709491819242,16160.731911542682,16670.140024862267,16965.410974044193,180479.97395569592,0.0,54.63015725137753,0.0,0.0,0.0,False,False,False
main,deterministic,deterministic,2025-07-01,80,True,True,0,,,0.7,20.0,optimal,2.245615899999393,2.2456167000054847,0.0,0,0,15865.460962360758,295.2709491819242,16160.731911542682,16826.43394254347,17121.704891725396,179580.40135846945,1.2553203694052246,56.89622739991403,0.0,0.05343121203707879,0.0,False,True,False
main,deterministic,deterministic,2025-07-01,81,True,True,0,,,0.7,20.0,optimal,2.245615899999393,2.2456167000054847,0.0,0,0,15865.460962360758,295.2709491819242,16160.731911542682,16056.52368273639,16351.794631918314,165517.19679439528,0.7351027909345876,65.64806802956016,0.0,0.0,0.0,False,False,False
main,deterministic,deterministic,2025-07-01,82,True,True,0,,,0.7,20.0,optimal,2.245615899999393,2.2456167000054847,0.0,0,0,15865.460962360758,295.2709491819242,16160.731911542682,15781.36358754711,16076.634536729034,163446.63339573497,0.10910994091825979,49.707886715323575,0.0,0.15560219804032882,0.0,False,True,False
main,deterministic,deterministic,2025-07-01,83,True,True,0,,,0.7,20.0,optimal,2.245615899999393,2.2456167000054847,0.0,0,0,15865.460962360758,295.2709491819242,16160.731911542682,16764.514099698346,17059.785048880272,183809.92430819446,0.25873579613413406,59.02184055552816,0.0,0.0,0.0,False,False,False
main,deterministic,deterministic,2025-07-01,84,True,True,0,,,0.7,20.0,optimal,2.245615899999393,2.2456167000054847,0.0,0,0,15865.460962360758,295.2709491819242,16160.731911542682,16724.174654959057,17019.445604140983,183227.1041764754,0.13607192674363522,55.41372589749015,0.0,0.0,0.0,False,False,False
main,deterministic,deterministic,2025-07-01,85,True,True,0,,,0.7,20.0,optimal,2.245615899999393,2.2456167000054847,0.0,0,0,15865.460962360758,295.2709491819242,16160.731911542682,16384.314623293114,16679.58557247504,171738.38155674603,0.016204522003806454,66.85638594202165,0.0,0.0,0.0,False,False,False
main,deterministic,deterministic,2025-07-01,86,True,True,0,,,0.7,20.0,optimal,2.245615899999393,2.2456167000054847,0.0,0,0,15865.460962360758,295.2709491819242,16160.731911542682,16208.038871090332,16503.309820272258,172204.5208248052,0.21043408399301497,51.850034753628485,0.0,0.0,0.0,False,False,False
main,deterministic,deterministic,2025-07-01,87,True,True,0,,,0.7,20.0,optimal,2.245615899999393,2.2456167000054847,0.0,0,0,15865.460962360758,295.2709491819242,16160.731911542682,15584.364879605298,15879.635828787223,150666.433573451,0.3240291232607341,56.743024341454124,0.0,0.0,0.0,False,False,False
main,deterministic,deterministic,2025-07-01,88,True,True,0,,,0.7,20.0,optimal,2.245615899999393,2.2456167000054847,0.0,0,0,15865.460962360758,295.2709491819242,16160.731911542682,15347.467289743654,15642.738238925578,153879.84141206509,0.03675819878584896,64.87686366172703,0.0,0.0,0.0,False,False,False
main,deterministic,deterministic,2025-07-01,89,True,True,0,,,0.7,20.0,optimal,2.245615899999393,2.2456167000054847,0.0,0,0,15865.460962360758,295.2709491819242,16160.731911542682,16333.441343350407,16628.71229253233,168839.85535729153,0.0,57.041771835139066,0.0,0.0,0.0,False,False,False
main,deterministic,deterministic,2025-07-01,90,True,True,0,,,0.7,20.0,optimal,2.245615899999393,2.2456167000054847,0.0,0,0,15865.460962360758,295.2709491819242,16160.731911542682,15895.690591632287,16190.96154081421,164507.81362489393,0.9747321028567175,61.27444997470362,0.0,0.0,0.0,False,False,False
main,deterministic,deterministic,2025-07-01,91,True,True,0,,,0.7,20.0,optimal,2.245615899999393,2.2456167000054847,0.0,0,0,15865.460962360758,295.2709491819242,16160.731911542682,14939.369232170859,15234.640181352783,143823.76255046006,0.0,55.188814376175074,0.0,0.0,0.0,False,False,False
main,deterministic,deterministic,2025-07-01,92,True,True,0,,,0.7,20.0,optimal,2.245615899999393,2.2456167000054847,0.0,0,0,15865.460962360758,295.2709491819242,16160.731911542682,15599.731587986204,15895.002537168128,158020.64882194824,0.0,44.429652158466375,0.0,0.004270982712410998,0.0,False,True,False
main,deterministic,deterministic,2025-07-01,93,True,True,0,,,0.7,20.0,optimal,2.245615899999393,2.2456167000054847,0.0,0,0,15865.460962360758,295.2709491819242,16160.731911542682,15747.733293941106,16043.00424312303,168845.7358475942,0.4437433700445927,58.57402317442903,0.0,0.0,0.0,False,False,False
main,deterministic,deterministic,2025-07-01,94,True,True,0,,,0.7,20.0,optimal,2.245615899999393,2.2456167000054847,0.0,0,0,15865.460962360758,295.2709491819242,16160.731911542682,15791.64532816235,16086.916277344275,160565.14932183115,0.03900846783832754,53.977046920112365,0.0,0.0,0.0,False,False,False
main,deterministic,deterministic,2025-07-01,95,True,True,0,,,0.7,20.0,optimal,2.245615899999393,2.2456167000054847,0.0,0,0,15865.460962360758,295.2709491819242,16160.731911542682,15425.843877282325,15721.114826464249,157163.67788770146,0.04845091264603371,57.93884254233241,0.0,0.0,0.0,False,False,False
main,deterministic,deterministic,2025-07-01,96,True,True,0,,,0.7,20.0,optimal,2.245615899999393,2.2456167000054847,0.0,0,0,15865.460962360758,295.2709491819242,16160.731911542682,15967.404076088427,16262.675025270351,163582.4884505235,0.324592907869967,55.39101047629895,0.0,0.0,0.0,False,False,False
main,deterministic,deterministic,2025-07-01,97,True,True,0,,,0.7,20.0,optimal,2.245615899999393,2.2456167000054847,0.0,0,0,15865.460962360758,295.2709491819242,16160.731911542682,15733.499699447715,16028.77064862964,160697.33870084546,0.009577515490698352,59.376778336655455,0.0,0.0,0.0,False,False,False
main,deterministic,deterministic,2025-07-01,98,True,True,0,,,0.7,20.0,optimal,2.245615899999393,2.2456167000054847,0.0,0,0,15865.460962360758,295.2709491819242,16160.731911542682,15758.162764366289,16053.433713548213,162640.95095609923,0.11844737176203249,48.660712630528515,0.0,0.0,0.0,False,False,False
main,deterministic,deterministic,2025-07-01,99,True,True,0,,,0.7,20.0,optimal,2.245615899999393,2.2456167000054847,0.0,0,0,15865.460962360758,295.2709491819242,16160.731911542682,15568.315294002912,15863.586243184836,157925.39508679372,0.0850933466826787,56.909654879715944,0.0,0.0,0.0,False,False,False
main,deterministic,deterministic,2025-10-01,0,True,True,0,,,0.7,20.0,optimal,2.266505799998413,2.2665066000045044,0.0,0,0,16307.86066828387,533.9055933035742,16841.766261587443,15386.895016983028,15920.800610286602,175801.2302132603,0.18184393992609027,57.15303727113345,0.0,0.0,0.0,False,False,False
main,deterministic,deterministic,2025-10-01,1,True,True,0,,,0.7,20.0,optimal,2.266505799998413,2.2665066000045044,0.0,0,0,16307.86066828387,533.9055933035742,16841.766261587443,16676.755349052208,17210.660942355782,196193.7931535889,0.34644584070673834,65.60697472747239,0.0,0.0,0.0,False,False,False
main,deterministic,deterministic,2025-10-01,2,True,True,0,,,0.7,20.0,optimal,2.266505799998413,2.2665066000045044,0.0,0,0,16307.86066828387,533.9055933035742,16841.766261587443,15858.251448580673,16392.157041884246,187407.96135724563,0.0,49.288455725501244,0.0,0.0,0.0,False,False,False
main,deterministic,deterministic,2025-10-01,3,True,True,0,,,0.7,20.0,optimal,2.266505799998413,2.2665066000045044,0.0,0,0,16307.86066828387,533.9055933035742,16841.766261587443,16541.08157645606,17074.987169759635,195926.98769493419,0.0,56.537205465008725,0.0,0.0,0.0,False,False,False
main,deterministic,deterministic,2025-10-01,4,True,True,0,,,0.7,20.0,optimal,2.266505799998413,2.2665066000045044,0.0,0,0,16307.86066828387,533.9055933035742,16841.766261587443,16147.784831528956,16681.69042483253,192228.95832755236,0.2228814167693971,52.43756435665707,0.0,0.0,0.0,False,False,False
main,deterministic,deterministic,2025-10-01,5,True,True,0,,,0.7,20.0,optimal,2.266505799998413,2.2665066000045044,0.0,0,0,16307.86066828387,533.9055933035742,16841.766261587443,16579.2282935693,17113.133886872874,206217.73377753454,0.052629203055612805,61.40867638916125,0.0,0.0,0.0,False,False,False
main,deterministic,deterministic,2025-10-01,6,True,True,0,,,0.7,20.0,optimal,2.266505799998413,2.2665066000045044,0.0,0,0,16307.86066828387,533.9055933035742,16841.766261587443,16771.647868104435,17305.55346140801,197872.07629758364,0.06250977872032382,50.5392055104745,0.0,0.0,0.0,False,False,False
main,deterministic,deterministic,2025-10-01,7,True,True,0,,,0.7,20.0,optimal,2.266505799998413,2.2665066000045044,0.0,0,0,16307.86066828387,533.9055933035742,16841.766261587443,15826.424469643709,16360.330062947283,182303.35464319124,0.1693132384411516,55.13077057947154,0.0,0.0,0.0,False,False,False
main,deterministic,deterministic,2025-10-01,8,True,True,0,,,0.7,20.0,optimal,2.266505799998413,2.2665066000045044,0.0,0,0,16307.86066828387,533.9055933035742,16841.766261587443,16283.412447343557,16817.31804064713,195886.65642204985,0.4639081556856809,51.901619446088105,0.0,0.0,0.0,False,False,False
main,deterministic,deterministic,2025-10-01,9,True,True,0,,,0.7,20.0,optimal,2.266505799998413,2.2665066000045044,0.0,0,0,16307.86066828387,533.9055933035742,16841.766261587443,16628.24257098232,17162.148164285893,198932.33649206217,0.0,62.75582494976048,0.0,0.0,0.0,False,False,False
main,deterministic,deterministic,2025-10-01,10,True,True,0,,,0.7,20.0,optimal,2.266505799998413,2.2665066000045044,0.0,0,0,16307.86066828387,533.9055933035742,16841.766261587443,16088.217516957702,16622.123110261276,189893.07763108457,0.0,54.2328163616866,0.0,0.0,0.0,False,False,False
main,deterministic,deterministic,2025-10-01,11,True,True,0,,,0.7,20.0,optimal,2.266505799998413,2.2665066000045044,0.0,0,0,16307.86066828387,533.9055933035742,16841.766261587443,16380.352064891586,16914.257658195158,188727.02797226666,0.10648739958278619,52.206721808979566,0.0,0.0,0.0,False,False,False
main,deterministic,deterministic,2025-10-01,12,True,True,0,,,0.7,20.0,optimal,2.266505799998413,2.2665066000045044,0.0,0,0,16307.86066828387,533.9055933035742,16841.766261587443,16406.30535218407,16940.210945487644,201832.85076283288,0.2721931344285774,49.90469365958137,0.0,0.0,0.0,False,False,False
main,deterministic,deterministic,2025-10-01,13,True,True,0,,,0.7,20.0,optimal,2.266505799998413,2.2665066000045044,0.0,0,0,16307.86066828387,533.9055933035742,16841.766261587443,16893.447682715134,17427.353276018708,202726.61484480347,0.001319816127437673,56.975373158583956,0.0,0.0,0.0,False,False,False
main,deterministic,deterministic,2025-10-01,14,True,True,0,,,0.7,20.0,optimal,2.266505799998413,2.2665066000045044,0.0,0,0,16307.86066828387,533.9055933035742,16841.766261587443,15921.323318595667,16455.22891189924,183302.67445172556,0.0,51.139530046895764,0.0,0.0,0.0,False,False,False
main,deterministic,deterministic,2025-10-01,15,True,True,0,,,0.7,20.0,optimal,2.266505799998413,2.2665066000045044,0.0,0,0,16307.86066828387,533.9055933035742,16841.766261587443,15710.59669053273,16244.502283836304,179481.41666687533,0.20470841427510422,48.42380579414967,0.0,0.0,0.0,False,False,False
main,deterministic,deterministic,2025-10-01,16,True,True,0,,,0.7,20.0,optimal,2.266505799998413,2.2665066000045044,0.0,0,0,16307.86066828387,533.9055933035742,16841.766261587443,15609.461075608808,16143.366668912382,175017.0280428247,0.09797909802898369,52.5691871329718,0.0,0.0,0.0,False,False,False
main,deterministic,deterministic,2025-10-01,17,True,True,0,,,0.7,20.0,optimal,2.266505799998413,2.2665066000045044,0.0,0,0,16307.86066828387,533.9055933035742,16841.766261587443,15809.435395778652,16343.340989082226,182153.952939487,0.0,109.61635300682893,0.0,0.0,1.0043037746571433,False,False,True
main,deterministic,deterministic,2025-10-01,18,True,True,0,,,0.7,20.0,optimal,2.266505799998413,2.2665066000045044,0.0,0,0,16307.86066828387,533.9055933035742,16841.766261587443,16669.409350009824,17203.3149433134,194169.7146885132,0.4445069745224183,58.38617622343051,0.0,0.008417653735533381,0.0,False,True,False
main,deterministic,deterministic,2025-10-01,19,True,True,0,,,0.7,20.0,optimal,2.266505799998413,2.2665066000045044,0.0,0,0,16307.86066828387,533.9055933035742,16841.766261587443,16008.32928885749,16542.234882161065,194106.6390314523,0.0,54.471266015598964,0.0,0.0,0.0,False,False,False
main,deterministic,deterministic,2025-10-01,20,True,True,0,,,0.7,20.0,optimal,2.266505799998413,2.2665066000045044,0.0,0,0,16307.86066828387,533.9055933035742,16841.766261587443,16586.544672864224,17120.450266167798,200022.31904077713,0.0,50.11178087664273,0.0,0.0,0.0,False,False,False
main,deterministic,deterministic,2025-10-01,21,True,True,0,,,0.7,20.0,optimal,2.266505799998413,2.2665066000045044,0.0,0,0,16307.86066828387,533.9055933035742,16841.766261587443,15921.65460627159,16455.560199575164,181287.86111337075,0.07332934249675932,50.54881457854636,0.0,0.0,0.0,False,False,False
main,deterministic,deterministic,2025-10-01,22,True,True,0,,,0.7,20.0,optimal,2.266505799998413,2.2665066000045044,0.0,0,0,16307.86066828387,533.9055933035742,16841.766261587443,16468.774825480294,17002.680418783868,195696.1563380739,0.0,52.8821918789227,0.0,0.0,0.0,False,False,False
main,deterministic,deterministic,2025-10-01,23,True,True,0,,,0.7,20.0,optimal,2.266505799998413,2.2665066000045044,0.0,0,0,16307.86066828387,533.9055933035742,16841.766261587443,16666.4044377275,17200.310031031073,195006.0794163287,0.0,53.251748873568374,0.0,0.0,0.0,False,False,False
main,deterministic,deterministic,2025-10-01,24,True,True,0,,,0.7,20.0,optimal,2.266505799998413,2.2665066000045044,0.0,0,0,16307.86066828387,533.9055933035742,16841.766261587443,16285.437627766016,16819.34322106959,186316.5890867404,0.0,60.818073672636174,0.0,0.0,0.0,False,False,False
main,deterministic,deterministic,2025-10-01,25,True,True,0,,,0.7,20.0,optimal,2.266505799998413,2.2665066000045044,0.0,0,0,16307.86066828387,533.9055933035742,16841.766261587443,17724.21781124754,18258.123404551116,226373.51024720425,0.0,49.813734325730344,0.0,0.0,0.0,False,False,False
main,deterministic,deterministic,2025-10-01,26,True,True,0,,,0.7,20.0,optimal,2.266505799998413,2.2665066000045044,0.0,0,0,16307.86066828387,533.9055933035742,16841.766261587443,16074.699036037955,16608.604629341527,192682.3054621971,0.062080319826547825,61.302205641948895,0.0,0.0,0.0,False,False,False
main,deterministic,deterministic,2025-10-01,27,True,True,0,,,0.7,20.0,optimal,2.266505799998413,2.2665066000045044,0.0,0,0,16307.86066828387,533.9055933035742,16841.766261587443,15373.380805999757,15907.286399303332,176190.25451603893,0.6042909164014513,61.477786706051084,0.0,0.0,0.0,False,False,False
main,deterministic,deterministic,2025-10-01,28,True,True,0,,,0.7,20.0,optimal,2.266505799998413,2.2665066000045044,0.0,0,0,16307.86066828387,533.9055933035742,16841.766261587443,16464.484638099246,16998.39023140282,191572.36603290736,0.30368190025793695,45.631788901559126,0.0,0.0,0.0,False,False,False
main,deterministic,deterministic,2025-10-01,29,True,True,0,,,0.7,20.0,optimal,2.266505799998413,2.2665066000045044,0.0,0,0,16307.86066828387,533.9055933035742,16841.766261587443,16524.523845638912,17058.429438942487,202798.32958370805,0.0,43.64770431365471,0.0,0.0,0.0,False,False,False
main,deterministic,deterministic,2025-10-01,30,True,True,0,,,0.7,20.0,optimal,2.266505799998413,2.2665066000045044,0.0,0,0,16307.86066828387,533.9055933035742,16841.766261587443,15608.427149537574,16142.332742841149,169607.63927180303,0.1894127175974576,52.21729825839722,0.0,0.0,0.0,False,False,False
main,deterministic,deterministic,2025-10-01,31,True,True,0,,,0.7,20.0,optimal,2.266505799998413,2.2665066000045044,0.0,0,0,16307.86066828387,533.9055933035742,16841.766261587443,16803.42134350433,17337.326936807905,210322.66498456293,0.0,50.748969496975725,0.0,0.0,0.0,False,False,False
main,deterministic,deterministic,2025-10-01,32,True,True,0,,,0.7,20.0,optimal,2.266505799998413,2.2665066000045044,0.0,0,0,16307.86066828387,533.9055933035742,16841.766261587443,16195.707564416502,16729.613157720076,189437.6804789445,0.0,59.71473567624484,0.0,0.0,0.0,False,False,False
main,deterministic,deterministic,2025-10-01,33,True,True,0,,,0.7,20.0,optimal,2.266505799998413,2.2665066000045044,0.0,0,0,16307.86066828387,533.9055933035742,16841.766261587443,17617.63636244636,18151.541955749934,225391.8836759015,0.044782760255551,68.46231821767216,0.0,0.0,0.0,False,False,False
main,deterministic,deterministic,2025-10-01,34,True,True,0,,,0.7,20.0,optimal,2.266505799998413,2.2665066000045044,0.0,0,0,16307.86066828387,533.9055933035742,16841.766261587443,16693.813648841748,17227.719242145322,199094.7525784706,0.06032337477147287,54.56221482380061,0.0,0.0,0.0,False,False,False
main,deterministic,deterministic,2025-10-01,35,True,True,0,,,0.7,20.0,optimal,2.266505799998413,2.2665066000045044,0.0,0,0,16307.86066828387,533.9055933035742,16841.766261587443,16048.065499128343,16581.971092431915,182295.7988243302,0.0,57.72354916569843,0.0,0.0,0.0,False,False,False
main,deterministic,deterministic,2025-10-01,36,True,True,0,,,0.7,20.0,optimal,2.266505799998413,2.2665066000045044,0.0,0,0,16307.86066828387,533.9055933035742,16841.766261587443,15798.437108589991,16332.342701893565,179948.6293811179,0.0,64.35069568095116,0.0,0.0,0.0,False,False,False
main,deterministic,deterministic,2025-10-01,37,True,True,0,,,0.7,20.0,optimal,2.266505799998413,2.2665066000045044,0.0,0,0,16307.86066828387,533.9055933035742,16841.766261587443,16159.41131063796,16693.316903941533,189615.31722176645,0.06912570356451808,43.66508946891324,0.0,0.0,0.0,False,False,False
main,deterministic,deterministic,2025-10-01,38,True,True,0,,,0.7,20.0,optimal,2.266505799998413,2.2665066000045044,0.0,0,0,16307.86066828387,533.9055933035742,16841.766261587443,15999.846653911945,16533.752247215518,189769.20549078603,0.0,51.73069901792528,0.0,0.0,0.0,False,False,False
main,deterministic,deterministic,2025-10-01,39,True,True,0,,,0.7,20.0,optimal,2.266505799998413,2.2665066000045044,0.0,0,0,16307.86066828387,533.9055933035742,16841.766261587443,16564.59808779357,17098.503681097143,200065.55180776445,0.0,43.05542879724109,0.0,0.0,0.0,False,False,False
main,deterministic,deterministic,2025-10-01,40,True,True,0,,,0.7,20.0,optimal,2.266505799998413,2.2665066000045044,0.0,0,0,16307.86066828387,533.9055933035742,16841.766261587443,16892.60185716185,17426.507450465426,201755.82715070146,0.38820534848621,47.770656808678254,0.0,0.0,0.0,False,False,False
main,deterministic,deterministic,2025-10-01,41,True,True,0,,,0.7,20.0,optimal,2.266505799998413,2.2665066000045044,0.0,0,0,16307.86066828387,533.9055933035742,16841.766261587443,16416.64150229296,16950.547095596536,196900.4072028004,0.019313650098161217,41.611328413997576,0.0,0.0,0.0,False,False,False
main,deterministic,deterministic,2025-10-01,42,True,True,0,,,0.7,20.0,optimal,2.266505799998413,2.2665066000045044,0.0,0,0,16307.86066828387,533.9055933035742,16841.766261587443,16661.527172560218,17195.432765863792,197768.75338701336,0.12103360304559835,59.51912208877736,0.0,0.0,0.0,False,False,False
main,deterministic,deterministic,2025-10-01,43,True,True,0,,,0.7,20.0,optimal,2.266505799998413,2.2665066000045044,0.0,0,0,16307.86066828387,533.9055933035742,16841.766261587443,15661.831049465587,16195.736642769161,177583.2307972861,0.0,58.92297582477505,0.0,0.0,0.0,False,False,False
main,deterministic,deterministic,2025-10-01,44,True,True,0,,,0.7,20.0,optimal,2.266505799998413,2.2665066000045044,0.0,0,0,16307.86066828387,533.9055933035742,16841.766261587443,16112.435625283542,16646.341218587117,185511.59225399827,0.0019256684169630667,57.57449976048246,0.0,0.0,0.0,False,False,False
main,deterministic,deterministic,2025-10-01,45,True,True,0,,,0.7,20.0,optimal,2.266505799998413,2.2665066000045044,0.0,0,0,16307.86066828387,533.9055933035742,16841.766261587443,16805.773472320423,17339.679065623997,202978.730713001,0.0,57.32081285086074,0.0,0.0,0.0,False,False,False
main,deterministic,deterministic,2025-10-01,46,True,True,0,,,0.7,20.0,optimal,2.266505799998413,2.2665066000045044,0.0,0,0,16307.86066828387,533.9055933035742,16841.766261587443,16429.394830781333,16963.300424084908,194699.0049018612,0.341493548492696,56.52578788006299,0.0,0.08755954463179805,0.0,False,True,False
main,deterministic,deterministic,2025-10-01,47,True,True,0,,,0.7,20.0,optimal,2.266505799998413,2.2665066000045044,0.0,0,0,16307.86066828387,533.9055933035742,16841.766261587443,16481.37519128348,17015.280784587056,202245.75798865382,0.004887649588211307,55.16016538144224,0.0,0.0813052848539011,0.0,False,True,False
main,deterministic,deterministic,2025-10-01,48,True,True,0,,,0.7,20.0,optimal,2.266505799998413,2.2665066000045044,0.0,0,0,16307.86066828387,533.9055933035742,16841.766261587443,17136.44890298223,17670.354496285803,212192.87905656,0.12832809752150887,54.2017204943541,0.0,0.0,0.0,False,False,False
main,deterministic,deterministic,2025-10-01,49,True,True,0,,,0.7,20.0,optimal,2.266505799998413,2.2665066000045044,0.0,0,0,16307.86066828387,533.9055933035742,16841.766261587443,16552.545051192672,17086.450644496246,206833.41775464898,0.005094018887024099,59.84271887615433,0.0,0.0,0.0,False,False,False
main,deterministic,deterministic,2025-10-01,50,True,True,0,,,0.7,20.0,optimal,2.266505799998413,2.2665066000045044,0.0,0,0,16307.86066828387,533.9055933035742,16841.766261587443,16207.655846162743,16741.561439466317,194992.68380799147,0.0,60.43498970951946,0.0,0.0,0.0,False,False,False
main,deterministic,deterministic,2025-10-01,51,True,True,0,,,0.7,20.0,optimal,2.266505799998413,2.2665066000045044,0.0,0,0,16307.86066828387,533.9055933035742,16841.766261587443,15870.87696519079,16404.782558494364,184777.41533415255,0.4149290271709657,55.42760062732073,0.0,0.0,0.0,False,False,False
main,deterministic,deterministic,2025-10-01,52,True,True,0,,,0.7,20.0,optimal,2.266505799998413,2.2665066000045044,0.0,0,0,16307.86066828387,533.9055933035742,16841.766261587443,16990.12374618877,17524.029339492343,208843.10551205726,0.037449387136297696,59.31924916185825,0.0,0.0,0.0,False,False,False
main,deterministic,deterministic,2025-10-01,53,True,True,0,,,0.7,20.0,optimal,2.266505799998413,2.2665066000045044,0.0,0,0,16307.86066828387,533.9055933035742,16841.766261587443,16363.860323777119,16897.76591708069,189231.74231450778,0.0,50.768334487163244,0.0,0.0,0.0,False,False,False
main,deterministic,deterministic,2025-10-01,54,True,True,0,,,0.7,20.0,optimal,2.266505799998413,2.2665066000045044,0.0,0,0,16307.86066828387,533.9055933035742,16841.766261587443,16938.864673930304,17472.77026723388,205098.2002596334,0.0,52.73345999009976,0.0,0.0,0.0,False,False,False
main,deterministic,deterministic,2025-10-01,55,True,True,0,,,0.7,20.0,optimal,2.266505799998413,2.2665066000045044,0.0,0,0,16307.86066828387,533.9055933035742,16841.766261587443,16417.707641383324,16951.613234686898,192506.15662535283,0.0,60.27914912862926,0.0,0.0,0.0,False,False,False
main,deterministic,deterministic,2025-10-01,56,True,True,0,,,0.7,20.0,optimal,2.266505799998413,2.2665066000045044,0.0,0,0,16307.86066828387,533.9055933035742,16841.766261587443,16404.13648462603,16938.042077929604,196124.19033804777,0.0,44.33661593445347,0.0,0.0,0.0,False,False,False
main,deterministic,deterministic,2025-10-01,57,True,True,0,,,0.7,20.0,optimal,2.266505799998413,2.2665066000045044,0.0,0,0,16307.86066828387,533.9055933035742,16841.766261587443,16284.909074668505,16818.814667972078,190462.1675814638,0.0,51.75312959694465,0.0,0.0,0.0,False,False,False
main,deterministic,deterministic,2025-10-01,58,True,True,0,,,0.7,20.0,optimal,2.266505799998413,2.2665066000045044,0.0,0,0,16307.86066828387,533.9055933035742,16841.766261587443,17187.530166460798,17721.435759764372,212473.15159701434,0.12289979853254751,62.354826245736234,0.0,0.0380737302729961,0.0,False,True,False
main,deterministic,deterministic,2025-10-01,59,True,True,0,,,0.7,20.0,optimal,2.266505799998413,2.2665066000045044,0.0,0,0,16307.86066828387,533.9055933035742,16841.766261587443,17170.956491089622,17704.862084393197,212371.50242366455,0.0,56.05232010880533,0.0,0.015813084710109226,0.0,False,True,False
main,deterministic,deterministic,2025-10-01,60,True,True,0,,,0.7,20.0,optimal,2.266505799998413,2.2665066000045044,0.0,0,0,16307.86066828387,533.9055933035742,16841.766261587443,16362.968709053921,16896.874302357493,199373.8769223643,0.0,52.39046542897259,0.0,0.0,0.0,False,False,False
main,deterministic,deterministic,2025-10-01,61,True,True,0,,,0.7,20.0,optimal,2.266505799998413,2.2665066000045044,0.0,0,0,16307.86066828387,533.9055933035742,16841.766261587443,16410.350225902046,16944.25581920562,197197.6795468736,0.0,43.75354187944389,0.0,0.0,0.0,False,False,False
main,deterministic,deterministic,2025-10-01,62,True,True,0,,,0.7,20.0,optimal,2.266505799998413,2.2665066000045044,0.0,0,0,16307.86066828387,533.9055933035742,16841.766261587443,15772.345396111783,16306.250989415357,179690.81551706998,0.0,58.00279849004037,0.0,0.0,0.0,False,False,False
main,deterministic,deterministic,2025-10-01,63,True,True,0,,,0.7,20.0,optimal,2.266505799998413,2.2665066000045044,0.0,0,0,16307.86066828387,533.9055933035742,16841.766261587443,16701.21969453665,17235.125287840223,192248.57276960576,0.4440187999220018,63.3368486178413,0.0,0.0,0.0,False,False,False
main,deterministic,deterministic,2025-10-01,64,True,True,0,,,0.7,20.0,optimal,2.266505799998413,2.2665066000045044,0.0,0,0,16307.86066828387,533.9055933035742,16841.766261587443,15977.620932884514,16511.52652618809,181155.65064120377,0.0,50.42973922843789,0.0,0.0,0.0,False,False,False
main,deterministic,deterministic,2025-10-01,65,True,True,0,,,0.7,20.0,optimal,2.266505799998413,2.2665066000045044,0.0,0,0,16307.86066828387,533.9055933035742,16841.766261587443,16848.419927465988,17382.325520769562,194563.75179987264,0.0,59.03956694591718,0.0,0.0,0.0,False,False,False
main,deterministic,deterministic,2025-10-01,66,True,True,0,,,0.7,20.0,optimal,2.266505799998413,2.2665066000045044,0.0,0,0,16307.86066828387,533.9055933035742,16841.766261587443,16691.788682037775,17225.69427534135,202043.91051904246,0.0,65.73205391703034,0.0,0.0,0.0,False,False,False
main,deterministic,deterministic,2025-10-01,67,True,True,0,,,0.7,20.0,optimal,2.266505799998413,2.2665066000045044,0.0,0,0,16307.86066828387,533.9055933035742,16841.766261587443,15784.54181834824,16318.447411651814,175911.13055324505,0.0,55.14531756674684,0.0,0.0,0.0,False,False,False
main,deterministic,deterministic,2025-10-01,68,True,True,0,,,0.7,20.0,optimal,2.266505799998413,2.2665066000045044,0.0,0,0,16307.86066828387,533.9055933035742,16841.766261587443,17397.74159367618,17931.647186979753,219537.1874918887,0.23494900260152163,57.63577419959922,0.0,0.0,0.0,False,False,False
main,deterministic,deterministic,2025-10-01,69,True,True,0,,,0.7,20.0,optimal,2.266505799998413,2.2665066000045044,0.0,0,0,16307.86066828387,533.9055933035742,16841.766261587443,17157.98103999412,17691.886633297694,215150.56833991528,0.431531730320908,60.07302503249435,0.0,0.0,0.0,False,False,False
main,deterministic,deterministic,2025-10-01,70,True,True,0,,,0.7,20.0,optimal,2.266505799998413,2.2665066000045044,0.0,0,0,16307.86066828387,533.9055933035742,16841.766261587443,16775.660917547444,17309.56651085102,206129.5288130476,0.0,57.57077461092526,0.0,0.0,0.0,False,False,False
main,deterministic,deterministic,2025-10-01,71,True,True,0,,,0.7,20.0,optimal,2.266505799998413,2.2665066000045044,0.0,0,0,16307.86066828387,533.9055933035742,16841.766261587443,15893.652547097425,16427.558140400997,186795.10610806668,0.5076133963087833,62.96731664326236,0.0,0.0,0.0,False,False,False
main,deterministic,deterministic,2025-10-01,72,True,True,0,,,0.7,20.0,optimal,2.266505799998413,2.2665066000045044,0.0,0,0,16307.86066828387,533.9055933035742,16841.766261587443,16129.176728351213,16663.082321654787,188417.35205106018,0.308549033350301,61.31954194587957,0.0,0.0,0.0,False,False,False
main,deterministic,deterministic,2025-10-01,73,True,True,0,,,0.7,20.0,optimal,2.266505799998413,2.2665066000045044,0.0,0,0,16307.86066828387,533.9055933035742,16841.766261587443,16396.24305249539,16930.148645798963,191236.3434999573,0.027631315381426713,52.88303823803855,0.0,0.0,0.0,False,False,False
main,deterministic,deterministic,2025-10-01,74,True,True,0,,,0.7,20.0,optimal,2.266505799998413,2.2665066000045044,0.0,0,0,16307.86066828387,533.9055933035742,16841.766261587443,16063.597968196067,16597.50356149964,179401.26450028986,0.0,57.72240337802248,0.0,0.0,0.0,False,False,False
main,deterministic,deterministic,2025-10-01,75,True,True,0,,,0.7,20.0,optimal,2.266505799998413,2.2665066000045044,0.0,0,0,16307.86066828387,533.9055933035742,16841.766261587443,16558.2928270087,17092.198420312274,197132.3415742333,0.03907898136872892,54.09959124834993,0.0,0.0,0.0,False,False,False
main,deterministic,deterministic,2025-10-01,76,True,True,0,,,0.7,20.0,optimal,2.266505799998413,2.2665066000045044,0.0,0,0,16307.86066828387,533.9055933035742,16841.766261587443,17021.626259154837,17555.53185245841,213460.89671457707,0.0,56.693290101544285,0.0,0.0,0.0,False,False,False
main,deterministic,deterministic,2025-10-01,77,True,True,0,,,0.7,20.0,optimal,2.266505799998413,2.2665066000045044,0.0,0,0,16307.86066828387,533.9055933035742,16841.766261587443,16055.038067687372,16588.943660990946,179394.32443598026,0.19948011092662682,55.388841138944784,0.0,0.0,0.0,False,False,False
main,deterministic,deterministic,2025-10-01,78,True,True,0,,,0.7,20.0,optimal,2.266505799998413,2.2665066000045044,0.0,0,0,16307.86066828387,533.9055933035742,16841.766261587443,15983.323311150238,16517.228904453812,183917.293679207,0.03599023132896151,54.11966772570564,0.0,0.0,0.0,False,False,False
main,deterministic,deterministic,2025-10-01,79,True,True,0,,,0.7,20.0,optimal,2.266505799998413,2.2665066000045044,0.0,0,0,16307.86066828387,533.9055933035742,16841.766261587443,17051.68360638298,17585.589199686554,207160.74012539224,0.0,52.34871904387369,0.0,0.0,0.0,False,False,False
main,deterministic,deterministic,2025-10-01,80,True,True,0,,,0.7,20.0,optimal,2.266505799998413,2.2665066000045044,0.0,0,0,16307.86066828387,533.9055933035742,16841.766261587443,16821.087539593733,17354.993132897307,206199.75301209826,0.0,52.41898124035526,0.0,0.07852415418006586,0.0,False,True,False
main,deterministic,deterministic,2025-10-01,81,True,True,0,,,0.7,20.0,optimal,2.266505799998413,2.2665066000045044,0.0,0,0,16307.86066828387,533.9055933035742,16841.766261587443,16572.188491987552,17106.094085291126,192092.13830539217,0.16527537543200066,62.07389367815804,0.0,0.0,0.0,False,False,False
main,deterministic,deterministic,2025-10-01,82,True,True,0,,,0.7,20.0,optimal,2.266505799998413,2.2665066000045044,0.0,0,0,16307.86066828387,533.9055933035742,16841.766261587443,16050.041185434793,16583.946778738366,187306.85286601383,0.0,49.225217018223155,0.0,0.0,0.0,False,False,False
main,deterministic,deterministic,2025-10-01,83,True,True,0,,,0.7,20.0,optimal,2.266505799998413,2.2665066000045044,0.0,0,0,16307.86066828387,533.9055933035742,16841.766261587443,16932.56923025597,17466.474823559543,209704.3061199448,0.5152925753370738,53.23869604141467,0.0,0.0,0.0,False,False,False
main,deterministic,deterministic,2025-10-01,84,True,True,0,,,0.7,20.0,optimal,2.266505799998413,2.2665066000045044,0.0,0,0,16307.86066828387,533.9055933035742,16841.766261587443,17263.16812970171,17797.073723005284,209668.1682439504,0.7570137766432405,51.55837531754916,0.0,0.0,0.0,False,False,False
main,deterministic,deterministic,2025-10-01,85,True,True,0,,,0.7,20.0,optimal,2.266505799998413,2.2665066000045044,0.0,0,0,16307.86066828387,533.9055933035742,16841.766261587443,16670.62646695312,17204.532060256694,198976.879443911,0.29326929963018333,60.72406052304929,0.0,0.0,0.0,False,False,False
main,deterministic,deterministic,2025-10-01,86,True,True,0,,,0.7,20.0,optimal,2.266505799998413,2.2665066000045044,0.0,0,0,16307.86066828387,533.9055933035742,16841.766261587443,16679.492399221104,17213.39799252468,197571.31336421505,0.0,48.421933831912746,0.0,0.0,0.0,False,False,False
main,deterministic,deterministic,2025-10-01,87,True,True,0,,,0.7,20.0,optimal,2.266505799998413,2.2665066000045044,0.0,0,0,16307.86066828387,533.9055933035742,16841.766261587443,15614.619997967093,16148.525591270667,174684.16209058382,0.004742950326517337,54.482131847637845,0.0,0.0,0.0,False,False,False
main,deterministic,deterministic,2025-10-01,88,True,True,0,,,0.7,20.0,optimal,2.266505799998413,2.2665066000045044,0.0,0,0,16307.86066828387,533.9055933035742,16841.766261587443,16013.456496498848,16547.36208980242,177866.3856094099,0.034865958134100206,59.05139214883155,0.0,0.0,0.0,False,False,False
main,deterministic,deterministic,2025-10-01,89,True,True,0,,,0.7,20.0,optimal,2.266505799998413,2.2665066000045044,0.0,0,0,16307.86066828387,533.9055933035742,16841.766261587443,16441.891521034708,16975.797114338282,194328.25603829089,0.0,56.017244693684106,0.0,0.0,0.0,False,False,False
main,deterministic,deterministic,2025-10-01,90,True,True,0,,,0.7,20.0,optimal,2.266505799998413,2.2665066000045044,0.0,0,0,16307.86066828387,533.9055933035742,16841.766261587443,16219.699169555879,16753.604762859453,189682.7758524001,0.049303720625661296,59.03127739061504,0.0,0.0,0.0,False,False,False
main,deterministic,deterministic,2025-10-01,91,True,True,0,,,0.7,20.0,optimal,2.266505799998413,2.2665066000045044,0.0,0,0,16307.86066828387,533.9055933035742,16841.766261587443,15526.35125313398,16060.256846437554,167897.09829186863,0.5831018618552706,54.973897855469446,0.0,0.0,0.0,False,False,False
main,deterministic,deterministic,2025-10-01,92,True,True,0,,,0.7,20.0,optimal,2.266505799998413,2.2665066000045044,0.0,0,0,16307.86066828387,533.9055933035742,16841.766261587443,16317.663543863877,16851.56913716745,182749.2584702182,0.0,44.353305823169066,0.0,0.0,0.0,False,False,False
main,deterministic,deterministic,2025-10-01,93,True,True,0,,,0.7,20.0,optimal,2.266505799998413,2.2665066000045044,0.0,0,0,16307.86066828387,533.9055933035742,16841.766261587443,16218.805705998859,16752.71129930243,195483.7086456458,0.6286250921559894,56.59252712404793,0.0,0.0,0.0,False,False,False
main,deterministic,deterministic,2025-10-01,94,True,True,0,,,0.7,20.0,optimal,2.266505799998413,2.2665066000045044,0.0,0,0,16307.86066828387,533.9055933035742,16841.766261587443,15914.669316348136,16448.57490965171,185714.5207184095,0.0,100.3767512048235,0.0,0.0,0.8839674092082503,False,False,True
main,deterministic,deterministic,2025-10-01,95,True,True,0,,,0.7,20.0,optimal,2.266505799998413,2.2665066000045044,0.0,0,0,16307.86066828387,533.9055933035742,16841.766261587443,15942.42264818321,16476.328241486783,182795.27721574623,0.0,57.538801075184324,0.0,0.0,0.0,False,False,False
main,deterministic,deterministic,2025-10-01,96,True,True,0,,,0.7,20.0,optimal,2.266505799998413,2.2665066000045044,0.0,0,0,16307.86066828387,533.9055933035742,16841.766261587443,16142.608065269635,16676.513658573207,189118.94522253014,0.12406774906877352,52.57454976385377,0.0,0.017471710843604882,0.0,False,True,False
main,deterministic,deterministic,2025-10-01,97,True,True,0,,,0.7,20.0,optimal,2.266505799998413,2.2665066000045044,0.0,0,0,16307.86066828387,533.9055933035742,16841.766261587443,16168.677333776377,16702.58292707995,187274.61955202548,0.0,56.24880813929619,0.0,0.0,0.0,False,False,False
main,deterministic,deterministic,2025-10-01,98,True,True,0,,,0.7,20.0,optimal,2.266505799998413,2.2665066000045044,0.0,0,0,16307.86066828387,533.9055933035742,16841.766261587443,16294.412915110264,16828.31850841384,187602.73656312417,0.0,47.87670277442275,0.0,0.0,0.0,False,False,False
main,deterministic,deterministic,2025-10-01,99,True,True,0,,,0.7,20.0,optimal,2.266505799998413,2.2665066000045044,0.0,0,0,16307.86066828387,533.9055933035742,16841.766261587443,16035.727241176992,16569.632834480566,184689.15413826762,0.2028494161684713,56.085525556320825,0.0,0.0,0.0,False,False,False
main,tv_dro_rho_0p01,tv_dro,2025-01-01,0,True,True,20,,0.01,0.7,20.0,optimal_decomposed,70.64092839999648,70.64017180001247,0.0,1,2,15664.811973990283,174.34157851920895,15839.153552509491,14832.553443757975,15006.895022277184,170163.09256768847,0.7281137680854124,51.26838273584118,0.0,0.0,0.0,False,False,False
main,tv_dro_rho_0p01,tv_dro,2025-01-01,1,True,True,20,,0.01,0.7,20.0,optimal_decomposed,70.64092839999648,70.64017180001247,0.0,1,2,15664.811973990283,174.34157851920895,15839.153552509491,15840.407390161114,16014.748968680322,190409.61614463208,0.08684864855887026,57.85610393795602,0.0,0.0,0.0,False,False,False
main,tv_dro_rho_0p01,tv_dro,2025-01-01,2,True,True,20,,0.01,0.7,20.0,optimal_decomposed,70.64092839999648,70.64017180001247,0.0,1,2,15664.811973990283,174.34157851920895,15839.153552509491,15497.886896701955,15672.228475221164,180761.45024469687,0.08188014820472636,45.193548710275586,0.0,0.0,0.0,False,False,False
main,tv_dro_rho_0p01,tv_dro,2025-01-01,3,True,True,20,,0.01,0.7,20.0,optimal_decomposed,70.64092839999648,70.64017180001247,0.0,1,2,15664.811973990283,174.34157851920895,15839.153552509491,15724.278791857201,15898.62037037641,189711.24119036828,0.0,52.271639323607246,0.0,0.0,0.0,False,False,False
main,tv_dro_rho_0p01,tv_dro,2025-01-01,4,True,True,20,,0.01,0.7,20.0,optimal_decomposed,70.64092839999648,70.64017180001247,0.0,1,2,15664.811973990283,174.34157851920895,15839.153552509491,15643.0968157457,15817.438394264907,185346.27592243865,0.0632302808889269,49.704921717919774,0.0,0.0,0.0,False,False,False
main,tv_dro_rho_0p01,tv_dro,2025-01-01,5,True,True,20,,0.01,0.7,20.0,optimal_decomposed,70.64092839999648,70.64017180001247,0.0,1,2,15664.811973990283,174.34157851920895,15839.153552509491,16040.436045281334,16214.777623800543,200962.3368306127,0.0,53.722686102696606,0.0,0.0,0.0,False,False,False
main,tv_dro_rho_0p01,tv_dro,2025-01-01,6,True,True,20,,0.01,0.7,20.0,optimal_decomposed,70.64092839999648,70.64017180001247,0.0,1,2,15664.811973990283,174.34157851920895,15839.153552509491,15935.54147399055,16109.883052509758,194199.70702239068,0.10345948889877571,46.997726127346034,0.0,0.0,0.0,False,False,False
main,tv_dro_rho_0p01,tv_dro,2025-01-01,7,True,True,20,,0.01,0.7,20.0,optimal_decomposed,70.64092839999648,70.64017180001247,0.0,1,2,15664.811973990283,174.34157851920895,15839.153552509491,15292.9530057462,15467.294584265408,175694.79145627056,0.019384031851351097,49.81176462839664,0.0,0.0,0.0,False,False,False
main,tv_dro_rho_0p01,tv_dro,2025-01-01,8,True,True,20,,0.01,0.7,20.0,optimal_decomposed,70.64092839999648,70.64017180001247,0.0,1,2,15664.811973990283,174.34157851920895,15839.153552509491,15837.614788240082,16011.95636675929,190243.6146376915,0.15842303005788594,52.431171581668195,0.0,0.0,0.0,False,False,False
main,tv_dro_rho_0p01,tv_dro,2025-01-01,9,True,True,20,,0.01,0.7,20.0,optimal_decomposed,70.64092839999648,70.64017180001247,0.0,1,2,15664.811973990283,174.34157851920895,15839.153552509491,15840.21368031126,16014.555258830469,192723.2723356204,0.03048439734246572,59.65957357483413,0.0,0.0,0.0,False,False,False
main,tv_dro_rho_0p01,tv_dro,2025-01-01,10,True,True,20,,0.01,0.7,20.0,optimal_decomposed,70.64092839999648,70.64017180001247,0.0,1,2,15664.811973990283,174.34157851920895,15839.153552509491,15511.098021636155,15685.439600155363,183550.73893663852,0.3197696886039919,52.075747014301044,0.0,0.0,0.0,False,False,False
main,tv_dro_rho_0p01,tv_dro,2025-01-01,11,True,True,20,,0.01,0.7,20.0,optimal_decomposed,70.64092839999648,70.64017180001247,0.0,1,2,15664.811973990283,174.34157851920895,15839.153552509491,15265.06899657593,15439.410575095138,183433.26281800083,0.0031602619475429305,42.97386765505335,0.0,0.0,0.0,False,False,False
main,tv_dro_rho_0p01,tv_dro,2025-01-01,12,True,True,20,,0.01,0.7,20.0,optimal_decomposed,70.64092839999648,70.64017180001247,0.0,1,2,15664.811973990283,174.34157851920895,15839.153552509491,15855.327738381178,16029.669316900387,195921.9096448335,0.0,44.83070279322198,0.0,0.0,0.0,False,False,False
main,tv_dro_rho_0p01,tv_dro,2025-01-01,13,True,True,20,,0.01,0.7,20.0,optimal_decomposed,70.64092839999648,70.64017180001247,0.0,1,2,15664.811973990283,174.34157851920895,15839.153552509491,16096.661838485048,16271.003417004256,198447.27421120377,0.3410944803751823,53.4750878328659,0.0,0.0,0.0,False,False,False
main,tv_dro_rho_0p01,tv_dro,2025-01-01,14,True,True,20,,0.01,0.7,20.0,optimal_decomposed,70.64092839999648,70.64017180001247,0.0,1,2,15664.811973990283,174.34157851920895,15839.153552509491,15340.743281946787,15515.084860465995,178107.54379143068,0.0,50.818015823704236,0.0,0.0,0.0,False,False,False
main,tv_dro_rho_0p01,tv_dro,2025-01-01,15,True,True,20,,0.01,0.7,20.0,optimal_decomposed,70.64092839999648,70.64017180001247,0.0,1,2,15664.811973990283,174.34157851920895,15839.153552509491,15347.299207811358,15521.640786330567,174291.2511066149,0.021678658843421378,44.95120306508841,0.0,0.0,0.0,False,False,False
main,tv_dro_rho_0p01,tv_dro,2025-01-01,16,True,True,20,,0.01,0.7,20.0,optimal_decomposed,70.64092839999648,70.64017180001247,0.0,1,2,15664.811973990283,174.34157851920895,15839.153552509491,15074.812702091895,15249.154280611103,170877.27702219423,0.03606366855062573,47.448706010235654,0.0,0.0,0.0,False,False,False
main,tv_dro_rho_0p01,tv_dro,2025-01-01,17,True,True,20,,0.01,0.7,20.0,optimal_decomposed,70.64092839999648,70.64017180001247,0.0,1,2,15664.811973990283,174.34157851920895,15839.153552509491,15323.68363780769,15498.025216326898,177954.41834604848,0.11524810548649778,56.282088383039856,0.0,0.0,0.0,False,False,False
main,tv_dro_rho_0p01,tv_dro,2025-01-01,18,True,True,20,,0.01,0.7,20.0,optimal_decomposed,70.64092839999648,70.64017180001247,0.0,1,2,15664.811973990283,174.34157851920895,15839.153552509491,15705.153365268972,15879.49494378818,190245.00364701153,0.0,55.13315686623538,0.0,0.0,0.0,False,False,False
main,tv_dro_rho_0p01,tv_dro,2025-01-01,19,True,True,20,,0.01,0.7,20.0,optimal_decomposed,70.64092839999648,70.64017180001247,0.0,1,2,15664.811973990283,174.34157851920895,15839.153552509491,15572.925848045164,15747.267426564373,189499.9978910009,0.09807598923286576,52.02074721549849,0.0,0.0,0.0,False,False,False
main,tv_dro_rho_0p01,tv_dro,2025-01-01,20,True,True,20,,0.01,0.7,20.0,optimal_decomposed,70.64092839999648,70.64017180001247,0.0,1,2,15664.811973990283,174.34157851920895,15839.153552509491,16104.270436329249,16278.612014848457,194008.4550625256,0.0,46.950965420805616,0.0,0.0,0.0,False,False,False
main,tv_dro_rho_0p01,tv_dro,2025-01-01,21,True,True,20,,0.01,0.7,20.0,optimal_decomposed,70.64092839999648,70.64017180001247,0.0,1,2,15664.811973990283,174.34157851920895,15839.153552509491,15163.29562998606,15337.637208505268,174885.71868104613,0.14558437698452803,44.60899064658956,0.0,0.0,0.0,False,False,False
main,tv_dro_rho_0p01,tv_dro,2025-01-01,22,True,True,20,,0.01,0.7,20.0,optimal_decomposed,70.64092839999648,70.64017180001247,0.0,1,2,15664.811973990283,174.34157851920895,15839.153552509491,15833.223477989804,16007.565056509013,190405.71649546677,0.006460837352549209,50.14738272874582,0.0,0.0,0.0,False,False,False
main,tv_dro_rho_0p01,tv_dro,2025-01-01,23,True,True,20,,0.01,0.7,20.0,optimal_decomposed,70.64092839999648,70.64017180001247,0.0,1,2,15664.811973990283,174.34157851920895,15839.153552509491,15915.874213416608,16090.215791935816,189938.21878367482,0.0,48.57943645523092,0.0,0.0,0.0,False,False,False
main,tv_dro_rho_0p01,tv_dro,2025-01-01,24,True,True,20,,0.01,0.7,20.0,optimal_decomposed,70.64092839999648,70.64017180001247,0.0,1,2,15664.811973990283,174.34157851920895,15839.153552509491,15316.006133739473,15490.347712258681,180445.47378238972,0.10567313604808662,53.19258923574535,0.0,0.0,0.0,False,False,False
main,tv_dro_rho_0p01,tv_dro,2025-01-01,25,True,True,20,,0.01,0.7,20.0,optimal_decomposed,70.64092839999648,70.64017180001247,0.0,1,2,15664.811973990283,174.34157851920895,15839.153552509491,16809.762934059025,16984.104512578233,221320.78740508857,0.0,46.29941016808953,0.0,0.0,0.0,False,False,False
main,tv_dro_rho_0p01,tv_dro,2025-01-01,26,True,True,20,,0.01,0.7,20.0,optimal_decomposed,70.64092839999648,70.64017180001247,0.0,1,2,15664.811973990283,174.34157851920895,15839.153552509491,15817.917275621485,15992.258854140693,186471.50717034563,0.1413435862108097,55.485677156213484,0.0,0.0,0.0,False,False,False
main,tv_dro_rho_0p01,tv_dro,2025-01-01,27,True,True,20,,0.01,0.7,20.0,optimal_decomposed,70.64092839999648,70.64017180001247,0.0,1,2,15664.811973990283,174.34157851920895,15839.153552509491,14543.581143991307,14717.922722510515,169093.74166374,0.4106204863639394,54.74634092632245,0.0,0.0,0.0,False,False,False
main,tv_dro_rho_0p01,tv_dro,2025-01-01,28,True,True,20,,0.01,0.7,20.0,optimal_decomposed,70.64092839999648,70.64017180001247,0.0,1,2,15664.811973990283,174.34157851920895,15839.153552509491,15616.981474924221,15791.32305344343,185798.01506322518,0.013328971990677202,40.39664514603583,0.0,0.0,0.0,False,False,False
main,tv_dro_rho_0p01,tv_dro,2025-01-01,29,True,True,20,,0.01,0.7,20.0,optimal_decomposed,70.64092839999648,70.64017180001247,0.0,1,2,15664.811973990283,174.34157851920895,15839.153552509491,15882.613829602351,16056.95540812156,195772.97124470017,0.030916769877295164,40.02076559202917,0.0,0.0,0.0,False,False,False
main,tv_dro_rho_0p01,tv_dro,2025-01-01,30,True,True,20,,0.01,0.7,20.0,optimal_decomposed,70.64092839999648,70.64017180001247,0.0,1,2,15664.811973990283,174.34157851920895,15839.153552509491,14998.555946206732,15172.89752472594,165159.16372888105,0.0,46.50689447958758,0.0,0.0,0.0,False,False,False
main,tv_dro_rho_0p01,tv_dro,2025-01-01,31,True,True,20,,0.01,0.7,20.0,optimal_decomposed,70.64092839999648,70.64017180001247,0.0,1,2,15664.811973990283,174.34157851920895,15839.153552509491,15899.025292168353,16073.366870687561,202135.40360529188,0.0,50.192861621645704,0.0,0.0,0.0,False,False,False
main,tv_dro_rho_0p01,tv_dro,2025-01-01,32,True,True,20,,0.01,0.7,20.0,optimal_decomposed,70.64092839999648,70.64017180001247,0.0,1,2,15664.811973990283,174.34157851920895,15839.153552509491,15675.630056238326,15849.971634757534,184443.4304402266,0.0,49.09834727112241,0.0,0.0,0.0,False,False,False
main,tv_dro_rho_0p01,tv_dro,2025-01-01,33,True,True,20,,0.01,0.7,20.0,optimal_decomposed,70.64092839999648,70.64017180001247,0.0,1,2,15664.811973990283,174.34157851920895,15839.153552509491,16908.31671465085,17082.658293170058,219902.58249882743,0.04697440711880671,62.21552707246688,0.0,0.0,0.0,False,False,False
main,tv_dro_rho_0p01,tv_dro,2025-01-01,34,True,True,20,,0.01,0.7,20.0,optimal_decomposed,70.64092839999648,70.64017180001247,0.0,1,2,15664.811973990283,174.34157851920895,15839.153552509491,16126.80281282026,16301.144391339469,194285.98521174627,0.3795327671755493,52.24594524337905,0.0,0.0,0.0,False,False,False
main,tv_dro_rho_0p01,tv_dro,2025-01-01,35,True,True,20,,0.01,0.7,20.0,optimal_decomposed,70.64092839999648,70.64017180001247,0.0,1,2,15664.811973990283,174.34157851920895,15839.153552509491,14897.955902476155,15072.297480995363,176519.24704664477,0.0,55.037705727129456,0.0,0.0,0.0,False,False,False
main,tv_dro_rho_0p01,tv_dro,2025-01-01,36,True,True,20,,0.01,0.7,20.0,optimal_decomposed,70.64092839999648,70.64017180001247,0.0,1,2,15664.811973990283,174.34157851920895,15839.153552509491,15201.948382380899,15376.289960900107,174609.4603782754,0.0,54.750054902978235,0.0,0.0,0.0,False,False,False
main,tv_dro_rho_0p01,tv_dro,2025-01-01,37,True,True,20,,0.01,0.7,20.0,optimal_decomposed,70.64092839999648,70.64017180001247,0.0,1,2,15664.811973990283,174.34157851920895,15839.153552509491,15480.739426646014,15655.081005165222,183206.6894043433,0.0,41.55509603222663,0.0,0.0,0.0,False,False,False
main,tv_dro_rho_0p01,tv_dro,2025-01-01,38,True,True,20,,0.01,0.7,20.0,optimal_decomposed,70.64092839999648,70.64017180001247,0.0,1,2,15664.811973990283,174.34157851920895,15839.153552509491,15439.979304181506,15614.320882700715,184869.57267928962,0.0,49.08685373669047,0.0,0.0,0.0,False,False,False
main,tv_dro_rho_0p01,tv_dro,2025-01-01,39,True,True,20,,0.01,0.7,20.0,optimal_decomposed,70.64092839999648,70.64017180001247,0.0,1,2,15664.811973990283,174.34157851920895,15839.153552509491,15663.834734147875,15838.176312667083,195307.98378354122,0.057814929904075885,41.06225047803957,0.0,0.0,0.0,False,False,False
main,tv_dro_rho_0p01,tv_dro,2025-01-01,40,True,True,20,,0.01,0.7,20.0,optimal_decomposed,70.64092839999648,70.64017180001247,0.0,1,2,15664.811973990283,174.34157851920895,15839.153552509491,16159.335740426195,16333.677318945403,196303.45918876046,0.0,43.4039149683705,0.0,0.0,0.0,False,False,False
main,tv_dro_rho_0p01,tv_dro,2025-01-01,41,True,True,20,,0.01,0.7,20.0,optimal_decomposed,70.64092839999648,70.64017180001247,0.0,1,2,15664.811973990283,174.34157851920895,15839.153552509491,15604.54171349958,15778.883292018789,191152.8392812943,0.01207989965377132,37.30092076822238,0.0,0.0,0.0,False,False,False
main,tv_dro_rho_0p01,tv_dro,2025-01-01,42,True,True,20,,0.01,0.7,20.0,optimal_decomposed,70.64092839999648,70.64017180001247,0.0,1,2,15664.811973990283,174.34157851920895,15839.153552509491,16260.83127110158,16435.17284962079,192143.30124731155,0.0,54.97555955851985,0.0,0.0,0.0,False,False,False
main,tv_dro_rho_0p01,tv_dro,2025-01-01,43,True,True,20,,0.01,0.7,20.0,optimal_decomposed,70.64092839999648,70.64017180001247,0.0,1,2,15664.811973990283,174.34157851920895,15839.153552509491,15072.272447996991,15246.6140265162,172283.4924845293,0.13724718452205356,53.20322879459144,0.0,0.0,0.0,False,False,False
main,tv_dro_rho_0p01,tv_dro,2025-01-01,44,True,True,20,,0.01,0.7,20.0,optimal_decomposed,70.64092839999648,70.64017180001247,0.0,1,2,15664.811973990283,174.34157851920895,15839.153552509491,15252.102519981481,15426.44409850069,180062.5497589654,0.14222632282577624,50.08009229128654,0.0,0.0,0.0,False,False,False
main,tv_dro_rho_0p01,tv_dro,2025-01-01,45,True,True,20,,0.01,0.7,20.0,optimal_decomposed,70.64092839999648,70.64017180001247,0.0,1,2,15664.811973990283,174.34157851920895,15839.153552509491,16331.175634762698,16505.517213281906,196688.13276826811,0.16684420096526686,54.80881390224434,0.0,0.0,0.0,False,False,False
main,tv_dro_rho_0p01,tv_dro,2025-01-01,46,True,True,20,,0.01,0.7,20.0,optimal_decomposed,70.64092839999648,70.64017180001247,0.0,1,2,15664.811973990283,174.34157851920895,15839.153552509491,15790.376671375243,15964.718249894451,188933.7705057785,0.15199288085734108,51.00198038893388,0.0,0.0,0.0,False,False,False
main,tv_dro_rho_0p01,tv_dro,2025-01-01,47,True,True,20,,0.01,0.7,20.0,optimal_decomposed,70.64092839999648,70.64017180001247,0.0,1,2,15664.811973990283,174.34157851920895,15839.153552509491,15733.911371737211,15908.25295025642,195744.9071386988,0.0,51.684074585000886,0.0,0.0,0.0,False,False,False
main,tv_dro_rho_0p01,tv_dro,2025-01-01,48,True,True,20,,0.01,0.7,20.0,optimal_decomposed,70.64092839999648,70.64017180001247,0.0,1,2,15664.811973990283,174.34157851920895,15839.153552509491,16098.364739480525,16272.706317999733,206764.61359960385,0.0,48.29317570886029,0.0,0.0,0.0,False,False,False
main,tv_dro_rho_0p01,tv_dro,2025-01-01,49,True,True,20,,0.01,0.7,20.0,optimal_decomposed,70.64092839999648,70.64017180001247,0.0,1,2,15664.811973990283,174.34157851920895,15839.153552509491,16016.610096481401,16190.95167500061,200921.56208270305,0.04570459077504027,51.65088342479993,0.0,0.0,0.0,False,False,False
main,tv_dro_rho_0p01,tv_dro,2025-01-01,50,True,True,20,,0.01,0.7,20.0,optimal_decomposed,70.64092839999648,70.64017180001247,0.0,1,2,15664.811973990283,174.34157851920895,15839.153552509491,15657.501323520644,15831.842902039853,188880.32125802245,0.0,56.27339283439411,0.0,0.0,0.0,False,False,False
main,tv_dro_rho_0p01,tv_dro,2025-01-01,51,True,True,20,,0.01,0.7,20.0,optimal_decomposed,70.64092839999648,70.64017180001247,0.0,1,2,15664.811973990283,174.34157851920895,15839.153552509491,15583.701221313815,15758.042799833023,179717.45951413174,0.0,49.30214169977739,0.0,0.0,0.0,False,False,False
main,tv_dro_rho_0p01,tv_dro,2025-01-01,52,True,True,20,,0.01,0.7,20.0,optimal_decomposed,70.64092839999648,70.64017180001247,0.0,1,2,15664.811973990283,174.34157851920895,15839.153552509491,16238.342390030053,16412.683968549263,201679.0496366896,0.4611612634196155,56.404862940450684,0.0,0.0,0.0,False,False,False
main,tv_dro_rho_0p01,tv_dro,2025-01-01,53,True,True,20,,0.01,0.7,20.0,optimal_decomposed,70.64092839999648,70.64017180001247,0.0,1,2,15664.811973990283,174.34157851920895,15839.153552509491,15447.38677799156,15621.728356510768,183050.3851279482,0.0,44.12137848210009,0.0,0.0,0.0,False,False,False
main,tv_dro_rho_0p01,tv_dro,2025-01-01,54,True,True,20,,0.01,0.7,20.0,optimal_decomposed,70.64092839999648,70.64017180001247,0.0,1,2,15664.811973990283,174.34157851920895,15839.153552509491,15992.278691723164,16166.620270242372,201214.5617225437,0.0,46.48402040006782,0.0,0.0,0.0,False,False,False
main,tv_dro_rho_0p01,tv_dro,2025-01-01,55,True,True,20,,0.01,0.7,20.0,optimal_decomposed,70.64092839999648,70.64017180001247,0.0,1,2,15664.811973990283,174.34157851920895,15839.153552509491,15638.075826115526,15812.417404634734,185347.52693435107,0.14655144358011318,55.33787014778385,0.0,0.0,0.0,False,False,False
main,tv_dro_rho_0p01,tv_dro,2025-01-01,56,True,True,20,,0.01,0.7,20.0,optimal_decomposed,70.64092839999648,70.64017180001247,0.0,1,2,15664.811973990283,174.34157851920895,15839.153552509491,15956.650523678072,16130.99210219728,192516.36101774845,0.00531490235267737,40.382845924183655,0.0,0.0,0.0,False,False,False
main,tv_dro_rho_0p01,tv_dro,2025-01-01,57,True,True,20,,0.01,0.7,20.0,optimal_decomposed,70.64092839999648,70.64017180001247,0.0,1,2,15664.811973990283,174.34157851920895,15839.153552509491,15631.258500769469,15805.600079288677,184833.74456481315,0.0,50.432385081913225,0.0,0.0,0.0,False,False,False
main,tv_dro_rho_0p01,tv_dro,2025-01-01,58,True,True,20,,0.01,0.7,20.0,optimal_decomposed,70.64092839999648,70.64017180001247,0.0,1,2,15664.811973990283,174.34157851920895,15839.153552509491,16233.21630359827,16407.55788211748,205799.5851616144,0.07397260141583972,57.54612720900868,0.0,0.0,0.0,False,False,False
main,tv_dro_rho_0p01,tv_dro,2025-01-01,59,True,True,20,,0.01,0.7,20.0,optimal_decomposed,70.64092839999648,70.64017180001247,0.0,1,2,15664.811973990283,174.34157851920895,15839.153552509491,16304.495077613186,16478.836656132396,206633.46533183995,0.0,53.072385535584935,0.0,0.0,0.0,False,False,False
main,tv_dro_rho_0p01,tv_dro,2025-01-01,60,True,True,20,,0.01,0.7,20.0,optimal_decomposed,70.64092839999648,70.64017180001247,0.0,1,2,15664.811973990283,174.34157851920895,15839.153552509491,15717.311233049642,15891.65281156885,194465.76471917058,0.07273788038766604,51.78891649060751,0.0,0.0,0.0,False,False,False
main,tv_dro_rho_0p01,tv_dro,2025-01-01,61,True,True,20,,0.01,0.7,20.0,optimal_decomposed,70.64092839999648,70.64017180001247,0.0,1,2,15664.811973990283,174.34157851920895,15839.153552509491,15603.770118512786,15778.111697031994,190437.52168926943,0.03200460281438236,42.26560973047551,0.0,0.0,0.0,False,False,False
main,tv_dro_rho_0p01,tv_dro,2025-01-01,62,True,True,20,,0.01,0.7,20.0,optimal_decomposed,70.64092839999648,70.64017180001247,0.0,1,2,15664.811973990283,174.34157851920895,15839.153552509491,15030.22203645331,15204.563614972518,175693.9662132081,0.064859826459162,55.24702468204877,0.0,0.0,0.0,False,False,False
main,tv_dro_rho_0p01,tv_dro,2025-01-01,63,True,True,20,,0.01,0.7,20.0,optimal_decomposed,70.64092839999648,70.64017180001247,0.0,1,2,15664.811973990283,174.34157851920895,15839.153552509491,15702.56850611334,15876.91008463255,184955.20572827844,0.0694479735652486,55.78822165946038,0.0,0.0,0.0,False,False,False
main,tv_dro_rho_0p01,tv_dro,2025-01-01,64,True,True,20,,0.01,0.7,20.0,optimal_decomposed,70.64092839999648,70.64017180001247,0.0,1,2,15664.811973990283,174.34157851920895,15839.153552509491,15408.679350908917,15583.020929428125,173841.28107303745,0.0896648936570821,49.840593598299414,0.0,0.0,0.0,False,False,False
main,tv_dro_rho_0p01,tv_dro,2025-01-01,65,True,True,20,,0.01,0.7,20.0,optimal_decomposed,70.64092839999648,70.64017180001247,0.0,1,2,15664.811973990283,174.34157851920895,15839.153552509491,15900.8719855522,16075.213564071408,189650.5598987915,0.056542742154178205,53.86475687110452,0.0,0.0,0.0,False,False,False
main,tv_dro_rho_0p01,tv_dro,2025-01-01,66,True,True,20,,0.01,0.7,20.0,optimal_decomposed,70.64092839999648,70.64017180001247,0.0,1,2,15664.811973990283,174.34157851920895,15839.153552509491,15807.659736818116,15982.001315337324,193214.66431243374,0.0,57.35745955527303,0.0,0.0,0.0,False,False,False
main,tv_dro_rho_0p01,tv_dro,2025-01-01,67,True,True,20,,0.01,0.7,20.0,optimal_decomposed,70.64092839999648,70.64017180001247,0.0,1,2,15664.811973990283,174.34157851920895,15839.153552509491,15110.442903437992,15284.7844819572,169651.53970169084,0.0,50.773809946280714,0.0,0.0,0.0,False,False,False
main,tv_dro_rho_0p01,tv_dro,2025-01-01,68,True,True,20,,0.01,0.7,20.0,optimal_decomposed,70.64092839999648,70.64017180001247,0.0,1,2,15664.811973990283,174.34157851920895,15839.153552509491,16870.493345506562,17044.83492402577,214166.87519393343,0.0,55.34911946626075,0.0,0.0,0.0,False,False,False
main,tv_dro_rho_0p01,tv_dro,2025-01-01,69,True,True,20,,0.01,0.7,20.0,optimal_decomposed,70.64092839999648,70.64017180001247,0.0,1,2,15664.811973990283,174.34157851920895,15839.153552509491,16152.899378777283,16327.240957296492,208071.37806206828,0.0,52.004504504280845,0.0,0.0,0.0,False,False,False
main,tv_dro_rho_0p01,tv_dro,2025-01-01,70,True,True,20,,0.01,0.7,20.0,optimal_decomposed,70.64092839999648,70.64017180001247,0.0,1,2,15664.811973990283,174.34157851920895,15839.153552509491,15969.67332983581,16144.014908355019,201945.62714168112,0.0,54.78244348976503,0.0,0.0,0.0,False,False,False
main,tv_dro_rho_0p01,tv_dro,2025-01-01,71,True,True,20,,0.01,0.7,20.0,optimal_decomposed,70.64092839999648,70.64017180001247,0.0,1,2,15664.811973990283,174.34157851920895,15839.153552509491,15661.864076537582,15836.20565505679,182010.1745000017,0.008352711610149222,57.435011550950065,0.0,0.0,0.0,False,False,False
main,tv_dro_rho_0p01,tv_dro,2025-01-01,72,True,True,20,,0.01,0.7,20.0,optimal_decomposed,70.64092839999648,70.64017180001247,0.0,1,2,15664.811973990283,174.34157851920895,15839.153552509491,15329.425871370027,15503.767449889236,181514.83144670544,0.0,58.3349554628783,0.0,0.0,0.0,False,False,False
main,tv_dro_rho_0p01,tv_dro,2025-01-01,73,True,True,20,,0.01,0.7,20.0,optimal_decomposed,70.64092839999648,70.64017180001247,0.0,1,2,15664.811973990283,174.34157851920895,15839.153552509491,15439.69876008566,15614.040338604867,184151.17417964517,0.02226089584332297,48.69651224867413,0.0,0.0,0.0,False,False,False
main,tv_dro_rho_0p01,tv_dro,2025-01-01,74,True,True,20,,0.01,0.7,20.0,optimal_decomposed,70.64092839999648,70.64017180001247,0.0,1,2,15664.811973990283,174.34157851920895,15839.153552509491,15223.934338496463,15398.275917015671,172649.54608969553,0.0,53.106629956646486,0.0,0.0,0.0,False,False,False
main,tv_dro_rho_0p01,tv_dro,2025-01-01,75,True,True,20,,0.01,0.7,20.0,optimal_decomposed,70.64092839999648,70.64017180001247,0.0,1,2,15664.811973990283,174.34157851920895,15839.153552509491,15660.659798967108,15835.001377486316,191036.1257718967,0.17896047596245424,50.85043079432181,0.0,0.0,0.0,False,False,False
main,tv_dro_rho_0p01,tv_dro,2025-01-01,76,True,True,20,,0.01,0.7,20.0,optimal_decomposed,70.64092839999648,70.64017180001247,0.0,1,2,15664.811973990283,174.34157851920895,15839.153552509491,15926.53367088458,16100.875249403789,210805.68369233175,0.0,51.16007217965156,0.0,0.0,0.0,False,False,False
main,tv_dro_rho_0p01,tv_dro,2025-01-01,77,True,True,20,,0.01,0.7,20.0,optimal_decomposed,70.64092839999648,70.64017180001247,0.0,1,2,15664.811973990283,174.34157851920895,15839.153552509491,15294.851799818629,15469.193378337837,173025.20261571335,0.0,46.32952015088444,0.0,0.0,0.0,False,False,False
main,tv_dro_rho_0p01,tv_dro,2025-01-01,78,True,True,20,,0.01,0.7,20.0,optimal_decomposed,70.64092839999648,70.64017180001247,0.0,1,2,15664.811973990283,174.34157851920895,15839.153552509491,15291.682483389659,15466.024061908867,178133.8325367169,0.0,49.95675682981781,0.0,0.0,0.0,False,False,False
main,tv_dro_rho_0p01,tv_dro,2025-01-01,79,True,True,20,,0.01,0.7,20.0,optimal_decomposed,70.64092839999648,70.64017180001247,0.0,1,2,15664.811973990283,174.34157851920895,15839.153552509491,16276.376904464836,16450.718482984044,199962.01955608925,0.20388819038585249,48.31799345204049,0.0,0.0,0.0,False,False,False
main,tv_dro_rho_0p01,tv_dro,2025-01-01,80,True,True,20,,0.01,0.7,20.0,optimal_decomposed,70.64092839999648,70.64017180001247,0.0,1,2,15664.811973990283,174.34157851920895,15839.153552509491,16055.31613618708,16229.657714706289,201181.14084550703,0.0,49.385939314901854,0.0,0.0,0.0,False,False,False
main,tv_dro_rho_0p01,tv_dro,2025-01-01,81,True,True,20,,0.01,0.7,20.0,optimal_decomposed,70.64092839999648,70.64017180001247,0.0,1,2,15664.811973990283,174.34157851920895,15839.153552509491,15665.755301517564,15840.096880036772,185236.49297311343,0.124687834387083,58.78551001975319,0.0,0.0,0.0,False,False,False
main,tv_dro_rho_0p01,tv_dro,2025-01-01,82,True,True,20,,0.01,0.7,20.0,optimal_decomposed,70.64092839999648,70.64017180001247,0.0,1,2,15664.811973990283,174.34157851920895,15839.153552509491,15353.377413397448,15527.718991916656,183161.29875843445,0.07305403701739724,45.13734875775092,0.0,0.0,0.0,False,False,False
main,tv_dro_rho_0p01,tv_dro,2025-01-01,83,True,True,20,,0.01,0.7,20.0,optimal_decomposed,70.64092839999648,70.64017180001247,0.0,1,2,15664.811973990283,174.34157851920895,15839.153552509491,16039.525787658687,16213.867366177896,202853.516634451,0.04106225130651758,44.14336666274926,0.0,0.0,0.0,False,False,False
main,tv_dro_rho_0p01,tv_dro,2025-01-01,84,True,True,20,,0.01,0.7,20.0,optimal_decomposed,70.64092839999648,70.64017180001247,0.0,1,2,15664.811973990283,174.34157851920895,15839.153552509491,15888.649074791063,16062.990653310271,203496.31491846775,0.11651222011883869,41.998453541330974,0.0,0.0,0.0,False,False,False
main,tv_dro_rho_0p01,tv_dro,2025-01-01,85,True,True,20,,0.01,0.7,20.0,optimal_decomposed,70.64092839999648,70.64017180001247,0.0,1,2,15664.811973990283,174.34157851920895,15839.153552509491,15846.513243055146,16020.854821574354,192782.36432529095,0.0,54.19787201708304,0.0,0.0,0.0,False,False,False
main,tv_dro_rho_0p01,tv_dro,2025-01-01,86,True,True,20,,0.01,0.7,20.0,optimal_decomposed,70.64092839999648,70.64017180001247,0.0,1,2,15664.811973990283,174.34157851920895,15839.153552509491,16052.0977324092,16226.439310928408,194992.1505530429,0.07687092651645885,44.758689324899656,0.0,0.0,0.0,False,False,False
main,tv_dro_rho_0p01,tv_dro,2025-01-01,87,True,True,20,,0.01,0.7,20.0,optimal_decomposed,70.64092839999648,70.64017180001247,0.0,1,2,15664.811973990283,174.34157851920895,15839.153552509491,15150.013117079705,15324.354695598913,171236.92821972567,0.15755769463181557,49.460222950886816,0.0,0.0,0.0,False,False,False
main,tv_dro_rho_0p01,tv_dro,2025-01-01,88,True,True,20,,0.01,0.7,20.0,optimal_decomposed,70.64092839999648,70.64017180001247,0.0,1,2,15664.811973990283,174.34157851920895,15839.153552509491,15815.923667272242,15990.26524579145,171889.96683812543,0.4424824775421031,57.91638148282498,0.0,0.0,0.0,False,False,False
main,tv_dro_rho_0p01,tv_dro,2025-01-01,89,True,True,20,,0.01,0.7,20.0,optimal_decomposed,70.64092839999648,70.64017180001247,0.0,1,2,15664.811973990283,174.34157851920895,15839.153552509491,16181.49642513894,16355.838003658147,190003.99877003793,0.0,49.74442891913938,0.0,0.0,0.0,False,False,False
main,tv_dro_rho_0p01,tv_dro,2025-01-01,90,True,True,20,,0.01,0.7,20.0,optimal_decomposed,70.64092839999648,70.64017180001247,0.0,1,2,15664.811973990283,174.34157851920895,15839.153552509491,15307.973637626867,15482.315216146075,184238.60548409855,0.14272223111062188,55.18380456076565,0.0,0.0,0.0,False,False,False
main,tv_dro_rho_0p01,tv_dro,2025-01-01,91,True,True,20,,0.01,0.7,20.0,optimal_decomposed,70.64092839999648,70.64017180001247,0.0,1,2,15664.811973990283,174.34157851920895,15839.153552509491,14931.8169306824,15106.158509201608,163143.04910312223,0.0,48.183757412639835,0.0,0.0,0.0,False,False,False
main,tv_dro_rho_0p01,tv_dro,2025-01-01,92,True,True,20,,0.01,0.7,20.0,optimal_decomposed,70.64092839999648,70.64017180001247,0.0,1,2,15664.811973990283,174.34157851920895,15839.153552509491,15792.717900564077,15967.059479083286,178299.83429811898,0.0,43.19091184490147,0.0,0.0,0.0,False,False,False
main,tv_dro_rho_0p01,tv_dro,2025-01-01,93,True,True,20,,0.01,0.7,20.0,optimal_decomposed,70.64092839999648,70.64017180001247,0.0,1,2,15664.811973990283,174.34157851920895,15839.153552509491,15556.998903249007,15731.340481768215,190598.26391117688,0.5418844688954296,50.919790506224814,0.0,0.0,0.0,False,False,False
main,tv_dro_rho_0p01,tv_dro,2025-01-01,94,True,True,20,,0.01,0.7,20.0,optimal_decomposed,70.64092839999648,70.64017180001247,0.0,1,2,15664.811973990283,174.34157851920895,15839.153552509491,15215.0862428203,15389.427821339508,180969.56602554704,0.021764084787162047,46.069753420618895,0.0,0.0,0.0,False,False,False
main,tv_dro_rho_0p01,tv_dro,2025-01-01,95,True,True,20,,0.01,0.7,20.0,optimal_decomposed,70.64092839999648,70.64017180001247,0.0,1,2,15664.811973990283,174.34157851920895,15839.153552509491,14972.721087178326,15147.062665697535,174706.1819568293,0.03120652959486822,51.30194799409192,0.0,0.0,0.0,False,False,False
main,tv_dro_rho_0p01,tv_dro,2025-01-01,96,True,True,20,,0.01,0.7,20.0,optimal_decomposed,70.64092839999648,70.64017180001247,0.0,1,2,15664.811973990283,174.34157851920895,15839.153552509491,15523.80886748351,15698.150446002719,182061.15336371562,0.07874070332594343,48.567130260892895,0.0,0.0,0.0,False,False,False
main,tv_dro_rho_0p01,tv_dro,2025-01-01,97,True,True,20,,0.01,0.7,20.0,optimal_decomposed,70.64092839999648,70.64017180001247,0.0,1,2,15664.811973990283,174.34157851920895,15839.153552509491,15552.497920981343,15726.839499500551,181098.5558216857,0.0,50.878281136086315,0.0,0.0,0.0,False,False,False
main,tv_dro_rho_0p01,tv_dro,2025-01-01,98,True,True,20,,0.01,0.7,20.0,optimal_decomposed,70.64092839999648,70.64017180001247,0.0,1,2,15664.811973990283,174.34157851920895,15839.153552509491,15695.577243714924,15869.918822234133,182406.58489842684,0.101202988710867,46.11810116956722,0.0,0.0,0.0,False,False,False
main,tv_dro_rho_0p01,tv_dro,2025-01-01,99,True,True,20,,0.01,0.7,20.0,optimal_decomposed,70.64092839999648,70.64017180001247,0.0,1,2,15664.811973990283,174.34157851920895,15839.153552509491,15548.524240755594,15722.865819274803,179241.05775557796,0.06784896363151327,52.58332464388937,0.0,0.0,0.0,False,False,False
main,tv_dro_rho_0p01,tv_dro,2025-04-01,0,True,True,20,,0.01,0.7,20.0,optimal_decomposed,69.20078990000184,69.20002059999388,0.0,1,2,15462.571691668625,498.33225108842146,15960.903942757046,14847.909921420076,15346.242172508497,119813.87468884412,0.0,57.29323037403881,0.0,0.0,0.0,False,False,False
main,tv_dro_rho_0p01,tv_dro,2025-04-01,1,True,True,20,,0.01,0.7,20.0,optimal_decomposed,69.20078990000184,69.20002059999388,0.0,1,2,15462.571691668625,498.33225108842146,15960.903942757046,15824.258357580746,16322.590608669167,134789.11870014115,0.0,63.10014781409419,0.0,0.0,0.0,False,False,False
main,tv_dro_rho_0p01,tv_dro,2025-04-01,2,True,True,20,,0.01,0.7,20.0,optimal_decomposed,69.20078990000184,69.20002059999388,0.0,1,2,15462.571691668625,498.33225108842146,15960.903942757046,15337.006630672868,15835.338881761289,128591.3214748566,0.0,51.285570532225485,0.0,0.0,0.0,False,False,False
main,tv_dro_rho_0p01,tv_dro,2025-04-01,3,True,True,20,,0.01,0.7,20.0,optimal_decomposed,69.20078990000184,69.20002059999388,0.0,1,2,15462.571691668625,498.33225108842146,15960.903942757046,15851.04741091991,16349.37966200833,135657.6405062025,0.0,56.46342049264375,0.0,0.0,0.0,False,False,False
main,tv_dro_rho_0p01,tv_dro,2025-04-01,4,True,True,20,,0.01,0.7,20.0,optimal_decomposed,69.20078990000184,69.20002059999388,0.0,1,2,15462.571691668625,498.33225108842146,15960.903942757046,15600.621471901553,16098.953722989974,132979.68795171185,0.0,52.29949586144297,0.0,0.0,0.0,False,False,False
main,tv_dro_rho_0p01,tv_dro,2025-04-01,5,True,True,20,,0.01,0.7,20.0,optimal_decomposed,69.20078990000184,69.20002059999388,0.0,1,2,15462.571691668625,498.33225108842146,15960.903942757046,16070.823971177013,16569.156222265436,145984.07712897056,0.0,60.93559950769274,0.0,0.0,0.0,False,False,False
main,tv_dro_rho_0p01,tv_dro,2025-04-01,6,True,True,20,,0.01,0.7,20.0,optimal_decomposed,69.20078990000184,69.20002059999388,0.0,1,2,15462.571691668625,498.33225108842146,15960.903942757046,15837.127842102203,16335.460093190624,138867.1196198506,0.0,53.307957309048874,0.0,0.0,0.0,False,False,False
main,tv_dro_rho_0p01,tv_dro,2025-04-01,7,True,True,20,,0.01,0.7,20.0,optimal_decomposed,69.20078990000184,69.20002059999388,0.0,1,2,15462.571691668625,498.33225108842146,15960.903942757046,15296.444241255294,15794.776492343715,124451.71122749244,0.006002441197577868,52.99441615395707,0.0,0.0,0.0,False,False,False
main,tv_dro_rho_0p01,tv_dro,2025-04-01,8,True,True,20,,0.01,0.7,20.0,optimal_decomposed,69.20078990000184,69.20002059999388,0.0,1,2,15462.571691668625,498.33225108842146,15960.903942757046,15938.643280077617,16436.975531166037,137502.48732950838,0.04725753213499584,54.67707928183856,0.0,0.0,0.0,False,False,False
main,tv_dro_rho_0p01,tv_dro,2025-04-01,9,True,True,20,,0.01,0.7,20.0,optimal_decomposed,69.20078990000184,69.20002059999388,0.0,1,2,15462.571691668625,498.33225108842146,15960.903942757046,16069.294514038407,16567.626765126828,137889.22144099782,0.22675135339562003,62.64446706639386,0.0,0.0,0.0,False,False,False
main,tv_dro_rho_0p01,tv_dro,2025-04-01,10,True,True,20,,0.01,0.7,20.0,optimal_decomposed,69.20078990000184,69.20002059999388,0.0,1,2,15462.571691668625,498.33225108842146,15960.903942757046,15574.299003441536,16072.631254529957,129488.4484480723,0.0,52.02171601757555,0.0,0.0,0.0,False,False,False
main,tv_dro_rho_0p01,tv_dro,2025-04-01,11,True,True,20,,0.01,0.7,20.0,optimal_decomposed,69.20078990000184,69.20002059999388,0.0,1,2,15462.571691668625,498.33225108842146,15960.903942757046,15569.097348376727,16067.429599465147,129144.00531015453,0.0,46.550927338928936,0.0,0.0,0.0,False,False,False
main,tv_dro_rho_0p01,tv_dro,2025-04-01,12,True,True,20,,0.01,0.7,20.0,optimal_decomposed,69.20078990000184,69.20002059999388,0.0,1,2,15462.571691668625,498.33225108842146,15960.903942757046,15634.617296275746,16132.949547364167,141934.76456597596,0.0,48.40657917237416,0.0,0.0,0.0,False,False,False
main,tv_dro_rho_0p01,tv_dro,2025-04-01,13,True,True,20,,0.01,0.7,20.0,optimal_decomposed,69.20078990000184,69.20002059999388,0.0,1,2,15462.571691668625,498.33225108842146,15960.903942757046,16081.232597433995,16579.564848522416,142163.14902631368,0.1949199290101352,56.47242834530371,0.0,0.0,0.0,False,False,False
main,tv_dro_rho_0p01,tv_dro,2025-04-01,14,True,True,20,,0.01,0.7,20.0,optimal_decomposed,69.20078990000184,69.20002059999388,0.0,1,2,15462.571691668625,498.33225108842146,15960.903942757046,15239.522398442126,15737.854649530547,125492.42023942721,0.0,51.27922432414174,0.0,0.0,0.0,False,False,False
main,tv_dro_rho_0p01,tv_dro,2025-04-01,15,True,True,20,,0.01,0.7,20.0,optimal_decomposed,69.20078990000184,69.20002059999388,0.0,1,2,15462.571691668625,498.33225108842146,15960.903942757046,15096.18705442598,15594.519305514401,123128.21955827296,0.0,50.34336895484002,0.0,0.0,0.0,False,False,False
main,tv_dro_rho_0p01,tv_dro,2025-04-01,16,True,True,20,,0.01,0.7,20.0,optimal_decomposed,69.20078990000184,69.20002059999388,0.0,1,2,15462.571691668625,498.33225108842146,15960.903942757046,14965.914669050933,15464.246920139354,119219.87734004305,0.0,50.32028798458843,0.0,0.0,0.0,False,False,False
main,tv_dro_rho_0p01,tv_dro,2025-04-01,17,True,True,20,,0.01,0.7,20.0,optimal_decomposed,69.20078990000184,69.20002059999388,0.0,1,2,15462.571691668625,498.33225108842146,15960.903942757046,15507.36891664167,16005.70116773009,126394.81319961703,0.45655898951309426,63.3242656716683,0.0,0.0,0.0,False,False,False
main,tv_dro_rho_0p01,tv_dro,2025-04-01,18,True,True,20,,0.01,0.7,20.0,optimal_decomposed,69.20078990000184,69.20002059999388,0.0,1,2,15462.571691668625,498.33225108842146,15960.903942757046,16015.393429819022,16513.725680907442,135248.3582309534,0.14514873894994995,58.20928450757178,0.0,0.0,0.0,False,False,False
main,tv_dro_rho_0p01,tv_dro,2025-04-01,19,True,True,20,,0.01,0.7,20.0,optimal_decomposed,69.20078990000184,69.20002059999388,0.0,1,2,15462.571691668625,498.33225108842146,15960.903942757046,15538.066687968745,16036.398939057166,135930.11524194246,0.0,52.546537360510435,0.0,0.0,0.0,False,False,False
main,tv_dro_rho_0p01,tv_dro,2025-04-01,20,True,True,20,,0.01,0.7,20.0,optimal_decomposed,69.20078990000184,69.20002059999388,0.0,1,2,15462.571691668625,498.33225108842146,15960.903942757046,15919.40505920792,16417.737310296343,139376.39318436716,0.0,50.35686967518806,0.0,0.0,0.0,False,False,False
main,tv_dro_rho_0p01,tv_dro,2025-04-01,21,True,True,20,,0.01,0.7,20.0,optimal_decomposed,69.20078990000184,69.20002059999388,0.0,1,2,15462.571691668625,498.33225108842146,15960.903942757046,15525.164135918601,16023.496387007022,123361.80989939369,0.002128181034477261,50.06035929016712,0.0,0.0,0.0,False,False,False
main,tv_dro_rho_0p01,tv_dro,2025-04-01,22,True,True,20,,0.01,0.7,20.0,optimal_decomposed,69.20078990000184,69.20002059999388,0.0,1,2,15462.571691668625,498.33225108842146,15960.903942757046,15764.437668338382,16262.769919426803,135853.76100742866,0.0,54.99232343623614,0.0,0.0,0.0,False,False,False
main,tv_dro_rho_0p01,tv_dro,2025-04-01,23,True,True,20,,0.01,0.7,20.0,optimal_decomposed,69.20078990000184,69.20002059999388,0.0,1,2,15462.571691668625,498.33225108842146,15960.903942757046,15731.051796142794,16229.384047231215,134717.00889029546,0.010348723413661887,51.721391915529054,0.0,0.0,0.0,False,False,False
main,tv_dro_rho_0p01,tv_dro,2025-04-01,24,True,True,20,,0.01,0.7,20.0,optimal_decomposed,69.20078990000184,69.20002059999388,0.0,1,2,15462.571691668625,498.33225108842146,15960.903942757046,15230.069361008844,15728.401612097265,127885.01083657534,0.6445528540069714,61.471371517511976,0.0,0.0,0.0,False,False,False
main,tv_dro_rho_0p01,tv_dro,2025-04-01,25,True,True,20,,0.01,0.7,20.0,optimal_decomposed,69.20078990000184,69.20002059999388,0.0,1,2,15462.571691668625,498.33225108842146,15960.903942757046,17065.066623049177,17563.398874137598,163145.37808460582,0.0,50.00583926057533,0.0,0.0,0.0,False,False,False
main,tv_dro_rho_0p01,tv_dro,2025-04-01,26,True,True,20,,0.01,0.7,20.0,optimal_decomposed,69.20078990000184,69.20002059999388,0.0,1,2,15462.571691668625,498.33225108842146,15960.903942757046,15519.00090011463,16017.33315120305,133765.73868269793,0.0,60.394077757485235,0.0,0.0,0.0,False,False,False
main,tv_dro_rho_0p01,tv_dro,2025-04-01,27,True,True,20,,0.01,0.7,20.0,optimal_decomposed,69.20078990000184,69.20002059999388,0.0,1,2,15462.571691668625,498.33225108842146,15960.903942757046,14988.358617378046,15486.690868466467,118889.1954898475,0.0,58.813744945461025,0.0,0.0,0.0,False,False,False
main,tv_dro_rho_0p01,tv_dro,2025-04-01,28,True,True,20,,0.01,0.7,20.0,optimal_decomposed,69.20078990000184,69.20002059999388,0.0,1,2,15462.571691668625,498.33225108842146,15960.903942757046,15696.825035377124,16195.157286465545,132329.39037349517,0.0,45.695828669069975,0.0,0.0,0.0,False,False,False
main,tv_dro_rho_0p01,tv_dro,2025-04-01,29,True,True,20,,0.01,0.7,20.0,optimal_decomposed,69.20078990000184,69.20002059999388,0.0,1,2,15462.571691668625,498.33225108842146,15960.903942757046,16122.324549482966,16620.65680057139,141467.84965818282,0.0,42.85305077860911,0.0,0.0,0.0,False,False,False
main,tv_dro_rho_0p01,tv_dro,2025-04-01,30,True,True,20,,0.01,0.7,20.0,optimal_decomposed,69.20078990000184,69.20002059999388,0.0,1,2,15462.571691668625,498.33225108842146,15960.903942757046,14874.749284059762,15373.081535148183,113477.19577080262,0.0,47.68134116646669,0.0,0.0,0.0,False,False,False
main,tv_dro_rho_0p01,tv_dro,2025-04-01,31,True,True,20,,0.01,0.7,20.0,optimal_decomposed,69.20078990000184,69.20002059999388,0.0,1,2,15462.571691668625,498.33225108842146,15960.903942757046,15997.046120586658,16495.37837167508,147584.78218834687,0.0,52.587884390301284,0.0,0.0,0.0,False,False,False
main,tv_dro_rho_0p01,tv_dro,2025-04-01,32,True,True,20,,0.01,0.7,20.0,optimal_decomposed,69.20078990000184,69.20002059999388,0.0,1,2,15462.571691668625,498.33225108842146,15960.903942757046,15127.336756987654,15625.669008076075,131198.9776576081,0.0,51.003467495647726,0.0,0.0,0.0,False,False,False
main,tv_dro_rho_0p01,tv_dro,2025-04-01,33,True,True,20,,0.01,0.7,20.0,optimal_decomposed,69.20078990000184,69.20002059999388,0.0,1,2,15462.571691668625,498.33225108842146,15960.903942757046,16963.964398837823,17462.296649926244,161670.71475988126,0.11908075362787596,65.7328746048434,0.0,0.0,0.0,False,False,False
main,tv_dro_rho_0p01,tv_dro,2025-04-01,34,True,True,20,,0.01,0.7,20.0,optimal_decomposed,69.20078990000184,69.20002059999388,0.0,1,2,15462.571691668625,498.33225108842146,15960.903942757046,15972.37999856361,16470.71224965203,138616.16493727066,0.0,56.61826201206613,0.0,0.0,0.0,False,False,False
main,tv_dro_rho_0p01,tv_dro,2025-04-01,35,True,True,20,,0.01,0.7,20.0,optimal_decomposed,69.20078990000184,69.20002059999388,0.0,1,2,15462.571691668625,498.33225108842146,15960.903942757046,15402.919650110409,15901.25190119883,123863.01165878214,0.0,59.72416923966423,0.0,0.0,0.0,False,False,False
main,tv_dro_rho_0p01,tv_dro,2025-04-01,36,True,True,20,,0.01,0.7,20.0,optimal_decomposed,69.20078990000184,69.20002059999388,0.0,1,2,15462.571691668625,498.33225108842146,15960.903942757046,15083.950634316281,15582.282885404702,123264.40014647935,0.0,64.78678301420254,0.0,0.0,0.0,False,False,False
main,tv_dro_rho_0p01,tv_dro,2025-04-01,37,True,True,20,,0.01,0.7,20.0,optimal_decomposed,69.20078990000184,69.20002059999388,0.0,1,2,15462.571691668625,498.33225108842146,15960.903942757046,15244.259808573273,15742.592059661694,130744.56582326588,0.0,45.39081571601219,0.0,0.0,0.0,False,False,False
main,tv_dro_rho_0p01,tv_dro,2025-04-01,38,True,True,20,,0.01,0.7,20.0,optimal_decomposed,69.20078990000184,69.20002059999388,0.0,1,2,15462.571691668625,498.33225108842146,15960.903942757046,15426.731342235556,15925.063593323977,131417.3188502128,0.0,51.43576843225008,0.0,0.0,0.0,False,False,False
main,tv_dro_rho_0p01,tv_dro,2025-04-01,39,True,True,20,,0.01,0.7,20.0,optimal_decomposed,69.20078990000184,69.20002059999388,0.0,1,2,15462.571691668625,498.33225108842146,15960.903942757046,15875.038745725378,16373.3709968138,141953.76058448217,0.0,47.169673422721154,0.0,0.0,0.0,False,False,False
main,tv_dro_rho_0p01,tv_dro,2025-04-01,40,True,True,20,,0.01,0.7,20.0,optimal_decomposed,69.20078990000184,69.20002059999388,0.0,1,2,15462.571691668625,498.33225108842146,15960.903942757046,15884.528307077504,16382.860558165925,141194.1700180098,0.0,49.25195690042696,0.0,0.0,0.0,False,False,False
main,tv_dro_rho_0p01,tv_dro,2025-04-01,41,True,True,20,,0.01,0.7,20.0,optimal_decomposed,69.20078990000184,69.20002059999388,0.0,1,2,15462.571691668625,498.33225108842146,15960.903942757046,16076.893496470744,16575.225747559165,137638.98254517338,0.0,45.99549867759291,0.0,0.0,0.0,False,False,False
main,tv_dro_rho_0p01,tv_dro,2025-04-01,42,True,True,20,,0.01,0.7,20.0,optimal_decomposed,69.20078990000184,69.20002059999388,0.0,1,2,15462.571691668625,498.33225108842146,15960.903942757046,15628.677649226884,16127.009900315305,137829.7832529011,0.16541935761349796,60.94091058580102,0.0,0.0,0.0,False,False,False
main,tv_dro_rho_0p01,tv_dro,2025-04-01,43,True,True,20,,0.01,0.7,20.0,optimal_decomposed,69.20078990000184,69.20002059999388,0.0,1,2,15462.571691668625,498.33225108842146,15960.903942757046,14988.148489051286,15486.480740139707,120422.5880764227,0.0,54.76033807756303,0.0,0.0,0.0,False,False,False
main,tv_dro_rho_0p01,tv_dro,2025-04-01,44,True,True,20,,0.01,0.7,20.0,optimal_decomposed,69.20078990000184,69.20002059999388,0.0,1,2,15462.571691668625,498.33225108842146,15960.903942757046,15508.677264802458,16007.009515890879,126223.653842196,0.0019256684169632887,55.23872501167388,0.0,0.0,0.0,False,False,False
main,tv_dro_rho_0p01,tv_dro,2025-04-01,45,True,True,20,,0.01,0.7,20.0,optimal_decomposed,69.20078990000184,69.20002059999388,0.0,1,2,15462.571691668625,498.33225108842146,15960.903942757046,16246.12222125893,16744.454472347352,142369.72431372086,0.15261457486797092,57.81553320629893,0.0,0.0,0.0,False,False,False
main,tv_dro_rho_0p01,tv_dro,2025-04-01,46,True,True,20,,0.01,0.7,20.0,optimal_decomposed,69.20078990000184,69.20002059999388,0.0,1,2,15462.571691668625,498.33225108842146,15960.903942757046,15651.355933875991,16149.688184964412,135019.43825780702,0.0,54.77360235784505,0.0,0.0,0.0,False,False,False
main,tv_dro_rho_0p01,tv_dro,2025-04-01,47,True,True,20,,0.01,0.7,20.0,optimal_decomposed,69.20078990000184,69.20002059999388,0.0,1,2,15462.571691668625,498.33225108842146,15960.903942757046,15887.208426723213,16385.540677811634,142035.484634137,0.2024596244536636,53.09344191213073,0.0,0.0,0.0,False,False,False
main,tv_dro_rho_0p01,tv_dro,2025-04-01,48,True,True,20,,0.01,0.7,20.0,optimal_decomposed,69.20078990000184,69.20002059999388,0.0,1,2,15462.571691668625,498.33225108842146,15960.903942757046,16473.732141635337,16972.064392723758,149887.20201556763,0.019290514722134944,49.72298817264464,0.0,0.0,0.0,False,False,False
main,tv_dro_rho_0p01,tv_dro,2025-04-01,49,True,True,20,,0.01,0.7,20.0,optimal_decomposed,69.20078990000184,69.20002059999388,0.0,1,2,15462.571691668625,498.33225108842146,15960.903942757046,16119.20692916067,16617.539180249092,145893.9016638484,0.14416404427008978,61.192129081574905,0.0,0.0,0.0,False,False,False
main,tv_dro_rho_0p01,tv_dro,2025-04-01,50,True,True,20,,0.01,0.7,20.0,optimal_decomposed,69.20078990000184,69.20002059999388,0.0,1,2,15462.571691668625,498.33225108842146,15960.903942757046,15316.986522349362,15815.318773437783,135495.3808671539,0.0,57.03840152775315,0.0,0.0,0.0,False,False,False
main,tv_dro_rho_0p01,tv_dro,2025-04-01,51,True,True,20,,0.01,0.7,20.0,optimal_decomposed,69.20078990000184,69.20002059999388,0.0,1,2,15462.571691668625,498.33225108842146,15960.903942757046,15106.89274021827,15605.224991306692,126588.40390713266,0.02179097264334251,52.83846932575984,0.0,0.0,0.0,False,False,False
main,tv_dro_rho_0p01,tv_dro,2025-04-01,52,True,True,20,,0.01,0.7,20.0,optimal_decomposed,69.20078990000184,69.20002059999388,0.0,1,2,15462.571691668625,498.33225108842146,15960.903942757046,16244.617368337054,16742.949619425475,144989.01921045338,0.32051681140727917,57.04355275038758,0.0,0.0,0.0,False,False,False
main,tv_dro_rho_0p01,tv_dro,2025-04-01,53,True,True,20,,0.01,0.7,20.0,optimal_decomposed,69.20078990000184,69.20002059999388,0.0,1,2,15462.571691668625,498.33225108842146,15960.903942757046,15620.216704388327,16118.548955476748,130559.93906462978,0.0,48.19143174312465,0.0,0.0,0.0,False,False,False
main,tv_dro_rho_0p01,tv_dro,2025-04-01,54,True,True,20,,0.01,0.7,20.0,optimal_decomposed,69.20078990000184,69.20002059999388,0.0,1,2,15462.571691668625,498.33225108842146,15960.903942757046,16315.369519459582,16813.701770548003,144507.19746421085,0.0,52.47811820066712,0.0,0.0,0.0,False,False,False
main,tv_dro_rho_0p01,tv_dro,2025-04-01,55,True,True,20,,0.01,0.7,20.0,optimal_decomposed,69.20078990000184,69.20002059999388,0.0,1,2,15462.571691668625,498.33225108842146,15960.903942757046,15520.909924896581,16019.242175985002,132159.76854130218,0.0,56.34745424688449,0.0,0.0,0.0,False,False,False
main,tv_dro_rho_0p01,tv_dro,2025-04-01,56,True,True,20,,0.01,0.7,20.0,optimal_decomposed,69.20078990000184,69.20002059999388,0.0,1,2,15462.571691668625,498.33225108842146,15960.903942757046,15807.307685339181,16305.639936427602,137336.19980913523,0.0,41.438370322957354,0.0,0.0,0.0,False,False,False
main,tv_dro_rho_0p01,tv_dro,2025-04-01,57,True,True,20,,0.01,0.7,20.0,optimal_decomposed,69.20078990000184,69.20002059999388,0.0,1,2,15462.571691668625,498.33225108842146,15960.903942757046,15434.857340057453,15933.189591145874,131407.74116811462,0.2171234784525331,52.9211340390947,0.0,0.0,0.0,False,False,False
main,tv_dro_rho_0p01,tv_dro,2025-04-01,58,True,True,20,,0.01,0.7,20.0,optimal_decomposed,69.20078990000184,69.20002059999388,0.0,1,2,15462.571691668625,498.33225108842146,15960.903942757046,16541.733900390882,17040.066151479303,150022.84432934673,0.0,61.75441519172984,0.0,0.0,0.0,False,False,False
main,tv_dro_rho_0p01,tv_dro,2025-04-01,59,True,True,20,,0.01,0.7,20.0,optimal_decomposed,69.20078990000184,69.20002059999388,0.0,1,2,15462.571691668625,498.33225108842146,15960.903942757046,16426.0806736521,16924.41292474052,150060.38327560556,0.0,54.482308517003375,0.0,0.0,0.0,False,False,False
main,tv_dro_rho_0p01,tv_dro,2025-04-01,60,True,True,20,,0.01,0.7,20.0,optimal_decomposed,69.20078990000184,69.20002059999388,0.0,1,2,15462.571691668625,498.33225108842146,15960.903942757046,15782.622346754772,16280.954597843192,140147.0644214218,0.09978655224132371,56.72932237300821,0.0,0.0,0.0,False,False,False
main,tv_dro_rho_0p01,tv_dro,2025-04-01,61,True,True,20,,0.01,0.7,20.0,optimal_decomposed,69.20078990000184,69.20002059999388,0.0,1,2,15462.571691668625,498.33225108842146,15960.903942757046,15740.14370344269,16238.475954531112,137503.53041903643,0.0,44.7456208011388,0.0,0.0,0.0,False,False,False
main,tv_dro_rho_0p01,tv_dro,2025-04-01,62,True,True,20,,0.01,0.7,20.0,optimal_decomposed,69.20078990000184,69.20002059999388,0.0,1,2,15462.571691668625,498.33225108842146,15960.903942757046,15097.703318285836,15596.035569374257,123355.8382726931,0.0,57.58555938692558,0.0,0.0,0.0,False,False,False
main,tv_dro_rho_0p01,tv_dro,2025-04-01,63,True,True,20,,0.01,0.7,20.0,optimal_decomposed,69.20078990000184,69.20002059999388,0.0,1,2,15462.571691668625,498.33225108842146,15960.903942757046,15755.832011688099,16254.16426277652,130587.2053063168,0.0,62.43321637119853,0.0,0.0,0.0,False,False,False
main,tv_dro_rho_0p01,tv_dro,2025-04-01,64,True,True,20,,0.01,0.7,20.0,optimal_decomposed,69.20078990000184,69.20002059999388,0.0,1,2,15462.571691668625,498.33225108842146,15960.903942757046,15381.153914170296,15879.486165258717,122487.72688280455,0.19942938603502025,50.085806127341876,0.0,0.0,0.0,False,False,False
main,tv_dro_rho_0p01,tv_dro,2025-04-01,65,True,True,20,,0.01,0.7,20.0,optimal_decomposed,69.20078990000184,69.20002059999388,0.0,1,2,15462.571691668625,498.33225108842146,15960.903942757046,15993.71177846385,16492.04402955227,134554.2258483172,0.0,60.18591136720107,0.0,0.0,0.0,False,False,False
main,tv_dro_rho_0p01,tv_dro,2025-04-01,66,True,True,20,,0.01,0.7,20.0,optimal_decomposed,69.20078990000184,69.20002059999388,0.0,1,2,15462.571691668625,498.33225108842146,15960.903942757046,15920.40587477402,16418.73812586244,139240.89337040434,0.0,62.79214238679435,0.0,0.0,0.0,False,False,False
main,tv_dro_rho_0p01,tv_dro,2025-04-01,67,True,True,20,,0.01,0.7,20.0,optimal_decomposed,69.20078990000184,69.20002059999388,0.0,1,2,15462.571691668625,498.33225108842146,15960.903942757046,14750.447569652488,15248.779820740909,119596.38981303628,0.0,57.653685841527626,0.0,0.0,0.0,False,False,False
main,tv_dro_rho_0p01,tv_dro,2025-04-01,68,True,True,20,,0.01,0.7,20.0,optimal_decomposed,69.20078990000184,69.20002059999388,0.0,1,2,15462.571691668625,498.33225108842146,15960.903942757046,16717.060647084127,17215.392898172548,157539.07307199977,0.0005375143657551096,54.67593474944961,0.0,0.0,0.0,False,False,False
main,tv_dro_rho_0p01,tv_dro,2025-04-01,69,True,True,20,,0.01,0.7,20.0,optimal_decomposed,69.20078990000184,69.20002059999388,0.0,1,2,15462.571691668625,498.33225108842146,15960.903942757046,16931.296088627725,17429.628339716146,152315.17650989167,0.0,58.25176123409191,0.0,0.0,0.0,False,False,False
main,tv_dro_rho_0p01,tv_dro,2025-04-01,70,True,True,20,,0.01,0.7,20.0,optimal_decomposed,69.20078990000184,69.20002059999388,0.0,1,2,15462.571691668625,498.33225108842146,15960.903942757046,16065.683450763798,16564.01570185222,145431.38134998945,0.02927285739058172,61.70647580396156,0.0,0.0,0.0,False,False,False
main,tv_dro_rho_0p01,tv_dro,2025-04-01,71,True,True,20,,0.01,0.7,20.0,optimal_decomposed,69.20078990000184,69.20002059999388,0.0,1,2,15462.571691668625,498.33225108842146,15960.903942757046,15002.79231956858,15501.124570657,129273.93270631577,0.14552129121606439,59.881392819925345,0.0,0.0,0.0,False,False,False
main,tv_dro_rho_0p01,tv_dro,2025-04-01,72,True,True,20,,0.01,0.7,20.0,optimal_decomposed,69.20078990000184,69.20002059999388,0.0,1,2,15462.571691668625,498.33225108842146,15960.903942757046,15514.070954498153,16012.403205586574,129495.71346503921,0.07528745502842571,61.36403411019882,0.0,0.0,0.0,False,False,False
main,tv_dro_rho_0p01,tv_dro,2025-04-01,73,True,True,20,,0.01,0.7,20.0,optimal_decomposed,69.20078990000184,69.20002059999388,0.0,1,2,15462.571691668625,498.33225108842146,15960.903942757046,15649.557038578154,16147.889289666575,130491.70300936024,0.0,52.18846019208993,0.0,0.0,0.0,False,False,False
main,tv_dro_rho_0p01,tv_dro,2025-04-01,74,True,True,20,,0.01,0.7,20.0,optimal_decomposed,69.20078990000184,69.20002059999388,0.0,1,2,15462.571691668625,498.33225108842146,15960.903942757046,15351.40854146284,15849.740792551262,121348.1612669499,0.09269872859022721,54.804004048603254,0.0,0.0,0.0,False,False,False
main,tv_dro_rho_0p01,tv_dro,2025-04-01,75,True,True,20,,0.01,0.7,20.0,optimal_decomposed,69.20078990000184,69.20002059999388,0.0,1,2,15462.571691668625,498.33225108842146,15960.903942757046,15893.05314643178,16391.3853975202,136006.33019053255,0.06707832122676963,50.0019027625944,0.0,0.0,0.0,False,False,False
main,tv_dro_rho_0p01,tv_dro,2025-04-01,76,True,True,20,,0.01,0.7,20.0,optimal_decomposed,69.20078990000184,69.20002059999388,0.0,1,2,15462.571691668625,498.33225108842146,15960.903942757046,16413.63183329561,16911.96408438403,153400.33317997065,0.0,54.19080192210919,0.0,0.0,0.0,False,False,False
main,tv_dro_rho_0p01,tv_dro,2025-04-01,77,True,True,20,,0.01,0.7,20.0,optimal_decomposed,69.20078990000184,69.20002059999388,0.0,1,2,15462.571691668625,498.33225108842146,15960.903942757046,14918.54785720223,15416.88010829065,121540.11942016336,0.08897348996871624,48.63551031629623,0.0,0.0,0.0,False,False,False
main,tv_dro_rho_0p01,tv_dro,2025-04-01,78,True,True,20,,0.01,0.7,20.0,optimal_decomposed,69.20078990000184,69.20002059999388,0.0,1,2,15462.571691668625,498.33225108842146,15960.903942757046,15428.862405928136,15927.194657016556,126227.86515387992,0.0,54.969498216566734,0.0,0.0,0.0,False,False,False
main,tv_dro_rho_0p01,tv_dro,2025-04-01,79,True,True,20,,0.01,0.7,20.0,optimal_decomposed,69.20078990000184,69.20002059999388,0.0,1,2,15462.571691668625,498.33225108842146,15960.903942757046,16161.582619640916,16659.91487072934,144878.8168475666,0.0,49.9417056599805,0.0,0.0,0.0,False,False,False
main,tv_dro_rho_0p01,tv_dro,2025-04-01,80,True,True,20,,0.01,0.7,20.0,optimal_decomposed,69.20078990000184,69.20002059999388,0.0,1,2,15462.571691668625,498.33225108842146,15960.903942757046,16302.803547590778,16801.1357986792,145571.4637262728,0.29004481707897395,49.27372179034468,0.0,0.0,0.0,False,False,False
main,tv_dro_rho_0p01,tv_dro,2025-04-01,81,True,True,20,,0.01,0.7,20.0,optimal_decomposed,69.20078990000184,69.20002059999388,0.0,1,2,15462.571691668625,498.33225108842146,15960.903942757046,15708.731348536243,16207.063599624664,131331.1594010083,0.0,60.619203882016215,0.0,0.0,0.0,False,False,False
main,tv_dro_rho_0p01,tv_dro,2025-04-01,82,True,True,20,,0.01,0.7,20.0,optimal_decomposed,69.20078990000184,69.20002059999388,0.0,1,2,15462.571691668625,498.33225108842146,15960.903942757046,15366.11029283111,15864.442543919531,130575.44470379179,0.0,47.55648691193355,0.0,0.0,0.0,False,False,False
main,tv_dro_rho_0p01,tv_dro,2025-04-01,83,True,True,20,,0.01,0.7,20.0,optimal_decomposed,69.20078990000184,69.20002059999388,0.0,1,2,15462.571691668625,498.33225108842146,15960.903942757046,16235.264142671082,16733.596393759504,149054.00708843448,0.0,48.53960963667133,0.0,0.0,0.0,False,False,False
main,tv_dro_rho_0p01,tv_dro,2025-04-01,84,True,True,20,,0.01,0.7,20.0,optimal_decomposed,69.20078990000184,69.20002059999388,0.0,1,2,15462.571691668625,498.33225108842146,15960.903942757046,16325.021785193145,16823.354036281566,148099.8490455484,0.0,50.06074858755471,0.0,0.0,0.0,False,False,False
main,tv_dro_rho_0p01,tv_dro,2025-04-01,85,True,True,20,,0.01,0.7,20.0,optimal_decomposed,69.20078990000184,69.20002059999388,0.0,1,2,15462.571691668625,498.33225108842146,15960.903942757046,16035.496556680117,16533.82880776854,136850.29428107882,0.0,64.14925026730525,0.0,0.0,0.0,False,False,False
main,tv_dro_rho_0p01,tv_dro,2025-04-01,86,True,True,20,,0.01,0.7,20.0,optimal_decomposed,69.20078990000184,69.20002059999388,0.0,1,2,15462.571691668625,498.33225108842146,15960.903942757046,15878.662270355879,16376.9945214443,137931.6192642195,0.0,46.09990320431209,0.0,0.0,0.0,False,False,False
main,tv_dro_rho_0p01,tv_dro,2025-04-01,87,True,True,20,,0.01,0.7,20.0,optimal_decomposed,69.20078990000184,69.20002059999388,0.0,1,2,15462.571691668625,498.33225108842146,15960.903942757046,14776.192466134065,15274.524717222486,118975.52690335875,0.17690350176852804,50.40154111387865,0.0,0.0,0.0,False,False,False
main,tv_dro_rho_0p01,tv_dro,2025-04-01,88,True,True,20,,0.01,0.7,20.0,optimal_decomposed,69.20078990000184,69.20002059999388,0.0,1,2,15462.571691668625,498.33225108842146,15960.903942757046,15187.364915670169,15685.69716675859,120998.57549771802,0.0,62.782410307833324,0.0,0.0,0.0,False,False,False
main,tv_dro_rho_0p01,tv_dro,2025-04-01,89,True,True,20,,0.01,0.7,20.0,optimal_decomposed,69.20078990000184,69.20002059999388,0.0,1,2,15462.571691668625,498.33225108842146,15960.903942757046,16015.45332598109,16513.785577069513,136149.5694573115,0.0,52.66061119372694,0.0,0.0,0.0,False,False,False
main,tv_dro_rho_0p01,tv_dro,2025-04-01,90,True,True,20,,0.01,0.7,20.0,optimal_decomposed,69.20078990000184,69.20002059999388,0.0,1,2,15462.571691668625,498.33225108842146,15960.903942757046,15690.596250141902,16188.928501230323,131245.65151546907,0.45461926779156386,58.700147601865154,0.0,0.0,0.0,False,False,False
main,tv_dro_rho_0p01,tv_dro,2025-04-01,91,True,True,20,,0.01,0.7,20.0,optimal_decomposed,69.20078990000184,69.20002059999388,0.0,1,2,15462.571691668625,498.33225108842146,15960.903942757046,14837.625480077242,15335.957731165663,113224.59408375765,0.0,55.310107339172724,0.0,0.0,0.0,False,False,False
main,tv_dro_rho_0p01,tv_dro,2025-04-01,92,True,True,20,,0.01,0.7,20.0,optimal_decomposed,69.20078990000184,69.20002059999388,0.0,1,2,15462.571691668625,498.33225108842146,15960.903942757046,15300.082188085495,15798.414439173916,124970.60414786279,0.0,44.413922322095424,0.0,0.0,0.0,False,False,False
main,tv_dro_rho_0p01,tv_dro,2025-04-01,93,True,True,20,,0.01,0.7,20.0,optimal_decomposed,69.20078990000184,69.20002059999388,0.0,1,2,15462.571691668625,498.33225108842146,15960.903942757046,15385.029712834517,15883.361963922938,135456.28489067106,0.0,54.22183539933762,0.0,0.0,0.0,False,False,False
main,tv_dro_rho_0p01,tv_dro,2025-04-01,94,True,True,20,,0.01,0.7,20.0,optimal_decomposed,69.20078990000184,69.20002059999388,0.0,1,2,15462.571691668625,498.33225108842146,15960.903942757046,15317.001397031609,15815.33364812003,127184.78527041084,0.0,50.0258859716503,0.0,0.0,0.0,False,False,False
main,tv_dro_rho_0p01,tv_dro,2025-04-01,95,True,True,20,,0.01,0.7,20.0,optimal_decomposed,69.20078990000184,69.20002059999388,0.0,1,2,15462.571691668625,498.33225108842146,15960.903942757046,15079.097625609165,15577.429876697586,124142.05028825304,0.002345624948443148,55.22090890706263,0.0,0.0,0.0,False,False,False
main,tv_dro_rho_0p01,tv_dro,2025-04-01,96,True,True,20,,0.01,0.7,20.0,optimal_decomposed,69.20078990000184,69.20002059999388,0.0,1,2,15462.571691668625,498.33225108842146,15960.903942757046,15192.484662923962,15690.816914012383,130634.1808943832,0.0,55.872416577234326,0.0,0.0,0.0,False,False,False
main,tv_dro_rho_0p01,tv_dro,2025-04-01,97,True,True,20,,0.01,0.7,20.0,optimal_decomposed,69.20078990000184,69.20002059999388,0.0,1,2,15462.571691668625,498.33225108842146,15960.903942757046,15390.425499866575,15888.757750954996,128056.69700781755,0.0,55.567883359658026,0.0,0.0,0.0,False,False,False
main,tv_dro_rho_0p01,tv_dro,2025-04-01,98,True,True,20,,0.01,0.7,20.0,optimal_decomposed,69.20078990000184,69.20002059999388,0.0,1,2,15462.571691668625,498.33225108842146,15960.903942757046,15493.794577747678,15992.126828836099,128998.92280248133,0.010331148411871771,44.56687231690281,0.0,0.0,0.0,False,False,False
main,tv_dro_rho_0p01,tv_dro,2025-04-01,99,True,True,20,,0.01,0.7,20.0,optimal_decomposed,69.20078990000184,69.20002059999388,0.0,1,2,15462.571691668625,498.33225108842146,15960.903942757046,15125.873523322407,15624.205774410828,124971.66577708954,0.0,56.3349041804438,0.0,0.0,0.0,False,False,False
main,tv_dro_rho_0p01,tv_dro,2025-07-01,0,True,True,20,,0.01,0.7,20.0,optimal_decomposed,75.71003159999964,75.70930729999964,0.0,1,2,15865.460962360758,295.27094918190807,16160.731911542665,15001.895737973258,15297.166687155166,151745.29018556577,0.024899057179365136,60.911354335856736,0.0,0.0,0.0,False,False,False
main,tv_dro_rho_0p01,tv_dro,2025-07-01,1,True,True,20,,0.01,0.7,20.0,optimal_decomposed,75.71003159999964,75.70930729999964,0.0,1,2,15865.460962360758,295.27094918190807,16160.731911542665,16270.868615091715,16566.139564273624,168729.2107434552,0.10409303161003575,68.65864336041489,0.0,0.0,0.0,False,False,False
main,tv_dro_rho_0p01,tv_dro,2025-07-01,2,True,True,20,,0.01,0.7,20.0,optimal_decomposed,75.71003159999964,75.70930729999964,0.0,1,2,15865.460962360758,295.27094918190807,16160.731911542665,15576.208688300947,15871.479637482855,161615.45691394233,0.0991245312558918,54.06277380691367,0.0,0.0,0.0,False,False,False
main,tv_dro_rho_0p01,tv_dro,2025-07-01,3,True,True,20,,0.01,0.7,20.0,optimal_decomposed,75.71003159999964,75.70930729999964,0.0,1,2,15865.460962360758,295.27094918190807,16160.731911542665,16009.482625735865,16304.753574917773,169133.05235497878,0.0,61.03968755321801,0.0,0.0,0.0,False,False,False
main,tv_dro_rho_0p01,tv_dro,2025-07-01,4,True,True,20,,0.01,0.7,20.0,optimal_decomposed,75.71003159999964,75.70930729999964,0.0,1,2,15865.460962360758,295.27094918190807,16160.731911542665,15709.173129993196,16004.444079175104,167427.7798925451,0.05618064533505007,53.731650219786914,0.0,0.0,0.0,False,False,False
main,tv_dro_rho_0p01,tv_dro,2025-07-01,5,True,True,20,,0.01,0.7,20.0,optimal_decomposed,75.71003159999964,75.70930729999964,0.0,1,2,15865.460962360758,295.27094918190807,16160.731911542665,16232.87974420924,16528.150693391148,179887.5145451063,0.23986574612341605,61.73346968326982,0.0,0.0,0.0,False,False,False
main,tv_dro_rho_0p01,tv_dro,2025-07-01,6,True,True,20,,0.01,0.7,20.0,optimal_decomposed,75.71003159999964,75.70930729999964,0.0,1,2,15865.460962360758,295.27094918190807,16160.731911542665,16617.779791376088,16913.050740557996,172697.5519624885,0.0,59.082547373943164,0.0,0.0,0.0,False,False,False
main,tv_dro_rho_0p01,tv_dro,2025-07-01,7,True,True,20,,0.01,0.7,20.0,optimal_decomposed,75.71003159999964,75.70930729999964,0.0,1,2,15865.460962360758,295.27094918190807,16160.731911542665,15874.023106514349,16169.294055696257,156615.20631825936,0.03662841490251659,56.55877885816783,0.0,0.0,0.0,False,False,False
main,tv_dro_rho_0p01,tv_dro,2025-07-01,8,True,True,20,,0.01,0.7,20.0,optimal_decomposed,75.71003159999964,75.70930729999964,0.0,1,2,15865.460962360758,295.27094918190807,16160.731911542665,16015.678768653983,16310.94971783589,169870.30641781486,0.17183019235473979,59.642071406869206,0.0,0.0,0.0,False,False,False
main,tv_dro_rho_0p01,tv_dro,2025-07-01,9,True,True,20,,0.01,0.7,20.0,optimal_decomposed,75.71003159999964,75.70930729999964,0.0,1,2,15865.460962360758,295.27094918190807,16160.731911542665,16339.646883499026,16634.917832680934,172712.30465593352,0.15869293802442686,66.80378820598857,0.0,0.0,0.0,False,False,False
main,tv_dro_rho_0p01,tv_dro,2025-07-01,10,True,True,20,,0.01,0.7,20.0,optimal_decomposed,75.71003159999964,75.70930729999964,0.0,1,2,15865.460962360758,295.27094918190807,16160.731911542665,15808.698670122852,16103.96961930476,163189.62790206049,0.0,56.32173599240276,0.0,0.0,0.0,False,False,False
main,tv_dro_rho_0p01,tv_dro,2025-07-01,11,True,True,20,,0.01,0.7,20.0,optimal_decomposed,75.71003159999964,75.70930729999964,0.0,1,2,15865.460962360758,295.27094918190807,16160.731911542665,15887.890611813296,16183.161560995204,162596.27317123977,0.0,53.18330841615226,0.0,0.0,0.0,False,False,False
main,tv_dro_rho_0p01,tv_dro,2025-07-01,12,True,True,20,,0.01,0.7,20.0,optimal_decomposed,75.71003159999964,75.70930729999964,0.0,1,2,15865.460962360758,295.27094918190807,16160.731911542665,16260.099658473131,16555.37060765504,175784.4849291652,0.0,54.8447797275976,0.0,0.0,0.0,False,False,False
main,tv_dro_rho_0p01,tv_dro,2025-07-01,13,True,True,20,,0.01,0.7,20.0,optimal_decomposed,75.71003159999964,75.70930729999964,0.0,1,2,15865.460962360758,295.27094918190807,16160.731911542665,16600.06638024732,16895.33732942923,176938.069393306,0.143965372568204,61.49183582785087,0.0,0.0,0.0,False,False,False
main,tv_dro_rho_0p01,tv_dro,2025-07-01,14,True,True,20,,0.01,0.7,20.0,optimal_decomposed,75.71003159999964,75.70930729999964,0.0,1,2,15865.460962360758,295.27094918190807,16160.731911542665,15599.579999184347,15894.850948366255,158914.80429666038,0.03899349324190404,58.28347080825137,0.0,0.0,0.0,False,False,False
main,tv_dro_rho_0p01,tv_dro,2025-07-01,15,True,True,20,,0.01,0.7,20.0,optimal_decomposed,75.71003159999964,75.70930729999964,0.0,1,2,15865.460962360758,295.27094918190807,16160.731911542665,15367.309307214886,15662.580256396794,154502.7310082291,0.03892304189458676,53.24675207211726,0.0,0.0,0.0,False,False,False
main,tv_dro_rho_0p01,tv_dro,2025-07-01,16,True,True,20,,0.01,0.7,20.0,optimal_decomposed,75.71003159999964,75.70930729999964,0.0,1,2,15865.460962360758,295.27094918190807,16160.731911542665,15334.411257807064,15629.682206988971,151831.10029479166,0.05330805160179122,56.385529683909105,0.0,0.0,0.0,False,False,False
main,tv_dro_rho_0p01,tv_dro,2025-07-01,17,True,True,20,,0.01,0.7,20.0,optimal_decomposed,75.71003159999964,75.70930729999964,0.0,1,2,15865.460962360758,295.27094918190807,16160.731911542665,16033.977591396213,16329.24854057812,157851.19066999972,0.0,66.8761433969904,0.0,0.0,0.0,False,False,False
main,tv_dro_rho_0p01,tv_dro,2025-07-01,18,True,True,20,,0.01,0.7,20.0,optimal_decomposed,75.71003159999964,75.70930729999964,0.0,1,2,15865.460962360758,295.27094918190807,16160.731911542665,16527.06770662617,16822.33865580808,168315.66171902133,0.0,61.65548590114995,0.0,0.0,0.0,False,False,False
main,tv_dro_rho_0p01,tv_dro,2025-07-01,19,True,True,20,,0.01,0.7,20.0,optimal_decomposed,75.71003159999964,75.70930729999964,0.0,1,2,15865.460962360758,295.27094918190807,16160.731911542665,15717.399754738395,16012.670703920303,168167.57450742842,0.0982226165947444,56.86609089932566,0.0,0.0,0.0,False,False,False
main,tv_dro_rho_0p01,tv_dro,2025-07-01,20,True,True,20,,0.01,0.7,20.0,optimal_decomposed,75.71003159999964,75.70930729999964,0.0,1,2,15865.460962360758,295.27094918190807,16160.731911542665,16511.2559549122,16806.52690409411,173480.30524385243,0.0,54.16668794164483,0.0,0.0,0.0,False,False,False
main,tv_dro_rho_0p01,tv_dro,2025-07-01,21,True,True,20,,0.01,0.7,20.0,optimal_decomposed,75.71003159999964,75.70930729999964,0.0,1,2,15865.460962360758,295.27094918190807,16160.731911542665,15771.529424298273,16066.80037348018,156044.5488076066,0.16282876003569352,53.381762174924546,0.0,0.1852874256264454,0.0,False,True,False
main,tv_dro_rho_0p01,tv_dro,2025-07-01,22,True,True,20,,0.01,0.7,20.0,optimal_decomposed,75.71003159999964,75.70930729999964,0.0,1,2,15865.460962360758,295.27094918190807,16160.731911542665,16260.79791504218,16556.06886422409,170127.1075305208,0.0037261903763918247,58.11364394777938,0.0,0.0,0.0,False,False,False
main,tv_dro_rho_0p01,tv_dro,2025-07-01,23,True,True,20,,0.01,0.7,20.0,optimal_decomposed,75.71003159999964,75.70930729999964,0.0,1,2,15865.460962360758,295.27094918190807,16160.731911542665,16053.298712487735,16348.569661669642,169383.5030145034,0.0,58.30520696788646,0.0,0.0,0.0,False,False,False
main,tv_dro_rho_0p01,tv_dro,2025-07-01,24,True,True,20,,0.01,0.7,20.0,optimal_decomposed,75.71003159999964,75.70930729999964,0.0,1,2,15865.460962360758,295.27094918190807,16160.731911542665,16068.133107084295,16363.404056266203,160355.28907320867,0.12291751909925211,66.65500397093757,0.0,0.0,0.0,False,False,False
main,tv_dro_rho_0p01,tv_dro,2025-07-01,25,True,True,20,,0.01,0.7,20.0,optimal_decomposed,75.71003159999964,75.70930729999964,0.0,1,2,15865.460962360758,295.27094918190807,16160.731911542665,17569.605542297653,17864.87649147956,199139.07674980536,0.0,54.25676465382805,0.0,0.0,0.0,False,False,False
main,tv_dro_rho_0p01,tv_dro,2025-07-01,26,True,True,20,,0.01,0.7,20.0,optimal_decomposed,75.71003159999964,75.70930729999964,0.0,1,2,15865.460962360758,295.27094918190807,16160.731911542665,15827.552876567825,16122.823825749732,166612.8218339702,0.13607200549110934,65.84029249579874,0.0,0.0,0.0,False,False,False
main,tv_dro_rho_0p01,tv_dro,2025-07-01,27,True,True,20,,0.01,0.7,20.0,optimal_decomposed,75.71003159999964,75.70930729999964,0.0,1,2,15865.460962360758,295.27094918190807,16160.731911542665,15198.975399523653,15494.246348705561,151457.0657343488,0.1437704552275464,65.0821958573482,0.0,0.0,0.0,False,False,False
main,tv_dro_rho_0p01,tv_dro,2025-07-01,28,True,True,20,,0.01,0.7,20.0,optimal_decomposed,75.71003159999964,75.70930729999964,0.0,1,2,15865.460962360758,295.27094918190807,16160.731911542665,16139.44360263745,16434.714551819357,166169.4690561699,0.03057335504184258,50.65861422229152,0.0,0.0,0.0,False,False,False
main,tv_dro_rho_0p01,tv_dro,2025-07-01,29,True,True,20,,0.01,0.7,20.0,optimal_decomposed,75.71003159999964,75.70930729999964,0.0,1,2,15865.460962360758,295.27094918190807,16160.731911542665,16157.711004548382,16452.98195373029,175739.47445741104,0.048161152928460654,47.85059288837065,0.0,0.0,0.0,False,False,False
main,tv_dro_rho_0p01,tv_dro,2025-07-01,30,True,True,20,,0.01,0.7,20.0,optimal_decomposed,75.71003159999964,75.70930729999964,0.0,1,2,15865.460962360758,295.27094918190807,16160.731911542665,15446.606326746534,15741.877275928442,145537.9979552384,0.01369903953869836,54.56116937318083,0.0,0.0,0.0,False,False,False
main,tv_dro_rho_0p01,tv_dro,2025-07-01,31,True,True,20,,0.01,0.7,20.0,optimal_decomposed,75.71003159999964,75.70930729999964,0.0,1,2,15865.460962360758,295.27094918190807,16160.731911542665,16538.945000410255,16834.215949592162,183195.8622887188,0.0,57.04701124783211,0.0,0.0,0.0,False,False,False
main,tv_dro_rho_0p01,tv_dro,2025-07-01,32,True,True,20,,0.01,0.7,20.0,optimal_decomposed,75.71003159999964,75.70930729999964,0.0,1,2,15865.460962360758,295.27094918190807,16160.731911542665,15666.544230625599,15961.815179807507,164050.3853648453,0.0,64.46020869787681,0.0,0.0,0.0,False,False,False
main,tv_dro_rho_0p01,tv_dro,2025-07-01,33,True,True,20,,0.01,0.7,20.0,optimal_decomposed,75.71003159999964,75.70930729999964,0.0,1,2,15865.460962360758,295.27094918190807,16160.731911542665,17083.432581678037,17378.703530859944,198631.6546838292,0.06421879016997209,71.58938757344225,0.0,0.0,0.0,False,False,False
main,tv_dro_rho_0p01,tv_dro,2025-07-01,34,True,True,20,,0.01,0.7,20.0,optimal_decomposed,75.71003159999964,75.70930729999964,0.0,1,2,15865.460962360758,295.27094918190807,16160.731911542665,16463.95606855952,16759.22701774143,173545.037014495,0.0,61.70878825879762,0.0,0.0,0.0,False,False,False
main,tv_dro_rho_0p01,tv_dro,2025-07-01,35,True,True,20,,0.01,0.7,20.0,optimal_decomposed,75.71003159999964,75.70930729999964,0.0,1,2,15865.460962360758,295.27094918190807,16160.731911542665,16030.998248591874,16326.269197773781,155985.2767225084,0.0,61.7856583214185,0.0,0.0,0.0,False,False,False
main,tv_dro_rho_0p01,tv_dro,2025-07-01,36,True,True,20,,0.01,0.7,20.0,optimal_decomposed,75.71003159999964,75.70930729999964,0.0,1,2,15865.460962360758,295.27094918190807,16160.731911542665,15367.835579552619,15663.106528734526,155309.0035563085,0.0,66.68989177614998,0.0,0.0,0.0,False,False,False
main,tv_dro_rho_0p01,tv_dro,2025-07-01,37,True,True,20,,0.01,0.7,20.0,optimal_decomposed,75.71003159999964,75.70930729999964,0.0,1,2,15865.460962360758,295.27094918190807,16160.731911542665,15655.03565462943,15950.306603811337,163088.66820480122,0.0,47.73440048804975,0.0,0.0,0.0,False,False,False
main,tv_dro_rho_0p01,tv_dro,2025-07-01,38,True,True,20,,0.01,0.7,20.0,optimal_decomposed,75.71003159999964,75.70930729999964,0.0,1,2,15865.460962360758,295.27094918190807,16160.731911542665,15792.495096490775,16087.766045672683,165524.36374012163,0.0,51.79163269561468,0.0,0.0,0.0,False,False,False
main,tv_dro_rho_0p01,tv_dro,2025-07-01,39,True,True,20,,0.01,0.7,20.0,optimal_decomposed,75.71003159999964,75.70930729999964,0.0,1,2,15865.460962360758,295.27094918190807,16160.731911542665,15976.649728198117,16271.920677380025,175123.54074395454,0.07505931295524138,52.36348557684701,0.0,0.0,0.0,False,False,False
main,tv_dro_rho_0p01,tv_dro,2025-07-01,40,True,True,20,,0.01,0.7,20.0,optimal_decomposed,75.71003159999964,75.70930729999964,0.0,1,2,15865.460962360758,295.27094918190807,16160.731911542665,16329.584363337168,16624.855312519077,176278.557935083,0.0,48.38693073469934,0.0,0.0,0.0,False,False,False
main,tv_dro_rho_0p01,tv_dro,2025-07-01,41,True,True,20,,0.01,0.7,20.0,optimal_decomposed,75.71003159999964,75.70930729999964,0.0,1,2,15865.460962360758,295.27094918190807,16160.731911542665,16000.57750910633,16295.848458288237,171277.9698569565,0.0248711264275826,44.11719026863233,0.0,0.0,0.0,False,False,False
main,tv_dro_rho_0p01,tv_dro,2025-07-01,42,True,True,20,,0.01,0.7,20.0,optimal_decomposed,75.71003159999964,75.70930729999964,0.0,1,2,15865.460962360758,295.27094918190807,16160.731911542665,16382.90204852658,16678.172997708487,170902.16087061114,0.05112668395856873,65.90646271704769,0.0,0.0,0.0,False,False,False
main,tv_dro_rho_0p01,tv_dro,2025-07-01,43,True,True,20,,0.01,0.7,20.0,optimal_decomposed,75.71003159999964,75.70930729999964,0.0,1,2,15865.460962360758,295.27094918190807,16160.731911542665,15254.823293915513,15550.094243097421,152564.7876292691,0.13019754896817673,58.40145030385908,0.0,0.0,0.0,False,False,False
main,tv_dro_rho_0p01,tv_dro,2025-07-01,44,True,True,20,,0.01,0.7,20.0,optimal_decomposed,75.71003159999964,75.70930729999964,0.0,1,2,15865.460962360758,295.27094918190807,16160.731911542665,15825.337676281633,16120.608625463541,160377.4077088925,0.1351766872718994,59.0464888222106,0.0,0.0,0.0,False,False,False
main,tv_dro_rho_0p01,tv_dro,2025-07-01,45,True,True,20,,0.01,0.7,20.0,optimal_decomposed,75.71003159999964,75.70930729999964,0.0,1,2,15865.460962360758,295.27094918190807,16160.731911542665,16369.64491156425,16664.915860746158,177392.45058015632,0.0,67.31513682587168,0.0,0.0,0.0,False,False,False
main,tv_dro_rho_0p01,tv_dro,2025-07-01,46,True,True,20,,0.01,0.7,20.0,optimal_decomposed,75.71003159999964,75.70930729999964,0.0,1,2,15865.460962360758,295.27094918190807,16160.731911542665,16438.416526900743,16733.68747608265,168856.14362138297,0.15152606851657707,60.85814120301218,0.0,0.0,0.0,False,False,False
main,tv_dro_rho_0p01,tv_dro,2025-07-01,47,True,True,20,,0.01,0.7,20.0,optimal_decomposed,75.71003159999964,75.70930729999964,0.0,1,2,15865.460962360758,295.27094918190807,16160.731911542665,16506.529505997132,16801.80045517904,175541.04551832692,0.0,60.32752729448927,0.0,0.0,0.0,False,False,False
main,tv_dro_rho_0p01,tv_dro,2025-07-01,48,True,True,20,,0.01,0.7,20.0,optimal_decomposed,75.71003159999964,75.70930729999964,0.0,1,2,15865.460962360758,295.27094918190807,16160.731911542665,16933.42078827621,17228.691737458117,184311.76414438093,0.0,56.387607892143514,0.0,0.0,0.0,False,False,False
main,tv_dro_rho_0p01,tv_dro,2025-07-01,49,True,True,20,,0.01,0.7,20.0,optimal_decomposed,75.71003159999964,75.70930729999964,0.0,1,2,15865.460962360758,295.27094918190807,16160.731911542665,16631.447915599812,16926.71886478172,180745.11034249602,0.6038399737281736,67.21067669127403,0.0,0.0,0.0,False,False,False
main,tv_dro_rho_0p01,tv_dro,2025-07-01,50,True,True,20,,0.01,0.7,20.0,optimal_decomposed,75.71003159999964,75.70930729999964,0.0,1,2,15865.460962360758,295.27094918190807,16160.731911542665,15674.40649680504,15969.677445986948,169086.07091391375,0.0,64.32699253919844,0.0,0.0,0.0,False,False,False
main,tv_dro_rho_0p01,tv_dro,2025-07-01,51,True,True,20,,0.01,0.7,20.0,optimal_decomposed,75.71003159999964,75.70930729999964,0.0,1,2,15865.460962360758,295.27094918190807,16160.731911542665,15648.460709200359,15943.731658382267,159666.91993988477,0.0,58.1446408672195,0.0,0.0,0.0,False,False,False
main,tv_dro_rho_0p01,tv_dro,2025-07-01,52,True,True,20,,0.01,0.7,20.0,optimal_decomposed,75.71003159999964,75.70930729999964,0.0,1,2,15865.460962360758,295.27094918190807,16160.731911542665,16780.86240070285,17076.133349884756,181264.2971177733,0.0,60.21491372360624,0.0,0.0,0.0,False,False,False
main,tv_dro_rho_0p01,tv_dro,2025-07-01,53,True,True,20,,0.01,0.7,20.0,optimal_decomposed,75.71003159999964,75.70930729999964,0.0,1,2,15865.460962360758,295.27094918190807,16160.731911542665,15861.37495570164,16156.645904883548,163081.3654921833,0.0,52.14997388540512,0.0,0.0,0.0,False,False,False
main,tv_dro_rho_0p01,tv_dro,2025-07-01,54,True,True,20,,0.01,0.7,20.0,optimal_decomposed,75.71003159999964,75.70930729999964,0.0,1,2,15865.460962360758,295.27094918190807,16160.731911542665,16963.335432441778,17258.606381623686,178345.439074985,0.0,56.94489117157773,0.0,0.0,0.0,False,False,False
main,tv_dro_rho_0p01,tv_dro,2025-07-01,55,True,True,20,,0.01,0.7,20.0,optimal_decomposed,75.71003159999964,75.70930729999964,0.0,1,2,15865.460962360758,295.27094918190807,16160.731911542665,15996.830037927586,16292.100987109494,165774.3428581766,0.0,63.569753650407215,0.0,0.0,0.0,False,False,False
main,tv_dro_rho_0p01,tv_dro,2025-07-01,56,True,True,20,,0.01,0.7,20.0,optimal_decomposed,75.71003159999964,75.70930729999964,0.0,1,2,15865.460962360758,295.27094918190807,16160.731911542665,16233.909592715256,16529.180541897163,169360.66086972287,0.02255928540384286,48.78407605705825,0.0,0.0,0.0,False,False,False
main,tv_dro_rho_0p01,tv_dro,2025-07-01,57,True,True,20,,0.01,0.7,20.0,optimal_decomposed,75.71003159999964,75.70930729999964,0.0,1,2,15865.460962360758,295.27094918190807,16160.731911542665,16197.627567683743,16492.89851686565,163632.22012710338,0.0,56.201638412518044,0.0,0.0,0.0,False,False,False
main,tv_dro_rho_0p01,tv_dro,2025-07-01,58,True,True,20,,0.01,0.7,20.0,optimal_decomposed,75.71003159999964,75.70930729999964,0.0,1,2,15865.460962360758,295.27094918190807,16160.731911542665,16752.240094806333,17047.51104398824,185592.11322839564,0.0,66.15406253645948,0.0,0.0,0.0,False,False,False
main,tv_dro_rho_0p01,tv_dro,2025-07-01,59,True,True,20,,0.01,0.7,20.0,optimal_decomposed,75.71003159999964,75.70930729999964,0.0,1,2,15865.460962360758,295.27094918190807,16160.731911542665,17076.622339918544,17371.89328910045,186123.4788746797,0.0,61.66411387229455,0.0,0.0,0.0,False,False,False
main,tv_dro_rho_0p01,tv_dro,2025-07-01,60,True,True,20,,0.01,0.7,20.0,optimal_decomposed,75.71003159999964,75.70930729999964,0.0,1,2,15865.460962360758,295.27094918190807,16160.731911542665,16009.978861409094,16305.249810591002,173485.6209199645,0.08998226343883153,59.3254065359702,0.0,0.0,0.0,False,False,False
main,tv_dro_rho_0p01,tv_dro,2025-07-01,61,True,True,20,,0.01,0.7,20.0,optimal_decomposed,75.71003159999964,75.70930729999964,0.0,1,2,15865.460962360758,295.27094918190807,16160.731911542665,16132.357426511657,16427.628375693566,170837.36955005265,0.04924898586554774,45.7307143926807,0.0,0.0,0.0,False,False,False
main,tv_dro_rho_0p01,tv_dro,2025-07-01,62,True,True,20,,0.01,0.7,20.0,optimal_decomposed,75.71003159999964,75.70930729999964,0.0,1,2,15865.460962360758,295.27094918190807,16160.731911542665,15432.769550015273,15728.04049919718,154954.6127374599,0.0,62.06130283504041,0.0,0.0,0.0,False,False,False
main,tv_dro_rho_0p01,tv_dro,2025-07-01,63,True,True,20,,0.01,0.7,20.0,optimal_decomposed,75.71003159999964,75.70930729999964,0.0,1,2,15865.460962360758,295.27094918190807,16160.731911542665,16076.352964494132,16371.62391367604,165883.73202285377,0.04748209321944655,66.87904599238786,0.0,0.0,0.0,False,False,False
main,tv_dro_rho_0p01,tv_dro,2025-07-01,64,True,True,20,,0.01,0.7,20.0,optimal_decomposed,75.71003159999964,75.70930729999964,0.0,1,2,15865.460962360758,295.27094918190807,16160.731911542665,15836.40551352654,16131.676462708449,156188.34515925226,0.03231391895383154,55.16478950463468,0.0,0.0,0.0,False,False,False
main,tv_dro_rho_0p01,tv_dro,2025-07-01,65,True,True,20,,0.01,0.7,20.0,optimal_decomposed,75.71003159999964,75.70930729999964,0.0,1,2,15865.460962360758,295.27094918190807,16160.731911542665,16637.110765957932,16932.38171513984,168743.77385758338,0.0,58.84685737832731,0.0,0.0,0.0,False,False,False
main,tv_dro_rho_0p01,tv_dro,2025-07-01,66,True,True,20,,0.01,0.7,20.0,optimal_decomposed,75.71003159999964,75.70930729999964,0.0,1,2,15865.460962360758,295.27094918190807,16160.731911542665,16256.818580265486,16552.089529447396,174345.8015727659,0.0,69.85482620537623,0.0,0.0,0.0,False,False,False
main,tv_dro_rho_0p01,tv_dro,2025-07-01,67,True,True,20,,0.01,0.7,20.0,optimal_decomposed,75.71003159999964,75.70930729999964,0.0,1,2,15865.460962360758,295.27094918190807,16160.731911542665,15153.933629198265,15449.204578380173,151651.0032749769,0.0,53.730388380928225,0.0,0.0,0.0,False,False,False
main,tv_dro_rho_0p01,tv_dro,2025-07-01,68,True,True,20,,0.01,0.7,20.0,optimal_decomposed,75.71003159999964,75.70930729999964,0.0,1,2,15865.460962360758,295.27094918190807,16160.731911542665,17225.598868899415,17520.869818081323,192131.2259116971,0.0,59.8949868351382,0.0,0.0,0.0,False,False,False
main,tv_dro_rho_0p01,tv_dro,2025-07-01,69,True,True,20,,0.01,0.7,20.0,optimal_decomposed,75.71003159999964,75.70930729999964,0.0,1,2,15865.460962360758,295.27094918190807,16160.731911542665,17311.131827284582,17606.40277646649,187913.3965896019,0.0,61.96943439193996,0.0,0.0,0.0,False,False,False
main,tv_dro_rho_0p01,tv_dro,2025-07-01,70,True,True,20,,0.01,0.7,20.0,optimal_decomposed,75.71003159999964,75.70930729999964,0.0,1,2,15865.460962360758,295.27094918190807,16160.731911542665,16534.796069579064,16830.067018760972,180011.71353542592,0.25181196039477777,64.27792977629284,0.0,0.0,0.0,False,False,False
main,tv_dro_rho_0p01,tv_dro,2025-07-01,71,True,True,20,,0.01,0.7,20.0,optimal_decomposed,75.71003159999964,75.70930729999964,0.0,1,2,15865.460962360758,295.27094918190807,16160.731911542665,15224.546225310942,15519.81717449285,162735.78240123673,0.025597094661314657,71.22384103166623,0.0,0.0,0.0,False,False,False
main,tv_dro_rho_0p01,tv_dro,2025-07-01,72,True,True,20,,0.01,0.7,20.0,optimal_decomposed,75.71003159999964,75.70930729999964,0.0,1,2,15865.460962360758,295.27094918190807,16160.731911542665,15812.176233465752,16107.44718264766,162348.01235759535,0.0,65.73586780215606,0.0,0.0,0.0,False,False,False
main,tv_dro_rho_0p01,tv_dro,2025-07-01,73,True,True,20,,0.01,0.7,20.0,optimal_decomposed,75.71003159999964,75.70930729999964,0.0,1,2,15865.460962360758,295.27094918190807,16160.731911542665,16074.042321977688,16369.313271159595,164953.09004541475,0.03950527889448846,61.635769121372945,0.0,0.0,0.0,False,False,False
main,tv_dro_rho_0p01,tv_dro,2025-07-01,74,True,True,20,,0.01,0.7,20.0,optimal_decomposed,75.71003159999964,75.70930729999964,0.0,1,2,15865.460962360758,295.27094918190807,16160.731911542665,15836.557619877922,16131.82856905983,153525.27885248626,0.0035015823501056142,57.18270325606893,0.0,0.0,0.0,False,False,False
main,tv_dro_rho_0p01,tv_dro,2025-07-01,75,True,True,20,,0.01,0.7,20.0,optimal_decomposed,75.71003159999964,75.70930729999964,0.0,1,2,15865.460962360758,295.27094918190807,16160.731911542665,16423.336954619175,16718.607903801083,170222.04156777714,0.16996855523265883,59.26067395114115,0.0,0.0,0.0,False,False,False
main,tv_dro_rho_0p01,tv_dro,2025-07-01,76,True,True,20,,0.01,0.7,20.0,optimal_decomposed,75.71003159999964,75.70930729999964,0.0,1,2,15865.460962360758,295.27094918190807,16160.731911542665,16565.348117343838,16860.619066525745,186814.07584581812,0.0,56.65487672446029,0.0,0.0,0.0,False,False,False
main,tv_dro_rho_0p01,tv_dro,2025-07-01,77,True,True,20,,0.01,0.7,20.0,optimal_decomposed,75.71003159999964,75.70930729999964,0.0,1,2,15865.460962360758,295.27094918190807,16160.731911542665,15507.734235360253,15803.00518454216,153834.07983805414,0.0,57.58199947431351,0.0,0.0,0.0,False,False,False
main,tv_dro_rho_0p01,tv_dro,2025-07-01,78,True,True,20,,0.01,0.7,20.0,optimal_decomposed,75.71003159999964,75.70930729999964,0.0,1,2,15865.460962360758,295.27094918190807,16160.731911542665,15497.880076313193,15793.1510254951,159708.3881885215,0.0,63.89684477455648,0.0,0.0,0.0,False,False,False
main,tv_dro_rho_0p01,tv_dro,2025-07-01,79,True,True,20,,0.01,0.7,20.0,optimal_decomposed,75.71003159999964,75.70930729999964,0.0,1,2,15865.460962360758,295.27094918190807,16160.731911542665,16668.468452837642,16963.73940201955,180471.06585931018,0.0,53.949833130510896,0.0,0.0,0.0,False,False,False
main,tv_dro_rho_0p01,tv_dro,2025-07-01,80,True,True,20,,0.01,0.7,20.0,optimal_decomposed,75.71003159999964,75.70930729999964,0.0,1,2,15865.460962360758,295.27094918190807,16160.731911542665,16796.15250595082,17091.423455132728,179187.92555931205,0.0,57.95605917421238,0.0,0.0,0.0,False,False,False
main,tv_dro_rho_0p01,tv_dro,2025-07-01,81,True,True,20,,0.01,0.7,20.0,optimal_decomposed,75.71003159999964,75.70930729999964,0.0,1,2,15865.460962360758,295.27094918190807,16160.731911542665,16028.834600031392,16324.1055492133,165387.78827704684,0.1419322174382485,68.01444803576982,0.0,0.0,0.0,False,False,False
main,tv_dro_rho_0p01,tv_dro,2025-07-01,82,True,True,20,,0.01,0.7,20.0,optimal_decomposed,75.71003159999964,75.70930729999964,0.0,1,2,15865.460962360758,295.27094918190807,16160.731911542665,15751.828567217579,16047.099516399487,163372.226377552,0.09029842006856273,51.47336016982059,0.0,0.0,0.0,False,False,False
main,tv_dro_rho_0p01,tv_dro,2025-07-01,83,True,True,20,,0.01,0.7,20.0,optimal_decomposed,75.71003159999964,75.70930729999964,0.0,1,2,15865.460962360758,295.27094918190807,16160.731911542665,16755.595112405656,17050.866061587563,183760.63307824967,0.058306634357683074,59.372441251940074,0.0,0.0,0.0,False,False,False
main,tv_dro_rho_0p01,tv_dro,2025-07-01,84,True,True,20,,0.01,0.7,20.0,optimal_decomposed,75.71003159999964,75.70930729999964,0.0,1,2,15865.460962360758,295.27094918190807,16160.731911542665,16709.693557852792,17004.9645070347,183317.05635388012,0.13375660317000418,57.22532348460077,0.0,0.0,0.0,False,False,False
main,tv_dro_rho_0p01,tv_dro,2025-07-01,85,True,True,20,,0.01,0.7,20.0,optimal_decomposed,75.71003159999964,75.70930729999964,0.0,1,2,15865.460962360758,295.27094918190807,16160.731911542665,16375.251219810341,16670.52216899225,171694.88153913035,0.0,69.02940860995936,0.0,0.0,0.0,False,False,False
main,tv_dro_rho_0p01,tv_dro,2025-07-01,86,True,True,20,,0.01,0.7,20.0,optimal_decomposed,75.71003159999964,75.70930729999964,0.0,1,2,15865.460962360758,295.27094918190807,16160.731911542665,16201.406210687552,16496.67715986946,172188.8866471365,0.09411530956762434,52.810531849233975,0.0,0.0,0.0,False,False,False
main,tv_dro_rho_0p01,tv_dro,2025-07-01,87,True,True,20,,0.01,0.7,20.0,optimal_decomposed,75.71003159999964,75.70930729999964,0.0,1,2,15865.460962360758,295.27094918190807,16160.731911542665,15576.044633326901,15871.315582508809,150504.94223142235,0.14529927352326055,58.369372882318295,0.0,0.0,0.0,False,False,False
main,tv_dro_rho_0p01,tv_dro,2025-07-01,88,True,True,20,,0.01,0.7,20.0,optimal_decomposed,75.71003159999964,75.70930729999964,0.0,1,2,15865.460962360758,295.27094918190807,16160.731911542665,15338.383980815164,15633.654929997072,153913.39687877332,0.03675819878584896,66.18906856610772,0.0,0.0,0.0,False,False,False
main,tv_dro_rho_0p01,tv_dro,2025-07-01,89,True,True,20,,0.01,0.7,20.0,optimal_decomposed,75.71003159999964,75.70930729999964,0.0,1,2,15865.460962360758,295.27094918190807,16160.731911542665,16328.457954137819,16623.728903319727,168895.33710596745,0.0,58.07733220253683,0.0,0.0,0.0,False,False,False
main,tv_dro_rho_0p01,tv_dro,2025-07-01,90,True,True,20,,0.01,0.7,20.0,optimal_decomposed,75.71003159999964,75.70930729999964,0.0,1,2,15865.460962360758,295.27094918190807,16160.731911542665,15862.368113191753,16157.63906237366,164369.83794473452,0.13567259555674505,63.380765570664636,0.0,0.0,0.0,False,False,False
main,tv_dro_rho_0p01,tv_dro,2025-07-01,91,True,True,20,,0.01,0.7,20.0,optimal_decomposed,75.71003159999964,75.70930729999964,0.0,1,2,15865.460962360758,295.27094918190807,16160.731911542665,14931.581520397627,15226.852469579535,143876.1050204981,0.0,57.22702788884031,0.0,0.0,0.0,False,False,False
main,tv_dro_rho_0p01,tv_dro,2025-07-01,92,True,True,20,,0.01,0.7,20.0,optimal_decomposed,75.71003159999964,75.70930729999964,0.0,1,2,15865.460962360758,295.27094918190807,16160.731911542665,15590.55813503031,15885.829084212217,157991.8891711968,0.0,44.32412696554258,0.0,0.0,0.0,False,False,False
main,tv_dro_rho_0p01,tv_dro,2025-07-01,93,True,True,20,,0.01,0.7,20.0,optimal_decomposed,75.71003159999964,75.70930729999964,0.0,1,2,15865.460962360758,295.27094918190807,16160.731911542665,15731.409355184525,16026.680304366433,168701.6898821669,0.03470770052744265,58.22129739003774,0.0,0.0,0.0,False,False,False
main,tv_dro_rho_0p01,tv_dro,2025-07-01,94,True,True,20,,0.01,0.7,20.0,optimal_decomposed,75.71003159999964,75.70930729999964,0.0,1,2,15865.460962360758,295.27094918190807,16160.731911542665,15774.717380957534,16069.988330139442,160608.00441267947,0.03900846783832754,54.17540376683857,0.0,0.0,0.0,False,False,False
main,tv_dro_rho_0p01,tv_dro,2025-07-01,95,True,True,20,,0.01,0.7,20.0,optimal_decomposed,75.71003159999964,75.70930729999964,0.0,1,2,15865.460962360758,295.27094918190807,16160.731911542665,15423.779145384431,15719.050094566339,157193.3867612845,0.04845091264603371,59.63580885239109,0.0,0.0,0.0,False,False,False
main,tv_dro_rho_0p01,tv_dro,2025-07-01,96,True,True,20,,0.01,0.7,20.0,optimal_decomposed,75.71003159999964,75.70930729999964,0.0,1,2,15865.460962360758,295.27094918190807,16160.731911542665,15943.081886320031,16238.352835501939,163603.3541821229,0.09598508637710881,57.33048625080414,0.0,0.0,0.0,False,False,False
main,tv_dro_rho_0p01,tv_dro,2025-07-01,97,True,True,20,,0.01,0.7,20.0,optimal_decomposed,75.71003159999964,75.70930729999964,0.0,1,2,15865.460962360758,295.27094918190807,16160.731911542665,15716.655651651055,16011.926600832963,160572.7087335133,0.009577515490698352,59.898981796240896,0.0,0.0,0.0,False,False,False
main,tv_dro_rho_0p01,tv_dro,2025-07-01,98,True,True,20,,0.01,0.7,20.0,optimal_decomposed,75.71003159999964,75.70930729999964,0.0,1,2,15865.460962360758,295.27094918190807,16160.731911542665,15752.597356719345,16047.868305901253,162729.59715371332,0.11844737176203249,49.810502636027486,0.0,0.0,0.0,False,False,False
main,tv_dro_rho_0p01,tv_dro,2025-07-01,99,True,True,20,,0.01,0.7,20.0,optimal_decomposed,75.71003159999964,75.70930729999964,0.0,1,2,15865.460962360758,295.27094918190807,16160.731911542665,15555.140958997661,15850.411908179569,157981.6576112353,0.0850933466826787,59.09818759606757,0.0,0.0,0.0,False,False,False
main,tv_dro_rho_0p01,tv_dro,2025-10-01,0,True,True,20,,0.01,0.7,20.0,optimal_decomposed,70.68768960000307,70.6870401000051,0.0,1,2,16307.860668283884,533.9055933035752,16841.766261587458,15379.181677118004,15913.08727042158,175853.41800443435,0.1254363418129132,57.7273952567704,0.0,0.0,0.0,False,False,False
main,tv_dro_rho_0p01,tv_dro,2025-10-01,1,True,True,20,,0.01,0.7,20.0,optimal_decomposed,70.68768960000307,70.6870401000051,0.0,1,2,16307.860668283884,533.9055933035752,16841.766261587458,16672.42486345814,17206.330456761716,196176.95279893168,0.03330193529835973,64.89136377215014,0.0,0.0,0.0,False,False,False
main,tv_dro_rho_0p01,tv_dro,2025-10-01,2,True,True,20,,0.01,0.7,20.0,optimal_decomposed,70.68768960000307,70.6870401000051,0.0,1,2,16307.860668283884,533.9055933035752,16841.766261587458,15850.410558311303,16384.31615161488,187493.97687373598,0.028333434944215835,49.18166618405182,0.0,0.0,0.0,False,False,False
main,tv_dro_rho_0p01,tv_dro,2025-10-01,3,True,True,20,,0.01,0.7,20.0,optimal_decomposed,70.68768960000307,70.6870401000051,0.0,1,2,16307.860668283884,533.9055933035752,16841.766261587458,16541.766195360593,17075.671788664167,196177.8528872336,0.0,58.35528462862545,0.0,0.0,0.0,False,False,False
main,tv_dro_rho_0p01,tv_dro,2025-10-01,4,True,True,20,,0.01,0.7,20.0,optimal_decomposed,70.68768960000307,70.6870401000051,0.0,1,2,16307.860668283884,533.9055933035752,16841.766261587458,16141.166780043284,16675.07237334686,192298.9519695524,0.12756845315938986,53.69278067290235,0.0,0.0,0.0,False,False,False
main,tv_dro_rho_0p01,tv_dro,2025-10-01,5,True,True,20,,0.01,0.7,20.0,optimal_decomposed,70.68768960000307,70.6870401000051,0.0,1,2,16307.860668283884,533.9055933035752,16841.766261587458,16564.43286815262,17098.338461456195,206432.62204225356,0.0,60.79508916625464,0.0,0.0,0.0,False,False,False
main,tv_dro_rho_0p01,tv_dro,2025-10-01,6,True,True,20,,0.01,0.7,20.0,optimal_decomposed,70.68768960000307,70.6870401000051,0.0,1,2,16307.860668283884,533.9055933035752,16841.766261587458,16767.003881922006,17300.90947522558,197975.3060663185,0.0,50.86927520171961,0.0,0.0,0.0,False,False,False
main,tv_dro_rho_0p01,tv_dro,2025-10-01,7,True,True,20,,0.01,0.7,20.0,optimal_decomposed,70.68768960000307,70.6870401000051,0.0,1,2,16307.860668283884,533.9055933035752,16841.766261587458,15819.146690277988,16353.052283581565,182302.2518749856,0.0,54.97433911731363,0.0,0.0,0.0,False,False,False
main,tv_dro_rho_0p01,tv_dro,2025-10-01,8,True,True,20,,0.01,0.7,20.0,optimal_decomposed,70.68768960000307,70.6870401000051,0.0,1,2,16307.860668283884,533.9055933035752,16841.766261587458,16272.836770806854,16806.74236411043,195990.49891186412,0.13943913871948777,52.079366735864575,0.0,0.0,0.0,False,False,False
main,tv_dro_rho_0p01,tv_dro,2025-10-01,9,True,True,20,,0.01,0.7,20.0,optimal_decomposed,70.68768960000307,70.6870401000051,0.0,1,2,16307.860668283884,533.9055933035752,16841.766261587458,16622.453440873524,17156.359034177098,199081.55853073872,0.021135525786329934,62.28800303878979,0.0,0.0,0.0,False,False,False
main,tv_dro_rho_0p01,tv_dro,2025-10-01,10,True,True,20,,0.01,0.7,20.0,optimal_decomposed,70.68768960000307,70.6870401000051,0.0,1,2,16307.860668283884,533.9055933035752,16841.766261587458,16079.731732114464,16613.63732541804,190188.80796071456,0.0,55.89581298408385,0.0,0.0,0.0,False,False,False
main,tv_dro_rho_0p01,tv_dro,2025-10-01,11,True,True,20,,0.01,0.7,20.0,optimal_decomposed,70.68768960000307,70.6870401000051,0.0,1,2,16307.860668283884,533.9055933035752,16841.766261587458,16375.119623740806,16909.025217044382,188786.6946646116,0.01992090929283652,51.769646179559594,0.0,0.0,0.0,False,False,False
main,tv_dro_rho_0p01,tv_dro,2025-10-01,12,True,True,20,,0.01,0.7,20.0,optimal_decomposed,70.68768960000307,70.6870401000051,0.0,1,2,16307.860668283884,533.9055933035752,16841.766261587458,16384.51673137485,16918.422324678424,201721.76101505233,0.03239340959411957,49.319495977774224,0.0,0.0,0.0,False,False,False
main,tv_dro_rho_0p01,tv_dro,2025-10-01,13,True,True,20,,0.01,0.7,20.0,optimal_decomposed,70.68768960000307,70.6870401000051,0.0,1,2,16307.860668283884,533.9055933035752,16841.766261587458,16881.056050284045,17414.96164358762,202917.77512895592,0.10432214959969241,56.50890246395795,0.0,0.0,0.0,False,False,False
main,tv_dro_rho_0p01,tv_dro,2025-10-01,14,True,True,20,,0.01,0.7,20.0,optimal_decomposed,70.68768960000307,70.6870401000051,0.0,1,2,16307.860668283884,533.9055933035752,16841.766261587458,15917.918088608625,16451.8236819122,183432.577218357,0.0,51.511513250780155,0.0,0.0,0.0,False,False,False
main,tv_dro_rho_0p01,tv_dro,2025-10-01,15,True,True,20,,0.01,0.7,20.0,optimal_decomposed,70.68768960000307,70.6870401000051,0.0,1,2,16307.860668283884,533.9055933035752,16841.766261587458,15700.620857653093,16234.52645095667,179570.4690740783,0.0,48.75700884236917,0.0,0.0,0.0,False,False,False
main,tv_dro_rho_0p01,tv_dro,2025-10-01,16,True,True,20,,0.01,0.7,20.0,optimal_decomposed,70.68768960000307,70.6870401000051,0.0,1,2,16307.860668283884,533.9055933035752,16841.766261587458,15608.912909525672,16142.818502829246,175220.58784133606,0.0,52.514629313180244,0.0,0.0,0.0,False,False,False
main,tv_dro_rho_0p01,tv_dro,2025-10-01,17,True,True,20,,0.01,0.7,20.0,optimal_decomposed,70.68768960000307,70.6870401000051,0.0,1,2,16307.860668283884,533.9055933035752,16841.766261587458,16095.415187297129,16629.320780600705,182431.82719550276,0.3398874040740956,62.54628874599658,0.0,0.0,0.0,False,False,False
main,tv_dro_rho_0p01,tv_dro,2025-10-01,18,True,True,20,,0.01,0.7,20.0,optimal_decomposed,70.68768960000307,70.6870401000051,0.0,1,2,16307.860668283884,533.9055933035752,16841.766261587458,16653.013891215665,17186.91948451924,194135.01361307933,0.0,58.91885193918251,0.0,0.0,0.0,False,False,False
main,tv_dro_rho_0p01,tv_dro,2025-10-01,19,True,True,20,,0.01,0.7,20.0,optimal_decomposed,70.68768960000307,70.6870401000051,0.0,1,2,16307.860668283884,533.9055933035752,16841.766261587458,16005.402924792963,16539.30851809654,194213.34269871376,0.038250146427569964,53.97579639607876,0.0,0.0,0.0,False,False,False
main,tv_dro_rho_0p01,tv_dro,2025-10-01,20,True,True,20,,0.01,0.7,20.0,optimal_decomposed,70.68768960000307,70.6870401000051,0.0,1,2,16307.860668283884,533.9055933035752,16841.766261587458,16579.454655459544,17113.360248763118,200087.79158470855,0.0,50.840863099485986,0.0,0.0,0.0,False,False,False
main,tv_dro_rho_0p01,tv_dro,2025-10-01,21,True,True,20,,0.01,0.7,20.0,optimal_decomposed,70.68768960000307,70.6870401000051,0.0,1,2,16307.860668283884,533.9055933035752,16841.766261587458,15918.564762343913,16452.47035564749,181334.5442442612,0.0920376637240175,49.81780701741561,0.0,0.0,0.0,False,False,False
main,tv_dro_rho_0p01,tv_dro,2025-10-01,22,True,True,20,,0.01,0.7,20.0,optimal_decomposed,70.68768960000307,70.6870401000051,0.0,1,2,16307.860668283884,533.9055933035752,16841.766261587458,16465.75188548892,16999.657478792495,195938.79524288783,0.0,52.5484950237413,0.0,0.0,0.0,False,False,False
main,tv_dro_rho_0p01,tv_dro,2025-10-01,23,True,True,20,,0.01,0.7,20.0,optimal_decomposed,70.68768960000307,70.6870401000051,0.0,1,2,16307.860668283884,533.9055933035752,16841.766261587458,16658.726514597925,17192.6321079015,195193.7135631309,0.0,53.27092979316996,0.0,0.0,0.0,False,False,False
main,tv_dro_rho_0p01,tv_dro,2025-10-01,24,True,True,20,,0.01,0.7,20.0,optimal_decomposed,70.68768960000307,70.6870401000051,0.0,1,2,16307.860668283884,533.9055933035752,16841.766261587458,16281.509070008435,16815.41466331201,186345.91600211343,0.05212642278757615,60.379171812914294,0.0,0.0,0.0,False,False,False
main,tv_dro_rho_0p01,tv_dro,2025-10-01,25,True,True,20,,0.01,0.7,20.0,optimal_decomposed,70.68768960000307,70.6870401000051,0.0,1,2,16307.860668283884,533.9055933035752,16841.766261587458,17721.362433935905,18255.26802723948,226468.08065995204,0.0,50.089035100019906,0.0,0.0,0.0,False,False,False
main,tv_dro_rho_0p01,tv_dro,2025-10-01,26,True,True,20,,0.01,0.7,20.0,optimal_decomposed,70.68768960000307,70.6870401000051,0.0,1,2,16307.860668283884,533.9055933035752,16841.766261587458,16068.676613939833,16602.58220724341,192823.3261979825,0.06528090917943333,61.43677266491357,0.0,0.0,0.0,False,False,False
main,tv_dro_rho_0p01,tv_dro,2025-10-01,27,True,True,20,,0.01,0.7,20.0,optimal_decomposed,70.68768960000307,70.6870401000051,0.0,1,2,16307.860668283884,533.9055933035752,16841.766261587458,15358.987694127078,15892.893287430652,176008.53129723464,0.10321088117912824,60.662016793926625,0.0,0.0,0.0,False,False,False
main,tv_dro_rho_0p01,tv_dro,2025-10-01,28,True,True,20,,0.01,0.7,20.0,optimal_decomposed,70.68768960000307,70.6870401000051,0.0,1,2,16307.860668283884,533.9055933035752,16841.766261587458,16446.80179545073,16980.707388754305,191606.92569299022,0.019168803249445587,45.64360069004847,0.0,0.0,0.0,False,False,False
main,tv_dro_rho_0p01,tv_dro,2025-10-01,29,True,True,20,,0.01,0.7,20.0,optimal_decomposed,70.68768960000307,70.6870401000051,0.0,1,2,16307.860668283884,533.9055933035752,16841.766261587458,16507.950644863286,17041.85623816686,202918.95699412792,0.0,43.19437581480517,0.0,0.0,0.0,False,False,False
main,tv_dro_rho_0p01,tv_dro,2025-10-01,30,True,True,20,,0.01,0.7,20.0,optimal_decomposed,70.68768960000307,70.6870401000051,0.0,1,2,16307.860668283884,533.9055933035752,16841.766261587458,15601.382668686927,16135.288261990503,169586.03150099018,0.11448819719042236,52.41661748306642,0.0,0.0,0.0,False,False,False
main,tv_dro_rho_0p01,tv_dro,2025-10-01,31,True,True,20,,0.01,0.7,20.0,optimal_decomposed,70.68768960000307,70.6870401000051,0.0,1,2,16307.860668283884,533.9055933035752,16841.766261587458,16797.098948906427,17331.00454221,210502.77293296234,0.0,51.64124578113949,0.0,0.0,0.0,False,False,False
main,tv_dro_rho_0p01,tv_dro,2025-10-01,32,True,True,20,,0.01,0.7,20.0,optimal_decomposed,70.68768960000307,70.6870401000051,0.0,1,2,16307.860668283884,533.9055933035752,16841.766261587458,16189.22862422514,16723.134217528714,189641.10683946486,0.0002968343368130455,59.448811841284765,0.0,0.0,0.0,False,False,False
main,tv_dro_rho_0p01,tv_dro,2025-10-01,33,True,True,20,,0.01,0.7,20.0,optimal_decomposed,70.68768960000307,70.6870401000051,0.0,1,2,16307.860668283884,533.9055933035752,16841.766261587458,17618.594307897973,18152.499901201547,225616.00400363264,0.035227046011808205,67.50841090145789,0.0,0.0,0.0,False,False,False
main,tv_dro_rho_0p01,tv_dro,2025-10-01,34,True,True,20,,0.01,0.7,20.0,optimal_decomposed,70.68768960000307,70.6870401000051,0.0,1,2,16307.860668283884,533.9055933035752,16841.766261587458,16690.318337016466,17224.22393032004,199298.91341130983,0.12702567990543945,54.2065874570735,0.0,0.0,0.0,False,False,False
main,tv_dro_rho_0p01,tv_dro,2025-10-01,35,True,True,20,,0.01,0.7,20.0,optimal_decomposed,70.68768960000307,70.6870401000051,0.0,1,2,16307.860668283884,533.9055933035752,16841.766261587458,16044.617228622006,16578.52282192558,182465.97985198564,0.0,58.20525139967097,0.0,0.0,0.0,False,False,False
main,tv_dro_rho_0p01,tv_dro,2025-10-01,36,True,True,20,,0.01,0.7,20.0,optimal_decomposed,70.68768960000307,70.6870401000051,0.0,1,2,16307.860668283884,533.9055933035752,16841.766261587458,15792.00373522864,16325.909328532216,180056.80579977736,0.0,63.41902182957516,0.0,0.0,0.0,False,False,False
main,tv_dro_rho_0p01,tv_dro,2025-10-01,37,True,True,20,,0.01,0.7,20.0,optimal_decomposed,70.68768960000307,70.6870401000051,0.0,1,2,16307.860668283884,533.9055933035752,16841.766261587458,16151.561880065545,16685.46747336912,189804.02701147491,0.03456282614068651,44.931083118018776,0.0,0.0,0.0,False,False,False
main,tv_dro_rho_0p01,tv_dro,2025-10-01,38,True,True,20,,0.01,0.7,20.0,optimal_decomposed,70.68768960000307,70.6870401000051,0.0,1,2,16307.860668283884,533.9055933035752,16841.766261587458,16002.159684339907,16536.065277643484,189862.29394454826,0.0,51.45628944014167,0.0,0.0,0.0,False,False,False
main,tv_dro_rho_0p01,tv_dro,2025-10-01,39,True,True,20,,0.01,0.7,20.0,optimal_decomposed,70.68768960000307,70.6870401000051,0.0,1,2,16307.860668283884,533.9055933035752,16841.766261587458,16561.571635540146,17095.47722884372,200153.2364589915,0.004268216643565359,42.378647944430035,0.0,0.0,0.0,False,False,False
main,tv_dro_rho_0p01,tv_dro,2025-10-01,40,True,True,20,,0.01,0.7,20.0,optimal_decomposed,70.68768960000307,70.6870401000051,0.0,1,2,16307.860668283884,533.9055933035752,16841.766261587458,16873.42419341233,17407.329786715905,201815.63157535356,0.0,47.71742802063498,0.0,0.0,0.0,False,False,False
main,tv_dro_rho_0p01,tv_dro,2025-10-01,41,True,True,20,,0.01,0.7,20.0,optimal_decomposed,70.68768960000307,70.6870401000051,0.0,1,2,16307.860668283884,533.9055933035752,16841.766261587458,16417.602736324392,16951.508329627966,197041.2085452172,0.06119621792819374,41.20427483957252,0.0,0.0,0.0,False,False,False
main,tv_dro_rho_0p01,tv_dro,2025-10-01,42,True,True,20,,0.01,0.7,20.0,optimal_decomposed,70.68768960000307,70.6870401000051,0.0,1,2,16307.860668283884,533.9055933035752,16841.766261587458,16653.090973610862,17186.996566914437,197857.58952423482,0.062453380435449624,59.32990112107281,0.0,0.0,0.0,False,False,False
main,tv_dro_rho_0p01,tv_dro,2025-10-01,43,True,True,20,,0.01,0.7,20.0,optimal_decomposed,70.68768960000307,70.6870401000051,0.0,1,2,16307.860668283884,533.9055933035752,16841.766261587458,15646.113118531017,16180.018711834593,177687.29444610793,0.08698571381843043,59.58981874278848,0.0,0.0,0.0,False,False,False
main,tv_dro_rho_0p01,tv_dro,2025-10-01,44,True,True,20,,0.01,0.7,20.0,optimal_decomposed,70.68768960000307,70.6870401000051,0.0,1,2,16307.860668283884,533.9055933035752,16841.766261587458,16107.488679394874,16641.39427269845,185707.36654263624,0.09183515110650342,57.04384818776871,0.0,0.0,0.0,False,False,False
main,tv_dro_rho_0p01,tv_dro,2025-10-01,45,True,True,20,,0.01,0.7,20.0,optimal_decomposed,70.68768960000307,70.6870401000051,0.0,1,2,16307.860668283884,533.9055933035752,16841.766261587458,16795.81476927635,17329.720362579923,203246.81407726664,0.014706665868611468,57.54723331355834,0.0,0.0,0.0,False,False,False
main,tv_dro_rho_0p01,tv_dro,2025-10-01,46,True,True,20,,0.01,0.7,20.0,optimal_decomposed,70.68768960000307,70.6870401000051,0.0,1,2,16307.860668283884,533.9055933035752,16841.766261587458,16419.449463751153,16953.355057054727,194636.6841972092,0.0890719710830983,55.90279431748021,0.0,0.0,0.0,False,False,False
main,tv_dro_rho_0p01,tv_dro,2025-10-01,47,True,True,20,,0.01,0.7,20.0,optimal_decomposed,70.68768960000307,70.6870401000051,0.0,1,2,16307.860668283884,533.9055933035752,16841.766261587458,16481.343310492346,17015.24890379592,202302.62927225322,0.0,55.584653068393976,0.0,0.0,0.0,False,False,False
main,tv_dro_rho_0p01,tv_dro,2025-10-01,48,True,True,20,,0.01,0.7,20.0,optimal_decomposed,70.68768960000307,70.6870401000051,0.0,1,2,16307.860668283884,533.9055933035752,16841.766261587458,17127.13100382698,17661.036597130555,212270.92989365364,0.12442634716206435,54.21823203162119,0.0,0.0,0.0,False,False,False
main,tv_dro_rho_0p01,tv_dro,2025-10-01,49,True,True,20,,0.01,0.7,20.0,optimal_decomposed,70.68768960000307,70.6870401000051,0.0,1,2,16307.860668283884,533.9055933035752,16841.766261587458,16550.951644914916,17084.85723821849,206870.64402766564,0.0,59.979165536729454,0.0,0.0,0.0,False,False,False
main,tv_dro_rho_0p01,tv_dro,2025-10-01,50,True,True,20,,0.01,0.7,20.0,optimal_decomposed,70.68768960000307,70.6870401000051,0.0,1,2,16307.860668283884,533.9055933035752,16841.766261587458,16204.100182962704,16738.00577626628,195090.14527018517,0.0,60.696267549806535,0.0,0.0,0.0,False,False,False
main,tv_dro_rho_0p01,tv_dro,2025-10-01,51,True,True,20,,0.01,0.7,20.0,optimal_decomposed,70.68768960000307,70.6870401000051,0.0,1,2,16307.860668283884,533.9055933035752,16841.766261587458,15863.808046337841,16397.713639641417,184813.62013817075,0.0329205493571878,55.476833870140524,0.0,0.0,0.0,False,False,False
main,tv_dro_rho_0p01,tv_dro,2025-10-01,52,True,True,20,,0.01,0.7,20.0,optimal_decomposed,70.68768960000307,70.6870401000051,0.0,1,2,16307.860668283884,533.9055933035752,16841.766261587458,16983.253460479427,17517.159053783,209008.79624959495,0.0,59.63195731299685,0.0,0.0,0.0,False,False,False
main,tv_dro_rho_0p01,tv_dro,2025-10-01,53,True,True,20,,0.01,0.7,20.0,optimal_decomposed,70.68768960000307,70.6870401000051,0.0,1,2,16307.860668283884,533.9055933035752,16841.766261587458,16355.719474291174,16889.62506759475,189508.32056967053,0.0,51.48460795406784,0.0,0.0,0.0,False,False,False
main,tv_dro_rho_0p01,tv_dro,2025-10-01,54,True,True,20,,0.01,0.7,20.0,optimal_decomposed,70.68768960000307,70.6870401000051,0.0,1,2,16307.860668283884,533.9055933035752,16841.766261587458,16935.038197121838,17468.943790425412,205132.57012963397,0.0,52.3567766393618,0.0,0.0,0.0,False,False,False
main,tv_dro_rho_0p01,tv_dro,2025-10-01,55,True,True,20,,0.01,0.7,20.0,optimal_decomposed,70.68768960000307,70.6870401000051,0.0,1,2,16307.860668283884,533.9055933035752,16841.766261587458,16414.74602066858,16948.651613972153,192561.22503127105,0.0,60.720365574381574,0.0,0.0,0.0,False,False,False
main,tv_dro_rho_0p01,tv_dro,2025-10-01,56,True,True,20,,0.01,0.7,20.0,optimal_decomposed,70.68768960000307,70.6870401000051,0.0,1,2,16307.860668283884,533.9055933035752,16841.766261587458,16399.45763436346,16933.363227667036,196236.59711745896,0.0,43.94168536453302,0.0,0.0,0.0,False,False,False
main,tv_dro_rho_0p01,tv_dro,2025-10-01,57,True,True,20,,0.01,0.7,20.0,optimal_decomposed,70.68768960000307,70.6870401000051,0.0,1,2,16307.860668283884,533.9055933035752,16841.766261587458,16279.794365448768,16813.699958752342,190557.0117585397,0.0,52.024068493373306,0.0,0.0,0.0,False,False,False
main,tv_dro_rho_0p01,tv_dro,2025-10-01,58,True,True,20,,0.01,0.7,20.0,optimal_decomposed,70.68768960000307,70.6870401000051,0.0,1,2,16307.860668283884,533.9055933035752,16841.766261587458,17184.084574276505,17717.99016758008,212642.7107478219,0.03456281166117603,62.63347666815708,0.0,0.0,0.0,False,False,False
main,tv_dro_rho_0p01,tv_dro,2025-10-01,59,True,True,20,,0.01,0.7,20.0,optimal_decomposed,70.68768960000307,70.6870401000051,0.0,1,2,16307.860668283884,533.9055933035752,16841.766261587458,17165.66036434801,17699.565957651583,212543.51194891732,0.0,55.8372993436745,0.0,0.0,0.0,False,False,False
main,tv_dro_rho_0p01,tv_dro,2025-10-01,60,True,True,20,,0.01,0.7,20.0,optimal_decomposed,70.68768960000307,70.6870401000051,0.0,1,2,16307.860668283884,533.9055933035752,16841.766261587458,16367.865358861589,16901.770952165163,199562.3089037392,0.059079287196881713,52.34081572492374,0.0,0.0,0.0,False,False,False
main,tv_dro_rho_0p01,tv_dro,2025-10-01,61,True,True,20,,0.01,0.7,20.0,optimal_decomposed,70.68768960000307,70.6870401000051,0.0,1,2,16307.860668283884,533.9055933035752,16841.766261587458,16398.36627708486,16932.271870388435,197349.48129418556,0.0,42.8669350025583,0.0,0.0,0.0,False,False,False
main,tv_dro_rho_0p01,tv_dro,2025-10-01,62,True,True,20,,0.01,0.7,20.0,optimal_decomposed,70.68768960000307,70.6870401000051,0.0,1,2,16307.860668283884,533.9055933035752,16841.766261587458,15765.788220995482,16299.693814299058,179824.81807104644,0.0,59.014109752900744,0.0,0.0,0.0,False,False,False
main,tv_dro_rho_0p01,tv_dro,2025-10-01,63,True,True,20,,0.01,0.7,20.0,optimal_decomposed,70.68768960000307,70.6870401000051,0.0,1,2,16307.860668283884,533.9055933035752,16841.766261587458,16676.062484934537,17209.96807823811,192484.60324732147,0.002435199994098358,62.38125798371048,0.0,0.0,0.0,False,False,False
main,tv_dro_rho_0p01,tv_dro,2025-10-01,64,True,True,20,,0.01,0.7,20.0,optimal_decomposed,70.68768960000307,70.6870401000051,0.0,1,2,16307.860668283884,533.9055933035752,16841.766261587458,15970.017397667976,16503.92299097155,181273.8092361399,0.0,51.255544879003985,0.0,0.0,0.0,False,False,False
main,tv_dro_rho_0p01,tv_dro,2025-10-01,65,True,True,20,,0.01,0.7,20.0,optimal_decomposed,70.68768960000307,70.6870401000051,0.0,1,2,16307.860668283884,533.9055933035752,16841.766261587458,16836.42995896808,17370.335552271656,194700.8514764846,0.0,59.55475402094003,0.0,0.0,0.0,False,False,False
main,tv_dro_rho_0p01,tv_dro,2025-10-01,66,True,True,20,,0.01,0.7,20.0,optimal_decomposed,70.68768960000307,70.6870401000051,0.0,1,2,16307.860668283884,533.9055933035752,16841.766261587458,16688.59840423442,17222.503997537995,202170.84216651667,0.0,64.90160090705218,0.0,0.0,0.0,False,False,False
main,tv_dro_rho_0p01,tv_dro,2025-10-01,67,True,True,20,,0.01,0.7,20.0,optimal_decomposed,70.68768960000307,70.6870401000051,0.0,1,2,16307.860668283884,533.9055933035752,16841.766261587458,15774.802655451853,16308.708248755429,175904.0527269822,0.0,55.33107380846869,0.0,0.0,0.0,False,False,False
main,tv_dro_rho_0p01,tv_dro,2025-10-01,68,True,True,20,,0.01,0.7,20.0,optimal_decomposed,70.68768960000307,70.6870401000051,0.0,1,2,16307.860668283884,533.9055933035752,16841.766261587458,17392.134135392585,17926.03972869616,219663.7486950509,0.03456282688528489,58.17496967062024,0.0,0.0,0.0,False,False,False
main,tv_dro_rho_0p01,tv_dro,2025-10-01,69,True,True,20,,0.01,0.7,20.0,optimal_decomposed,70.68768960000307,70.6870401000051,0.0,1,2,16307.860668283884,533.9055933035752,16841.766261587458,17137.44894643558,17671.354539739154,215038.9656652396,0.037226980309950086,59.77324630657104,0.0,0.0,0.0,False,False,False
main,tv_dro_rho_0p01,tv_dro,2025-10-01,70,True,True,20,,0.01,0.7,20.0,optimal_decomposed,70.68768960000307,70.6870401000051,0.0,1,2,16307.860668283884,533.9055933035752,16841.766261587458,16766.611803776083,17300.517397079657,206251.347366987,0.0,58.429669510176765,0.0,0.0,0.0,False,False,False
main,tv_dro_rho_0p01,tv_dro,2025-10-01,71,True,True,20,,0.01,0.7,20.0,optimal_decomposed,70.68768960000307,70.6870401000051,0.0,1,2,16307.860668283884,533.9055933035752,16841.766261587458,15884.466868329013,16418.37246163259,186790.19602167528,0.2737188634471367,62.903244856926634,0.0,0.0,0.0,False,False,False
main,tv_dro_rho_0p01,tv_dro,2025-10-01,72,True,True,20,,0.01,0.7,20.0,optimal_decomposed,70.68768960000307,70.6870401000051,0.0,1,2,16307.860668283884,533.9055933035752,16841.766261587458,16122.92247722231,16656.828070525884,188353.36560166464,0.03456286523862162,61.538532003887624,0.0,0.0,0.0,False,False,False
main,tv_dro_rho_0p01,tv_dro,2025-10-01,73,True,True,20,,0.01,0.7,20.0,optimal_decomposed,70.68768960000307,70.6870401000051,0.0,1,2,16307.860668283884,533.9055933035752,16841.766261587458,16389.972699254402,16923.878292557976,191357.06484654307,0.032146515106803664,52.968393398313964,0.0,0.0,0.0,False,False,False
main,tv_dro_rho_0p01,tv_dro,2025-10-01,74,True,True,20,,0.01,0.7,20.0,optimal_decomposed,70.68768960000307,70.6870401000051,0.0,1,2,16307.860668283884,533.9055933035752,16841.766261587458,16060.141869740079,16594.047463043655,179463.24901088246,0.0,57.56537445596801,0.0,0.0,0.0,False,False,False
main,tv_dro_rho_0p01,tv_dro,2025-10-01,75,True,True,20,,0.01,0.7,20.0,optimal_decomposed,70.68768960000307,70.6870401000051,0.0,1,2,16307.860668283884,533.9055933035752,16841.766261587458,16552.821789804537,17086.72738310811,197230.68353581784,0.12898846405826928,54.28531077776538,0.0,0.0,0.0,False,False,False
main,tv_dro_rho_0p01,tv_dro,2025-10-01,76,True,True,20,,0.01,0.7,20.0,optimal_decomposed,70.68768960000307,70.6870401000051,0.0,1,2,16307.860668283884,533.9055933035752,16841.766261587458,17018.299625593198,17552.205218896772,213645.74914838845,0.0,55.826464511761365,0.0,0.0,0.0,False,False,False
main,tv_dro_rho_0p01,tv_dro,2025-10-01,77,True,True,20,,0.01,0.7,20.0,optimal_decomposed,70.68768960000307,70.6870401000051,0.0,1,2,16307.860668283884,533.9055933035752,16841.766261587458,16037.406264652984,16571.31185795656,179410.3274830846,0.09320625160762697,54.01274904890226,0.0,0.0,0.0,False,False,False
main,tv_dro_rho_0p01,tv_dro,2025-10-01,78,True,True,20,,0.01,0.7,20.0,optimal_decomposed,70.68768960000307,70.6870401000051,0.0,1,2,16307.860668283884,533.9055933035752,16841.766261587458,15979.787468273555,16513.69306157713,183954.7094642587,0.048217347267722976,53.91567951431637,0.0,0.0,0.0,False,False,False
main,tv_dro_rho_0p01,tv_dro,2025-10-01,79,True,True,20,,0.01,0.7,20.0,optimal_decomposed,70.68768960000307,70.6870401000051,0.0,1,2,16307.860668283884,533.9055933035752,16841.766261587458,17050.442225273724,17584.3478185773,207228.2034938552,0.0,53.20885701379087,0.0,0.0,0.0,False,False,False
main,tv_dro_rho_0p01,tv_dro,2025-10-01,80,True,True,20,,0.01,0.7,20.0,optimal_decomposed,70.68768960000307,70.6870401000051,0.0,1,2,16307.860668283884,533.9055933035752,16841.766261587458,16811.024860567708,17344.930453871282,206375.07053419645,0.0,53.35937376498957,0.0,0.0,0.0,False,False,False
main,tv_dro_rho_0p01,tv_dro,2025-10-01,81,True,True,20,,0.01,0.7,20.0,optimal_decomposed,70.68768960000307,70.6870401000051,0.0,1,2,16307.860668283884,533.9055933035752,16841.766261587458,16572.211918267432,17106.117511571007,192262.62371045008,0.18311238979385266,62.00999318447132,0.0,0.0,0.0,False,False,False
main,tv_dro_rho_0p01,tv_dro,2025-10-01,82,True,True,20,,0.01,0.7,20.0,optimal_decomposed,70.68768960000307,70.6870401000051,0.0,1,2,16307.860668283884,533.9055933035752,16841.766261587458,16042.804828963695,16576.71042226727,187315.9828684981,0.019507323756886713,49.422901913637546,0.0,0.0,0.0,False,False,False
main,tv_dro_rho_0p01,tv_dro,2025-10-01,83,True,True,20,,0.01,0.7,20.0,optimal_decomposed,70.68768960000307,70.6870401000051,0.0,1,2,16307.860668283884,533.9055933035752,16841.766261587458,16915.274259705413,17449.179853008987,209618.3796262685,0.0,52.37691163730055,0.0,0.0,0.0,False,False,False
main,tv_dro_rho_0p01,tv_dro,2025-10-01,84,True,True,20,,0.01,0.7,20.0,optimal_decomposed,70.68768960000307,70.6870401000051,0.0,1,2,16307.860668283884,533.9055933035752,16841.766261587458,17243.325557700766,17777.23115100434,209366.50438039325,0.06296550685832822,51.59960243614118,0.0,0.0,0.0,False,False,False
main,tv_dro_rho_0p01,tv_dro,2025-10-01,85,True,True,20,,0.01,0.7,20.0,optimal_decomposed,70.68768960000307,70.6870401000051,0.0,1,2,16307.860668283884,533.9055933035752,16841.766261587458,16659.54804042042,17193.453633723995,198920.89637100906,0.0,61.572831350145755,0.0,0.0,0.0,False,False,False
main,tv_dro_rho_0p01,tv_dro,2025-10-01,86,True,True,20,,0.01,0.7,20.0,optimal_decomposed,70.68768960000307,70.6870401000051,0.0,1,2,16307.860668283884,533.9055933035752,16841.766261587458,16675.944232300073,17209.849825603647,197771.38565414466,0.02332421325594833,47.74181698495916,0.0,0.0,0.0,False,False,False
main,tv_dro_rho_0p01,tv_dro,2025-10-01,87,True,True,20,,0.01,0.7,20.0,optimal_decomposed,70.68768960000307,70.6870401000051,0.0,1,2,16307.860668283884,533.9055933035752,16841.766261587458,15607.45585552884,16141.361448832416,174977.72969100598,0.12011333338105007,54.983983938044226,0.0,0.0,0.0,False,False,False
main,tv_dro_rho_0p01,tv_dro,2025-10-01,88,True,True,20,,0.01,0.7,20.0,optimal_decomposed,70.68768960000307,70.6870401000051,0.0,1,2,16307.860668283884,533.9055933035752,16841.766261587458,16004.77472569445,16538.680318998024,177938.28151919768,0.0,60.27513694840665,0.0,0.0,0.0,False,False,False
main,tv_dro_rho_0p01,tv_dro,2025-10-01,89,True,True,20,,0.01,0.7,20.0,optimal_decomposed,70.68768960000307,70.6870401000051,0.0,1,2,16307.860668283884,533.9055933035752,16841.766261587458,16435.5869027682,16969.492496071773,194434.90065075556,0.0,54.810485387534165,0.0,0.0,0.0,False,False,False
main,tv_dro_rho_0p01,tv_dro,2025-10-01,90,True,True,20,,0.01,0.7,20.0,optimal_decomposed,70.68768960000307,70.6870401000051,0.0,1,2,16307.860668283884,533.9055933035752,16841.766261587458,16219.525708176598,16753.431301480174,189839.56957713494,0.19281189856507758,58.73984460453674,0.0,0.0,0.0,False,False,False
main,tv_dro_rho_0p01,tv_dro,2025-10-01,91,True,True,20,,0.01,0.7,20.0,optimal_decomposed,70.68768960000307,70.6870401000051,0.0,1,2,16307.860668283884,533.9055933035752,16841.766261587458,15508.190584813532,16042.096178117106,167969.68582948047,0.23199546097350543,54.10229764220473,0.0,0.0,0.0,False,False,False
main,tv_dro_rho_0p01,tv_dro,2025-10-01,92,True,True,20,,0.01,0.7,20.0,optimal_decomposed,70.68768960000307,70.6870401000051,0.0,1,2,16307.860668283884,533.9055933035752,16841.766261587458,16315.656129062156,16849.561722365732,182837.46348837917,0.0,44.73249717173433,0.0,0.0,0.0,False,False,False
main,tv_dro_rho_0p01,tv_dro,2025-10-01,93,True,True,20,,0.01,0.7,20.0,optimal_decomposed,70.68768960000307,70.6870401000051,0.0,1,2,16307.860668283884,533.9055933035752,16841.766261587458,16203.156062380798,16737.061655684374,195378.13562905588,0.0,56.41999996739562,0.0,0.0,0.0,False,False,False
main,tv_dro_rho_0p01,tv_dro,2025-10-01,94,True,True,20,,0.01,0.7,20.0,optimal_decomposed,70.68768960000307,70.6870401000051,0.0,1,2,16307.860668283884,533.9055933035752,16841.766261587458,16210.439233889103,16744.34482719268,186650.12404919235,0.0,50.46577778562388,0.0,0.0,0.0,False,False,False
main,tv_dro_rho_0p01,tv_dro,2025-10-01,95,True,True,20,,0.01,0.7,20.0,optimal_decomposed,70.68768960000307,70.6870401000051,0.0,1,2,16307.860668283884,533.9055933035752,16841.766261587458,15931.60536891423,16465.510962217806,182919.4896629589,0.0,57.43568265930089,0.0,0.0,0.0,False,False,False
main,tv_dro_rho_0p01,tv_dro,2025-10-01,96,True,True,20,,0.01,0.7,20.0,optimal_decomposed,70.68768960000307,70.6870401000051,0.0,1,2,16307.860668283884,533.9055933035752,16841.766261587458,16112.38373519059,16646.289328494164,189254.62846380204,0.03352782932053719,53.105226400909615,0.0,0.0,0.0,False,False,False
main,tv_dro_rho_0p01,tv_dro,2025-10-01,97,True,True,20,,0.01,0.7,20.0,optimal_decomposed,70.68768960000307,70.6870401000051,0.0,1,2,16307.860668283884,533.9055933035752,16841.766261587458,16167.638502813967,16701.54409611754,187388.4795601082,0.0,56.29232608323997,0.0,0.0,0.0,False,False,False
main,tv_dro_rho_0p01,tv_dro,2025-10-01,98,True,True,20,,0.01,0.7,20.0,optimal_decomposed,70.68768960000307,70.6870401000051,0.0,1,2,16307.860668283884,533.9055933035752,16841.766261587458,16292.111027801233,16826.01662110481,187783.83626598705,0.04765627545035647,47.483145852991235,0.0,0.0,0.0,False,False,False
main,tv_dro_rho_0p01,tv_dro,2025-10-01,99,True,True,20,,0.01,0.7,20.0,optimal_decomposed,70.68768960000307,70.6870401000051,0.0,1,2,16307.860668283884,533.9055933035752,16841.766261587458,16031.594887337478,16565.500480641054,184726.5612350689,0.09819910750021588,56.80212278941326,0.0,0.0,0.0,False,False,False
