suite,configuration,method,window,workload_replay_id,energy_uncertainty,workload_uncertainty,sample_size,gamma,rho,effective_capacity_fraction,bess_degradation_cost_usd_per_mwh_throughput,solver_status,solve_wall_time_seconds,solver_runtime_seconds,mip_gap,decomposition_iterations,active_scenario_count,nominal_grid_cost_usd,nominal_bess_degradation_cost_usd,nominal_operating_cost_usd,actual_grid_cost_usd,actual_operating_cost_usd,actual_carbon_kg,actual_curtailment_mwh,batch_adjustment_mwh,workload_envelope_violation_mwh,grid_limit_violation_mw,ramp_violation_mw,workload_violation,grid_limit_violation,ramp_violation
main,deterministic,deterministic,2025-01-01,0,True,True,0,,,0.7,20.0,optimal,1.8234668000004604,1.823468600000524,0.0,0,0,15677.944131800063,168.4809966731298,15846.425128473193,16260.50793719361,16428.988933866738,203437.54614671203,0.0,50.18363178475451,0.0,0.0,0.0,False,False,False
main,deterministic,deterministic,2025-01-01,1,True,True,0,,,0.7,20.0,optimal,1.8234668000004604,1.823468600000524,0.0,0,0,15677.944131800063,168.4809966731298,15846.425128473193,16259.635537176786,16428.116533849916,203586.49642428115,0.0,59.987979544233646,0.0,0.0,0.0,False,False,False
main,deterministic,deterministic,2025-01-01,2,True,True,0,,,0.7,20.0,optimal,1.8234668000004604,1.823468600000524,0.0,0,0,15677.944131800063,168.4809966731298,15846.425128473193,16160.492186033422,16328.973182706552,202381.2401921677,0.0,45.95099784342136,0.0,0.0,0.0,False,False,False
main,deterministic,deterministic,2025-01-01,3,True,True,0,,,0.7,20.0,optimal,1.8234668000004604,1.823468600000524,0.0,0,0,15677.944131800063,168.4809966731298,15846.425128473193,16287.856474231974,16456.337470905102,203407.76418692144,0.0,50.263267603741916,0.0,0.0,0.0,False,False,False
main,deterministic,deterministic,2025-01-01,4,True,True,0,,,0.7,20.0,optimal,1.8234668000004604,1.823468600000524,0.0,0,0,15677.944131800063,168.4809966731298,15846.425128473193,16311.099298107069,16479.580294780197,204271.9267447582,0.0,49.68629726305789,0.0,0.0,0.0,False,False,False
main,deterministic,deterministic,2025-01-01,5,True,True,0,,,0.7,20.0,optimal,1.8234668000004604,1.823468600000524,0.0,0,0,15677.944131800063,168.4809966731298,15846.425128473193,16207.459183944782,16375.940180617912,203196.62798080212,0.0,52.753225744247345,0.0,0.0,0.0,False,False,False
main,deterministic,deterministic,2025-01-01,6,True,True,0,,,0.7,20.0,optimal,1.8234668000004604,1.823468600000524,0.0,0,0,15677.944131800063,168.4809966731298,15846.425128473193,16191.065806004628,16359.546802677758,203100.13606232454,0.0,44.73753784754932,0.0,0.0,0.0,False,False,False
main,deterministic,deterministic,2025-01-01,7,True,True,0,,,0.7,20.0,optimal,1.8234668000004604,1.823468600000524,0.0,0,0,15677.944131800063,168.4809966731298,15846.425128473193,16240.560702027555,16409.041698700683,203106.84971865368,0.0,50.41057716069392,0.0,0.0,0.0,False,False,False
main,deterministic,deterministic,2025-01-01,8,True,True,0,,,0.7,20.0,optimal,1.8234668000004604,1.823468600000524,0.0,0,0,15677.944131800063,168.4809966731298,15846.425128473193,16303.491665227411,16471.97266190054,203250.49493388995,0.0,51.64829442552789,0.0,0.0,0.0,False,False,False
main,deterministic,deterministic,2025-01-01,9,True,True,0,,,0.7,20.0,optimal,1.8234668000004604,1.823468600000524,0.0,0,0,15677.944131800063,168.4809966731298,15846.425128473193,16272.555549232746,16441.036545905874,202890.35134772558,0.0,57.424011561926775,0.0,0.0,0.0,False,False,False
main,deterministic,deterministic,2025-01-01,10,True,True,0,,,0.7,20.0,optimal,1.8234668000004604,1.823468600000524,0.0,0,0,15677.944131800063,168.4809966731298,15846.425128473193,16168.910282940167,16337.391279613297,202669.151522467,0.04645968292178404,51.57754345459471,0.0,0.0,0.0,False,False,False
main,deterministic,deterministic,2025-01-01,11,True,True,0,,,0.7,20.0,optimal,1.8234668000004604,1.823468600000524,0.0,0,0,15677.944131800063,168.4809966731298,15846.425128473193,16231.600646854255,16400.081643527385,203284.86943557605,0.0,43.54422418540325,0.0,0.0,0.0,False,False,False
main,deterministic,deterministic,2025-01-01,12,True,True,0,,,0.7,20.0,optimal,1.8234668000004604,1.823468600000524,0.0,0,0,15677.944131800063,168.4809966731298,15846.425128473193,16177.264641062722,16345.745637735852,202342.6903212322,0.0,43.93994379157823,0.0,0.0,0.0,False,False,False
main,deterministic,deterministic,2025-01-01,13,True,True,0,,,0.7,20.0,optimal,1.8234668000004604,1.823468600000524,0.0,0,0,15677.944131800063,168.4809966731298,15846.425128473193,16259.453774842717,16427.934771515847,203200.09056419323,0.0,49.39096624566096,0.0,0.0,0.0,False,False,False
main,deterministic,deterministic,2025-01-01,14,True,True,0,,,0.7,20.0,optimal,1.8234668000004604,1.823468600000524,0.0,0,0,15677.944131800063,168.4809966731298,15846.425128473193,16278.182160517683,16446.66315719081,203016.71503811717,0.0,49.99272516755306,0.0,0.0,0.0,False,False,False
main,deterministic,deterministic,2025-01-01,15,True,True,0,,,0.7,20.0,optimal,1.8234668000004604,1.823468600000524,0.0,0,0,15677.944131800063,168.4809966731298,15846.425128473193,16226.731439024685,16395.212435697813,203153.54863560622,0.0,43.16813082140468,0.0,0.0,0.0,False,False,False
main,deterministic,deterministic,2025-01-01,16,True,True,0,,,0.7,20.0,optimal,1.8234668000004604,1.823468600000524,0.0,0,0,15677.944131800063,168.4809966731298,15846.425128473193,16261.406334046844,16429.887330719972,203670.94834992982,0.0,45.67237064273839,0.0,0.0,0.0,False,False,False
main,deterministic,deterministic,2025-01-01,17,True,True,0,,,0.7,20.0,optimal,1.8234668000004604,1.823468600000524,0.0,0,0,15677.944131800063,168.4809966731298,15846.425128473193,16230.085629416939,16398.56662609007,202489.39501694203,0.046459682067273356,56.326198617328174,0.0,0.0,0.0,False,False,False
main,deterministic,deterministic,2025-01-01,18,True,True,0,,,0.7,20.0,optimal,1.8234668000004604,1.823468600000524,0.0,0,0,15677.944131800063,168.4809966731298,15846.425128473193,16291.27201139524,16459.75300806837,203596.52152461736,0.0,53.10516137869258,0.0,0.0,0.0,False,False,False
main,deterministic,deterministic,2025-01-01,19,True,True,0,,,0.7,20.0,optimal,1.8234668000004604,1.823468600000524,0.0,0,0,15677.944131800063,168.4809966731298,15846.425128473193,16209.455526181113,16377.936522854243,202993.32829250782,0.04645968292191682,51.232865163688075,0.0,0.0,0.0,False,False,False
main,deterministic,deterministic,2025-01-01,20,True,True,0,,,0.7,20.0,optimal,1.8234668000004604,1.823468600000524,0.0,0,0,15677.944131800063,168.4809966731298,15846.425128473193,16200.45957689645,16368.94057356958,203118.17411941956,0.0,45.184186122849574,0.0,0.0,0.0,False,False,False
main,deterministic,deterministic,2025-01-01,21,True,True,0,,,0.7,20.0,optimal,1.8234668000004604,1.823468600000524,0.0,0,0,15677.944131800063,168.4809966731298,15846.425128473193,16181.242733272366,16349.723729945496,203040.01545260343,0.0,45.806392013818936,0.0,0.0,0.0,False,False,False
main,deterministic,deterministic,2025-01-01,22,True,True,0,,,0.7,20.0,optimal,1.8234668000004604,1.823468600000524,0.0,0,0,15677.944131800063,168.4809966731298,15846.425128473193,16278.527193468875,16447.008190142005,203218.4877812473,0.04425426289498202,47.57573464405209,0.0,0.0,0.0,False,False,False
main,deterministic,deterministic,2025-01-01,23,True,True,0,,,0.7,20.0,optimal,1.8234668000004604,1.823468600000524,0.0,0,0,15677.944131800063,168.4809966731298,15846.425128473193,16231.056883474806,16399.537880147935,202928.15621388794,0.0,48.84892131194824,0.0,0.0,0.0,False,False,False
main,deterministic,deterministic,2025-01-01,24,True,True,0,,,0.7,20.0,optimal,1.8234668000004604,1.823468600000524,0.0,0,0,15677.944131800063,168.4809966731298,15846.425128473193,16253.964210772654,16422.445207445784,202804.1152737496,0.0,50.93043924607706,0.0,0.0,0.0,False,False,False
main,deterministic,deterministic,2025-01-01,25,True,True,0,,,0.7,20.0,optimal,1.8234668000004604,1.823468600000524,0.0,0,0,15677.944131800063,168.4809966731298,15846.425128473193,16191.564265977366,16360.045262650496,203192.99092488573,0.0,46.73568075005695,0.0,0.0,0.0,False,False,False
main,deterministic,deterministic,2025-01-01,26,True,True,0,,,0.7,20.0,optimal,1.8234668000004604,1.823468600000524,0.0,0,0,15677.944131800063,168.4809966731298,15846.425128473193,16250.384343000673,16418.8653396738,203208.32558959114,0.0,53.80245955283033,0.0,0.0,0.0,False,False,False
main,deterministic,deterministic,2025-01-01,27,True,True,0,,,0.7,20.0,optimal,1.8234668000004604,1.823468600000524,0.0,0,0,15677.944131800063,168.4809966731298,15846.425128473193,16246.230228009892,16414.711224683022,202831.06497278484,0.0,50.98357986345515,0.0,0.0,0.0,False,False,False
main,deterministic,deterministic,2025-01-01,28,True,True,0,,,0.7,20.0,optimal,1.8234668000004604,1.823468600000524,0.0,0,0,15677.944131800063,168.4809966731298,15846.425128473193,16217.504647721942,16385.98564439507,203317.58094024073,0.0,43.134139581725165,0.0,0.0,0.0,False,False,False
main,deterministic,deterministic,2025-01-01,29,True,True,0,,,0.7,20.0,optimal,1.8234668000004604,1.823468600000524,0.0,0,0,15677.944131800063,168.4809966731298,15846.425128473193,16122.836765404007,16291.317762077137,202604.71512762568,0.0,39.76471382073833,0.0,0.0,0.0,False,False,False
main,deterministic,deterministic,2025-01-01,30,True,True,0,,,0.7,20.0,optimal,1.8234668000004604,1.823468600000524,0.0,0,0,15677.944131800063,168.4809966731298,15846.425128473193,16254.873194700556,16423.354191373684,203513.81213375722,0.0,43.26485608365998,0.0,0.0,0.0,False,False,False
main,deterministic,deterministic,2025-01-01,31,True,True,0,,,0.7,20.0,optimal,1.8234668000004604,1.823468600000524,0.0,0,0,15677.944131800063,168.4809966731298,15846.425128473193,16201.955834265551,16370.436830938681,203132.05698022273,0.0464596828317374,50.562807457076445,0.0,0.0,0.0,False,False,False
main,deterministic,deterministic,2025-01-01,32,True,True,0,,,0.7,20.0,optimal,1.8234668000004604,1.823468600000524,0.0,0,0,15677.944131800063,168.4809966731298,15846.425128473193,16311.34431892794,16479.82531560107,203540.0206477464,0.0,49.65010484043221,0.0,0.0,0.0,False,False,False
main,deterministic,deterministic,2025-01-01,33,True,True,0,,,0.7,20.0,optimal,1.8234668000004604,1.823468600000524,0.0,0,0,15677.944131800063,168.4809966731298,15846.425128473193,16312.989289006851,16481.47028567998,203464.21737899692,0.0,58.18948684291713,0.0,0.0,0.0,False,False,False
main,deterministic,deterministic,2025-01-01,34,True,True,0,,,0.7,20.0,optimal,1.8234668000004604,1.823468600000524,0.0,0,0,15677.944131800063,168.4809966731298,15846.425128473193,16385.51609486915,16553.99709154228,203828.66699793044,0.0,51.29496267244136,0.0,0.0,0.0,False,False,False
main,deterministic,deterministic,2025-01-01,35,True,True,0,,,0.7,20.0,optimal,1.8234668000004604,1.823468600000524,0.0,0,0,15677.944131800063,168.4809966731298,15846.425128473193,16193.530444791902,16362.011441465032,202946.441535786,0.0,54.28391344067145,0.0,0.0,0.0,False,False,False
main,deterministic,deterministic,2025-01-01,36,True,True,0,,,0.7,20.0,optimal,1.8234668000004604,1.823468600000524,0.0,0,0,15677.944131800063,168.4809966731298,15846.425128473193,16360.06281675778,16528.543813430908,203844.06448424247,0.0,54.1254665252146,0.0,0.0,0.0,False,False,False
main,deterministic,deterministic,2025-01-01,37,True,True,0,,,0.7,20.0,optimal,1.8234668000004604,1.823468600000524,0.0,0,0,15677.944131800063,168.4809966731298,15846.425128473193,16204.896380071346,16373.377376744476,203666.11159340412,0.0,44.957146059986265,0.0,0.0,0.0,False,False,False
main,deterministic,deterministic,2025-01-01,38,True,True,0,,,0.7,20.0,optimal,1.8234668000004604,1.823468600000524,0.0,0,0,15677.944131800063,168.4809966731298,15846.425128473193,16274.25227513549,16442.733271808618,203061.2708661537,0.0,46.77888199348392,0.0,0.0,0.0,False,False,False
main,deterministic,deterministic,2025-01-01,39,True,True,0,,,0.7,20.0,optimal,1.8234668000004604,1.823468600000524,0.0,0,0,15677.944131800063,168.4809966731298,15846.425128473193,16137.908281825936,16306.389278499066,202683.5862603461,0.0,36.33563178344885,0.0,0.0,0.0,False,False,False
main,deterministic,deterministic,2025-01-01,40,True,True,0,,,0.7,20.0,optimal,1.8234668000004604,1.823468600000524,0.0,0,0,15677.944131800063,168.4809966731298,15846.425128473193,16296.867038233362,16465.348034906492,203365.854638891,0.0,43.67360983911314,0.0,0.0,0.0,False,False,False
main,deterministic,deterministic,2025-01-01,41,True,True,0,,,0.7,20.0,optimal,1.8234668000004604,1.823468600000524,0.0,0,0,15677.944131800063,168.4809966731298,15846.425128473193,16187.73851097677,16356.2195076499,203111.1772600983,0.0,37.31147154880734,0.0,0.0,0.0,False,False,False
main,deterministic,deterministic,2025-01-01,42,True,True,0,,,0.7,20.0,optimal,1.8234668000004604,1.823468600000524,0.0,0,0,15677.944131800063,168.4809966731298,15846.425128473193,16401.61501671097,16570.0960133841,203837.7819584135,0.0,52.266909072574244,0.0,0.0,0.0,False,False,False
main,deterministic,deterministic,2025-01-01,43,True,True,0,,,0.7,20.0,optimal,1.8234668000004604,1.823468600000524,0.0,0,0,15677.944131800063,168.4809966731298,15846.425128473193,16252.51855601676,16420.99955268989,203154.06250787035,0.0,50.504985302311,0.0,0.0,0.0,False,False,False
main,deterministic,deterministic,2025-01-01,44,True,True,0,,,0.7,20.0,optimal,1.8234668000004604,1.823468600000524,0.0,0,0,15677.944131800063,168.4809966731298,15846.425128473193,16230.422545072879,16398.903541746007,202939.75001332824,0.0,47.54824448201485,0.0,0.0,0.0,False,False,False
main,deterministic,deterministic,2025-01-01,45,True,True,0,,,0.7,20.0,optimal,1.8234668000004604,1.823468600000524,0.0,0,0,15677.944131800063,168.4809966731298,15846.425128473193,16308.07278777986,16476.55378445299,203354.98848775387,0.046459680681778526,52.99706194971724,0.0,0.0,0.0,False,False,False
main,deterministic,deterministic,2025-01-01,46,True,True,0,,,0.7,20.0,optimal,1.8234668000004604,1.823468600000524,0.0,0,0,15677.944131800063,168.4809966731298,15846.425128473193,16226.00233292236,16394.48332959549,203012.49547902108,0.0,49.4793489466876,0.0,0.0,0.0,False,False,False
main,deterministic,deterministic,2025-01-01,47,True,True,0,,,0.7,20.0,optimal,1.8234668000004604,1.823468600000524,0.0,0,0,15677.944131800063,168.4809966731298,15846.425128473193,16251.458128002923,16419.939124676053,203461.43398516168,0.0,49.17149848756295,0.0,0.0,0.0,False,False,False
main,deterministic,deterministic,2025-01-01,48,True,True,0,,,0.7,20.0,optimal,1.8234668000004604,1.823468600000524,0.0,0,0,15677.944131800063,168.4809966731298,15846.425128473193,16264.93131793259,16433.41231460572,203144.9999925317,0.0,50.30339555731868,0.0,0.0,0.0,False,False,False
main,deterministic,deterministic,2025-01-01,49,True,True,0,,,0.7,20.0,optimal,1.8234668000004604,1.823468600000524,0.0,0,0,15677.944131800063,168.4809966731298,15846.425128473193,16252.233746255117,16420.714742928245,203098.01771372653,0.0,50.469777643137604,0.0,0.0,0.0,False,False,False
main,deterministic,deterministic,2025-01-01,50,True,True,0,,,0.7,20.0,optimal,1.8234668000004604,1.823468600000524,0.0,0,0,15677.944131800063,168.4809966731298,15846.425128473193,16296.914815118476,16465.395811791605,203202.9582222398,0.0,55.336904307824994,0.0,0.0,0.0,False,False,False
main,deterministic,deterministic,2025-01-01,51,True,True,0,,,0.7,20.0,optimal,1.8234668000004604,1.823468600000524,0.0,0,0,15677.944131800063,168.4809966731298,15846.425128473193,16231.21364077434,16399.69463744747,203483.15529623625,0.0,50.25904453134607,0.0,0.0,0.0,False,False,False
main,deterministic,deterministic,2025-01-01,52,True,True,0,,,0.7,20.0,optimal,1.8234668000004604,1.823468600000524,0.0,0,0,15677.944131800063,168.4809966731298,15846.425128473193,16233.02319731185,16401.50419398498,203327.66743436782,0.04645968265153555,57.51311671697324,0.0,0.0,0.0,False,False,False
main,deterministic,deterministic,2025-01-01,53,True,True,0,,,0.7,20.0,optimal,1.8234668000004604,1.823468600000524,0.0,0,0,15677.944131800063,168.4809966731298,15846.425128473193,16156.163569945043,16324.644566618173,203032.66663620766,0.0,43.96535145414969,0.0,0.0,0.0,False,False,False
main,deterministic,deterministic,2025-01-01,54,True,True,0,,,0.7,20.0,optimal,1.8234668000004604,1.823468600000524,0.0,0,0,15677.944131800063,168.4809966731298,15846.425128473193,16195.127926184294,16363.608922857424,202752.75433770646,0.0,46.41023662579303,0.0,0.0,0.0,False,False,False
main,deterministic,deterministic,2025-01-01,55,True,True,0,,,0.7,20.0,optimal,1.8234668000004604,1.823468600000524,0.0,0,0,15677.944131800063,168.4809966731298,15846.425128473193,16225.572303705238,16394.053300378368,203103.5976328828,0.046459682921512924,53.379437122292366,0.0,0.0,0.0,False,False,False
main,deterministic,deterministic,2025-01-01,56,True,True,0,,,0.7,20.0,optimal,1.8234668000004604,1.823468600000524,0.0,0,0,15677.944131800063,168.4809966731298,15846.425128473193,16346.87520880765,16515.35620548078,203639.61554702264,0.0,38.25489191716758,0.0,0.0,0.0,False,False,False
main,deterministic,deterministic,2025-01-01,57,True,True,0,,,0.7,20.0,optimal,1.8234668000004604,1.823468600000524,0.0,0,0,15677.944131800063,168.4809966731298,15846.425128473193,16277.118429005766,16445.599425678894,203305.0608864026,0.0,49.793123099025166,0.0,0.0,0.0,False,False,False
main,deterministic,deterministic,2025-01-01,58,True,True,0,,,0.7,20.0,optimal,1.8234668000004604,1.823468600000524,0.0,0,0,15677.944131800063,168.4809966731298,15846.425128473193,16183.166410588754,16351.647407261884,203409.3213686097,0.04645968274185597,58.2325052674051,0.0,0.0,0.0,False,False,False
main,deterministic,deterministic,2025-01-01,59,True,True,0,,,0.7,20.0,optimal,1.8234668000004604,1.823468600000524,0.0,0,0,15677.944131800063,168.4809966731298,15846.425128473193,16175.03609312337,16343.5170897965,203241.52629630367,0.0,50.729633641408874,0.0,0.0,0.0,False,False,False
main,deterministic,deterministic,2025-01-01,60,True,True,0,,,0.7,20.0,optimal,1.8234668000004604,1.823468600000524,0.0,0,0,15677.944131800063,168.4809966731298,15846.425128473193,16228.251483968288,16396.732480641418,202750.6253561205,0.0,51.34344712214822,0.0,0.0,0.0,False,False,False
main,deterministic,deterministic,2025-01-01,61,True,True,0,,,0.7,20.0,optimal,1.8234668000004604,1.823468600000524,0.0,0,0,15677.944131800063,168.4809966731298,15846.425128473193,16285.811334985558,16454.292331658686,202916.80264648903,0.0,39.547674653543154,0.0,0.0,0.0,False,False,False
main,deterministic,deterministic,2025-01-01,62,True,True,0,,,0.7,20.0,optimal,1.8234668000004604,1.823468600000524,0.0,0,0,15677.944131800063,168.4809966731298,15846.425128473193,16204.446420592796,16372.927417265926,202901.78161744404,0.0464596827419268,55.56987741596203,0.0,0.0,0.0,False,False,False
main,deterministic,deterministic,2025-01-01,63,True,True,0,,,0.7,20.0,optimal,1.8234668000004604,1.823468600000524,0.0,0,0,15677.944131800063,168.4809966731298,15846.425128473193,16168.30826577656,16336.78926244969,202604.7288631108,0.0,53.47017193575444,0.0,0.0,0.0,False,False,False
main,deterministic,deterministic,2025-01-01,64,True,True,0,,,0.7,20.0,optimal,1.8234668000004604,1.823468600000524,0.0,0,0,15677.944131800063,168.4809966731298,15846.425128473193,16208.212397476153,16376.693394149283,203005.10042027495,0.04645968292249214,47.83217213379719,0.0,0.0,0.0,False,False,False
main,deterministic,deterministic,2025-01-01,65,True,True,0,,,0.7,20.0,optimal,1.8234668000004604,1.823468600000524,0.0,0,0,15677.944131800063,168.4809966731298,15846.425128473193,16169.75763210832,16338.23862878145,202656.83218200988,0.04645968179751536,54.1555682243546,0.0,0.0,0.0,False,False,False
main,deterministic,deterministic,2025-01-01,66,True,True,0,,,0.7,20.0,optimal,1.8234668000004604,1.823468600000524,0.0,0,0,15677.944131800063,168.4809966731298,15846.425128473193,16187.556626353833,16356.037623026963,203153.36885077358,0.0,56.96010031733235,0.0,0.0,0.0,False,False,False
main,deterministic,deterministic,2025-01-01,67,True,True,0,,,0.7,20.0,optimal,1.8234668000004604,1.823468600000524,0.0,0,0,15677.944131800063,168.4809966731298,15846.425128473193,16251.098621716239,16419.57961838937,203369.4067431,0.0,49.7512412023643,0.0,0.0,0.0,False,False,False
main,deterministic,deterministic,2025-01-01,68,True,True,0,,,0.7,20.0,optimal,1.8234668000004604,1.823468600000524,0.0,0,0,15677.944131800063,168.4809966731298,15846.425128473193,16339.990222171557,16508.471218844687,203523.1957087571,0.0,52.41566204889741,0.0,0.0,0.0,False,False,False
main,deterministic,deterministic,2025-01-01,69,True,True,0,,,0.7,20.0,optimal,1.8234668000004604,1.823468600000524,0.0,0,0,15677.944131800063,168.4809966731298,15846.425128473193,16216.426561417671,16384.9075580908,203081.94894712625,0.0,51.17582800776813,0.0,0.0,0.0,False,False,False
main,deterministic,deterministic,2025-01-01,70,True,True,0,,,0.7,20.0,optimal,1.8234668000004604,1.823468600000524,0.0,0,0,15677.944131800063,168.4809966731298,15846.425128473193,16138.544790379503,16307.025787052633,202716.11603766208,0.0,53.53324074826695,0.0,0.0,0.0,False,False,False
main,deterministic,deterministic,2025-01-01,71,True,True,0,,,0.7,20.0,optimal,1.8234668000004604,1.823468600000524,0.0,0,0,15677.944131800063,168.4809966731298,15846.425128473193,16194.145042767477,16362.626039440607,203356.73973184556,0.0,56.54402800768326,0.0,0.0,0.0,False,False,False
main,deterministic,deterministic,2025-01-01,72,True,True,0,,,0.7,20.0,optimal,1.8234668000004604,1.823468600000524,0.0,0,0,15677.944131800063,168.4809966731298,15846.425128473193,16190.307560845577,16358.788557518707,202616.1658462314,0.0,56.054143466529766,0.0,0.0,0.0,False,False,False
main,deterministic,deterministic,2025-01-01,73,True,True,0,,,0.7,20.0,optimal,1.8234668000004604,1.823468600000524,0.0,0,0,15677.944131800063,168.4809966731298,15846.425128473193,16234.098135995793,16402.57913266892,202965.53771949423,0.0,49.983597027443594,0.0,0.0,0.0,False,False,False
main,deterministic,deterministic,2025-01-01,74,True,True,0,,,0.7,20.0,optimal,1.8234668000004604,1.823468600000524,0.0,0,0,15677.944131800063,168.4809966731298,15846.425128473193,16261.77854822672,16430.25954489985,203254.79456680786,0.0,50.23532587953436,0.0,0.0,0.0,False,False,False
main,deterministic,deterministic,2025-01-01,75,True,True,0,,,0.7,20.0,optimal,1.8234668000004604,1.823468600000524,0.0,0,0,15677.944131800063,168.4809966731298,15846.425128473193,16242.908120091472,16411.3891167646,203757.7599468984,0.0,50.726424852955574,0.0,0.0,0.0,False,False,False
main,deterministic,deterministic,2025-01-01,76,True,True,0,,,0.7,20.0,optimal,1.8234668000004604,1.823468600000524,0.0,0,0,15677.944131800063,168.4809966731298,15846.425128473193,16204.537897005146,16373.018893678276,202548.67153272626,0.0,52.20780840166983,0.0,0.0,0.0,False,False,False
main,deterministic,deterministic,2025-01-01,77,True,True,0,,,0.7,20.0,optimal,1.8234668000004604,1.823468600000524,0.0,0,0,15677.944131800063,168.4809966731298,15846.425128473193,16206.242295104918,16374.723291778047,202834.28698142557,0.0,46.812053461662494,0.0,0.0,0.0,False,False,False
main,deterministic,deterministic,2025-01-01,78,True,True,0,,,0.7,20.0,optimal,1.8234668000004604,1.823468600000524,0.0,0,0,15677.944131800063,168.4809966731298,15846.425128473193,16185.853818182482,16354.334814855612,202740.12095236167,0.046459682921456746,48.36353789429135,0.0,0.0,0.0,False,False,False
main,deterministic,deterministic,2025-01-01,79,True,True,0,,,0.7,20.0,optimal,1.8234668000004604,1.823468600000524,0.0,0,0,15677.944131800063,168.4809966731298,15846.425128473193,16261.912737118253,16430.39373379138,203333.62699951712,0.0,48.45295123316807,0.0,0.0,0.0,False,False,False
main,deterministic,deterministic,2025-01-01,80,True,True,0,,,0.7,20.0,optimal,1.8234668000004604,1.823468600000524,0.0,0,0,15677.944131800063,168.4809966731298,15846.425128473193,16204.313407498068,16372.794404171198,203430.9823883935,0.0,47.417999955928344,0.0,0.0,0.0,False,False,False
main,deterministic,deterministic,2025-01-01,81,True,True,0,,,0.7,20.0,optimal,1.8234668000004604,1.823468600000524,0.0,0,0,15677.944131800063,168.4809966731298,15846.425128473193,16267.358746713831,16435.83974338696,203441.75656974845,0.0,57.05903251807135,0.0,0.0,0.0,False,False,False
main,deterministic,deterministic,2025-01-01,82,True,True,0,,,0.7,20.0,optimal,1.8234668000004604,1.823468600000524,0.0,0,0,15677.944131800063,168.4809966731298,15846.425128473193,16240.965778020904,16409.44677469403,203052.07493344235,0.0,42.83115611415501,0.0,0.0,0.0,False,False,False
main,deterministic,deterministic,2025-01-01,83,True,True,0,,,0.7,20.0,optimal,1.8234668000004604,1.823468600000524,0.0,0,0,15677.944131800063,168.4809966731298,15846.425128473193,16267.962883767408,16436.443880440536,202664.68376549083,0.0,45.69062359729565,0.0,0.0,0.0,False,False,False
main,deterministic,deterministic,2025-01-01,84,True,True,0,,,0.7,20.0,optimal,1.8234668000004604,1.823468600000524,0.0,0,0,15677.944131800063,168.4809966731298,15846.425128473193,16170.41148884362,16338.89248551675,202856.6234489876,0.0,41.972535538297514,0.0,0.0,0.0,False,False,False
main,deterministic,deterministic,2025-01-01,85,True,True,0,,,0.7,20.0,optimal,1.8234668000004604,1.823468600000524,0.0,0,0,15677.944131800063,168.4809966731298,15846.425128473193,16208.143765557415,16376.624762230545,202684.3076653799,0.0,54.60950097388791,0.0,0.0,0.0,False,False,False
main,deterministic,deterministic,2025-01-01,86,True,True,0,,,0.7,20.0,optimal,1.8234668000004604,1.823468600000524,0.0,0,0,15677.944131800063,168.4809966731298,15846.425128473193,16251.634834425271,16420.1158310984,203570.01049247666,0.0,47.57999784780347,0.0,0.0,0.0,False,False,False
main,deterministic,deterministic,2025-01-01,87,True,True,0,,,0.7,20.0,optimal,1.8234668000004604,1.823468600000524,0.0,0,0,15677.944131800063,168.4809966731298,15846.425128473193,16305.505083874183,16473.98608054731,203109.85061574486,0.0,48.41929390188746,0.0,0.0,0.0,False,False,False
main,deterministic,deterministic,2025-01-01,88,True,True,0,,,0.7,20.0,optimal,1.8234668000004604,1.823468600000524,0.0,0,0,15677.944131800063,168.4809966731298,15846.425128473193,16311.050963956472,16479.5319606296,203791.55013191552,0.0,54.80711178923862,0.0,0.0,0.0,False,False,False
main,deterministic,deterministic,2025-01-01,89,True,True,0,,,0.7,20.0,optimal,1.8234668000004604,1.823468600000524,0.0,0,0,15677.944131800063,168.4809966731298,15846.425128473193,16299.600127802614,16468.081124475742,202738.11933442156,0.0,48.97623341847255,0.0,0.0,0.0,False,False,False
main,deterministic,deterministic,2025-01-01,90,True,True,0,,,0.7,20.0,optimal,1.8234668000004604,1.823468600000524,0.0,0,0,15677.944131800063,168.4809966731298,15846.425128473193,16232.929117028241,16401.41011370137,203140.47533980748,0.0,53.560194604333226,0.0,0.0,0.0,False,False,False
main,deterministic,deterministic,2025-01-01,91,True,True,0,,,0.7,20.0,optimal,1.8234668000004604,1.823468600000524,0.0,0,0,15677.944131800063,168.4809966731298,15846.425128473193,16331.602205426909,16500.08320210004,203557.6965504806,0.0,49.02651309181242,0.0,0.0,0.0,False,False,False
main,deterministic,deterministic,2025-01-01,92,True,True,0,,,0.7,20.0,optimal,1.8234668000004604,1.823468600000524,0.0,0,0,15677.944131800063,168.4809966731298,15846.425128473193,16212.995892318133,16381.476888991263,202923.9433444762,0.0,43.396436310611655,0.0,0.0,0.0,False,False,False
main,deterministic,deterministic,2025-01-01,93,True,True,0,,,0.7,20.0,optimal,1.8234668000004604,1.823468600000524,0.0,0,0,15677.944131800063,168.4809966731298,15846.425128473193,16288.360401691429,16456.84139836456,203564.01334485944,0.0,51.28490780597973,0.0,0.0,0.0,False,False,False
main,deterministic,deterministic,2025-01-01,94,True,True,0,,,0.7,20.0,optimal,1.8234668000004604,1.823468600000524,0.0,0,0,15677.944131800063,168.4809966731298,15846.425128473193,16136.902486497069,16305.383483170199,202104.2817931845,0.0,46.602659553963534,0.0,0.0,0.0,False,False,False
main,deterministic,deterministic,2025-01-01,95,True,True,0,,,0.7,20.0,optimal,1.8234668000004604,1.823468600000524,0.0,0,0,15677.944131800063,168.4809966731298,15846.425128473193,16126.317996562246,16294.798993235376,202628.4458901262,0.0,50.12023672425422,0.0,0.0,0.0,False,False,False
main,deterministic,deterministic,2025-01-01,96,True,True,0,,,0.7,20.0,optimal,1.8234668000004604,1.823468600000524,0.0,0,0,15677.944131800063,168.4809966731298,15846.425128473193,16186.453906671579,16354.934903344709,202813.80277523934,0.0,47.4339377128321,0.0,0.0,0.0,False,False,False
main,deterministic,deterministic,2025-01-01,97,True,True,0,,,0.7,20.0,optimal,1.8234668000004604,1.823468600000524,0.0,0,0,15677.944131800063,168.4809966731298,15846.425128473193,16211.698750036565,16380.179746709695,202689.9127849291,0.0,50.71708927233078,0.0,0.0,0.0,False,False,False
main,deterministic,deterministic,2025-01-01,98,True,True,0,,,0.7,20.0,optimal,1.8234668000004604,1.823468600000524,0.0,0,0,15677.944131800063,168.4809966731298,15846.425128473193,16262.036774430482,16430.517771103612,203378.0988365133,0.0,42.589340189293196,0.0,0.0,0.0,False,False,False
main,deterministic,deterministic,2025-01-01,99,True,True,0,,,0.7,20.0,optimal,1.8234668000004604,1.823468600000524,0.0,0,0,15677.944131800063,168.4809966731298,15846.425128473193,16280.98643928735,16449.46743596048,203411.76533819627,0.0,53.94609341623197,0.0,0.0,0.0,False,False,False
main,deterministic,deterministic,2025-04-01,0,True,True,0,,,0.7,20.0,optimal,1.9445842000004632,1.9445850000001883,0.0,0,0,15467.288625306455,496.76688786635737,15964.055513172812,15829.429916672523,16326.19680453888,125284.4757209891,0.02535756869251199,52.28977599924837,0.0,0.0,0.0,False,False,False
main,deterministic,deterministic,2025-04-01,1,True,True,0,,,0.7,20.0,optimal,1.9445842000004632,1.9445850000001883,0.0,0,0,15467.288625306455,496.76688786635737,15964.055513172812,15717.462620678902,16214.229508545259,124384.14549631135,0.011015215634943731,61.33383876375182,0.0,0.0,0.0,False,False,False
main,deterministic,deterministic,2025-04-01,2,True,True,0,,,0.7,20.0,optimal,1.9445842000004632,1.9445850000001883,0.0,0,0,15467.288625306455,496.76688786635737,15964.055513172812,15699.47909714865,16196.245985015008,125310.565417931,0.0,47.659314366027736,0.0,0.0,0.0,False,False,False
main,deterministic,deterministic,2025-04-01,3,True,True,0,,,0.7,20.0,optimal,1.9445842000004632,1.9445850000001883,0.0,0,0,15467.288625306455,496.76688786635737,15964.055513172812,15799.147168477708,16295.914056344065,125468.1084249563,0.00821133264331625,53.27609282302227,0.0,0.0,0.0,False,False,False
main,deterministic,deterministic,2025-04-01,4,True,True,0,,,0.7,20.0,optimal,1.9445842000004632,1.9445850000001883,0.0,0,0,15467.288625306455,496.76688786635737,15964.055513172812,15730.750674424587,16227.517562290945,125572.40806203705,0.0,48.32366898166793,0.0,0.0,0.0,False,False,False
main,deterministic,deterministic,2025-04-01,5,True,True,0,,,0.7,20.0,optimal,1.9445842000004632,1.9445850000001883,0.0,0,0,15467.288625306455,496.76688786635737,15964.055513172812,15788.051254135587,16284.818142001945,125474.67522478073,0.012785842560895044,58.779411030039945,0.0,0.0,0.0,False,False,False
main,deterministic,deterministic,2025-04-01,6,True,True,0,,,0.7,20.0,optimal,1.9445842000004632,1.9445850000001883,0.0,0,0,15467.288625306455,496.76688786635737,15964.055513172812,15772.366353898637,16269.133241764994,125598.1618933899,0.0,51.31364432611679,0.0,0.0,0.0,False,False,False
main,deterministic,deterministic,2025-04-01,7,True,True,0,,,0.7,20.0,optimal,1.9445842000004632,1.9445850000001883,0.0,0,0,15467.288625306455,496.76688786635737,15964.055513172812,15721.148913361241,16217.915801227598,125394.52057612706,0.06478739064478362,50.8894739870671,0.0,0.0,0.0,False,False,False
main,deterministic,deterministic,2025-04-01,8,True,True,0,,,0.7,20.0,optimal,1.9445842000004632,1.9445850000001883,0.0,0,0,15467.288625306455,496.76688786635737,15964.055513172812,15712.427141370577,16209.194029236935,125021.4027881833,0.06051275646016674,52.963212058468855,0.0,0.0,0.0,False,False,False
main,deterministic,deterministic,2025-04-01,9,True,True,0,,,0.7,20.0,optimal,1.9445842000004632,1.9445850000001883,0.0,0,0,15467.288625306455,496.76688786635737,15964.055513172812,15670.278311128466,16167.045198994823,124832.3694328582,0.0,60.93520445696531,0.0,0.0,0.0,False,False,False
main,deterministic,deterministic,2025-04-01,10,True,True,0,,,0.7,20.0,optimal,1.9445842000004632,1.9445850000001883,0.0,0,0,15467.288625306455,496.76688786635737,15964.055513172812,15792.032842515408,16288.799730381765,125858.29540686957,0.0,52.422729715416075,0.0,0.0,0.0,False,False,False
main,deterministic,deterministic,2025-04-01,11,True,True,0,,,0.7,20.0,optimal,1.9445842000004632,1.9445850000001883,0.0,0,0,15467.288625306455,496.76688786635737,15964.055513172812,15748.187629812897,16244.954517679254,125490.16888077826,0.0,43.27595649281607,0.0,0.0,0.0,False,False,False
main,deterministic,deterministic,2025-04-01,12,True,True,0,,,0.7,20.0,optimal,1.9445842000004632,1.9445850000001883,0.0,0,0,15467.288625306455,496.76688786635737,15964.055513172812,15837.748219501882,16334.51510736824,125556.30713405089,0.13221421990495522,47.198498516978354,0.0,0.0,0.0,False,False,False
main,deterministic,deterministic,2025-04-01,13,True,True,0,,,0.7,20.0,optimal,1.9445842000004632,1.9445850000001883,0.0,0,0,15467.288625306455,496.76688786635737,15964.055513172812,15789.552354332147,16286.319242198504,125135.90430997679,0.037474635481854646,55.30014174703307,0.0,0.0,0.0,False,False,False
main,deterministic,deterministic,2025-04-01,14,True,True,0,,,0.7,20.0,optimal,1.9445842000004632,1.9445850000001883,0.0,0,0,15467.288625306455,496.76688786635737,15964.055513172812,15699.39984500743,16196.166732873788,125389.89251953617,0.0,54.19301092362113,0.0,0.0,0.0,False,False,False
main,deterministic,deterministic,2025-04-01,15,True,True,0,,,0.7,20.0,optimal,1.9445842000004632,1.9445850000001883,0.0,0,0,15467.288625306455,496.76688786635737,15964.055513172812,15825.48527170534,16322.252159571697,125371.17881518713,0.10593637143627271,50.48823486026716,0.0,0.0,0.0,False,False,False
main,deterministic,deterministic,2025-04-01,16,True,True,0,,,0.7,20.0,optimal,1.9445842000004632,1.9445850000001883,0.0,0,0,15467.288625306455,496.76688786635737,15964.055513172812,15695.491894486428,16192.258782352785,125446.37229393421,0.056782836703703043,46.75647751150735,0.0,0.0,0.0,False,False,False
main,deterministic,deterministic,2025-04-01,17,True,True,0,,,0.7,20.0,optimal,1.9445842000004632,1.9445850000001883,0.0,0,0,15467.288625306455,496.76688786635737,15964.055513172812,15789.307312238045,16286.074200104402,125682.71364800296,0.0,60.510363707520504,0.0,0.0,0.0,False,False,False
main,deterministic,deterministic,2025-04-01,18,True,True,0,,,0.7,20.0,optimal,1.9445842000004632,1.9445850000001883,0.0,0,0,15467.288625306455,496.76688786635737,15964.055513172812,15685.394390524461,16182.161278390819,124898.76916359954,0.0,56.09342355705082,0.0,0.0,0.0,False,False,False
main,deterministic,deterministic,2025-04-01,19,True,True,0,,,0.7,20.0,optimal,1.9445842000004632,1.9445850000001883,0.0,0,0,15467.288625306455,496.76688786635737,15964.055513172812,15864.127885660018,16360.894773526376,125536.73468654438,0.019231560921445956,51.848550438562796,0.0,0.0,0.0,False,False,False
main,deterministic,deterministic,2025-04-01,20,True,True,0,,,0.7,20.0,optimal,1.9445842000004632,1.9445850000001883,0.0,0,0,15467.288625306455,496.76688786635737,15964.055513172812,15779.930492143529,16276.697380009886,125941.82775933911,0.0,48.392711748238234,0.0,0.0,0.0,False,False,False
main,deterministic,deterministic,2025-04-01,21,True,True,0,,,0.7,20.0,optimal,1.9445842000004632,1.9445850000001883,0.0,0,0,15467.288625306455,496.76688786635737,15964.055513172812,15810.875830023013,16307.64271788937,125677.13477068,0.09513991589806975,50.99502781682661,0.0,0.0,0.0,False,False,False
main,deterministic,deterministic,2025-04-01,22,True,True,0,,,0.7,20.0,optimal,1.9445842000004632,1.9445850000001883,0.0,0,0,15467.288625306455,496.76688786635737,15964.055513172812,15741.549092188336,16238.315980054693,125588.45079647619,0.1112259339936737,52.63662008896078,0.0,0.0,0.0,False,False,False
main,deterministic,deterministic,2025-04-01,23,True,True,0,,,0.7,20.0,optimal,1.9445842000004632,1.9445850000001883,0.0,0,0,15467.288625306455,496.76688786635737,15964.055513172812,15688.540521939556,16185.307409805913,124996.80740574043,0.0322715650196676,50.04255871106261,0.0,0.0,0.0,False,False,False
main,deterministic,deterministic,2025-04-01,24,True,True,0,,,0.7,20.0,optimal,1.9445842000004632,1.9445850000001883,0.0,0,0,15467.288625306455,496.76688786635737,15964.055513172812,15694.461603711728,16191.228491578086,124740.93825990583,0.0,56.14383543413333,0.0,0.0,0.0,False,False,False
main,deterministic,deterministic,2025-04-01,25,True,True,0,,,0.7,20.0,optimal,1.9445842000004632,1.9445850000001883,0.0,0,0,15467.288625306455,496.76688786635737,15964.055513172812,15799.655330342635,16296.422218208992,125808.17206933543,0.04916790540796001,48.304738498310485,0.0,0.0,0.0,False,False,False
main,deterministic,deterministic,2025-04-01,26,True,True,0,,,0.7,20.0,optimal,1.9445842000004632,1.9445850000001883,0.0,0,0,15467.288625306455,496.76688786635737,15964.055513172812,15760.351216731535,16257.118104597892,125067.92143299922,0.05950745791841222,61.14198780188238,0.0,0.0,0.0,False,False,False
main,deterministic,deterministic,2025-04-01,27,True,True,0,,,0.7,20.0,optimal,1.9445842000004632,1.9445850000001883,0.0,0,0,15467.288625306455,496.76688786635737,15964.055513172812,15735.800294737179,16232.567182603536,125166.57828036556,0.037038859496401066,57.1580211152693,0.0,0.0,0.0,False,False,False
main,deterministic,deterministic,2025-04-01,28,True,True,0,,,0.7,20.0,optimal,1.9445842000004632,1.9445850000001883,0.0,0,0,15467.288625306455,496.76688786635737,15964.055513172812,15771.83969822812,16268.606586094476,125536.26225031858,0.04135069190791946,43.48848353834979,0.0,0.0,0.0,False,False,False
main,deterministic,deterministic,2025-04-01,29,True,True,0,,,0.7,20.0,optimal,1.9445842000004632,1.9445850000001883,0.0,0,0,15467.288625306455,496.76688786635737,15964.055513172812,15825.432841866257,16322.199729732614,125589.98596193819,0.09513787778960436,40.12986454687296,0.0,0.0,0.0,False,False,False
main,deterministic,deterministic,2025-04-01,30,True,True,0,,,0.7,20.0,optimal,1.9445842000004632,1.9445850000001883,0.0,0,0,15467.288625306455,496.76688786635737,15964.055513172812,15697.598286231672,16194.36517409803,125276.55659727441,0.0030690339776652253,47.119360040504006,0.0,0.0,0.0,False,False,False
main,deterministic,deterministic,2025-04-01,31,True,True,0,,,0.7,20.0,optimal,1.9445842000004632,1.9445850000001883,0.0,0,0,15467.288625306455,496.76688786635737,15964.055513172812,15788.515914017153,16285.28280188351,125687.27153218653,0.0,47.08433903798767,0.0,0.0,0.0,False,False,False
main,deterministic,deterministic,2025-04-01,32,True,True,0,,,0.7,20.0,optimal,1.9445842000004632,1.9445850000001883,0.0,0,0,15467.288625306455,496.76688786635737,15964.055513172812,15689.009008738603,16185.77589660496,125400.63467791757,0.0,49.35733379619104,0.0,0.0,0.0,False,False,False
main,deterministic,deterministic,2025-04-01,33,True,True,0,,,0.7,20.0,optimal,1.9445842000004632,1.9445850000001883,0.0,0,0,15467.288625306455,496.76688786635737,15964.055513172812,15706.618284930199,16203.385172796556,124315.15927347029,0.0,63.25733882274646,0.0,0.0,0.0,False,False,False
main,deterministic,deterministic,2025-04-01,34,True,True,0,,,0.7,20.0,optimal,1.9445842000004632,1.9445850000001883,0.0,0,0,15467.288625306455,496.76688786635737,15964.055513172812,15803.596600743998,16300.363488610355,124874.42675901066,0.0,54.56502223727489,0.0,0.0,0.0,False,False,False
main,deterministic,deterministic,2025-04-01,35,True,True,0,,,0.7,20.0,optimal,1.9445842000004632,1.9445850000001883,0.0,0,0,15467.288625306455,496.76688786635737,15964.055513172812,15757.796690276382,16254.563578142739,125463.98779423755,0.06369357211446997,58.49774087471326,0.0,0.0,0.0,False,False,False
main,deterministic,deterministic,2025-04-01,36,True,True,0,,,0.7,20.0,optimal,1.9445842000004632,1.9445850000001883,0.0,0,0,15467.288625306455,496.76688786635737,15964.055513172812,15754.92555677415,16251.692444640506,125086.92080166235,0.0,60.291348811018395,0.0,0.0,0.0,False,False,False
main,deterministic,deterministic,2025-04-01,37,True,True,0,,,0.7,20.0,optimal,1.9445842000004632,1.9445850000001883,0.0,0,0,15467.288625306455,496.76688786635737,15964.055513172812,15798.28126624844,16295.048154114796,125680.67903556822,0.008850578646796892,45.4077039768527,0.0,0.0,0.0,False,False,False
main,deterministic,deterministic,2025-04-01,38,True,True,0,,,0.7,20.0,optimal,1.9445842000004632,1.9445850000001883,0.0,0,0,15467.288625306455,496.76688786635737,15964.055513172812,15731.631613273468,16228.398501139825,125327.91047595779,0.027523188755996908,49.593395175664696,0.0,0.0,0.0,False,False,False
main,deterministic,deterministic,2025-04-01,39,True,True,0,,,0.7,20.0,optimal,1.9445842000004632,1.9445850000001883,0.0,0,0,15467.288625306455,496.76688786635737,15964.055513172812,15809.329848687208,16306.096736553565,125652.84525898218,0.067384128138334,44.797263821781414,0.0,0.0,0.0,False,False,False
main,deterministic,deterministic,2025-04-01,40,True,True,0,,,0.7,20.0,optimal,1.9445842000004632,1.9445850000001883,0.0,0,0,15467.288625306455,496.76688786635737,15964.055513172812,15711.49408357198,16208.260971438338,125247.62693441752,0.02779446709902611,45.98031862892414,0.0,0.0,0.0,False,False,False
main,deterministic,deterministic,2025-04-01,41,True,True,0,,,0.7,20.0,optimal,1.9445842000004632,1.9445850000001883,0.0,0,0,15467.288625306455,496.76688786635737,15964.055513172812,15790.924433246068,16287.691321112425,125657.02538024719,0.029376943799584054,39.958616867535646,0.0,0.0,0.0,False,False,False
main,deterministic,deterministic,2025-04-01,42,True,True,0,,,0.7,20.0,optimal,1.9445842000004632,1.9445850000001883,0.0,0,0,15467.288625306455,496.76688786635737,15964.055513172812,15716.15849200651,16212.925379872868,125105.80521474256,0.0,57.087000714417464,0.0,0.0,0.0,False,False,False
main,deterministic,deterministic,2025-04-01,43,True,True,0,,,0.7,20.0,optimal,1.9445842000004632,1.9445850000001883,0.0,0,0,15467.288625306455,496.76688786635737,15964.055513172812,15708.534268257294,16205.30115612365,125414.38983080088,0.0,52.71452346267697,0.0,0.0,0.0,False,False,False
main,deterministic,deterministic,2025-04-01,44,True,True,0,,,0.7,20.0,optimal,1.9445842000004632,1.9445850000001883,0.0,0,0,15467.288625306455,496.76688786635737,15964.055513172812,15747.001227132852,16243.76811499921,125505.96575943861,0.0,53.03901427466124,0.0,0.0,0.0,False,False,False
main,deterministic,deterministic,2025-04-01,45,True,True,0,,,0.7,20.0,optimal,1.9445842000004632,1.9445850000001883,0.0,0,0,15467.288625306455,496.76688786635737,15964.055513172812,15730.279138517644,16227.046026384001,125399.05191440774,0.025612697944625673,55.33043743337792,0.0,0.0,0.0,False,False,False
main,deterministic,deterministic,2025-04-01,46,True,True,0,,,0.7,20.0,optimal,1.9445842000004632,1.9445850000001883,0.0,0,0,15467.288625306455,496.76688786635737,15964.055513172812,15825.363885804272,16322.13077367063,125449.67547182302,0.05529781580186033,52.697949517892546,0.0,0.0,0.0,False,False,False
main,deterministic,deterministic,2025-04-01,47,True,True,0,,,0.7,20.0,optimal,1.9445842000004632,1.9445850000001883,0.0,0,0,15467.288625306455,496.76688786635737,15964.055513172812,15771.625084830046,16268.391972696403,125347.03641160249,0.048880354417047744,54.57456514803101,0.0,0.0,0.0,False,False,False
main,deterministic,deterministic,2025-04-01,48,True,True,0,,,0.7,20.0,optimal,1.9445842000004632,1.9445850000001883,0.0,0,0,15467.288625306455,496.76688786635737,15964.055513172812,15680.706873421845,16177.473761288202,125349.61185092264,0.0,51.17019542344912,0.0,0.0,0.0,False,False,False
main,deterministic,deterministic,2025-04-01,49,True,True,0,,,0.7,20.0,optimal,1.9445842000004632,1.9445850000001883,0.0,0,0,15467.288625306455,496.76688786635737,15964.055513172812,15771.74902111403,16268.515908980387,125051.34305600545,0.008967088231016884,56.90509780704937,0.0,0.0,0.0,False,False,False
main,deterministic,deterministic,2025-04-01,50,True,True,0,,,0.7,20.0,optimal,1.9445842000004632,1.9445850000001883,0.0,0,0,15467.288625306455,496.76688786635737,15964.055513172812,15670.27955503347,16167.046442899828,125267.65523077827,0.006306171908065872,55.41780100592404,0.0,0.0,0.0,False,False,False
main,deterministic,deterministic,2025-04-01,51,True,True,0,,,0.7,20.0,optimal,1.9445842000004632,1.9445850000001883,0.0,0,0,15467.288625306455,496.76688786635737,15964.055513172812,15769.409913404512,16266.176801270869,125179.31237805606,0.03661592943914166,53.125982264336464,0.0,0.0,0.0,False,False,False
main,deterministic,deterministic,2025-04-01,52,True,True,0,,,0.7,20.0,optimal,1.9445842000004632,1.9445850000001883,0.0,0,0,15467.288625306455,496.76688786635737,15964.055513172812,15762.316116340175,16259.083004206532,125126.86951484003,0.056303630179992514,55.88999327832761,0.0,0.0,0.0,False,False,False
main,deterministic,deterministic,2025-04-01,53,True,True,0,,,0.7,20.0,optimal,1.9445842000004632,1.9445850000001883,0.0,0,0,15467.288625306455,496.76688786635737,15964.055513172812,15771.966929876126,16268.733817742483,125646.67879426008,0.0,45.00155262638343,0.0,0.0,0.0,False,False,False
main,deterministic,deterministic,2025-04-01,54,True,True,0,,,0.7,20.0,optimal,1.9445842000004632,1.9445850000001883,0.0,0,0,15467.288625306455,496.76688786635737,15964.055513172812,15709.820082616858,16206.586970483215,125416.57764678409,0.0,49.963111178619236,0.0,0.0,0.0,False,False,False
main,deterministic,deterministic,2025-04-01,55,True,True,0,,,0.7,20.0,optimal,1.9445842000004632,1.9445850000001883,0.0,0,0,15467.288625306455,496.76688786635737,15964.055513172812,15676.14852596497,16172.915413831328,125501.0170755855,0.0,56.3231209303408,0.0,0.0,0.0,False,False,False
main,deterministic,deterministic,2025-04-01,56,True,True,0,,,0.7,20.0,optimal,1.9445842000004632,1.9445850000001883,0.0,0,0,15467.288625306455,496.76688786635737,15964.055513172812,15702.109879711275,16198.876767577633,125519.83907809228,0.02472436924718291,39.16040929335238,0.0,0.0,0.0,False,False,False
main,deterministic,deterministic,2025-04-01,57,True,True,0,,,0.7,20.0,optimal,1.9445842000004632,1.9445850000001883,0.0,0,0,15467.288625306455,496.76688786635737,15964.055513172812,15732.049961095772,16228.81684896213,124890.81284970476,0.02143942284754774,53.41920296729703,0.0,0.0,0.0,False,False,False
main,deterministic,deterministic,2025-04-01,58,True,True,0,,,0.7,20.0,optimal,1.9445842000004632,1.9445850000001883,0.0,0,0,15467.288625306455,496.76688786635737,15964.055513172812,15813.277814368943,16310.0447022353,125456.05301299872,0.054625128558075775,58.28807626480024,0.0,0.0,0.0,False,False,False
main,deterministic,deterministic,2025-04-01,59,True,True,0,,,0.7,20.0,optimal,1.9445842000004632,1.9445850000001883,0.0,0,0,15467.288625306455,496.76688786635737,15964.055513172812,15719.399428061586,16216.166315927943,125176.49973768194,0.0,53.494555458318544,0.0,0.0,0.0,False,False,False
main,deterministic,deterministic,2025-04-01,60,True,True,0,,,0.7,20.0,optimal,1.9445842000004632,1.9445850000001883,0.0,0,0,15467.288625306455,496.76688786635737,15964.055513172812,15676.938545228659,16173.705433095016,125373.191397808,0.05927703308921228,54.53567967424537,0.0,0.0,0.0,False,False,False
main,deterministic,deterministic,2025-04-01,61,True,True,0,,,0.7,20.0,optimal,1.9445842000004632,1.9445850000001883,0.0,0,0,15467.288625306455,496.76688786635737,15964.055513172812,15702.120368626856,16198.887256493213,125501.84540437788,0.043614939007432185,44.1403742944703,0.0,0.0,0.0,False,False,False
main,deterministic,deterministic,2025-04-01,62,True,True,0,,,0.7,20.0,optimal,1.9445842000004632,1.9445850000001883,0.0,0,0,15467.288625306455,496.76688786635737,15964.055513172812,15806.946899663495,16303.713787529852,125680.17588628748,0.05215265673313546,56.75450001936798,0.0,0.0,0.0,False,False,False
main,deterministic,deterministic,2025-04-01,63,True,True,0,,,0.7,20.0,optimal,1.9445842000004632,1.9445850000001883,0.0,0,0,15467.288625306455,496.76688786635737,15964.055513172812,15838.539415426532,16335.30630329289,125312.71886328486,0.012784382329044053,60.844339821361224,0.0,0.0,0.0,False,False,False
main,deterministic,deterministic,2025-04-01,64,True,True,0,,,0.7,20.0,optimal,1.9445842000004632,1.9445850000001883,0.0,0,0,15467.288625306455,496.76688786635737,15964.055513172812,15702.524014482278,16199.290902348635,125611.31455600698,0.0,47.67430947297063,0.0,0.0,0.0,False,False,False
main,deterministic,deterministic,2025-04-01,65,True,True,0,,,0.7,20.0,optimal,1.9445842000004632,1.9445850000001883,0.0,0,0,15467.288625306455,496.76688786635737,15964.055513172812,15837.383655546419,16334.150543412776,125643.73043858435,0.0,55.43046664982665,0.0,0.0,0.0,False,False,False
main,deterministic,deterministic,2025-04-01,66,True,True,0,,,0.7,20.0,optimal,1.9445842000004632,1.9445850000001883,0.0,0,0,15467.288625306455,496.76688786635737,15964.055513172812,15717.417515388743,16214.1844032551,125245.04543492442,0.0,60.51666043161065,0.0,0.0,0.0,False,False,False
main,deterministic,deterministic,2025-04-01,67,True,True,0,,,0.7,20.0,optimal,1.9445842000004632,1.9445850000001883,0.0,0,0,15467.288625306455,496.76688786635737,15964.055513172812,15677.461768072231,16174.228655938588,125679.8008584325,0.0,54.88000412812155,0.0,0.0,0.0,False,False,False
main,deterministic,deterministic,2025-04-01,68,True,True,0,,,0.7,20.0,optimal,1.9445842000004632,1.9445850000001883,0.0,0,0,15467.288625306455,496.76688786635737,15964.055513172812,15598.037031290518,16094.803919156875,124829.30203064281,0.0,53.24596459962329,0.0,0.0,0.0,False,False,False
main,deterministic,deterministic,2025-04-01,69,True,True,0,,,0.7,20.0,optimal,1.9445842000004632,1.9445850000001883,0.0,0,0,15467.288625306455,496.76688786635737,15964.055513172812,15791.582025271631,16288.348913137988,125197.4776748461,0.0,55.65929071446274,0.0,0.0,0.0,False,False,False
main,deterministic,deterministic,2025-04-01,70,True,True,0,,,0.7,20.0,optimal,1.9445842000004632,1.9445850000001883,0.0,0,0,15467.288625306455,496.76688786635737,15964.055513172812,15717.01325654889,16213.780144415246,125209.05823692236,0.0,60.146541560932704,0.0,0.0,0.0,False,False,False
main,deterministic,deterministic,2025-04-01,71,True,True,0,,,0.7,20.0,optimal,1.9445842000004632,1.9445850000001883,0.0,0,0,15467.288625306455,496.76688786635737,15964.055513172812,15746.468126457114,16243.23501432347,125252.83776115597,0.0,57.92563316594557,0.0,0.0,0.0,False,False,False
main,deterministic,deterministic,2025-04-01,72,True,True,0,,,0.7,20.0,optimal,1.9445842000004632,1.9445850000001883,0.0,0,0,15467.288625306455,496.76688786635737,15964.055513172812,15721.190379989655,16217.957267856013,124830.70905286813,0.012424320005802514,58.85959176697383,0.0,0.0,0.0,False,False,False
main,deterministic,deterministic,2025-04-01,73,True,True,0,,,0.7,20.0,optimal,1.9445842000004632,1.9445850000001883,0.0,0,0,15467.288625306455,496.76688786635737,15964.055513172812,15674.70305544492,16171.469943311276,124985.00591186478,0.06152415810757078,51.56108290305733,0.0,0.0,0.0,False,False,False
main,deterministic,deterministic,2025-04-01,74,True,True,0,,,0.7,20.0,optimal,1.9445842000004632,1.9445850000001883,0.0,0,0,15467.288625306455,496.76688786635737,15964.055513172812,15680.777190998193,16177.54407886455,124999.44716489487,0.04802602802778261,54.43050197306214,0.0,0.0,0.0,False,False,False
main,deterministic,deterministic,2025-04-01,75,True,True,0,,,0.7,20.0,optimal,1.9445842000004632,1.9445850000001883,0.0,0,0,15467.288625306455,496.76688786635737,15964.055513172812,15744.224888854524,16240.99177672088,125600.87786714562,0.056286424926225154,49.162553250930756,0.0,0.0,0.0,False,False,False
main,deterministic,deterministic,2025-04-01,76,True,True,0,,,0.7,20.0,optimal,1.9445842000004632,1.9445850000001883,0.0,0,0,15467.288625306455,496.76688786635737,15964.055513172812,15731.71211227381,16228.479000140167,125174.4004199956,0.06071133273473689,53.2366077462043,0.0,0.0,0.0,False,False,False
main,deterministic,deterministic,2025-04-01,77,True,True,0,,,0.7,20.0,optimal,1.9445842000004632,1.9445850000001883,0.0,0,0,15467.288625306455,496.76688786635737,15964.055513172812,15753.088410405948,16249.855298272305,125122.79423860103,0.04130692492233745,46.340415112726184,0.0,0.0,0.0,False,False,False
main,deterministic,deterministic,2025-04-01,78,True,True,0,,,0.7,20.0,optimal,1.9445842000004632,1.9445850000001883,0.0,0,0,15467.288625306455,496.76688786635737,15964.055513172812,15741.784590817833,16238.55147868419,125711.61984233519,0.09318206292143505,52.1394807523919,0.0,0.0,0.0,False,False,False
main,deterministic,deterministic,2025-04-01,79,True,True,0,,,0.7,20.0,optimal,1.9445842000004632,1.9445850000001883,0.0,0,0,15467.288625306455,496.76688786635737,15964.055513172812,15804.510657498538,16301.277545364896,125360.6801021849,0.030642954035394743,49.11496077686841,0.0,0.0,0.0,False,False,False
main,deterministic,deterministic,2025-04-01,80,True,True,0,,,0.7,20.0,optimal,1.9445842000004632,1.9445850000001883,0.0,0,0,15467.288625306455,496.76688786635737,15964.055513172812,15767.661273905016,16264.428161771373,125419.00145551273,0.02616597334716303,47.82427075369384,0.0,0.0,0.0,False,False,False
main,deterministic,deterministic,2025-04-01,81,True,True,0,,,0.7,20.0,optimal,1.9445842000004632,1.9445850000001883,0.0,0,0,15467.288625306455,496.76688786635737,15964.055513172812,15735.095237849397,16231.862125715754,125111.45592013278,0.004688068216223085,59.331396138489595,0.0,0.0,0.0,False,False,False
main,deterministic,deterministic,2025-04-01,82,True,True,0,,,0.7,20.0,optimal,1.9445842000004632,1.9445850000001883,0.0,0,0,15467.288625306455,496.76688786635737,15964.055513172812,15769.136663313691,16265.903551180048,125775.8139371081,0.025508579508657536,44.832852724618164,0.0,0.0,0.0,False,False,False
main,deterministic,deterministic,2025-04-01,83,True,True,0,,,0.7,20.0,optimal,1.9445842000004632,1.9445850000001883,0.0,0,0,15467.288625306455,496.76688786635737,15964.055513172812,15727.20258337073,16223.969471237087,125016.26920391127,0.09235968326566718,46.868745054107684,0.0,0.0,0.0,False,False,False
main,deterministic,deterministic,2025-04-01,84,True,True,0,,,0.7,20.0,optimal,1.9445842000004632,1.9445850000001883,0.0,0,0,15467.288625306455,496.76688786635737,15964.055513172812,15732.0555571454,16228.822445011758,125169.6282455153,0.08345573363254394,45.984862767350776,0.0,0.0,0.0,False,False,False
main,deterministic,deterministic,2025-04-01,85,True,True,0,,,0.7,20.0,optimal,1.9445842000004632,1.9445850000001883,0.0,0,0,15467.288625306455,496.76688786635737,15964.055513172812,15761.746105905622,16258.51299377198,125131.83175548179,0.0,62.56019914521564,0.0,0.0,0.0,False,False,False
main,deterministic,deterministic,2025-04-01,86,True,True,0,,,0.7,20.0,optimal,1.9445842000004632,1.9445850000001883,0.0,0,0,15467.288625306455,496.76688786635737,15964.055513172812,15734.983058482947,16231.749946349304,125404.87672124508,0.05486578103817924,45.35532500174202,0.0,0.0,0.0,False,False,False
main,deterministic,deterministic,2025-04-01,87,True,True,0,,,0.7,20.0,optimal,1.9445842000004632,1.9445850000001883,0.0,0,0,15467.288625306455,496.76688786635737,15964.055513172812,15699.444303584987,16196.211191451344,125144.2251134223,0.040115602674173245,49.821998232938455,0.0,0.0,0.0,False,False,False
main,deterministic,deterministic,2025-04-01,88,True,True,0,,,0.7,20.0,optimal,1.9445842000004632,1.9445850000001883,0.0,0,0,15467.288625306455,496.76688786635737,15964.055513172812,15784.773158866552,16281.54004673291,125069.29236929493,0.0,60.4695264822965,0.0,0.0,0.0,False,False,False
main,deterministic,deterministic,2025-04-01,89,True,True,0,,,0.7,20.0,optimal,1.9445842000004632,1.9445850000001883,0.0,0,0,15467.288625306455,496.76688786635737,15964.055513172812,15658.540122748054,16155.307010614411,125134.35852375149,0.0,50.377223115007304,0.0,0.0,0.0,False,False,False
main,deterministic,deterministic,2025-04-01,90,True,True,0,,,0.7,20.0,optimal,1.9445842000004632,1.9445850000001883,0.0,0,0,15467.288625306455,496.76688786635737,15964.055513172812,15693.720153344417,16190.487041210774,124898.01185201875,0.0,58.7060193484333,0.0,0.0,0.0,False,False,False
main,deterministic,deterministic,2025-04-01,91,True,True,0,,,0.7,20.0,optimal,1.9445842000004632,1.9445850000001883,0.0,0,0,15467.288625306455,496.76688786635737,15964.055513172812,15746.364497852523,16243.13138571888,125336.86205359052,0.055516998899884096,53.76625428610317,0.0,0.0,0.0,False,False,False
main,deterministic,deterministic,2025-04-01,92,True,True,0,,,0.7,20.0,optimal,1.9445842000004632,1.9445850000001883,0.0,0,0,15467.288625306455,496.76688786635737,15964.055513172812,15763.018997549028,16259.785885415386,125318.19419738618,0.045408110862502016,44.11345345779172,0.0,0.0,0.0,False,False,False
main,deterministic,deterministic,2025-04-01,93,True,True,0,,,0.7,20.0,optimal,1.9445842000004632,1.9445850000001883,0.0,0,0,15467.288625306455,496.76688786635737,15964.055513172812,15765.158987939856,16261.925875806213,125131.61873505476,0.0,52.738524907861915,0.0,0.0,0.0,False,False,False
main,deterministic,deterministic,2025-04-01,94,True,True,0,,,0.7,20.0,optimal,1.9445842000004632,1.9445850000001883,0.0,0,0,15467.288625306455,496.76688786635737,15964.055513172812,15680.500383754597,16177.267271620954,125001.32565453292,0.0,49.33074099118598,0.0,0.0,0.0,False,False,False
main,deterministic,deterministic,2025-04-01,95,True,True,0,,,0.7,20.0,optimal,1.9445842000004632,1.9445850000001883,0.0,0,0,15467.288625306455,496.76688786635737,15964.055513172812,15715.290480410695,16212.057368277052,125618.01362659947,0.05480107054888722,55.027917554919625,0.0,0.0,0.0,False,False,False
main,deterministic,deterministic,2025-04-01,96,True,True,0,,,0.7,20.0,optimal,1.9445842000004632,1.9445850000001883,0.0,0,0,15467.288625306455,496.76688786635737,15964.055513172812,15783.704069406665,16280.470957273023,125620.95649629613,0.06315441958999068,51.91794659150168,0.0,0.0,0.0,False,False,False
main,deterministic,deterministic,2025-04-01,97,True,True,0,,,0.7,20.0,optimal,1.9445842000004632,1.9445850000001883,0.0,0,0,15467.288625306455,496.76688786635737,15964.055513172812,15797.360227176181,16294.127115042538,125564.68964788172,0.0,50.52658859607898,0.0,0.0,0.0,False,False,False
main,deterministic,deterministic,2025-04-01,98,True,True,0,,,0.7,20.0,optimal,1.9445842000004632,1.9445850000001883,0.0,0,0,15467.288625306455,496.76688786635737,15964.055513172812,15686.904949329102,16183.67183719546,125553.37316036366,0.05670537717890911,44.45857738992745,0.0,0.0,0.0,False,False,False
main,deterministic,deterministic,2025-04-01,99,True,True,0,,,0.7,20.0,optimal,1.9445842000004632,1.9445850000001883,0.0,0,0,15467.288625306455,496.76688786635737,15964.055513172812,15767.282673785174,16264.04956165153,125416.5781878201,0.0,56.29007294549305,0.0,0.0,0.0,False,False,False
main,deterministic,deterministic,2025-07-01,0,True,True,0,,,0.7,20.0,optimal,1.9502440000005663,1.9502445000007356,0.0,0,0,15866.456382348068,295.2709491818955,16161.727331529963,16701.620832045734,16996.89178122763,171797.75241310903,0.0,55.425989495919325,0.0,0.1509480033329964,0.0,False,True,False
main,deterministic,deterministic,2025-07-01,1,True,True,0,,,0.7,20.0,optimal,1.9502440000005663,1.9502445000007356,0.0,0,0,15866.456382348068,295.2709491818955,16161.727331529963,16667.37348929152,16962.644438473417,171162.43417695301,0.34108398746314145,67.3210957878678,0.0,0.16952266574618524,0.0,False,True,False
main,deterministic,deterministic,2025-07-01,2,True,True,0,,,0.7,20.0,optimal,1.9502440000005663,1.9502445000007356,0.0,0,0,15866.456382348068,295.2709491818955,16161.727331529963,16744.166427096123,17039.43737627802,171612.2143719459,0.32610126849217264,52.216670158973926,0.0,0.15133179405696007,0.0,False,True,False
main,deterministic,deterministic,2025-07-01,3,True,True,0,,,0.7,20.0,optimal,1.9502440000005663,1.9502445000007356,0.0,0,0,15866.456382348068,295.2709491818955,16161.727331529963,16708.39944289703,17003.670392078926,171760.1722776032,0.09747492241450639,57.80008507031216,0.0,0.1991721686840695,0.0,False,True,False
main,deterministic,deterministic,2025-07-01,4,True,True,0,,,0.7,20.0,optimal,1.9502440000005663,1.9502445000007356,0.0,0,0,15866.456382348068,295.2709491818955,16161.727331529963,16593.98053552194,16889.251484703836,172021.49964680884,0.0,49.74263868876233,0.0,0.07935778250004177,0.0,False,True,False
main,deterministic,deterministic,2025-07-01,5,True,True,0,,,0.7,20.0,optimal,1.9502440000005663,1.9502445000007356,0.0,0,0,15866.456382348068,295.2709491818955,16161.727331529963,16713.293428155852,17008.56437733775,171764.9048605414,0.0,59.18591986658615,0.0,0.15106600251634528,0.0,False,True,False
main,deterministic,deterministic,2025-07-01,6,True,True,0,,,0.7,20.0,optimal,1.9502440000005663,1.9502445000007356,0.0,0,0,15866.456382348068,295.2709491818955,16161.727331529963,16780.513809157506,17075.784758339403,171963.27994648385,0.0,55.33951258539625,0.0,0.18368770805005408,0.0,False,True,False
main,deterministic,deterministic,2025-07-01,7,True,True,0,,,0.7,20.0,optimal,1.9502440000005663,1.9502445000007356,0.0,0,0,15866.456382348068,295.2709491818955,16161.727331529963,16724.08272725147,17019.353676433366,171913.02509755266,0.26643993215790657,54.98634352088185,0.0,0.15106600251634528,0.0,False,True,False
main,deterministic,deterministic,2025-07-01,8,True,True,0,,,0.7,20.0,optimal,1.9502440000005663,1.9502445000007356,0.0,0,0,15866.456382348068,295.2709491818955,16161.727331529963,16631.253582352805,16926.524531534702,171325.2072325586,0.0,55.74257709035621,0.0,0.15571639028367956,0.0,False,True,False
main,deterministic,deterministic,2025-07-01,9,True,True,0,,,0.7,20.0,optimal,1.9502440000005663,1.9502445000007356,0.0,0,0,15866.456382348068,295.2709491818955,16161.727331529963,16792.724752631555,17087.995701813452,171722.83029912133,0.38302354328974403,63.643479056288804,0.0,0.15133179405696007,0.0,False,True,False
main,deterministic,deterministic,2025-07-01,10,True,True,0,,,0.7,20.0,optimal,1.9502440000005663,1.9502445000007356,0.0,0,0,15866.456382348068,295.2709491818955,16161.727331529963,16703.717975052572,16998.98892423447,171646.59466597755,0.0,54.4139900901526,0.0,0.10078575477168972,0.0,False,True,False
main,deterministic,deterministic,2025-07-01,11,True,True,0,,,0.7,20.0,optimal,1.9502440000005663,1.9502445000007356,0.0,0,0,15866.456382348068,295.2709491818955,16161.727331529963,16723.37743846351,17018.648387645408,171617.62236748255,0.0,50.600313360047195,0.0,0.2160315471790475,0.0,False,True,False
main,deterministic,deterministic,2025-07-01,12,True,True,0,,,0.7,20.0,optimal,1.9502440000005663,1.9502445000007356,0.0,0,0,15866.456382348068,295.2709491818955,16161.727331529963,16756.61589158635,17051.886840768246,171199.74089731646,0.04604189106042539,52.97193975963939,0.0,0.1822560586869857,0.0,False,True,False
main,deterministic,deterministic,2025-07-01,13,True,True,0,,,0.7,20.0,optimal,1.9502440000005663,1.9502445000007356,0.0,0,0,15866.456382348068,295.2709491818955,16161.727331529963,16764.795425852288,17060.066375034185,171574.26546962987,0.5171226205335135,56.64647837635501,0.0,0.15106600251634528,0.0,False,True,False
main,deterministic,deterministic,2025-07-01,14,True,True,0,,,0.7,20.0,optimal,1.9502440000005663,1.9502445000007356,0.0,0,0,15866.456382348068,295.2709491818955,16161.727331529963,16691.24737210739,16986.518321289288,171505.9210331882,0.002192545317936001,55.33543380460946,0.0,0.0808592365075973,0.0,False,True,False
main,deterministic,deterministic,2025-07-01,15,True,True,0,,,0.7,20.0,optimal,1.9502440000005663,1.9502445000007356,0.0,0,0,15866.456382348068,295.2709491818955,16161.727331529963,16718.72121158608,17013.992160767975,171268.92407416954,0.0,52.11189319992725,0.0,0.1164880311047789,0.0,False,True,False
main,deterministic,deterministic,2025-07-01,16,True,True,0,,,0.7,20.0,optimal,1.9502440000005663,1.9502445000007356,0.0,0,0,15866.456382348068,295.2709491818955,16161.727331529963,16755.867584479645,17051.138533661542,172169.89177133123,0.0,53.71306204096313,0.0,0.16312639595415623,0.0,False,True,False
main,deterministic,deterministic,2025-07-01,17,True,True,0,,,0.7,20.0,optimal,1.9502440000005663,1.9502445000007356,0.0,0,0,15866.456382348068,295.2709491818955,16161.727331529963,16850.05307944874,17145.324028630635,171529.69597188805,0.0,63.92028898179428,0.0,0.15133179405696007,0.0,False,True,False
main,deterministic,deterministic,2025-07-01,18,True,True,0,,,0.7,20.0,optimal,1.9502440000005663,1.9502445000007356,0.0,0,0,15866.456382348068,295.2709491818955,16161.727331529963,16886.878035769223,17182.14898495112,171620.95405497996,0.45005750250830073,59.52589484421278,0.0,0.1372160859135294,0.0,False,True,False
main,deterministic,deterministic,2025-07-01,19,True,True,0,,,0.7,20.0,optimal,1.9502440000005663,1.9502445000007356,0.0,0,0,15866.456382348068,295.2709491818955,16161.727331529963,16709.395060611,17004.666009792898,171646.69905533778,0.0,57.11513219910438,0.0,0.29522770167806534,0.0,False,True,False
main,deterministic,deterministic,2025-07-01,20,True,True,0,,,0.7,20.0,optimal,1.9502440000005663,1.9502445000007356,0.0,0,0,15866.456382348068,295.2709491818955,16161.727331529963,16754.56756703426,17049.838516216158,172504.81399437264,0.0,52.86266158020054,0.0,0.19437333528209955,0.0,False,True,False
main,deterministic,deterministic,2025-07-01,21,True,True,0,,,0.7,20.0,optimal,1.9502440000005663,1.9502445000007356,0.0,0,0,15866.456382348068,295.2709491818955,16161.727331529963,16670.801741879146,16966.072691061043,171886.20039819065,0.11154672229763207,50.97168745905982,0.0,0.1638916995487274,0.0,False,True,False
main,deterministic,deterministic,2025-07-01,22,True,True,0,,,0.7,20.0,optimal,1.9502440000005663,1.9502445000007356,0.0,0,0,15866.456382348068,295.2709491818955,16161.727331529963,16722.46511785987,17017.736067041766,171512.55685922917,0.0,55.67052391459982,0.0,0.17056576132351386,0.0,False,True,False
main,deterministic,deterministic,2025-07-01,23,True,True,0,,,0.7,20.0,optimal,1.9502440000005663,1.9502445000007356,0.0,0,0,15866.456382348068,295.2709491818955,16161.727331529963,16724.563398375096,17019.834347556993,171458.0219004238,0.356248033134774,58.48612167347942,0.0,0.11948460070137501,0.0,False,True,False
main,deterministic,deterministic,2025-07-01,24,True,True,0,,,0.7,20.0,optimal,1.9502440000005663,1.9502445000007356,0.0,0,0,15866.456382348068,295.2709491818955,16161.727331529963,16771.58883147718,17066.859780659077,171624.47119954912,0.10066121983611437,63.480031587971915,0.0,0.15133179405696007,0.0,False,True,False
main,deterministic,deterministic,2025-07-01,25,True,True,0,,,0.7,20.0,optimal,1.9502440000005663,1.9502445000007356,0.0,0,0,15866.456382348068,295.2709491818955,16161.727331529963,16728.11532302361,17023.386272205506,171946.810232414,0.0,48.92039261698486,0.0,0.09649883216143262,0.0,False,True,False
main,deterministic,deterministic,2025-07-01,26,True,True,0,,,0.7,20.0,optimal,1.9502440000005663,1.9502445000007356,0.0,0,0,15866.456382348068,295.2709491818955,16161.727331529963,16710.96603623881,17006.236985420706,171229.18162272038,0.09054567839908634,63.31086118217229,0.0,0.0808592365075973,0.0,False,True,False
main,deterministic,deterministic,2025-07-01,27,True,True,0,,,0.7,20.0,optimal,1.9502440000005663,1.9502445000007356,0.0,0,0,15866.456382348068,295.2709491818955,16161.727331529963,16743.46247822486,17038.733427406758,171110.37984623495,0.0890266843926304,60.7673643598053,0.0,0.10841656538100697,0.0,False,True,False
main,deterministic,deterministic,2025-07-01,28,True,True,0,,,0.7,20.0,optimal,1.9502440000005663,1.9502445000007356,0.0,0,0,15866.456382348068,295.2709491818955,16161.727331529963,16732.44393816879,17027.71488735069,172028.77858349172,0.0,45.03893153543233,0.0,0.11865607807444101,0.0,False,True,False
main,deterministic,deterministic,2025-07-01,29,True,True,0,,,0.7,20.0,optimal,1.9502440000005663,1.9502445000007356,0.0,0,0,15866.456382348068,295.2709491818955,16161.727331529963,16767.886824142468,17063.157773324365,171717.53628321495,0.3539263389070824,47.269678599220015,0.0,0.12075213692524933,0.0,False,True,False
main,deterministic,deterministic,2025-07-01,30,True,True,0,,,0.7,20.0,optimal,1.9502440000005663,1.9502445000007356,0.0,0,0,15866.456382348068,295.2709491818955,16161.727331529963,16605.693277983384,16900.96422716528,171667.74344701404,0.13566269797117836,49.39153957509176,0.0,0.18595588163229548,0.0,False,True,False
main,deterministic,deterministic,2025-07-01,31,True,True,0,,,0.7,20.0,optimal,1.9502440000005663,1.9502445000007356,0.0,0,0,15866.456382348068,295.2709491818955,16161.727331529963,16684.411806501113,16979.68275568301,171339.49933857127,0.004691646186858911,56.93811246479363,0.0,0.19287957040327286,0.0,False,True,False
main,deterministic,deterministic,2025-07-01,32,True,True,0,,,0.7,20.0,optimal,1.9502440000005663,1.9502445000007356,0.0,0,0,15866.456382348068,295.2709491818955,16161.727331529963,16723.60789012918,17018.878839311077,171366.6472510451,0.0,60.07757861800701,0.0,0.14107303928807657,0.0,False,True,False
main,deterministic,deterministic,2025-07-01,33,True,True,0,,,0.7,20.0,optimal,1.9502440000005663,1.9502445000007356,0.0,0,0,15866.456382348068,295.2709491818955,16161.727331529963,16741.916427381155,17037.18737656305,171429.00305448286,0.0,67.64224290545941,0.0,0.15133179405696007,0.0,False,True,False
main,deterministic,deterministic,2025-07-01,34,True,True,0,,,0.7,20.0,optimal,1.9502440000005663,1.9502445000007356,0.0,0,0,15866.456382348068,295.2709491818955,16161.727331529963,16681.22721980699,16976.49816898889,171902.59043409253,0.0,57.335345184708316,0.0,0.2903658930016604,0.0,False,True,False
main,deterministic,deterministic,2025-07-01,35,True,True,0,,,0.7,20.0,optimal,1.9502440000005663,1.9502445000007356,0.0,0,0,15866.456382348068,295.2709491818955,16161.727331529963,16774.66697575909,17069.937924940987,171882.00906146038,0.0,60.85573761595696,0.0,0.14939725647542978,0.0,False,True,False
main,deterministic,deterministic,2025-07-01,36,True,True,0,,,0.7,20.0,optimal,1.9502440000005663,1.9502445000007356,0.0,0,0,15866.456382348068,295.2709491818955,16161.727331529963,16701.948506974135,16997.21945615603,172087.712783994,0.0,64.28213038210518,0.0,0.19772897802079692,0.0,False,True,False
main,deterministic,deterministic,2025-07-01,37,True,True,0,,,0.7,20.0,optimal,1.9502440000005663,1.9502445000007356,0.0,0,0,15866.456382348068,295.2709491818955,16161.727331529963,16639.65097605848,16934.92192524038,171773.12340487482,0.0,45.512972699009026,0.0,0.1231533552658961,0.0,False,True,False
main,deterministic,deterministic,2025-07-01,38,True,True,0,,,0.7,20.0,optimal,1.9502440000005663,1.9502445000007356,0.0,0,0,15866.456382348068,295.2709491818955,16161.727331529963,16704.732480683677,17000.003429865574,171431.98586870971,0.10705073940257881,49.742603857914446,0.0,0.13052894526795478,0.0,False,True,False
main,deterministic,deterministic,2025-07-01,39,True,True,0,,,0.7,20.0,optimal,1.9502440000005663,1.9502445000007356,0.0,0,0,15866.456382348068,295.2709491818955,16161.727331529963,16771.89004598356,17067.160995165457,172067.83927015326,0.0,47.14222368824042,0.0,0.13375453552034422,0.0,False,True,False
main,deterministic,deterministic,2025-07-01,40,True,True,0,,,0.7,20.0,optimal,1.9502440000005663,1.9502445000007356,0.0,0,0,15866.456382348068,295.2709491818955,16161.727331529963,16728.8494724097,17024.120421591597,171571.52216739682,0.2361024319384753,51.025388069109134,0.0,0.12989797347307297,0.0,False,True,False
main,deterministic,deterministic,2025-07-01,41,True,True,0,,,0.7,20.0,optimal,1.9502440000005663,1.9502445000007356,0.0,0,0,15866.456382348068,295.2709491818955,16161.727331529963,16682.575186683553,16977.84613586545,171699.32194019,0.0,41.797409037469926,0.0,0.12621725884999946,0.0,False,True,False
main,deterministic,deterministic,2025-07-01,42,True,True,0,,,0.7,20.0,optimal,1.9502440000005663,1.9502445000007356,0.0,0,0,15866.456382348068,295.2709491818955,16161.727331529963,16834.78811618333,17130.059065365225,171369.30629753115,0.1522903023876478,59.16932879337314,0.0,0.08606541736793738,0.0,False,True,False
main,deterministic,deterministic,2025-07-01,43,True,True,0,,,0.7,20.0,optimal,1.9502440000005663,1.9502445000007356,0.0,0,0,15866.456382348068,295.2709491818955,16161.727331529963,16636.75115667746,16932.022105859356,171628.48905275375,0.1274794150505869,51.53416940121538,0.0,0.15133179405696007,0.0,False,True,False
main,deterministic,deterministic,2025-07-01,44,True,True,0,,,0.7,20.0,optimal,1.9502440000005663,1.9502445000007356,0.0,0,0,15866.456382348068,295.2709491818955,16161.727331529963,16760.94515962339,17056.216108805285,172197.9136302632,0.0,55.27431465292221,0.0,0.15133179405696007,0.0,False,True,False
main,deterministic,deterministic,2025-07-01,45,True,True,0,,,0.7,20.0,optimal,1.9502440000005663,1.9502445000007356,0.0,0,0,15866.456382348068,295.2709491818955,16161.727331529963,16705.278577117904,17000.5495262998,171774.1095094691,0.21842403484830164,61.0282841402641,0.0,0.13375453552034422,0.0,False,True,False
main,deterministic,deterministic,2025-07-01,46,True,True,0,,,0.7,20.0,optimal,1.9502440000005663,1.9502445000007356,0.0,0,0,15866.456382348068,295.2709491818955,16161.727331529963,16861.21853549145,17156.489484673348,171725.9121199797,0.0,57.310970230638596,0.0,0.09976556224796584,0.0,False,True,False
main,deterministic,deterministic,2025-07-01,47,True,True,0,,,0.7,20.0,optimal,1.9502440000005663,1.9502445000007356,0.0,0,0,15866.456382348068,295.2709491818955,16161.727331529963,16847.1995595297,17142.470508711598,171971.7981125844,0.384603193019984,57.20661588719412,0.0,0.14750016631846874,0.0,False,True,False
main,deterministic,deterministic,2025-07-01,48,True,True,0,,,0.7,20.0,optimal,1.9502440000005663,1.9502445000007356,0.0,0,0,15866.456382348068,295.2709491818955,16161.727331529963,16652.634362813245,16947.905311995142,171818.14708502838,0.0,54.60656866358992,0.0,0.15587215469972215,0.0,False,True,False
main,deterministic,deterministic,2025-07-01,49,True,True,0,,,0.7,20.0,optimal,1.9502440000005663,1.9502445000007356,0.0,0,0,15866.456382348068,295.2709491818955,16161.727331529963,16716.506082236338,17011.777031418234,171989.25275521848,0.15997138106325576,60.66036320695577,0.0,0.1372160859135294,0.0,False,True,False
main,deterministic,deterministic,2025-07-01,50,True,True,0,,,0.7,20.0,optimal,1.9502440000005663,1.9502445000007356,0.0,0,0,15866.456382348068,295.2709491818955,16161.727331529963,16645.128449545507,16940.399398727404,171569.98275356257,0.10082717219528536,62.7863925417009,0.0,0.20125304737742966,0.0,False,True,False
main,deterministic,deterministic,2025-07-01,51,True,True,0,,,0.7,20.0,optimal,1.9502440000005663,1.9502445000007356,0.0,0,0,15866.456382348068,295.2709491818955,16161.727331529963,16698.43545481829,16993.706404000186,171474.79685160823,0.0,56.8025157456478,0.0,0.1093799554695809,0.0,False,True,False
main,deterministic,deterministic,2025-07-01,52,True,True,0,,,0.7,20.0,optimal,1.9502440000005663,1.9502445000007356,0.0,0,0,15866.456382348068,295.2709491818955,16161.727331529963,16735.029287108468,17030.300236290364,171798.03971034495,0.10478144425805275,60.74469872529419,0.0,0.2031600673743934,0.0,False,True,False
main,deterministic,deterministic,2025-07-01,53,True,True,0,,,0.7,20.0,optimal,1.9502440000005663,1.9502445000007356,0.0,0,0,15866.456382348068,295.2709491818955,16161.727331529963,16859.18416333966,17154.45511252156,172232.9328463619,0.0,48.63643881518032,0.0,0.06413560672860297,0.0,False,True,False
main,deterministic,deterministic,2025-07-01,54,True,True,0,,,0.7,20.0,optimal,1.9502440000005663,1.9502445000007356,0.0,0,0,15866.456382348068,295.2709491818955,16161.727331529963,16903.74578418226,17199.01673336416,171859.03929128964,0.0,55.05952957112322,0.0,0.15133179405696007,0.0,False,True,False
main,deterministic,deterministic,2025-07-01,55,True,True,0,,,0.7,20.0,optimal,1.9502440000005663,1.9502445000007356,0.0,0,0,15866.456382348068,295.2709491818955,16161.727331529963,16678.874618713413,16974.14556789531,171591.70389792265,0.0,59.75095904481268,0.0,0.0808592365075973,0.0,False,True,False
main,deterministic,deterministic,2025-07-01,56,True,True,0,,,0.7,20.0,optimal,1.9502440000005663,1.9502445000007356,0.0,0,0,15866.456382348068,295.2709491818955,16161.727331529963,16709.921108283168,17005.192057465065,171890.739768172,0.0,45.77656325528608,0.0,0.1599401250088146,0.0,False,True,False
main,deterministic,deterministic,2025-07-01,57,True,True,0,,,0.7,20.0,optimal,1.9502440000005663,1.9502445000007356,0.0,0,0,15866.456382348068,295.2709491818955,16161.727331529963,16733.06860800177,17028.339557183666,171959.98529566752,0.386857279402476,54.165144916460996,0.0,0.13375453552034422,0.0,False,True,False
main,deterministic,deterministic,2025-07-01,58,True,True,0,,,0.7,20.0,optimal,1.9502440000005663,1.9502445000007356,0.0,0,0,15866.456382348068,295.2709491818955,16161.727331529963,16667.18215173182,16962.453100913717,171696.3035914502,0.0,61.0041234366114,0.0,0.16741298404137428,0.0,False,True,False
main,deterministic,deterministic,2025-07-01,59,True,True,0,,,0.7,20.0,optimal,1.9502440000005663,1.9502445000007356,0.0,0,0,15866.456382348068,295.2709491818955,16161.727331529963,16690.11109583836,16985.38204502026,171701.77053132586,0.0,59.56236649054918,0.0,0.1399784611110535,0.0,False,True,False
main,deterministic,deterministic,2025-07-01,60,True,True,0,,,0.7,20.0,optimal,1.9502440000005663,1.9502445000007356,0.0,0,0,15866.456382348068,295.2709491818955,16161.727331529963,16691.502341928954,16986.77329111085,171867.02790787967,0.10551450886890268,56.01941134371234,0.0,0.1581713270608156,0.0,False,True,False
main,deterministic,deterministic,2025-07-01,61,True,True,0,,,0.7,20.0,optimal,1.9502440000005663,1.9502445000007356,0.0,0,0,15866.456382348068,295.2709491818955,16161.727331529963,16713.11476559308,17008.385714774977,171731.76218428157,0.0,44.00574714055924,0.0,0.1661353620224284,0.0,False,True,False
main,deterministic,deterministic,2025-07-01,62,True,True,0,,,0.7,20.0,optimal,1.9502440000005663,1.9502445000007356,0.0,0,0,15866.456382348068,295.2709491818955,16161.727331529963,16721.14874538975,17016.419694571647,171733.41798388885,0.0,60.38100461846711,0.0,0.09021941383172671,0.0,False,True,False
main,deterministic,deterministic,2025-07-01,63,True,True,0,,,0.7,20.0,optimal,1.9502440000005663,1.9502445000007356,0.0,0,0,15866.456382348068,295.2709491818955,16161.727331529963,16784.691313241143,17079.96226242304,171539.58129202898,0.34822902163538466,65.10946058282452,0.0,0.12256007512918021,0.0,False,True,False
main,deterministic,deterministic,2025-07-01,64,True,True,0,,,0.7,20.0,optimal,1.9502440000005663,1.9502445000007356,0.0,0,0,15866.456382348068,295.2709491818955,16161.727331529963,16690.512162639232,16985.78311182113,171425.7604677385,0.09571088465181438,53.38735529800486,0.0,0.14545749974894395,0.0,False,True,False
main,deterministic,deterministic,2025-07-01,65,True,True,0,,,0.7,20.0,optimal,1.9502440000005663,1.9502445000007356,0.0,0,0,15866.456382348068,295.2709491818955,16161.727331529963,16829.27764746499,17124.548596646888,171613.49525513215,0.0,54.72069494225437,0.0,0.1038641400783411,0.0,False,True,False
main,deterministic,deterministic,2025-07-01,66,True,True,0,,,0.7,20.0,optimal,1.9502440000005663,1.9502445000007356,0.0,0,0,15866.456382348068,295.2709491818955,16161.727331529963,16691.055377568162,16986.32632675006,171648.75711155482,0.3099332879648256,65.92155180738882,0.0,0.10365347325347263,0.0,False,True,False
main,deterministic,deterministic,2025-07-01,67,True,True,0,,,0.7,20.0,optimal,1.9502440000005663,1.9502445000007356,0.0,0,0,15866.456382348068,295.2709491818955,16161.727331529963,16673.87432339972,16969.145272581616,172145.4046377891,0.0,51.514679882395335,0.0,0.15133179405696007,0.0,False,True,False
main,deterministic,deterministic,2025-07-01,68,True,True,0,,,0.7,20.0,optimal,1.9502440000005663,1.9502445000007356,0.0,0,0,15866.456382348068,295.2709491818955,16161.727331529963,16707.23037347117,17002.50132265307,171543.9811877626,0.35619910054935294,56.72560733233953,0.0,0.14310520092756018,0.0,False,True,False
main,deterministic,deterministic,2025-07-01,69,True,True,0,,,0.7,20.0,optimal,1.9502440000005663,1.9502445000007356,0.0,0,0,15866.456382348068,295.2709491818955,16161.727331529963,16876.602623344854,17171.87357252675,171340.74961974128,0.0,58.260531430321855,0.0,0.1372160859135294,0.0,False,True,False
main,deterministic,deterministic,2025-07-01,70,True,True,0,,,0.7,20.0,optimal,1.9502440000005663,1.9502445000007356,0.0,0,0,15866.456382348068,295.2709491818955,16161.727331529963,16680.502663355288,16975.773612537185,171691.8336923375,0.0,59.99260222647827,0.0,0.15133179405696007,0.0,False,True,False
main,deterministic,deterministic,2025-07-01,71,True,True,0,,,0.7,20.0,optimal,1.9502440000005663,1.9502445000007356,0.0,0,0,15866.456382348068,295.2709491818955,16161.727331529963,16651.841040776966,16947.111989958863,171617.67787403354,0.0,66.69558466398577,0.0,0.07935778250004177,0.0,False,True,False
main,deterministic,deterministic,2025-07-01,72,True,True,0,,,0.7,20.0,optimal,1.9502440000005663,1.9502445000007356,0.0,0,0,15866.456382348068,295.2709491818955,16161.727331529963,16697.680706421623,16992.95165560352,170885.2600287694,0.0,63.30245200870453,0.0,0.1372160859135294,0.0,False,True,False
main,deterministic,deterministic,2025-07-01,73,True,True,0,,,0.7,20.0,optimal,1.9502440000005663,1.9502445000007356,0.0,0,0,15866.456382348068,295.2709491818955,16161.727331529963,16655.775771764398,16951.046720946295,171527.31187423615,0.0,57.58777235057161,0.0,0.18152454841620114,0.0,False,True,False
main,deterministic,deterministic,2025-07-01,74,True,True,0,,,0.7,20.0,optimal,1.9502440000005663,1.9502445000007356,0.0,0,0,15866.456382348068,295.2709491818955,16161.727331529963,16772.407129574403,17067.6780787563,172396.40765099187,0.36869059895496675,57.72758843346142,0.0,0.08443263754044139,0.0,False,True,False
main,deterministic,deterministic,2025-07-01,75,True,True,0,,,0.7,20.0,optimal,1.9502440000005663,1.9502445000007356,0.0,0,0,15866.456382348068,295.2709491818955,16161.727331529963,16716.75348734061,17012.024436522508,172006.8704052051,0.32538232791563865,57.085166864541236,0.0,0.16411258716634936,0.0,False,True,False
main,deterministic,deterministic,2025-07-01,76,True,True,0,,,0.7,20.0,optimal,1.9502440000005663,1.9502445000007356,0.0,0,0,15866.456382348068,295.2709491818955,16161.727331529963,16749.23660609588,17044.507555277778,171368.40134046302,0.3513159660078487,56.692354940379424,0.0,0.0808592365075973,0.0,False,True,False
main,deterministic,deterministic,2025-07-01,77,True,True,0,,,0.7,20.0,optimal,1.9502440000005663,1.9502445000007356,0.0,0,0,15866.456382348068,295.2709491818955,16161.727331529963,16792.131798344504,17087.4027475264,171057.01358538287,0.0,54.05116139976463,0.0,0.10147593638298447,0.0,False,True,False
main,deterministic,deterministic,2025-07-01,78,True,True,0,,,0.7,20.0,optimal,1.9502440000005663,1.9502445000007356,0.0,0,0,15866.456382348068,295.2709491818955,16161.727331529963,16652.52641378773,16947.797362969628,171653.5343499531,0.10918969237156717,58.05885468449744,0.0,0.16402841408427005,0.0,False,True,False
main,deterministic,deterministic,2025-07-01,79,True,True,0,,,0.7,20.0,optimal,1.9502440000005663,1.9502445000007356,0.0,0,0,15866.456382348068,295.2709491818955,16161.727331529963,16770.98171731877,17066.252666500666,171639.91327317042,0.0,53.69629176577013,0.0,0.13678627009369526,0.0,False,True,False
main,deterministic,deterministic,2025-07-01,80,True,True,0,,,0.7,20.0,optimal,1.9502440000005663,1.9502445000007356,0.0,0,0,15866.456382348068,295.2709491818955,16161.727331529963,16726.40320518022,17021.674154362117,171412.25913517477,0.004591106092684205,55.85399510233027,0.0,0.13368572008820556,0.0,False,True,False
main,deterministic,deterministic,2025-07-01,81,True,True,0,,,0.7,20.0,optimal,1.9502440000005663,1.9502445000007356,0.0,0,0,15866.456382348068,295.2709491818955,16161.727331529963,16669.094960863713,16964.36591004561,171520.0300493381,0.0,65.48946029271167,0.0,0.12822369482595475,0.0,False,True,False
main,deterministic,deterministic,2025-07-01,82,True,True,0,,,0.7,20.0,optimal,1.9502440000005663,1.9502445000007356,0.0,0,0,15866.456382348068,295.2709491818955,16161.727331529963,16690.505907863964,16985.77685704586,172120.14104076521,0.11086669882736255,45.54112914405589,0.0,0.15106600251634528,0.0,False,True,False
main,deterministic,deterministic,2025-07-01,83,True,True,0,,,0.7,20.0,optimal,1.9502440000005663,1.9502445000007356,0.0,0,0,15866.456382348068,295.2709491818955,16161.727331529963,16713.310038748154,17008.58098793005,171369.31272874886,0.0,55.40213688972523,0.0,0.1532381764468922,0.0,False,True,False
main,deterministic,deterministic,2025-07-01,84,True,True,0,,,0.7,20.0,optimal,1.9502440000005663,1.9502445000007356,0.0,0,0,15866.456382348068,295.2709491818955,16161.727331529963,16694.107069958445,16989.378019140342,171430.41681291722,0.0,53.905098042437345,0.0,0.17023948066316597,0.0,False,True,False
main,deterministic,deterministic,2025-07-01,85,True,True,0,,,0.7,20.0,optimal,1.9502440000005663,1.9502445000007356,0.0,0,0,15866.456382348068,295.2709491818955,16161.727331529963,16704.20581447304,16999.476763654937,171282.4127048018,0.09466581484922498,65.13764028466484,0.0,0.08916729494004727,0.0,False,True,False
main,deterministic,deterministic,2025-07-01,86,True,True,0,,,0.7,20.0,optimal,1.9502440000005663,1.9502445000007356,0.0,0,0,15866.456382348068,295.2709491818955,16161.727331529963,16776.513617421984,17071.78456660388,171693.67560168827,0.0,49.87512791656499,0.0,0.10903822702408439,0.0,False,True,False
main,deterministic,deterministic,2025-07-01,87,True,True,0,,,0.7,20.0,optimal,1.9502440000005663,1.9502445000007356,0.0,0,0,15866.456382348068,295.2709491818955,16161.727331529963,16745.678563238194,17040.94951242009,171627.8323377158,0.5054581720128848,55.35992957793018,0.0,0.15106600251634528,0.0,False,True,False
main,deterministic,deterministic,2025-07-01,88,True,True,0,,,0.7,20.0,optimal,1.9502440000005663,1.9502445000007356,0.0,0,0,15866.456382348068,295.2709491818955,16161.727331529963,16742.128006770483,17037.39895595238,171401.32768229806,0.0933646763349727,63.83887164144574,0.0,0.19016764162799205,0.0,False,True,False
main,deterministic,deterministic,2025-07-01,89,True,True,0,,,0.7,20.0,optimal,1.9502440000005663,1.9502445000007356,0.0,0,0,15866.456382348068,295.2709491818955,16161.727331529963,16738.898951360723,17034.16990054262,171439.55850721992,0.0,56.03599151560327,0.0,0.15133179405696007,0.0,False,True,False
main,deterministic,deterministic,2025-07-01,90,True,True,0,,,0.7,20.0,optimal,1.9502440000005663,1.9502445000007356,0.0,0,0,15866.456382348068,295.2709491818955,16161.727331529963,16729.778912506154,17025.04986168805,171981.25459967833,0.37047055767207715,59.3939324502373,0.0,0.15133179405696007,0.0,False,True,False
main,deterministic,deterministic,2025-07-01,91,True,True,0,,,0.7,20.0,optimal,1.9502440000005663,1.9502445000007356,0.0,0,0,15866.456382348068,295.2709491818955,16161.727331529963,16659.529754527903,16954.8007037098,171502.045622287,0.0,54.42419498905822,0.0,0.0808592365075973,0.0,False,True,False
main,deterministic,deterministic,2025-07-01,92,True,True,0,,,0.7,20.0,optimal,1.9502440000005663,1.9502445000007356,0.0,0,0,15866.456382348068,295.2709491818955,16161.727331529963,16733.802070103204,17029.0730192851,171868.70445962978,0.0,45.137775637528584,0.0,0.08715853028443576,0.0,False,True,False
main,deterministic,deterministic,2025-07-01,93,True,True,0,,,0.7,20.0,optimal,1.9502440000005663,1.9502445000007356,0.0,0,0,15866.456382348068,295.2709491818955,16161.727331529963,16727.9244502096,17023.195399391498,171762.4364415911,0.33578359558147325,56.971346198658644,0.0,0.19116614534994758,0.0,False,True,False
main,deterministic,deterministic,2025-07-01,94,True,True,0,,,0.7,20.0,optimal,1.9502440000005663,1.9502445000007356,0.0,0,0,15866.456382348068,295.2709491818955,16161.727331529963,16718.578932379805,17013.849881561702,171329.33299646375,0.0,52.082417022500415,0.0,0.15133179405696007,0.0,False,True,False
main,deterministic,deterministic,2025-07-01,95,True,True,0,,,0.7,20.0,optimal,1.9502440000005663,1.9502445000007356,0.0,0,0,15866.456382348068,295.2709491818955,16161.727331529963,16724.01527327058,17019.286222452476,172298.20082472614,0.0,57.29752700431557,0.0,0.16706345074449125,0.0,False,True,False
main,deterministic,deterministic,2025-07-01,96,True,True,0,,,0.7,20.0,optimal,1.9502440000005663,1.9502445000007356,0.0,0,0,15866.456382348068,295.2709491818955,16161.727331529963,16759.947038626826,17055.217987808723,171731.1584742541,0.0,54.29917584872271,0.0,0.150468358141014,0.0,False,True,False
main,deterministic,deterministic,2025-07-01,97,True,True,0,,,0.7,20.0,optimal,1.9502440000005663,1.9502445000007356,0.0,0,0,15866.456382348068,295.2709491818955,16161.727331529963,16704.941583891497,17000.212533073394,171644.49635136637,0.10664486670756101,53.8849645418149,0.0,0.09253873003847879,0.0,False,True,False
main,deterministic,deterministic,2025-07-01,98,True,True,0,,,0.7,20.0,optimal,1.9502440000005663,1.9502445000007356,0.0,0,0,15866.456382348068,295.2709491818955,16161.727331529963,16693.25234523832,16988.523294420218,171863.58792778256,0.0,46.51186751639199,0.0,0.16702256153759176,0.0,False,True,False
main,deterministic,deterministic,2025-07-01,99,True,True,0,,,0.7,20.0,optimal,1.9502440000005663,1.9502445000007356,0.0,0,0,15866.456382348068,295.2709491818955,16161.727331529963,16649.783661806785,16945.05461098868,171799.40150485173,0.0,57.815244041916586,0.0,0.15133179405696007,0.0,False,True,False
main,deterministic,deterministic,2025-10-01,0,True,True,0,,,0.7,20.0,optimal,1.7298187000005782,1.7298194000004514,0.0,0,0,16337.051830671286,513.6495967946456,16850.70142746593,16384.561369961644,16898.21096675629,173781.940476772,0.3022356620385944,52.10708562243919,0.0,0.20876110746608245,0.0,False,True,False
main,deterministic,deterministic,2025-10-01,1,True,True,0,,,0.7,20.0,optimal,1.7298187000005782,1.7298194000004514,0.0,0,0,16337.051830671286,513.6495967946456,16850.70142746593,16453.498332969473,16967.14792976412,173308.12714398387,0.13655146568488719,63.34444921595464,0.0,0.10800967338075806,0.0,False,True,False
main,deterministic,deterministic,2025-10-01,2,True,True,0,,,0.7,20.0,optimal,1.7298187000005782,1.7298194000004514,0.0,0,0,16337.051830671286,513.6495967946456,16850.70142746593,16372.278335719122,16885.92793251377,173450.50689852115,0.0,47.351661106882275,0.0,0.10166850663785132,0.0,False,True,False
main,deterministic,deterministic,2025-10-01,3,True,True,0,,,0.7,20.0,optimal,1.7298187000005782,1.7298194000004514,0.0,0,0,16337.051830671286,513.6495967946456,16850.70142746593,16430.11742834509,16943.767025139736,173677.89644453317,0.0,55.926893375289346,0.0,0.20083807548649024,0.0,False,True,False
main,deterministic,deterministic,2025-10-01,4,True,True,0,,,0.7,20.0,optimal,1.7298187000005782,1.7298194000004514,0.0,0,0,16337.051830671286,513.6495967946456,16850.70142746593,16417.568049953137,16931.217646747784,174118.21500846298,0.24378826622476812,47.76851513885065,0.0,0.14775676722707543,0.0,False,True,False
main,deterministic,deterministic,2025-10-01,5,True,True,0,,,0.7,20.0,optimal,1.7298187000005782,1.7298194000004514,0.0,0,0,16337.051830671286,513.6495967946456,16850.70142746593,16430.77649417048,16944.426090965128,173620.45498319637,0.0,57.42447786400605,0.0,0.10701245753769095,0.0,False,True,False
main,deterministic,deterministic,2025-10-01,6,True,True,0,,,0.7,20.0,optimal,1.7298187000005782,1.7298194000004514,0.0,0,0,16337.051830671286,513.6495967946456,16850.70142746593,16499.874191056806,17013.523787851453,174178.80774797976,0.0,47.7482421083287,0.0,0.0902125264221727,0.0,False,True,False
main,deterministic,deterministic,2025-10-01,7,True,True,0,,,0.7,20.0,optimal,1.7298187000005782,1.7298194000004514,0.0,0,0,16337.051830671286,513.6495967946456,16850.70142746593,16449.408765853255,16963.058362647902,173878.23175462364,0.0,52.344153685398155,0.0,0.10846717203999123,0.0,False,True,False
main,deterministic,deterministic,2025-10-01,8,True,True,0,,,0.7,20.0,optimal,1.7298187000005782,1.7298194000004514,0.0,0,0,16337.051830671286,513.6495967946456,16850.70142746593,16341.70804328299,16855.357640077636,173190.97624781766,0.28114074742381834,48.89934311253909,0.0,0.1588235254197865,0.0,False,True,False
main,deterministic,deterministic,2025-10-01,9,True,True,0,,,0.7,20.0,optimal,1.7298187000005782,1.7298194000004514,0.0,0,0,16337.051830671286,513.6495967946456,16850.70142746593,16459.302245176103,16972.95184197075,173607.30889438716,0.08259766373743815,60.716635856891386,0.0,0.1539536868569913,0.0,False,True,False
main,deterministic,deterministic,2025-10-01,10,True,True,0,,,0.7,20.0,optimal,1.7298187000005782,1.7298194000004514,0.0,0,0,16337.051830671286,513.6495967946456,16850.70142746593,16406.567621955433,16920.21721875008,173629.55638096164,0.0,53.3007064722566,0.0,0.06186078506683912,0.0,False,True,False
main,deterministic,deterministic,2025-10-01,11,True,True,0,,,0.7,20.0,optimal,1.7298187000005782,1.7298194000004514,0.0,0,0,16337.051830671286,513.6495967946456,16850.70142746593,16436.50465741176,16950.154254206405,174166.23762038932,0.10285768730598166,47.525682328621784,0.0,0.21242720207127808,0.0,False,True,False
main,deterministic,deterministic,2025-10-01,12,True,True,0,,,0.7,20.0,optimal,1.7298187000005782,1.7298194000004514,0.0,0,0,16337.051830671286,513.6495967946456,16850.70142746593,16385.606702330126,16899.256299124772,173260.24261666107,0.05477835105856954,47.94886990962909,0.0,0.12613437417812268,0.0,False,True,False
main,deterministic,deterministic,2025-10-01,13,True,True,0,,,0.7,20.0,optimal,1.7298187000005782,1.7298194000004514,0.0,0,0,16337.051830671286,513.6495967946456,16850.70142746593,16424.91414783295,16938.563744627598,173062.73973123144,0.0,53.22967435466257,0.0,0.10662051548014273,0.0,False,True,False
main,deterministic,deterministic,2025-10-01,14,True,True,0,,,0.7,20.0,optimal,1.7298187000005782,1.7298194000004514,0.0,0,0,16337.051830671286,513.6495967946456,16850.70142746593,16482.203280231584,16995.85287702623,174353.46062607027,0.0,50.92020614728486,0.0,0.16329377511599596,0.0,False,True,False
main,deterministic,deterministic,2025-10-01,15,True,True,0,,,0.7,20.0,optimal,1.7298187000005782,1.7298194000004514,0.0,0,0,16337.051830671286,513.6495967946456,16850.70142746593,16466.719279001674,16980.36887579632,173805.69179880153,0.0,45.20183264757388,0.0,0.19976146804110262,0.0,False,True,False
main,deterministic,deterministic,2025-10-01,16,True,True,0,,,0.7,20.0,optimal,1.7298187000005782,1.7298194000004514,0.0,0,0,16337.051830671286,513.6495967946456,16850.70142746593,16454.67251437629,16968.322111170935,174464.74394148402,0.0,48.308038552200706,0.0,0.11383459640966187,0.0,False,True,False
main,deterministic,deterministic,2025-10-01,17,True,True,0,,,0.7,20.0,optimal,1.7298187000005782,1.7298194000004514,0.0,0,0,16337.051830671286,513.6495967946456,16850.70142746593,16464.18156049122,16977.831157285866,173839.57326005012,0.0,59.8940546079374,0.0,0.20788093523628715,0.0,False,True,False
main,deterministic,deterministic,2025-10-01,18,True,True,0,,,0.7,20.0,optimal,1.7298187000005782,1.7298194000004514,0.0,0,0,16337.051830671286,513.6495967946456,16850.70142746593,16452.73749998509,16966.387096779737,173526.6972268777,0.0,54.50340701969455,0.0,0.10749323414879619,0.0,False,True,False
main,deterministic,deterministic,2025-10-01,19,True,True,0,,,0.7,20.0,optimal,1.7298187000005782,1.7298194000004514,0.0,0,0,16337.051830671286,513.6495967946456,16850.70142746593,16395.4072198988,16909.056816693446,173541.75296523763,0.11492554061188942,52.80676335475161,0.0,0.09199494452068402,0.0,False,True,False
main,deterministic,deterministic,2025-10-01,20,True,True,0,,,0.7,20.0,optimal,1.7298187000005782,1.7298194000004514,0.0,0,0,16337.051830671286,513.6495967946456,16850.70142746593,16401.463197619712,16915.11279441436,174326.42912002164,0.0,49.25630173787965,0.0,0.17618585722326174,0.0,False,True,False
main,deterministic,deterministic,2025-10-01,21,True,True,0,,,0.7,20.0,optimal,1.7298187000005782,1.7298194000004514,0.0,0,0,16337.051830671286,513.6495967946456,16850.70142746593,16407.96357073653,16921.613167531177,173602.80943845367,0.0,47.553306152436356,0.0,0.06608677378602401,0.0,False,True,False
main,deterministic,deterministic,2025-10-01,22,True,True,0,,,0.7,20.0,optimal,1.7298187000005782,1.7298194000004514,0.0,0,0,16337.051830671286,513.6495967946456,16850.70142746593,16422.170873355048,16935.820470149694,173773.71803747021,0.0,50.65919082258049,0.0,0.11174693840523542,0.0,False,True,False
main,deterministic,deterministic,2025-10-01,23,True,True,0,,,0.7,20.0,optimal,1.7298187000005782,1.7298194000004514,0.0,0,0,16337.051830671286,513.6495967946456,16850.70142746593,16511.482943828614,17025.13254062326,173922.30938150545,0.0,50.97595930581947,0.0,0.10977501153826053,0.0,False,True,False
main,deterministic,deterministic,2025-10-01,24,True,True,0,,,0.7,20.0,optimal,1.7298187000005782,1.7298194000004514,0.0,0,0,16337.051830671286,513.6495967946456,16850.70142746593,16468.907939712586,16982.557536507233,173763.92992130382,0.0,55.80835217473555,0.0,0.09625701396426156,0.0,False,True,False
main,deterministic,deterministic,2025-10-01,25,True,True,0,,,0.7,20.0,optimal,1.7298187000005782,1.7298194000004514,0.0,0,0,16337.051830671286,513.6495967946456,16850.70142746593,16422.110498292055,16935.7600950867,174016.35859557433,0.0,46.21484000535926,0.0,0.07521173727520725,0.0,False,True,False
main,deterministic,deterministic,2025-10-01,26,True,True,0,,,0.7,20.0,optimal,1.7298187000005782,1.7298194000004514,0.0,0,0,16337.051830671286,513.6495967946456,16850.70142746593,16441.24274756823,16954.892344362877,173695.46476490347,0.0,57.651734705673476,0.0,0.10231596517471342,0.0,False,True,False
main,deterministic,deterministic,2025-10-01,27,True,True,0,,,0.7,20.0,optimal,1.7298187000005782,1.7298194000004514,0.0,0,0,16337.051830671286,513.6495967946456,16850.70142746593,16445.688003420786,16959.337600215433,173981.42293737052,0.042801409184560324,54.63798051749486,0.0,0.1618092821085786,0.0,False,True,False
main,deterministic,deterministic,2025-10-01,28,True,True,0,,,0.7,20.0,optimal,1.7298187000005782,1.7298194000004514,0.0,0,0,16337.051830671286,513.6495967946456,16850.70142746593,16465.565453809548,16979.215050604194,174245.54822231864,0.0,42.2571773302462,0.0,0.07371153846287615,0.0,False,True,False
main,deterministic,deterministic,2025-10-01,29,True,True,0,,,0.7,20.0,optimal,1.7298187000005782,1.7298194000004514,0.0,0,0,16337.051830671286,513.6495967946456,16850.70142746593,16418.00130771849,16931.650904513135,173665.8782183202,0.0,41.62738239081311,0.0,0.20177297174462017,0.0,False,True,False
main,deterministic,deterministic,2025-10-01,30,True,True,0,,,0.7,20.0,optimal,1.7298187000005782,1.7298194000004514,0.0,0,0,16337.051830671286,513.6495967946456,16850.70142746593,16319.892549494498,16833.542146289143,173183.93563622338,0.2958028778949984,47.74370197257455,0.0,0.12389928625690971,0.0,False,True,False
main,deterministic,deterministic,2025-10-01,31,True,True,0,,,0.7,20.0,optimal,1.7298187000005782,1.7298194000004514,0.0,0,0,16337.051830671286,513.6495967946456,16850.70142746593,16377.24083604465,16890.890432839296,173572.75089927143,0.0,50.67050268431237,0.0,0.10166850663785132,0.0,False,True,False
main,deterministic,deterministic,2025-10-01,32,True,True,0,,,0.7,20.0,optimal,1.7298187000005782,1.7298194000004514,0.0,0,0,16337.051830671286,513.6495967946456,16850.70142746593,16456.983817089087,16970.633413883734,174132.34041009942,0.085698635998676,53.67458580578444,0.0,0.22415611341035802,0.0,False,True,False
main,deterministic,deterministic,2025-10-01,33,True,True,0,,,0.7,20.0,optimal,1.7298187000005782,1.7298194000004514,0.0,0,0,16337.051830671286,513.6495967946456,16850.70142746593,16463.337600015813,16976.98719681046,173397.67158201116,0.08089283760193822,62.54280935685913,0.0,0.1054161846419519,0.0,False,True,False
main,deterministic,deterministic,2025-10-01,34,True,True,0,,,0.7,20.0,optimal,1.7298187000005782,1.7298194000004514,0.0,0,0,16337.051830671286,513.6495967946456,16850.70142746593,16450.314825262365,16963.96442205701,173628.76288668974,0.233682319103939,53.354319751251246,0.0,0.16860758023146238,0.0,False,True,False
main,deterministic,deterministic,2025-10-01,35,True,True,0,,,0.7,20.0,optimal,1.7298187000005782,1.7298194000004514,0.0,0,0,16337.051830671286,513.6495967946456,16850.70142746593,16456.099763966853,16969.7493607615,173837.57454234586,0.0,55.6165176898041,0.0,0.22415611341035802,0.0,False,True,False
main,deterministic,deterministic,2025-10-01,36,True,True,0,,,0.7,20.0,optimal,1.7298187000005782,1.7298194000004514,0.0,0,0,16337.051830671286,513.6495967946456,16850.70142746593,16523.82956757792,17037.479164372566,174410.63346386165,0.0,57.82671822558508,0.0,0.22415611341035802,0.0,False,True,False
main,deterministic,deterministic,2025-10-01,37,True,True,0,,,0.7,20.0,optimal,1.7298187000005782,1.7298194000004514,0.0,0,0,16337.051830671286,513.6495967946456,16850.70142746593,16408.00301992478,16921.652616719428,173907.35139075184,0.173646635807299,43.90707816197986,0.0,0.20018652581518848,0.0,False,True,False
main,deterministic,deterministic,2025-10-01,38,True,True,0,,,0.7,20.0,optimal,1.7298187000005782,1.7298194000004514,0.0,0,0,16337.051830671286,513.6495967946456,16850.70142746593,16413.814630377794,16927.46422717244,173857.06581057425,0.0,50.198212696567694,0.0,0.14272414813709244,0.0,False,True,False
main,deterministic,deterministic,2025-10-01,39,True,True,0,,,0.7,20.0,optimal,1.7298187000005782,1.7298194000004514,0.0,0,0,16337.051830671286,513.6495967946456,16850.70142746593,16450.07381511477,16963.723411909417,173943.93789315366,0.0,42.34886416777792,0.0,0.20808838468707536,0.0,False,True,False
main,deterministic,deterministic,2025-10-01,40,True,True,0,,,0.7,20.0,optimal,1.7298187000005782,1.7298194000004514,0.0,0,0,16337.051830671286,513.6495967946456,16850.70142746593,16482.480739897812,16996.13033669246,173995.35115861075,0.0,45.52391295165979,0.0,0.10166850663785132,0.0,False,True,False
main,deterministic,deterministic,2025-10-01,41,True,True,0,,,0.7,20.0,optimal,1.7298187000005782,1.7298194000004514,0.0,0,0,16337.051830671286,513.6495967946456,16850.70142746593,16385.619439388905,16899.269036183552,173536.37456403088,0.19356274989029498,39.804269252732105,0.0,0.0629635432608382,0.0,False,True,False
main,deterministic,deterministic,2025-10-01,42,True,True,0,,,0.7,20.0,optimal,1.7298187000005782,1.7298194000004514,0.0,0,0,16337.051830671286,513.6495967946456,16850.70142746593,16494.997434643043,17008.64703143769,173777.78961887208,0.0,53.24564363449306,0.0,0.22415611341035802,0.0,False,True,False
main,deterministic,deterministic,2025-10-01,43,True,True,0,,,0.7,20.0,optimal,1.7298187000005782,1.7298194000004514,0.0,0,0,16337.051830671286,513.6495967946456,16850.70142746593,16342.80348164353,16856.453078438175,173165.00586965523,0.0,53.04195060965788,0.0,0.07936075522897568,0.0,False,True,False
main,deterministic,deterministic,2025-10-01,44,True,True,0,,,0.7,20.0,optimal,1.7298187000005782,1.7298194000004514,0.0,0,0,16337.051830671286,513.6495967946456,16850.70142746593,16429.693677842286,16943.343274636933,174042.05579716395,0.0,52.53844408140716,0.0,0.17618585722326174,0.0,False,True,False
main,deterministic,deterministic,2025-10-01,45,True,True,0,,,0.7,20.0,optimal,1.7298187000005782,1.7298194000004514,0.0,0,0,16337.051830671286,513.6495967946456,16850.70142746593,16441.34091540012,16954.990512194767,173665.04530318297,0.0,55.61834314997757,0.0,0.06064681101123992,0.0,False,True,False
main,deterministic,deterministic,2025-10-01,46,True,True,0,,,0.7,20.0,optimal,1.7298187000005782,1.7298194000004514,0.0,0,0,16337.051830671286,513.6495967946456,16850.70142746593,16450.199885103084,16963.84948189773,173946.95512629868,0.06417912898745137,52.52284565281194,0.0,0.1394118488446463,0.0,False,True,False
main,deterministic,deterministic,2025-10-01,47,True,True,0,,,0.7,20.0,optimal,1.7298187000005782,1.7298194000004514,0.0,0,0,16337.051830671286,513.6495967946456,16850.70142746593,16447.306592346893,16960.95618914154,173992.1309488161,0.0,52.3435244694791,0.0,0.22415611341035802,0.0,False,True,False
main,deterministic,deterministic,2025-10-01,48,True,True,0,,,0.7,20.0,optimal,1.7298187000005782,1.7298194000004514,0.0,0,0,16337.051830671286,513.6495967946456,16850.70142746593,16373.836665863175,16887.48626265782,173744.39022303,0.26560234378892966,52.232010235350515,0.0,0.17460737592081088,0.0,False,True,False
main,deterministic,deterministic,2025-10-01,49,True,True,0,,,0.7,20.0,optimal,1.7298187000005782,1.7298194000004514,0.0,0,0,16337.051830671286,513.6495967946456,16850.70142746593,16486.93870831682,17000.588305111465,173751.4355305035,0.0,56.78537815444966,0.0,0.20006777375276497,0.0,False,True,False
main,deterministic,deterministic,2025-10-01,50,True,True,0,,,0.7,20.0,optimal,1.7298187000005782,1.7298194000004514,0.0,0,0,16337.051830671286,513.6495967946456,16850.70142746593,16474.335907213568,16987.985504008215,174500.94705611057,0.06770722661861073,56.305365341699996,0.0,0.22415611341035802,0.0,False,True,False
main,deterministic,deterministic,2025-10-01,51,True,True,0,,,0.7,20.0,optimal,1.7298187000005782,1.7298194000004514,0.0,0,0,16337.051830671286,513.6495967946456,16850.70142746593,16379.02883463644,16892.678431431086,173420.4947639044,0.19924711856394173,51.751974465384805,0.0,0.1354985424676567,0.0,False,True,False
main,deterministic,deterministic,2025-10-01,52,True,True,0,,,0.7,20.0,optimal,1.7298187000005782,1.7298194000004514,0.0,0,0,16337.051830671286,513.6495967946456,16850.70142746593,16428.04449020376,16941.694086998406,173765.40115418445,0.0,58.07908278200027,0.0,0.07526116279809547,0.0,False,True,False
main,deterministic,deterministic,2025-10-01,53,True,True,0,,,0.7,20.0,optimal,1.7298187000005782,1.7298194000004514,0.0,0,0,16337.051830671286,513.6495967946456,16850.70142746593,16416.32895685513,16929.978553649777,174047.16468264424,0.0,48.95821297956122,0.0,0.1211464071084305,0.0,False,True,False
main,deterministic,deterministic,2025-10-01,54,True,True,0,,,0.7,20.0,optimal,1.7298187000005782,1.7298194000004514,0.0,0,0,16337.051830671286,513.6495967946456,16850.70142746593,16451.36397946582,16965.013576260466,173939.81334254643,0.0,51.10878344569078,0.0,0.11495135838566117,0.0,False,True,False
main,deterministic,deterministic,2025-10-01,55,True,True,0,,,0.7,20.0,optimal,1.7298187000005782,1.7298194000004514,0.0,0,0,16337.051830671286,513.6495967946456,16850.70142746593,16436.525003126488,16950.174599921134,173922.08545119865,0.0,56.86250213298953,0.0,0.11149573961817194,0.0,False,True,False
main,deterministic,deterministic,2025-10-01,56,True,True,0,,,0.7,20.0,optimal,1.7298187000005782,1.7298194000004514,0.0,0,0,16337.051830671286,513.6495967946456,16850.70142746593,16502.898464945243,17016.54806173989,174011.90856595372,0.0,41.17560095734892,0.0,0.06730076519086947,0.0,False,True,False
main,deterministic,deterministic,2025-10-01,57,True,True,0,,,0.7,20.0,optimal,1.7298187000005782,1.7298194000004514,0.0,0,0,16337.051830671286,513.6495967946456,16850.70142746593,16437.484583826797,16951.134180621444,173900.69549604907,0.0,51.30138882348046,0.0,0.06650809187882789,0.0,False,True,False
main,deterministic,deterministic,2025-10-01,58,True,True,0,,,0.7,20.0,optimal,1.7298187000005782,1.7298194000004514,0.0,0,0,16337.051830671286,513.6495967946456,16850.70142746593,16426.63205707877,16940.281653873415,173402.17572573468,0.22307898618394084,60.49990104023417,0.0,0.08283995770984443,0.0,False,True,False
main,deterministic,deterministic,2025-10-01,59,True,True,0,,,0.7,20.0,optimal,1.7298187000005782,1.7298194000004514,0.0,0,0,16337.051830671286,513.6495967946456,16850.70142746593,16415.810242472988,16929.459839267634,173957.01119124802,0.0,54.46441370141961,0.0,0.11700805386375301,0.0,False,True,False
main,deterministic,deterministic,2025-10-01,60,True,True,0,,,0.7,20.0,optimal,1.7298187000005782,1.7298194000004514,0.0,0,0,16337.051830671286,513.6495967946456,16850.70142746593,16402.641587875103,16916.29118466975,173822.48466102485,0.08912355433768893,50.67049267066353,0.0,0.16035444945840882,0.0,False,True,False
main,deterministic,deterministic,2025-10-01,61,True,True,0,,,0.7,20.0,optimal,1.7298187000005782,1.7298194000004514,0.0,0,0,16337.051830671286,513.6495967946456,16850.70142746593,16456.225166940163,16969.87476373481,173866.26426012284,0.0,41.91031160799528,0.0,0.16224388398554512,0.0,False,True,False
main,deterministic,deterministic,2025-10-01,62,True,True,0,,,0.7,20.0,optimal,1.7298187000005782,1.7298194000004514,0.0,0,0,16337.051830671286,513.6495967946456,16850.70142746593,16464.728668579544,16978.37826537419,173935.30118966327,0.0,57.12854530310801,0.0,0.22415611341035802,0.0,False,True,False
main,deterministic,deterministic,2025-10-01,63,True,True,0,,,0.7,20.0,optimal,1.7298187000005782,1.7298194000004514,0.0,0,0,16337.051830671286,513.6495967946456,16850.70142746593,16439.015957636162,16952.66555443081,173553.96628299184,0.0,58.95982554090607,0.0,0.16268413162644135,0.0,False,True,False
main,deterministic,deterministic,2025-10-01,64,True,True,0,,,0.7,20.0,optimal,1.7298187000005782,1.7298194000004514,0.0,0,0,16337.051830671286,513.6495967946456,16850.70142746593,16431.871012105257,16945.520608899904,173706.44794839591,0.0,47.150590579944236,0.0,0.096266170965698,0.0,False,True,False
main,deterministic,deterministic,2025-10-01,65,True,True,0,,,0.7,20.0,optimal,1.7298187000005782,1.7298194000004514,0.0,0,0,16337.051830671286,513.6495967946456,16850.70142746593,16433.63894513132,16947.288541925966,173704.06501747025,0.0,57.318974051689665,0.0,0.11326843099006245,0.0,False,True,False
main,deterministic,deterministic,2025-10-01,66,True,True,0,,,0.7,20.0,optimal,1.7298187000005782,1.7298194000004514,0.0,0,0,16337.051830671286,513.6495967946456,16850.70142746593,16406.59945154465,16920.249048339298,173606.60151028563,0.0,60.975259494443975,0.0,0.14685627474357776,0.0,False,True,False
main,deterministic,deterministic,2025-10-01,67,True,True,0,,,0.7,20.0,optimal,1.7298187000005782,1.7298194000004514,0.0,0,0,16337.051830671286,513.6495967946456,16850.70142746593,16425.136384581725,16938.78598137637,174462.47671464505,0.0,52.2133021993068,0.0,0.1485381548336311,0.0,False,True,False
main,deterministic,deterministic,2025-10-01,68,True,True,0,,,0.7,20.0,optimal,1.7298187000005782,1.7298194000004514,0.0,0,0,16337.051830671286,513.6495967946456,16850.70142746593,16430.742879861125,16944.392476655772,173735.12819854816,0.08912355313220455,53.442186242062206,0.0,0.1301866730489769,0.0,False,True,False
main,deterministic,deterministic,2025-10-01,69,True,True,0,,,0.7,20.0,optimal,1.7298187000005782,1.7298194000004514,0.0,0,0,16337.051830671286,513.6495967946456,16850.70142746593,16457.78912147619,16971.438718270838,173610.00905457477,0.048840246531082876,55.32152887972447,0.0,0.12019626965063601,0.0,False,True,False
main,deterministic,deterministic,2025-10-01,70,True,True,0,,,0.7,20.0,optimal,1.7298187000005782,1.7298194000004514,0.0,0,0,16337.051830671286,513.6495967946456,16850.70142746593,16457.57619877244,16971.225795567087,174196.8848416945,0.0,55.23627542995192,0.0,0.07435245911124655,0.0,False,True,False
main,deterministic,deterministic,2025-10-01,71,True,True,0,,,0.7,20.0,optimal,1.7298187000005782,1.7298194000004514,0.0,0,0,16337.051830671286,513.6495967946456,16850.70142746593,16386.023798817423,16899.67339561207,173400.62121211452,0.31169421088751514,60.50960900169105,0.0,0.13018667480833312,0.0,False,True,False
main,deterministic,deterministic,2025-10-01,72,True,True,0,,,0.7,20.0,optimal,1.7298187000005782,1.7298194000004514,0.0,0,0,16337.051830671286,513.6495967946456,16850.70142746593,16418.441644011877,16932.091240806523,173359.13415924244,0.13410993582454567,56.830614307112995,0.0,0.13018667480833312,0.0,False,True,False
main,deterministic,deterministic,2025-10-01,73,True,True,0,,,0.7,20.0,optimal,1.7298187000005782,1.7298194000004514,0.0,0,0,16337.051830671286,513.6495967946456,16850.70142746593,16410.718444866536,16924.368041661182,173811.7166744948,0.12411168810341744,52.55303490722006,0.0,0.21826051243082145,0.0,False,True,False
main,deterministic,deterministic,2025-10-01,74,True,True,0,,,0.7,20.0,optimal,1.7298187000005782,1.7298194000004514,0.0,0,0,16337.051830671286,513.6495967946456,16850.70142746593,16496.040289330962,17009.68988612561,174180.45883146333,0.0,53.4938979624278,0.0,0.1456514762489871,0.0,False,True,False
main,deterministic,deterministic,2025-10-01,75,True,True,0,,,0.7,20.0,optimal,1.7298187000005782,1.7298194000004514,0.0,0,0,16337.051830671286,513.6495967946456,16850.70142746593,16427.549110390646,16941.198707185293,173906.4962821064,0.0,52.23041750358239,0.0,0.10166850663785132,0.0,False,True,False
main,deterministic,deterministic,2025-10-01,76,True,True,0,,,0.7,20.0,optimal,1.7298187000005782,1.7298194000004514,0.0,0,0,16337.051830671286,513.6495967946456,16850.70142746593,16472.255963369105,16985.905560163752,173716.5628032327,0.0,53.790813880942174,0.0,0.10658279758563238,0.0,False,True,False
main,deterministic,deterministic,2025-10-01,77,True,True,0,,,0.7,20.0,optimal,1.7298187000005782,1.7298194000004514,0.0,0,0,16337.051830671286,513.6495967946456,16850.70142746593,16518.16483009539,17031.814426890036,173664.52819958422,0.11956406783755824,48.368042507910005,0.0,0.14197467032612154,0.0,False,True,False
main,deterministic,deterministic,2025-10-01,78,True,True,0,,,0.7,20.0,optimal,1.7298187000005782,1.7298194000004514,0.0,0,0,16337.051830671286,513.6495967946456,16850.70142746593,16403.507854366926,16917.157451161573,173812.3951779705,0.11492521447845361,53.570733103175975,0.0,0.17618585722326174,0.0,False,True,False
main,deterministic,deterministic,2025-10-01,79,True,True,0,,,0.7,20.0,optimal,1.7298187000005782,1.7298194000004514,0.0,0,0,16337.051830671286,513.6495967946456,16850.70142746593,16439.653133750227,16953.302730544874,174090.81256798995,0.06837056820244847,48.37184749744554,0.0,0.22415611341035802,0.0,False,True,False
main,deterministic,deterministic,2025-10-01,80,True,True,0,,,0.7,20.0,optimal,1.7298187000005782,1.7298194000004514,0.0,0,0,16337.051830671286,513.6495967946456,16850.70142746593,16446.296734871656,16959.946331666302,173913.0487838285,0.0,51.37147373312646,0.0,0.10166850663785132,0.0,False,True,False
main,deterministic,deterministic,2025-10-01,81,True,True,0,,,0.7,20.0,optimal,1.7298187000005782,1.7298194000004514,0.0,0,0,16337.051830671286,513.6495967946456,16850.70142746593,16383.395740439284,16897.04533723393,173518.7897330319,0.19390239199288306,60.498107724134556,0.0,0.06969117914602352,0.0,False,True,False
main,deterministic,deterministic,2025-10-01,82,True,True,0,,,0.7,20.0,optimal,1.7298187000005782,1.7298194000004514,0.0,0,0,16337.051830671286,513.6495967946456,16850.70142746593,16430.879198221253,16944.5287950159,173956.7228462611,0.0,44.71212874425596,0.0,0.2085954176791145,0.0,False,True,False
main,deterministic,deterministic,2025-10-01,83,True,True,0,,,0.7,20.0,optimal,1.7298187000005782,1.7298194000004514,0.0,0,0,16337.051830671286,513.6495967946456,16850.70142746593,16485.214134674043,16998.86373146869,173578.86403864648,0.11392646466578804,47.966766087407294,0.0,0.09099586857458264,0.0,False,True,False
main,deterministic,deterministic,2025-10-01,84,True,True,0,,,0.7,20.0,optimal,1.7298187000005782,1.7298194000004514,0.0,0,0,16337.051830671286,513.6495967946456,16850.70142746593,16443.78491972602,16957.434516520665,173778.39152992883,0.09466111008389522,46.49497545749787,0.0,0.16601713320344835,0.0,False,True,False
main,deterministic,deterministic,2025-10-01,85,True,True,0,,,0.7,20.0,optimal,1.7298187000005782,1.7298194000004514,0.0,0,0,16337.051830671286,513.6495967946456,16850.70142746593,16498.16654715556,17011.816143950207,173819.2667966763,0.0,59.944930005723286,0.0,0.19921087179278563,0.0,False,True,False
main,deterministic,deterministic,2025-10-01,86,True,True,0,,,0.7,20.0,optimal,1.7298187000005782,1.7298194000004514,0.0,0,0,16337.051830671286,513.6495967946456,16850.70142746593,16459.199588699157,16972.849185493804,173975.31874005968,0.0,47.398664563246335,0.0,0.1104095802463938,0.0,False,True,False
main,deterministic,deterministic,2025-10-01,87,True,True,0,,,0.7,20.0,optimal,1.7298187000005782,1.7298194000004514,0.0,0,0,16337.051830671286,513.6495967946456,16850.70142746593,16416.984445921487,16930.634042716134,173211.38625799093,0.08912355313127107,50.43205907283908,0.0,0.17618585722326174,0.0,False,True,False
main,deterministic,deterministic,2025-10-01,88,True,True,0,,,0.7,20.0,optimal,1.7298187000005782,1.7298194000004514,0.0,0,0,16337.051830671286,513.6495967946456,16850.70142746593,16439.791248850604,16953.44084564525,173748.54869835626,0.051957097831694776,57.89431895736533,0.0,0.12331312095124791,0.0,False,True,False
main,deterministic,deterministic,2025-10-01,89,True,True,0,,,0.7,20.0,optimal,1.7298187000005782,1.7298194000004514,0.0,0,0,16337.051830671286,513.6495967946456,16850.70142746593,16426.49279438027,16940.142391174915,173451.41903806102,0.0,52.18871531441519,0.0,0.07486328083063265,0.0,False,True,False
main,deterministic,deterministic,2025-10-01,90,True,True,0,,,0.7,20.0,optimal,1.7298187000005782,1.7298194000004514,0.0,0,0,16337.051830671286,513.6495967946456,16850.70142746593,16420.58953276532,16934.239129559966,173516.52181965194,0.08912355445679743,55.8223734271331,0.0,0.1301866743735698,0.0,False,True,False
main,deterministic,deterministic,2025-10-01,91,True,True,0,,,0.7,20.0,optimal,1.7298187000005782,1.7298194000004514,0.0,0,0,16337.051830671286,513.6495967946456,16850.70142746593,16430.9297011667,16944.579297961347,173932.518316481,0.18139360076180044,50.84097978095117,0.0,0.20155191680239892,0.0,False,True,False
main,deterministic,deterministic,2025-10-01,92,True,True,0,,,0.7,20.0,optimal,1.7298187000005782,1.7298194000004514,0.0,0,0,16337.051830671286,513.6495967946456,16850.70142746593,16412.70183373869,16926.351430533337,173832.7533917772,0.0,41.46832992436016,0.0,0.168555695819105,0.0,False,True,False
main,deterministic,deterministic,2025-10-01,93,True,True,0,,,0.7,20.0,optimal,1.7298187000005782,1.7298194000004514,0.0,0,0,16337.051830671286,513.6495967946456,16850.70142746593,16394.01936141915,16907.668958213795,173781.94852028802,0.0,56.63228426226005,0.0,0.13760578132927148,0.0,False,True,False
main,deterministic,deterministic,2025-10-01,94,True,True,0,,,0.7,20.0,optimal,1.7298187000005782,1.7298194000004514,0.0,0,0,16337.051830671286,513.6495967946456,16850.70142746593,16484.335445843473,16997.98504263812,173708.93257571422,0.0,47.40622948017401,0.0,0.22415611341035802,0.0,False,True,False
main,deterministic,deterministic,2025-10-01,95,True,True,0,,,0.7,20.0,optimal,1.7298187000005782,1.7298194000004514,0.0,0,0,16337.051830671286,513.6495967946456,16850.70142746593,16410.942012756965,16924.59160955161,174223.28737845938,0.0,55.088660332354436,0.0,0.17618585722326174,0.0,False,True,False
main,deterministic,deterministic,2025-10-01,96,True,True,0,,,0.7,20.0,optimal,1.7298187000005782,1.7298194000004514,0.0,0,0,16337.051830671286,513.6495967946456,16850.70142746593,16445.32016032517,16958.969757119816,173833.12328854942,0.0,48.64588473877323,0.0,0.0962571760755655,0.0,False,True,False
main,deterministic,deterministic,2025-10-01,97,True,True,0,,,0.7,20.0,optimal,1.7298187000005782,1.7298194000004514,0.0,0,0,16337.051830671286,513.6495967946456,16850.70142746593,16389.952159979744,16903.60175677439,173618.90671644366,0.0,52.39022391577832,0.0,0.17618585722326174,0.0,False,True,False
main,deterministic,deterministic,2025-10-01,98,True,True,0,,,0.7,20.0,optimal,1.7298187000005782,1.7298194000004514,0.0,0,0,16337.051830671286,513.6495967946456,16850.70142746593,16442.569097689953,16956.2186944846,173756.31223394413,0.0,44.253672892781864,0.0,0.06523058778802882,0.0,False,True,False
main,deterministic,deterministic,2025-10-01,99,True,True,0,,,0.7,20.0,optimal,1.7298187000005782,1.7298194000004514,0.0,0,0,16337.051830671286,513.6495967946456,16850.70142746593,16381.099359859916,16894.748956654563,173765.38723434988,0.22388760180070455,52.76326547726922,0.0,0.11060720232329357,0.0,False,True,False
