suite,configuration,method,window,workload_replay_id,energy_uncertainty,workload_uncertainty,sample_size,gamma,rho,effective_capacity_fraction,bess_degradation_cost_usd_per_mwh_throughput,solver_status,solve_wall_time_seconds,solver_runtime_seconds,mip_gap,decomposition_iterations,active_scenario_count,nominal_grid_cost_usd,nominal_bess_degradation_cost_usd,nominal_operating_cost_usd,actual_grid_cost_usd,actual_operating_cost_usd,actual_carbon_kg,actual_curtailment_mwh,batch_adjustment_mwh,workload_envelope_violation_mwh,grid_limit_violation_mw,ramp_violation_mw,workload_violation,grid_limit_violation,ramp_violation
main,deterministic,deterministic,2025-01-01,0,True,True,0,,,0.7,20.0,optimal,1.7679275999980746,1.7679298000002746,0.0,0,0,15816.79359371753,131.07404617416017,15947.86763989169,14895.769494767415,15026.843540941576,170110.34085939737,0.9971922136403419,53.58288762224841,0.0,0.0,0.0,False,False,False
main,deterministic,deterministic,2025-01-01,1,True,True,0,,,0.7,20.0,optimal,1.7679275999980746,1.7679298000002746,0.0,0,0,15816.79359371753,131.07404617416017,15947.86763989169,15900.577001340627,16031.651047514788,190468.6574379661,0.07005252601003559,60.722582836302784,0.0,0.0,0.0,False,False,False
main,deterministic,deterministic,2025-01-01,2,True,True,0,,,0.7,20.0,optimal,1.7679275999980746,1.7679298000002746,0.0,0,0,15816.79359371753,131.07404617416017,15947.86763989169,15564.65790871706,15695.73195489122,180931.1507243393,0.06508402565589169,51.204356497404426,0.0,0.0,0.0,False,False,False
main,deterministic,deterministic,2025-01-01,3,True,True,0,,,0.7,20.0,optimal,1.7679275999980746,1.7679298000002746,0.0,0,0,15816.79359371753,131.07404617416017,15947.86763989169,15789.186025526396,15920.260071700557,189757.0725799676,0.0,54.550768637222326,0.0,0.0,0.0,False,False,False
main,deterministic,deterministic,2025-01-01,4,True,True,0,,,0.7,20.0,optimal,1.7679275999980746,1.7679298000002746,0.0,0,0,15816.79359371753,131.07404617416017,15947.86763989169,15699.709718090682,15830.783764264843,185557.68958880112,0.046434158340092235,52.24606568079147,0.0,0.0,0.0,False,False,False
main,deterministic,deterministic,2025-01-01,5,True,True,0,,,0.7,20.0,optimal,1.7679275999980746,1.7679298000002746,0.0,0,0,15816.79359371753,131.07404617416017,15947.86763989169,16098.786645444583,16229.860691618744,201002.7654820382,0.0,57.404634693985585,0.0,0.0,0.0,False,False,False
main,deterministic,deterministic,2025-01-01,6,True,True,0,,,0.7,20.0,optimal,1.7679275999980746,1.7679298000002746,0.0,0,0,15816.79359371753,131.07404617416017,15947.86763989169,15994.906074516844,16125.980120691005,194303.98889593146,0.1669025334331577,47.88074153888966,0.0,0.0,0.0,False,False,False
main,deterministic,deterministic,2025-01-01,7,True,True,0,,,0.7,20.0,optimal,1.7679275999980746,1.7679298000002746,0.0,0,0,15816.79359371753,131.07404617416017,15947.86763989169,15365.43830385297,15496.512350027131,175852.29349320044,0.014421288189723575,53.98856057432416,0.0,0.0,0.0,False,False,False
main,deterministic,deterministic,2025-01-01,8,True,True,0,,,0.7,20.0,optimal,1.7679275999980746,1.7679298000002746,0.0,0,0,15816.79359371753,131.07404617416017,15947.86763989169,15888.775962999107,16019.850009173268,190207.0384627226,0.26951396088616186,53.9427954045044,0.0,0.0,0.0,False,False,False
main,deterministic,deterministic,2025-01-01,9,True,True,0,,,0.7,20.0,optimal,1.7679275999980746,1.7679298000002746,0.0,0,0,15816.79359371753,131.07404617416017,15947.86763989169,15896.51250136784,16027.586547542001,192638.1675722844,0.0,60.02335002616604,0.0,0.0,0.0,False,False,False
main,deterministic,deterministic,2025-01-01,10,True,True,0,,,0.7,20.0,optimal,1.7679275999980746,1.7679298000002746,0.0,0,0,15816.79359371753,131.07404617416017,15947.86763989169,15570.565300941205,15701.639347115366,183446.60422598844,0.34882191930922357,53.96991174980951,0.0,0.0,0.0,False,False,False
main,deterministic,deterministic,2025-01-01,11,True,True,0,,,0.7,20.0,optimal,1.7679275999980746,1.7679298000002746,0.0,0,0,15816.79359371753,131.07404617416017,15947.86763989169,15327.234048425335,15458.308094599495,183286.38108803157,0.0,47.42541550460495,0.0,0.0,0.0,False,False,False
main,deterministic,deterministic,2025-01-01,12,True,True,0,,,0.7,20.0,optimal,1.7679275999980746,1.7679298000002746,0.0,0,0,15816.79359371753,131.07404617416017,15947.86763989169,15921.389104966122,16052.463151140282,196134.8223063023,0.0,48.74374973324309,0.0,0.0,0.0,False,False,False
main,deterministic,deterministic,2025-01-01,13,True,True,0,,,0.7,20.0,optimal,1.7679275999980746,1.7679298000002746,0.0,0,0,15816.79359371753,131.07404617416017,15947.86763989169,16148.649936503873,16279.723982678033,198405.87914994053,0.33025705128287924,56.52518058976815,0.0,0.0,0.0,False,False,False
main,deterministic,deterministic,2025-01-01,14,True,True,0,,,0.7,20.0,optimal,1.7679275999980746,1.7679298000002746,0.0,0,0,15816.79359371753,131.07404617416017,15947.86763989169,15400.355103411788,15531.429149585949,178072.32280588287,0.1741004989523538,54.03050300234964,0.0,0.0,0.0,False,False,False
main,deterministic,deterministic,2025-01-01,15,True,True,0,,,0.7,20.0,optimal,1.7679275999980746,1.7679298000002746,0.0,0,0,15816.79359371753,131.07404617416017,15947.86763989169,15403.572026748763,15534.646072922924,174385.92411964663,0.04237586863579926,51.39539240068472,0.0,0.0,0.0,False,False,False
main,deterministic,deterministic,2025-01-01,16,True,True,0,,,0.7,20.0,optimal,1.7679275999980746,1.7679298000002746,0.0,0,0,15816.79359371753,131.07404617416017,15947.86763989169,15135.00686614071,15266.08091231487,170912.69652112696,0.019267546001791064,50.843741239377586,0.0,0.0,0.0,False,False,False
main,deterministic,deterministic,2025-01-01,17,True,True,0,,,0.7,20.0,optimal,1.7679275999980746,1.7679298000002746,0.0,0,0,15816.79359371753,131.07404617416017,15947.86763989169,15372.281442249794,15503.355488423955,177907.03439518853,0.07455303091855464,57.90252302976835,0.0,0.0,0.0,False,False,False
main,deterministic,deterministic,2025-01-01,18,True,True,0,,,0.7,20.0,optimal,1.7679275999980746,1.7679298000002746,0.0,0,0,15816.79359371753,131.07404617416017,15947.86763989169,15767.30245442633,15898.37650060049,190233.16682497133,0.0,58.28935988609416,0.0,0.0,0.0,False,False,False
main,deterministic,deterministic,2025-01-01,19,True,True,0,,,0.7,20.0,optimal,1.7679275999980746,1.7679298000002746,0.0,0,0,15816.79359371753,131.07404617416017,15947.86763989169,15615.594619480353,15746.668665654513,189424.16167965176,0.06418211099474425,56.672581257202246,0.0,0.0,0.0,False,False,False
main,deterministic,deterministic,2025-01-01,20,True,True,0,,,0.7,20.0,optimal,1.7679275999980746,1.7679298000002746,0.0,0,0,15816.79359371753,131.07404617416017,15947.86763989169,16164.09132347674,16295.1653696509,194078.35501902612,0.0,48.61750438555843,0.0,0.0,0.0,False,False,False
main,deterministic,deterministic,2025-01-01,21,True,True,0,,,0.7,20.0,optimal,1.7679275999980746,1.7679298000002746,0.0,0,0,15816.79359371753,131.07404617416017,15947.86763989169,15218.619116534486,15349.693162708647,174811.63481713974,0.12878825443569336,49.54608355235098,0.0,0.0,0.0,False,False,False
main,deterministic,deterministic,2025-01-01,22,True,True,0,,,0.7,20.0,optimal,1.7679275999980746,1.7679298000002746,0.0,0,0,15816.79359371753,131.07404617416017,15947.86763989169,15878.46715798309,16009.54120415725,190365.23472727876,0.023481095252383177,50.98164343854004,0.0,0.0,0.0,False,False,False
main,deterministic,deterministic,2025-01-01,23,True,True,0,,,0.7,20.0,optimal,1.7679275999980746,1.7679298000002746,0.0,0,0,15816.79359371753,131.07404617416017,15947.86763989169,15979.254172185048,16110.32821835921,190067.2852737409,0.0,54.27417991695109,0.0,0.0,0.0,False,False,False
main,deterministic,deterministic,2025-01-01,24,True,True,0,,,0.7,20.0,optimal,1.7679275999980746,1.7679298000002746,0.0,0,0,15816.79359371753,131.07404617416017,15947.86763989169,15371.665933955284,15502.739980129445,180414.3360834392,0.08887701349925195,52.80262634647682,0.0,0.0,0.0,False,False,False
main,deterministic,deterministic,2025-01-01,25,True,True,0,,,0.7,20.0,optimal,1.7679275999980746,1.7679298000002746,0.0,0,0,15816.79359371753,131.07404617416017,15947.86763989169,16874.706874000825,17005.780920174984,221293.77560091566,0.0,49.898432386910656,0.0,0.0,0.0,False,False,False
main,deterministic,deterministic,2025-01-01,26,True,True,0,,,0.7,20.0,optimal,1.7679275999980746,1.7679298000002746,0.0,0,0,15816.79359371753,131.07404617416017,15947.86763989169,15876.76274904961,16007.836795223771,186581.50731218493,0.2500882626824923,59.27334347105114,0.0,0.0,0.0,False,False,False
main,deterministic,deterministic,2025-01-01,27,True,True,0,,,0.7,20.0,optimal,1.7679275999980746,1.7679298000002746,0.0,0,0,15816.79359371753,131.07404617416017,15947.86763989169,14603.03794750159,14734.111993675751,169017.68487977688,0.37293612372748736,57.32814190401476,0.0,0.0,0.0,False,False,False
main,deterministic,deterministic,2025-01-01,28,True,True,0,,,0.7,20.0,optimal,1.7679275999980746,1.7679298000002746,0.0,0,0,15816.79359371753,131.07404617416017,15947.86763989169,15677.623521689475,15808.697567863635,185748.50968245685,0.0,46.02400922530354,0.0,0.0,0.0,False,False,False
main,deterministic,deterministic,2025-01-01,29,True,True,0,,,0.7,20.0,optimal,1.7679275999980746,1.7679298000002746,0.0,0,0,15816.79359371753,131.07404617416017,15947.86763989169,15937.537466726799,16068.61151290096,195886.16958436935,0.014120647328460495,43.2423887620145,0.0,0.0,0.0,False,False,False
main,deterministic,deterministic,2025-01-01,30,True,True,0,,,0.7,20.0,optimal,1.7679275999980746,1.7679298000002746,0.0,0,0,15816.79359371753,131.07404617416017,15947.86763989169,15055.158822592468,15186.232868766629,165188.5109158183,0.0,50.14824578411206,0.0,0.0,0.0,False,False,False
main,deterministic,deterministic,2025-01-01,31,True,True,0,,,0.7,20.0,optimal,1.7679275999980746,1.7679298000002746,0.0,0,0,15816.79359371753,131.07404617416017,15947.86763989169,15964.53080460857,16095.60485078273,202424.48415726764,0.22996047609737946,53.748457150200686,0.0,0.0,0.0,False,False,False
main,deterministic,deterministic,2025-01-01,32,True,True,0,,,0.7,20.0,optimal,1.7679275999980746,1.7679298000002746,0.0,0,0,15816.79359371753,131.07404617416017,15947.86763989169,15735.36826145712,15866.442307631281,184267.65761905714,0.0,53.205067096445894,0.0,0.0,0.0,False,False,False
main,deterministic,deterministic,2025-01-01,33,True,True,0,,,0.7,20.0,optimal,1.7679275999980746,1.7679298000002746,0.0,0,0,15816.79359371753,131.07404617416017,15947.86763989169,16962.03066811796,17093.10471429212,219917.96109738262,0.03017828456997204,62.7913192849817,0.0,0.0,0.0,False,False,False
main,deterministic,deterministic,2025-01-01,34,True,True,0,,,0.7,20.0,optimal,1.7679275999980746,1.7679298000002746,0.0,0,0,15816.79359371753,131.07404617416017,15947.86763989169,16176.053276137627,16307.127322311788,194198.8012579245,0.6327830013128244,54.50007742549488,0.0,0.0,0.0,False,False,False
main,deterministic,deterministic,2025-01-01,35,True,True,0,,,0.7,20.0,optimal,1.7679275999980746,1.7679298000002746,0.0,0,0,15816.79359371753,131.07404617416017,15947.86763989169,14962.190078871625,15093.264125045785,176400.00190562516,0.005046290860074132,58.57846682459279,0.0,0.0,0.0,False,False,False
main,deterministic,deterministic,2025-01-01,36,True,True,0,,,0.7,20.0,optimal,1.7679275999980746,1.7679298000002746,0.0,0,0,15816.79359371753,131.07404617416017,15947.86763989169,15256.06476987602,15387.138816050181,174591.1264483487,0.0,56.1421874257609,0.0,0.0,0.0,False,False,False
main,deterministic,deterministic,2025-01-01,37,True,True,0,,,0.7,20.0,optimal,1.7679275999980746,1.7679298000002746,0.0,0,0,15816.79359371753,131.07404617416017,15947.86763989169,15538.29105515626,15669.36510133042,183353.3319949036,0.0,48.11517798833192,0.0,0.0,0.0,False,False,False
main,deterministic,deterministic,2025-01-01,38,True,True,0,,,0.7,20.0,optimal,1.7679275999980746,1.7679298000002746,0.0,0,0,15816.79359371753,131.07404617416017,15947.86763989169,15499.25871352497,15630.332759699131,184896.12808292438,0.0,51.51565587445437,0.0,0.0,0.0,False,False,False
main,deterministic,deterministic,2025-01-01,39,True,True,0,,,0.7,20.0,optimal,1.7679275999980746,1.7679298000002746,0.0,0,0,15816.79359371753,131.07404617416017,15947.86763989169,15728.171103461105,15859.245149635266,195394.4626546127,0.041018807355241216,43.993371173693575,0.0,0.0,0.0,False,False,False
main,deterministic,deterministic,2025-01-01,40,True,True,0,,,0.7,20.0,optimal,1.7679275999980746,1.7679298000002746,0.0,0,0,15816.79359371753,131.07404617416017,15947.86763989169,16215.473066616858,16346.547112791019,196380.83072192493,0.0,49.20704487472719,0.0,0.0,0.0,False,False,False
main,deterministic,deterministic,2025-01-01,41,True,True,0,,,0.7,20.0,optimal,1.7679275999980746,1.7679298000002746,0.0,0,0,15816.79359371753,131.07404617416017,15947.86763989169,15666.892688826083,15797.966735000244,191250.5887014335,0.0,42.85197311830833,0.0,0.0,0.0,False,False,False
main,deterministic,deterministic,2025-01-01,42,True,True,0,,,0.7,20.0,optimal,1.7679275999980746,1.7679298000002746,0.0,0,0,15816.79359371753,131.07404617416017,15947.86763989169,16322.708399881374,16453.782446055535,192107.82086918954,0.0,56.66776730417641,0.0,0.0,0.0,False,False,False
main,deterministic,deterministic,2025-01-01,43,True,True,0,,,0.7,20.0,optimal,1.7679275999980746,1.7679298000002746,0.0,0,0,15816.79359371753,131.07404617416017,15947.86763989169,15120.663065686977,15251.737111861137,172304.3382274447,0.12045106197321889,54.53665702595709,0.0,0.0,0.0,False,False,False
main,deterministic,deterministic,2025-01-01,44,True,True,0,,,0.7,20.0,optimal,1.7679275999980746,1.7679298000002746,0.0,0,0,15816.79359371753,131.07404617416017,15947.86763989169,15314.213882594979,15445.28792876914,180066.93167174002,0.12543020027694157,53.60198916841072,0.0,0.0,0.0,False,False,False
main,deterministic,deterministic,2025-01-01,45,True,True,0,,,0.7,20.0,optimal,1.7679275999980746,1.7679298000002746,0.0,0,0,15816.79359371753,131.07404617416017,15947.86763989169,16389.047757724653,16520.12180389881,196795.4606675692,0.13264372346957587,58.25551547665522,0.0,0.0,0.0,False,False,False
main,deterministic,deterministic,2025-01-01,46,True,True,0,,,0.7,20.0,optimal,1.7679275999980746,1.7679298000002746,0.0,0,0,15816.79359371753,131.07404617416017,15947.86763989169,15852.537215091554,15983.611261265714,188932.3579631155,0.13519675830850642,53.8818458200166,0.0,0.0,0.0,False,False,False
main,deterministic,deterministic,2025-01-01,47,True,True,0,,,0.7,20.0,optimal,1.7679275999980746,1.7679298000002746,0.0,0,0,15816.79359371753,131.07404617416017,15947.86763989169,15794.258975028142,15925.333021202303,195830.90660104068,0.17629216637134348,54.05185361543556,0.0,0.0,0.0,False,False,False
main,deterministic,deterministic,2025-01-01,48,True,True,0,,,0.7,20.0,optimal,1.7679275999980746,1.7679298000002746,0.0,0,0,15816.79359371753,131.07404617416017,15947.86763989169,16151.260494658185,16282.334540832346,206778.68232891557,0.0,52.661271992690736,0.0,0.0,0.0,False,False,False
main,deterministic,deterministic,2025-01-01,49,True,True,0,,,0.7,20.0,optimal,1.7679275999980746,1.7679298000002746,0.0,0,0,15816.79359371753,131.07404617416017,15947.86763989169,16073.998425509059,16205.07247168322,200974.2706280563,0.04766405042646901,53.314719123789125,0.0,0.0,0.0,False,False,False
main,deterministic,deterministic,2025-01-01,50,True,True,0,,,0.7,20.0,optimal,1.7679275999980746,1.7679298000002746,0.0,0,0,15816.79359371753,131.07404617416017,15947.86763989169,15705.11602027199,15836.19006644615,188871.21972519023,0.0,57.79997964006757,0.0,0.0,0.0,False,False,False
main,deterministic,deterministic,2025-01-01,51,True,True,0,,,0.7,20.0,optimal,1.7679275999980746,1.7679298000002746,0.0,0,0,15816.79359371753,131.07404617416017,15947.86763989169,15648.136651489069,15779.21069766323,179842.7443593416,0.0,54.161589482407116,0.0,0.0,0.0,False,False,False
main,deterministic,deterministic,2025-01-01,52,True,True,0,,,0.7,20.0,optimal,1.7679275999980746,1.7679298000002746,0.0,0,0,15816.79359371753,131.07404617416017,15947.86763989169,16299.45122543092,16430.525271605078,201664.3287390226,0.6960068749148773,59.56950610506421,0.0,0.0,0.0,False,False,False
main,deterministic,deterministic,2025-01-01,53,True,True,0,,,0.7,20.0,optimal,1.7679275999980746,1.7679298000002746,0.0,0,0,15816.79359371753,131.07404617416017,15947.86763989169,15491.536802628976,15622.610848803137,183207.83491640002,0.0,48.810658022343254,0.0,0.0,0.0,False,False,False
main,deterministic,deterministic,2025-01-01,54,True,True,0,,,0.7,20.0,optimal,1.7679275999980746,1.7679298000002746,0.0,0,0,15816.79359371753,131.07404617416017,15947.86763989169,16052.494688687475,16183.568734861636,201263.8680215271,0.0,49.34342255875917,0.0,0.0,0.0,False,False,False
main,deterministic,deterministic,2025-01-01,55,True,True,0,,,0.7,20.0,optimal,1.7679275999980746,1.7679298000002746,0.0,0,0,15816.79359371753,131.07404617416017,15947.86763989169,15699.120894024227,15830.194940198387,185459.68559773348,0.09159243594283062,57.42550638656256,0.0,0.0,0.0,False,False,False
main,deterministic,deterministic,2025-01-01,56,True,True,0,,,0.7,20.0,optimal,1.7679275999980746,1.7679298000002746,0.0,0,0,15816.79359371753,131.07404617416017,15947.86763989169,16000.654741124237,16131.728787298398,192599.7025293852,0.0,43.62310749611596,0.0,0.0,0.0,False,False,False
main,deterministic,deterministic,2025-01-01,57,True,True,0,,,0.7,20.0,optimal,1.7679275999980746,1.7679298000002746,0.0,0,0,15816.79359371753,131.07404617416017,15947.86763989169,15686.675829051926,15817.749875226087,184869.40405155063,0.0,54.18235946158055,0.0,0.0,0.0,False,False,False
main,deterministic,deterministic,2025-01-01,58,True,True,0,,,0.7,20.0,optimal,1.7679275999980746,1.7679298000002746,0.0,0,0,15816.79359371753,131.07404617416017,15947.86763989169,16293.194460586936,16424.268506761095,205915.71508702738,0.04270817436022156,59.47788942449702,0.0,0.0,0.0,False,False,False
main,deterministic,deterministic,2025-01-01,59,True,True,0,,,0.7,20.0,optimal,1.7679275999980746,1.7679298000002746,0.0,0,0,15816.79359371753,131.07404617416017,15947.86763989169,16370.442529876285,16501.516576050446,206804.38048780663,0.2605820735147464,56.78421487041234,0.0,0.0,0.0,False,False,False
main,deterministic,deterministic,2025-01-01,60,True,True,0,,,0.7,20.0,optimal,1.7679275999980746,1.7679298000002746,0.0,0,0,15816.79359371753,131.07404617416017,15947.86763989169,15772.08710491586,15903.16115109002,194521.33598518383,0.3136507688966105,53.30154856475415,0.0,0.0,0.0,False,False,False
main,deterministic,deterministic,2025-01-01,61,True,True,0,,,0.7,20.0,optimal,1.7679275999980746,1.7679298000002746,0.0,0,0,15816.79359371753,131.07404617416017,15947.86763989169,15650.329753503906,15781.403799678066,190474.5934417679,0.015208480265547691,44.72640393495506,0.0,0.0,0.0,False,False,False
main,deterministic,deterministic,2025-01-01,62,True,True,0,,,0.7,20.0,optimal,1.7679275999980746,1.7679298000002746,0.0,0,0,15816.79359371753,131.07404617416017,15947.86763989169,15094.42968490618,15225.50373108034,175707.06603814889,0.016353085992309113,57.877251358406106,0.0,0.0,0.0,False,False,False
main,deterministic,deterministic,2025-01-01,63,True,True,0,,,0.7,20.0,optimal,1.7679275999980746,1.7679298000002746,0.0,0,0,15816.79359371753,131.07404617416017,15947.86763989169,15762.454569879716,15893.528616053876,184976.58191892158,0.013441587619446388,58.14597226914586,0.0,0.0,0.0,False,False,False
main,deterministic,deterministic,2025-01-01,64,True,True,0,,,0.7,20.0,optimal,1.7679275999980746,1.7679298000002746,0.0,0,0,15816.79359371753,131.07404617416017,15947.86763989169,15470.041829113587,15601.115875287747,173845.22341275885,0.02486143135105401,52.294303070103894,0.0,0.0,0.0,False,False,False
main,deterministic,deterministic,2025-01-01,65,True,True,0,,,0.7,20.0,optimal,1.7679275999980746,1.7679298000002746,0.0,0,0,15816.79359371753,131.07404617416017,15947.86763989169,15962.66908951263,16093.743135686791,189734.55428680076,0.014960749830475795,57.03913469404279,0.0,0.0,0.0,False,False,False
main,deterministic,deterministic,2025-01-01,66,True,True,0,,,0.7,20.0,optimal,1.7679275999980746,1.7679298000002746,0.0,0,0,15816.79359371753,131.07404617416017,15947.86763989169,15868.048026122851,15999.122072297012,193252.2520096318,0.0,60.43801314280905,0.0,0.0,0.0,False,False,False
main,deterministic,deterministic,2025-01-01,67,True,True,0,,,0.7,20.0,optimal,1.7679275999980746,1.7679298000002746,0.0,0,0,15816.79359371753,131.07404617416017,15947.86763989169,15174.468733330494,15305.542779504654,169673.55561508387,0.0,52.59427253167646,0.0,0.0,0.0,False,False,False
main,deterministic,deterministic,2025-01-01,68,True,True,0,,,0.7,20.0,optimal,1.7679275999980746,1.7679298000002746,0.0,0,0,15816.79359371753,131.07404617416017,15947.86763989169,16928.184585093077,17059.258631267236,214181.65967931307,0.0,56.17884521871558,0.0,0.0,0.0,False,False,False
main,deterministic,deterministic,2025-01-01,69,True,True,0,,,0.7,20.0,optimal,1.7679275999980746,1.7679298000002746,0.0,0,0,15816.79359371753,131.07404617416017,15947.86763989169,16215.257099778604,16346.331145952765,207998.68930797177,0.0,53.93404211711895,0.0,0.0,0.0,False,False,False
main,deterministic,deterministic,2025-01-01,70,True,True,0,,,0.7,20.0,optimal,1.7679275999980746,1.7679298000002746,0.0,0,0,15816.79359371753,131.07404617416017,15947.86763989169,16031.225635290222,16162.299681464383,201965.31789186367,0.03310495217118614,57.15590800872654,0.0,0.0,0.0,False,False,False
main,deterministic,deterministic,2025-01-01,71,True,True,0,,,0.7,20.0,optimal,1.7679275999980746,1.7679298000002746,0.0,0,0,15816.79359371753,131.07404617416017,15947.86763989169,15721.78703548608,15852.861081660241,182145.80244519995,0.0,58.15085313869517,0.0,0.0,0.0,False,False,False
main,deterministic,deterministic,2025-01-01,72,True,True,0,,,0.7,20.0,optimal,1.7679275999980746,1.7679298000002746,0.0,0,0,15816.79359371753,131.07404617416017,15947.86763989169,15395.887297164845,15526.961343339006,181631.3366532297,0.0,61.12686233744042,0.0,0.0,0.0,False,False,False
main,deterministic,deterministic,2025-01-01,73,True,True,0,,,0.7,20.0,optimal,1.7679275999980746,1.7679298000002746,0.0,0,0,15816.79359371753,131.07404617416017,15947.86763989169,15504.67385017738,15635.74789635154,184182.8342697925,0.06992495744382249,52.04400473487069,0.0,0.0,0.0,False,False,False
main,deterministic,deterministic,2025-01-01,74,True,True,0,,,0.7,20.0,optimal,1.7679275999980746,1.7679298000002746,0.0,0,0,15816.79359371753,131.07404617416017,15947.86763989169,15287.929208974123,15419.003255148284,172809.46668572712,0.0,55.06013508754564,0.0,0.0,0.0,False,False,False
main,deterministic,deterministic,2025-01-01,75,True,True,0,,,0.7,20.0,optimal,1.7679275999980746,1.7679298000002746,0.0,0,0,15816.79359371753,131.07404617416017,15947.86763989169,15722.250828384533,15853.324874558693,190962.87192205316,0.16216435341361957,55.3835487749629,0.0,0.0,0.0,False,False,False
main,deterministic,deterministic,2025-01-01,76,True,True,0,,,0.7,20.0,optimal,1.7679275999980746,1.7679298000002746,0.0,0,0,15816.79359371753,131.07404617416017,15947.86763989169,15987.712910223143,16118.786956397304,210792.69749014569,0.0,54.80437888806042,0.0,0.0,0.0,False,False,False
main,deterministic,deterministic,2025-01-01,77,True,True,0,,,0.7,20.0,optimal,1.7679275999980746,1.7679298000002746,0.0,0,0,15816.79359371753,131.07404617416017,15947.86763989169,15349.516016980366,15480.590063154526,173047.43437676592,0.0,49.995038202513754,0.0,0.0,0.0,False,False,False
main,deterministic,deterministic,2025-01-01,78,True,True,0,,,0.7,20.0,optimal,1.7679275999980746,1.7679298000002746,0.0,0,0,15816.79359371753,131.07404617416017,15947.86763989169,15333.751232585248,15464.825278759408,178056.91365987732,0.0,53.28834663235694,0.0,0.0,0.0,False,False,False
main,deterministic,deterministic,2025-01-01,79,True,True,0,,,0.7,20.0,optimal,1.7679275999980746,1.7679298000002746,0.0,0,0,15816.79359371753,131.07404617416017,15947.86763989169,16341.18506733712,16472.259113511278,199974.0620708405,0.11159214686823693,50.27473659652526,0.0,0.0,0.0,False,False,False
main,deterministic,deterministic,2025-01-01,80,True,True,0,,,0.7,20.0,optimal,1.7679275999980746,1.7679298000002746,0.0,0,0,15816.79359371753,131.07404617416017,15947.86763989169,16112.140742027423,16243.214788201583,201108.93229578243,0.0,53.098296864155266,0.0,0.0,0.0,False,False,False
main,deterministic,deterministic,2025-01-01,81,True,True,0,,,0.7,20.0,optimal,1.7679275999980746,1.7679298000002746,0.0,0,0,15816.79359371753,131.07404617416017,15947.86763989169,15721.603955184393,15852.678001358554,185269.0525001417,0.10789171183824833,61.38088466751751,0.0,0.0,0.0,False,False,False
main,deterministic,deterministic,2025-01-01,82,True,True,0,,,0.7,20.0,optimal,1.7679275999980746,1.7679298000002746,0.0,0,0,15816.79359371753,131.07404617416017,15947.86763989169,15401.01974467109,15532.09379084525,183142.7878072207,0.05625791446856257,46.16040305974524,0.0,0.0,0.0,False,False,False
main,deterministic,deterministic,2025-01-01,83,True,True,0,,,0.7,20.0,optimal,1.7679275999980746,1.7679298000002746,0.0,0,0,15816.79359371753,131.07404617416017,15947.86763989169,16091.423241594088,16222.497287768248,203001.48476590085,0.024266128757682914,47.48205131438208,0.0,0.0,0.0,False,False,False
main,deterministic,deterministic,2025-01-01,84,True,True,0,,,0.7,20.0,optimal,1.7679275999980746,1.7679298000002746,0.0,0,0,15816.79359371753,131.07404617416017,15947.86763989169,15955.479795175086,16086.553841349247,203584.53728663406,0.09971609757000402,46.03445599127069,0.0,0.0,0.0,False,False,False
main,deterministic,deterministic,2025-01-01,85,True,True,0,,,0.7,20.0,optimal,1.7679275999980746,1.7679298000002746,0.0,0,0,15816.79359371753,131.07404617416017,15947.86763989169,15898.467686828104,16029.541733002265,192707.98716473623,0.023507387606342522,57.85423311668693,0.0,0.0,0.0,False,False,False
main,deterministic,deterministic,2025-01-01,86,True,True,0,,,0.7,20.0,optimal,1.7679275999980746,1.7679298000002746,0.0,0,0,15816.79359371753,131.07404617416017,15947.86763989169,16110.116996467015,16241.191042641176,195013.1632698561,0.060074803967624185,48.00447746052125,0.0,0.0,0.0,False,False,False
main,deterministic,deterministic,2025-01-01,87,True,True,0,,,0.7,20.0,optimal,1.7679275999980746,1.7679298000002746,0.0,0,0,15816.79359371753,131.07404617416017,15947.86763989169,15204.274628088016,15335.348674262177,171266.49439782306,0.1407615720829809,52.393944191047815,0.0,0.0,0.0,False,False,False
main,deterministic,deterministic,2025-01-01,88,True,True,0,,,0.7,20.0,optimal,1.7679275999980746,1.7679298000002746,0.0,0,0,15816.79359371753,131.07404617416017,15947.86763989169,15878.781066093674,16009.855112267835,172031.81419721062,0.8927169713263651,59.974950355741,0.0,0.0,0.0,False,False,False
main,deterministic,deterministic,2025-01-01,89,True,True,0,,,0.7,20.0,optimal,1.7679275999980746,1.7679298000002746,0.0,0,0,15816.79359371753,131.07404617416017,15947.86763989169,16228.095825949187,16359.169872123348,190090.73438411736,0.0,52.517076904401115,0.0,0.0,0.0,False,False,False
main,deterministic,deterministic,2025-01-01,90,True,True,0,,,0.7,20.0,optimal,1.7679275999980746,1.7679298000002746,0.0,0,0,15816.79359371753,131.07404617416017,15947.86763989169,15356.503074581278,15487.577120755439,184128.4942685648,0.1259261085617872,54.80526845503693,0.0,0.0,0.0,False,False,False
main,deterministic,deterministic,2025-01-01,91,True,True,0,,,0.7,20.0,optimal,1.7679275999980746,1.7679298000002746,0.0,0,0,15816.79359371753,131.07404617416017,15947.86763989169,14989.989965818517,15121.064011992677,163285.4769529618,0.0,54.02168094349111,0.0,0.0,0.0,False,False,False
main,deterministic,deterministic,2025-01-01,92,True,True,0,,,0.7,20.0,optimal,1.7679275999980746,1.7679298000002746,0.0,0,0,15816.79359371753,131.07404617416017,15947.86763989169,15841.21845327802,15972.29249945218,178269.12083222516,0.0,46.26787023249199,0.0,0.0,0.0,False,False,False
main,deterministic,deterministic,2025-01-01,93,True,True,0,,,0.7,20.0,optimal,1.7679275999980746,1.7679298000002746,0.0,0,0,15816.79359371753,131.07404617416017,15947.86763989169,15611.978031690252,15743.052077864413,190539.85099447778,0.45074505112562596,53.47664236661186,0.0,0.0,0.0,False,False,False
main,deterministic,deterministic,2025-01-01,94,True,True,0,,,0.7,20.0,optimal,1.7679275999980746,1.7679298000002746,0.0,0,0,15816.79359371753,131.07404617416017,15947.86763989169,15264.53968924822,15395.613735422381,181013.60883331,0.004967962238327378,49.73270396689743,0.0,0.0,0.0,False,False,False
main,deterministic,deterministic,2025-01-01,95,True,True,0,,,0.7,20.0,optimal,1.7679275999980746,1.7679298000002746,0.0,0,0,15816.79359371753,131.07404617416017,15947.86763989169,15032.208409848616,15163.282456022776,174688.30748211913,0.014410407046033552,54.308353662890106,0.0,0.0,0.0,False,False,False
main,deterministic,deterministic,2025-01-01,96,True,True,0,,,0.7,20.0,optimal,1.7679275999980746,1.7679298000002746,0.0,0,0,15816.79359371753,131.07404617416017,15947.86763989169,15587.576039088295,15718.650085262456,182202.34831666388,0.061944580777108765,51.25095376765536,0.0,0.0,0.0,False,False,False
main,deterministic,deterministic,2025-01-01,97,True,True,0,,,0.7,20.0,optimal,1.7679275999980746,1.7679298000002746,0.0,0,0,15816.79359371753,131.07404617416017,15947.86763989169,15613.109037487031,15744.183083661192,181121.92580513467,0.0,54.03206946534607,0.0,0.0,0.0,False,False,False
main,deterministic,deterministic,2025-01-01,98,True,True,0,,,0.7,20.0,optimal,1.7679275999980746,1.7679298000002746,0.0,0,0,15816.79359371753,131.07404617416017,15947.86763989169,15761.42513875045,15892.49918492461,182474.79515300266,0.08440686616203233,47.88695931032156,0.0,0.0,0.0,False,False,False
main,deterministic,deterministic,2025-01-01,99,True,True,0,,,0.7,20.0,optimal,1.7679275999980746,1.7679298000002746,0.0,0,0,15816.79359371753,131.07404617416017,15947.86763989169,15607.477003257849,15738.55104943201,179263.44587627015,0.0510528410826786,55.02352635920364,0.0,0.0,0.0,False,False,False
main,deterministic,deterministic,2025-04-01,0,True,True,0,,,0.7,20.0,optimal,1.763528600000427,1.763529899995774,0.0,0,0,15743.473578273497,405.9350293252563,16149.408607598752,14983.662945931113,15389.597975256369,120050.72637553334,0.0,56.36424587516685,0.0,0.0,0.0,False,False,False
main,deterministic,deterministic,2025-04-01,1,True,True,0,,,0.7,20.0,optimal,1.763528600000427,1.763529899995774,0.0,0,0,15743.473578273497,405.9350293252563,16149.408607598752,15951.86387835065,16357.798907675906,134812.93403471756,0.0,62.47825656188125,0.0,0.0,0.0,False,False,False
main,deterministic,deterministic,2025-04-01,2,True,True,0,,,0.7,20.0,optimal,1.763528600000427,1.763529899995774,0.0,0,0,15743.473578273497,405.9350293252563,16149.408607598752,15434.90356973612,15840.838599061375,128763.08398812287,0.0,52.8520264390972,0.0,0.0,0.0,False,False,False
main,deterministic,deterministic,2025-04-01,3,True,True,0,,,0.7,20.0,optimal,1.763528600000427,1.763529899995774,0.0,0,0,15743.473578273497,405.9350293252563,16149.408607598752,15974.769261170439,16380.704290495694,135756.3590865308,0.0,58.99351146339023,0.0,0.0,0.0,False,False,False
main,deterministic,deterministic,2025-04-01,4,True,True,0,,,0.7,20.0,optimal,1.763528600000427,1.763529899995774,0.0,0,0,15743.473578273497,405.9350293252563,16149.408607598752,15695.20011406594,16101.135143391195,133054.16269990336,0.0,54.211368303046655,0.0,0.0,0.0,False,False,False
main,deterministic,deterministic,2025-04-01,5,True,True,0,,,0.7,20.0,optimal,1.763528600000427,1.763529899995774,0.0,0,0,15743.473578273497,405.9350293252563,16149.408607598752,16187.4692667326,16593.404296057855,146202.68414524238,0.058189774054401955,58.754618170994675,0.0,0.0,0.0,False,False,False
main,deterministic,deterministic,2025-04-01,6,True,True,0,,,0.7,20.0,optimal,1.763528600000427,1.763529899995774,0.0,0,0,15743.473578273497,405.9350293252563,16149.408607598752,15952.454743710296,16358.389773035551,138995.6198888496,0.0,54.46966428315939,0.0,0.0,0.0,False,False,False
main,deterministic,deterministic,2025-04-01,7,True,True,0,,,0.7,20.0,optimal,1.763528600000427,1.763529899995774,0.0,0,0,15743.473578273497,405.9350293252563,16149.408607598752,15422.403464624298,15828.338493949554,124565.47845362441,0.026470316829736107,53.88147430259782,0.0,0.0,0.0,False,False,False
main,deterministic,deterministic,2025-04-01,8,True,True,0,,,0.7,20.0,optimal,1.763528600000427,1.763529899995774,0.0,0,0,15743.473578273497,405.9350293252563,16149.408607598752,16071.6367928867,16477.571822211958,137573.72810090068,0.11133584224086301,56.58315770304943,0.0,0.0,0.0,False,False,False
main,deterministic,deterministic,2025-04-01,9,True,True,0,,,0.7,20.0,optimal,1.763528600000427,1.763529899995774,0.0,0,0,15743.473578273497,405.9350293252563,16149.408607598752,16200.703010543144,16606.6380398684,138013.62351416756,0.15644467533225348,59.64255040044221,0.0,0.0,0.0,False,False,False
main,deterministic,deterministic,2025-04-01,10,True,True,0,,,0.7,20.0,optimal,1.763528600000427,1.763529899995774,0.0,0,0,15743.473578273497,405.9350293252563,16149.408607598752,15702.985819047291,16108.920848372547,129815.37128257501,0.0,54.2452168456512,0.0,0.0,0.0,False,False,False
main,deterministic,deterministic,2025-04-01,11,True,True,0,,,0.7,20.0,optimal,1.763528600000427,1.763529899995774,0.0,0,0,15743.473578273497,405.9350293252563,16149.408607598752,15472.22248935791,15878.157518683165,129172.15200088246,0.0,112.9759032767247,0.0,0.0,0.7500845791143931,False,False,True
main,deterministic,deterministic,2025-04-01,12,True,True,0,,,0.7,20.0,optimal,1.763528600000427,1.763529899995774,0.0,0,0,15743.473578273497,405.9350293252563,16149.408607598752,15750.650504167821,16156.585533493077,142049.42331265175,0.0,49.863318099164516,0.0,0.0,0.0,False,False,False
main,deterministic,deterministic,2025-04-01,13,True,True,0,,,0.7,20.0,optimal,1.763528600000427,1.763529899995774,0.0,0,0,15743.473578273497,405.9350293252563,16149.408607598752,16214.112275495985,16620.04730482124,142362.92107022833,0.1357254997045519,57.04273347116119,0.0,0.0,0.0,False,False,False
main,deterministic,deterministic,2025-04-01,14,True,True,0,,,0.7,20.0,optimal,1.763528600000427,1.763529899995774,0.0,0,0,15743.473578273497,405.9350293252563,16149.408607598752,15360.006792382621,15765.941821707876,125680.2137363274,0.0,55.684158321305446,0.0,0.0,0.0,False,False,False
main,deterministic,deterministic,2025-04-01,15,True,True,0,,,0.7,20.0,optimal,1.763528600000427,1.763529899995774,0.0,0,0,15743.473578273497,405.9350293252563,16149.408607598752,15202.8648225144,15608.799851839656,123396.26155385513,0.0,51.697046777340105,0.0,0.0,0.0,False,False,False
main,deterministic,deterministic,2025-04-01,16,True,True,0,,,0.7,20.0,optimal,1.763528600000427,1.763529899995774,0.0,0,0,15743.473578273497,405.9350293252563,16149.408607598752,15095.36092150765,15501.295950832906,119538.58992674742,0.0,53.3700049371362,0.0,0.0,0.0,False,False,False
main,deterministic,deterministic,2025-04-01,17,True,True,0,,,0.7,20.0,optimal,1.763528600000427,1.763529899995774,0.0,0,0,15743.473578273497,405.9350293252563,16149.408607598752,15572.553916063844,15978.4889453891,126488.33477465999,0.05657024896182189,63.614192847039625,0.0,0.0,0.0,False,False,False
main,deterministic,deterministic,2025-04-01,18,True,True,0,,,0.7,20.0,optimal,1.763528600000427,1.763529899995774,0.0,0,0,15743.473578273497,405.9350293252563,16149.408607598752,16141.625015654556,16547.56004497981,135521.3778124364,0.012273267154996326,58.9048925197193,0.0,0.0,0.0,False,False,False
main,deterministic,deterministic,2025-04-01,19,True,True,0,,,0.7,20.0,optimal,1.763528600000427,1.763529899995774,0.0,0,0,15743.473578273497,405.9350293252563,16149.408607598752,15657.210990390335,16063.14601971559,136095.87260177228,0.0,55.197235267895195,0.0,0.0,0.0,False,False,False
main,deterministic,deterministic,2025-04-01,20,True,True,0,,,0.7,20.0,optimal,1.763528600000427,1.763529899995774,0.0,0,0,15743.473578273497,405.9350293252563,16149.408607598752,16048.451990374577,16454.387019699832,139548.07148467572,0.0,50.07007150134874,0.0,0.0,0.0,False,False,False
main,deterministic,deterministic,2025-04-01,21,True,True,0,,,0.7,20.0,optimal,1.763528600000427,1.763529899995774,0.0,0,0,15743.473578273497,405.9350293252563,16149.408607598752,15654.355284212821,16060.290313538077,123500.84786282404,0.010814529979719743,53.98081914844731,0.0,0.0,0.0,False,False,False
main,deterministic,deterministic,2025-04-01,22,True,True,0,,,0.7,20.0,optimal,1.763528600000427,1.763529899995774,0.0,0,0,15743.473578273497,405.9350293252563,16149.408607598752,15881.303719900721,16287.238749225977,136045.4662381488,0.0,56.02247908432781,0.0,0.0,0.0,False,False,False
main,deterministic,deterministic,2025-04-01,23,True,True,0,,,0.7,20.0,optimal,1.763528600000427,1.763529899995774,0.0,0,0,15743.473578273497,405.9350293252563,16149.408607598752,15688.893742606506,16094.828771931761,135116.0537155668,0.0,121.2641030713533,0.0,0.0,0.8355149215892947,False,False,True
main,deterministic,deterministic,2025-04-01,24,True,True,0,,,0.7,20.0,optimal,1.763528600000427,1.763529899995774,0.0,0,0,15743.473578273497,405.9350293252563,16149.408607598752,15338.287514789941,15744.222544115197,128043.95351391545,0.1796690956859781,61.46202118440025,0.0,0.0,0.0,False,False,False
main,deterministic,deterministic,2025-04-01,25,True,True,0,,,0.7,20.0,optimal,1.763528600000427,1.763529899995774,0.0,0,0,15743.473578273497,405.9350293252563,16149.408607598752,17197.369467045944,17603.304496371202,163426.1085945446,0.0,51.30377921100562,0.0,0.0,0.0,False,False,False
main,deterministic,deterministic,2025-04-01,26,True,True,0,,,0.7,20.0,optimal,1.763528600000427,1.763529899995774,0.0,0,0,15743.473578273497,405.9350293252563,16149.408607598752,15655.69476793029,16061.629797255546,133814.81207216583,0.024934842992403172,62.85360270439685,0.0,0.0,0.0,False,False,False
main,deterministic,deterministic,2025-04-01,27,True,True,0,,,0.7,20.0,optimal,1.763528600000427,1.763529899995774,0.0,0,0,15743.473578273497,405.9350293252563,16149.408607598752,15120.341292164821,15526.276321490077,118994.33429839902,0.005029760813850648,59.311952781499265,0.0,0.0,0.0,False,False,False
main,deterministic,deterministic,2025-04-01,28,True,True,0,,,0.7,20.0,optimal,1.763528600000427,1.763529899995774,0.0,0,0,15743.473578273497,405.9350293252563,16149.408607598752,15832.336932645358,16238.271961970613,132461.3957136978,0.0,51.0808973090244,0.0,0.0,0.0,False,False,False
main,deterministic,deterministic,2025-04-01,29,True,True,0,,,0.7,20.0,optimal,1.763528600000427,1.763529899995774,0.0,0,0,15743.473578273497,405.9350293252563,16149.408607598752,16235.39001531849,16641.325044643745,141697.2221409577,0.0,46.65194063002397,0.0,0.0,0.0,False,False,False
main,deterministic,deterministic,2025-04-01,30,True,True,0,,,0.7,20.0,optimal,1.763528600000427,1.763529899995774,0.0,0,0,15743.473578273497,405.9350293252563,16149.408607598752,15032.597573270497,15438.532602595753,113710.94691478173,0.0,53.291675921080504,0.0,0.0,0.0,False,False,False
main,deterministic,deterministic,2025-04-01,31,True,True,0,,,0.7,20.0,optimal,1.763528600000427,1.763529899995774,0.0,0,0,15743.473578273497,405.9350293252563,16149.408607598752,16111.655608759038,16517.590638084293,147754.93254136367,0.0,51.774636921589,0.0,0.0,0.0,False,False,False
main,deterministic,deterministic,2025-04-01,32,True,True,0,,,0.7,20.0,optimal,1.763528600000427,1.763529899995774,0.0,0,0,15743.473578273497,405.9350293252563,16149.408607598752,15247.3694878891,15653.304517214356,131230.06057049378,0.0,52.706604492534495,0.0,0.0,0.0,False,False,False
main,deterministic,deterministic,2025-04-01,33,True,True,0,,,0.7,20.0,optimal,1.763528600000427,1.763529899995774,0.0,0,0,15743.473578273497,405.9350293252563,16149.408607598752,17065.46970190318,17471.40473122844,161882.5901939971,0.0,66.43753892450833,0.0,0.0,0.0,False,False,False
main,deterministic,deterministic,2025-04-01,34,True,True,0,,,0.7,20.0,optimal,1.763528600000427,1.763529899995774,0.0,0,0,15743.473578273497,405.9350293252563,16149.408607598752,16087.813780665807,16493.748809991062,138829.5298011282,0.01335212263685448,58.51296490131423,0.0,0.0,0.0,False,False,False
main,deterministic,deterministic,2025-04-01,35,True,True,0,,,0.7,20.0,optimal,1.763528600000427,1.763529899995774,0.0,0,0,15743.473578273497,405.9350293252563,16149.408607598752,15536.311939783622,15942.246969108877,124062.15544008366,0.0,59.91540307239353,0.0,0.0,0.0,False,False,False
main,deterministic,deterministic,2025-04-01,36,True,True,0,,,0.7,20.0,optimal,1.763528600000427,1.763529899995774,0.0,0,0,15743.473578273497,405.9350293252563,16149.408607598752,15192.003951365488,15597.938980690744,123389.73496929214,0.02631010168446113,64.50847847114413,0.0,0.0,0.0,False,False,False
main,deterministic,deterministic,2025-04-01,37,True,True,0,,,0.7,20.0,optimal,1.763528600000427,1.763529899995774,0.0,0,0,15743.473578273497,405.9350293252563,16149.408607598752,15374.47874317465,15780.413772499905,130898.26384522597,0.0,48.95622565259806,0.0,0.0,0.0,False,False,False
main,deterministic,deterministic,2025-04-01,38,True,True,0,,,0.7,20.0,optimal,1.763528600000427,1.763529899995774,0.0,0,0,15743.473578273497,405.9350293252563,16149.408607598752,15573.421295551887,15979.356324877142,131697.07759472154,0.0,54.4623379988281,0.0,0.0,0.0,False,False,False
main,deterministic,deterministic,2025-04-01,39,True,True,0,,,0.7,20.0,optimal,1.763528600000427,1.763529899995774,0.0,0,0,15743.473578273497,405.9350293252563,16149.408607598752,16000.40050226302,16406.335531588276,142089.6001828992,0.05103949416124531,51.56273677235186,0.0,0.0,0.0,False,False,False
main,deterministic,deterministic,2025-04-01,40,True,True,0,,,0.7,20.0,optimal,1.763528600000427,1.763529899995774,0.0,0,0,15743.473578273497,405.9350293252563,16149.408607598752,16029.092008122008,16435.027037447264,141436.22422468307,0.0,53.059163724231425,0.0,0.0,0.0,False,False,False
main,deterministic,deterministic,2025-04-01,41,True,True,0,,,0.7,20.0,optimal,1.763528600000427,1.763529899995774,0.0,0,0,15743.473578273497,405.9350293252563,16149.408607598752,16194.08752975227,16600.022559077526,137853.9318932165,0.0,48.07247982432038,0.0,0.0,0.0,False,False,False
main,deterministic,deterministic,2025-04-01,42,True,True,0,,,0.7,20.0,optimal,1.763528600000427,1.763529899995774,0.0,0,0,15743.473578273497,405.9350293252563,16149.408607598752,15735.969911538343,16141.904940863598,138031.44254969552,0.0,60.58464072697029,0.0,0.0,0.0,False,False,False
main,deterministic,deterministic,2025-04-01,43,True,True,0,,,0.7,20.0,optimal,1.763528600000427,1.763529899995774,0.0,0,0,15743.473578273497,405.9350293252563,16149.408607598752,15136.311099595481,15542.246128920737,120700.05050805058,0.0,55.84445285566854,0.0,0.0,0.0,False,False,False
main,deterministic,deterministic,2025-04-01,44,True,True,0,,,0.7,20.0,optimal,1.763528600000427,1.763529899995774,0.0,0,0,15743.473578273497,405.9350293252563,16149.408607598752,15637.945942598095,16043.88097192335,126455.18134345728,0.0,57.40024446639311,0.0,0.0,0.0,False,False,False
main,deterministic,deterministic,2025-04-01,45,True,True,0,,,0.7,20.0,optimal,1.763528600000427,1.763529899995774,0.0,0,0,15743.473578273497,405.9350293252563,16149.408607598752,16357.273211347228,16763.208240672484,142562.4748437394,0.04867204666626401,54.836934269822706,0.0,0.0,0.0,False,False,False
main,deterministic,deterministic,2025-04-01,46,True,True,0,,,0.7,20.0,optimal,1.763528600000427,1.763529899995774,0.0,0,0,15743.473578273497,405.9350293252563,16149.408607598752,15782.691186062784,16188.62621538804,134963.51978587746,0.04620544963639975,58.722874263616234,0.0,0.0,0.0,False,False,False
main,deterministic,deterministic,2025-04-01,47,True,True,0,,,0.7,20.0,optimal,1.763528600000427,1.763529899995774,0.0,0,0,15743.473578273497,405.9350293252563,16149.408607598752,15728.036464957422,16133.971494282678,142422.57904503105,0.0,116.60859693100105,0.0,0.0,0.910676380881267,False,False,True
main,deterministic,deterministic,2025-04-01,48,True,True,0,,,0.7,20.0,optimal,1.763528600000427,1.763529899995774,0.0,0,0,15743.473578273497,405.9350293252563,16149.408607598752,16604.53946304353,17010.474492368787,149920.57201734846,0.0,50.39306089417331,0.0,0.0,0.0,False,False,False
main,deterministic,deterministic,2025-04-01,49,True,True,0,,,0.7,20.0,optimal,1.763528600000427,1.763529899995774,0.0,0,0,15743.473578273497,405.9350293252563,16149.408607598752,16235.261838481774,16641.19686780703,146297.71387723967,0.04222814522561502,61.91027063021326,0.0,0.0,0.0,False,False,False
main,deterministic,deterministic,2025-04-01,50,True,True,0,,,0.7,20.0,optimal,1.763528600000427,1.763529899995774,0.0,0,0,15743.473578273497,405.9350293252563,16149.408607598752,15204.607446437176,15610.542475762431,135493.32654093846,0.0,117.75087257152116,0.0,0.0,0.8714830378098941,False,False,True
main,deterministic,deterministic,2025-04-01,51,True,True,0,,,0.7,20.0,optimal,1.763528600000427,1.763529899995774,0.0,0,0,15743.473578273497,405.9350293252563,16149.408607598752,15245.624450037465,15651.55947936272,126823.58390646767,0.0,54.0235372886654,0.0,0.0,0.0,False,False,False
main,deterministic,deterministic,2025-04-01,52,True,True,0,,,0.7,20.0,optimal,1.763528600000427,1.763529899995774,0.0,0,0,15743.473578273497,405.9350293252563,16149.408607598752,16126.10185180205,16532.036881127307,145193.36042473227,0.0,120.53379860951392,0.0,0.0,0.8541582540690265,False,False,True
main,deterministic,deterministic,2025-04-01,53,True,True,0,,,0.7,20.0,optimal,1.763528600000427,1.763529899995774,0.0,0,0,15743.473578273497,405.9350293252563,16149.408607598752,15742.499696348495,16148.434725673751,130745.52160603332,0.0,49.742526892290854,0.0,0.0,0.0,False,False,False
main,deterministic,deterministic,2025-04-01,54,True,True,0,,,0.7,20.0,optimal,1.763528600000427,1.763529899995774,0.0,0,0,15743.473578273497,405.9350293252563,16149.408607598752,16450.765284023124,16856.70031334838,144656.97690719363,0.0,51.74776608231633,0.0,0.0,0.0,False,False,False
main,deterministic,deterministic,2025-04-01,55,True,True,0,,,0.7,20.0,optimal,1.763528600000427,1.763529899995774,0.0,0,0,15743.473578273497,405.9350293252563,16149.408607598752,15660.505765303204,16066.44079462846,132375.20709465584,0.0,57.32480967191213,0.0,0.0,0.0,False,False,False
main,deterministic,deterministic,2025-04-01,56,True,True,0,,,0.7,20.0,optimal,1.763528600000427,1.763529899995774,0.0,0,0,15743.473578273497,405.9350293252563,16149.408607598752,15906.13567943586,16312.070708761115,137417.06467160227,0.0,43.98013384976112,0.0,0.0,0.0,False,False,False
main,deterministic,deterministic,2025-04-01,57,True,True,0,,,0.7,20.0,optimal,1.763528600000427,1.763529899995774,0.0,0,0,15743.473578273497,405.9350293252563,16149.408607598752,15354.928910032273,15760.863939357529,131647.88564513804,0.0,120.91720678775589,0.0,0.0,0.937781765576108,False,False,True
main,deterministic,deterministic,2025-04-01,58,True,True,0,,,0.7,20.0,optimal,1.763528600000427,1.763529899995774,0.0,0,0,15743.473578273497,405.9350293252563,16149.408607598752,16674.451153582497,17080.386182907754,150344.8505477224,0.005061807342557678,60.660418281808866,0.0,0.0,0.0,False,False,False
main,deterministic,deterministic,2025-04-01,59,True,True,0,,,0.7,20.0,optimal,1.763528600000427,1.763529899995774,0.0,0,0,15743.473578273497,405.9350293252563,16149.408607598752,16329.65662585918,16735.591655184435,150220.59552149274,0.0,117.6402049865704,0.0,0.0,0.8687789999219517,False,False,True
main,deterministic,deterministic,2025-04-01,60,True,True,0,,,0.7,20.0,optimal,1.763528600000427,1.763529899995774,0.0,0,0,15743.473578273497,405.9350293252563,16149.408607598752,15908.596774754482,16314.531804079737,140305.13954592298,0.12052465844553706,54.83576804060205,0.0,0.0,0.0,False,False,False
main,deterministic,deterministic,2025-04-01,61,True,True,0,,,0.7,20.0,optimal,1.763528600000427,1.763529899995774,0.0,0,0,15743.473578273497,405.9350293252563,16149.408607598752,15860.547422675225,16266.48245200048,137671.31566260674,0.0,47.667431626010405,0.0,0.0,0.0,False,False,False
main,deterministic,deterministic,2025-04-01,62,True,True,0,,,0.7,20.0,optimal,1.763528600000427,1.763529899995774,0.0,0,0,15743.473578273497,405.9350293252563,16149.408607598752,14978.403434592445,15384.3384639177,123489.44233034417,0.0,120.14408376154789,0.0,0.0,0.8839614202369679,False,False,True
main,deterministic,deterministic,2025-04-01,63,True,True,0,,,0.7,20.0,optimal,1.763528600000427,1.763529899995774,0.0,0,0,15743.473578273497,405.9350293252563,16149.408607598752,15875.378988563969,16281.314017889224,131008.33249956285,0.0,64.6890924105414,0.0,0.0,0.0,False,False,False
main,deterministic,deterministic,2025-04-01,64,True,True,0,,,0.7,20.0,optimal,1.763528600000427,1.763529899995774,0.0,0,0,15743.473578273497,405.9350293252563,16149.408607598752,15484.974602849981,15890.909632175237,122660.81206690334,0.12362503210061027,53.57584556434653,0.0,0.0,0.0,False,False,False
main,deterministic,deterministic,2025-04-01,65,True,True,0,,,0.7,20.0,optimal,1.763528600000427,1.763529899995774,0.0,0,0,15743.473578273497,405.9350293252563,16149.408607598752,16099.886482949923,16505.82151227518,134736.5996811133,0.01604558294144831,58.60503446755191,0.0,0.0,0.0,False,False,False
main,deterministic,deterministic,2025-04-01,66,True,True,0,,,0.7,20.0,optimal,1.763528600000427,1.763529899995774,0.0,0,0,15743.473578273497,405.9350293252563,16149.408607598752,16057.539319055777,16463.474348381034,139549.32483031825,0.0,61.79958180548469,0.0,0.0,0.0,False,False,False
main,deterministic,deterministic,2025-04-01,67,True,True,0,,,0.7,20.0,optimal,1.763528600000427,1.763529899995774,0.0,0,0,15743.473578273497,405.9350293252563,16149.408607598752,14883.449349745079,15289.384379070334,119757.41214341515,0.0,57.03727913602262,0.0,0.0,0.0,False,False,False
main,deterministic,deterministic,2025-04-01,68,True,True,0,,,0.7,20.0,optimal,1.763528600000427,1.763529899995774,0.0,0,0,15743.473578273497,405.9350293252563,16149.408607598752,16818.886857782203,17224.82188710746,157582.58770474928,0.0,58.44075442382113,0.0,0.0,0.0,False,False,False
main,deterministic,deterministic,2025-04-01,69,True,True,0,,,0.7,20.0,optimal,1.763528600000427,1.763529899995774,0.0,0,0,15743.473578273497,405.9350293252563,16149.408607598752,17069.241561440762,17475.17659076602,152503.27158733603,0.0,59.539091375365714,0.0,0.0,0.0,False,False,False
main,deterministic,deterministic,2025-04-01,70,True,True,0,,,0.7,20.0,optimal,1.763528600000427,1.763529899995774,0.0,0,0,15743.473578273497,405.9350293252563,16149.408607598752,15923.085230706853,16329.020260032108,145948.9605409401,0.0,120.33362858546005,0.0,0.0,0.8682171367282465,False,False,True
main,deterministic,deterministic,2025-04-01,71,True,True,0,,,0.7,20.0,optimal,1.763528600000427,1.763529899995774,0.0,0,0,15743.473578273497,405.9350293252563,16149.408607598752,15138.80654940718,15544.741578732435,129313.95538030584,0.11412007987511275,57.77224950753941,0.0,0.0,0.0,False,False,False
main,deterministic,deterministic,2025-04-01,72,True,True,0,,,0.7,20.0,optimal,1.763528600000427,1.763529899995774,0.0,0,0,15743.473578273497,405.9350293252563,16149.408607598752,15602.62261851793,16008.557647843185,129561.18123376973,0.03492450350325771,59.7086294406263,0.0,0.0,0.0,False,False,False
main,deterministic,deterministic,2025-04-01,73,True,True,0,,,0.7,20.0,optimal,1.763528600000427,1.763529899995774,0.0,0,0,15743.473578273497,405.9350293252563,16149.408607598752,15794.208421142244,16200.1434504675,130630.6315321609,0.0,55.26833315323626,0.0,0.0,0.0,False,False,False
main,deterministic,deterministic,2025-04-01,74,True,True,0,,,0.7,20.0,optimal,1.763528600000427,1.763529899995774,0.0,0,0,15743.473578273497,405.9350293252563,16149.408607598752,15471.737989328994,15877.67301865425,121530.04024786784,0.029684696563216928,57.13352040769854,0.0,0.0,0.0,False,False,False
main,deterministic,deterministic,2025-04-01,75,True,True,0,,,0.7,20.0,optimal,1.763528600000427,1.763529899995774,0.0,0,0,15743.473578273497,405.9350293252563,16149.408607598752,16013.436863188103,16419.371892513358,136311.10399854206,0.06694847287585137,51.546610774252436,0.0,0.0,0.0,False,False,False
main,deterministic,deterministic,2025-04-01,76,True,True,0,,,0.7,20.0,optimal,1.763528600000427,1.763529899995774,0.0,0,0,15743.473578273497,405.9350293252563,16149.408607598752,16536.38083540499,16942.315864730248,153426.83404490614,0.0,55.36803192228242,0.0,0.0,0.0,False,False,False
main,deterministic,deterministic,2025-04-01,77,True,True,0,,,0.7,20.0,optimal,1.763528600000427,1.763529899995774,0.0,0,0,15743.473578273497,405.9350293252563,16149.408607598752,15029.901933126004,15435.83696245126,121795.34764335238,0.08801392500201732,48.4990180928418,0.0,0.0,0.0,False,False,False
main,deterministic,deterministic,2025-04-01,78,True,True,0,,,0.7,20.0,optimal,1.763528600000427,1.763529899995774,0.0,0,0,15743.473578273497,405.9350293252563,16149.408607598752,15531.8035900745,15937.738619399755,126285.01593075483,0.02304632469922674,55.802706080810594,0.0,0.0,0.0,False,False,False
main,deterministic,deterministic,2025-04-01,79,True,True,0,,,0.7,20.0,optimal,1.763528600000427,1.763529899995774,0.0,0,0,15743.473578273497,405.9350293252563,16149.408607598752,16298.35237559111,16704.287404916366,145028.63668209416,0.0,51.75155203644763,0.0,0.0,0.0,False,False,False
main,deterministic,deterministic,2025-04-01,80,True,True,0,,,0.7,20.0,optimal,1.763528600000427,1.763529899995774,0.0,0,0,15743.473578273497,405.9350293252563,16149.408607598752,16418.894041065592,16824.82907039085,145842.85119474636,0.0,51.38750360589594,0.0,0.0,0.0,False,False,False
main,deterministic,deterministic,2025-04-01,81,True,True,0,,,0.7,20.0,optimal,1.763528600000427,1.763529899995774,0.0,0,0,15743.473578273497,405.9350293252563,16149.408607598752,15840.241254841978,16246.176284167233,131473.72103883667,0.0,59.42320531397587,0.0,0.0,0.0,False,False,False
main,deterministic,deterministic,2025-04-01,82,True,True,0,,,0.7,20.0,optimal,1.763528600000427,1.763529899995774,0.0,0,0,15743.473578273497,405.9350293252563,16149.408607598752,15451.562406078576,15857.497435403831,130460.37805459595,0.0,53.27552214392155,0.0,0.0,0.0,False,False,False
main,deterministic,deterministic,2025-04-01,83,True,True,0,,,0.7,20.0,optimal,1.763528600000427,1.763529899995774,0.0,0,0,15743.473578273497,405.9350293252563,16149.408607598752,16350.783219068677,16756.718248393932,149092.65208489416,0.0037886802305171496,47.1191550270478,0.0,0.0,0.0,False,False,False
main,deterministic,deterministic,2025-04-01,84,True,True,0,,,0.7,20.0,optimal,1.763528600000427,1.763529899995774,0.0,0,0,15743.473578273497,405.9350293252563,16149.408607598752,16449.1427488269,16855.077778152157,148374.6229866596,0.0,50.160924754796824,0.0,0.0,0.0,False,False,False
main,deterministic,deterministic,2025-04-01,85,True,True,0,,,0.7,20.0,optimal,1.763528600000427,1.763529899995774,0.0,0,0,15743.473578273497,405.9350293252563,16149.408607598752,16156.939064371973,16562.874093697228,137136.33312311675,0.002875448500814004,64.86506259328424,0.0,0.0,0.0,False,False,False
main,deterministic,deterministic,2025-04-01,86,True,True,0,,,0.7,20.0,optimal,1.763528600000427,1.763529899995774,0.0,0,0,15743.473578273497,405.9350293252563,16149.408607598752,16014.433490242896,16420.368519568154,138107.3644930318,0.0,48.56332435431936,0.0,0.0,0.0,False,False,False
main,deterministic,deterministic,2025-04-01,87,True,True,0,,,0.7,20.0,optimal,1.763528600000427,1.763529899995774,0.0,0,0,15743.473578273497,405.9350293252563,16149.408607598752,14900.715491655288,15306.650520980544,119041.21552329884,0.010917523244401713,55.27697119423295,0.0,0.0,0.0,False,False,False
main,deterministic,deterministic,2025-04-01,88,True,True,0,,,0.7,20.0,optimal,1.763528600000427,1.763529899995774,0.0,0,0,15743.473578273497,405.9350293252563,16149.408607598752,15335.260869664922,15741.195898990178,121289.84836962348,0.0,62.38841266268301,0.0,0.0,0.0,False,False,False
main,deterministic,deterministic,2025-04-01,89,True,True,0,,,0.7,20.0,optimal,1.763528600000427,1.763529899995774,0.0,0,0,15743.473578273497,405.9350293252563,16149.408607598752,16156.904891430262,16562.83992075552,136207.447662875,0.0,53.23608820955838,0.0,0.0,0.0,False,False,False
main,deterministic,deterministic,2025-04-01,90,True,True,0,,,0.7,20.0,optimal,1.763528600000427,1.763529899995774,0.0,0,0,15743.473578273497,405.9350293252563,16149.408607598752,15816.31509156993,16222.250120895185,131452.80632605334,0.32492890583473444,62.59046496623432,0.0,0.0,0.0,False,False,False
main,deterministic,deterministic,2025-04-01,91,True,True,0,,,0.7,20.0,optimal,1.763528600000427,1.763529899995774,0.0,0,0,15743.473578273497,405.9350293252563,16149.408607598752,14752.275998052859,15158.211027378115,113684.29033594162,0.0,121.00830097307512,0.0,0.0,0.881776742037814,False,False,True
main,deterministic,deterministic,2025-04-01,92,True,True,0,,,0.7,20.0,optimal,1.763528600000427,1.763529899995774,0.0,0,0,15743.473578273497,405.9350293252563,16149.408607598752,15417.823920196402,15823.758949521658,125060.92436432635,0.0,49.13685953078411,0.0,0.0,0.0,False,False,False
main,deterministic,deterministic,2025-04-01,93,True,True,0,,,0.7,20.0,optimal,1.763528600000427,1.763529899995774,0.0,0,0,15743.473578273497,405.9350293252563,16149.408607598752,15511.127436794397,15917.062466119653,135667.97974781637,0.0339299649006406,58.11659329259888,0.0,0.0,0.0,False,False,False
main,deterministic,deterministic,2025-04-01,94,True,True,0,,,0.7,20.0,optimal,1.763528600000427,1.763529899995774,0.0,0,0,15743.473578273497,405.9350293252563,16149.408607598752,15459.750520061612,15865.685549386868,127439.32879074599,0.007993498331539728,53.08873405705919,0.0,0.0,0.0,False,False,False
main,deterministic,deterministic,2025-04-01,95,True,True,0,,,0.7,20.0,optimal,1.763528600000427,1.763529899995774,0.0,0,0,15743.473578273497,405.9350293252563,16149.408607598752,15223.552937647908,15629.487966973164,124361.86562502806,0.0028754491594102927,57.159404016595495,0.0,0.0,0.0,False,False,False
main,deterministic,deterministic,2025-04-01,96,True,True,0,,,0.7,20.0,optimal,1.763528600000427,1.763529899995774,0.0,0,0,15743.473578273497,405.9350293252563,16149.408607598752,15273.977353212387,15679.912382537643,130659.89060491527,0.0,56.33555647474598,0.0,0.0,0.0,False,False,False
main,deterministic,deterministic,2025-04-01,97,True,True,0,,,0.7,20.0,optimal,1.763528600000427,1.763529899995774,0.0,0,0,15743.473578273497,405.9350293252563,16149.408607598752,15519.308094691643,15925.243124016899,128344.91819670082,0.0,57.716899356708986,0.0,0.0,0.0,False,False,False
main,deterministic,deterministic,2025-04-01,98,True,True,0,,,0.7,20.0,optimal,1.763528600000427,1.763529899995774,0.0,0,0,15743.473578273497,405.9350293252563,16149.408607598752,15625.869914338873,16031.804943664129,129244.70160282259,0.0,49.57224924036707,0.0,0.0,0.0,False,False,False
main,deterministic,deterministic,2025-04-01,99,True,True,0,,,0.7,20.0,optimal,1.763528600000427,1.763529899995774,0.0,0,0,15743.473578273497,405.9350293252563,16149.408607598752,15248.300572310916,15654.235601636172,125204.55361777777,0.0,59.35272018065623,0.0,0.0,0.0,False,False,False
main,deterministic,deterministic,2025-07-01,0,True,True,0,,,0.7,20.0,optimal,1.8296330999874044,1.8296350999880815,0.0,0,0,16068.261467179802,239.45994668708113,16307.721413866882,15085.702586481164,15325.162533168244,151595.02635464183,0.0,62.948221835554264,0.0,0.0,0.0,False,False,False
main,deterministic,deterministic,2025-07-01,1,True,True,0,,,0.7,20.0,optimal,1.8296330999874044,1.8296350999880815,0.0,0,0,16068.261467179802,239.45994668708113,16307.721413866882,16388.186492554993,16627.646439242075,168879.49848519167,0.1790623300726924,70.80694158728465,0.0,0.0,0.0,False,False,False
main,deterministic,deterministic,2025-07-01,2,True,True,0,,,0.7,20.0,optimal,1.8296330999874044,1.8296350999880815,0.0,0,0,16068.261467179802,239.45994668708113,16307.721413866882,15614.376171161935,15853.836117849016,161500.0794230602,0.10536642327269954,56.117875351495044,0.0,0.0,0.0,False,False,False
main,deterministic,deterministic,2025-07-01,3,True,True,0,,,0.7,20.0,optimal,1.8296330999874044,1.8296350999880815,0.0,0,0,16068.261467179802,239.45994668708113,16307.721413866882,16107.742790828735,16347.202737515816,169121.46204106437,0.0,63.594647638414855,0.0,0.0,0.0,False,False,False
main,deterministic,deterministic,2025-07-01,4,True,True,0,,,0.7,20.0,optimal,1.8296330999874044,1.8296350999880815,0.0,0,0,16068.261467179802,239.45994668708113,16307.721413866882,15798.054936592096,16037.514883279177,167346.33150501465,0.022140139735050024,56.93745545988745,0.0,0.0,0.0,False,False,False
main,deterministic,deterministic,2025-07-01,5,True,True,0,,,0.7,20.0,optimal,1.8296330999874044,1.8296350999880815,0.0,0,0,16068.261467179802,239.45994668708113,16307.721413866882,16317.299962089313,16556.759908776396,179982.28453827306,0.17072146147211414,62.750309580829004,0.0,0.0,0.0,False,False,False
main,deterministic,deterministic,2025-07-01,6,True,True,0,,,0.7,20.0,optimal,1.8296330999874044,1.8296350999880815,0.0,0,0,16068.261467179802,239.45994668708113,16307.721413866882,16677.872486675962,16917.332433363044,172800.7761128411,0.0,59.489980306198746,0.0,0.0,0.0,False,False,False
main,deterministic,deterministic,2025-07-01,7,True,True,0,,,0.7,20.0,optimal,1.8296330999874044,1.8296350999880815,0.0,0,0,16068.261467179802,239.45994668708113,16307.721413866882,15975.901389114635,16215.361335801716,156630.03857853793,0.002587909302516539,61.65036230848442,0.0,0.0,0.0,False,False,False
main,deterministic,deterministic,2025-07-01,8,True,True,0,,,0.7,20.0,optimal,1.8296330999874044,1.8296350999880815,0.0,0,0,16068.261467179802,239.45994668708113,16307.721413866882,16117.967533459516,16357.427480146596,170002.14041795844,0.1538516185893582,62.714059794851565,0.0,0.0,0.0,False,False,False
main,deterministic,deterministic,2025-07-01,9,True,True,0,,,0.7,20.0,optimal,1.8296330999874044,1.8296350999880815,0.0,0,0,16068.261467179802,239.45994668708113,16307.721413866882,16446.971852524854,16686.431799211936,173026.99459173417,0.9925555074936127,68.74689924766678,0.0,0.0,0.0,False,False,False
main,deterministic,deterministic,2025-07-01,10,True,True,0,,,0.7,20.0,optimal,1.8296330999874044,1.8296350999880815,0.0,0,0,16068.261467179802,239.45994668708113,16307.721413866882,15892.50286502042,16131.9628117075,163384.30809058005,0.0,61.54495229530944,0.0,0.0,0.0,False,False,False
main,deterministic,deterministic,2025-07-01,11,True,True,0,,,0.7,20.0,optimal,1.8296330999874044,1.8296350999880815,0.0,0,0,16068.261467179802,239.45994668708113,16307.721413866882,15986.916157610758,16226.376104297839,162698.6162533289,0.2239735662090268,59.000710808213256,0.0,0.0,0.0,False,False,False
main,deterministic,deterministic,2025-07-01,12,True,True,0,,,0.7,20.0,optimal,1.8296330999874044,1.8296350999880815,0.0,0,0,16068.261467179802,239.45994668708113,16307.721413866882,16365.525080378009,16604.98502706509,175956.97767798195,0.11433066195655828,55.9553592666376,0.0,0.0,0.0,False,False,False
main,deterministic,deterministic,2025-07-01,13,True,True,0,,,0.7,20.0,optimal,1.8296330999874044,1.8296350999880815,0.0,0,0,16068.261467179802,239.45994668708113,16307.721413866882,16667.909202645194,16907.369149332277,176804.60023479225,0.2358536347326881,63.31618794846728,0.0,0.0,0.0,False,False,False
main,deterministic,deterministic,2025-07-01,14,True,True,0,,,0.7,20.0,optimal,1.8296330999874044,1.8296350999880815,0.0,0,0,16068.261467179802,239.45994668708113,16307.721413866882,15704.897352526645,15944.357299213725,159022.34191546033,0.5451992217475344,59.464831971465706,0.0,0.0,0.0,False,False,False
main,deterministic,deterministic,2025-07-01,15,True,True,0,,,0.7,20.0,optimal,1.8296330999874044,1.8296350999880815,0.0,0,0,16068.261467179802,239.45994668708113,16307.721413866882,15477.023735881903,15716.483682568984,154627.0633674009,0.004882536294586709,57.712566664015554,0.0,0.0,0.0,False,False,False
main,deterministic,deterministic,2025-07-01,16,True,True,0,,,0.7,20.0,optimal,1.8296330999874044,1.8296350999880815,0.0,0,0,16068.261467179802,239.45994668708113,16307.721413866882,15417.9174723501,15657.37741903718,151740.21230507354,0.12029510640519761,61.30135825621271,0.0,0.0,0.0,False,False,False
main,deterministic,deterministic,2025-07-01,17,True,True,0,,,0.7,20.0,optimal,1.8296330999874044,1.8296350999880815,0.0,0,0,16068.261467179802,239.45994668708113,16307.721413866882,16107.155885733004,16346.615832420084,157893.0623746151,0.0,69.7844944390137,0.0,0.0,0.0,False,False,False
main,deterministic,deterministic,2025-07-01,18,True,True,0,,,0.7,20.0,optimal,1.8296330999874044,1.8296350999880815,0.0,0,0,16068.261467179802,239.45994668708113,16307.721413866882,16586.67270194589,16826.13264863297,168289.45971485993,0.05596716607997737,63.94457331563949,0.0,0.0,0.0,False,False,False
main,deterministic,deterministic,2025-07-01,19,True,True,0,,,0.7,20.0,optimal,1.8296330999874044,1.8296350999880815,0.0,0,0,16068.261467179802,239.45994668708113,16307.721413866882,15791.170788389702,16030.630735076782,168328.21886231808,0.06418211099474436,58.75613282705813,0.0,0.0,0.0,False,False,False
main,deterministic,deterministic,2025-07-01,20,True,True,0,,,0.7,20.0,optimal,1.8296330999874044,1.8296350999880815,0.0,0,0,16068.261467179802,239.45994668708113,16307.721413866882,16568.57957349365,16808.039520180733,173423.20513587314,0.0,56.53938951082675,0.0,0.0,0.0,False,False,False
main,deterministic,deterministic,2025-07-01,21,True,True,0,,,0.7,20.0,optimal,1.8296330999874044,1.8296350999880815,0.0,0,0,16068.261467179802,239.45994668708113,16307.721413866882,15868.10294858776,16107.562895274841,156014.97511497678,0.12878825443569347,55.60986576014809,0.0,0.0,0.0,False,False,False
main,deterministic,deterministic,2025-07-01,22,True,True,0,,,0.7,20.0,optimal,1.8296330999874044,1.8296350999880815,0.0,0,0,16068.261467179802,239.45994668708113,16307.721413866882,16340.236485125444,16579.696431812525,170203.94909387335,0.0,61.77508538781423,0.0,9.442654755664748e-05,0.0,False,True,False
main,deterministic,deterministic,2025-07-01,23,True,True,0,,,0.7,20.0,optimal,1.8296330999874044,1.8296350999880815,0.0,0,0,16068.261467179802,239.45994668708113,16307.721413866882,16144.944843420684,16384.404790107765,169345.42334200288,0.2207922731445107,63.77571072943189,0.0,0.0,0.0,False,False,False
main,deterministic,deterministic,2025-07-01,24,True,True,0,,,0.7,20.0,optimal,1.8296330999874044,1.8296350999880815,0.0,0,0,16068.261467179802,239.45994668708113,16307.721413866882,16137.307481060183,16376.767427747263,160635.12431158204,1.0032703352192216,67.86173587942808,0.0,0.0,0.0,False,False,False
main,deterministic,deterministic,2025-07-01,25,True,True,0,,,0.7,20.0,optimal,1.8296330999874044,1.8296350999880815,0.0,0,0,16068.261467179802,239.45994668708113,16307.721413866882,17660.528511853572,17899.988458540654,199136.99302825992,0.0,58.08256979148469,0.0,0.0,0.0,False,False,False
main,deterministic,deterministic,2025-07-01,26,True,True,0,,,0.7,20.0,optimal,1.8296330999874044,1.8296350999880815,0.0,0,0,16068.261467179802,239.45994668708113,16307.721413866882,15920.538120019908,16159.998066706989,166618.33711380194,0.14299133079363005,68.25330955963035,0.0,0.0,0.0,False,False,False
main,deterministic,deterministic,2025-07-01,27,True,True,0,,,0.7,20.0,optimal,1.8296330999874044,1.8296350999880815,0.0,0,0,16068.261467179802,239.45994668708113,16307.721413866882,15257.097437118882,15496.557383805963,151447.77371003735,0.1520105007173208,66.24351343652157,0.0,0.0,0.0,False,False,False
main,deterministic,deterministic,2025-07-01,28,True,True,0,,,0.7,20.0,optimal,1.8296330999874044,1.8296350999880815,0.0,0,0,16068.261467179802,239.45994668708113,16307.721413866882,16179.884356102039,16419.34430278912,166059.37248476522,0.0,51.82503357118312,0.0,0.0,0.0,False,False,False
main,deterministic,deterministic,2025-07-01,29,True,True,0,,,0.7,20.0,optimal,1.8296330999874044,1.8296350999880815,0.0,0,0,16068.261467179802,239.45994668708113,16307.721413866882,16237.195490463866,16476.65543715095,175929.45668556803,0.4371464823542982,52.47752269655025,0.0,0.0,0.0,False,False,False
main,deterministic,deterministic,2025-07-01,30,True,True,0,,,0.7,20.0,optimal,1.8296330999874044,1.8296350999880815,0.0,0,0,16068.261467179802,239.45994668708113,16307.721413866882,15509.340446987315,15748.800393674395,145524.90679750816,0.0,56.862514856262344,0.0,0.0,0.0,False,False,False
main,deterministic,deterministic,2025-07-01,31,True,True,0,,,0.7,20.0,optimal,1.8296330999874044,1.8296350999880815,0.0,0,0,16068.261467179802,239.45994668708113,16307.721413866882,16628.81649197258,16868.27643865966,183231.90208383836,0.09030980132501343,60.99346564581345,0.0,0.0,0.0,False,False,False
main,deterministic,deterministic,2025-07-01,32,True,True,0,,,0.7,20.0,optimal,1.8296330999874044,1.8296350999880815,0.0,0,0,16068.261467179802,239.45994668708113,16307.721413866882,15721.391356175278,15960.851302862358,163814.55400160118,0.0,66.95947025792772,0.0,0.0,0.0,False,False,False
main,deterministic,deterministic,2025-07-01,33,True,True,0,,,0.7,20.0,optimal,1.8296330999874044,1.8296350999880815,0.0,0,0,16068.261467179802,239.45994668708113,16307.721413866882,17187.029517998475,17426.489464685557,198632.37066488233,0.030178284569972152,72.87647203148477,0.0,0.0,0.0,False,False,False
main,deterministic,deterministic,2025-07-01,34,True,True,0,,,0.7,20.0,optimal,1.8296330999874044,1.8296350999880815,0.0,0,0,16068.261467179802,239.45994668708113,16307.721413866882,16569.438790663266,16808.898737350348,173450.52806904115,0.0,62.921126970607204,0.0,0.0,0.0,False,False,False
main,deterministic,deterministic,2025-07-01,35,True,True,0,,,0.7,20.0,optimal,1.8296330999874044,1.8296350999880815,0.0,0,0,16068.261467179802,239.45994668708113,16307.721413866882,16100.88120392218,16340.34115060926,156065.08667465334,0.0,64.16017992322334,0.0,0.0,0.0,False,False,False
main,deterministic,deterministic,2025-07-01,36,True,True,0,,,0.7,20.0,optimal,1.8296330999874044,1.8296350999880815,0.0,0,0,16068.261467179802,239.45994668708113,16307.721413866882,15453.501424930866,15692.961371617946,155358.34122516614,0.0,69.4313242042232,0.0,0.0,0.0,False,False,False
main,deterministic,deterministic,2025-07-01,37,True,True,0,,,0.7,20.0,optimal,1.8296330999874044,1.8296350999880815,0.0,0,0,16068.261467179802,239.45994668708113,16307.721413866882,15752.51037876182,15991.970325448901,163035.88767152038,0.0,54.05376155656227,0.0,0.0,0.0,False,False,False
main,deterministic,deterministic,2025-07-01,38,True,True,0,,,0.7,20.0,optimal,1.8296330999874044,1.8296350999880815,0.0,0,0,16068.261467179802,239.45994668708113,16307.721413866882,15906.251904906143,16145.711851593223,165647.19530844086,0.3039250082848248,55.20708554852634,0.0,0.0003389642464151077,0.0,False,True,False
main,deterministic,deterministic,2025-07-01,39,True,True,0,,,0.7,20.0,optimal,1.8296330999874044,1.8296350999880815,0.0,0,0,16068.261467179802,239.45994668708113,16307.721413866882,16049.28123765914,16288.74118434622,175104.3815963208,0.04101880735524133,52.35882393533793,0.0,0.0,0.0,False,False,False
main,deterministic,deterministic,2025-07-01,40,True,True,0,,,0.7,20.0,optimal,1.8296330999874044,1.8296350999880815,0.0,0,0,16068.261467179802,239.45994668708113,16307.721413866882,16443.563140484832,16683.023087171914,176403.92275922158,0.3517880427038478,53.837069242682084,0.0,0.0,0.0,False,False,False
main,deterministic,deterministic,2025-07-01,41,True,True,0,,,0.7,20.0,optimal,1.8296330999874044,1.8296350999880815,0.0,0,0,16068.261467179802,239.45994668708113,16307.721413866882,16097.539581452424,16336.999528139504,171445.25400409166,0.0,51.06809429326154,0.0,0.0,0.0,False,False,False
main,deterministic,deterministic,2025-07-01,42,True,True,0,,,0.7,20.0,optimal,1.8296330999874044,1.8296350999880815,0.0,0,0,16068.261467179802,239.45994668708113,16307.721413866882,16438.650786082184,16678.110732769266,170827.6781110059,0.045747024653213286,68.4803825258253,0.0,0.0,0.0,False,False,False
main,deterministic,deterministic,2025-07-01,43,True,True,0,,,0.7,20.0,optimal,1.8296330999874044,1.8296350999880815,0.0,0,0,16068.261467179802,239.45994668708113,16307.721413866882,15354.687384060519,15594.147330747599,152707.2145937785,0.09615704336817668,61.461861350065945,0.0,0.0,0.0,False,False,False
main,deterministic,deterministic,2025-07-01,44,True,True,0,,,0.7,20.0,optimal,1.8296330999874044,1.8296350999880815,0.0,0,0,16068.261467179802,239.45994668708113,16307.721413866882,15875.39222476732,16114.8521714544,160434.21230991321,0.10113618167189936,62.80023654312459,0.0,0.0,0.0,False,False,False
main,deterministic,deterministic,2025-07-01,45,True,True,0,,,0.7,20.0,optimal,1.8296330999874044,1.8296350999880815,0.0,0,0,16068.261467179802,239.45994668708113,16307.721413866882,16487.910316266247,16727.37026295333,177520.37056998254,0.3350271001087613,67.87743932075851,0.0,0.0,0.0,False,False,False
main,deterministic,deterministic,2025-07-01,46,True,True,0,,,0.7,20.0,optimal,1.8296330999874044,1.8296350999880815,0.0,0,0,16068.261467179802,239.45994668708113,16307.721413866882,16505.797179460278,16745.25712614736,168842.9128403058,0.1453429365622853,63.48044910180578,0.0,0.0,0.0,False,False,False
main,deterministic,deterministic,2025-07-01,47,True,True,0,,,0.7,20.0,optimal,1.8296330999874044,1.8296350999880815,0.0,0,0,16068.261467179802,239.45994668708113,16307.721413866882,16588.330260681465,16827.790207368547,175585.7352688536,0.20514872777529866,63.16233832722937,0.0,0.0,0.0,False,False,False
main,deterministic,deterministic,2025-07-01,48,True,True,0,,,0.7,20.0,optimal,1.8296330999874044,1.8296350999880815,0.0,0,0,16068.261467179802,239.45994668708113,16307.721413866882,17024.46466655641,17263.924613243493,184309.36978318644,0.0,60.32379693183207,0.0,0.0,0.0,False,False,False
main,deterministic,deterministic,2025-07-01,49,True,True,0,,,0.7,20.0,optimal,1.8296330999874044,1.8296350999880815,0.0,0,0,16068.261467179802,239.45994668708113,16307.721413866882,16735.02673917939,16974.48668586647,180890.26747669035,1.3166690144803133,68.82623150043786,0.0,0.0,0.0,False,False,False
main,deterministic,deterministic,2025-07-01,50,True,True,0,,,0.7,20.0,optimal,1.8296330999874044,1.8296350999880815,0.0,0,0,16068.261467179802,239.45994668708113,16307.721413866882,15772.708753501525,16012.168700188606,168938.43246166725,0.0,65.58572338047244,0.0,0.0,0.0,False,False,False
main,deterministic,deterministic,2025-07-01,51,True,True,0,,,0.7,20.0,optimal,1.8296330999874044,1.8296350999880815,0.0,0,0,16068.261467179802,239.45994668708113,16307.721413866882,15754.194386203819,15993.6543328909,159753.45805222396,0.008343045449766495,61.578073454960666,0.0,0.0,0.0,False,False,False
main,deterministic,deterministic,2025-07-01,52,True,True,0,,,0.7,20.0,optimal,1.8296330999874044,1.8296350999880815,0.0,0,0,16068.261467179802,239.45994668708113,16307.721413866882,16897.889551298074,17137.349497985157,181434.12735346812,0.36667574085109067,66.48540039706148,0.0,0.0,0.0,False,False,False
main,deterministic,deterministic,2025-07-01,53,True,True,0,,,0.7,20.0,optimal,1.8296330999874044,1.8296350999880815,0.0,0,0,16068.261467179802,239.45994668708113,16307.721413866882,15930.102347059412,16169.562293746492,162939.60653408937,0.0,54.46768873007969,0.0,0.0,0.0,False,False,False
main,deterministic,deterministic,2025-07-01,54,True,True,0,,,0.7,20.0,optimal,1.8296330999874044,1.8296350999880815,0.0,0,0,16068.261467179802,239.45994668708113,16307.721413866882,17031.231630356717,17270.6915770438,178348.43495307965,0.0,59.459490633800364,0.0,0.0,0.0,False,False,False
main,deterministic,deterministic,2025-07-01,55,True,True,0,,,0.7,20.0,optimal,1.8296330999874044,1.8296350999880815,0.0,0,0,16068.261467179802,239.45994668708113,16307.721413866882,16106.221433580522,16345.681380267602,165718.7741630678,0.0,63.86974541005554,0.0,0.0,0.0,False,False,False
main,deterministic,deterministic,2025-07-01,56,True,True,0,,,0.7,20.0,optimal,1.8296330999874044,1.8296350999880815,0.0,0,0,16068.261467179802,239.45994668708113,16307.721413866882,16302.668824616032,16542.128771303112,169338.28014302612,0.0,51.625847243101454,0.0,0.0,0.0,False,False,False
main,deterministic,deterministic,2025-07-01,57,True,True,0,,,0.7,20.0,optimal,1.8296330999874044,1.8296350999880815,0.0,0,0,16068.261467179802,239.45994668708113,16307.721413866882,16304.316762561642,16543.776709248723,163619.83129136925,0.08929376117196047,60.44181374150755,0.0,0.0,0.0,False,False,False
main,deterministic,deterministic,2025-07-01,58,True,True,0,,,0.7,20.0,optimal,1.8296330999874044,1.8296350999880815,0.0,0,0,16068.261467179802,239.45994668708113,16307.721413866882,16854.95996995117,17094.419916638253,185544.34087989893,0.0,68.57013523776084,0.0,0.0,0.0,False,False,False
main,deterministic,deterministic,2025-07-01,59,True,True,0,,,0.7,20.0,optimal,1.8296330999874044,1.8296350999880815,0.0,0,0,16068.261467179802,239.45994668708113,16307.721413866882,17176.768300533993,17416.228247221075,186017.33954188979,0.0,63.195973610522095,0.0,0.0,0.0,False,False,False
main,deterministic,deterministic,2025-07-01,60,True,True,0,,,0.7,20.0,optimal,1.8296330999874044,1.8296350999880815,0.0,0,0,16068.261467179802,239.45994668708113,16307.721413866882,16115.87778984443,16355.33773653151,173503.89234208004,0.060897486033610004,60.919752822022694,0.0,0.0,0.0,False,False,False
main,deterministic,deterministic,2025-07-01,61,True,True,0,,,0.7,20.0,optimal,1.8296330999874044,1.8296350999880815,0.0,0,0,16068.261467179802,239.45994668708113,16307.721413866882,16193.502613435041,16432.962560122123,170796.68376348476,0.015208480265547802,50.05143657354258,0.0,0.0,0.0,False,False,False
main,deterministic,deterministic,2025-07-01,62,True,True,0,,,0.7,20.0,optimal,1.8296330999874044,1.8296350999880815,0.0,0,0,16068.261467179802,239.45994668708113,16307.721413866882,15538.301073412842,15777.761020099922,154854.49107537992,0.0,64.40988257880923,0.0,0.0,0.0,False,False,False
main,deterministic,deterministic,2025-07-01,63,True,True,0,,,0.7,20.0,optimal,1.8296330999874044,1.8296350999880815,0.0,0,0,16068.261467179802,239.45994668708113,16307.721413866882,16166.363908954712,16405.823855641793,166130.42213924948,0.476585847566952,68.5975718956425,0.0,0.0,0.0,False,False,False
main,deterministic,deterministic,2025-07-01,64,True,True,0,,,0.7,20.0,optimal,1.8296330999874044,1.8296350999880815,0.0,0,0,16068.261467179802,239.45994668708113,16307.721413866882,15932.746982898514,16172.206929585594,156305.76470834555,0.0,59.812971682260006,0.0,0.0,0.0,False,False,False
main,deterministic,deterministic,2025-07-01,65,True,True,0,,,0.7,20.0,optimal,1.8296330999874044,1.8296350999880815,0.0,0,0,16068.261467179802,239.45994668708113,16307.721413866882,16710.683381894076,16950.143328581158,168651.78403599205,0.0,61.950820440335065,0.0,0.0,0.0,False,False,False
main,deterministic,deterministic,2025-07-01,66,True,True,0,,,0.7,20.0,optimal,1.8296330999874044,1.8296350999880815,0.0,0,0,16068.261467179802,239.45994668708113,16307.721413866882,16338.923185891785,16578.383132578867,174400.33394705917,0.24207012226569902,70.94875841556131,0.0,0.0,0.0,False,False,False
main,deterministic,deterministic,2025-07-01,67,True,True,0,,,0.7,20.0,optimal,1.8296330999874044,1.8296350999880815,0.0,0,0,16068.261467179802,239.45994668708113,16307.721413866882,15217.645197240698,15457.105143927778,151582.06797361566,0.0,56.46936666777128,0.0,0.0,0.0,False,False,False
main,deterministic,deterministic,2025-07-01,68,True,True,0,,,0.7,20.0,optimal,1.8296330999874044,1.8296350999880815,0.0,0,0,16068.261467179802,239.45994668708113,16307.721413866882,17296.03918253265,17535.499129219734,192159.35954336432,0.0179194749605881,62.65430904834694,0.0,0.0,0.0,False,False,False
main,deterministic,deterministic,2025-07-01,69,True,True,0,,,0.7,20.0,optimal,1.8296330999874044,1.8296350999880815,0.0,0,0,16068.261467179802,239.45994668708113,16307.721413866882,17383.926052669984,17623.385999357066,187908.09517406343,0.0,64.65736339731643,0.0,0.0,0.0,False,False,False
main,deterministic,deterministic,2025-07-01,70,True,True,0,,,0.7,20.0,optimal,1.8296330999874044,1.8296350999880815,0.0,0,0,16068.261467179802,239.45994668708113,16307.721413866882,16632.95914394072,16872.4190906278,180151.4366369357,0.06599057978205558,68.00222131046068,0.0,0.0,0.0,False,False,False
main,deterministic,deterministic,2025-07-01,71,True,True,0,,,0.7,20.0,optimal,1.8296330999874044,1.8296350999880815,0.0,0,0,16068.261467179802,239.45994668708113,16307.721413866882,15330.368582063149,15569.82852875023,162654.1799371832,0.0,70.89732416828343,0.0,0.0,0.0,False,False,False
main,deterministic,deterministic,2025-07-01,72,True,True,0,,,0.7,20.0,optimal,1.8296330999874044,1.8296350999880815,0.0,0,0,16068.261467179802,239.45994668708113,16307.721413866882,15888.476033088069,16127.93597977515,162308.8221883183,0.0,67.1743512166365,0.0,0.0,0.0,False,False,False
main,deterministic,deterministic,2025-07-01,73,True,True,0,,,0.7,20.0,optimal,1.8296330999874044,1.8296350999880815,0.0,0,0,16068.261467179802,239.45994668708113,16307.721413866882,16165.971882470785,16405.431829157867,164939.26830699778,0.005464773294488412,65.28782461843899,0.0,0.0,0.0,False,False,False
main,deterministic,deterministic,2025-07-01,74,True,True,0,,,0.7,20.0,optimal,1.8296330999874044,1.8296350999880815,0.0,0,0,16068.261467179802,239.45994668708113,16307.721413866882,15945.454321660975,16184.914268348055,153683.75395953908,0.349381735742318,59.8219773669493,0.0,0.0,0.0,False,False,False
main,deterministic,deterministic,2025-07-01,75,True,True,0,,,0.7,20.0,optimal,1.8296330999874044,1.8296350999880815,0.0,0,0,16068.261467179802,239.45994668708113,16307.721413866882,16486.694320551105,16726.154267238187,170176.31546716296,0.2411480658555063,61.699309655878906,0.0,0.0,0.0,False,False,False
main,deterministic,deterministic,2025-07-01,76,True,True,0,,,0.7,20.0,optimal,1.8296330999874044,1.8296350999880815,0.0,0,0,16068.261467179802,239.45994668708113,16307.721413866882,16634.11457064019,16873.574517327273,186939.8266178572,0.5442623913597936,61.29116880783998,0.0,0.0,0.0,False,False,False
main,deterministic,deterministic,2025-07-01,77,True,True,0,,,0.7,20.0,optimal,1.8296330999874044,1.8296350999880815,0.0,0,0,16068.261467179802,239.45994668708113,16307.721413866882,15570.907257969,15810.36720465608,153926.5769139434,0.0,58.45294016842604,0.0,0.0,0.0,False,False,False
main,deterministic,deterministic,2025-07-01,78,True,True,0,,,0.7,20.0,optimal,1.8296330999874044,1.8296350999880815,0.0,0,0,16068.261467179802,239.45994668708113,16307.721413866882,15575.915177348908,15815.375124035989,159734.89838075812,0.0,63.732176971020806,0.0,0.0,0.0,False,False,False
main,deterministic,deterministic,2025-07-01,79,True,True,0,,,0.7,20.0,optimal,1.8296330999874044,1.8296350999880815,0.0,0,0,16068.261467179802,239.45994668708113,16307.721413866882,16717.97585871313,16957.43580540021,180466.38769150566,0.0,58.37612878212442,0.0,0.0,0.0,False,False,False
main,deterministic,deterministic,2025-07-01,80,True,True,0,,,0.7,20.0,optimal,1.8296330999874044,1.8296350999880815,0.0,0,0,16068.261467179802,239.45994668708113,16307.721413866882,16889.930326015154,17129.390272702236,179308.0409105855,0.3293459149527071,60.478641816126995,0.0,0.0,0.0,False,False,False
main,deterministic,deterministic,2025-07-01,81,True,True,0,,,0.7,20.0,optimal,1.8296330999874044,1.8296350999880815,0.0,0,0,16068.261467179802,239.45994668708113,16307.721413866882,16131.384349492208,16370.844296179288,165514.01467265259,0.10789171183824844,69.11382703898342,0.0,0.0,0.0,False,False,False
main,deterministic,deterministic,2025-07-01,82,True,True,0,,,0.7,20.0,optimal,1.8296330999874044,1.8296350999880815,0.0,0,0,16068.261467179802,239.45994668708113,16307.721413866882,15849.755053907833,16089.215000594913,163303.6574571917,0.06466737453017937,53.12822929023819,0.0,0.0,0.0,False,False,False
main,deterministic,deterministic,2025-07-01,83,True,True,0,,,0.7,20.0,optimal,1.8296330999874044,1.8296350999880815,0.0,0,0,16068.261467179802,239.45994668708113,16307.721413866882,16846.480006933514,17085.939953620596,183753.86625850666,0.024266128757683025,61.163640670846696,0.0,0.0,0.0,False,False,False
main,deterministic,deterministic,2025-07-01,84,True,True,0,,,0.7,20.0,optimal,1.8296330999874044,1.8296350999880815,0.0,0,0,16068.261467179802,239.45994668708113,16307.721413866882,16800.14380276791,17039.603749454993,183322.3270661909,0.10203142114363517,59.20610179958491,0.0,0.0,0.0,False,False,False
main,deterministic,deterministic,2025-07-01,85,True,True,0,,,0.7,20.0,optimal,1.8296330999874044,1.8296350999880815,0.0,0,0,16068.261467179802,239.45994668708113,16307.721413866882,16436.232110140794,16675.692056827877,171735.03155437505,0.0,69.6212795667149,0.0,0.0,0.0,False,False,False
main,deterministic,deterministic,2025-07-01,86,True,True,0,,,0.7,20.0,optimal,1.8296330999874044,1.8296350999880815,0.0,0,0,16068.261467179802,239.45994668708113,16307.721413866882,16270.73654093278,16510.19648761986,172210.2381989257,0.060074803967624296,54.07541406578454,0.0,0.0,0.0,False,False,False
main,deterministic,deterministic,2025-07-01,87,True,True,0,,,0.7,20.0,optimal,1.8296330999874044,1.8296350999880815,0.0,0,0,16068.261467179802,239.45994668708113,16307.721413866882,15683.323331725194,15922.783278412275,150684.86001747745,0.15020401892479363,58.874997174937924,0.0,0.0,0.0,False,False,False
main,deterministic,deterministic,2025-07-01,88,True,True,0,,,0.7,20.0,optimal,1.8296330999874044,1.8296350999880815,0.0,0,0,16068.261467179802,239.45994668708113,16307.721413866882,15397.06524189361,15636.52518858069,153824.55422589844,0.002717693185848913,64.72693611522986,0.0,0.0,0.0,False,False,False
main,deterministic,deterministic,2025-07-01,89,True,True,0,,,0.7,20.0,optimal,1.8296330999874044,1.8296350999880815,0.0,0,0,16068.261467179802,239.45994668708113,16307.721413866882,16413.509692044543,16652.969638731625,168774.75658170262,0.0,60.46001772388953,0.0,0.0,0.0,False,False,False
main,deterministic,deterministic,2025-07-01,90,True,True,0,,,0.7,20.0,optimal,1.8296330999874044,1.8296350999880815,0.0,0,0,16068.261467179802,239.45994668708113,16307.721413866882,15933.248882752874,16172.708829439955,164499.97133301335,0.3013493946302528,66.90778814953592,0.0,0.0,0.0,False,False,False
main,deterministic,deterministic,2025-07-01,91,True,True,0,,,0.7,20.0,optimal,1.8296330999874044,1.8296350999880815,0.0,0,0,16068.261467179802,239.45994668708113,16307.721413866882,15013.541953050493,15253.001899737574,143860.91341944205,0.0,61.33235761094685,0.0,0.0,0.0,False,False,False
main,deterministic,deterministic,2025-07-01,92,True,True,0,,,0.7,20.0,optimal,1.8296330999874044,1.8296350999880815,0.0,0,0,16068.261467179802,239.45994668708113,16307.721413866882,15650.253582615069,15889.71352930215,157970.21901411118,0.0,48.497979570847434,0.0,0.0,0.0,False,False,False
main,deterministic,deterministic,2025-07-01,93,True,True,0,,,0.7,20.0,optimal,1.8296330999874044,1.8296350999880815,0.0,0,0,16068.261467179802,239.45994668708113,16307.721413866882,15820.407949657598,16059.867896344678,168701.68508812628,0.061952064234812365,61.85836493107348,0.0,0.0,0.0,False,False,False
main,deterministic,deterministic,2025-07-01,94,True,True,0,,,0.7,20.0,optimal,1.8296330999874044,1.8296350999880815,0.0,0,0,16068.261467179802,239.45994668708113,16307.721413866882,15881.849692707172,16121.309639394252,160490.3309009252,0.004967962238327378,59.3746995411262,0.0,0.0,0.0,False,False,False
main,deterministic,deterministic,2025-07-01,95,True,True,0,,,0.7,20.0,optimal,1.8296330999874044,1.8296350999880815,0.0,0,0,16068.261467179802,239.45994668708113,16307.721413866882,15479.610759699312,15719.070706386392,157161.9240290132,0.014410407046033663,59.024783088847734,0.0,0.0,0.0,False,False,False
main,deterministic,deterministic,2025-07-01,96,True,True,0,,,0.7,20.0,optimal,1.8296330999874044,1.8296350999880815,0.0,0,0,16068.261467179802,239.45994668708113,16307.721413866882,16009.033344411077,16248.493291098157,163479.54321342122,0.061944580777108876,57.65828123143209,0.0,0.0,0.0,False,False,False
main,deterministic,deterministic,2025-07-01,97,True,True,0,,,0.7,20.0,optimal,1.8296330999874044,1.8296350999880815,0.0,0,0,16068.261467179802,239.45994668708113,16307.721413866882,15795.942448162195,16035.402394849276,160784.88244645807,0.0,62.23327620797453,0.0,0.0,0.0,False,False,False
main,deterministic,deterministic,2025-07-01,98,True,True,0,,,0.7,20.0,optimal,1.8296330999874044,1.8296350999880815,0.0,0,0,16068.261467179802,239.45994668708113,16307.721413866882,15838.948036643695,16078.407983330775,162675.63417297395,0.08440686616203244,51.26264205567346,0.0,0.0,0.0,False,False,False
main,deterministic,deterministic,2025-07-01,99,True,True,0,,,0.7,20.0,optimal,1.8296330999874044,1.8296350999880815,0.0,0,0,16068.261467179802,239.45994668708113,16307.721413866882,15649.974163395014,15889.434110082095,158036.76374442043,0.0510528410826786,65.60011541369424,0.0,0.0,0.0,False,False,False
main,deterministic,deterministic,2025-10-01,0,True,True,0,,,0.7,20.0,optimal,1.760631299999659,1.760632000004989,0.0,0,0,16583.409213921255,417.97572619390195,17001.384940115156,15520.439188194456,15938.414914388357,175880.36870481996,0.24048454000064812,60.094560126380124,0.0,0.016694328862454144,0.0,False,True,False
main,deterministic,deterministic,2025-10-01,1,True,True,0,,,0.7,20.0,optimal,1.760631299999659,1.760632000004989,0.0,0,0,16583.409213921255,417.97572619390195,17001.384940115156,16820.94023834899,17238.91596454289,196059.5008057345,0.06350684090520287,67.56124262896569,0.0,0.0,0.0,False,False,False
main,deterministic,deterministic,2025-10-01,2,True,True,0,,,0.7,20.0,optimal,1.760631299999659,1.760632000004989,0.0,0,0,16583.409213921255,417.97572619390195,17001.384940115156,16011.83614363474,16429.81186982864,187585.6894351981,0.6901217627594312,51.746597179745045,0.0,0.0,0.0,False,False,False
main,deterministic,deterministic,2025-10-01,3,True,True,0,,,0.7,20.0,optimal,1.760631299999659,1.760632000004989,0.0,0,0,16583.409213921255,417.97572619390195,17001.384940115156,16693.06259062021,17111.038316814112,196383.01153518877,0.7791842416980418,61.94449684219746,0.0,0.0,0.0,False,False,False
main,deterministic,deterministic,2025-10-01,4,True,True,0,,,0.7,20.0,optimal,1.760631299999659,1.760632000004989,0.0,0,0,16583.409213921255,417.97572619390195,17001.384940115156,16274.3683733293,16692.3440995232,192204.72845766053,0.213599369370836,55.70955006388607,0.0,0.0,0.0,False,False,False
main,deterministic,deterministic,2025-10-01,5,True,True,0,,,0.7,20.0,optimal,1.760631299999659,1.760632000004989,0.0,0,0,16583.409213921255,417.97572619390195,17001.384940115156,16734.021501886487,17151.99722808039,206493.06170858402,0.5232523075203018,61.721916678822325,0.0,0.0,0.0,False,False,False
main,deterministic,deterministic,2025-10-01,6,True,True,0,,,0.7,20.0,optimal,1.760631299999659,1.760632000004989,0.0,0,0,16583.409213921255,417.97572619390195,17001.384940115156,16926.61224855611,17344.58797475001,198283.5298475658,0.8387999197304495,53.0684179003201,0.0,0.04061129336496494,0.0,False,True,False
main,deterministic,deterministic,2025-10-01,7,True,True,0,,,0.7,20.0,optimal,1.760631299999659,1.760632000004989,0.0,0,0,16583.409213921255,417.97572619390195,17001.384940115156,15941.038383109402,16359.014109303303,182270.66694598226,0.0,57.580372340648516,0.0,0.0,0.0,False,False,False
main,deterministic,deterministic,2025-10-01,8,True,True,0,,,0.7,20.0,optimal,1.760631299999659,1.760632000004989,0.0,0,0,16583.409213921255,417.97572619390195,17001.384940115156,16413.85336892716,16831.829095121062,195966.9233291236,0.02714384660146707,56.670344311439095,0.0,0.0,0.0,False,False,False
main,deterministic,deterministic,2025-10-01,9,True,True,0,,,0.7,20.0,optimal,1.760631299999659,1.760632000004989,0.0,0,0,16583.409213921255,417.97572619390195,17001.384940115156,16775.299357587384,17193.275083781286,199318.14862388975,0.6927544133639952,64.16459926845957,0.0,0.019255198675544705,0.0,False,True,False
main,deterministic,deterministic,2025-10-01,10,True,True,0,,,0.7,20.0,optimal,1.760631299999659,1.760632000004989,0.0,0,0,16583.409213921255,417.97572619390195,17001.384940115156,16229.090178815775,16647.065905009676,190169.5309842572,0.0,56.44582674795223,0.0,0.0,0.0,False,False,False
main,deterministic,deterministic,2025-10-01,11,True,True,0,,,0.7,20.0,optimal,1.760631299999659,1.760632000004989,0.0,0,0,16583.409213921255,417.97572619390195,17001.384940115156,16532.62834976332,16950.60407595722,189150.01198078346,0.6266030623362605,54.48132230961775,0.0,0.0,0.0,False,False,False
main,deterministic,deterministic,2025-10-01,12,True,True,0,,,0.7,20.0,optimal,1.760631299999659,1.760632000004989,0.0,0,0,16583.409213921255,417.97572619390195,17001.384940115156,16523.222899634195,16941.198625828096,201759.41524703288,0.022370772887360113,52.00984345483604,0.0,0.0,0.0,False,False,False
main,deterministic,deterministic,2025-10-01,13,True,True,0,,,0.7,20.0,optimal,1.760631299999659,1.760632000004989,0.0,0,0,16583.409213921255,417.97572619390195,17001.384940115156,17019.58570951091,17437.56143570481,202883.55186039532,0.0,60.839198577021165,0.0,0.0,0.0,False,False,False
main,deterministic,deterministic,2025-10-01,14,True,True,0,,,0.7,20.0,optimal,1.760631299999659,1.760632000004989,0.0,0,0,16583.409213921255,417.97572619390195,17001.384940115156,16060.744080165068,16478.71980635897,183333.10398343572,0.0,55.32863209228519,0.0,0.0,0.0,False,False,False
main,deterministic,deterministic,2025-10-01,15,True,True,0,,,0.7,20.0,optimal,1.760631299999659,1.760632000004989,0.0,0,0,16583.409213921255,417.97572619390195,17001.384940115156,15844.292906290553,16262.268632484454,179569.6694869483,0.0016850782941033593,53.62831137827851,0.0,0.0,0.0,False,False,False
main,deterministic,deterministic,2025-10-01,16,True,True,0,,,0.7,20.0,optimal,1.760631299999659,1.760632000004989,0.0,0,0,16583.409213921255,417.97572619390195,17001.384940115156,15742.894227950073,16160.869954143975,175139.55617074523,0.15238083965758942,55.657745410619356,0.0,0.0,0.0,False,False,False
main,deterministic,deterministic,2025-10-01,17,True,True,0,,,0.7,20.0,optimal,1.760631299999659,1.760632000004989,0.0,0,0,16583.409213921255,417.97572619390195,17001.384940115156,16244.510398493598,16662.4861246875,182427.27535514635,0.03158442922922623,62.58365517184696,0.0,0.0,0.0,False,False,False
main,deterministic,deterministic,2025-10-01,18,True,True,0,,,0.7,20.0,optimal,1.760631299999659,1.760632000004989,0.0,0,0,16583.409213921255,417.97572619390195,17001.384940115156,16796.951667735968,17214.92739392987,194048.17374718815,0.0,61.38997787977493,0.0,0.0,0.0,False,False,False
main,deterministic,deterministic,2025-10-01,19,True,True,0,,,0.7,20.0,optimal,1.760631299999659,1.760632000004989,0.0,0,0,16583.409213921255,417.97572619390195,17001.384940115156,16151.194441941614,16569.170168135515,194238.07154327678,0.01202017883411921,55.811752951333574,0.0,0.0,0.0,False,False,False
main,deterministic,deterministic,2025-10-01,20,True,True,0,,,0.7,20.0,optimal,1.760631299999659,1.760632000004989,0.0,0,0,16583.409213921255,417.97572619390195,17001.384940115156,16731.859428761887,17149.83515495579,200059.64846311323,0.45459752004947973,55.53728924065358,0.0,0.0,0.0,False,False,False
main,deterministic,deterministic,2025-10-01,21,True,True,0,,,0.7,20.0,optimal,1.760631299999659,1.760632000004989,0.0,0,0,16583.409213921255,417.97572619390195,17001.384940115156,16065.422915319656,16483.39864151356,181348.70689136302,0.1456157852691244,52.94671341411632,0.0,0.0,0.0,False,False,False
main,deterministic,deterministic,2025-10-01,22,True,True,0,,,0.7,20.0,optimal,1.760631299999659,1.760632000004989,0.0,0,0,16583.409213921255,417.97572619390195,17001.384940115156,16608.87135674888,17026.847082942782,195914.18320246763,0.0,57.63732212657284,0.0,0.0,0.0,False,False,False
main,deterministic,deterministic,2025-10-01,23,True,True,0,,,0.7,20.0,optimal,1.760631299999659,1.760632000004989,0.0,0,0,16583.409213921255,417.97572619390195,17001.384940115156,16817.832598741534,17235.808324935435,195128.4359225656,0.6648763740332253,57.147130525080684,0.0,0.0,0.0,False,False,False
main,deterministic,deterministic,2025-10-01,24,True,True,0,,,0.7,20.0,optimal,1.760631299999659,1.760632000004989,0.0,0,0,16583.409213921255,417.97572619390195,17001.384940115156,16421.121022757437,16839.09674895134,186656.01519993122,0.0,64.44638474870688,0.0,0.0,0.0,False,False,False
main,deterministic,deterministic,2025-10-01,25,True,True,0,,,0.7,20.0,optimal,1.760631299999659,1.760632000004989,0.0,0,0,16583.409213921255,417.97572619390195,17001.384940115156,17869.120600788,18287.0963269819,226458.60422344386,0.17325310707734817,54.360226414701074,0.0,0.0,0.0,False,False,False
main,deterministic,deterministic,2025-10-01,26,True,True,0,,,0.7,20.0,optimal,1.760631299999659,1.760632000004989,0.0,0,0,16583.409213921255,417.97572619390195,17001.384940115156,16230.458990733558,16648.43471692746,193003.0977887178,0.7884630906938661,63.28660647657422,0.0,0.0,0.0,False,False,False
main,deterministic,deterministic,2025-10-01,27,True,True,0,,,0.7,20.0,optimal,1.760631299999659,1.760632000004989,0.0,0,0,16583.409213921255,417.97572619390195,17001.384940115156,15508.094428101725,15926.070154295627,176539.75203723746,1.1991404734328195,62.26140470620454,0.0,0.13066940392007909,0.0,False,True,False
main,deterministic,deterministic,2025-10-01,28,True,True,0,,,0.7,20.0,optimal,1.760631299999659,1.760632000004989,0.0,0,0,16583.409213921255,417.97572619390195,17001.384940115156,16582.79695405623,17000.77268025013,191737.94029709842,0.37343553678686703,49.579787794345236,0.0,0.0,0.0,False,False,False
main,deterministic,deterministic,2025-10-01,29,True,True,0,,,0.7,20.0,optimal,1.760631299999659,1.760632000004989,0.0,0,0,16583.409213921255,417.97572619390195,17001.384940115156,16665.427761484058,17083.40348767796,202748.28343282323,0.0,46.25560860834566,0.0,0.0,0.0,False,False,False
main,deterministic,deterministic,2025-10-01,30,True,True,0,,,0.7,20.0,optimal,1.760631299999659,1.760632000004989,0.0,0,0,16583.409213921255,417.97572619390195,17001.384940115156,15735.260932841304,16153.236659035205,169735.61453358663,0.18501406872989612,57.6972597154551,0.0,0.0,0.0,False,False,False
main,deterministic,deterministic,2025-10-01,31,True,True,0,,,0.7,20.0,optimal,1.760631299999659,1.760632000004989,0.0,0,0,16583.409213921255,417.97572619390195,17001.384940115156,16945.941076601925,17363.916802795826,210271.39346912975,0.04752807475691201,54.78746399421903,0.0,0.0,0.0,False,False,False
main,deterministic,deterministic,2025-10-01,32,True,True,0,,,0.7,20.0,optimal,1.760631299999659,1.760632000004989,0.0,0,0,16583.409213921255,417.97572619390195,17001.384940115156,16332.850498096017,16750.826224289918,189705.6546836642,0.0007845899526588429,60.74457148462128,0.0,0.0,0.0,False,False,False
main,deterministic,deterministic,2025-10-01,33,True,True,0,,,0.7,20.0,optimal,1.760631299999659,1.760632000004989,0.0,0,0,16583.409213921255,417.97572619390195,17001.384940115156,17746.178027179674,18164.153753373575,225435.89887997825,0.35841648995281905,69.1375748510146,0.0,0.0,0.0,False,False,False
main,deterministic,deterministic,2025-10-01,34,True,True,0,,,0.7,20.0,optimal,1.760631299999659,1.760632000004989,0.0,0,0,16583.409213921255,417.97572619390195,17001.384940115156,16846.930296120518,17264.90602231442,199583.13854416422,1.1462022833016559,57.668609710275916,0.0,0.07295103163159511,0.0,False,True,False
main,deterministic,deterministic,2025-10-01,35,True,True,0,,,0.7,20.0,optimal,1.760631299999659,1.760632000004989,0.0,0,0,16583.409213921255,417.97572619390195,17001.384940115156,16196.516108663256,16614.49183485716,182590.73216557494,0.00862603032716902,61.326970810234414,0.0,0.0,0.0,False,False,False
main,deterministic,deterministic,2025-10-01,36,True,True,0,,,0.7,20.0,optimal,1.760631299999659,1.760632000004989,0.0,0,0,16583.409213921255,417.97572619390195,17001.384940115156,15927.48809132747,16345.463817521371,180094.1178917923,0.0,65.6156696257483,0.0,0.0,0.0,False,False,False
main,deterministic,deterministic,2025-10-01,37,True,True,0,,,0.7,20.0,optimal,1.760631299999659,1.760632000004989,0.0,0,0,16583.409213921255,417.97572619390195,17001.384940115156,16309.704744379942,16727.680470573843,189678.45711338712,0.05158305307541067,49.008203067947434,0.0,0.0,0.0,False,False,False
main,deterministic,deterministic,2025-10-01,38,True,True,0,,,0.7,20.0,optimal,1.760631299999659,1.760632000004989,0.0,0,0,16583.409213921255,417.97572619390195,17001.384940115156,16140.429831138948,16558.40555733285,189998.83245243036,0.4715927973965064,57.164239380441444,0.0,0.0,0.0,False,False,False
main,deterministic,deterministic,2025-10-01,39,True,True,0,,,0.7,20.0,optimal,1.760631299999659,1.760632000004989,0.0,0,0,16583.409213921255,417.97572619390195,17001.384940115156,16712.998437865597,17130.9741640595,200138.2666413073,0.029127992811564862,49.205712175409026,0.0,0.0,0.0,False,False,False
main,deterministic,deterministic,2025-10-01,40,True,True,0,,,0.7,20.0,optimal,1.760631299999659,1.760632000004989,0.0,0,0,16583.409213921255,417.97572619390195,17001.384940115156,17017.276416956578,17435.25214315048,201897.547100306,0.305957500573138,52.355659750067524,0.0,0.0,0.0,False,False,False
main,deterministic,deterministic,2025-10-01,41,True,True,0,,,0.7,20.0,optimal,1.760631299999659,1.760632000004989,0.0,0,0,16583.409213921255,417.97572619390195,17001.384940115156,16578.08310572782,16996.05883192172,197321.01756707218,0.8179278927895772,46.3311381574735,0.0,0.05273637025004074,0.0,False,True,False
main,deterministic,deterministic,2025-10-01,42,True,True,0,,,0.7,20.0,optimal,1.760631299999659,1.760632000004989,0.0,0,0,16583.409213921255,417.97572619390195,17001.384940115156,16828.922171038845,17246.897897232746,198286.5397567498,1.6199673594329567,60.26383317069529,0.0,0.014481198374794557,0.0,False,True,False
main,deterministic,deterministic,2025-10-01,43,True,True,0,,,0.7,20.0,optimal,1.760631299999659,1.760632000004989,0.0,0,0,16583.409213921255,417.97572619390195,17001.384940115156,15775.604715799633,16193.580441993534,177448.9709496156,0.0,60.323649687293056,0.0,0.0,0.0,False,False,False
main,deterministic,deterministic,2025-10-01,44,True,True,0,,,0.7,20.0,optimal,1.760631299999659,1.760632000004989,0.0,0,0,16583.409213921255,417.97572619390195,17001.384940115156,16254.292794186827,16672.26852038073,185597.99384141114,0.0,59.97297404544829,0.0,0.0,0.0,False,False,False
main,deterministic,deterministic,2025-10-01,45,True,True,0,,,0.7,20.0,optimal,1.760631299999659,1.760632000004989,0.0,0,0,16583.409213921255,417.97572619390195,17001.384940115156,16975.51450301181,17393.490229205712,203527.56549653696,1.1669514634576825,62.661770213933124,0.0,0.04944231691862422,0.0,False,True,False
main,deterministic,deterministic,2025-10-01,46,True,True,0,,,0.7,20.0,optimal,1.760631299999659,1.760632000004989,0.0,0,0,16583.409213921255,417.97572619390195,17001.384940115156,16553.76730331181,16971.743029505713,194661.4919544142,0.08490534227874513,56.88347637356551,0.0,0.0,0.0,False,False,False
main,deterministic,deterministic,2025-10-01,47,True,True,0,,,0.7,20.0,optimal,1.760631299999659,1.760632000004989,0.0,0,0,16583.409213921255,417.97572619390195,17001.384940115156,16621.994261880212,17039.969988074114,202492.25138437236,0.024171348048799057,57.26712282046803,0.0,0.0,0.0,False,False,False
main,deterministic,deterministic,2025-10-01,48,True,True,0,,,0.7,20.0,optimal,1.760631299999659,1.760632000004989,0.0,0,0,16583.409213921255,417.97572619390195,17001.384940115156,17282.045628340864,17700.021354534765,212444.3129552103,0.7766892977428475,55.87288118131108,0.0,0.0,0.0,False,False,False
main,deterministic,deterministic,2025-10-01,49,True,True,0,,,0.7,20.0,optimal,1.760631299999659,1.760632000004989,0.0,0,0,16583.409213921255,417.97572619390195,17001.384940115156,16677.552131811823,17095.527858005724,206768.7342395961,0.24085377169757782,61.558402859181406,0.0,0.0,0.0,False,False,False
main,deterministic,deterministic,2025-10-01,50,True,True,0,,,0.7,20.0,optimal,1.760631299999659,1.760632000004989,0.0,0,0,16583.409213921255,417.97572619390195,17001.384940115156,16370.696130347489,16788.67185654139,195455.02644478902,0.7846025390612257,62.465527011095645,0.0,0.0,0.0,False,False,False
main,deterministic,deterministic,2025-10-01,51,True,True,0,,,0.7,20.0,optimal,1.760631299999659,1.760632000004989,0.0,0,0,16583.409213921255,417.97572619390195,17001.384940115156,16017.066989275665,16435.042715469568,184760.52126486247,0.14070860517354955,59.3701136242145,0.0,0.0,0.0,False,False,False
main,deterministic,deterministic,2025-10-01,52,True,True,0,,,0.7,20.0,optimal,1.760631299999659,1.760632000004989,0.0,0,0,16583.409213921255,417.97572619390195,17001.384940115156,17139.843150920842,17557.818877114743,208935.27174837713,0.05677525245396975,61.98221002252979,0.0,0.0,0.0,False,False,False
main,deterministic,deterministic,2025-10-01,53,True,True,0,,,0.7,20.0,optimal,1.760631299999659,1.760632000004989,0.0,0,0,16583.409213921255,417.97572619390195,17001.384940115156,16504.837076801014,16922.812802994915,189476.09222264535,0.6450295566358395,52.870511103188655,0.0,0.014291162264282065,0.0,False,True,False
main,deterministic,deterministic,2025-10-01,54,True,True,0,,,0.7,20.0,optimal,1.760631299999659,1.760632000004989,0.0,0,0,16583.409213921255,417.97572619390195,17001.384940115156,17095.45335980338,17513.429085997283,205428.55774718995,0.4710242797028942,56.294842396375465,0.0,0.0,0.0,False,False,False
main,deterministic,deterministic,2025-10-01,55,True,True,0,,,0.7,20.0,optimal,1.760631299999659,1.760632000004989,0.0,0,0,16583.409213921255,417.97572619390195,17001.384940115156,16577.322986113202,16995.298712307103,192923.03902048865,0.6999385713695836,63.792257448895604,0.0,0.0234742008208062,0.0,False,True,False
main,deterministic,deterministic,2025-10-01,56,True,True,0,,,0.7,20.0,optimal,1.760631299999659,1.760632000004989,0.0,0,0,16583.409213921255,417.97572619390195,17001.384940115156,16549.168882765858,16967.14460895976,196558.14002444976,0.6980611999256603,49.55095713222601,0.0,0.0,0.0,False,False,False
main,deterministic,deterministic,2025-10-01,57,True,True,0,,,0.7,20.0,optimal,1.760631299999659,1.760632000004989,0.0,0,0,16583.409213921255,417.97572619390195,17001.384940115156,16441.91546288612,16859.891189080023,190746.78030320304,0.8001889450700397,57.12152195086928,0.0,0.0,0.0,False,False,False
main,deterministic,deterministic,2025-10-01,58,True,True,0,,,0.7,20.0,optimal,1.760631299999659,1.760632000004989,0.0,0,0,16583.409213921255,417.97572619390195,17001.384940115156,17319.03585341225,17737.01157960615,212515.80618262655,0.05158300181823283,62.966965400532644,0.0,0.0,0.0,False,False,False
main,deterministic,deterministic,2025-10-01,59,True,True,0,,,0.7,20.0,optimal,1.760631299999659,1.760632000004989,0.0,0,0,16583.409213921255,417.97572619390195,17001.384940115156,17309.42020500381,17727.395931197712,212223.96116719322,0.0,59.02254090991427,0.0,0.0,0.0,False,False,False
main,deterministic,deterministic,2025-10-01,60,True,True,0,,,0.7,20.0,optimal,1.760631299999659,1.760632000004989,0.0,0,0,16583.409213921255,417.97572619390195,17001.384940115156,16505.324417264954,16923.300143458855,199508.44973596474,0.019051133371371654,55.15986879600004,0.0,0.0,0.0,False,False,False
main,deterministic,deterministic,2025-10-01,61,True,True,0,,,0.7,20.0,optimal,1.760631299999659,1.760632000004989,0.0,0,0,16583.409213921255,417.97572619390195,17001.384940115156,16545.49187249526,16963.46759868916,197274.69142944188,0.001989528139024088,48.32355368495881,0.0,0.0,0.0,False,False,False
main,deterministic,deterministic,2025-10-01,62,True,True,0,,,0.7,20.0,optimal,1.760631299999659,1.760632000004989,0.0,0,0,16583.409213921255,417.97572619390195,17001.384940115156,15911.631485684691,16329.607211878592,179985.05832172604,0.6512951525679596,59.85921791314388,0.0,0.0,0.0,False,False,False
main,deterministic,deterministic,2025-10-01,63,True,True,0,,,0.7,20.0,optimal,1.760631299999659,1.760632000004989,0.0,0,0,16583.409213921255,417.97572619390195,17001.384940115156,16830.170275213462,17248.146001407364,192614.14234101636,0.015115534269849906,63.27537746981678,0.0,0.0,0.0,False,False,False
main,deterministic,deterministic,2025-10-01,64,True,True,0,,,0.7,20.0,optimal,1.760631299999659,1.760632000004989,0.0,0,0,16583.409213921255,417.97572619390195,17001.384940115156,16133.70168418671,16551.677410380613,181433.80446834312,0.06586352923313887,52.56303678630493,0.0,0.0,0.0,False,False,False
main,deterministic,deterministic,2025-10-01,65,True,True,0,,,0.7,20.0,optimal,1.760631299999659,1.760632000004989,0.0,0,0,16583.409213921255,417.97572619390195,17001.384940115156,16965.5860310707,17383.5617572646,194434.4661156469,0.0,59.79932996381316,0.0,0.0,0.0,False,False,False
main,deterministic,deterministic,2025-10-01,66,True,True,0,,,0.7,20.0,optimal,1.760631299999659,1.760632000004989,0.0,0,0,16583.409213921255,417.97572619390195,17001.384940115156,16843.75360825516,17261.72933444906,202231.03237228343,0.44257671110493724,63.48826910431279,0.0,0.0,0.0,False,False,False
main,deterministic,deterministic,2025-10-01,67,True,True,0,,,0.7,20.0,optimal,1.760631299999659,1.760632000004989,0.0,0,0,16583.409213921255,417.97572619390195,17001.384940115156,15907.510927559566,16325.486653753467,175760.50306773768,0.23794580796608922,57.91298759561015,0.0,0.0,0.0,False,False,False
main,deterministic,deterministic,2025-10-01,68,True,True,0,,,0.7,20.0,optimal,1.760631299999659,1.760632000004989,0.0,0,0,16583.409213921255,417.97572619390195,17001.384940115156,17520.794716219294,17938.770442413195,219679.00954762657,0.19460559350904783,60.821453847183705,0.0,0.0,0.0,False,False,False
main,deterministic,deterministic,2025-10-01,69,True,True,0,,,0.7,20.0,optimal,1.760631299999659,1.760632000004989,0.0,0,0,16583.409213921255,417.97572619390195,17001.384940115156,17283.29862386904,17701.27435006294,215222.6569701249,0.6359215034117502,60.27874061870264,0.0,0.0,0.0,False,False,False
main,deterministic,deterministic,2025-10-01,70,True,True,0,,,0.7,20.0,optimal,1.760631299999659,1.760632000004989,0.0,0,0,16583.409213921255,417.97572619390195,17001.384940115156,16911.65422760549,17329.62995379939,206213.5214254304,0.0,61.359912676016144,0.0,0.0,0.0,False,False,False
main,deterministic,deterministic,2025-10-01,71,True,True,0,,,0.7,20.0,optimal,1.760631299999659,1.760632000004989,0.0,0,0,16583.409213921255,417.97572619390195,17001.384940115156,16022.347923904157,16440.32365009806,186664.1733523614,0.25881607670711304,64.0865425719391,0.0,0.0,0.0,False,False,False
main,deterministic,deterministic,2025-10-01,72,True,True,0,,,0.7,20.0,optimal,1.760631299999659,1.760632000004989,0.0,0,0,16583.409213921255,417.97572619390195,17001.384940115156,16257.842272947728,16675.81799914163,188464.3054618645,0.03558917409377815,63.017931898356075,0.0,0.0,0.0,False,False,False
main,deterministic,deterministic,2025-10-01,73,True,True,0,,,0.7,20.0,optimal,1.760631299999659,1.760632000004989,0.0,0,0,16583.409213921255,417.97572619390195,17001.384940115156,16548.746688305073,16966.722414498974,191610.70734970056,0.32633876841128917,57.21183480273782,0.0,0.0,0.0,False,False,False
main,deterministic,deterministic,2025-10-01,74,True,True,0,,,0.7,20.0,optimal,1.760631299999659,1.760632000004989,0.0,0,0,16583.409213921255,417.97572619390195,17001.384940115156,16198.46203681783,16616.43776301173,179535.1980806283,0.3463611719868531,59.278486955926375,0.0,0.0,0.0,False,False,False
main,deterministic,deterministic,2025-10-01,75,True,True,0,,,0.7,20.0,optimal,1.760631299999659,1.760632000004989,0.0,0,0,16583.409213921255,417.97572619390195,17001.384940115156,16709.655414745197,17127.6311409391,197699.2299893502,0.6466676711845123,56.89901579080069,0.0,0.0,0.0,False,False,False
main,deterministic,deterministic,2025-10-01,76,True,True,0,,,0.7,20.0,optimal,1.760631299999659,1.760632000004989,0.0,0,0,16583.409213921255,417.97572619390195,17001.384940115156,17162.01379133717,17579.98951753107,213798.35863700838,0.47052547342830275,58.22343757185154,0.0,0.0,0.0,False,False,False
main,deterministic,deterministic,2025-10-01,77,True,True,0,,,0.7,20.0,optimal,1.760631299999659,1.760632000004989,0.0,0,0,16583.409213921255,417.97572619390195,17001.384940115156,16199.42978566017,16617.40551185407,179858.64649096443,1.4218641910743113,55.948967001282085,0.0,0.0,0.0,False,False,False
main,deterministic,deterministic,2025-10-01,78,True,True,0,,,0.7,20.0,optimal,1.760631299999659,1.760632000004989,0.0,0,0,16583.409213921255,417.97572619390195,17001.384940115156,16136.480548181895,16554.456274375796,184085.62082399667,0.028437950801954215,57.551114961922025,0.0,0.0,0.0,False,False,False
main,deterministic,deterministic,2025-10-01,79,True,True,0,,,0.7,20.0,optimal,1.760631299999659,1.760632000004989,0.0,0,0,16583.409213921255,417.97572619390195,17001.384940115156,17189.27021690818,17607.24594310208,207219.94874685904,0.1558139718469702,54.881334966029755,0.0,0.0,0.0,False,False,False
main,deterministic,deterministic,2025-10-01,80,True,True,0,,,0.7,20.0,optimal,1.760631299999659,1.760632000004989,0.0,0,0,16583.409213921255,417.97572619390195,17001.384940115156,16971.386866599638,17389.36259279354,206378.5932310432,0.0,55.845844844138014,0.0,0.0,0.0,False,False,False
main,deterministic,deterministic,2025-10-01,81,True,True,0,,,0.7,20.0,optimal,1.760631299999659,1.760632000004989,0.0,0,0,16583.409213921255,417.97572619390195,17001.384940115156,16715.26477953738,17133.240505731283,192437.97030085276,0.41285225270565107,64.19844772907145,0.0,0.0,0.0,False,False,False
main,deterministic,deterministic,2025-10-01,82,True,True,0,,,0.7,20.0,optimal,1.760631299999659,1.760632000004989,0.0,0,0,16583.409213921255,417.97572619390195,17001.384940115156,16189.534436671214,16607.510162865117,187581.51150176383,0.6133248141961224,53.17277347000368,0.0,0.0,0.0,False,False,False
main,deterministic,deterministic,2025-10-01,83,True,True,0,,,0.7,20.0,optimal,1.760631299999659,1.760632000004989,0.0,0,0,16583.409213921255,417.97572619390195,17001.384940115156,17052.405656714578,17470.38138290848,209535.70207849465,0.002222773322562377,55.70928708817098,0.0,0.19248191814942905,0.0,False,True,False
main,deterministic,deterministic,2025-10-01,84,True,True,0,,,0.7,20.0,optimal,1.760631299999659,1.760632000004989,0.0,0,0,16583.409213921255,417.97572619390195,17001.384940115156,17375.775250147173,17793.750976341074,209675.08621979514,0.13594310306916002,56.17147722241237,0.0,0.12142475297072464,0.0,False,True,False
main,deterministic,deterministic,2025-10-01,85,True,True,0,,,0.7,20.0,optimal,1.760631299999659,1.760632000004989,0.0,0,0,16583.409213921255,417.97572619390195,17001.384940115156,16849.826652807787,17267.80237900169,199969.52005695424,2.5812278075311816,61.613440018544104,0.0,0.1279883218105462,0.0,False,True,False
main,deterministic,deterministic,2025-10-01,86,True,True,0,,,0.7,20.0,optimal,1.760631299999659,1.760632000004989,0.0,0,0,16583.409213921255,417.97572619390195,17001.384940115156,16816.570140904503,17234.545867098404,197711.54987090593,0.0,54.87934598742576,0.0,0.0,0.0,False,False,False
main,deterministic,deterministic,2025-10-01,87,True,True,0,,,0.7,20.0,optimal,1.760631299999659,1.760632000004989,0.0,0,0,16583.409213921255,417.97572619390195,17001.384940115156,15748.450166001658,16166.425892195559,174965.71158050737,0.44065114985752274,59.44569422039857,0.0,0.0,0.0,False,False,False
main,deterministic,deterministic,2025-10-01,88,True,True,0,,,0.7,20.0,optimal,1.760631299999659,1.760632000004989,0.0,0,0,16583.409213921255,417.97572619390195,17001.384940115156,16157.919617349095,16575.895343542998,178018.00703860374,0.0706528013489911,61.09961784040284,0.0,0.0,0.0,False,False,False
main,deterministic,deterministic,2025-10-01,89,True,True,0,,,0.7,20.0,optimal,1.760631299999659,1.760632000004989,0.0,0,0,16583.409213921255,417.97572619390195,17001.384940115156,16606.71164201859,17024.68736821249,194882.237808972,0.8719953276013814,58.995940239061625,0.0,0.0,0.0,False,False,False
main,deterministic,deterministic,2025-10-01,90,True,True,0,,,0.7,20.0,optimal,1.760631299999659,1.760632000004989,0.0,0,0,16583.409213921255,417.97572619390195,17001.384940115156,16370.698276837078,16788.67400303098,190035.52202501768,0.5971300182435995,62.48480302347424,0.0,0.0,0.0,False,False,False
main,deterministic,deterministic,2025-10-01,91,True,True,0,,,0.7,20.0,optimal,1.760631299999659,1.760632000004989,0.0,0,0,16583.409213921255,417.97572619390195,17001.384940115156,15651.179127275474,16069.154853469376,167989.98149097763,0.34327154982423524,58.15937267712617,0.0,0.0,0.0,False,False,False
main,deterministic,deterministic,2025-10-01,92,True,True,0,,,0.7,20.0,optimal,1.760631299999659,1.760632000004989,0.0,0,0,16583.409213921255,417.97572619390195,17001.384940115156,16446.365911926438,16864.34163812034,182834.32118707447,0.0,48.08118248412971,0.0,0.0,0.0,False,False,False
main,deterministic,deterministic,2025-10-01,93,True,True,0,,,0.7,20.0,optimal,1.760631299999659,1.760632000004989,0.0,0,0,16583.409213921255,417.97572619390195,17001.384940115156,16354.333073867827,16772.308800061728,195571.74949068658,0.670225981070141,60.127584897284585,0.0,0.02544623856672268,0.0,False,True,False
main,deterministic,deterministic,2025-10-01,94,True,True,0,,,0.7,20.0,optimal,1.760631299999659,1.760632000004989,0.0,0,0,16583.409213921255,417.97572619390195,17001.384940115156,16334.116591333053,16752.092317526956,186368.07838299006,0.0,53.62111765554196,0.0,0.0,0.0,False,False,False
main,deterministic,deterministic,2025-10-01,95,True,True,0,,,0.7,20.0,optimal,1.760631299999659,1.760632000004989,0.0,0,0,16583.409213921255,417.97572619390195,17001.384940115156,16080.485476357582,16498.461202551483,182813.12283217066,0.2955355215113148,59.66038220450669,0.0,0.0,0.0,False,False,False
main,deterministic,deterministic,2025-10-01,96,True,True,0,,,0.7,20.0,optimal,1.760631299999659,1.760632000004989,0.0,0,0,16583.409213921255,417.97572619390195,17001.384940115156,16253.18004686808,16671.155773061982,189060.43854459166,0.5817373500705392,55.785065596711284,0.0,0.0,0.0,False,False,False
main,deterministic,deterministic,2025-10-01,97,True,True,0,,,0.7,20.0,optimal,1.760631299999659,1.760632000004989,0.0,0,0,16583.409213921255,417.97572619390195,17001.384940115156,16305.11613931102,16723.09186550492,187450.2206316308,0.3287074808220275,60.42344751757303,0.0,0.0,0.0,False,False,False
main,deterministic,deterministic,2025-10-01,98,True,True,0,,,0.7,20.0,optimal,1.760631299999659,1.760632000004989,0.0,0,0,16583.409213921255,417.97572619390195,17001.384940115156,16452.723163985473,16870.698890179374,187933.87101588014,0.8996580896005733,50.129971359143155,0.0,0.0,0.0,False,False,False
main,deterministic,deterministic,2025-10-01,99,True,True,0,,,0.7,20.0,optimal,1.760631299999659,1.760632000004989,0.0,0,0,16583.409213921255,417.97572619390195,17001.384940115156,16172.740214673458,16590.71594086736,184801.4328335809,0.08180214580385536,60.44063078031674,0.0,0.0,0.0,False,False,False
