suite,configuration,method,window,workload_replay_id,energy_uncertainty,workload_uncertainty,sample_size,gamma,rho,effective_capacity_fraction,bess_degradation_cost_usd_per_mwh_throughput,solver_status,solve_wall_time_seconds,solver_runtime_seconds,mip_gap,decomposition_iterations,active_scenario_count,nominal_grid_cost_usd,nominal_bess_degradation_cost_usd,nominal_operating_cost_usd,actual_grid_cost_usd,actual_operating_cost_usd,actual_carbon_kg,actual_curtailment_mwh,batch_adjustment_mwh,workload_envelope_violation_mwh,grid_limit_violation_mw,ramp_violation_mw,workload_violation,grid_limit_violation,ramp_violation
main,deterministic,deterministic,2025-01-01,0,True,True,0,,,0.7,20.0,optimal,1.8553198000008706,1.855321199996979,0.0,0,0,15664.811973990281,174.34157851920799,15839.15355250949,15900.648655912051,16074.99023443126,193346.88537006645,0.008610550965051478,49.71438669415301,0.0,0.0,0.0,False,False,False
main,deterministic,deterministic,2025-01-01,1,True,True,0,,,0.7,20.0,optimal,1.8553198000008706,1.855321199996979,0.0,0,0,15664.811973990281,174.34157851920799,15839.15355250949,16053.542280356161,16227.88385887537,195412.92163758175,0.07981198974935005,58.551512497409014,0.0,0.0,0.0,False,False,False
main,deterministic,deterministic,2025-01-01,2,True,True,0,,,0.7,20.0,optimal,1.8553198000008706,1.855321199996979,0.0,0,0,15664.811973990281,174.34157851920799,15839.15355250949,15019.844112187751,15194.18569070696,170641.7641304991,0.13686734674328319,45.7545852700877,0.0,0.0,0.0,False,False,False
main,deterministic,deterministic,2025-01-01,3,True,True,0,,,0.7,20.0,optimal,1.8553198000008706,1.855321199996979,0.0,0,0,15664.811973990281,174.34157851920799,15839.15355250949,15791.124595342964,15965.466173862173,172192.25175501488,0.14310082452627804,52.94155496761647,0.0,0.0,0.0,False,False,False
main,deterministic,deterministic,2025-01-01,4,True,True,0,,,0.7,20.0,optimal,1.8553198000008706,1.855321199996979,0.0,0,0,15664.811973990281,174.34157851920799,15839.15355250949,16135.018837140013,16309.360415659221,189900.80578323232,0.0,46.986375399821824,0.0,0.0,0.0,False,False,False
main,deterministic,deterministic,2025-01-01,5,True,True,0,,,0.7,20.0,optimal,1.8553198000008706,1.855321199996979,0.0,0,0,15664.811973990281,174.34157851920799,15839.15355250949,15284.892907098478,15459.234485617686,184686.57236991441,0.16120819357238692,52.837645054581714,0.0,0.0,0.0,False,False,False
main,deterministic,deterministic,2025-01-01,6,True,True,0,,,0.7,20.0,optimal,1.8553198000008706,1.855321199996979,0.0,0,0,15664.811973990281,174.34157851920799,15839.15355250949,14795.649855598664,14969.991434117872,162922.63825475072,0.0,45.837728942753344,0.0,0.0,0.0,False,False,False
main,deterministic,deterministic,2025-01-01,7,True,True,0,,,0.7,20.0,optimal,1.8553198000008706,1.855321199996979,0.0,0,0,15664.811973990281,174.34157851920799,15839.15355250949,15809.857939902398,15984.199518421607,177742.19052390356,0.0,50.619015457123304,0.0,0.0,0.0,False,False,False
main,deterministic,deterministic,2025-01-01,8,True,True,0,,,0.7,20.0,optimal,1.8553198000008706,1.855321199996979,0.0,0,0,15664.811973990281,174.34157851920799,15839.15355250949,15572.917168270646,15747.258746789854,190724.48301205796,0.1640531620916853,49.21212717333902,0.0,0.0,0.0,False,False,False
main,deterministic,deterministic,2025-01-01,9,True,True,0,,,0.7,20.0,optimal,1.8553198000008706,1.855321199996979,0.0,0,0,15664.811973990281,174.34157851920799,15839.15355250949,15323.784248035545,15498.125826554753,180738.62755509355,0.015180273572060421,59.61789708948864,0.0,0.0,0.0,False,False,False
main,deterministic,deterministic,2025-01-01,10,True,True,0,,,0.7,20.0,optimal,1.8553198000008706,1.855321199996979,0.0,0,0,15664.811973990281,174.34157851920799,15839.15355250949,15000.724698626838,15175.066277146047,174364.3192488623,0.14039656588551974,50.79750685718286,0.0,0.0,0.0,False,False,False
main,deterministic,deterministic,2025-01-01,11,True,True,0,,,0.7,20.0,optimal,1.8553198000008706,1.855321199996979,0.0,0,0,15664.811973990281,174.34157851920799,15839.15355250949,15588.237469130981,15762.57904765019,182312.16195758327,0.05303992785066686,41.35474436200238,0.0,0.0,0.0,False,False,False
main,deterministic,deterministic,2025-01-01,12,True,True,0,,,0.7,20.0,optimal,1.8553198000008706,1.855321199996979,0.0,0,0,15664.811973990281,174.34157851920799,15839.15355250949,15534.926913966172,15709.26849248538,180992.59807802385,0.11315369616853735,43.79836945547456,0.0,0.0,0.0,False,False,False
main,deterministic,deterministic,2025-01-01,13,True,True,0,,,0.7,20.0,optimal,1.8553198000008706,1.855321199996979,0.0,0,0,15664.811973990281,174.34157851920799,15839.15355250949,15683.5265000241,15857.868078543308,182534.98697007803,0.07503688128387973,53.977881637499166,0.0,0.0,0.0,False,False,False
main,deterministic,deterministic,2025-01-01,14,True,True,0,,,0.7,20.0,optimal,1.8553198000008706,1.855321199996979,0.0,0,0,15664.811973990281,174.34157851920799,15839.15355250949,15540.885798320736,15715.227376839945,178590.5454690551,0.23027644326099495,49.75309494670886,0.0,0.0,0.0,False,False,False
main,deterministic,deterministic,2025-01-01,15,True,True,0,,,0.7,20.0,optimal,1.8553198000008706,1.855321199996979,0.0,0,0,15664.811973990281,174.34157851920799,15839.15355250949,15914.806616303866,16089.148194823074,197430.1995422243,0.071650419199937,44.5303844264615,0.0,0.0,0.0,False,False,False
main,deterministic,deterministic,2025-01-01,16,True,True,0,,,0.7,20.0,optimal,1.8553198000008706,1.855321199996979,0.0,0,0,15664.811973990281,174.34157851920799,15839.15355250949,15789.579746425183,15963.921324944391,198181.43792344275,0.15152295868433677,47.03934661296666,0.0,0.0,0.0,False,False,False
main,deterministic,deterministic,2025-01-01,17,True,True,0,,,0.7,20.0,optimal,1.8553198000008706,1.855321199996979,0.0,0,0,15664.811973990281,174.34157851920799,15839.15355250949,16314.15878039066,16488.500358909867,209653.6847574354,0.05039206145554331,57.21090715074006,0.0,0.0,0.0,False,False,False
main,deterministic,deterministic,2025-01-01,18,True,True,0,,,0.7,20.0,optimal,1.8553198000008706,1.855321199996979,0.0,0,0,15664.811973990281,174.34157851920799,15839.15355250949,16340.935348455121,16515.27692697433,204185.10865566236,0.0,55.683801154402474,0.0,0.0,0.0,False,False,False
main,deterministic,deterministic,2025-01-01,19,True,True,0,,,0.7,20.0,optimal,1.8553198000008706,1.855321199996979,0.0,0,0,15664.811973990281,174.34157851920799,15839.15355250949,15299.056025330243,15473.397603849451,180969.24017706997,0.3844546593392321,51.6084618402518,0.0,0.0,0.0,False,False,False
main,deterministic,deterministic,2025-01-01,20,True,True,0,,,0.7,20.0,optimal,1.8553198000008706,1.855321199996979,0.0,0,0,15664.811973990281,174.34157851920799,15839.15355250949,15431.162495796987,15605.504074316195,178607.38647455757,0.1309575869994097,46.77336283927768,0.0,0.0,0.0,False,False,False
main,deterministic,deterministic,2025-01-01,21,True,True,0,,,0.7,20.0,optimal,1.8553198000008706,1.855321199996979,0.0,0,0,15664.811973990281,174.34157851920799,15839.15355250949,15569.407175165512,15743.74875368472,194227.15752472525,0.0,45.83852485010327,0.0,0.0,0.0,False,False,False
main,deterministic,deterministic,2025-01-01,22,True,True,0,,,0.7,20.0,optimal,1.8553198000008706,1.855321199996979,0.0,0,0,15664.811973990281,174.34157851920799,15839.15355250949,16749.569256997653,16923.91083551686,217190.83352682705,0.16832173070455436,50.92334217354549,0.0,0.0,0.0,False,False,False
main,deterministic,deterministic,2025-01-01,23,True,True,0,,,0.7,20.0,optimal,1.8553198000008706,1.855321199996979,0.0,0,0,15664.811973990281,174.34157851920799,15839.15355250949,15812.6754226367,15987.017001155908,194657.6072390399,0.05782658985108852,50.728561251422214,0.0,0.0,0.0,False,False,False
main,deterministic,deterministic,2025-01-01,24,True,True,0,,,0.7,20.0,optimal,1.8553198000008706,1.855321199996979,0.0,0,0,15664.811973990281,174.34157851920799,15839.15355250949,16418.72201105017,16593.063589569378,203088.5899255618,0.03981413932992947,51.72176526184524,0.0,0.0,0.0,False,False,False
main,deterministic,deterministic,2025-01-01,25,True,True,0,,,0.7,20.0,optimal,1.8553198000008706,1.855321199996979,0.0,0,0,15664.811973990281,174.34157851920799,15839.15355250949,15550.155628024466,15724.497206543674,188518.53191951502,0.09808865525232549,46.61153127149635,0.0,0.0,0.0,False,False,False
main,deterministic,deterministic,2025-01-01,26,True,True,0,,,0.7,20.0,optimal,1.8553198000008706,1.855321199996979,0.0,0,0,15664.811973990281,174.34157851920799,15839.15355250949,15708.251107199367,15882.592685718575,188445.93627549347,0.036667390447857606,55.76189750725378,0.0,0.0,0.0,False,False,False
main,deterministic,deterministic,2025-01-01,27,True,True,0,,,0.7,20.0,optimal,1.8553198000008706,1.855321199996979,0.0,0,0,15664.811973990281,174.34157851920799,15839.15355250949,16223.482399267756,16397.823977786964,192145.27960254985,0.0,52.10153176393431,0.0,0.0,0.0,False,False,False
main,deterministic,deterministic,2025-01-01,28,True,True,0,,,0.7,20.0,optimal,1.8553198000008706,1.855321199996979,0.0,0,0,15664.811973990281,174.34157851920799,15839.15355250949,15358.176209904035,15532.517788423243,185519.6691990635,0.0,44.155906740031625,0.0,0.0,0.0,False,False,False
main,deterministic,deterministic,2025-01-01,29,True,True,0,,,0.7,20.0,optimal,1.8553198000008706,1.855321199996979,0.0,0,0,15664.811973990281,174.34157851920799,15839.15355250949,15343.485557218242,15517.82713573745,181579.24528522688,0.0,39.46179646606378,0.0,0.0,0.0,False,False,False
main,deterministic,deterministic,2025-01-01,30,True,True,0,,,0.7,20.0,optimal,1.8553198000008706,1.855321199996979,0.0,0,0,15664.811973990281,174.34157851920799,15839.15355250949,16227.624003930492,16401.9655824497,194767.11532594508,0.0,44.99154306109392,0.0,0.0,0.0,False,False,False
main,deterministic,deterministic,2025-01-01,31,True,True,0,,,0.7,20.0,optimal,1.8553198000008706,1.855321199996979,0.0,0,0,15664.811973990281,174.34157851920799,15839.15355250949,15309.49105172537,15483.832630244578,192379.935032994,0.40570128116319604,50.6835426080927,0.0,0.0,0.0,False,False,False
main,deterministic,deterministic,2025-01-01,32,True,True,0,,,0.7,20.0,optimal,1.8553198000008706,1.855321199996979,0.0,0,0,15664.811973990281,174.34157851920799,15839.15355250949,15662.050801799427,15836.392380318635,181788.3141581247,0.0,47.730981544521455,0.0,0.0,0.0,False,False,False
main,deterministic,deterministic,2025-01-01,33,True,True,0,,,0.7,20.0,optimal,1.8553198000008706,1.855321199996979,0.0,0,0,15664.811973990281,174.34157851920799,15839.15355250949,15413.745422097021,15588.08700061623,186212.44593719702,0.27457982590675156,61.09294143769798,0.0,0.0,0.0,False,False,False
main,deterministic,deterministic,2025-01-01,34,True,True,0,,,0.7,20.0,optimal,1.8553198000008706,1.855321199996979,0.0,0,0,15664.811973990281,174.34157851920799,15839.15355250949,16015.9014076926,16190.242986211808,189392.95005886687,0.025395003815926687,51.53867521660099,0.0,0.0,0.0,False,False,False
main,deterministic,deterministic,2025-01-01,35,True,True,0,,,0.7,20.0,optimal,1.8553198000008706,1.855321199996979,0.0,0,0,15664.811973990281,174.34157851920799,15839.15355250949,15190.57783017732,15364.919408696529,175870.12465246537,0.0,54.5153147885865,0.0,0.0,0.0,False,False,False
main,deterministic,deterministic,2025-01-01,36,True,True,0,,,0.7,20.0,optimal,1.8553198000008706,1.855321199996979,0.0,0,0,15664.811973990281,174.34157851920799,15839.15355250949,15033.413579883207,15207.755158402415,167249.75533603787,0.03886863626759329,53.80278552942703,0.0,0.0,0.0,False,False,False
main,deterministic,deterministic,2025-01-01,37,True,True,0,,,0.7,20.0,optimal,1.8553198000008706,1.855321199996979,0.0,0,0,15664.811973990281,174.34157851920799,15839.15355250949,15335.651746982481,15509.99332550169,179938.9496136266,0.052763937005392114,41.882612968267644,0.0,0.0,0.0,False,False,False
main,deterministic,deterministic,2025-01-01,38,True,True,0,,,0.7,20.0,optimal,1.8553198000008706,1.855321199996979,0.0,0,0,15664.811973990281,174.34157851920799,15839.15355250949,15457.736436565678,15632.078015084886,179584.10229151437,0.002117874196487346,48.4043364911151,0.0,0.0,0.0,False,False,False
main,deterministic,deterministic,2025-01-01,39,True,True,0,,,0.7,20.0,optimal,1.8553198000008706,1.855321199996979,0.0,0,0,15664.811973990281,174.34157851920799,15839.15355250949,15372.459499768953,15546.801078288161,175792.50176955725,0.013895517942744462,41.60271407236724,0.0,0.0,0.0,False,False,False
main,deterministic,deterministic,2025-01-01,40,True,True,0,,,0.7,20.0,optimal,1.8553198000008706,1.855321199996979,0.0,0,0,15664.811973990281,174.34157851920799,15839.15355250949,15680.218013221163,15854.559591740372,187945.6158788675,0.11810703776293519,43.18758078957161,0.0,0.0,0.0,False,False,False
main,deterministic,deterministic,2025-01-01,41,True,True,0,,,0.7,20.0,optimal,1.8553198000008706,1.855321199996979,0.0,0,0,15664.811973990281,174.34157851920799,15839.15355250949,16744.28627278233,16918.62785130154,222259.88592205546,0.0,36.047412155705736,0.0,0.0,0.0,False,False,False
main,deterministic,deterministic,2025-01-01,42,True,True,0,,,0.7,20.0,optimal,1.8553198000008706,1.855321199996979,0.0,0,0,15664.811973990281,174.34157851920799,15839.15355250949,16088.150566757871,16262.49214527708,193603.44645525672,0.010742601992814127,54.0164834330247,0.0,0.0,0.0,False,False,False
main,deterministic,deterministic,2025-01-01,43,True,True,0,,,0.7,20.0,optimal,1.8553198000008706,1.855321199996979,0.0,0,0,15664.811973990281,174.34157851920799,15839.15355250949,15680.990052063442,15855.33163058265,193791.35511115994,0.06523208677837308,51.60493835408365,0.0,0.0,0.0,False,False,False
main,deterministic,deterministic,2025-01-01,44,True,True,0,,,0.7,20.0,optimal,1.8553198000008706,1.855321199996979,0.0,0,0,15664.811973990281,174.34157851920799,15839.15355250949,15887.728737108318,16062.070315627527,193592.4330325021,0.0,50.04895735022416,0.0,0.0,0.0,False,False,False
main,deterministic,deterministic,2025-01-01,45,True,True,0,,,0.7,20.0,optimal,1.8553198000008706,1.855321199996979,0.0,0,0,15664.811973990281,174.34157851920799,15839.15355250949,15353.078432743538,15527.420011262746,177552.9300297838,0.13599198315413386,53.707742762288255,0.0,0.0,0.0,False,False,False
main,deterministic,deterministic,2025-01-01,46,True,True,0,,,0.7,20.0,optimal,1.8553198000008706,1.855321199996979,0.0,0,0,15664.811973990281,174.34157851920799,15839.15355250949,15600.265261296154,15774.606839815362,185108.9353337504,0.026799436039309593,49.21750142305003,0.0,0.0,0.0,False,False,False
main,deterministic,deterministic,2025-01-01,47,True,True,0,,,0.7,20.0,optimal,1.8553198000008706,1.855321199996979,0.0,0,0,15664.811973990281,174.34157851920799,15839.15355250949,15669.656860018338,15843.998438537546,190619.605966521,0.025066722045320233,50.644996175170206,0.0,0.0,0.0,False,False,False
main,deterministic,deterministic,2025-01-01,48,True,True,0,,,0.7,20.0,optimal,1.8553198000008706,1.855321199996979,0.0,0,0,15664.811973990281,174.34157851920799,15839.15355250949,15932.521684854235,16106.863263373443,195358.25848076103,0.0,49.2959314820093,0.0,0.0,0.0,False,False,False
main,deterministic,deterministic,2025-01-01,49,True,True,0,,,0.7,20.0,optimal,1.8553198000008706,1.855321199996979,0.0,0,0,15664.811973990281,174.34157851920799,15839.15355250949,15133.888757548166,15308.230336067374,178839.96159843952,0.03134619566803351,50.684668899261695,0.0,0.0,0.0,False,False,False
main,deterministic,deterministic,2025-01-01,50,True,True,0,,,0.7,20.0,optimal,1.8553198000008706,1.855321199996979,0.0,0,0,15664.811973990281,174.34157851920799,15839.15355250949,15340.759912231248,15515.101490750456,191865.3238650997,0.017244984846943784,56.144743340116925,0.0,0.0,0.0,False,False,False
main,deterministic,deterministic,2025-01-01,51,True,True,0,,,0.7,20.0,optimal,1.8553198000008706,1.855321199996979,0.0,0,0,15664.811973990281,174.34157851920799,15839.15355250949,15213.729377278454,15388.070955797662,177724.3364416768,0.08435197264860045,50.19335198886057,0.0,0.0,0.0,False,False,False
main,deterministic,deterministic,2025-01-01,52,True,True,0,,,0.7,20.0,optimal,1.8553198000008706,1.855321199996979,0.0,0,0,15664.811973990281,174.34157851920799,15839.15355250949,14931.907534424356,15106.249112943564,168884.22528481128,0.1174471641671552,57.95083593815976,0.0,0.0,0.0,False,False,False
main,deterministic,deterministic,2025-01-01,53,True,True,0,,,0.7,20.0,optimal,1.8553198000008706,1.855321199996979,0.0,0,0,15664.811973990281,174.34157851920799,15839.15355250949,15968.93977299756,16143.281351516769,193382.70324243876,0.0,46.06512543512552,0.0,0.0,0.0,False,False,False
main,deterministic,deterministic,2025-01-01,54,True,True,0,,,0.7,20.0,optimal,1.8553198000008706,1.855321199996979,0.0,0,0,15664.811973990281,174.34157851920799,15839.15355250949,15983.469710714255,16157.811289233463,198314.40845724702,0.11442519960221853,47.571039757972756,0.0,0.0,0.0,False,False,False
main,deterministic,deterministic,2025-01-01,55,True,True,0,,,0.7,20.0,optimal,1.8553198000008706,1.855321199996979,0.0,0,0,15664.811973990281,174.34157851920799,15839.15355250949,16061.090682869148,16235.432261388356,196788.11990854418,0.0,53.87973729129093,0.0,0.0,0.0,False,False,False
main,deterministic,deterministic,2025-01-01,56,True,True,0,,,0.7,20.0,optimal,1.8553198000008706,1.855321199996979,0.0,0,0,15664.811973990281,174.34157851920799,15839.15355250949,15256.072380738993,15430.413959258201,167953.58306656976,0.013777941504111796,37.44819938571568,0.0,0.0,0.0,False,False,False
main,deterministic,deterministic,2025-01-01,57,True,True,0,,,0.7,20.0,optimal,1.8553198000008706,1.855321199996979,0.0,0,0,15664.811973990281,174.34157851920799,15839.15355250949,15513.528516333989,15687.870094853197,192290.04644237598,0.0,50.264497750189086,0.0,0.0,0.0,False,False,False
main,deterministic,deterministic,2025-01-01,58,True,True,0,,,0.7,20.0,optimal,1.8553198000008706,1.855321199996979,0.0,0,0,15664.811973990281,174.34157851920799,15839.15355250949,15201.405975261643,15375.747553780851,183130.61414944974,0.2567810701108692,57.00267873199474,0.0,0.0,0.0,False,False,False
main,deterministic,deterministic,2025-01-01,59,True,True,0,,,0.7,20.0,optimal,1.8553198000008706,1.855321199996979,0.0,0,0,15664.811973990281,174.34157851920799,15839.15355250949,15354.73905557599,15529.080634095199,190234.49137122932,0.13063710328057723,54.91740039073193,0.0,0.0,0.0,False,False,False
main,deterministic,deterministic,2025-01-01,60,True,True,0,,,0.7,20.0,optimal,1.8553198000008706,1.855321199996979,0.0,0,0,15664.811973990281,174.34157851920799,15839.15355250949,15627.946184356364,15802.287762875572,188949.84697623708,0.02869250398901002,51.86198521524029,0.0,0.0,0.0,False,False,False
main,deterministic,deterministic,2025-01-01,61,True,True,0,,,0.7,20.0,optimal,1.8553198000008706,1.855321199996979,0.0,0,0,15664.811973990281,174.34157851920799,15839.15355250949,15942.487666046565,16116.829244565773,196328.95756715356,0.06541761871562471,41.36702832823291,0.0,0.0,0.0,False,False,False
main,deterministic,deterministic,2025-01-01,62,True,True,0,,,0.7,20.0,optimal,1.8553198000008706,1.855321199996979,0.0,0,0,15664.811973990281,174.34157851920799,15839.15355250949,15151.157755378308,15325.499333897516,178938.68244965625,0.10495696461067616,55.8631382096325,0.0,0.0,0.0,False,False,False
main,deterministic,deterministic,2025-01-01,63,True,True,0,,,0.7,20.0,optimal,1.8553198000008706,1.855321199996979,0.0,0,0,15664.811973990281,174.34157851920799,15839.15355250949,15427.7650309707,15602.106609489909,175578.73186159242,0.0,52.96589463447615,0.0,0.0,0.0,False,False,False
main,deterministic,deterministic,2025-01-01,64,True,True,0,,,0.7,20.0,optimal,1.8553198000008706,1.855321199996979,0.0,0,0,15664.811973990281,174.34157851920799,15839.15355250949,15844.68897919682,16019.030557716029,196883.15468272404,0.024708164142894562,49.83069897334866,0.0,0.0,0.0,False,False,False
main,deterministic,deterministic,2025-01-01,65,True,True,0,,,0.7,20.0,optimal,1.8553198000008706,1.855321199996979,0.0,0,0,15664.811973990281,174.34157851920799,15839.15355250949,15454.554189986631,15628.89576850584,187167.57836667006,0.07379408905746754,54.45663099017924,0.0,0.0,0.0,False,False,False
main,deterministic,deterministic,2025-01-01,66,True,True,0,,,0.7,20.0,optimal,1.8553198000008706,1.855321199996979,0.0,0,0,15664.811973990281,174.34157851920799,15839.15355250949,15792.336359817502,15966.67793833671,202053.49932424244,0.0,56.791480465161825,0.0,0.0,0.0,False,False,False
main,deterministic,deterministic,2025-01-01,67,True,True,0,,,0.7,20.0,optimal,1.8553198000008706,1.855321199996979,0.0,0,0,15664.811973990281,174.34157851920799,15839.15355250949,15380.31422290488,15554.655801424089,179904.58573584014,0.0,49.967039466588474,0.0,0.0,0.0,False,False,False
main,deterministic,deterministic,2025-01-01,68,True,True,0,,,0.7,20.0,optimal,1.8553198000008706,1.855321199996979,0.0,0,0,15664.811973990281,174.34157851920799,15839.15355250949,15704.014138431121,15878.35571695033,190558.7322165808,0.0,51.02219698369832,0.0,0.0,0.0,False,False,False
main,deterministic,deterministic,2025-01-01,69,True,True,0,,,0.7,20.0,optimal,1.8553198000008706,1.855321199996979,0.0,0,0,15664.811973990281,174.34157851920799,15839.15355250949,15371.26926714662,15545.610845665828,183877.54419699847,0.0,50.68700042179378,0.0,0.0,0.0,False,False,False
main,deterministic,deterministic,2025-01-01,70,True,True,0,,,0.7,20.0,optimal,1.8553198000008706,1.855321199996979,0.0,0,0,15664.811973990281,174.34157851920799,15839.15355250949,16013.338997067522,16187.68057558673,197141.82182623184,0.14678641662908531,54.24536492014363,0.0,0.0,0.0,False,False,False
main,deterministic,deterministic,2025-01-01,71,True,True,0,,,0.7,20.0,optimal,1.8553198000008706,1.855321199996979,0.0,0,0,15664.811973990281,174.34157851920799,15839.15355250949,15598.372044583946,15772.713623103155,197673.06036222752,0.0,55.077558538732674,0.0,0.0,0.0,False,False,False
main,deterministic,deterministic,2025-01-01,72,True,True,0,,,0.7,20.0,optimal,1.8553198000008706,1.855321199996979,0.0,0,0,15664.811973990281,174.34157851920799,15839.15355250949,16588.69345667764,16763.03503519685,217846.21322572246,0.0,56.83146935725199,0.0,0.0,0.0,False,False,False
main,deterministic,deterministic,2025-01-01,73,True,True,0,,,0.7,20.0,optimal,1.8553198000008706,1.855321199996979,0.0,0,0,15664.811973990281,174.34157851920799,15839.15355250949,16964.196890603638,17138.538469122846,222296.65321961406,0.20616294035811267,51.21176761175134,0.0,0.0,0.0,False,False,False
main,deterministic,deterministic,2025-01-01,74,True,True,0,,,0.7,20.0,optimal,1.8553198000008706,1.855321199996979,0.0,0,0,15664.811973990281,174.34157851920799,15839.15355250949,15749.95065414943,15924.292232668638,194411.74718573576,0.09491895933933497,51.88437539268486,0.0,0.0,0.0,False,False,False
main,deterministic,deterministic,2025-01-01,75,True,True,0,,,0.7,20.0,optimal,1.8553198000008706,1.855321199996979,0.0,0,0,15664.811973990281,174.34157851920799,15839.15355250949,15804.42936270205,15978.770941221259,190066.3481303894,0.07659676973655763,48.63868063309769,0.0,0.0,0.0,False,False,False
main,deterministic,deterministic,2025-01-01,76,True,True,0,,,0.7,20.0,optimal,1.8553198000008706,1.855321199996979,0.0,0,0,15664.811973990281,174.34157851920799,15839.15355250949,15558.91876290271,15733.260341421917,193405.41736197844,0.0,52.24578692450552,0.0,0.0,0.0,False,False,False
main,deterministic,deterministic,2025-01-01,77,True,True,0,,,0.7,20.0,optimal,1.8553198000008706,1.855321199996979,0.0,0,0,15664.811973990281,174.34157851920799,15839.15355250949,15140.0424652295,15314.384043748709,182491.29967038898,0.1075542180101049,45.02984876468327,0.0,0.0,0.0,False,False,False
main,deterministic,deterministic,2025-01-01,78,True,True,0,,,0.7,20.0,optimal,1.8553198000008706,1.855321199996979,0.0,0,0,15664.811973990281,174.34157851920799,15839.15355250949,15783.494205699571,15957.83578421878,200961.26488353463,0.1265873787035643,50.56874422643469,0.0,0.0,0.0,False,False,False
main,deterministic,deterministic,2025-01-01,79,True,True,0,,,0.7,20.0,optimal,1.8553198000008706,1.855321199996979,0.0,0,0,15664.811973990281,174.34157851920799,15839.15355250949,15833.754219431628,16008.095797950837,191720.18328070894,0.07825939491424361,47.446515293611036,0.0,0.0,0.0,False,False,False
main,deterministic,deterministic,2025-01-01,80,True,True,0,,,0.7,20.0,optimal,1.8553198000008706,1.855321199996979,0.0,0,0,15664.811973990281,174.34157851920799,15839.15355250949,15253.125894238527,15427.467472757735,175551.80169065052,0.0,46.64604399297884,0.0,0.0,0.0,False,False,False
main,deterministic,deterministic,2025-01-01,81,True,True,0,,,0.7,20.0,optimal,1.8553198000008706,1.855321199996979,0.0,0,0,15664.811973990281,174.34157851920799,15839.15355250949,15605.131445298417,15779.473023817625,185982.58694543553,0.12867976486990215,59.251924367793166,0.0,0.0,0.0,False,False,False
main,deterministic,deterministic,2025-01-01,82,True,True,0,,,0.7,20.0,optimal,1.8553198000008706,1.855321199996979,0.0,0,0,15664.811973990281,174.34157851920799,15839.15355250949,16393.09625402732,16567.43783254653,201823.4648219927,0.0,41.90986135777774,0.0,0.0,0.0,False,False,False
main,deterministic,deterministic,2025-01-01,83,True,True,0,,,0.7,20.0,optimal,1.8553198000008706,1.855321199996979,0.0,0,0,15664.811973990281,174.34157851920799,15839.15355250949,15773.88834562975,15948.229924148958,197467.8108196491,0.0,45.49809259913078,0.0,0.0,0.0,False,False,False
main,deterministic,deterministic,2025-01-01,84,True,True,0,,,0.7,20.0,optimal,1.8553198000008706,1.855321199996979,0.0,0,0,15664.811973990281,174.34157851920799,15839.15355250949,15349.685501051456,15524.027079570664,183363.98098437433,0.0,40.96517976803164,0.0,0.0,0.0,False,False,False
main,deterministic,deterministic,2025-01-01,85,True,True,0,,,0.7,20.0,optimal,1.8553198000008706,1.855321199996979,0.0,0,0,15664.811973990281,174.34157851920799,15839.15355250949,16247.244298359672,16421.58587687888,207742.77986022504,0.054014661269217557,55.10593869387929,0.0,0.0,0.0,False,False,False
main,deterministic,deterministic,2025-01-01,86,True,True,0,,,0.7,20.0,optimal,1.8553198000008706,1.855321199996979,0.0,0,0,15664.811973990281,174.34157851920799,15839.15355250949,15344.63714016479,15518.978718683999,192956.85836833916,0.02658159100314203,47.65444734102532,0.0,0.0,0.0,False,False,False
main,deterministic,deterministic,2025-01-01,87,True,True,0,,,0.7,20.0,optimal,1.8553198000008706,1.855321199996979,0.0,0,0,15664.811973990281,174.34157851920799,15839.15355250949,15656.850151090548,15831.191729609756,188008.60395292225,0.08458524305384246,50.06282637125636,0.0,0.0,0.0,False,False,False
main,deterministic,deterministic,2025-01-01,88,True,True,0,,,0.7,20.0,optimal,1.8553198000008706,1.855321199996979,0.0,0,0,15664.811973990281,174.34157851920799,15839.15355250949,16283.035203655274,16457.37678217448,198489.06879789027,0.010887234904581211,57.07370888144449,0.0,0.0,0.0,False,False,False
main,deterministic,deterministic,2025-01-01,89,True,True,0,,,0.7,20.0,optimal,1.8553198000008706,1.855321199996979,0.0,0,0,15664.811973990281,174.34157851920799,15839.15355250949,14926.485657719728,15100.827236238936,176716.4512192557,0.2050111283345839,50.30167562217541,0.0,0.0,0.0,False,False,False
main,deterministic,deterministic,2025-01-01,90,True,True,0,,,0.7,20.0,optimal,1.8553198000008706,1.855321199996979,0.0,0,0,15664.811973990281,174.34157851920799,15839.15355250949,16219.26233227285,16393.60391079206,204625.27845132793,0.0,51.31619694174493,0.0,0.0,0.0,False,False,False
main,deterministic,deterministic,2025-01-01,91,True,True,0,,,0.7,20.0,optimal,1.8553198000008706,1.855321199996979,0.0,0,0,15664.811973990281,174.34157851920799,15839.15355250949,15227.230981728548,15401.572560247756,169085.87069662285,0.1318786318832602,49.9555006671932,0.0,0.0,0.0,False,False,False
main,deterministic,deterministic,2025-01-01,92,True,True,0,,,0.7,20.0,optimal,1.8553198000008706,1.855321199996979,0.0,0,0,15664.811973990281,174.34157851920799,15839.15355250949,15288.435301934516,15462.776880453725,175075.01330466438,0.0,41.630806484432554,0.0,0.0,0.0,False,False,False
main,deterministic,deterministic,2025-01-01,93,True,True,0,,,0.7,20.0,optimal,1.8553198000008706,1.855321199996979,0.0,0,0,15664.811973990281,174.34157851920799,15839.15355250949,16287.48620525,16461.827783769208,202386.35410390137,0.0,50.53760293814884,0.0,0.0,0.0,False,False,False
main,deterministic,deterministic,2025-01-01,94,True,True,0,,,0.7,20.0,optimal,1.8553198000008706,1.855321199996979,0.0,0,0,15664.811973990281,174.34157851920799,15839.15355250949,15274.015200011812,15448.35677853102,179815.62019872895,0.1107821011449239,47.60521895089121,0.0,0.0,0.0,False,False,False
main,deterministic,deterministic,2025-01-01,95,True,True,0,,,0.7,20.0,optimal,1.8553198000008706,1.855321199996979,0.0,0,0,15664.811973990281,174.34157851920799,15839.15355250949,15163.568060850359,15337.909639369567,185776.2232907793,0.04790291980276315,50.65762828638454,0.0,0.0,0.0,False,False,False
main,deterministic,deterministic,2025-01-01,96,True,True,0,,,0.7,20.0,optimal,1.8553198000008706,1.855321199996979,0.0,0,0,15664.811973990281,174.34157851920799,15839.15355250949,15592.011116379295,15766.352694898504,190989.07713015092,0.0,47.002729031438264,0.0,0.0,0.0,False,False,False
main,deterministic,deterministic,2025-01-01,97,True,True,0,,,0.7,20.0,optimal,1.8553198000008706,1.855321199996979,0.0,0,0,15664.811973990281,174.34157851920799,15839.15355250949,15629.522508631824,15803.864087151032,196343.05302671104,0.0,51.91250406409079,0.0,0.0,0.0,False,False,False
main,deterministic,deterministic,2025-01-01,98,True,True,0,,,0.7,20.0,optimal,1.8553198000008706,1.855321199996979,0.0,0,0,15664.811973990281,174.34157851920799,15839.15355250949,16214.40047811594,16388.742056635147,210357.2923402134,0.0538379745782466,42.14736812951706,0.0,0.0,0.0,False,False,False
main,deterministic,deterministic,2025-01-01,99,True,True,0,,,0.7,20.0,optimal,1.8553198000008706,1.855321199996979,0.0,0,0,15664.811973990281,174.34157851920799,15839.15355250949,15692.336362453425,15866.677940972633,188246.33494124943,0.09889229074737427,51.79311175883833,0.0,0.0,0.0,False,False,False
main,deterministic,deterministic,2025-04-01,0,True,True,0,,,0.7,20.0,optimal,1.8809438000025693,1.8809461000055308,0.0,0,0,15462.571691668632,498.33225108842646,15960.903942757059,16102.81572094854,16601.147972036968,137593.47990847917,0.0,53.607815753461885,0.0,0.0,0.0,False,False,False
main,deterministic,deterministic,2025-04-01,1,True,True,0,,,0.7,20.0,optimal,1.8809438000025693,1.8809461000055308,0.0,0,0,15462.571691668632,498.33225108842646,15960.903942757059,15891.059617884466,16389.391868972893,138467.42400673736,0.0030923654508921428,62.85637905658272,0.0,0.0,0.0,False,False,False
main,deterministic,deterministic,2025-04-01,2,True,True,0,,,0.7,20.0,optimal,1.8809438000025693,1.8809461000055308,0.0,0,0,15462.571691668632,498.33225108842646,15960.903942757059,14772.161070336831,15270.493321425258,118582.1688589193,0.0,48.137257798706834,0.0,0.0,0.0,False,False,False
main,deterministic,deterministic,2025-04-01,3,True,True,0,,,0.7,20.0,optimal,1.8809438000025693,1.8809461000055308,0.0,0,0,15462.571691668632,498.33225108842646,15960.903942757059,15235.514735853867,15733.846986942293,121527.96075505891,0.07603315560612761,52.812153269850434,0.0,0.0,0.0,False,False,False
main,deterministic,deterministic,2025-04-01,4,True,True,0,,,0.7,20.0,optimal,1.8809438000025693,1.8809461000055308,0.0,0,0,15462.571691668632,498.33225108842646,15960.903942757059,16076.174374408996,16574.506625497423,136027.81339619096,0.017322615863335278,49.13794093688906,0.0,0.0,0.0,False,False,False
main,deterministic,deterministic,2025-04-01,5,True,True,0,,,0.7,20.0,optimal,1.8809438000025693,1.8809461000055308,0.0,0,0,15462.571691668632,498.33225108842646,15960.903942757059,15822.849155606202,16321.181406694628,131573.47850506552,0.10843921453397137,58.816209690259285,0.0,0.0,0.0,False,False,False
main,deterministic,deterministic,2025-04-01,6,True,True,0,,,0.7,20.0,optimal,1.8809438000025693,1.8809461000055308,0.0,0,0,15462.571691668632,498.33225108842646,15960.903942757059,14858.09916504385,15356.431416132276,113226.97710497229,0.0,50.126097724827744,0.0,0.0,0.0,False,False,False
main,deterministic,deterministic,2025-04-01,7,True,True,0,,,0.7,20.0,optimal,1.8809438000025693,1.8809461000055308,0.0,0,0,15462.571691668632,498.33225108842646,15960.903942757059,15279.770949282309,15778.103200370735,125432.02907098527,0.0,52.34295529019905,0.0,0.0,0.0,False,False,False
main,deterministic,deterministic,2025-04-01,8,True,True,0,,,0.7,20.0,optimal,1.8809438000025693,1.8809461000055308,0.0,0,0,15462.571691668632,498.33225108842646,15960.903942757059,15375.933234948072,15874.265486036498,135862.4148761808,0.1379261498010237,53.61644518394529,0.0,0.0,0.0,False,False,False
main,deterministic,deterministic,2025-04-01,9,True,True,0,,,0.7,20.0,optimal,1.8809438000025693,1.8809461000055308,0.0,0,0,15462.571691668632,498.33225108842646,15960.903942757059,15297.413840358497,15795.746091446923,127102.6576668072,0.025059809516121412,60.308765825757355,0.0,0.0,0.0,False,False,False
main,deterministic,deterministic,2025-04-01,10,True,True,0,,,0.7,20.0,optimal,1.8809438000025693,1.8809461000055308,0.0,0,0,15462.571691668632,498.33225108842646,15960.903942757059,15153.607948921945,15651.940200010371,123635.89629327768,0.0,52.374705860333314,0.0,0.0,0.0,False,False,False
main,deterministic,deterministic,2025-04-01,11,True,True,0,,,0.7,20.0,optimal,1.8809438000025693,1.8809461000055308,0.0,0,0,15462.571691668632,498.33225108842646,15960.903942757059,15169.97808813178,15668.310339220207,130986.99025754526,0.0,45.03959038807011,0.0,0.0,0.0,False,False,False
main,deterministic,deterministic,2025-04-01,12,True,True,0,,,0.7,20.0,optimal,1.8809438000025693,1.8809461000055308,0.0,0,0,15462.571691668632,498.33225108842646,15960.903942757059,15430.28398062872,15928.616231717146,128225.8564879305,0.4271830478262032,49.33228905434144,0.0,0.0,0.0,False,False,False
main,deterministic,deterministic,2025-04-01,13,True,True,0,,,0.7,20.0,optimal,1.8809438000025693,1.8809461000055308,0.0,0,0,15462.571691668632,498.33225108842646,15960.903942757059,15588.05079483254,16086.383045920966,129060.50928764131,0.3081157685101554,55.0703408714681,0.0,0.0,0.0,False,False,False
main,deterministic,deterministic,2025-04-01,14,True,True,0,,,0.7,20.0,optimal,1.8809438000025693,1.8809461000055308,0.0,0,0,15462.571691668632,498.33225108842646,15960.903942757059,15049.031571354662,15547.363822443089,124503.37607259337,0.0,53.046133437490724,0.0,0.0,0.0,False,False,False
main,deterministic,deterministic,2025-04-01,15,True,True,0,,,0.7,20.0,optimal,1.8809438000025693,1.8809461000055308,0.0,0,0,15462.571691668632,498.33225108842646,15960.903942757059,15997.158606747511,16495.49085783594,143120.37657340543,0.44434835017925517,49.55355488822253,0.0,0.0,0.0,False,False,False
main,deterministic,deterministic,2025-04-01,16,True,True,0,,,0.7,20.0,optimal,1.8809438000025693,1.8809461000055308,0.0,0,0,15462.571691668632,498.33225108842646,15960.903942757059,15960.950694708092,16459.28294579652,143156.57597696845,0.09865702097639545,50.95262733645041,0.0,0.0,0.0,False,False,False
main,deterministic,deterministic,2025-04-01,17,True,True,0,,,0.7,20.0,optimal,1.8809438000025693,1.8809461000055308,0.0,0,0,15462.571691668632,498.33225108842646,15960.903942757059,16407.301220260793,16905.63347134922,154382.19507815182,0.0,64.85352874244388,0.0,0.0,0.0,False,False,False
main,deterministic,deterministic,2025-04-01,18,True,True,0,,,0.7,20.0,optimal,1.8809438000025693,1.8809461000055308,0.0,0,0,15462.571691668632,498.33225108842646,15960.903942757059,16536.434057188846,17034.766308277274,149409.61407878553,0.0,56.66746968877665,0.0,0.0,0.0,False,False,False
main,deterministic,deterministic,2025-04-01,19,True,True,0,,,0.7,20.0,optimal,1.8809438000025693,1.8809461000055308,0.0,0,0,15462.571691668632,498.33225108842646,15960.903942757059,16011.649800204787,16509.982051293213,126972.31127422515,0.051901333313006115,52.761218323022625,0.0,0.0,0.0,False,False,False
main,deterministic,deterministic,2025-04-01,20,True,True,0,,,0.7,20.0,optimal,1.8809438000025693,1.8809461000055308,0.0,0,0,15462.571691668632,498.33225108842646,15960.903942757059,15199.83910392581,15698.171355014236,128278.64498796717,0.08272924221918043,51.99276422061589,0.0,0.0,0.0,False,False,False
main,deterministic,deterministic,2025-04-01,21,True,True,0,,,0.7,20.0,optimal,1.8809438000025693,1.8809461000055308,0.0,0,0,15462.571691668632,498.33225108842646,15960.903942757059,15998.521549003653,16496.85380009208,139877.77562154128,0.30988068401949015,49.014759698059315,0.0,0.0,0.0,False,False,False
main,deterministic,deterministic,2025-04-01,22,True,True,0,,,0.7,20.0,optimal,1.8809438000025693,1.8809461000055308,0.0,0,0,15462.571691668632,498.33225108842646,15960.903942757059,16972.996636257583,17471.32888734601,159379.67186197196,0.0,53.56368306361984,0.0,0.0,0.0,False,False,False
main,deterministic,deterministic,2025-04-01,23,True,True,0,,,0.7,20.0,optimal,1.8809438000025693,1.8809461000055308,0.0,0,0,15462.571691668632,498.33225108842646,15960.903942757059,15908.326286869575,16406.658537958003,140081.74969973575,0.03413027417811637,54.67700435702154,0.0,0.0,0.0,False,False,False
main,deterministic,deterministic,2025-04-01,24,True,True,0,,,0.7,20.0,optimal,1.8809438000025693,1.8809461000055308,0.0,0,0,15462.571691668632,498.33225108842646,15960.903942757059,16297.73048230427,16796.062733392697,147398.79369229492,0.0,57.3189167951287,0.0,0.0,0.0,False,False,False
main,deterministic,deterministic,2025-04-01,25,True,True,0,,,0.7,20.0,optimal,1.8809438000025693,1.8809461000055308,0.0,0,0,15462.571691668632,498.33225108842646,15960.903942757059,15438.540068306022,15936.872319394448,134620.46123124223,0.04523054830326201,48.218194975403186,0.0,0.0,0.0,False,False,False
main,deterministic,deterministic,2025-04-01,26,True,True,0,,,0.7,20.0,optimal,1.8809438000025693,1.8809461000055308,0.0,0,0,15462.571691668632,498.33225108842646,15960.903942757059,15637.86074668437,16136.192997772796,135345.9986521237,0.0,62.00086944835791,0.0,0.0,0.0,False,False,False
main,deterministic,deterministic,2025-04-01,27,True,True,0,,,0.7,20.0,optimal,1.8809438000025693,1.8809461000055308,0.0,0,0,15462.571691668632,498.33225108842646,15960.903942757059,15808.215775441466,16306.548026529892,137471.94415772025,0.013717042933523216,56.50256645846997,0.0,0.0,0.0,False,False,False
main,deterministic,deterministic,2025-04-01,28,True,True,0,,,0.7,20.0,optimal,1.8809438000025693,1.8809461000055308,0.0,0,0,15462.571691668632,498.33225108842646,15960.903942757059,15686.228733055434,16184.56098414386,132083.10816366578,0.0,48.014395540207225,0.0,0.0,0.0,False,False,False
main,deterministic,deterministic,2025-04-01,29,True,True,0,,,0.7,20.0,optimal,1.8809438000025693,1.8809461000055308,0.0,0,0,15462.571691668632,498.33225108842646,15960.903942757059,15786.417773023179,16284.750024111605,128882.57557500218,0.49062045459935016,40.176673196218395,0.0,0.0,0.0,False,False,False
main,deterministic,deterministic,2025-04-01,30,True,True,0,,,0.7,20.0,optimal,1.8809438000025693,1.8809461000055308,0.0,0,0,15462.571691668632,498.33225108842646,15960.903942757059,15552.065376688695,16050.397627777122,141999.13791119432,0.0,48.574404321041,0.0,0.0,0.0,False,False,False
main,deterministic,deterministic,2025-04-01,31,True,True,0,,,0.7,20.0,optimal,1.8809438000025693,1.8809461000055308,0.0,0,0,15462.571691668632,498.33225108842646,15960.903942757059,15819.191120559972,16317.523371648398,136965.1602520804,0.09095252427180289,50.18940850320102,0.0,0.0,0.0,False,False,False
main,deterministic,deterministic,2025-04-01,32,True,True,0,,,0.7,20.0,optimal,1.8809438000025693,1.8809461000055308,0.0,0,0,15462.571691668632,498.33225108842646,15960.903942757059,15239.39956258949,15737.731813677916,130253.71800157748,0.0,50.629648596391554,0.0,0.0,0.0,False,False,False
main,deterministic,deterministic,2025-04-01,33,True,True,0,,,0.7,20.0,optimal,1.8809438000025693,1.8809461000055308,0.0,0,0,15462.571691668632,498.33225108842646,15960.903942757059,15288.560806053883,15786.89305714231,132508.3818076864,0.021001251720485448,64.51434006754772,0.0,0.0,0.0,False,False,False
main,deterministic,deterministic,2025-04-01,34,True,True,0,,,0.7,20.0,optimal,1.8809438000025693,1.8809461000055308,0.0,0,0,15462.571691668632,498.33225108842646,15960.903942757059,15994.812270669063,16493.14452175749,134622.7262095589,0.0,54.4772438602442,0.0,0.0,0.0,False,False,False
main,deterministic,deterministic,2025-04-01,35,True,True,0,,,0.7,20.0,optimal,1.8809438000025693,1.8809461000055308,0.0,0,0,15462.571691668632,498.33225108842646,15960.903942757059,15382.18950632572,15880.521757414146,124806.97715516035,0.0,59.91109437799732,0.0,0.0,0.0,False,False,False
main,deterministic,deterministic,2025-04-01,36,True,True,0,,,0.7,20.0,optimal,1.8809438000025693,1.8809461000055308,0.0,0,0,15462.571691668632,498.33225108842646,15960.903942757059,14749.383064675281,15247.715315763708,115899.13960453702,0.0,59.9569158493207,0.0,0.0,0.0,False,False,False
main,deterministic,deterministic,2025-04-01,37,True,True,0,,,0.7,20.0,optimal,1.8809438000025693,1.8809461000055308,0.0,0,0,15462.571691668632,498.33225108842646,15960.903942757059,15127.332106511427,15625.664357599853,127361.97518975224,0.0,43.7582874572772,0.0,0.0,0.0,False,False,False
main,deterministic,deterministic,2025-04-01,38,True,True,0,,,0.7,20.0,optimal,1.8809438000025693,1.8809461000055308,0.0,0,0,15462.571691668632,498.33225108842646,15960.903942757059,15369.413799442067,15867.746050530493,127812.10890404279,0.0,50.802205771477624,0.0,0.0,0.0,False,False,False
main,deterministic,deterministic,2025-04-01,39,True,True,0,,,0.7,20.0,optimal,1.8809438000025693,1.8809461000055308,0.0,0,0,15462.571691668632,498.33225108842646,15960.903942757059,15605.823964400579,16104.156215489005,123006.49821547221,0.0,45.48829301836862,0.0,0.0,0.0,False,False,False
main,deterministic,deterministic,2025-04-01,40,True,True,0,,,0.7,20.0,optimal,1.8809438000025693,1.8809461000055308,0.0,0,0,15462.571691668632,498.33225108842646,15960.903942757059,15474.504598727171,15972.836849815598,134363.01253681717,0.0,47.57425807072823,0.0,0.0,0.0,False,False,False
main,deterministic,deterministic,2025-04-01,41,True,True,0,,,0.7,20.0,optimal,1.8809438000025693,1.8809461000055308,0.0,0,0,15462.571691668632,498.33225108842646,15960.903942757059,17084.426082384696,17582.758333473124,162838.16151791147,0.0,41.738097543715035,0.0,0.0,0.0,False,False,False
main,deterministic,deterministic,2025-04-01,42,True,True,0,,,0.7,20.0,optimal,1.8809438000025693,1.8809461000055308,0.0,0,0,15462.571691668632,498.33225108842646,15960.903942757059,16010.481004843821,16508.813255932248,139695.0268882721,0.1506702680953953,57.71904875656294,0.0,0.0,0.0,False,False,False
main,deterministic,deterministic,2025-04-01,43,True,True,0,,,0.7,20.0,optimal,1.8809438000025693,1.8809461000055308,0.0,0,0,15462.571691668632,498.33225108842646,15960.903942757059,15906.091596349628,16404.423847438055,140276.54403271218,0.0,53.11999265138006,0.0,0.0,0.0,False,False,False
main,deterministic,deterministic,2025-04-01,44,True,True,0,,,0.7,20.0,optimal,1.8809438000025693,1.8809461000055308,0.0,0,0,15462.571691668632,498.33225108842646,15960.903942757059,15607.465583126072,16105.797834214498,140179.52340697165,0.0,54.500963086881484,0.0,0.0,0.0,False,False,False
main,deterministic,deterministic,2025-04-01,45,True,True,0,,,0.7,20.0,optimal,1.8809438000025693,1.8809461000055308,0.0,0,0,15462.571691668632,498.33225108842646,15960.903942757059,15263.300386956205,15761.632638044632,125730.99621720893,0.0,57.11090027248945,0.0,0.0,0.0,False,False,False
main,deterministic,deterministic,2025-04-01,46,True,True,0,,,0.7,20.0,optimal,1.8809438000025693,1.8809461000055308,0.0,0,0,15462.571691668632,498.33225108842646,15960.903942757059,15834.86301037848,16333.195261466906,133520.24716468225,0.008153515669806474,54.94147862680555,0.0,0.0,0.0,False,False,False
main,deterministic,deterministic,2025-04-01,47,True,True,0,,,0.7,20.0,optimal,1.8809438000025693,1.8809461000055308,0.0,0,0,15462.571691668632,498.33225108842646,15960.903942757059,15883.135270786037,16381.467521874463,137603.218890095,0.11128698945206673,55.16141787766267,0.0,0.0,0.0,False,False,False
main,deterministic,deterministic,2025-04-01,48,True,True,0,,,0.7,20.0,optimal,1.8809438000025693,1.8809461000055308,0.0,0,0,15462.571691668632,498.33225108842646,15960.903942757059,15936.010509419077,16434.342760507505,141091.13906195748,0.0,49.236299176344815,0.0,0.0,0.0,False,False,False
main,deterministic,deterministic,2025-04-01,49,True,True,0,,,0.7,20.0,optimal,1.8809438000025693,1.8809461000055308,0.0,0,0,15462.571691668632,498.33225108842646,15960.903942757059,15019.290838791583,15517.62308988001,127466.8361036344,0.0,56.5238081211999,0.0,0.0,0.0,False,False,False
main,deterministic,deterministic,2025-04-01,50,True,True,0,,,0.7,20.0,optimal,1.8809438000025693,1.8809461000055308,0.0,0,0,15462.571691668632,498.33225108842646,15960.903942757059,15706.244274293602,16204.576525382028,136989.61370911077,0.0,58.33621041705614,0.0,0.0,0.0,False,False,False
main,deterministic,deterministic,2025-04-01,51,True,True,0,,,0.7,20.0,optimal,1.8809438000025693,1.8809461000055308,0.0,0,0,15462.571691668632,498.33225108842646,15960.903942757059,15318.781579603941,15817.113830692368,125277.91884689874,0.12725931512745753,56.72735107548056,0.0,0.0,0.0,False,False,False
main,deterministic,deterministic,2025-04-01,52,True,True,0,,,0.7,20.0,optimal,1.8809438000025693,1.8809461000055308,0.0,0,0,15462.571691668632,498.33225108842646,15960.903942757059,14772.204302828126,15270.536553916552,118513.18342066628,0.0,58.247638021362754,0.0,0.0,0.0,False,False,False
main,deterministic,deterministic,2025-04-01,53,True,True,0,,,0.7,20.0,optimal,1.8809438000025693,1.8809461000055308,0.0,0,0,15462.571691668632,498.33225108842646,15960.903942757059,15822.114125999891,16320.446377088318,141101.29875943487,0.07372219114313883,47.557384951899806,0.0,0.0,0.0,False,False,False
main,deterministic,deterministic,2025-04-01,54,True,True,0,,,0.7,20.0,optimal,1.8809438000025693,1.8809461000055308,0.0,0,0,15462.571691668632,498.33225108842646,15960.903942757059,15872.949552954322,16371.281804042748,141790.0623397677,0.0,49.749097068988085,0.0,0.0,0.0,False,False,False
main,deterministic,deterministic,2025-04-01,55,True,True,0,,,0.7,20.0,optimal,1.8809438000025693,1.8809461000055308,0.0,0,0,15462.571691668632,498.33225108842646,15960.903942757059,15948.90905133488,16447.241302423306,142642.97461472856,0.0,57.82491780838242,0.0,0.0,0.0,False,False,False
main,deterministic,deterministic,2025-04-01,56,True,True,0,,,0.7,20.0,optimal,1.8809438000025693,1.8809461000055308,0.0,0,0,15462.571691668632,498.33225108842646,15960.903942757059,15117.18602782742,15615.518278915846,116711.4626280671,0.0,39.22338492256061,0.0,0.0,0.0,False,False,False
main,deterministic,deterministic,2025-04-01,57,True,True,0,,,0.7,20.0,optimal,1.8809438000025693,1.8809461000055308,0.0,0,0,15462.571691668632,498.33225108842646,15960.903942757059,15650.871469194919,16149.203720283345,137431.11448839604,0.0,52.99592986898794,0.0,0.0,0.0,False,False,False
main,deterministic,deterministic,2025-04-01,58,True,True,0,,,0.7,20.0,optimal,1.8809438000025693,1.8809461000055308,0.0,0,0,15462.571691668632,498.33225108842646,15960.903942757059,15582.65959875394,16080.991849842367,130449.23018663886,0.12488019434570113,58.16885294792827,0.0,0.0,0.0,False,False,False
main,deterministic,deterministic,2025-04-01,59,True,True,0,,,0.7,20.0,optimal,1.8809438000025693,1.8809461000055308,0.0,0,0,15462.571691668632,498.33225108842646,15960.903942757059,15839.177810893103,16337.51006198153,135167.65692433313,0.0,55.16511922673019,0.0,0.0,0.0,False,False,False
main,deterministic,deterministic,2025-04-01,60,True,True,0,,,0.7,20.0,optimal,1.8809438000025693,1.8809461000055308,0.0,0,0,15462.571691668632,498.33225108842646,15960.903942757059,15471.35814090807,15969.690391996497,136649.1831271165,0.03316260654618097,56.62893407974046,0.0,0.0,0.0,False,False,False
main,deterministic,deterministic,2025-04-01,61,True,True,0,,,0.7,20.0,optimal,1.8809438000025693,1.8809461000055308,0.0,0,0,15462.571691668632,498.33225108842646,15960.903942757059,16072.70519914661,16571.03745023504,140560.5083085956,0.2957178779904007,43.79523212826641,0.0,0.0,0.0,False,False,False
main,deterministic,deterministic,2025-04-01,62,True,True,0,,,0.7,20.0,optimal,1.8809438000025693,1.8809461000055308,0.0,0,0,15462.571691668632,498.33225108842646,15960.903942757059,15394.975815742739,15893.308066831165,126242.18751178612,0.0006922487791419241,57.237848263616556,0.0,0.0,0.0,False,False,False
main,deterministic,deterministic,2025-04-01,63,True,True,0,,,0.7,20.0,optimal,1.8809438000025693,1.8809461000055308,0.0,0,0,15462.571691668632,498.33225108842646,15960.903942757059,15124.901573033103,15623.23382412153,123660.23987157347,0.0,61.194686678346486,0.0,0.0,0.0,False,False,False
main,deterministic,deterministic,2025-04-01,64,True,True,0,,,0.7,20.0,optimal,1.8809438000025693,1.8809461000055308,0.0,0,0,15462.571691668632,498.33225108842646,15960.903942757059,16109.857488729947,16608.189739818376,141598.8489052079,0.0,47.82523973687488,0.0,0.0,0.0,False,False,False
main,deterministic,deterministic,2025-04-01,65,True,True,0,,,0.7,20.0,optimal,1.8809438000025693,1.8809461000055308,0.0,0,0,15462.571691668632,498.33225108842646,15960.903942757059,15580.811937376538,16079.144188464965,134113.04376699482,0.0,57.69136642024537,0.0,0.0,0.0,False,False,False
main,deterministic,deterministic,2025-04-01,66,True,True,0,,,0.7,20.0,optimal,1.8809438000025693,1.8809461000055308,0.0,0,0,15462.571691668632,498.33225108842646,15960.903942757059,16318.630004314418,16816.962255402846,148769.10001181747,0.0,65.81116257838984,0.0,0.0,0.0,False,False,False
main,deterministic,deterministic,2025-04-01,67,True,True,0,,,0.7,20.0,optimal,1.8809438000025693,1.8809461000055308,0.0,0,0,15462.571691668632,498.33225108842646,15960.903942757059,15061.363064181858,15559.695315270284,128055.40929256172,0.0,56.48812586438067,0.0,0.0,0.0,False,False,False
main,deterministic,deterministic,2025-04-01,68,True,True,0,,,0.7,20.0,optimal,1.8809438000025693,1.8809461000055308,0.0,0,0,15462.571691668632,498.33225108842646,15960.903942757059,15558.73846271558,16057.070713804007,135043.29874108874,0.07054857066510545,53.49723630242104,0.0,0.0,0.0,False,False,False
main,deterministic,deterministic,2025-04-01,69,True,True,0,,,0.7,20.0,optimal,1.8809438000025693,1.8809461000055308,0.0,0,0,15462.571691668632,498.33225108842646,15960.903942757059,15383.19838010156,15881.530631189986,130875.53413978155,0.0,53.63315356396026,0.0,0.0,0.0,False,False,False
main,deterministic,deterministic,2025-04-01,70,True,True,0,,,0.7,20.0,optimal,1.8809438000025693,1.8809461000055308,0.0,0,0,15462.571691668632,498.33225108842646,15960.903942757059,15807.499264352515,16305.831515440941,141723.48475900144,0.0,60.19694741811982,0.0,0.0,0.0,False,False,False
main,deterministic,deterministic,2025-04-01,71,True,True,0,,,0.7,20.0,optimal,1.8809438000025693,1.8809461000055308,0.0,0,0,15462.571691668632,498.33225108842646,15960.903942757059,16060.71100594832,16559.04325703675,142638.72261805309,0.0,60.68410643710315,0.0,0.0,0.0,False,False,False
main,deterministic,deterministic,2025-04-01,72,True,True,0,,,0.7,20.0,optimal,1.8809438000025693,1.8809461000055308,0.0,0,0,15462.571691668632,498.33225108842646,15960.903942757059,16660.41434298248,17158.746594070908,161172.41888785193,0.0,60.534329539362574,0.0,0.0,0.0,False,False,False
main,deterministic,deterministic,2025-04-01,73,True,True,0,,,0.7,20.0,optimal,1.8809438000025693,1.8809461000055308,0.0,0,0,15462.571691668632,498.33225108842646,15960.903942757059,17218.021270393554,17716.353521481982,163843.8945500632,0.0,53.11440290468665,0.0,0.0,0.0,False,False,False
main,deterministic,deterministic,2025-04-01,74,True,True,0,,,0.7,20.0,optimal,1.8809438000025693,1.8809461000055308,0.0,0,0,15462.571691668632,498.33225108842646,15960.903942757059,15687.775752666745,16186.108003755171,138695.7907319729,0.07743351987296093,53.63223711247364,0.0,0.0,0.0,False,False,False
main,deterministic,deterministic,2025-04-01,75,True,True,0,,,0.7,20.0,optimal,1.8809438000025693,1.8809461000055308,0.0,0,0,15462.571691668632,498.33225108842646,15960.903942757059,15533.218642282869,16031.550893371295,136577.3296344398,0.020033394567756546,51.568211274913686,0.0,0.0,0.0,False,False,False
main,deterministic,deterministic,2025-04-01,76,True,True,0,,,0.7,20.0,optimal,1.8809438000025693,1.8809461000055308,0.0,0,0,15462.571691668632,498.33225108842646,15960.903942757059,15749.838089312792,16248.170340401219,139388.81044280092,0.07612008050089986,54.389264777135345,0.0,0.0,0.0,False,False,False
main,deterministic,deterministic,2025-04-01,77,True,True,0,,,0.7,20.0,optimal,1.8809438000025693,1.8809461000055308,0.0,0,0,15462.571691668632,498.33225108842646,15960.903942757059,15156.207372693776,15654.539623782202,129474.50296789879,0.06199259983186056,48.58360159568246,0.0,0.0,0.0,False,False,False
main,deterministic,deterministic,2025-04-01,78,True,True,0,,,0.7,20.0,optimal,1.8809438000025693,1.8809461000055308,0.0,0,0,15462.571691668632,498.33225108842646,15960.903942757059,15895.063939770003,16393.39619085843,145006.04131654333,0.23784562176003798,53.7836465062142,0.0,0.0,0.0,False,False,False
main,deterministic,deterministic,2025-04-01,79,True,True,0,,,0.7,20.0,optimal,1.8809438000025693,1.8809461000055308,0.0,0,0,15462.571691668632,498.33225108842646,15960.903942757059,15856.546114998624,16354.87836608705,136983.3180136275,0.02100677910701032,49.88311631989208,0.0,0.0,0.0,False,False,False
main,deterministic,deterministic,2025-04-01,80,True,True,0,,,0.7,20.0,optimal,1.8809438000025693,1.8809461000055308,0.0,0,0,15462.571691668632,498.33225108842646,15960.903942757059,15387.786293610281,15886.118544698707,124719.09458867252,0.0,49.247158498767824,0.0,0.0,0.0,False,False,False
main,deterministic,deterministic,2025-04-01,81,True,True,0,,,0.7,20.0,optimal,1.8809438000025693,1.8809461000055308,0.0,0,0,15462.571691668632,498.33225108842646,15960.903942757059,15688.040349134082,16186.372600222508,133134.37159767965,0.023737398191536918,63.36014259574509,0.0,0.0,0.0,False,False,False
main,deterministic,deterministic,2025-04-01,82,True,True,0,,,0.7,20.0,optimal,1.8809438000025693,1.8809461000055308,0.0,0,0,15462.571691668632,498.33225108842646,15960.903942757059,16106.09263984621,16604.42489093464,147051.68552800833,0.0,47.78540416826288,0.0,0.0,0.0,False,False,False
main,deterministic,deterministic,2025-04-01,83,True,True,0,,,0.7,20.0,optimal,1.8809438000025693,1.8809461000055308,0.0,0,0,15462.571691668632,498.33225108842646,15960.903942757059,15838.401076122369,16336.733327210795,142905.36840870226,0.5527485668622414,47.07901207673232,0.0,0.0,0.0,False,False,False
main,deterministic,deterministic,2025-04-01,84,True,True,0,,,0.7,20.0,optimal,1.8809438000025693,1.8809461000055308,0.0,0,0,15462.571691668632,498.33225108842646,15960.903942757059,15599.040105058355,16097.372356146781,130731.10143048242,0.8212959745480806,47.912456615327834,0.0,0.0,0.0,False,False,False
main,deterministic,deterministic,2025-04-01,85,True,True,0,,,0.7,20.0,optimal,1.8809438000025693,1.8809461000055308,0.0,0,0,15462.571691668632,498.33225108842646,15960.903942757059,16582.840719817857,17081.172970906286,150856.67143271305,0.06999260439759086,61.72966612049044,0.0,0.0,0.0,False,False,False
main,deterministic,deterministic,2025-04-01,86,True,True,0,,,0.7,20.0,optimal,1.8809438000025693,1.8809461000055308,0.0,0,0,15462.571691668632,498.33225108842646,15960.903942757059,15741.127411054089,16239.459662142515,139819.27362463568,0.10126217773748031,47.30408176449742,0.0,0.0,0.0,False,False,False
main,deterministic,deterministic,2025-04-01,87,True,True,0,,,0.7,20.0,optimal,1.8809438000025693,1.8809461000055308,0.0,0,0,15462.571691668632,498.33225108842646,15960.903942757059,15570.85818584971,16069.190436938135,132839.76528497826,0.14107693237378893,51.5395324929898,0.0,0.0,0.0,False,False,False
main,deterministic,deterministic,2025-04-01,88,True,True,0,,,0.7,20.0,optimal,1.8809438000025693,1.8809461000055308,0.0,0,0,15462.571691668632,498.33225108842646,15960.903942757059,16210.544766635763,16708.87701772419,141888.64658706545,0.14527012857741356,61.53135507287954,0.0,0.0,0.0,False,False,False
main,deterministic,deterministic,2025-04-01,89,True,True,0,,,0.7,20.0,optimal,1.8809438000025693,1.8809461000055308,0.0,0,0,15462.571691668632,498.33225108842646,15960.903942757059,15006.438171190113,15504.77042227854,126652.58270676398,0.0,53.14803757666626,0.0,0.0,0.0,False,False,False
main,deterministic,deterministic,2025-04-01,90,True,True,0,,,0.7,20.0,optimal,1.8809438000025693,1.8809461000055308,0.0,0,0,15462.571691668632,498.33225108842646,15960.903942757059,16181.123810039697,16679.456061128123,148725.35989907602,0.12965474564236668,57.855688482363334,0.0,0.0,0.0,False,False,False
main,deterministic,deterministic,2025-04-01,91,True,True,0,,,0.7,20.0,optimal,1.8809438000025693,1.8809461000055308,0.0,0,0,15462.571691668632,498.33225108842646,15960.903942757059,15019.744472393102,15518.076723481528,117523.98447529488,0.09111921165876452,54.93205996807334,0.0,0.0,0.0,False,False,False
main,deterministic,deterministic,2025-04-01,92,True,True,0,,,0.7,20.0,optimal,1.8809438000025693,1.8809461000055308,0.0,0,0,15462.571691668632,498.33225108842646,15960.903942757059,15237.558382498684,15735.89063358711,122390.1734797239,0.0,47.18148294026035,0.0,0.0,0.0,False,False,False
main,deterministic,deterministic,2025-04-01,93,True,True,0,,,0.7,20.0,optimal,1.8809438000025693,1.8809461000055308,0.0,0,0,15462.571691668632,498.33225108842646,15960.903942757059,16469.752691205485,16968.084942293914,147665.9197597405,0.0,53.603287899503776,0.0,0.0,0.0,False,False,False
main,deterministic,deterministic,2025-04-01,94,True,True,0,,,0.7,20.0,optimal,1.8809438000025693,1.8809461000055308,0.0,0,0,15462.571691668632,498.33225108842646,15960.903942757059,15311.296186272803,15809.628437361229,127283.30644200656,0.000959981169565971,51.18455687253791,0.0,0.0,0.0,False,False,False
main,deterministic,deterministic,2025-04-01,95,True,True,0,,,0.7,20.0,optimal,1.8809438000025693,1.8809461000055308,0.0,0,0,15462.571691668632,498.33225108842646,15960.903942757059,15521.767370069356,16020.099621157782,133268.2809676998,0.0,53.78916457900043,0.0,0.0,0.0,False,False,False
main,deterministic,deterministic,2025-04-01,96,True,True,0,,,0.7,20.0,optimal,1.8809438000025693,1.8809461000055308,0.0,0,0,15462.571691668632,498.33225108842646,15960.903942757059,15240.648312579679,15738.980563668105,137606.70423209394,0.07425279423312237,51.05520908714514,0.0,0.0,0.0,False,False,False
main,deterministic,deterministic,2025-04-01,97,True,True,0,,,0.7,20.0,optimal,1.8809438000025693,1.8809461000055308,0.0,0,0,15462.571691668632,498.33225108842646,15960.903942757059,16047.778398774404,16546.110649862832,140775.15649236427,0.0,51.95726355272687,0.0,0.0,0.0,False,False,False
main,deterministic,deterministic,2025-04-01,98,True,True,0,,,0.7,20.0,optimal,1.8809438000025693,1.8809461000055308,0.0,0,0,15462.571691668632,498.33225108842646,15960.903942757059,16225.052778005187,16723.385029093613,154224.95673579184,0.01853675088941875,42.66832663394912,0.0,0.0,0.0,False,False,False
main,deterministic,deterministic,2025-04-01,99,True,True,0,,,0.7,20.0,optimal,1.8809438000025693,1.8809461000055308,0.0,0,0,15462.571691668632,498.33225108842646,15960.903942757059,15607.432213020867,16105.764464109294,134466.30717675018,0.0,54.73638400448922,0.0,0.0,0.0,False,False,False
main,deterministic,deterministic,2025-07-01,0,True,True,0,,,0.7,20.0,optimal,2.356165300006978,2.3561659999977564,0.0,0,0,15865.460962360758,295.2709491819242,16160.731911542682,16366.124377411255,16661.39532659318,172461.27155175025,0.02585493401621697,58.229884118901744,0.0,0.0,0.0,False,False,False
main,deterministic,deterministic,2025-07-01,1,True,True,0,,,0.7,20.0,optimal,2.356165300006978,2.3561659999977564,0.0,0,0,15865.460962360758,295.2709491819242,16160.731911542682,16105.61222283839,16400.883172020316,172318.6883671849,0.7266262888897331,68.03855100036783,0.0,0.0,0.0,False,False,False
main,deterministic,deterministic,2025-07-01,2,True,True,0,,,0.7,20.0,optimal,2.356165300006978,2.3561659999977564,0.0,0,0,15865.460962360758,295.2709491819242,16160.731911542682,15588.475980801479,15883.746929983403,150312.10161750426,0.20216097433448452,52.02214770254958,0.0,0.0,0.0,False,False,False
main,deterministic,deterministic,2025-07-01,3,True,True,0,,,0.7,20.0,optimal,2.356165300006978,2.3561659999977564,0.0,0,0,15865.460962360758,295.2709491819242,16160.731911542682,15295.04608539276,15590.317034574684,154262.64356486656,0.1521672424755765,58.87050542071482,0.0,0.0,0.0,False,False,False
main,deterministic,deterministic,2025-07-01,4,True,True,0,,,0.7,20.0,optimal,2.356165300006978,2.3561659999977564,0.0,0,0,15865.460962360758,295.2709491819242,16160.731911542682,16186.502512143392,16481.773461325316,169183.02683942323,0.411280174964052,55.80032987413538,0.0,0.0,0.0,False,False,False
main,deterministic,deterministic,2025-07-01,5,True,True,0,,,0.7,20.0,optimal,2.356165300006978,2.3561659999977564,0.0,0,0,15865.460962360758,295.2709491819242,16160.731911542682,15832.02540217227,16127.296351354194,165015.1610886106,0.34129184762425774,58.85612777685433,0.0,0.0,0.0,False,False,False
main,deterministic,deterministic,2025-07-01,6,True,True,0,,,0.7,20.0,optimal,2.356165300006978,2.3561659999977564,0.0,0,0,15865.460962360758,295.2709491819242,16160.731911542682,15111.582831911634,15406.853781093558,143760.28159189387,0.0,52.95924811375973,0.0,0.0,0.0,False,False,False
main,deterministic,deterministic,2025-07-01,7,True,True,0,,,0.7,20.0,optimal,2.356165300006978,2.3561659999977564,0.0,0,0,15865.460962360758,295.2709491819242,16160.731911542682,15585.503042741464,15880.773991923388,158424.1315282046,0.5562985012994642,54.96587844851606,0.0,0.0,0.0,False,False,False
main,deterministic,deterministic,2025-07-01,8,True,True,0,,,0.7,20.0,optimal,2.356165300006978,2.3561659999977564,0.0,0,0,15865.460962360758,295.2709491819242,16160.731911542682,15667.064179492028,15962.335128673953,169147.4949821807,0.6707197320483402,57.8271210605863,0.0,0.0,0.0,False,False,False
main,deterministic,deterministic,2025-07-01,9,True,True,0,,,0.7,20.0,optimal,2.356165300006978,2.3561659999977564,0.0,0,0,15865.460962360758,295.2709491819242,16160.731911542682,15881.794008013034,16177.064957194958,160843.114236857,0.31402204631631064,65.66514902652656,0.0,0.0,0.0,False,False,False
main,deterministic,deterministic,2025-07-01,10,True,True,0,,,0.7,20.0,optimal,2.356165300006978,2.3561659999977564,0.0,0,0,15865.460962360758,295.2709491819242,16160.731911542682,15384.092356822814,15679.363306004738,156660.01987442625,0.0,59.11280575780333,0.0,0.0,0.0,False,False,False
main,deterministic,deterministic,2025-07-01,11,True,True,0,,,0.7,20.0,optimal,2.356165300006978,2.3561659999977564,0.0,0,0,15865.460962360758,295.2709491819242,16160.731911542682,15922.655770321213,16217.926719503137,163927.60939543886,0.07028431090183224,54.80318717115084,0.0,0.0,0.0,False,False,False
main,deterministic,deterministic,2025-07-01,12,True,True,0,,,0.7,20.0,optimal,2.356165300006978,2.3561659999977564,0.0,0,0,15865.460962360758,295.2709491819242,16160.731911542682,15759.002224221364,16054.273173403288,160691.76042104585,0.34835571988593594,52.35825156096136,0.0,0.0,0.0,False,False,False
main,deterministic,deterministic,2025-07-01,13,True,True,0,,,0.7,20.0,optimal,2.356165300006978,2.3561659999977564,0.0,0,0,15865.460962360758,295.2709491819242,16160.731911542682,15820.730436399843,16116.001385581767,162248.38805630204,0.23923818478285766,58.95336284522796,0.0,0.0,0.0,False,False,False
main,deterministic,deterministic,2025-07-01,14,True,True,0,,,0.7,20.0,optimal,2.356165300006978,2.3561659999977564,0.0,0,0,15865.460962360758,295.2709491819242,16160.731911542682,15638.177571297085,15933.448520479009,157377.81317804655,0.01346693898208473,55.10971129149367,0.0,0.0,0.0,False,False,False
main,deterministic,deterministic,2025-07-01,15,True,True,0,,,0.7,20.0,optimal,2.356165300006978,2.3561659999977564,0.0,0,0,15865.460962360758,295.2709491819242,16160.731911542682,16445.88320644659,16741.154155628516,176417.86551070056,0.06282702558647726,52.86059886378105,0.0,0.0,0.0,False,False,False
main,deterministic,deterministic,2025-07-01,16,True,True,0,,,0.7,20.0,optimal,2.356165300006978,2.3561659999977564,0.0,0,0,15865.460962360758,295.2709491819242,16160.731911542682,16376.707032129696,16671.977981311622,178610.29279207395,0.16876734173550226,56.77550674584721,0.0,0.0,0.0,False,False,False
main,deterministic,deterministic,2025-07-01,17,True,True,0,,,0.7,20.0,optimal,2.356165300006978,2.3561659999977564,0.0,0,0,15865.460962360758,295.2709491819242,16160.731911542682,17315.177224948668,17610.448174130594,189211.17799103877,0.41341839500382366,66.28056740577529,0.0,0.0,0.0,False,False,False
main,deterministic,deterministic,2025-07-01,18,True,True,0,,,0.7,20.0,optimal,2.356165300006978,2.3561659999977564,0.0,0,0,15865.460962360758,295.2709491819242,16160.731911542682,17047.832484558057,17343.103433739983,184033.40720178135,1.103277642071467,60.58997885394696,0.0,0.0,0.0,False,False,False
main,deterministic,deterministic,2025-07-01,19,True,True,0,,,0.7,20.0,optimal,2.356165300006978,2.3561659999977564,0.0,0,0,15865.460962360758,295.2709491819242,16160.731911542682,16413.935636971415,16709.20658615334,162153.52281003274,0.14596531330022305,59.36445481176901,0.0,0.0,0.0,False,False,False
main,deterministic,deterministic,2025-07-01,20,True,True,0,,,0.7,20.0,optimal,2.356165300006978,2.3561659999977564,0.0,0,0,15865.460962360758,295.2709491819242,16160.731911542682,15580.79506164711,15876.066010829034,160691.4689260294,0.14617472173618232,54.77005366143354,0.0,0.0,0.0,False,False,False
main,deterministic,deterministic,2025-07-01,21,True,True,0,,,0.7,20.0,optimal,2.356165300006978,2.3561659999977564,0.0,0,0,15865.460962360758,295.2709491819242,16160.731911542682,16183.759241725886,16479.03019090781,172614.4557267384,0.3613994695495462,51.453977531120124,0.0,0.0,0.0,False,False,False
main,deterministic,deterministic,2025-07-01,22,True,True,0,,,0.7,20.0,optimal,2.356165300006978,2.3561659999977564,0.0,0,0,15865.460962360758,295.2709491819242,16160.731911542682,17698.510751592294,17993.78170077422,193782.93610272123,0.7490933928369157,55.45599578821005,0.0,0.0,0.0,False,False,False
main,deterministic,deterministic,2025-07-01,23,True,True,0,,,0.7,20.0,optimal,2.356165300006978,2.3561659999977564,0.0,0,0,15865.460962360758,295.2709491819242,16160.731911542682,16367.403798657355,16662.67474783928,174925.04199650558,0.3070469466541605,60.218282946833426,0.0,0.0,0.0,False,False,False
main,deterministic,deterministic,2025-07-01,24,True,True,0,,,0.7,20.0,optimal,2.356165300006978,2.3561659999977564,0.0,0,0,15865.460962360758,295.2709491819242,16160.731911542682,16786.89319596483,17082.164145146755,182882.85759317703,2.0800388013000677,63.00369891219729,0.0,0.0,0.0,False,False,False
main,deterministic,deterministic,2025-07-01,25,True,True,0,,,0.7,20.0,optimal,2.356165300006978,2.3561659999977564,0.0,0,0,15865.460962360758,295.2709491819242,16160.731911542682,15829.785385119942,16125.056334301866,168012.3010112535,0.11533303830349098,51.503661835557786,0.0,0.0,0.0,False,False,False
main,deterministic,deterministic,2025-07-01,26,True,True,0,,,0.7,20.0,optimal,2.356165300006978,2.3561659999977564,0.0,0,0,15865.460962360758,295.2709491819242,16160.731911542682,16134.848594665635,16430.11954384756,169905.53910842078,0.006122624060016735,68.07319666974048,0.0,0.0,0.0,False,False,False
main,deterministic,deterministic,2025-07-01,27,True,True,0,,,0.7,20.0,optimal,2.356165300006978,2.3561659999977564,0.0,0,0,15865.460962360758,295.2709491819242,16160.731911542682,16232.896758530325,16528.16770771225,170977.92235581798,0.04453413818926627,62.2640297420947,0.0,0.0,0.0,False,False,False
main,deterministic,deterministic,2025-07-01,28,True,True,0,,,0.7,20.0,optimal,2.356165300006978,2.3561659999977564,0.0,0,0,15865.460962360758,295.2709491819242,16160.731911542682,16181.447876715269,16476.718825897195,165620.06372069803,0.1300936524997565,48.59986910734056,0.0,0.0,0.0,False,False,False
main,deterministic,deterministic,2025-07-01,29,True,True,0,,,0.7,20.0,optimal,2.356165300006978,2.3561659999977564,0.0,0,0,15865.460962360758,295.2709491819242,16160.731911542682,16239.338403353062,16534.609352534986,161336.60797469591,0.5222315831586339,48.92889304545166,0.0,0.0,0.0,False,False,False
main,deterministic,deterministic,2025-07-01,30,True,True,0,,,0.7,20.0,optimal,2.356165300006978,2.3561659999977564,0.0,0,0,15865.460962360758,295.2709491819242,16160.731911542682,15985.61208069888,16280.883029880804,175539.86602781303,0.010721913955891282,53.58348198182578,0.0,0.0,0.0,False,False,False
main,deterministic,deterministic,2025-07-01,31,True,True,0,,,0.7,20.0,optimal,2.356165300006978,2.3561659999977564,0.0,0,0,15865.460962360758,295.2709491819242,16160.731911542682,16385.10661282153,16680.377562003458,171285.14146342612,0.7460338097607657,56.368467015165095,0.0,0.0,0.0,False,False,False
main,deterministic,deterministic,2025-07-01,32,True,True,0,,,0.7,20.0,optimal,2.356165300006978,2.3561659999977564,0.0,0,0,15865.460962360758,295.2709491819242,16160.731911542682,15783.373442164075,16078.644391345999,162197.0423428004,0.1335326564900663,63.08288972743895,0.0,0.0,0.0,False,False,False
main,deterministic,deterministic,2025-07-01,33,True,True,0,,,0.7,20.0,optimal,2.356165300006978,2.3561659999977564,0.0,0,0,15865.460962360758,295.2709491819242,16160.731911542682,15624.37055891627,15919.641508098193,167073.82047666897,1.1973546733274274,69.2129943502356,0.0,0.0,0.0,False,False,False
main,deterministic,deterministic,2025-07-01,34,True,True,0,,,0.7,20.0,optimal,2.356165300006978,2.3561659999977564,0.0,0,0,15865.460962360758,295.2709491819242,16160.731911542682,16301.95712854989,16597.228077731816,169042.59278749576,0.09688011754364773,58.92840396958041,0.0,0.0,0.0,False,False,False
main,deterministic,deterministic,2025-07-01,35,True,True,0,,,0.7,20.0,optimal,2.356165300006978,2.3561659999977564,0.0,0,0,15865.460962360758,295.2709491819242,16160.731911542682,15931.667358799108,16226.938307981032,157104.8210782768,0.04990842309121429,62.44985256055868,0.0,0.0,0.0,False,False,False
main,deterministic,deterministic,2025-07-01,36,True,True,0,,,0.7,20.0,optimal,2.356165300006978,2.3561659999977564,0.0,0,0,15865.460962360758,295.2709491819242,16160.731911542682,15191.13925851284,15486.410207694764,148613.88555462405,0.7888488273684997,66.68858176601204,0.0,0.0,0.0,False,False,False
main,deterministic,deterministic,2025-07-01,37,True,True,0,,,0.7,20.0,optimal,2.356165300006978,2.3561659999977564,0.0,0,0,15865.460962360758,295.2709491819242,16160.731911542682,15620.953592793172,15916.224541975096,159843.21989841628,0.22937473506933742,45.18817684891121,0.0,0.0,0.0,False,False,False
main,deterministic,deterministic,2025-07-01,38,True,True,0,,,0.7,20.0,optimal,2.356165300006978,2.3561659999977564,0.0,0,0,15865.460962360758,295.2709491819242,16160.731911542682,15628.596693733136,15923.86764291506,160805.36904317228,0.0319985822547908,55.22040539262787,0.0,0.0,0.0,False,False,False
main,deterministic,deterministic,2025-07-01,39,True,True,0,,,0.7,20.0,optimal,2.356165300006978,2.3561659999977564,0.0,0,0,15865.460962360758,295.2709491819242,16160.731911542682,15750.436714738531,16045.707663920455,156190.80343227973,0.5914026755484121,49.011819820649855,0.0,0.0,0.0,False,False,False
main,deterministic,deterministic,2025-07-01,40,True,True,0,,,0.7,20.0,optimal,2.356165300006978,2.3561659999977564,0.0,0,0,15865.460962360758,295.2709491819242,16160.731911542682,16222.64750434749,16517.918453529415,168457.68997425382,0.21388099447027042,52.182054117055415,0.0,0.0,0.0,False,False,False
main,deterministic,deterministic,2025-07-01,41,True,True,0,,,0.7,20.0,optimal,2.356165300006978,2.3561659999977564,0.0,0,0,15865.460962360758,295.2709491819242,16160.731911542682,17400.907766501543,17696.17871568347,199305.3464022739,0.4840745035127627,39.89270758198686,0.0,0.038099801838964886,0.0,False,True,False
main,deterministic,deterministic,2025-07-01,42,True,True,0,,,0.7,20.0,optimal,2.356165300006978,2.3561659999977564,0.0,0,0,15865.460962360758,295.2709491819242,16160.731911542682,16475.587309786304,16770.85825896823,173634.71670404117,0.025052363042767978,64.24064776639771,0.0,0.0,0.0,False,False,False
main,deterministic,deterministic,2025-07-01,43,True,True,0,,,0.7,20.0,optimal,2.356165300006978,2.3561659999977564,0.0,0,0,15865.460962360758,295.2709491819242,16160.731911542682,16081.032252881441,16376.303202063365,174336.56455946463,0.18182795204513033,55.521381314639925,0.0,0.02720178858546607,0.0,False,True,False
main,deterministic,deterministic,2025-07-01,44,True,True,0,,,0.7,20.0,optimal,2.356165300006978,2.3561659999977564,0.0,0,0,15865.460962360758,295.2709491819242,16160.731911542682,16507.26340509169,16802.534354273615,172073.24392484818,0.31696419844990414,59.15353525289618,0.0,0.0,0.0,False,False,False
main,deterministic,deterministic,2025-07-01,45,True,True,0,,,0.7,20.0,optimal,2.356165300006978,2.3561659999977564,0.0,0,0,15865.460962360758,295.2709491819242,16160.731911542682,15506.127886270913,15801.398835452837,156661.67483392087,0.4030648074684294,60.57835801295388,0.0,0.0,0.0,False,False,False
main,deterministic,deterministic,2025-07-01,46,True,True,0,,,0.7,20.0,optimal,2.356165300006978,2.3561659999977564,0.0,0,0,15865.460962360758,295.2709491819242,16160.731911542682,16434.651853054358,16729.922802236284,166112.26266498,0.2890629754630807,59.93738696772483,0.0,0.0,0.0,False,False,False
main,deterministic,deterministic,2025-07-01,47,True,True,0,,,0.7,20.0,optimal,2.356165300006978,2.3561659999977564,0.0,0,0,15865.460962360758,295.2709491819242,16160.731911542682,16080.968666578301,16376.239615760225,170745.04235183905,0.7014243628503248,59.555993707631586,0.0,0.005811293790690897,0.0,False,True,False
main,deterministic,deterministic,2025-07-01,48,True,True,0,,,0.7,20.0,optimal,2.356165300006978,2.3561659999977564,0.0,0,0,15865.460962360758,295.2709491819242,16160.731911542682,16428.584343875544,16723.85529305747,174547.9622531688,0.21995353158909559,55.08357534051801,0.0,0.0,0.0,False,False,False
main,deterministic,deterministic,2025-07-01,49,True,True,0,,,0.7,20.0,optimal,2.356165300006978,2.3561659999977564,0.0,0,0,15865.460962360758,295.2709491819242,16160.731911542682,15706.366395116564,16001.637344298488,158741.40400338976,0.05289674990421886,65.06257797679787,0.0,0.0,0.0,False,False,False
main,deterministic,deterministic,2025-07-01,50,True,True,0,,,0.7,20.0,optimal,2.356165300006978,2.3561659999977564,0.0,0,0,15865.460962360758,295.2709491819242,16160.731911542682,15821.60617440897,16116.877123590893,168999.93825641557,0.034489367898109274,66.23696733462425,0.0,0.0,0.0,False,False,False
main,deterministic,deterministic,2025-07-01,51,True,True,0,,,0.7,20.0,optimal,2.356165300006978,2.3561659999977564,0.0,0,0,15865.460962360758,295.2709491819242,16160.731911542682,15683.962818956506,15979.23376813843,157088.5589697897,0.10159635569976594,60.64430355499129,0.0,0.0,0.0,False,False,False
main,deterministic,deterministic,2025-07-01,52,True,True,0,,,0.7,20.0,optimal,2.356165300006978,2.3561659999977564,0.0,0,0,15865.460962360758,295.2709491819242,16160.731911542682,15071.88547131965,15367.156420501575,149855.09804918081,0.6207410865495959,62.19333645592799,0.0,0.0,0.0,False,False,False
main,deterministic,deterministic,2025-07-01,53,True,True,0,,,0.7,20.0,optimal,2.356165300006978,2.3561659999977564,0.0,0,0,15865.460962360758,295.2709491819242,16160.731911542682,16418.787855939623,16714.05880512155,174465.16985412504,0.5923430755907222,51.16902110435955,0.0,0.0,0.0,False,False,False
main,deterministic,deterministic,2025-07-01,54,True,True,0,,,0.7,20.0,optimal,2.356165300006978,2.3561659999977564,0.0,0,0,15865.460962360758,295.2709491819242,16160.731911542682,16450.04182432234,16745.312773504265,175121.12849683448,0.4811606973253068,51.74136435149356,0.0,0.038858664085452244,0.0,False,True,False
main,deterministic,deterministic,2025-07-01,55,True,True,0,,,0.7,20.0,optimal,2.356165300006978,2.3561659999977564,0.0,0,0,15865.460962360758,295.2709491819242,16160.731911542682,16142.722299793886,16437.99324897581,176677.15463323257,0.08953938790596644,63.81420792596896,0.0,0.0,0.0,False,False,False
main,deterministic,deterministic,2025-07-01,56,True,True,0,,,0.7,20.0,optimal,2.356165300006978,2.3561659999977564,0.0,0,0,15865.460962360758,295.2709491819242,16160.731911542682,15493.957716095585,15789.22866527751,150221.2055854377,0.31505800073983836,47.966450075580646,0.0,0.0,0.0,False,False,False
main,deterministic,deterministic,2025-07-01,57,True,True,0,,,0.7,20.0,optimal,2.356165300006978,2.3561659999977564,0.0,0,0,15865.460962360758,295.2709491819242,16160.731911542682,16271.649738522663,16566.920687704587,170981.81826639932,0.3113854341726462,57.17693396643818,0.0,0.0,0.0,False,False,False
main,deterministic,deterministic,2025-07-01,58,True,True,0,,,0.7,20.0,optimal,2.356165300006978,2.3561659999977564,0.0,0,0,15865.460962360758,295.2709491819242,16160.731911542682,15748.19483448046,16043.465783662385,163639.11431320157,0.23831623268350832,61.19191193510499,0.0,0.0,0.0,False,False,False
main,deterministic,deterministic,2025-07-01,59,True,True,0,,,0.7,20.0,optimal,2.356165300006978,2.3561659999977564,0.0,0,0,15865.460962360758,295.2709491819242,16160.731911542682,16059.891969630264,16355.162918812188,170486.96951010896,0.291542627093088,63.34851542051114,0.0,0.0,0.0,False,False,False
main,deterministic,deterministic,2025-07-01,60,True,True,0,,,0.7,20.0,optimal,2.356165300006978,2.3561659999977564,0.0,0,0,15865.460962360758,295.2709491819242,16160.731911542682,15917.81885583289,16213.089805014813,170785.57676088958,0.5999382279877705,60.1852867617491,0.0,0.0,0.0,False,False,False
main,deterministic,deterministic,2025-07-01,61,True,True,0,,,0.7,20.0,optimal,2.356165300006978,2.3561659999977564,0.0,0,0,15865.460962360758,295.2709491819242,16160.731911542682,16387.422942698195,16682.69389188012,175989.16892042075,0.5241890342320612,46.63483276892116,0.0,0.0,0.0,False,False,False
main,deterministic,deterministic,2025-07-01,62,True,True,0,,,0.7,20.0,optimal,2.356165300006978,2.3561659999977564,0.0,0,0,15865.460962360758,295.2709491819242,16160.731911542682,15765.29352471828,16060.564473900204,158357.4585302197,0.03399489530966193,63.173462648813924,0.0,0.0,0.0,False,False,False
main,deterministic,deterministic,2025-07-01,63,True,True,0,,,0.7,20.0,optimal,2.356165300006978,2.3561659999977564,0.0,0,0,15865.460962360758,295.2709491819242,16160.731911542682,15963.1963957852,16258.467344967125,156517.32265192323,0.1343339478771013,64.9095418375975,0.0,0.0,0.0,False,False,False
main,deterministic,deterministic,2025-07-01,64,True,True,0,,,0.7,20.0,optimal,2.356165300006978,2.3561659999977564,0.0,0,0,15865.460962360758,295.2709491819242,16160.731911542682,16606.734644527565,16902.00559370949,175432.2573049649,0.0,55.688437493822136,0.0,0.0,0.0,False,False,False
main,deterministic,deterministic,2025-07-01,65,True,True,0,,,0.7,20.0,optimal,2.356165300006978,2.3561659999977564,0.0,0,0,15865.460962360758,295.2709491819242,16160.731911542682,15929.720974985217,16224.991924167141,166740.40068730363,0.026847277157211025,57.355727144389554,0.0,0.0,0.0,False,False,False
main,deterministic,deterministic,2025-07-01,66,True,True,0,,,0.7,20.0,optimal,2.356165300006978,2.3561659999977564,0.0,0,0,15865.460962360758,295.2709491819242,16160.731911542682,16725.50000369925,17020.770952881176,183414.14529356765,0.06890491221063255,67.76173165240611,0.0,0.0,0.0,False,False,False
main,deterministic,deterministic,2025-07-01,67,True,True,0,,,0.7,20.0,optimal,2.356165300006978,2.3561659999977564,0.0,0,0,15865.460962360758,295.2709491819242,16160.731911542682,15503.866180262285,15799.137129444209,161194.11523342648,0.0,52.92570175436854,0.0,0.0,0.0,False,False,False
main,deterministic,deterministic,2025-07-01,68,True,True,0,,,0.7,20.0,optimal,2.356165300006978,2.3561659999977564,0.0,0,0,15865.460962360758,295.2709491819242,16160.731911542682,16344.192439495586,16639.463388677512,168576.40235571322,0.427294168756857,60.0056019509754,0.0,0.0,0.0,False,False,False
main,deterministic,deterministic,2025-07-01,69,True,True,0,,,0.7,20.0,optimal,2.356165300006978,2.3561659999977564,0.0,0,0,15865.460962360758,295.2709491819242,16160.731911542682,16098.609073952293,16393.880023134217,164615.20599148574,0.2258382379727199,60.49701307805904,0.0,0.0,0.0,False,False,False
main,deterministic,deterministic,2025-07-01,70,True,True,0,,,0.7,20.0,optimal,2.356165300006978,2.3561659999977564,0.0,0,0,15865.460962360758,295.2709491819242,16160.731911542682,16283.726747377186,16578.997696559112,177221.58471255229,0.9913505613825374,60.98424727162523,0.0,0.0,0.0,False,False,False
main,deterministic,deterministic,2025-07-01,71,True,True,0,,,0.7,20.0,optimal,2.356165300006978,2.3561659999977564,0.0,0,0,15865.460962360758,295.2709491819242,16160.731911542682,16393.227338299366,16688.498287481292,176580.55834108428,0.5911453354611744,68.28823243301235,0.0,0.0,0.0,False,False,False
main,deterministic,deterministic,2025-07-01,72,True,True,0,,,0.7,20.0,optimal,2.356165300006978,2.3561659999977564,0.0,0,0,15865.460962360758,295.2709491819242,16160.731911542682,17455.12088657458,17750.391835756505,197953.37525846952,0.2743938627251588,66.49449619827574,0.0,0.0,0.0,False,False,False
main,deterministic,deterministic,2025-07-01,73,True,True,0,,,0.7,20.0,optimal,2.356165300006978,2.3561659999977564,0.0,0,0,15865.460962360758,295.2709491819242,16160.731911542682,17642.511731049417,17937.782680231343,200728.31968890043,0.0,60.79607565548176,0.0,0.0,0.0,False,False,False
main,deterministic,deterministic,2025-07-01,74,True,True,0,,,0.7,20.0,optimal,2.356165300006978,2.3561659999977564,0.0,0,0,15865.460962360758,295.2709491819242,16160.731911542682,16371.086082607917,16666.35703178984,173030.88331031826,0.30707320399267035,58.51958563178485,0.0,0.0,0.0,False,False,False
main,deterministic,deterministic,2025-07-01,75,True,True,0,,,0.7,20.0,optimal,2.356165300006978,2.3561659999977564,0.0,0,0,15865.460962360758,295.2709491819242,16160.731911542682,16108.25442049656,16403.525369678486,170238.1659600142,1.1269747613966827,58.939322535777116,0.0,0.0,0.0,False,False,False
main,deterministic,deterministic,2025-07-01,76,True,True,0,,,0.7,20.0,optimal,2.356165300006978,2.3561659999977564,0.0,0,0,15865.460962360758,295.2709491819242,16160.731911542682,16420.871917973192,16716.14286715512,172971.49833162967,0.40145941492206316,54.59667690709286,0.0,0.0,0.0,False,False,False
main,deterministic,deterministic,2025-07-01,77,True,True,0,,,0.7,20.0,optimal,2.356165300006978,2.3561659999977564,0.0,0,0,15865.460962360758,295.2709491819242,16160.731911542682,15674.220008316772,15969.490957498696,162476.0960432172,0.44784778615402265,55.67607252902496,0.0,0.0,0.0,False,False,False
main,deterministic,deterministic,2025-07-01,78,True,True,0,,,0.7,20.0,optimal,2.356165300006978,2.3561659999977564,0.0,0,0,15865.460962360758,295.2709491819242,16160.731911542682,16368.196627925963,16663.467577107887,179405.6070053144,0.20747160067657378,60.47720741989454,0.0,0.12578282744365987,0.0,False,True,False
main,deterministic,deterministic,2025-07-01,79,True,True,0,,,0.7,20.0,optimal,2.356165300006978,2.3561659999977564,0.0,0,0,15865.460962360758,295.2709491819242,16160.731911542682,16279.476321687407,16574.74727086933,170878.62325009823,0.5400039118276064,54.03375018850072,0.0,0.0,0.0,False,False,False
main,deterministic,deterministic,2025-07-01,80,True,True,0,,,0.7,20.0,optimal,2.356165300006978,2.3561659999977564,0.0,0,0,15865.460962360758,295.2709491819242,16160.731911542682,15702.505576005506,15997.77652518743,157855.30181878243,0.0,55.99269160560529,0.0,0.0,0.0,False,False,False
main,deterministic,deterministic,2025-07-01,81,True,True,0,,,0.7,20.0,optimal,2.356165300006978,2.3561659999977564,0.0,0,0,15865.460962360758,295.2709491819242,16160.731911542682,16141.645286423909,16436.916235605833,167633.97733072517,0.6144566959652403,64.81115687080653,0.0,0.0,0.0,False,False,False
main,deterministic,deterministic,2025-07-01,82,True,True,0,,,0.7,20.0,optimal,2.356165300006978,2.3561659999977564,0.0,0,0,15865.460962360758,295.2709491819242,16160.731911542682,16574.020258030017,16869.291207211943,182981.90016234913,0.0,48.72211397652431,0.0,0.0,0.0,False,False,False
main,deterministic,deterministic,2025-07-01,83,True,True,0,,,0.7,20.0,optimal,2.356165300006978,2.3561659999977564,0.0,0,0,15865.460962360758,295.2709491819242,16160.731911542682,16572.96204556371,16868.232994745635,177289.1300653666,0.08044660353882427,55.55446672680148,0.0,0.0,0.0,False,False,False
main,deterministic,deterministic,2025-07-01,84,True,True,0,,,0.7,20.0,optimal,2.356165300006978,2.3561659999977564,0.0,0,0,15865.460962360758,295.2709491819242,16160.731911542682,16325.236161658886,16620.507110840812,163970.0149732588,0.31572509624582,57.904843838590054,0.0,0.0,0.0,False,False,False
main,deterministic,deterministic,2025-07-01,85,True,True,0,,,0.7,20.0,optimal,2.356165300006978,2.3561659999977564,0.0,0,0,15865.460962360758,295.2709491819242,16160.731911542682,16836.345455709998,17131.616404891924,187017.60987888632,0.3738428002828643,65.84975473038156,0.0,0.1286421846946899,0.0,False,True,False
main,deterministic,deterministic,2025-07-01,86,True,True,0,,,0.7,20.0,optimal,2.356165300006978,2.3561659999977564,0.0,0,0,15865.460962360758,295.2709491819242,16160.731911542682,16288.861913071272,16584.1328622532,173007.96722152983,0.2577341112446855,52.31786265835976,0.0,0.0,0.0,False,False,False
main,deterministic,deterministic,2025-07-01,87,True,True,0,,,0.7,20.0,optimal,2.356165300006978,2.3561659999977564,0.0,0,0,15865.460962360758,295.2709491819242,16160.731911542682,16216.21536156007,16511.486310741995,165966.10586572,0.2383464226021857,57.72214685711593,0.0,0.0,0.0,False,False,False
main,deterministic,deterministic,2025-07-01,88,True,True,0,,,0.7,20.0,optimal,2.356165300006978,2.3561659999977564,0.0,0,0,15865.460962360758,295.2709491819242,16160.731911542682,16750.440298335852,17045.71124751778,177133.4911464912,0.1690443979897463,67.41080542061441,0.0,0.0,0.0,False,False,False
main,deterministic,deterministic,2025-07-01,89,True,True,0,,,0.7,20.0,optimal,2.356165300006978,2.3561659999977564,0.0,0,0,15865.460962360758,295.2709491819242,16160.731911542682,15624.223111846459,15919.494061028383,159233.86275924998,0.5339888794653387,56.957600474644636,0.0,0.004447747428694582,0.0,False,True,False
main,deterministic,deterministic,2025-07-01,90,True,True,0,,,0.7,20.0,optimal,2.356165300006978,2.3561659999977564,0.0,0,0,15865.460962360758,295.2709491819242,16160.731911542682,16801.189285728156,17096.460234910082,183235.31700650183,0.16035328180031272,58.72094250551123,0.0,0.0,0.0,False,False,False
main,deterministic,deterministic,2025-07-01,91,True,True,0,,,0.7,20.0,optimal,2.356165300006978,2.3561659999977564,0.0,0,0,15865.460962360758,295.2709491819242,16160.731911542682,15191.947197598261,15487.218146780186,149437.35635008424,0.6683624880281994,56.25373032964398,0.0,0.0,0.0,False,False,False
main,deterministic,deterministic,2025-07-01,92,True,True,0,,,0.7,20.0,optimal,2.356165300006978,2.3561659999977564,0.0,0,0,15865.460962360758,295.2709491819242,16160.731911542682,15389.416312114863,15684.687261296787,154396.39609591194,0.0,48.88424662430331,0.0,0.0,0.0,False,False,False
main,deterministic,deterministic,2025-07-01,93,True,True,0,,,0.7,20.0,optimal,2.356165300006978,2.3561659999977564,0.0,0,0,15865.460962360758,295.2709491819242,16160.731911542682,16698.935052882618,16994.206002064544,182630.38600391813,0.028361961554027815,61.57535151024479,0.0,0.0,0.0,False,False,False
main,deterministic,deterministic,2025-07-01,94,True,True,0,,,0.7,20.0,optimal,2.356165300006978,2.3561659999977564,0.0,0,0,15865.460962360758,295.2709491819242,16160.731911542682,15971.826064990615,16267.09701417254,160229.9856003416,0.179054060520666,55.28178445148738,0.0,0.0,0.0,False,False,False
main,deterministic,deterministic,2025-07-01,95,True,True,0,,,0.7,20.0,optimal,2.356165300006978,2.3561659999977564,0.0,0,0,15865.460962360758,295.2709491819242,16160.731911542682,16140.787961513832,16436.058910695756,166804.5028994305,0.4738390502479398,54.68449726440604,0.0,0.0,0.0,False,False,False
main,deterministic,deterministic,2025-07-01,96,True,True,0,,,0.7,20.0,optimal,2.356165300006978,2.3561659999977564,0.0,0,0,15865.460962360758,295.2709491819242,16160.731911542682,15776.603500523895,16071.87444970582,170818.70248749072,0.3033967469796398,52.43073279906943,0.0,0.0,0.0,False,False,False
main,deterministic,deterministic,2025-07-01,97,True,True,0,,,0.7,20.0,optimal,2.356165300006978,2.3561659999977564,0.0,0,0,15865.460962360758,295.2709491819242,16160.731911542682,16243.992398468414,16539.26334765034,176342.7888186837,0.04805183323242068,60.45545665294279,0.0,0.0,0.0,False,False,False
main,deterministic,deterministic,2025-07-01,98,True,True,0,,,0.7,20.0,optimal,2.356165300006978,2.3561659999977564,0.0,0,0,15865.460962360758,295.2709491819242,16160.731911542682,16900.414922699234,17195.68587188116,189891.17250868448,0.5841790257072852,45.91502124279579,0.0,0.0,0.0,False,False,False
main,deterministic,deterministic,2025-07-01,99,True,True,0,,,0.7,20.0,optimal,2.356165300006978,2.3561659999977564,0.0,0,0,15865.460962360758,295.2709491819242,16160.731911542682,16177.935782351702,16473.206731533628,167478.9948318629,0.11613667379853976,57.81236577514837,0.0,0.0,0.0,False,False,False
main,deterministic,deterministic,2025-10-01,0,True,True,0,,,0.7,20.0,optimal,1.790766000005533,1.7907667000108631,0.0,0,0,16307.664624421875,533.9055933035798,16841.570217725457,16554.65719001066,17088.562783314243,199486.60769207458,0.11495475076282058,53.65676686174245,0.0,0.0,0.0,False,False,False
main,deterministic,deterministic,2025-10-01,1,True,True,0,,,0.7,20.0,optimal,1.790766000005533,1.7907667000108631,0.0,0,0,16307.664624421875,533.9055933035798,16841.570217725457,16431.21769124613,16965.12328454971,197333.76145772028,0.0,109.30836641900002,0.0,0.0,0.7306569283205178,False,False,True
main,deterministic,deterministic,2025-10-01,2,True,True,0,,,0.7,20.0,optimal,1.790766000005533,1.7907667000108631,0.0,0,0,16307.664624421875,533.9055933035798,16841.570217725457,15567.092566240834,16100.998159544413,174373.4802652324,0.05517579678807105,50.62587011566934,0.0,0.0,0.0,False,False,False
main,deterministic,deterministic,2025-10-01,3,True,True,0,,,0.7,20.0,optimal,1.790766000005533,1.7907667000108631,0.0,0,0,16307.664624421875,533.9055933035798,16841.570217725457,16016.686491152863,16550.592084456443,178012.68034647396,0.0,54.71608841258983,0.0,0.0,0.0,False,False,False
main,deterministic,deterministic,2025-10-01,4,True,True,0,,,0.7,20.0,optimal,1.790766000005533,1.7907667000108631,0.0,0,0,16307.664624421875,533.9055933035798,16841.570217725457,16425.59644546126,16959.50203876484,194471.07115989627,0.3756022068289392,52.9940771543186,0.0,0.0,0.0,False,False,False
main,deterministic,deterministic,2025-10-01,5,True,True,0,,,0.7,20.0,optimal,1.790766000005533,1.7907667000108631,0.0,0,0,16307.664624421875,533.9055933035798,16841.570217725457,16228.916438365663,16762.822031669242,189934.41652006668,0.2672042977487556,59.79493801617029,0.0,0.0,0.0,False,False,False
main,deterministic,deterministic,2025-10-01,6,True,True,0,,,0.7,20.0,optimal,1.790766000005533,1.7907667000108631,0.0,0,0,16307.664624421875,533.9055933035798,16841.570217725457,15580.897854919484,16114.803448223063,167596.44980935537,0.0,50.95888916632746,0.0,0.0,0.0,False,False,False
main,deterministic,deterministic,2025-10-01,7,True,True,0,,,0.7,20.0,optimal,1.790766000005533,1.7907667000108631,0.0,0,0,16307.664624421875,533.9055933035798,16841.570217725457,16355.01873250413,16888.92432580771,182364.11323765677,0.010074946417900577,54.85225012420351,0.0,0.0,0.0,False,False,False
main,deterministic,deterministic,2025-10-01,8,True,True,0,,,0.7,20.0,optimal,1.790766000005533,1.7907667000108631,0.0,0,0,16307.664624421875,533.9055933035798,16841.570217725457,16187.674611496677,16721.58020480026,195908.26939327674,0.8281423101313283,51.61168110586219,0.0,0.0,0.0,False,False,False
main,deterministic,deterministic,2025-10-01,9,True,True,0,,,0.7,20.0,optimal,1.790766000005533,1.7907667000108631,0.0,0,0,16307.664624421875,533.9055933035798,16841.570217725457,16201.427083244314,16735.332676547896,186249.0000702792,0.0,65.60708872727369,0.0,0.0,0.0,False,False,False
main,deterministic,deterministic,2025-10-01,10,True,True,0,,,0.7,20.0,optimal,1.790766000005533,1.7907667000108631,0.0,0,0,16307.664624421875,533.9055933035798,16841.570217725457,15942.205088750234,16476.110682053815,182178.06771982048,0.030917107442094083,54.74848772547749,0.0,0.0,0.0,False,False,False
main,deterministic,deterministic,2025-10-01,11,True,True,0,,,0.7,20.0,optimal,1.790766000005533,1.7907667000108631,0.0,0,0,16307.664624421875,533.9055933035798,16841.570217725457,16115.471418932037,16649.377012235618,189857.57580629553,0.12990811964296367,51.03480519718304,0.0,0.007526708185281006,0.0,False,True,False
main,deterministic,deterministic,2025-10-01,12,True,True,0,,,0.7,20.0,optimal,1.790766000005533,1.7907667000108631,0.0,0,0,16307.664624421875,533.9055933035798,16841.570217725457,16162.03294202966,16695.93853533324,186841.78695539568,0.026868965680019063,50.07065433505637,0.0,0.0,0.0,False,False,False
main,deterministic,deterministic,2025-10-01,13,True,True,0,,,0.7,20.0,optimal,1.790766000005533,1.7907667000108631,0.0,0,0,16307.664624421875,533.9055933035798,16841.570217725457,16278.769456883412,16812.675050186994,187770.80298149408,0.14953974985410884,60.25877408367107,0.0,0.0,0.0,False,False,False
main,deterministic,deterministic,2025-10-01,14,True,True,0,,,0.7,20.0,optimal,1.790766000005533,1.7907667000108631,0.0,0,0,16307.664624421875,533.9055933035798,16841.570217725457,16139.484705727731,16673.39029903131,184091.9239297093,0.0,53.26440751444335,0.0,0.0,0.0,False,False,False
main,deterministic,deterministic,2025-10-01,15,True,True,0,,,0.7,20.0,optimal,1.790766000005533,1.7907667000108631,0.0,0,0,16307.664624421875,533.9055933035798,16841.570217725457,16614.980004656503,17148.885597960085,203525.97174683466,0.3224509586210915,48.61133913053283,0.0,0.0,0.0,False,False,False
main,deterministic,deterministic,2025-10-01,16,True,True,0,,,0.7,20.0,optimal,1.790766000005533,1.7907667000108631,0.0,0,0,16307.664624421875,533.9055933035798,16841.570217725457,16557.6266149029,17091.53220820648,203952.42423889364,0.1254443705338338,54.36427325055425,0.0,0.0,0.0,False,False,False
main,deterministic,deterministic,2025-10-01,17,True,True,0,,,0.7,20.0,optimal,1.790766000005533,1.7907667000108631,0.0,0,0,16307.664624421875,533.9055933035798,16841.570217725457,17118.86480488868,17652.77039819226,216431.99225944097,0.5642931268439859,64.1557121252638,0.0,0.0,0.0,False,False,False
main,deterministic,deterministic,2025-10-01,18,True,True,0,,,0.7,20.0,optimal,1.790766000005533,1.7907667000108631,0.0,0,0,16307.664624421875,533.9055933035798,16841.570217725457,17264.168474184167,17798.07406748775,209378.78264507253,0.05076614493517617,60.0360447541071,0.0,0.0,0.0,False,False,False
main,deterministic,deterministic,2025-10-01,19,True,True,0,,,0.7,20.0,optimal,1.790766000005533,1.7907667000108631,0.0,0,0,16307.664624421875,533.9055933035798,16841.570217725457,16215.968092230205,16749.873685533785,188204.53003281722,0.009862927312140002,54.88382502615477,0.0,0.0,0.0,False,False,False
main,deterministic,deterministic,2025-10-01,20,True,True,0,,,0.7,20.0,optimal,1.790766000005533,1.7907667000108631,0.0,0,0,16307.664624421875,533.9055933035798,16841.570217725457,15984.381640494343,16518.287233797924,186260.07076488968,0.0,52.20677938222606,0.0,0.12934342731578918,0.0,False,True,False
main,deterministic,deterministic,2025-10-01,21,True,True,0,,,0.7,20.0,optimal,1.790766000005533,1.7907667000108631,0.0,0,0,16307.664624421875,533.9055933035798,16841.570217725457,16371.530867662677,16905.43646096626,198880.3731154563,0.024255530991956986,49.79689140266296,0.0,0.0,0.0,False,False,False
main,deterministic,deterministic,2025-10-01,22,True,True,0,,,0.7,20.0,optimal,1.790766000005533,1.7907667000108631,0.0,0,0,16307.664624421875,533.9055933035798,16841.570217725457,17662.629478399955,18196.535071703536,221314.18739857676,0.5465410760085231,52.471337890029154,0.0,0.1901072966500965,0.0,False,True,False
main,deterministic,deterministic,2025-10-01,23,True,True,0,,,0.7,20.0,optimal,1.790766000005533,1.7907667000108631,0.0,0,0,16307.664624421875,533.9055933035798,16841.570217725457,16789.777299550966,17323.682892854547,200921.51442632728,0.0,56.35853858306437,0.0,0.0,0.0,False,False,False
main,deterministic,deterministic,2025-10-01,24,True,True,0,,,0.7,20.0,optimal,1.790766000005533,1.7907667000108631,0.0,0,0,16307.664624421875,533.9055933035798,16841.570217725457,16947.632648304792,17481.538241608374,208255.10490926713,0.0,60.23101841733679,0.0,0.0,0.0,False,False,False
main,deterministic,deterministic,2025-10-01,25,True,True,0,,,0.7,20.0,optimal,1.790766000005533,1.7907667000108631,0.0,0,0,16307.664624421875,533.9055933035798,16841.570217725457,16125.764779681442,16659.670372985023,193177.03375608116,0.0,48.90176579792039,0.0,0.0,0.0,False,False,False
main,deterministic,deterministic,2025-10-01,26,True,True,0,,,0.7,20.0,optimal,1.790766000005533,1.7907667000108631,0.0,0,0,16307.664624421875,533.9055933035798,16841.570217725457,16602.98129942198,17136.88689272556,195842.03559726052,0.1872020058572355,61.494946518422566,0.0,0.0,0.0,False,False,False
main,deterministic,deterministic,2025-10-01,27,True,True,0,,,0.7,20.0,optimal,1.790766000005533,1.7907667000108631,0.0,0,0,16307.664624421875,533.9055933035798,16841.570217725457,16653.51411908713,17187.41971239071,197770.1213417826,0.43411519422725225,58.714296032291294,0.0,0.0,0.0,False,False,False
main,deterministic,deterministic,2025-10-01,28,True,True,0,,,0.7,20.0,optimal,1.790766000005533,1.7907667000108631,0.0,0,0,16307.664624421875,533.9055933035798,16841.570217725457,16359.033718239905,16892.939311543487,191687.7055975821,0.07801280986564119,45.91993673507098,0.0,0.0,0.0,False,False,False
main,deterministic,deterministic,2025-10-01,29,True,True,0,,,0.7,20.0,optimal,1.790766000005533,1.7907667000108631,0.0,0,0,16307.664624421875,533.9055933035798,16841.570217725457,16474.70749823162,17008.6130915352,186504.41119300178,0.0,44.34992994272188,0.0,0.0,0.0,False,False,False
main,deterministic,deterministic,2025-10-01,30,True,True,0,,,0.7,20.0,optimal,1.790766000005533,1.7907667000108631,0.0,0,0,16307.664624421875,533.9055933035798,16841.570217725457,16407.27214358185,16941.17773688543,200840.56929198877,0.009754232165104071,51.51052039620006,0.0,0.0,0.0,False,False,False
main,deterministic,deterministic,2025-10-01,31,True,True,0,,,0.7,20.0,optimal,1.790766000005533,1.7907667000108631,0.0,0,0,16307.664624421875,533.9055933035798,16841.570217725457,16358.165562553853,16892.071155857433,197951.83208870084,0.01341750848009407,51.3511987892901,0.0,0.0,0.0,False,False,False
main,deterministic,deterministic,2025-10-01,32,True,True,0,,,0.7,20.0,optimal,1.790766000005533,1.7907667000108631,0.0,0,0,16307.664624421875,533.9055933035798,16841.570217725457,16320.69519676909,16854.60079007267,187270.7491644601,0.04495649966011661,56.27054102142801,0.0,0.0,0.0,False,False,False
main,deterministic,deterministic,2025-10-01,33,True,True,0,,,0.7,20.0,optimal,1.790766000005533,1.7907667000108631,0.0,0,0,16307.664624421875,533.9055933035798,16841.570217725457,16070.25071469533,16604.15630799891,192877.6456796161,0.23154716951636028,66.73641503339222,0.0,0.0009738685438618333,0.0,False,True,False
main,deterministic,deterministic,2025-10-01,34,True,True,0,,,0.7,20.0,optimal,1.790766000005533,1.7907667000108631,0.0,0,0,16307.664624421875,533.9055933035798,16841.570217725457,16557.79063117332,17091.696224476902,194502.58109885576,0.06960745432666315,52.99777378331179,0.0,0.0,0.0,False,False,False
main,deterministic,deterministic,2025-10-01,35,True,True,0,,,0.7,20.0,optimal,1.790766000005533,1.7907667000108631,0.0,0,0,16307.664624421875,533.9055933035798,16841.570217725457,16078.628643126181,16612.53423642976,181551.51269964295,0.05703313867661308,57.74874557704249,0.0,0.0,0.0,False,False,False
main,deterministic,deterministic,2025-10-01,36,True,True,0,,,0.7,20.0,optimal,1.790766000005533,1.7907667000108631,0.0,0,0,16307.664624421875,533.9055933035798,16841.570217725457,15616.592595882152,16150.498189185731,173097.46253748986,0.0016793931267760076,61.710121318416505,0.0,0.0,0.0,False,False,False
main,deterministic,deterministic,2025-10-01,37,True,True,0,,,0.7,20.0,optimal,1.790766000005533,1.7907667000108631,0.0,0,0,16307.664624421875,533.9055933035798,16841.570217725457,16137.206938796173,16671.112532099753,184876.29003167117,0.06499576968316423,45.41038631255198,0.0,0.0,0.0,False,False,False
main,deterministic,deterministic,2025-10-01,38,True,True,0,,,0.7,20.0,optimal,1.790766000005533,1.7907667000108631,0.0,0,0,16307.664624421875,533.9055933035798,16841.570217725457,16175.649912854347,16709.55550615793,185087.6306165595,0.0,54.99498788399994,0.0,0.0,0.0,False,False,False
main,deterministic,deterministic,2025-10-01,39,True,True,0,,,0.7,20.0,optimal,1.790766000005533,1.7907667000108631,0.0,0,0,16307.664624421875,533.9055933035798,16841.570217725457,16157.555435908671,16691.461029212252,181764.5248369737,0.0,44.89108706901793,0.0,0.0,0.0,False,False,False
main,deterministic,deterministic,2025-10-01,40,True,True,0,,,0.7,20.0,optimal,1.790766000005533,1.7907667000108631,0.0,0,0,16307.664624421875,533.9055933035798,16841.570217725457,16484.13546250925,17018.04105581283,193401.3057846107,0.10809892581956893,49.8122347828366,0.0,0.0,0.0,False,False,False
main,deterministic,deterministic,2025-10-01,41,True,True,0,,,0.7,20.0,optimal,1.790766000005533,1.7907667000108631,0.0,0,0,16307.664624421875,533.9055933035798,16841.570217725457,17489.169153988634,18023.074747292216,226863.23894058447,0.07952757510334219,40.02060482763459,0.0,0.0,0.0,False,False,False
main,deterministic,deterministic,2025-10-01,42,True,True,0,,,0.7,20.0,optimal,1.790766000005533,1.7907667000108631,0.0,0,0,16307.664624421875,533.9055933035798,16841.570217725457,16751.726813942616,17285.632407246198,201240.30795361815,0.14040161932529538,54.95909890302832,0.0,0.0,0.0,False,False,False
main,deterministic,deterministic,2025-10-01,43,True,True,0,,,0.7,20.0,optimal,1.790766000005533,1.7907667000108631,0.0,0,0,16307.664624421875,533.9055933035798,16841.570217725457,16498.38300835839,17032.28860166197,199649.22529435952,0.0,55.2872923098632,0.0,0.0,0.0,False,False,False
main,deterministic,deterministic,2025-10-01,44,True,True,0,,,0.7,20.0,optimal,1.790766000005533,1.7907667000108631,0.0,0,0,16307.664624421875,533.9055933035798,16841.570217725457,16442.65653933814,16976.56213264172,196672.15965684399,0.0,54.99420631863481,0.0,0.0,0.0,False,False,False
main,deterministic,deterministic,2025-10-01,45,True,True,0,,,0.7,20.0,optimal,1.790766000005533,1.7907667000108631,0.0,0,0,16307.664624421875,533.9055933035798,16841.570217725457,15881.6448630372,16415.55045634078,181622.8309022011,0.0,59.64730141895354,0.0,0.0,0.0,False,False,False
main,deterministic,deterministic,2025-10-01,46,True,True,0,,,0.7,20.0,optimal,1.790766000005533,1.7907667000108631,0.0,0,0,16307.664624421875,533.9055933035798,16841.570217725457,16550.612917815117,17084.5185111187,192729.72747495456,0.0,53.94957830278445,0.0,0.0,0.0,False,False,False
main,deterministic,deterministic,2025-10-01,47,True,True,0,,,0.7,20.0,optimal,1.790766000005533,1.7907667000108631,0.0,0,0,16307.664624421875,533.9055933035798,16841.570217725457,16289.194828513275,16823.100421816856,197070.43834912707,0.0,54.40522684126486,0.0,0.0,0.0,False,False,False
main,deterministic,deterministic,2025-10-01,48,True,True,0,,,0.7,20.0,optimal,1.790766000005533,1.7907667000108631,0.0,0,0,16307.664624421875,533.9055933035798,16841.570217725457,16548.90415196792,17082.8097452715,201301.8396564146,0.22970133409142013,53.52500304428177,0.0,0.0,0.0,False,False,False
main,deterministic,deterministic,2025-10-01,49,True,True,0,,,0.7,20.0,optimal,1.790766000005533,1.7907667000108631,0.0,0,0,16307.664624421875,533.9055933035798,16841.570217725457,15976.13966329435,16510.045256597932,184182.6357203988,0.0,58.94813608776504,0.0,0.0,0.0,False,False,False
main,deterministic,deterministic,2025-10-01,50,True,True,0,,,0.7,20.0,optimal,1.790766000005533,1.7907667000108631,0.0,0,0,16307.664624421875,533.9055933035798,16841.570217725457,16311.639849020257,16845.545442323837,194700.6078198958,0.006472306831683761,60.47700805433946,0.0,0.0,0.0,False,False,False
main,deterministic,deterministic,2025-10-01,51,True,True,0,,,0.7,20.0,optimal,1.790766000005533,1.7907667000108631,0.0,0,0,16307.664624421875,533.9055933035798,16841.570217725457,16102.693165427183,16636.598758730765,183683.56243658977,0.8293239371894091,56.340712014181186,0.0,0.0,0.0,False,False,False
main,deterministic,deterministic,2025-10-01,52,True,True,0,,,0.7,20.0,optimal,1.790766000005533,1.7907667000108631,0.0,0,0,16307.664624421875,533.9055933035798,16841.570217725457,15414.656482115299,15948.562075418879,174081.2076634614,0.0,61.29443812041368,0.0,0.0,0.0,False,False,False
main,deterministic,deterministic,2025-10-01,53,True,True,0,,,0.7,20.0,optimal,1.790766000005533,1.7907667000108631,0.0,0,0,16307.664624421875,533.9055933035798,16841.570217725457,16575.571209418304,17109.476802721885,199718.32390702146,0.0,53.878086049993,0.0,0.0,0.0,False,False,False
main,deterministic,deterministic,2025-10-01,54,True,True,0,,,0.7,20.0,optimal,1.790766000005533,1.7907667000108631,0.0,0,0,16307.664624421875,533.9055933035798,16841.570217725457,16479.634502130084,17013.540095433666,200762.15101949504,0.0,51.068724660803476,0.0,0.0,0.0,False,False,False
main,deterministic,deterministic,2025-10-01,55,True,True,0,,,0.7,20.0,optimal,1.790766000005533,1.7907667000108631,0.0,0,0,16307.664624421875,533.9055933035798,16841.570217725457,16736.23475842581,17270.14035172939,202243.01462992057,0.0,58.76502000196711,0.0,0.0,0.0,False,False,False
main,deterministic,deterministic,2025-10-01,56,True,True,0,,,0.7,20.0,optimal,1.790766000005533,1.7907667000108631,0.0,0,0,16307.664624421875,533.9055933035798,16841.570217725457,15907.159696147097,16441.06528945068,173509.62140161794,0.0,45.84297069776884,0.0,0.0,0.0,False,False,False
main,deterministic,deterministic,2025-10-01,57,True,True,0,,,0.7,20.0,optimal,1.790766000005533,1.7907667000108631,0.0,0,0,16307.664624421875,533.9055933035798,16841.570217725457,16400.328503079323,16934.234096382905,197564.4090457058,0.09982336165681921,55.421906883539236,0.0,0.0,0.0,False,False,False
main,deterministic,deterministic,2025-10-01,58,True,True,0,,,0.7,20.0,optimal,1.790766000005533,1.7907667000108631,0.0,0,0,16307.664624421875,533.9055933035798,16841.570217725457,15977.825536481672,16511.731129785254,190233.7508239229,0.08910666807532325,60.24883829259187,0.0,0.0,0.0,False,False,False
main,deterministic,deterministic,2025-10-01,59,True,True,0,,,0.7,20.0,optimal,1.790766000005533,1.7907667000108631,0.0,0,0,16307.664624421875,533.9055933035798,16841.570217725457,16462.20584066804,16996.111433971622,195717.759029689,0.0,56.30603479374635,0.0,0.0,0.0,False,False,False
main,deterministic,deterministic,2025-10-01,60,True,True,0,,,0.7,20.0,optimal,1.790766000005533,1.7907667000108631,0.0,0,0,16307.664624421875,533.9055933035798,16841.570217725457,16264.153490825434,16798.059084129014,196310.48205137113,0.16950472627393653,57.54903185434523,0.0,0.0,0.0,False,False,False
main,deterministic,deterministic,2025-10-01,61,True,True,0,,,0.7,20.0,optimal,1.790766000005533,1.7907667000108631,0.0,0,0,16307.664624421875,533.9055933035798,16841.570217725457,16759.635019717687,17293.54061302127,201842.87165845316,0.404487825064314,44.11131523690699,0.0,0.0,0.0,False,False,False
main,deterministic,deterministic,2025-10-01,62,True,True,0,,,0.7,20.0,optimal,1.790766000005533,1.7907667000108631,0.0,0,0,16307.664624421875,533.9055933035798,16841.570217725457,16006.375616383079,16540.28120968666,183625.21832340024,0.0,58.920335064642195,0.0,0.0,0.0,False,False,False
main,deterministic,deterministic,2025-10-01,63,True,True,0,,,0.7,20.0,optimal,1.790766000005533,1.7907667000108631,0.0,0,0,16307.664624421875,533.9055933035798,16841.570217725457,16001.089083429006,16534.994676732586,181625.3496616335,0.29578077342406917,60.726037718019114,0.0,0.0,0.0,False,False,False
main,deterministic,deterministic,2025-10-01,64,True,True,0,,,0.7,20.0,optimal,1.790766000005533,1.7907667000108631,0.0,0,0,16307.664624421875,533.9055933035798,16841.570217725457,16552.86078709128,17086.76638039486,200707.81082439568,0.0,52.78552729929377,0.0,0.0,0.0,False,False,False
main,deterministic,deterministic,2025-10-01,65,True,True,0,,,0.7,20.0,optimal,1.790766000005533,1.7907667000108631,0.0,0,0,16307.664624421875,533.9055933035798,16841.570217725457,16035.85914113405,16569.76473443763,192406.20831126996,0.0,58.00469825238676,0.0,0.0,0.0,False,False,False
main,deterministic,deterministic,2025-10-01,66,True,True,0,,,0.7,20.0,optimal,1.790766000005533,1.7907667000108631,0.0,0,0,16307.664624421875,533.9055933035798,16841.570217725457,16871.74468871361,17405.65028201719,209325.05294252408,0.0,63.66683057710145,0.0,0.09201936403985833,0.0,False,True,False
main,deterministic,deterministic,2025-10-01,67,True,True,0,,,0.7,20.0,optimal,1.790766000005533,1.7907667000108631,0.0,0,0,16307.664624421875,533.9055933035798,16841.570217725457,16145.230453192502,16679.13604649608,186005.86591424956,0.0,54.31483820413693,0.0,0.0,0.0,False,False,False
main,deterministic,deterministic,2025-10-01,68,True,True,0,,,0.7,20.0,optimal,1.790766000005533,1.7907667000108631,0.0,0,0,16307.664624421875,533.9055933035798,16841.570217725457,16154.868337081673,16688.773930385254,194756.9712992117,0.0,104.12940749010293,0.0,0.0,0.9118695468716373,False,False,True
main,deterministic,deterministic,2025-10-01,69,True,True,0,,,0.7,20.0,optimal,1.790766000005533,1.7907667000108631,0.0,0,0,16307.664624421875,533.9055933035798,16841.570217725457,16232.810210773614,16766.715804077194,190291.734452589,0.20419908100244433,58.29117818921741,0.0,0.0,0.0,False,False,False
main,deterministic,deterministic,2025-10-01,70,True,True,0,,,0.7,20.0,optimal,1.790766000005533,1.7907667000108631,0.0,0,0,16307.664624421875,533.9055933035798,16841.570217725457,16742.5954371519,17276.50103045548,202037.32260407938,0.0,60.04237752612437,0.0,0.0,0.0,False,False,False
main,deterministic,deterministic,2025-10-01,71,True,True,0,,,0.7,20.0,optimal,1.790766000005533,1.7907667000108631,0.0,0,0,16307.664624421875,533.9055933035798,16841.570217725457,16774.739741199006,17308.645334502588,202828.92547780316,0.8400708496997511,64.3774254973863,0.0,0.0,0.0,False,False,False
main,deterministic,deterministic,2025-10-01,72,True,True,0,,,0.7,20.0,optimal,1.790766000005533,1.7907667000108631,0.0,0,0,16307.664624421875,533.9055933035798,16841.570217725457,17426.210122818786,17960.115716122367,224258.78878702625,0.3094128510190851,61.94651462374333,0.0,0.0,0.0,False,False,False
main,deterministic,deterministic,2025-10-01,73,True,True,0,,,0.7,20.0,optimal,1.790766000005533,1.7907667000108631,0.0,0,0,16307.664624421875,533.9055933035798,16841.570217725457,17679.969956555848,18213.87554985943,227441.05259187496,0.0,52.553955626487024,0.0,0.0,0.0,False,False,False
main,deterministic,deterministic,2025-10-01,74,True,True,0,,,0.7,20.0,optimal,1.790766000005533,1.7907667000108631,0.0,0,0,16307.664624421875,533.9055933035798,16841.570217725457,16485.381546633456,17019.287139937038,198645.02928758817,0.0,55.44103044964369,0.0,0.0,0.0,False,False,False
main,deterministic,deterministic,2025-10-01,75,True,True,0,,,0.7,20.0,optimal,1.790766000005533,1.7907667000108631,0.0,0,0,16307.664624421875,533.9055933035798,16841.570217725457,16620.02206492278,17153.927658226363,194649.8197656287,0.0,55.664841088340566,0.0,0.0038190539764311193,0.0,False,True,False
main,deterministic,deterministic,2025-10-01,76,True,True,0,,,0.7,20.0,optimal,1.790766000005533,1.7907667000108631,0.0,0,0,16307.664624421875,533.9055933035798,16841.570217725457,16726.42826459604,17260.333857899623,200325.88381967583,0.0,57.145365126080605,0.0,0.0,0.0,False,False,False
main,deterministic,deterministic,2025-10-01,77,True,True,0,,,0.7,20.0,optimal,1.790766000005533,1.7907667000108631,0.0,0,0,16307.664624421875,533.9055933035798,16841.570217725457,16183.429017665378,16717.33461096896,187108.40029556313,0.1496598753123884,53.43068890125475,0.0,0.0,0.0,False,False,False
main,deterministic,deterministic,2025-10-01,78,True,True,0,,,0.7,20.0,optimal,1.790766000005533,1.7907667000108631,0.0,0,0,16307.664624421875,533.9055933035798,16841.570217725457,16533.44697895318,17067.35257225676,206041.14678320676,0.0,58.843206986537346,0.0,0.0,0.0,False,False,False
main,deterministic,deterministic,2025-10-01,79,True,True,0,,,0.7,20.0,optimal,1.790766000005533,1.7907667000108631,0.0,0,0,16307.664624421875,533.9055933035798,16841.570217725457,16447.968078110167,16981.87367141375,197824.355344101,0.017399537443988367,54.004879076833596,0.0,0.0,0.0,False,False,False
main,deterministic,deterministic,2025-10-01,80,True,True,0,,,0.7,20.0,optimal,1.790766000005533,1.7907667000108631,0.0,0,0,16307.664624421875,533.9055933035798,16841.570217725457,16306.752451514805,16840.658044818385,183586.96585219385,0.0,53.59942533329502,0.0,0.0,0.0,False,False,False
main,deterministic,deterministic,2025-10-01,81,True,True,0,,,0.7,20.0,optimal,1.790766000005533,1.7907667000108631,0.0,0,0,16307.664624421875,533.9055933035798,16841.570217725457,16289.74602760321,16823.651620906792,193055.53831803898,0.3784760328320226,64.10313979255268,0.0,0.0,0.0,False,False,False
main,deterministic,deterministic,2025-10-01,82,True,True,0,,,0.7,20.0,optimal,1.790766000005533,1.7907667000108631,0.0,0,0,16307.664624421875,533.9055933035798,16841.570217725457,16923.87270340558,17457.778296709163,208576.33498593955,0.0,48.01431614356068,0.0,0.0,0.0,False,False,False
main,deterministic,deterministic,2025-10-01,83,True,True,0,,,0.7,20.0,optimal,1.790766000005533,1.7907667000108631,0.0,0,0,16307.664624421875,533.9055933035798,16841.570217725457,16766.269426116876,17300.175019420458,204158.38495846308,0.6105786595402602,50.717276763418944,0.0,0.0,0.0,False,False,False
main,deterministic,deterministic,2025-10-01,84,True,True,0,,,0.7,20.0,optimal,1.790766000005533,1.7907667000108631,0.0,0,0,16307.664624421875,533.9055933035798,16841.570217725457,16324.720375485615,16858.625968789194,189440.12296515156,0.18597174915147185,50.73605723999773,0.0,0.0,0.0,False,False,False
main,deterministic,deterministic,2025-10-01,85,True,True,0,,,0.7,20.0,optimal,1.790766000005533,1.7907667000108631,0.0,0,0,16307.664624421875,533.9055933035798,16841.570217725457,17002.360077354653,17536.265670658235,212493.76380412938,0.25121807033797583,62.51451075905416,0.0,0.0,0.0,False,False,False
main,deterministic,deterministic,2025-10-01,86,True,True,0,,,0.7,20.0,optimal,1.790766000005533,1.7907667000108631,0.0,0,0,16307.664624421875,533.9055933035798,16841.570217725457,16164.77332504613,16698.67891834971,199449.6493988593,0.027857095866476556,53.902075141124335,0.0,0.0,0.0,False,False,False
main,deterministic,deterministic,2025-10-01,87,True,True,0,,,0.7,20.0,optimal,1.790766000005533,1.7907667000108631,0.0,0,0,16307.664624421875,533.9055933035798,16841.570217725457,16404.462686697898,16938.36828000148,191184.81666912857,0.042011822899287954,55.149101737424495,0.0,0.0,0.0,False,False,False
main,deterministic,deterministic,2025-10-01,88,True,True,0,,,0.7,20.0,optimal,1.790766000005533,1.7907667000108631,0.0,0,0,16307.664624421875,533.9055933035798,16841.570217725457,16941.514925696443,17475.420519000025,203376.4302443091,0.05326798692112389,61.71712774163579,0.0,0.0,0.0,False,False,False
main,deterministic,deterministic,2025-10-01,89,True,True,0,,,0.7,20.0,optimal,1.790766000005533,1.7907667000108631,0.0,0,0,16307.664624421875,533.9055933035798,16841.570217725457,15580.696000212465,16114.601593516045,183917.7903259962,0.17818528226031685,57.0368154881752,0.0,0.0,0.0,False,False,False
main,deterministic,deterministic,2025-10-01,90,True,True,0,,,0.7,20.0,optimal,1.790766000005533,1.7907667000108631,0.0,0,0,16307.664624421875,533.9055933035798,16841.570217725457,16971.979018047885,17505.884611351466,210093.36541296935,0.08715511882026128,58.27481087568954,0.0,0.0,0.0,False,False,False
main,deterministic,deterministic,2025-10-01,91,True,True,0,,,0.7,20.0,optimal,1.790766000005533,1.7907667000108631,0.0,0,0,16307.664624421875,533.9055933035798,16841.570217725457,15765.132322076659,16299.037915380239,174890.31492336345,0.40303238252510976,54.177110876659754,0.0,0.0,0.0,False,False,False
main,deterministic,deterministic,2025-10-01,92,True,True,0,,,0.7,20.0,optimal,1.790766000005533,1.7907667000108631,0.0,0,0,16307.664624421875,533.9055933035798,16841.570217725457,15782.567165092369,16316.472758395948,179482.46313013352,0.0,47.848508367070316,0.0,0.0,0.0,False,False,False
main,deterministic,deterministic,2025-10-01,93,True,True,0,,,0.7,20.0,optimal,1.790766000005533,1.7907667000108631,0.0,0,0,16307.664624421875,533.9055933035798,16841.570217725457,17147.70560445026,17681.611197753842,210055.82568383828,0.3170620016943113,58.155080094558144,0.0,0.0,0.0,False,False,False
main,deterministic,deterministic,2025-10-01,94,True,True,0,,,0.7,20.0,optimal,1.790766000005533,1.7907667000108631,0.0,0,0,16307.664624421875,533.9055933035798,16841.570217725457,16158.84594236553,16692.75153566911,185329.46085112958,0.26187657293927735,49.95057397197209,0.0,0.0,0.0,False,False,False
main,deterministic,deterministic,2025-10-01,95,True,True,0,,,0.7,20.0,optimal,1.790766000005533,1.7907667000108631,0.0,0,0,16307.664624421875,533.9055933035798,16841.570217725457,16223.350681719534,16757.256275023115,193158.90432989542,0.0,58.143166967491176,0.0,0.0,0.0,False,False,False
main,deterministic,deterministic,2025-10-01,96,True,True,0,,,0.7,20.0,optimal,1.790766000005533,1.7907667000108631,0.0,0,0,16307.664624421875,533.9055933035798,16841.570217725457,16212.756698823894,16746.662292127476,197682.39165117018,0.6262249993777668,50.79263534818496,0.0,0.0,0.0,False,False,False
main,deterministic,deterministic,2025-10-01,97,True,True,0,,,0.7,20.0,optimal,1.790766000005533,1.7907667000108631,0.0,0,0,16307.664624421875,533.9055933035798,16841.570217725457,16616.020005918148,17149.92559922173,202298.78613893053,0.5369335718639063,58.859313937000465,0.0,0.0,0.0,False,False,False
main,deterministic,deterministic,2025-10-01,98,True,True,0,,,0.7,20.0,optimal,1.790766000005533,1.7907667000108631,0.0,0,0,16307.664624421875,533.9055933035798,16841.570217725457,17032.9509820944,17566.856575397982,217758.73503543722,0.0,45.08120213191302,0.0,0.0,0.0,False,False,False
main,deterministic,deterministic,2025-10-01,99,True,True,0,,,0.7,20.0,optimal,1.790766000005533,1.7907667000108631,0.0,0,0,16307.664624421875,533.9055933035798,16841.570217725457,16371.884383439989,16905.78997674357,193863.17852199406,0.03047393323410197,55.75791453734643,0.0,0.0,0.0,False,False,False
main,tv_dro_rho_0p01,tv_dro,2025-01-01,0,True,True,20,,0.01,0.7,20.0,optimal_decomposed,71.25449560000561,71.25375319999876,0.0,1,2,15664.81197399028,174.34157851920855,15839.153552509488,15903.813733237997,16078.155311757206,193404.47390026998,0.25212188011064296,50.29404406937246,0.0,0.0,0.0,False,False,False
main,tv_dro_rho_0p01,tv_dro,2025-01-01,1,True,True,20,,0.01,0.7,20.0,optimal_decomposed,71.25449560000561,71.25375319999876,0.0,1,2,15664.81197399028,174.34157851920855,15839.153552509488,16056.607264325597,16230.948842844806,195385.981308914,0.07981198974935005,58.91379858321479,0.0,0.0,0.0,False,False,False
main,tv_dro_rho_0p01,tv_dro,2025-01-01,2,True,True,20,,0.01,0.7,20.0,optimal_decomposed,71.25449560000561,71.25375319999876,0.0,1,2,15664.81197399028,174.34157851920855,15839.153552509488,15020.027904356833,15194.369482876042,170681.3472149272,0.13686734674328319,45.50560235490748,0.0,0.0,0.0,False,False,False
main,tv_dro_rho_0p01,tv_dro,2025-01-01,3,True,True,20,,0.01,0.7,20.0,optimal_decomposed,71.25449560000561,71.25375319999876,0.0,1,2,15664.81197399028,174.34157851920855,15839.153552509488,15791.3940655867,15965.73564410591,172178.17658725329,0.14310082452627804,53.07854116018519,0.0,0.0,0.0,False,False,False
main,tv_dro_rho_0p01,tv_dro,2025-01-01,4,True,True,20,,0.01,0.7,20.0,optimal_decomposed,71.25449560000561,71.25375319999876,0.0,1,2,15664.81197399028,174.34157851920855,15839.153552509488,16137.973237409964,16312.314815929172,189910.14715744098,0.0,47.177262238253945,0.0,0.0,0.0,False,False,False
main,tv_dro_rho_0p01,tv_dro,2025-01-01,5,True,True,20,,0.01,0.7,20.0,optimal_decomposed,71.25449560000561,71.25375319999876,0.0,1,2,15664.81197399028,174.34157851920855,15839.153552509488,15287.847895643503,15462.189474162711,184658.19763835077,0.16120819357238692,53.18685813461596,0.0,0.0,0.0,False,False,False
main,tv_dro_rho_0p01,tv_dro,2025-01-01,6,True,True,20,,0.01,0.7,20.0,optimal_decomposed,71.25449560000561,71.25375319999876,0.0,1,2,15664.81197399028,174.34157851920855,15839.153552509488,14795.728968412608,14970.070546931816,162930.8673063483,0.0,45.914500673545206,0.0,0.0,0.0,False,False,False
main,tv_dro_rho_0p01,tv_dro,2025-01-01,7,True,True,20,,0.01,0.7,20.0,optimal_decomposed,71.25449560000561,71.25375319999876,0.0,1,2,15664.81197399028,174.34157851920855,15839.153552509488,15810.571613186272,15984.91319170548,177722.96474341603,0.0,50.740402041691816,0.0,0.0,0.0,False,False,False
main,tv_dro_rho_0p01,tv_dro,2025-01-01,8,True,True,20,,0.01,0.7,20.0,optimal_decomposed,71.25449560000561,71.25375319999876,0.0,1,2,15664.81197399028,174.34157851920855,15839.153552509488,15574.567240328031,15748.90881884724,190690.24534073498,0.15316593369120757,48.9151705038492,0.0,0.0,0.0,False,False,False
main,tv_dro_rho_0p01,tv_dro,2025-01-01,9,True,True,20,,0.01,0.7,20.0,optimal_decomposed,71.25449560000561,71.25375319999876,0.0,1,2,15664.81197399028,174.34157851920855,15839.153552509488,15326.007275253985,15500.348853773194,180760.88073075807,0.11951722034388002,59.532036279188105,0.0,0.0,0.0,False,False,False
main,tv_dro_rho_0p01,tv_dro,2025-01-01,10,True,True,20,,0.01,0.7,20.0,optimal_decomposed,71.25449560000561,71.25375319999876,0.0,1,2,15664.81197399028,174.34157851920855,15839.153552509488,15002.923205664052,15177.26478418326,174413.80452760035,0.24133637411817332,51.22104167834593,0.0,0.0,0.0,False,False,False
main,tv_dro_rho_0p01,tv_dro,2025-01-01,11,True,True,20,,0.01,0.7,20.0,optimal_decomposed,71.25449560000561,71.25375319999876,0.0,1,2,15664.81197399028,174.34157851920855,15839.153552509488,15590.965375859216,15765.306954378424,182327.12207697003,0.05303992785066686,41.0793204098801,0.0,0.0,0.0,False,False,False
main,tv_dro_rho_0p01,tv_dro,2025-01-01,12,True,True,20,,0.01,0.7,20.0,optimal_decomposed,71.25449560000561,71.25375319999876,0.0,1,2,15664.81197399028,174.34157851920855,15839.153552509488,15534.947963456501,15709.28954197571,181012.65273579225,0.21838039632496423,43.32464973479605,0.0,0.0,0.0,False,False,False
main,tv_dro_rho_0p01,tv_dro,2025-01-01,13,True,True,20,,0.01,0.7,20.0,optimal_decomposed,71.25449560000561,71.25375319999876,0.0,1,2,15664.81197399028,174.34157851920855,15839.153552509488,15685.073378310672,15859.41495682988,182523.49140516776,0.07503688128387973,54.37313077639894,0.0,0.0,0.0,False,False,False
main,tv_dro_rho_0p01,tv_dro,2025-01-01,14,True,True,20,,0.01,0.7,20.0,optimal_decomposed,71.25449560000561,71.25375319999876,0.0,1,2,15664.81197399028,174.34157851920855,15839.153552509488,15541.491069567037,15715.832648086245,178539.51721372386,0.0,49.34577004665886,0.0,0.0,0.0,False,False,False
main,tv_dro_rho_0p01,tv_dro,2025-01-01,15,True,True,20,,0.01,0.7,20.0,optimal_decomposed,71.25449560000561,71.25375319999876,0.0,1,2,15664.81197399028,174.34157851920855,15839.153552509488,15917.219238514312,16091.56081703352,197429.15871030785,0.045582642535311885,44.62678771736967,0.0,0.0,0.0,False,False,False
main,tv_dro_rho_0p01,tv_dro,2025-01-01,16,True,True,20,,0.01,0.7,20.0,optimal_decomposed,71.25449560000561,71.25375319999876,0.0,1,2,15664.81197399028,174.34157851920855,15839.153552509488,15792.146208374754,15966.487786893962,198208.07686827218,0.15152295868433677,47.553110650032146,0.0,0.0,0.0,False,False,False
main,tv_dro_rho_0p01,tv_dro,2025-01-01,17,True,True,20,,0.01,0.7,20.0,optimal_decomposed,71.25449560000561,71.25375319999876,0.0,1,2,15664.81197399028,174.34157851920855,15839.153552509488,16317.760244587871,16492.10182310708,209742.87719057748,0.2663169986295209,57.829254856099524,0.0,0.0,0.0,False,False,False
main,tv_dro_rho_0p01,tv_dro,2025-01-01,18,True,True,20,,0.01,0.7,20.0,optimal_decomposed,71.25449560000561,71.25375319999876,0.0,1,2,15664.81197399028,174.34157851920855,15839.153552509488,16341.689128989323,16516.030707508533,204205.14814146477,0.0,55.29612598219399,0.0,0.0,0.0,False,False,False
main,tv_dro_rho_0p01,tv_dro,2025-01-01,19,True,True,20,,0.01,0.7,20.0,optimal_decomposed,71.25449560000561,71.25375319999876,0.0,1,2,15664.81197399028,174.34157851920855,15839.153552509488,15302.06669199269,15476.408270511898,180985.1024959476,0.42381141814651063,51.716132937362204,0.0,0.0,0.0,False,False,False
main,tv_dro_rho_0p01,tv_dro,2025-01-01,20,True,True,20,,0.01,0.7,20.0,optimal_decomposed,71.25449560000561,71.25375319999876,0.0,1,2,15664.81197399028,174.34157851920855,15839.153552509488,15432.089380704916,15606.430959224124,178625.44571459992,0.1309575869994097,46.52135645744739,0.0,0.0,0.0,False,False,False
main,tv_dro_rho_0p01,tv_dro,2025-01-01,21,True,True,20,,0.01,0.7,20.0,optimal_decomposed,71.25449560000561,71.25375319999876,0.0,1,2,15664.81197399028,174.34157851920855,15839.153552509488,15570.424789141889,15744.766367661097,194207.03230492215,0.0002257867574624317,45.98034081371867,0.0,0.0,0.0,False,False,False
main,tv_dro_rho_0p01,tv_dro,2025-01-01,22,True,True,20,,0.01,0.7,20.0,optimal_decomposed,71.25449560000561,71.25375319999876,0.0,1,2,15664.81197399028,174.34157851920855,15839.153552509488,16751.36048148672,16925.70206000593,217182.20132248075,0.16832173070449485,51.4346479045864,0.0,0.0,0.0,False,False,False
main,tv_dro_rho_0p01,tv_dro,2025-01-01,23,True,True,20,,0.01,0.7,20.0,optimal_decomposed,71.25449560000561,71.25375319999876,0.0,1,2,15664.81197399028,174.34157851920855,15839.153552509488,15815.202347449565,15989.543925968774,194656.88638560832,0.05782658985108852,50.91453179003852,0.0,0.0,0.0,False,False,False
main,tv_dro_rho_0p01,tv_dro,2025-01-01,24,True,True,20,,0.01,0.7,20.0,optimal_decomposed,71.25449560000561,71.25375319999876,0.0,1,2,15664.81197399028,174.34157851920855,15839.153552509488,16421.14717743764,16595.48875595685,203031.34395983632,0.03981413932992947,52.04020774087766,0.0,0.0,0.0,False,False,False
main,tv_dro_rho_0p01,tv_dro,2025-01-01,25,True,True,20,,0.01,0.7,20.0,optimal_decomposed,71.25449560000561,71.25375319999876,0.0,1,2,15664.81197399028,174.34157851920855,15839.153552509488,15552.50475575143,15726.846334270638,188501.96300904034,0.09808865525232549,46.848403075861796,0.0,0.0,0.0,False,False,False
main,tv_dro_rho_0p01,tv_dro,2025-01-01,26,True,True,20,,0.01,0.7,20.0,optimal_decomposed,71.25449560000561,71.25375319999876,0.0,1,2,15664.81197399028,174.34157851920855,15839.153552509488,15708.108001457573,15882.449579976781,188628.7655673695,0.3910715393314662,55.47176612184726,0.0,0.0,0.0,False,False,False
main,tv_dro_rho_0p01,tv_dro,2025-01-01,27,True,True,20,,0.01,0.7,20.0,optimal_decomposed,71.25449560000561,71.25375319999876,0.0,1,2,15664.81197399028,174.34157851920855,15839.153552509488,16223.803275446027,16398.144853965237,192138.50325331232,0.0,52.00529252767745,0.0,0.0,0.0,False,False,False
main,tv_dro_rho_0p01,tv_dro,2025-01-01,28,True,True,20,,0.01,0.7,20.0,optimal_decomposed,71.25449560000561,71.25375319999876,0.0,1,2,15664.81197399028,174.34157851920855,15839.153552509488,15357.84748013424,15532.189058653448,185540.83531347255,0.06984219832258587,43.71143746356534,0.0,0.0,0.0,False,False,False
main,tv_dro_rho_0p01,tv_dro,2025-01-01,29,True,True,20,,0.01,0.7,20.0,optimal_decomposed,71.25449560000561,71.25375319999876,0.0,1,2,15664.81197399028,174.34157851920855,15839.153552509488,15346.62157397542,15520.963152494629,181576.58545187945,0.0,39.74175497958312,0.0,0.0,0.0,False,False,False
main,tv_dro_rho_0p01,tv_dro,2025-01-01,30,True,True,20,,0.01,0.7,20.0,optimal_decomposed,71.25449560000561,71.25375319999876,0.0,1,2,15664.81197399028,174.34157851920855,15839.153552509488,16230.186895469882,16404.528473989092,194792.126212123,0.0,45.301501034075145,0.0,0.0,0.0,False,False,False
main,tv_dro_rho_0p01,tv_dro,2025-01-01,31,True,True,20,,0.01,0.7,20.0,optimal_decomposed,71.25449560000561,71.25375319999876,0.0,1,2,15664.81197399028,174.34157851920855,15839.153552509488,15311.321204044269,15485.662782563477,192355.28796202593,0.3018046526251835,50.901374730736315,0.0,0.0,0.0,False,False,False
main,tv_dro_rho_0p01,tv_dro,2025-01-01,32,True,True,20,,0.01,0.7,20.0,optimal_decomposed,71.25449560000561,71.25375319999876,0.0,1,2,15664.81197399028,174.34157851920855,15839.153552509488,15664.966204822045,15839.307783341254,181790.62754031026,0.0,48.055322420829945,0.0,0.0,0.0,False,False,False
main,tv_dro_rho_0p01,tv_dro,2025-01-01,33,True,True,20,,0.01,0.7,20.0,optimal_decomposed,71.25449560000561,71.25375319999876,0.0,1,2,15664.81197399028,174.34157851920855,15839.153552509488,15414.089661209138,15588.431239728347,186214.98396621653,0.23983927219602805,61.32526483069007,0.0,0.0,0.0,False,False,False
main,tv_dro_rho_0p01,tv_dro,2025-01-01,34,True,True,20,,0.01,0.7,20.0,optimal_decomposed,71.25449560000561,71.25375319999876,0.0,1,2,15664.81197399028,174.34157851920855,15839.153552509488,16017.28130156545,16191.622880084658,189364.31282638558,0.025395003815926687,52.05762349829408,0.0,0.0,0.0,False,False,False
main,tv_dro_rho_0p01,tv_dro,2025-01-01,35,True,True,20,,0.01,0.7,20.0,optimal_decomposed,71.25449560000561,71.25375319999876,0.0,1,2,15664.81197399028,174.34157851920855,15839.153552509488,15192.208704120418,15366.550282639626,175980.21108255567,0.2451312523339519,53.811388012722695,0.0,0.0,0.0,False,False,False
main,tv_dro_rho_0p01,tv_dro,2025-01-01,36,True,True,20,,0.01,0.7,20.0,optimal_decomposed,71.25449560000561,71.25375319999876,0.0,1,2,15664.81197399028,174.34157851920855,15839.153552509488,15035.230599817402,15209.57217833661,167291.33020577958,0.21728370614788484,53.91957920845053,0.0,0.0,0.0,False,False,False
main,tv_dro_rho_0p01,tv_dro,2025-01-01,37,True,True,20,,0.01,0.7,20.0,optimal_decomposed,71.25449560000561,71.25375319999876,0.0,1,2,15664.81197399028,174.34157851920855,15839.153552509488,15335.83595042949,15510.177528948698,179933.98269617654,0.052763937005392114,41.841780202991146,0.0,0.0,0.0,False,False,False
main,tv_dro_rho_0p01,tv_dro,2025-01-01,38,True,True,20,,0.01,0.7,20.0,optimal_decomposed,71.25449560000561,71.25375319999876,0.0,1,2,15664.81197399028,174.34157851920855,15839.153552509488,15459.50009095136,15633.841669470568,179558.7719650966,0.002117874196487346,48.61599716814054,0.0,0.0,0.0,False,False,False
main,tv_dro_rho_0p01,tv_dro,2025-01-01,39,True,True,20,,0.01,0.7,20.0,optimal_decomposed,71.25449560000561,71.25375319999876,0.0,1,2,15664.81197399028,174.34157851920855,15839.153552509488,15375.809807546013,15550.151386065221,175785.55239876694,0.013895517942744462,41.99181883108606,0.0,0.0,0.0,False,False,False
main,tv_dro_rho_0p01,tv_dro,2025-01-01,40,True,True,20,,0.01,0.7,20.0,optimal_decomposed,71.25449560000561,71.25375319999876,0.0,1,2,15664.81197399028,174.34157851920855,15839.153552509488,15679.792948968003,15854.134527487211,187907.38285430294,0.0,42.67868820320187,0.0,0.0,0.0,False,False,False
main,tv_dro_rho_0p01,tv_dro,2025-01-01,41,True,True,20,,0.01,0.7,20.0,optimal_decomposed,71.25449560000561,71.25375319999876,0.0,1,2,15664.81197399028,174.34157851920855,15839.153552509488,16744.24955193098,16918.59113045019,222244.30849345628,0.0,36.16510310724751,0.0,0.0,0.0,False,False,False
main,tv_dro_rho_0p01,tv_dro,2025-01-01,42,True,True,20,,0.01,0.7,20.0,optimal_decomposed,71.25449560000561,71.25375319999876,0.0,1,2,15664.81197399028,174.34157851920855,15839.153552509488,16089.404960647338,16263.746539166546,193589.27593979787,0.007807979991602487,53.971576153863296,0.0,0.0,0.0,False,False,False
main,tv_dro_rho_0p01,tv_dro,2025-01-01,43,True,True,20,,0.01,0.7,20.0,optimal_decomposed,71.25449560000561,71.25375319999876,0.0,1,2,15664.81197399028,174.34157851920855,15839.153552509488,15681.795573099773,15856.137151618981,193781.65287371777,0.06523208677837308,51.75621885827809,0.0,0.0,0.0,False,False,False
main,tv_dro_rho_0p01,tv_dro,2025-01-01,44,True,True,20,,0.01,0.7,20.0,optimal_decomposed,71.25449560000561,71.25375319999876,0.0,1,2,15664.81197399028,174.34157851920855,15839.153552509488,15889.444390723364,16063.785969242572,193619.79921806746,0.10248965058480508,49.86960110145679,0.0,0.0,0.0,False,False,False
main,tv_dro_rho_0p01,tv_dro,2025-01-01,45,True,True,20,,0.01,0.7,20.0,optimal_decomposed,71.25449560000561,71.25375319999876,0.0,1,2,15664.81197399028,174.34157851920855,15839.153552509488,15354.518569667525,15528.860148186734,177564.10169652864,0.22008501020802168,53.96321031919081,0.0,0.0,0.0,False,False,False
main,tv_dro_rho_0p01,tv_dro,2025-01-01,46,True,True,20,,0.01,0.7,20.0,optimal_decomposed,71.25449560000561,71.25375319999876,0.0,1,2,15664.81197399028,174.34157851920855,15839.153552509488,15602.233914395376,15776.575492914584,185130.52607112817,0.0576281773457106,49.39301768465429,0.0,0.0,0.0,False,False,False
main,tv_dro_rho_0p01,tv_dro,2025-01-01,47,True,True,20,,0.01,0.7,20.0,optimal_decomposed,71.25449560000561,71.25375319999876,0.0,1,2,15664.81197399028,174.34157851920855,15839.153552509488,15672.120705418385,15846.462283937593,190596.94089474218,0.0,50.266452800208434,0.0,0.0,0.0,False,False,False
main,tv_dro_rho_0p01,tv_dro,2025-01-01,48,True,True,20,,0.01,0.7,20.0,optimal_decomposed,71.25449560000561,71.25375319999876,0.0,1,2,15664.81197399028,174.34157851920855,15839.153552509488,15934.252345858244,16108.593924377452,195313.2183604119,0.0,49.50773938751629,0.0,0.0,0.0,False,False,False
main,tv_dro_rho_0p01,tv_dro,2025-01-01,49,True,True,20,,0.01,0.7,20.0,optimal_decomposed,71.25449560000561,71.25375319999876,0.0,1,2,15664.81197399028,174.34157851920855,15839.153552509488,15134.41734761572,15308.758926134928,178836.46197193937,0.06097863764595343,51.35174018298538,0.0,0.0,0.0,False,False,False
main,tv_dro_rho_0p01,tv_dro,2025-01-01,50,True,True,20,,0.01,0.7,20.0,optimal_decomposed,71.25449560000561,71.25375319999876,0.0,1,2,15664.81197399028,174.34157851920855,15839.153552509488,15342.286111937661,15516.62769045687,191864.406498566,0.14370760381450384,56.079461358983245,0.0,0.0,0.0,False,False,False
main,tv_dro_rho_0p01,tv_dro,2025-01-01,51,True,True,20,,0.01,0.7,20.0,optimal_decomposed,71.25449560000561,71.25375319999876,0.0,1,2,15664.81197399028,174.34157851920855,15839.153552509488,15217.116662127308,15391.458240646516,177713.7718001718,0.08435197264860045,50.68966181661088,0.0,0.0,0.0,False,False,False
main,tv_dro_rho_0p01,tv_dro,2025-01-01,52,True,True,20,,0.01,0.7,20.0,optimal_decomposed,71.25449560000561,71.25375319999876,0.0,1,2,15664.81197399028,174.34157851920855,15839.153552509488,14933.917164739092,15108.2587432583,168861.9660243536,0.11744716416726089,57.93744592397923,0.0,0.0,0.0,False,False,False
main,tv_dro_rho_0p01,tv_dro,2025-01-01,53,True,True,20,,0.01,0.7,20.0,optimal_decomposed,71.25449560000561,71.25375319999876,0.0,1,2,15664.81197399028,174.34157851920855,15839.153552509488,15969.716625779492,16144.0582042987,193378.84313794982,0.0,46.21157210853197,0.0,0.0,0.0,False,False,False
main,tv_dro_rho_0p01,tv_dro,2025-01-01,54,True,True,20,,0.01,0.7,20.0,optimal_decomposed,71.25449560000561,71.25375319999876,0.0,1,2,15664.81197399028,174.34157851920855,15839.153552509488,15984.421221071601,16158.76279959081,198303.00688390204,0.11442519960221853,47.7813134866126,0.0,0.0,0.0,False,False,False
main,tv_dro_rho_0p01,tv_dro,2025-01-01,55,True,True,20,,0.01,0.7,20.0,optimal_decomposed,71.25449560000561,71.25375319999876,0.0,1,2,15664.81197399028,174.34157851920855,15839.153552509488,16064.935701775676,16239.277280294884,196805.44271659516,0.0,53.65736143324244,0.0,0.0,0.0,False,False,False
main,tv_dro_rho_0p01,tv_dro,2025-01-01,56,True,True,20,,0.01,0.7,20.0,optimal_decomposed,71.25449560000561,71.25375319999876,0.0,1,2,15664.81197399028,174.34157851920855,15839.153552509488,15258.675444187282,15433.01702270649,167958.4214725927,0.013777941504111796,37.36891247711108,0.0,0.0,0.0,False,False,False
main,tv_dro_rho_0p01,tv_dro,2025-01-01,57,True,True,20,,0.01,0.7,20.0,optimal_decomposed,71.25449560000561,71.25375319999876,0.0,1,2,15664.81197399028,174.34157851920855,15839.153552509488,15513.652782534566,15687.994361053774,192307.56256356885,0.0,50.22295840290326,0.0,0.0,0.0,False,False,False
main,tv_dro_rho_0p01,tv_dro,2025-01-01,58,True,True,20,,0.01,0.7,20.0,optimal_decomposed,71.25449560000561,71.25375319999876,0.0,1,2,15664.81197399028,174.34157851920855,15839.153552509488,15203.895122047823,15378.236700567031,183158.60342741528,0.27993347892321185,57.198592568868385,0.0,0.0,0.0,False,False,False
main,tv_dro_rho_0p01,tv_dro,2025-01-01,59,True,True,20,,0.01,0.7,20.0,optimal_decomposed,71.25449560000561,71.25375319999876,0.0,1,2,15664.81197399028,174.34157851920855,15839.153552509488,15356.916160377024,15531.257738896233,190196.29109246028,0.02264314730574571,54.68963518887089,0.0,0.0,0.0,False,False,False
main,tv_dro_rho_0p01,tv_dro,2025-01-01,60,True,True,20,,0.01,0.7,20.0,optimal_decomposed,71.25449560000561,71.25375319999876,0.0,1,2,15664.81197399028,174.34157851920855,15839.153552509488,15626.99779160757,15801.339370126778,188912.68791323056,0.0,51.98955601312427,0.0,0.0,0.0,False,False,False
main,tv_dro_rho_0p01,tv_dro,2025-01-01,61,True,True,20,,0.01,0.7,20.0,optimal_decomposed,71.25449560000561,71.25375319999876,0.0,1,2,15664.81197399028,174.34157851920855,15839.153552509488,15944.049334698717,16118.390913217925,196352.9261922768,0.06541761871562471,41.58815284692972,0.0,0.0,0.0,False,False,False
main,tv_dro_rho_0p01,tv_dro,2025-01-01,62,True,True,20,,0.01,0.7,20.0,optimal_decomposed,71.25449560000561,71.25375319999876,0.0,1,2,15664.81197399028,174.34157851920855,15839.153552509488,15152.408477966306,15326.750056485515,178931.46037214706,0.10495696461085202,55.27483209530492,0.0,0.0,0.0,False,False,False
main,tv_dro_rho_0p01,tv_dro,2025-01-01,63,True,True,20,,0.01,0.7,20.0,optimal_decomposed,71.25449560000561,71.25375319999876,0.0,1,2,15664.81197399028,174.34157851920855,15839.153552509488,15429.281787637687,15603.623366156895,175560.03126369984,0.0,53.37623786029166,0.0,0.0,0.0,False,False,False
main,tv_dro_rho_0p01,tv_dro,2025-01-01,64,True,True,20,,0.01,0.7,20.0,optimal_decomposed,71.25449560000561,71.25375319999876,0.0,1,2,15664.81197399028,174.34157851920855,15839.153552509488,15844.568099161479,16018.909677680687,196873.56850420873,0.024708164142722255,49.18812401857075,0.0,0.0,0.0,False,False,False
main,tv_dro_rho_0p01,tv_dro,2025-01-01,65,True,True,20,,0.01,0.7,20.0,optimal_decomposed,71.25449560000561,71.25375319999876,0.0,1,2,15664.81197399028,174.34157851920855,15839.153552509488,15455.272435211582,15629.61401373079,187255.86822517356,0.2705492717496309,54.37569846029319,0.0,0.0,0.0,False,False,False
main,tv_dro_rho_0p01,tv_dro,2025-01-01,66,True,True,20,,0.01,0.7,20.0,optimal_decomposed,71.25449560000561,71.25375319999876,0.0,1,2,15664.81197399028,174.34157851920855,15839.153552509488,15794.315678093708,15968.657256612916,202052.14836016716,0.0,57.09981089070338,0.0,0.0,0.0,False,False,False
main,tv_dro_rho_0p01,tv_dro,2025-01-01,67,True,True,20,,0.01,0.7,20.0,optimal_decomposed,71.25449560000561,71.25375319999876,0.0,1,2,15664.81197399028,174.34157851920855,15839.153552509488,15383.568989123753,15557.91056764296,179906.02903790533,0.0,50.58736509492164,0.0,0.0,0.0,False,False,False
main,tv_dro_rho_0p01,tv_dro,2025-01-01,68,True,True,20,,0.01,0.7,20.0,optimal_decomposed,71.25449560000561,71.25375319999876,0.0,1,2,15664.81197399028,174.34157851920855,15839.153552509488,15706.1231809033,15880.464759422508,190532.60136926675,0.0,51.33749540318835,0.0,0.0,0.0,False,False,False
main,tv_dro_rho_0p01,tv_dro,2025-01-01,69,True,True,20,,0.01,0.7,20.0,optimal_decomposed,71.25449560000561,71.25375319999876,0.0,1,2,15664.81197399028,174.34157851920855,15839.153552509488,15373.576391428736,15547.917969947945,183864.33010649798,0.0,50.697557246566355,0.0,0.0,0.0,False,False,False
main,tv_dro_rho_0p01,tv_dro,2025-01-01,70,True,True,20,,0.01,0.7,20.0,optimal_decomposed,71.25449560000561,71.25375319999876,0.0,1,2,15664.81197399028,174.34157851920855,15839.153552509488,16014.884730244648,16189.226308763857,197126.93429008912,0.023248346053273528,53.398685814760114,0.0,0.0,0.0,False,False,False
main,tv_dro_rho_0p01,tv_dro,2025-01-01,71,True,True,20,,0.01,0.7,20.0,optimal_decomposed,71.25449560000561,71.25375319999876,0.0,1,2,15664.81197399028,174.34157851920855,15839.153552509488,15600.502321486765,15774.843900005973,197682.83568955128,0.0,55.270983704322596,0.0,0.0,0.0,False,False,False
main,tv_dro_rho_0p01,tv_dro,2025-01-01,72,True,True,20,,0.01,0.7,20.0,optimal_decomposed,71.25449560000561,71.25375319999876,0.0,1,2,15664.81197399028,174.34157851920855,15839.153552509488,16590.5755887843,16764.91716730351,217845.78688629615,0.0,56.54601070497907,0.0,0.0,0.0,False,False,False
main,tv_dro_rho_0p01,tv_dro,2025-01-01,73,True,True,20,,0.01,0.7,20.0,optimal_decomposed,71.25449560000561,71.25375319999876,0.0,1,2,15664.81197399028,174.34157851920855,15839.153552509488,16965.472886646974,17139.814465166182,222244.94452967285,0.0,51.09459265837111,0.0,0.0,0.0,False,False,False
main,tv_dro_rho_0p01,tv_dro,2025-01-01,74,True,True,20,,0.01,0.7,20.0,optimal_decomposed,71.25449560000561,71.25375319999876,0.0,1,2,15664.81197399028,174.34157851920855,15839.153552509488,15751.252021200344,15925.593599719552,194408.26420714022,0.09491895933933497,52.03728028243214,0.0,0.0,0.0,False,False,False
main,tv_dro_rho_0p01,tv_dro,2025-01-01,75,True,True,20,,0.01,0.7,20.0,optimal_decomposed,71.25449560000561,71.25375319999876,0.0,1,2,15664.81197399028,174.34157851920855,15839.153552509488,15808.624117083822,15982.96569560303,190041.57487494344,0.07659676973655763,48.59110724010248,0.0,0.0,0.0,False,False,False
main,tv_dro_rho_0p01,tv_dro,2025-01-01,76,True,True,20,,0.01,0.7,20.0,optimal_decomposed,71.25449560000561,71.25375319999876,0.0,1,2,15664.81197399028,174.34157851920855,15839.153552509488,15560.181787246724,15734.523365765932,193461.77375943557,0.07444100452684216,52.07044197536263,0.0,0.0,0.0,False,False,False
main,tv_dro_rho_0p01,tv_dro,2025-01-01,77,True,True,20,,0.01,0.7,20.0,optimal_decomposed,71.25449560000561,71.25375319999876,0.0,1,2,15664.81197399028,174.34157851920855,15839.153552509488,15141.783239647204,15316.124818166412,182445.8095247755,0.1075542180101049,45.38601353639114,0.0,0.0,0.0,False,False,False
main,tv_dro_rho_0p01,tv_dro,2025-01-01,78,True,True,20,,0.01,0.7,20.0,optimal_decomposed,71.25449560000561,71.25375319999876,0.0,1,2,15664.81197399028,174.34157851920855,15839.153552509488,15786.269109289908,15960.610687809116,200971.22751896066,0.12658737938214348,50.771274038248045,0.0,0.0,0.0,False,False,False
main,tv_dro_rho_0p01,tv_dro,2025-01-01,79,True,True,20,,0.01,0.7,20.0,optimal_decomposed,71.25449560000561,71.25375319999876,0.0,1,2,15664.81197399028,174.34157851920855,15839.153552509488,15835.797396892782,16010.13897541199,191716.31235729836,0.10009058394382397,47.86273597183708,0.0,0.0,0.0,False,False,False
main,tv_dro_rho_0p01,tv_dro,2025-01-01,80,True,True,20,,0.01,0.7,20.0,optimal_decomposed,71.25449560000561,71.25375319999876,0.0,1,2,15664.81197399028,174.34157851920855,15839.153552509488,15255.038400092348,15429.379978611556,175558.10039822792,0.0,47.209056032180705,0.0,0.0,0.0,False,False,False
main,tv_dro_rho_0p01,tv_dro,2025-01-01,81,True,True,20,,0.01,0.7,20.0,optimal_decomposed,71.25449560000561,71.25375319999876,0.0,1,2,15664.81197399028,174.34157851920855,15839.153552509488,15605.903555048559,15780.245133567767,185944.16280166438,0.1092821578220303,58.3222099423822,0.0,0.0,0.0,False,False,False
main,tv_dro_rho_0p01,tv_dro,2025-01-01,82,True,True,20,,0.01,0.7,20.0,optimal_decomposed,71.25449560000561,71.25375319999876,0.0,1,2,15664.81197399028,174.34157851920855,15839.153552509488,16394.52872750717,16568.87030602638,201834.9942626036,0.0,42.16843352529177,0.0,0.0,0.0,False,False,False
main,tv_dro_rho_0p01,tv_dro,2025-01-01,83,True,True,20,,0.01,0.7,20.0,optimal_decomposed,71.25449560000561,71.25375319999876,0.0,1,2,15664.81197399028,174.34157851920855,15839.153552509488,15776.069329745947,15950.410908265156,197457.06043083663,0.062248641518483194,45.11990869723734,0.0,0.0,0.0,False,False,False
main,tv_dro_rho_0p01,tv_dro,2025-01-01,84,True,True,20,,0.01,0.7,20.0,optimal_decomposed,71.25449560000561,71.25375319999876,0.0,1,2,15664.81197399028,174.34157851920855,15839.153552509488,15350.920039205514,15525.261617724722,183360.17362466737,0.0,42.42692649468085,0.0,0.0,0.0,False,False,False
main,tv_dro_rho_0p01,tv_dro,2025-01-01,85,True,True,20,,0.01,0.7,20.0,optimal_decomposed,71.25449560000561,71.25375319999876,0.0,1,2,15664.81197399028,174.34157851920855,15839.153552509488,16248.83615868179,16423.177737201,207899.59753105685,0.36754988052560833,54.51245954641592,0.0,0.0,0.0,False,False,False
main,tv_dro_rho_0p01,tv_dro,2025-01-01,86,True,True,20,,0.01,0.7,20.0,optimal_decomposed,71.25449560000561,71.25375319999876,0.0,1,2,15664.81197399028,174.34157851920855,15839.153552509488,15348.645822534096,15522.987401053304,192917.78425227856,0.02658159100314203,48.378209199291476,0.0,0.0,0.0,False,False,False
main,tv_dro_rho_0p01,tv_dro,2025-01-01,87,True,True,20,,0.01,0.7,20.0,optimal_decomposed,71.25449560000561,71.25375319999876,0.0,1,2,15664.81197399028,174.34157851920855,15839.153552509488,15659.777512486262,15834.11909100547,187986.43666250404,0.08458524305384246,50.33815546932641,0.0,0.0,0.0,False,False,False
main,tv_dro_rho_0p01,tv_dro,2025-01-01,88,True,True,20,,0.01,0.7,20.0,optimal_decomposed,71.25449560000561,71.25375319999876,0.0,1,2,15664.81197399028,174.34157851920855,15839.153552509488,16283.816412707916,16458.157991227126,198518.05767768898,0.07988861385552237,56.92334898730794,0.0,0.0,0.0,False,False,False
main,tv_dro_rho_0p01,tv_dro,2025-01-01,89,True,True,20,,0.01,0.7,20.0,optimal_decomposed,71.25449560000561,71.25375319999876,0.0,1,2,15664.81197399028,174.34157851920855,15839.153552509488,14928.133420494803,15102.474999014012,176664.85436813498,0.0,50.32261162406144,0.0,0.0,0.0,False,False,False
main,tv_dro_rho_0p01,tv_dro,2025-01-01,90,True,True,20,,0.01,0.7,20.0,optimal_decomposed,71.25449560000561,71.25375319999876,0.0,1,2,15664.81197399028,174.34157851920855,15839.153552509488,16221.926262403187,16396.267840922395,204642.99560585775,0.0,51.87597007552318,0.0,0.0,0.0,False,False,False
main,tv_dro_rho_0p01,tv_dro,2025-01-01,91,True,True,20,,0.01,0.7,20.0,optimal_decomposed,71.25449560000561,71.25375319999876,0.0,1,2,15664.81197399028,174.34157851920855,15839.153552509488,15227.942714388719,15402.284292907927,169095.21511655994,0.1318786318832602,49.49275156216993,0.0,0.0,0.0,False,False,False
main,tv_dro_rho_0p01,tv_dro,2025-01-01,92,True,True,20,,0.01,0.7,20.0,optimal_decomposed,71.25449560000561,71.25375319999876,0.0,1,2,15664.81197399028,174.34157851920855,15839.153552509488,15287.912670049736,15462.254248568945,175080.0587581003,0.0,41.30617573873308,0.0,0.0,0.0,False,False,False
main,tv_dro_rho_0p01,tv_dro,2025-01-01,93,True,True,20,,0.01,0.7,20.0,optimal_decomposed,71.25449560000561,71.25375319999876,0.0,1,2,15664.81197399028,174.34157851920855,15839.153552509488,16290.715369802605,16465.056948321813,202368.2512220353,0.0,50.90247029934771,0.0,0.0,0.0,False,False,False
main,tv_dro_rho_0p01,tv_dro,2025-01-01,94,True,True,20,,0.01,0.7,20.0,optimal_decomposed,71.25449560000561,71.25375319999876,0.0,1,2,15664.81197399028,174.34157851920855,15839.153552509488,15274.202246907966,15448.543825427174,179807.1186803192,0.1107821011449239,47.548314059036464,0.0,0.0,0.0,False,False,False
main,tv_dro_rho_0p01,tv_dro,2025-01-01,95,True,True,20,,0.01,0.7,20.0,optimal_decomposed,71.25449560000561,71.25375319999876,0.0,1,2,15664.81197399028,174.34157851920855,15839.153552509488,15164.774891879239,15339.116470398447,185760.49839570216,0.04790291980276315,50.29996208628416,0.0,0.0,0.0,False,False,False
main,tv_dro_rho_0p01,tv_dro,2025-01-01,96,True,True,20,,0.01,0.7,20.0,optimal_decomposed,71.25449560000561,71.25375319999876,0.0,1,2,15664.81197399028,174.34157851920855,15839.153552509488,15592.536754506575,15766.878333025783,190973.5680083581,0.0,46.765457985255004,0.0,0.0,0.0,False,False,False
main,tv_dro_rho_0p01,tv_dro,2025-01-01,97,True,True,20,,0.01,0.7,20.0,optimal_decomposed,71.25449560000561,71.25375319999876,0.0,1,2,15664.81197399028,174.34157851920855,15839.153552509488,15631.470853184182,15805.81243170339,196327.0012131677,0.0,52.54415099192791,0.0,0.0,0.0,False,False,False
main,tv_dro_rho_0p01,tv_dro,2025-01-01,98,True,True,20,,0.01,0.7,20.0,optimal_decomposed,71.25449560000561,71.25375319999876,0.0,1,2,15664.81197399028,174.34157851920855,15839.153552509488,16214.631303634693,16388.972882153903,210353.81889558164,0.0538379745782466,41.97415316741594,0.0,0.0,0.0,False,False,False
main,tv_dro_rho_0p01,tv_dro,2025-01-01,99,True,True,20,,0.01,0.7,20.0,optimal_decomposed,71.25449560000561,71.25375319999876,0.0,1,2,15664.81197399028,174.34157851920855,15839.153552509488,15693.52679304625,15867.868371565459,188252.75250890056,0.09889229074737427,51.84425806923572,0.0,0.0,0.0,False,False,False
main,tv_dro_rho_0p01,tv_dro,2025-04-01,0,True,True,20,,0.01,0.7,20.0,optimal_decomposed,72.6967602000077,72.6960284000088,0.0,1,2,15462.571691668627,498.3322510884225,15960.90394275705,16095.438670689604,16593.770921778025,137478.52474663654,0.0,54.70999451627358,0.0,0.0,0.0,False,False,False
main,tv_dro_rho_0p01,tv_dro,2025-04-01,1,True,True,20,,0.01,0.7,20.0,optimal_decomposed,72.6967602000077,72.6960284000088,0.0,1,2,15462.571691668627,498.3322510884225,15960.90394275705,15884.955574253832,16383.287825342255,138371.82478760762,0.016150716533486653,64.63205369283975,0.0,0.0,0.0,False,False,False
main,tv_dro_rho_0p01,tv_dro,2025-04-01,2,True,True,20,,0.01,0.7,20.0,optimal_decomposed,72.6967602000077,72.6960284000088,0.0,1,2,15462.571691668627,498.3322510884225,15960.90394275705,14775.598640002689,15273.930891091111,118549.35296051258,0.0,47.61604823770396,0.0,0.0,0.0,False,False,False
main,tv_dro_rho_0p01,tv_dro,2025-04-01,3,True,True,20,,0.01,0.7,20.0,optimal_decomposed,72.6967602000077,72.6960284000088,0.0,1,2,15462.571691668627,498.3322510884225,15960.90394275705,15232.335616792134,15730.667867880557,121459.02067565889,0.341090456951078,54.19855652458893,0.0,0.052034770468540215,0.0,False,True,False
main,tv_dro_rho_0p01,tv_dro,2025-04-01,4,True,True,20,,0.01,0.7,20.0,optimal_decomposed,72.6967602000077,72.6960284000088,0.0,1,2,15462.571691668627,498.3322510884225,15960.90394275705,16074.936560308184,16573.268811396607,135978.11032605075,0.0,49.38789207730118,0.0,0.0,0.0,False,False,False
main,tv_dro_rho_0p01,tv_dro,2025-04-01,5,True,True,20,,0.01,0.7,20.0,optimal_decomposed,72.6967602000077,72.6960284000088,0.0,1,2,15462.571691668627,498.3322510884225,15960.90394275705,15820.255277930128,16318.58752901855,131359.95629675855,0.020946948581557823,59.73933177506379,0.0,0.0,0.0,False,False,False
main,tv_dro_rho_0p01,tv_dro,2025-04-01,6,True,True,20,,0.01,0.7,20.0,optimal_decomposed,72.6967602000077,72.6960284000088,0.0,1,2,15462.571691668627,498.3322510884225,15960.90394275705,14861.513599209642,15359.845850298065,113146.98271375988,0.0,51.818275982567684,0.0,0.0,0.0,False,False,False
main,tv_dro_rho_0p01,tv_dro,2025-04-01,7,True,True,20,,0.01,0.7,20.0,optimal_decomposed,72.6967602000077,72.6960284000088,0.0,1,2,15462.571691668627,498.3322510884225,15960.90394275705,15276.489363708073,15774.821614796496,125253.72928238499,0.0,52.23746889813204,0.0,0.0,0.0,False,False,False
main,tv_dro_rho_0p01,tv_dro,2025-04-01,8,True,True,20,,0.01,0.7,20.0,optimal_decomposed,72.6967602000077,72.6960284000088,0.0,1,2,15462.571691668627,498.3322510884225,15960.90394275705,15369.897311054083,15868.229562142506,135848.09840550873,0.11441963114501019,53.88737718856311,0.0,0.0,0.0,False,False,False
main,tv_dro_rho_0p01,tv_dro,2025-04-01,9,True,True,20,,0.01,0.7,20.0,optimal_decomposed,72.6967602000077,72.6960284000088,0.0,1,2,15462.571691668627,498.3322510884225,15960.90394275705,15299.13793165479,15797.470182743213,127046.50546048267,0.23240395007842052,62.454752385340726,0.0,0.0,0.0,False,False,False
main,tv_dro_rho_0p01,tv_dro,2025-04-01,10,True,True,20,,0.01,0.7,20.0,optimal_decomposed,72.6967602000077,72.6960284000088,0.0,1,2,15462.571691668627,498.3322510884225,15960.90394275705,15155.871651083122,15654.203902171545,123583.02215952308,0.0,52.61886488991495,0.0,0.0,0.0,False,False,False
main,tv_dro_rho_0p01,tv_dro,2025-04-01,11,True,True,20,,0.01,0.7,20.0,optimal_decomposed,72.6967602000077,72.6960284000088,0.0,1,2,15462.571691668627,498.3322510884225,15960.90394275705,15176.175760621949,15674.508011710372,130955.24308669714,0.0,45.736438564055106,0.0,0.0,0.0,False,False,False
main,tv_dro_rho_0p01,tv_dro,2025-04-01,12,True,True,20,,0.01,0.7,20.0,optimal_decomposed,72.6967602000077,72.6960284000088,0.0,1,2,15462.571691668627,498.3322510884225,15960.90394275705,15416.405492377731,15914.737743466154,128071.68910535212,0.0,49.38397461955716,0.0,0.0,0.0,False,False,False
main,tv_dro_rho_0p01,tv_dro,2025-04-01,13,True,True,20,,0.01,0.7,20.0,optimal_decomposed,72.6967602000077,72.6960284000088,0.0,1,2,15462.571691668627,498.3322510884225,15960.90394275705,15580.486793145506,16078.81904423393,129093.90577592606,0.42441867352559215,55.82616323793603,0.0,0.0,0.0,False,False,False
main,tv_dro_rho_0p01,tv_dro,2025-04-01,14,True,True,20,,0.01,0.7,20.0,optimal_decomposed,72.6967602000077,72.6960284000088,0.0,1,2,15462.571691668627,498.3322510884225,15960.90394275705,15050.028171750902,15548.360422839325,124467.75416785337,0.0,52.668508095678405,0.0,0.0,0.0,False,False,False
main,tv_dro_rho_0p01,tv_dro,2025-04-01,15,True,True,20,,0.01,0.7,20.0,optimal_decomposed,72.6967602000077,72.6960284000088,0.0,1,2,15462.571691668627,498.3322510884225,15960.90394275705,15994.262183755041,16492.594434843464,143008.86548946783,0.0,51.017116959201545,0.0,0.0,0.0,False,False,False
main,tv_dro_rho_0p01,tv_dro,2025-04-01,16,True,True,20,,0.01,0.7,20.0,optimal_decomposed,72.6967602000077,72.6960284000088,0.0,1,2,15462.571691668627,498.3322510884225,15960.90394275705,15956.269397390828,16454.60164847925,143115.92066892076,0.008066762734285887,51.24936613689209,0.0,0.0,0.0,False,False,False
main,tv_dro_rho_0p01,tv_dro,2025-04-01,17,True,True,20,,0.01,0.7,20.0,optimal_decomposed,72.6967602000077,72.6960284000088,0.0,1,2,15462.571691668627,498.3322510884225,15960.90394275705,16410.013082054502,16908.345333142923,154375.287432153,0.0,65.04528939362754,0.0,0.0,0.0,False,False,False
main,tv_dro_rho_0p01,tv_dro,2025-04-01,18,True,True,20,,0.01,0.7,20.0,optimal_decomposed,72.6967602000077,72.6960284000088,0.0,1,2,15462.571691668627,498.3322510884225,15960.90394275705,16536.373672334783,17034.705923423204,149282.3248243852,0.1074873252794959,57.84692199779268,0.0,0.0,0.0,False,False,False
main,tv_dro_rho_0p01,tv_dro,2025-04-01,19,True,True,20,,0.01,0.7,20.0,optimal_decomposed,72.6967602000077,72.6960284000088,0.0,1,2,15462.571691668627,498.3322510884225,15960.90394275705,16010.161113266362,16508.493364354785,126896.85871924603,0.009862927312140446,52.24684684677045,0.0,0.0,0.0,False,False,False
main,tv_dro_rho_0p01,tv_dro,2025-04-01,20,True,True,20,,0.01,0.7,20.0,optimal_decomposed,72.6967602000077,72.6960284000088,0.0,1,2,15462.571691668627,498.3322510884225,15960.90394275705,15194.387857771553,15692.720108859976,128229.59824442265,0.0,51.797971861458905,0.0,0.0,0.0,False,False,False
main,tv_dro_rho_0p01,tv_dro,2025-04-01,21,True,True,20,,0.01,0.7,20.0,optimal_decomposed,72.6967602000077,72.6960284000088,0.0,1,2,15462.571691668627,498.3322510884225,15960.90394275705,15991.641916141767,16489.97416723019,139650.1628261992,0.0,48.891705373778684,0.0,0.0,0.0,False,False,False
main,tv_dro_rho_0p01,tv_dro,2025-04-01,22,True,True,20,,0.01,0.7,20.0,optimal_decomposed,72.6967602000077,72.6960284000088,0.0,1,2,15462.571691668627,498.3322510884225,15960.90394275705,16980.26982805896,17478.602079147382,159389.7004250643,0.0,54.16313347853005,0.0,0.0,0.0,False,False,False
main,tv_dro_rho_0p01,tv_dro,2025-04-01,23,True,True,20,,0.01,0.7,20.0,optimal_decomposed,72.6967602000077,72.6960284000088,0.0,1,2,15462.571691668627,498.3322510884225,15960.90394275705,15911.276150832353,16409.608401920774,139922.27602029959,0.0,54.98933891987067,0.0,0.0,0.0,False,False,False
main,tv_dro_rho_0p01,tv_dro,2025-04-01,24,True,True,20,,0.01,0.7,20.0,optimal_decomposed,72.6967602000077,72.6960284000088,0.0,1,2,15462.571691668627,498.3322510884225,15960.90394275705,16290.789725593822,16789.121976682243,147247.24930371708,0.0,57.08991151497311,0.0,0.0,0.0,False,False,False
main,tv_dro_rho_0p01,tv_dro,2025-04-01,25,True,True,20,,0.01,0.7,20.0,optimal_decomposed,72.6967602000077,72.6960284000088,0.0,1,2,15462.571691668627,498.3322510884225,15960.90394275705,15436.292012571594,15934.624263660016,134507.21088037363,0.0,50.12161385753259,0.0,0.0,0.0,False,False,False
main,tv_dro_rho_0p01,tv_dro,2025-04-01,26,True,True,20,,0.01,0.7,20.0,optimal_decomposed,72.6967602000077,72.6960284000088,0.0,1,2,15462.571691668627,498.3322510884225,15960.90394275705,15635.281206335854,16133.613457424277,135201.8826880177,0.0,62.428577414560934,0.0,0.0,0.0,False,False,False
main,tv_dro_rho_0p01,tv_dro,2025-04-01,27,True,True,20,,0.01,0.7,20.0,optimal_decomposed,72.6967602000077,72.6960284000088,0.0,1,2,15462.571691668627,498.3322510884225,15960.90394275705,15806.575329767455,16304.907580855877,137298.6540338036,0.0,57.38746226086177,0.0,0.0,0.0,False,False,False
main,tv_dro_rho_0p01,tv_dro,2025-04-01,28,True,True,20,,0.01,0.7,20.0,optimal_decomposed,72.6967602000077,72.6960284000088,0.0,1,2,15462.571691668627,498.3322510884225,15960.90394275705,15685.017393357253,16183.349644445676,132018.1455911571,0.0,46.8801833606134,0.0,0.0,0.0,False,False,False
main,tv_dro_rho_0p01,tv_dro,2025-04-01,29,True,True,20,,0.01,0.7,20.0,optimal_decomposed,72.6967602000077,72.6960284000088,0.0,1,2,15462.571691668627,498.3322510884225,15960.90394275705,15775.315953820062,16273.648204908484,128576.76781172612,0.0,42.26306571000697,0.0,0.0,0.0,False,False,False
main,tv_dro_rho_0p01,tv_dro,2025-04-01,30,True,True,20,,0.01,0.7,20.0,optimal_decomposed,72.6967602000077,72.6960284000088,0.0,1,2,15462.571691668627,498.3322510884225,15960.90394275705,15554.763346306156,16053.095597394578,141843.3235780729,0.0,49.02501359744375,0.0,0.0,0.0,False,False,False
main,tv_dro_rho_0p01,tv_dro,2025-04-01,31,True,True,20,,0.01,0.7,20.0,optimal_decomposed,72.6967602000077,72.6960284000088,0.0,1,2,15462.571691668627,498.3322510884225,15960.90394275705,15820.048045314086,16318.380296402509,136837.24499040245,0.013417508480094403,51.3105939038623,0.0,0.0,0.0,False,False,False
main,tv_dro_rho_0p01,tv_dro,2025-04-01,32,True,True,20,,0.01,0.7,20.0,optimal_decomposed,72.6967602000077,72.6960284000088,0.0,1,2,15462.571691668627,498.3322510884225,15960.90394275705,15238.17333471767,15736.505585806093,130300.4893184882,0.0,51.730305946173154,0.0,0.0,0.0,False,False,False
main,tv_dro_rho_0p01,tv_dro,2025-04-01,33,True,True,20,,0.01,0.7,20.0,optimal_decomposed,72.6967602000077,72.6960284000088,0.0,1,2,15462.571691668627,498.3322510884225,15960.90394275705,15277.329722921813,15775.661974010236,132457.3539248629,0.0,64.70406648440887,0.0,0.0,0.0,False,False,False
main,tv_dro_rho_0p01,tv_dro,2025-04-01,34,True,True,20,,0.01,0.7,20.0,optimal_decomposed,72.6967602000077,72.6960284000088,0.0,1,2,15462.571691668627,498.3322510884225,15960.90394275705,15988.504727935819,16486.83697902424,134490.6861646838,0.0,54.21793102475674,0.0,0.0,0.0,False,False,False
main,tv_dro_rho_0p01,tv_dro,2025-04-01,35,True,True,20,,0.01,0.7,20.0,optimal_decomposed,72.6967602000077,72.6960284000088,0.0,1,2,15462.571691668627,498.3322510884225,15960.90394275705,15380.250605561949,15878.582856650371,124758.37808249552,0.0,60.39352331300667,0.0,0.0,0.0,False,False,False
main,tv_dro_rho_0p01,tv_dro,2025-04-01,36,True,True,20,,0.01,0.7,20.0,optimal_decomposed,72.6967602000077,72.6960284000088,0.0,1,2,15462.571691668627,498.3322510884225,15960.90394275705,14755.037833507064,15253.370084595486,115895.89322921325,0.0,59.630020695404575,0.0,0.0,0.0,False,False,False
main,tv_dro_rho_0p01,tv_dro,2025-04-01,37,True,True,20,,0.01,0.7,20.0,optimal_decomposed,72.6967602000077,72.6960284000088,0.0,1,2,15462.571691668627,498.3322510884225,15960.90394275705,15122.4374111242,15620.769662212622,127172.05337723815,0.0,45.53490930232868,0.0,0.0,0.0,False,False,False
main,tv_dro_rho_0p01,tv_dro,2025-04-01,38,True,True,20,,0.01,0.7,20.0,optimal_decomposed,72.6967602000077,72.6960284000088,0.0,1,2,15462.571691668627,498.3322510884225,15960.90394275705,15367.271783740274,15865.604034828697,127673.32384770032,0.0,51.18534136077583,0.0,0.0,0.0,False,False,False
main,tv_dro_rho_0p01,tv_dro,2025-04-01,39,True,True,20,,0.01,0.7,20.0,optimal_decomposed,72.6967602000077,72.6960284000088,0.0,1,2,15462.571691668627,498.3322510884225,15960.90394275705,15610.357281728424,16108.689532816847,123024.43522950535,0.0,44.632744385995814,0.0,0.0,0.0,False,False,False
main,tv_dro_rho_0p01,tv_dro,2025-04-01,40,True,True,20,,0.01,0.7,20.0,optimal_decomposed,72.6967602000077,72.6960284000088,0.0,1,2,15462.571691668627,498.3322510884225,15960.90394275705,15472.925947579659,15971.258198668082,134272.58468800795,0.0,46.81640177336685,0.0,0.0,0.0,False,False,False
main,tv_dro_rho_0p01,tv_dro,2025-04-01,41,True,True,20,,0.01,0.7,20.0,optimal_decomposed,72.6967602000077,72.6960284000088,0.0,1,2,15462.571691668627,498.3322510884225,15960.90394275705,17080.83254889952,17579.164799987942,162655.90120216022,0.0,42.160414767303855,0.0,0.0,0.0,False,False,False
main,tv_dro_rho_0p01,tv_dro,2025-04-01,42,True,True,20,,0.01,0.7,20.0,optimal_decomposed,72.6967602000077,72.6960284000088,0.0,1,2,15462.571691668627,498.3322510884225,15960.90394275705,16014.567627802837,16512.899878891258,139783.30216713675,0.30621312521554955,57.36675138283545,0.0,0.0,0.0,False,False,False
main,tv_dro_rho_0p01,tv_dro,2025-04-01,43,True,True,20,,0.01,0.7,20.0,optimal_decomposed,72.6967602000077,72.6960284000088,0.0,1,2,15462.571691668627,498.3322510884225,15960.90394275705,15902.80547862569,16401.13772971411,140093.0824858493,0.0,54.194444634508265,0.0,0.0,0.0,False,False,False
main,tv_dro_rho_0p01,tv_dro,2025-04-01,44,True,True,20,,0.01,0.7,20.0,optimal_decomposed,72.6967602000077,72.6960284000088,0.0,1,2,15462.571691668627,498.3322510884225,15960.90394275705,15614.46737786508,16112.799628953502,140165.47733016178,0.0,54.433582733425595,0.0,0.0,0.0,False,False,False
main,tv_dro_rho_0p01,tv_dro,2025-04-01,45,True,True,20,,0.01,0.7,20.0,optimal_decomposed,72.6967602000077,72.6960284000088,0.0,1,2,15462.571691668627,498.3322510884225,15960.90394275705,15283.966182197482,15782.298433285905,125588.68175116203,0.10500605570925736,59.02631413328376,0.0,0.0,0.0,False,False,False
main,tv_dro_rho_0p01,tv_dro,2025-04-01,46,True,True,20,,0.01,0.7,20.0,optimal_decomposed,72.6967602000077,72.6960284000088,0.0,1,2,15462.571691668627,498.3322510884225,15960.90394275705,15834.756069034953,16333.088320123376,133499.89942570648,0.0,55.40007776189765,0.0,0.0,0.0,False,False,False
main,tv_dro_rho_0p01,tv_dro,2025-04-01,47,True,True,20,,0.01,0.7,20.0,optimal_decomposed,72.6967602000077,72.6960284000088,0.0,1,2,15462.571691668627,498.3322510884225,15960.90394275705,15882.378528923422,16380.710780011845,137673.09340592075,0.18217773054804076,55.43588993034536,0.0,0.0,0.0,False,False,False
main,tv_dro_rho_0p01,tv_dro,2025-04-01,48,True,True,20,,0.01,0.7,20.0,optimal_decomposed,72.6967602000077,72.6960284000088,0.0,1,2,15462.571691668627,498.3322510884225,15960.90394275705,15928.664833841682,16426.997084930103,140974.24302073277,0.0,49.726047782164635,0.0,0.0,0.0,False,False,False
main,tv_dro_rho_0p01,tv_dro,2025-04-01,49,True,True,20,,0.01,0.7,20.0,optimal_decomposed,72.6967602000077,72.6960284000088,0.0,1,2,15462.571691668627,498.3322510884225,15960.90394275705,15013.832794300939,15512.165045389362,127478.8685227287,0.013336823333973236,57.062246012459845,0.0,0.0,0.0,False,False,False
main,tv_dro_rho_0p01,tv_dro,2025-04-01,50,True,True,20,,0.01,0.7,20.0,optimal_decomposed,72.6967602000077,72.6960284000088,0.0,1,2,15462.571691668627,498.3322510884225,15960.90394275705,15709.859719732978,16208.1919708214,136940.11641992754,0.0,58.999048322847486,0.0,0.0,0.0,False,False,False
main,tv_dro_rho_0p01,tv_dro,2025-04-01,51,True,True,20,,0.01,0.7,20.0,optimal_decomposed,72.6967602000077,72.6960284000088,0.0,1,2,15462.571691668627,498.3322510884225,15960.90394275705,15309.965389670622,15808.297640759045,125254.56432871506,0.1188035941401171,57.1699997091373,0.0,0.0,0.0,False,False,False
main,tv_dro_rho_0p01,tv_dro,2025-04-01,52,True,True,20,,0.01,0.7,20.0,optimal_decomposed,72.6967602000077,72.6960284000088,0.0,1,2,15462.571691668627,498.3322510884225,15960.90394275705,14773.84770391112,15272.179954999543,118417.37431500734,0.08142736807005857,60.38474814041064,0.0,0.0,0.0,False,False,False
main,tv_dro_rho_0p01,tv_dro,2025-04-01,53,True,True,20,,0.01,0.7,20.0,optimal_decomposed,72.6967602000077,72.6960284000088,0.0,1,2,15462.571691668627,498.3322510884225,15960.90394275705,15832.081757233429,16330.414008321852,141252.7662046753,0.6400843840673553,47.47513025691536,0.0,0.0,0.0,False,False,False
main,tv_dro_rho_0p01,tv_dro,2025-04-01,54,True,True,20,,0.01,0.7,20.0,optimal_decomposed,72.6967602000077,72.6960284000088,0.0,1,2,15462.571691668627,498.3322510884225,15960.90394275705,15873.322585211554,16371.654836299977,141762.15640837682,0.0,49.15023965674921,0.0,0.0,0.0,False,False,False
main,tv_dro_rho_0p01,tv_dro,2025-04-01,55,True,True,20,,0.01,0.7,20.0,optimal_decomposed,72.6967602000077,72.6960284000088,0.0,1,2,15462.571691668627,498.3322510884225,15960.90394275705,15948.378549181489,16446.71080026991,142592.22874755884,0.0,59.13989066750602,0.0,0.0,0.0,False,False,False
main,tv_dro_rho_0p01,tv_dro,2025-04-01,56,True,True,20,,0.01,0.7,20.0,optimal_decomposed,72.6967602000077,72.6960284000088,0.0,1,2,15462.571691668627,498.3322510884225,15960.90394275705,15112.075934567072,15610.408185655495,116697.66542158627,0.0,39.58125257805206,0.0,0.0,0.0,False,False,False
main,tv_dro_rho_0p01,tv_dro,2025-04-01,57,True,True,20,,0.01,0.7,20.0,optimal_decomposed,72.6967602000077,72.6960284000088,0.0,1,2,15462.571691668627,498.3322510884225,15960.90394275705,15645.317587140644,16143.649838229067,137441.20011648384,0.01482308716660885,52.79209941214198,0.0,0.0,0.0,False,False,False
main,tv_dro_rho_0p01,tv_dro,2025-04-01,58,True,True,20,,0.01,0.7,20.0,optimal_decomposed,72.6967602000077,72.6960284000088,0.0,1,2,15462.571691668627,498.3322510884225,15960.90394275705,15574.319430711392,16072.651681799814,130308.24040753026,0.025427278231081873,59.7299844572999,0.0,0.0,0.0,False,False,False
main,tv_dro_rho_0p01,tv_dro,2025-04-01,59,True,True,20,,0.01,0.7,20.0,optimal_decomposed,72.6967602000077,72.6960284000088,0.0,1,2,15462.571691668627,498.3322510884225,15960.90394275705,15840.333513223468,16338.66576431189,135040.61020921808,0.0,55.47366241267159,0.0,0.0,0.0,False,False,False
main,tv_dro_rho_0p01,tv_dro,2025-04-01,60,True,True,20,,0.01,0.7,20.0,optimal_decomposed,72.6967602000077,72.6960284000088,0.0,1,2,15462.571691668627,498.3322510884225,15960.90394275705,15476.963792477864,15975.296043566286,136588.41165793323,0.026111580432197856,58.52019174173317,0.0,0.0,0.0,False,False,False
main,tv_dro_rho_0p01,tv_dro,2025-04-01,61,True,True,20,,0.01,0.7,20.0,optimal_decomposed,72.6967602000077,72.6960284000088,0.0,1,2,15462.571691668627,498.3322510884225,15960.90394275705,16073.325466402413,16571.657717490834,140296.7520508451,0.0,45.07970510797281,0.0,0.0,0.0,False,False,False
main,tv_dro_rho_0p01,tv_dro,2025-04-01,62,True,True,20,,0.01,0.7,20.0,optimal_decomposed,72.6967602000077,72.6960284000088,0.0,1,2,15462.571691668627,498.3322510884225,15960.90394275705,15401.809469962129,15900.141721050551,126202.8330402233,0.0,58.03039198316679,0.0,0.0,0.0,False,False,False
main,tv_dro_rho_0p01,tv_dro,2025-04-01,63,True,True,20,,0.01,0.7,20.0,optimal_decomposed,72.6967602000077,72.6960284000088,0.0,1,2,15462.571691668627,498.3322510884225,15960.90394275705,15151.606238445536,15649.938489533959,123692.77890461366,0.0,61.913707561161395,0.0,0.0,0.0,False,False,False
main,tv_dro_rho_0p01,tv_dro,2025-04-01,64,True,True,20,,0.01,0.7,20.0,optimal_decomposed,72.6967602000077,72.6960284000088,0.0,1,2,15462.571691668627,498.3322510884225,15960.90394275705,16107.260765794652,16605.593016883075,141419.64321860188,0.0940137090754305,49.12463876545143,0.0,0.0,0.0,False,False,False
main,tv_dro_rho_0p01,tv_dro,2025-04-01,65,True,True,20,,0.01,0.7,20.0,optimal_decomposed,72.6967602000077,72.6960284000088,0.0,1,2,15462.571691668627,498.3322510884225,15960.90394275705,15585.337554213816,16083.66980530224,133910.16360346787,0.005970880312382798,58.7398613964082,0.0,0.0,0.0,False,False,False
main,tv_dro_rho_0p01,tv_dro,2025-04-01,66,True,True,20,,0.01,0.7,20.0,optimal_decomposed,72.6967602000077,72.6960284000088,0.0,1,2,15462.571691668627,498.3322510884225,15960.90394275705,16320.546724483836,16818.878975572257,148732.48442973822,0.0,65.91764425046439,0.0,0.0,0.0,False,False,False
main,tv_dro_rho_0p01,tv_dro,2025-04-01,67,True,True,20,,0.01,0.7,20.0,optimal_decomposed,72.6967602000077,72.6960284000088,0.0,1,2,15462.571691668627,498.3322510884225,15960.90394275705,15066.784174942068,15565.11642603049,127923.41854767344,0.028037687347613804,58.76931841776976,0.0,0.0,0.0,False,False,False
main,tv_dro_rho_0p01,tv_dro,2025-04-01,68,True,True,20,,0.01,0.7,20.0,optimal_decomposed,72.6967602000077,72.6960284000088,0.0,1,2,15462.571691668627,498.3322510884225,15960.90394275705,15560.045584340303,16058.377835428726,135132.2906757528,0.26150082294546073,54.02444270813944,0.0,0.0,0.0,False,False,False
main,tv_dro_rho_0p01,tv_dro,2025-04-01,69,True,True,20,,0.01,0.7,20.0,optimal_decomposed,72.6967602000077,72.6960284000088,0.0,1,2,15462.571691668627,498.3322510884225,15960.90394275705,15381.272729276372,15879.604980364795,130847.05698230019,0.0,54.45082713172289,0.0,0.0,0.0,False,False,False
main,tv_dro_rho_0p01,tv_dro,2025-04-01,70,True,True,20,,0.01,0.7,20.0,optimal_decomposed,72.6967602000077,72.6960284000088,0.0,1,2,15462.571691668627,498.3322510884225,15960.90394275705,15809.483264814256,16307.81551590268,141677.67616722776,0.0,60.520880338994246,0.0,0.0,0.0,False,False,False
main,tv_dro_rho_0p01,tv_dro,2025-04-01,71,True,True,20,,0.01,0.7,20.0,optimal_decomposed,72.6967602000077,72.6960284000088,0.0,1,2,15462.571691668627,498.3322510884225,15960.90394275705,16059.893518459126,16558.22576954755,142631.0420549948,0.06273499234770763,61.63043855689914,0.0,0.0,0.0,False,False,False
main,tv_dro_rho_0p01,tv_dro,2025-04-01,72,True,True,20,,0.01,0.7,20.0,optimal_decomposed,72.6967602000077,72.6960284000088,0.0,1,2,15462.571691668627,498.3322510884225,15960.90394275705,16669.382952960772,17167.715204049193,161171.99346659877,0.0,61.78967493040156,0.0,0.0,0.0,False,False,False
main,tv_dro_rho_0p01,tv_dro,2025-04-01,73,True,True,20,,0.01,0.7,20.0,optimal_decomposed,72.6967602000077,72.6960284000088,0.0,1,2,15462.571691668627,498.3322510884225,15960.90394275705,17217.647033814093,17715.979284902514,163791.063230241,0.0,53.66121024952506,0.0,0.0,0.0,False,False,False
main,tv_dro_rho_0p01,tv_dro,2025-04-01,74,True,True,20,,0.01,0.7,20.0,optimal_decomposed,72.6967602000077,72.6960284000088,0.0,1,2,15462.571691668627,498.3322510884225,15960.90394275705,15682.698716843712,16181.030967932134,138667.57178336554,0.0,53.352801743910284,0.0,0.0,0.0,False,False,False
main,tv_dro_rho_0p01,tv_dro,2025-04-01,75,True,True,20,,0.01,0.7,20.0,optimal_decomposed,72.6967602000077,72.6960284000088,0.0,1,2,15462.571691668627,498.3322510884225,15960.90394275705,15539.955549174332,16038.287800262755,136427.08876617916,0.0,53.70951289614078,0.0,0.0,0.0,False,False,False
main,tv_dro_rho_0p01,tv_dro,2025-04-01,76,True,True,20,,0.01,0.7,20.0,optimal_decomposed,72.6967602000077,72.6960284000088,0.0,1,2,15462.571691668627,498.3322510884225,15960.90394275705,15749.126123048953,16247.458374137375,139242.30848789634,0.0,55.059064565168825,0.0,0.0,0.0,False,False,False
main,tv_dro_rho_0p01,tv_dro,2025-04-01,77,True,True,20,,0.01,0.7,20.0,optimal_decomposed,72.6967602000077,72.6960284000088,0.0,1,2,15462.571691668627,498.3322510884225,15960.90394275705,15148.339102400385,15646.671353488808,129374.58237367215,0.06001267258231113,49.374185717782055,0.0,0.0,0.0,False,False,False
main,tv_dro_rho_0p01,tv_dro,2025-04-01,78,True,True,20,,0.01,0.7,20.0,optimal_decomposed,72.6967602000077,72.6960284000088,0.0,1,2,15462.571691668627,498.3322510884225,15960.90394275705,15899.086363205734,16397.418614294154,144970.1787145055,0.3150505855948236,55.05981820388819,0.0,0.0,0.0,False,False,False
main,tv_dro_rho_0p01,tv_dro,2025-04-01,79,True,True,20,,0.01,0.7,20.0,optimal_decomposed,72.6967602000077,72.6960284000088,0.0,1,2,15462.571691668627,498.3322510884225,15960.90394275705,15852.244909405777,16350.5771604942,136913.07846899415,0.0,52.0368803691565,0.0,0.0,0.0,False,False,False
main,tv_dro_rho_0p01,tv_dro,2025-04-01,80,True,True,20,,0.01,0.7,20.0,optimal_decomposed,72.6967602000077,72.6960284000088,0.0,1,2,15462.571691668627,498.3322510884225,15960.90394275705,15393.539478175304,15891.871729263727,124621.53167619435,0.0,49.16746239674293,0.0,0.0,0.0,False,False,False
main,tv_dro_rho_0p01,tv_dro,2025-04-01,81,True,True,20,,0.01,0.7,20.0,optimal_decomposed,72.6967602000077,72.6960284000088,0.0,1,2,15462.571691668627,498.3322510884225,15960.90394275705,15685.393565784607,16183.72581687303,133123.0939754265,0.0,62.44130417886582,0.0,0.0,0.0,False,False,False
main,tv_dro_rho_0p01,tv_dro,2025-04-01,82,True,True,20,,0.01,0.7,20.0,optimal_decomposed,72.6967602000077,72.6960284000088,0.0,1,2,15462.571691668627,498.3322510884225,15960.90394275705,16100.97585666172,16599.30810775014,146830.74230324314,0.0,47.239138822124566,0.0,0.0,0.0,False,False,False
main,tv_dro_rho_0p01,tv_dro,2025-04-01,83,True,True,20,,0.01,0.7,20.0,optimal_decomposed,72.6967602000077,72.6960284000088,0.0,1,2,15462.571691668627,498.3322510884225,15960.90394275705,15824.536014381232,16322.868265469655,142689.4717494447,0.0,47.447077817264606,0.0,0.0,0.0,False,False,False
main,tv_dro_rho_0p01,tv_dro,2025-04-01,84,True,True,20,,0.01,0.7,20.0,optimal_decomposed,72.6967602000077,72.6960284000088,0.0,1,2,15462.571691668627,498.3322510884225,15960.90394275705,15589.47191089834,16087.804161986764,130655.83329105999,0.2517345259422115,48.980540827190126,0.0,0.0,0.0,False,False,False
main,tv_dro_rho_0p01,tv_dro,2025-04-01,85,True,True,20,,0.01,0.7,20.0,optimal_decomposed,72.6967602000077,72.6960284000088,0.0,1,2,15462.571691668627,498.3322510884225,15960.90394275705,16596.061371995886,17094.393623084306,150620.4151557684,0.3353168447228766,63.35148017649719,0.0,0.0,0.0,False,False,False
main,tv_dro_rho_0p01,tv_dro,2025-04-01,86,True,True,20,,0.01,0.7,20.0,optimal_decomposed,72.6967602000077,72.6960284000088,0.0,1,2,15462.571691668627,498.3322510884225,15960.90394275705,15734.940668855535,16233.272919943958,139764.11441905776,0.0,46.09442762407992,0.0,0.0,0.0,False,False,False
main,tv_dro_rho_0p01,tv_dro,2025-04-01,87,True,True,20,,0.01,0.7,20.0,optimal_decomposed,72.6967602000077,72.6960284000088,0.0,1,2,15462.571691668627,498.3322510884225,15960.90394275705,15570.316393737467,16068.64864482589,132870.917012915,0.3967336204257821,51.54355145030317,0.0,0.0,0.0,False,False,False
main,tv_dro_rho_0p01,tv_dro,2025-04-01,88,True,True,20,,0.01,0.7,20.0,optimal_decomposed,72.6967602000077,72.6960284000088,0.0,1,2,15462.571691668627,498.3322510884225,15960.90394275705,16206.728916375552,16705.061167463973,141718.3135421779,0.04969969787762951,64.18984663614928,0.0,0.0,0.0,False,False,False
main,tv_dro_rho_0p01,tv_dro,2025-04-01,89,True,True,20,,0.01,0.7,20.0,optimal_decomposed,72.6967602000077,72.6960284000088,0.0,1,2,15462.571691668627,498.3322510884225,15960.90394275705,15006.327338176365,15504.659589264787,126627.14422202337,0.0,52.59482336047145,0.0,0.0,0.0,False,False,False
main,tv_dro_rho_0p01,tv_dro,2025-04-01,90,True,True,20,,0.01,0.7,20.0,optimal_decomposed,72.6967602000077,72.6960284000088,0.0,1,2,15462.571691668627,498.3322510884225,15960.90394275705,16185.979904880583,16684.312155969004,148666.55877483875,0.32317336659788976,58.76679169017253,0.0,0.0,0.0,False,False,False
main,tv_dro_rho_0p01,tv_dro,2025-04-01,91,True,True,20,,0.01,0.7,20.0,optimal_decomposed,72.6967602000077,72.6960284000088,0.0,1,2,15462.571691668627,498.3322510884225,15960.90394275705,15010.9925452699,15509.324796358324,117434.49538379555,0.0,55.60197184367717,0.0,0.0,0.0,False,False,False
main,tv_dro_rho_0p01,tv_dro,2025-04-01,92,True,True,20,,0.01,0.7,20.0,optimal_decomposed,72.6967602000077,72.6960284000088,0.0,1,2,15462.571691668627,498.3322510884225,15960.90394275705,15237.732243821583,15736.064494910006,122373.85945867527,0.0,46.278021032350544,0.0,0.0,0.0,False,False,False
main,tv_dro_rho_0p01,tv_dro,2025-04-01,93,True,True,20,,0.01,0.7,20.0,optimal_decomposed,72.6967602000077,72.6960284000088,0.0,1,2,15462.571691668627,498.3322510884225,15960.90394275705,16459.353637741988,16957.68588883041,147644.3125597574,0.0,53.25779767333841,0.0,0.0,0.0,False,False,False
main,tv_dro_rho_0p01,tv_dro,2025-04-01,94,True,True,20,,0.01,0.7,20.0,optimal_decomposed,72.6967602000077,72.6960284000088,0.0,1,2,15462.571691668627,498.3322510884225,15960.90394275705,15302.502825831514,15800.835076919937,127149.09811579446,0.0,50.461619186954785,0.0,0.0,0.0,False,False,False
main,tv_dro_rho_0p01,tv_dro,2025-04-01,95,True,True,20,,0.01,0.7,20.0,optimal_decomposed,72.6967602000077,72.6960284000088,0.0,1,2,15462.571691668627,498.3322510884225,15960.90394275705,15528.326838526396,16026.65908961482,133231.68652885495,0.0,54.30694064456754,0.0,0.0,0.0,False,False,False
main,tv_dro_rho_0p01,tv_dro,2025-04-01,96,True,True,20,,0.01,0.7,20.0,optimal_decomposed,72.6967602000077,72.6960284000088,0.0,1,2,15462.571691668627,498.3322510884225,15960.90394275705,15245.384876423968,15743.717127512391,137538.88438237226,0.18382196194715394,52.001689265097454,0.0,0.0,0.0,False,False,False
main,tv_dro_rho_0p01,tv_dro,2025-04-01,97,True,True,20,,0.01,0.7,20.0,optimal_decomposed,72.6967602000077,72.6960284000088,0.0,1,2,15462.571691668627,498.3322510884225,15960.90394275705,16046.396069753831,16544.728320842252,140647.53566914125,0.024542839994543875,52.870118136477736,0.0,0.0,0.0,False,False,False
main,tv_dro_rho_0p01,tv_dro,2025-04-01,98,True,True,20,,0.01,0.7,20.0,optimal_decomposed,72.6967602000077,72.6960284000088,0.0,1,2,15462.571691668627,498.3322510884225,15960.90394275705,16232.850824464105,16731.183075552526,154073.8097868029,0.0,43.74300699066807,0.0,0.0,0.0,False,False,False
main,tv_dro_rho_0p01,tv_dro,2025-04-01,99,True,True,20,,0.01,0.7,20.0,optimal_decomposed,72.6967602000077,72.6960284000088,0.0,1,2,15462.571691668627,498.3322510884225,15960.90394275705,15604.510373759129,16102.842624847552,134393.95483870056,0.0,55.353724056855015,0.0,0.0,0.0,False,False,False
main,tv_dro_rho_0p01,tv_dro,2025-07-01,0,True,True,20,,0.01,0.7,20.0,optimal_decomposed,71.24729909999587,71.2465014999907,0.0,1,2,15865.460962360698,295.2709491819056,16160.731911542603,16338.1177275859,16633.388676767805,172391.60988759605,0.0,59.816209763823494,0.0,0.0,0.0,False,False,False
main,tv_dro_rho_0p01,tv_dro,2025-07-01,1,True,True,20,,0.01,0.7,20.0,optimal_decomposed,71.24729909999587,71.2465014999907,0.0,1,2,15865.460962360698,295.2709491819056,16160.731911542603,16046.840831689982,16342.111780871888,172169.83496457126,0.0,70.49216063094268,0.0,0.0,0.0,False,False,False
main,tv_dro_rho_0p01,tv_dro,2025-07-01,2,True,True,20,,0.01,0.7,20.0,optimal_decomposed,71.24729909999587,71.2465014999907,0.0,1,2,15865.460962360698,295.2709491819056,16160.731911542603,15580.93606297485,15876.207012156756,150262.67185564377,0.0,52.53829555278198,0.0,0.0,0.0,False,False,False
main,tv_dro_rho_0p01,tv_dro,2025-07-01,3,True,True,20,,0.01,0.7,20.0,optimal_decomposed,71.24729909999587,71.2465014999907,0.0,1,2,15865.460962360698,295.2709491819056,16160.731911542603,15248.968610510634,15544.23955969254,154143.4390226587,0.005901755424532307,59.416180664729865,0.0,0.0,0.0,False,False,False
main,tv_dro_rho_0p01,tv_dro,2025-07-01,4,True,True,20,,0.01,0.7,20.0,optimal_decomposed,71.24729909999587,71.2465014999907,0.0,1,2,15865.460962360698,295.2709491819056,16160.731911542603,16136.007000860878,16431.277950042782,169124.3840950394,0.0,57.451301976917826,0.0,0.0,0.0,False,False,False
main,tv_dro_rho_0p01,tv_dro,2025-07-01,5,True,True,20,,0.01,0.7,20.0,optimal_decomposed,71.24729909999587,71.2465014999907,0.0,1,2,15865.460962360698,295.2709491819056,16160.731911542603,15804.549441452311,16099.820390634217,164759.76562387138,0.007893070967465998,58.504966297626375,0.0,0.0,0.0,False,False,False
main,tv_dro_rho_0p01,tv_dro,2025-07-01,6,True,True,20,,0.01,0.7,20.0,optimal_decomposed,71.24729909999587,71.2465014999907,0.0,1,2,15865.460962360698,295.2709491819056,16160.731911542603,15090.268483610706,15385.539432792611,143757.78473342647,0.0,52.681185645478955,0.0,0.0,0.0,False,False,False
main,tv_dro_rho_0p01,tv_dro,2025-07-01,7,True,True,20,,0.01,0.7,20.0,optimal_decomposed,71.24729909999587,71.2465014999907,0.0,1,2,15865.460962360698,295.2709491819056,16160.731911542603,15531.37801758281,15826.648966764717,157966.5461262802,0.0,55.86920255599965,0.0,0.0,0.0,False,False,False
main,tv_dro_rho_0p01,tv_dro,2025-07-01,8,True,True,20,,0.01,0.7,20.0,optimal_decomposed,71.24729909999587,71.2465014999907,0.0,1,2,15865.460962360698,295.2709491819056,16160.731911542603,15617.542560829828,15912.813510011734,168913.24017495362,0.024144829691328695,60.70786473459222,0.0,0.0,0.0,False,False,False
main,tv_dro_rho_0p01,tv_dro,2025-07-01,9,True,True,20,,0.01,0.7,20.0,optimal_decomposed,71.24729909999587,71.2465014999907,0.0,1,2,15865.460962360698,295.2709491819056,16160.731911542603,15876.65570314357,16171.926652325476,160753.26930426183,0.0,66.59487908800311,0.0,0.0,0.0,False,False,False
main,tv_dro_rho_0p01,tv_dro,2025-07-01,10,True,True,20,,0.01,0.7,20.0,optimal_decomposed,71.24729909999587,71.2465014999907,0.0,1,2,15865.460962360698,295.2709491819056,16160.731911542603,15378.47065915885,15673.741608340755,156622.5773696645,0.0,58.9397921884192,0.0,0.0,0.0,False,False,False
main,tv_dro_rho_0p01,tv_dro,2025-07-01,11,True,True,20,,0.01,0.7,20.0,optimal_decomposed,71.24729909999587,71.2465014999907,0.0,1,2,15865.460962360698,295.2709491819056,16160.731911542603,15917.931404393801,16213.202353575707,163905.9883681095,0.0,55.17309219309612,0.0,0.0,0.0,False,False,False
main,tv_dro_rho_0p01,tv_dro,2025-07-01,12,True,True,20,,0.01,0.7,20.0,optimal_decomposed,71.24729909999587,71.2465014999907,0.0,1,2,15865.460962360698,295.2709491819056,16160.731911542603,15712.882797232103,16008.15374641401,160452.63783295988,0.0,53.91678639448155,0.0,0.0,0.0,False,False,False
main,tv_dro_rho_0p01,tv_dro,2025-07-01,13,True,True,20,,0.01,0.7,20.0,optimal_decomposed,71.24729909999587,71.2465014999907,0.0,1,2,15865.460962360698,295.2709491819056,16160.731911542603,15781.271971385751,16076.542920567657,162037.0099960143,0.0,60.24439276783344,0.0,0.0,0.0,False,False,False
main,tv_dro_rho_0p01,tv_dro,2025-07-01,14,True,True,20,,0.01,0.7,20.0,optimal_decomposed,71.24729909999587,71.2465014999907,0.0,1,2,15865.460962360698,295.2709491819056,16160.731911542603,15617.823890563415,15913.094839745321,157441.90083630336,0.0,56.18756536034617,0.0,0.0,0.0,False,False,False
main,tv_dro_rho_0p01,tv_dro,2025-07-01,15,True,True,20,,0.01,0.7,20.0,optimal_decomposed,71.24729909999587,71.2465014999907,0.0,1,2,15865.460962360698,295.2709491819056,16160.731911542603,16448.796588829908,16744.067538011812,176380.17773983165,0.0,52.75298429032482,0.0,0.0,0.0,False,False,False
main,tv_dro_rho_0p01,tv_dro,2025-07-01,16,True,True,20,,0.01,0.7,20.0,optimal_decomposed,71.24729909999587,71.2465014999907,0.0,1,2,15865.460962360698,295.2709491819056,16160.731911542603,16344.192878574566,16639.46382775647,178716.45367426655,0.022501854684457895,57.535705238385816,0.0,0.0,0.0,False,False,False
main,tv_dro_rho_0p01,tv_dro,2025-07-01,17,True,True,20,,0.01,0.7,20.0,optimal_decomposed,71.24729909999587,71.2465014999907,0.0,1,2,15865.460962360698,295.2709491819056,16160.731911542603,17292.742679151193,17588.013628333098,189224.5356405279,0.0,67.53658533498393,0.0,0.0,0.0,False,False,False
main,tv_dro_rho_0p01,tv_dro,2025-07-01,18,True,True,20,,0.01,0.7,20.0,optimal_decomposed,71.24729909999587,71.2465014999907,0.0,1,2,15865.460962360698,295.2709491819056,16160.731911542603,17014.66009766238,17309.931046844285,183550.21347329675,0.0,61.312215847137985,0.0,0.0,0.0,False,False,False
main,tv_dro_rho_0p01,tv_dro,2025-07-01,19,True,True,20,,0.01,0.7,20.0,optimal_decomposed,71.24729909999587,71.2465014999907,0.0,1,2,15865.460962360698,295.2709491819056,16160.731911542603,16414.596452041544,16709.867401223448,162084.57442158606,0.0,59.86549877627652,0.0,0.0,0.0,False,False,False
main,tv_dro_rho_0p01,tv_dro,2025-07-01,20,True,True,20,,0.01,0.7,20.0,optimal_decomposed,71.24729909999587,71.2465014999907,0.0,1,2,15865.460962360698,295.2709491819056,16160.731911542603,15558.89728921121,15854.168238393117,160617.24727852832,0.0,54.45748142827912,0.0,0.0,0.0,False,False,False
main,tv_dro_rho_0p01,tv_dro,2025-07-01,21,True,True,20,,0.01,0.7,20.0,optimal_decomposed,71.24729909999587,71.2465014999907,0.0,1,2,15865.460962360698,295.2709491819056,16160.731911542603,16158.673403137902,16453.944352319806,172500.51029319747,0.0,52.23415882451392,0.0,0.0,0.0,False,False,False
main,tv_dro_rho_0p01,tv_dro,2025-07-01,22,True,True,20,,0.01,0.7,20.0,optimal_decomposed,71.24729909999587,71.2465014999907,0.0,1,2,15865.460962360698,295.2709491819056,16160.731911542603,17668.071980188102,17963.342929370006,193718.46443525053,0.0,55.78453682829156,0.0,0.0,0.0,False,False,False
main,tv_dro_rho_0p01,tv_dro,2025-07-01,23,True,True,20,,0.01,0.7,20.0,optimal_decomposed,71.24729909999587,71.2465014999907,0.0,1,2,15865.460962360698,295.2709491819056,16160.731911542603,16366.3188481584,16661.589797340304,174737.40655906464,0.0,60.006000054708636,0.0,0.0,0.0,False,False,False
main,tv_dro_rho_0p01,tv_dro,2025-07-01,24,True,True,20,,0.01,0.7,20.0,optimal_decomposed,71.24729909999587,71.2465014999907,0.0,1,2,15865.460962360698,295.2709491819056,16160.731911542603,16704.496417653347,16999.76736683525,182215.5222097332,0.0,63.090679622833,0.0,0.0,0.0,False,False,False
main,tv_dro_rho_0p01,tv_dro,2025-07-01,25,True,True,20,,0.01,0.7,20.0,optimal_decomposed,71.24729909999587,71.2465014999907,0.0,1,2,15865.460962360698,295.2709491819056,16160.731911542603,15801.018249947836,16096.289199129742,167988.50551367423,0.0,52.92975977656219,0.0,0.0,0.0,False,False,False
main,tv_dro_rho_0p01,tv_dro,2025-07-01,26,True,True,20,,0.01,0.7,20.0,optimal_decomposed,71.24729909999587,71.2465014999907,0.0,1,2,15865.460962360698,295.2709491819056,16160.731911542603,16113.444257833313,16408.71520701522,169835.82275355904,0.0,68.69996919448874,0.0,0.0,0.0,False,False,False
main,tv_dro_rho_0p01,tv_dro,2025-07-01,27,True,True,20,,0.01,0.7,20.0,optimal_decomposed,71.24729909999587,71.2465014999907,0.0,1,2,15865.460962360698,295.2709491819056,16160.731911542603,16227.767841249668,16523.038790431572,170894.5044753828,0.0,63.350384352171965,0.0,0.0,0.0,False,False,False
main,tv_dro_rho_0p01,tv_dro,2025-07-01,28,True,True,20,,0.01,0.7,20.0,optimal_decomposed,71.24729909999587,71.2465014999907,0.0,1,2,15865.460962360698,295.2709491819056,16160.731911542603,16175.357515935437,16470.62846511734,165558.82574151247,0.0,48.41495267808006,0.0,0.0,0.0,False,False,False
main,tv_dro_rho_0p01,tv_dro,2025-07-01,29,True,True,20,,0.01,0.7,20.0,optimal_decomposed,71.24729909999587,71.2465014999907,0.0,1,2,15865.460962360698,295.2709491819056,16160.731911542603,16216.755273041508,16512.026222223412,161166.11645204603,0.0,49.70885132714749,0.0,0.0,0.0,False,False,False
main,tv_dro_rho_0p01,tv_dro,2025-07-01,30,True,True,20,,0.01,0.7,20.0,optimal_decomposed,71.24729909999587,71.2465014999907,0.0,1,2,15865.460962360698,295.2709491819056,16160.731911542603,15948.778787379424,16244.04973656133,175490.92598177298,0.0,54.909396547763095,0.0,0.0,0.0,False,False,False
main,tv_dro_rho_0p01,tv_dro,2025-07-01,31,True,True,20,,0.01,0.7,20.0,optimal_decomposed,71.24729909999587,71.2465014999907,0.0,1,2,15865.460962360698,295.2709491819056,16160.731911542603,16364.901335400456,16660.17228458236,171010.51149147848,0.0003636308660025789,57.808397264627736,0.0,0.0,0.0,False,False,False
main,tv_dro_rho_0p01,tv_dro,2025-07-01,32,True,True,20,,0.01,0.7,20.0,optimal_decomposed,71.24729909999587,71.2465014999907,0.0,1,2,15865.460962360698,295.2709491819056,16160.731911542603,15783.795827551265,16079.06677673317,162209.36037814198,0.0,62.60266185417419,0.0,0.0,0.0,False,False,False
main,tv_dro_rho_0p01,tv_dro,2025-07-01,33,True,True,20,,0.01,0.7,20.0,optimal_decomposed,71.24729909999587,71.2465014999907,0.0,1,2,15865.460962360698,295.2709491819056,16160.731911542603,15549.183154652344,15844.45410383425,166855.04947814907,0.0,70.20339605627541,0.0,0.0,0.0,False,False,False
main,tv_dro_rho_0p01,tv_dro,2025-07-01,34,True,True,20,,0.01,0.7,20.0,optimal_decomposed,71.24729909999587,71.2465014999907,0.0,1,2,15865.460962360698,295.2709491819056,16160.731911542603,16260.908326664741,16556.179275846647,169104.10350259842,0.0,61.81441522585151,0.0,0.0,0.0,False,False,False
main,tv_dro_rho_0p01,tv_dro,2025-07-01,35,True,True,20,,0.01,0.7,20.0,optimal_decomposed,71.24729909999587,71.2465014999907,0.0,1,2,15865.460962360698,295.2709491819056,16160.731911542603,15918.36105216558,16213.632001347485,157187.42885140883,0.0,62.80769872657609,0.0,0.0,0.0,False,False,False
main,tv_dro_rho_0p01,tv_dro,2025-07-01,36,True,True,20,,0.01,0.7,20.0,optimal_decomposed,71.24729909999587,71.2465014999907,0.0,1,2,15865.460962360698,295.2709491819056,16160.731911542603,15181.99876449764,15477.269713679547,148358.65900549764,0.0,65.74054817521012,0.0,0.0,0.0,False,False,False
main,tv_dro_rho_0p01,tv_dro,2025-07-01,37,True,True,20,,0.01,0.7,20.0,optimal_decomposed,71.24729909999587,71.2465014999907,0.0,1,2,15865.460962360698,295.2709491819056,16160.731911542603,15569.769848578877,15865.040797760783,159745.5866890407,0.0,46.37461680385896,0.0,0.0,0.0,False,False,False
main,tv_dro_rho_0p01,tv_dro,2025-07-01,38,True,True,20,,0.01,0.7,20.0,optimal_decomposed,71.24729909999587,71.2465014999907,0.0,1,2,15865.460962360698,295.2709491819056,16160.731911542603,15601.430527431823,15896.701476613729,160839.54221786934,0.02436974400556302,54.49071571032858,0.0,0.0,0.0,False,False,False
main,tv_dro_rho_0p01,tv_dro,2025-07-01,39,True,True,20,,0.01,0.7,20.0,optimal_decomposed,71.24729909999587,71.2465014999907,0.0,1,2,15865.460962360698,295.2709491819056,16160.731911542603,15716.910095556823,16012.181044738729,155977.0978182535,0.0,49.981753100538555,0.0,0.0,0.0,False,False,False
main,tv_dro_rho_0p01,tv_dro,2025-07-01,40,True,True,20,,0.01,0.7,20.0,optimal_decomposed,71.24729909999587,71.2465014999907,0.0,1,2,15865.460962360698,295.2709491819056,16160.731911542603,16217.20524766168,16512.476196843585,168459.71176571993,0.0,52.58955871602679,0.0,0.0,0.0,False,False,False
main,tv_dro_rho_0p01,tv_dro,2025-07-01,41,True,True,20,,0.01,0.7,20.0,optimal_decomposed,71.24729909999587,71.2465014999907,0.0,1,2,15865.460962360698,295.2709491819056,16160.731911542603,17352.899485382142,17648.170434564046,199238.85172298332,0.0,42.27147224376148,0.0,0.0,0.0,False,False,False
main,tv_dro_rho_0p01,tv_dro,2025-07-01,42,True,True,20,,0.01,0.7,20.0,optimal_decomposed,71.24729909999587,71.2465014999907,0.0,1,2,15865.460962360698,295.2709491819056,16160.731911542603,16474.511202822916,16769.78215200482,173655.9683619,0.0,64.80806235404434,0.0,0.0,0.0,False,False,False
main,tv_dro_rho_0p01,tv_dro,2025-07-01,43,True,True,20,,0.01,0.7,20.0,optimal_decomposed,71.24729909999587,71.2465014999907,0.0,1,2,15865.460962360698,295.2709491819056,16160.731911542603,16040.466377125314,16335.73732630722,174024.06318228497,0.0,55.7426594109,0.0,0.0,0.0,False,False,False
main,tv_dro_rho_0p01,tv_dro,2025-07-01,44,True,True,20,,0.01,0.7,20.0,optimal_decomposed,71.24729909999587,71.2465014999907,0.0,1,2,15865.460962360698,295.2709491819056,16160.731911542603,16491.2598559505,16786.530805132403,172130.04722687363,0.0,60.58287171562859,0.0,0.0,0.0,False,False,False
main,tv_dro_rho_0p01,tv_dro,2025-07-01,45,True,True,20,,0.01,0.7,20.0,optimal_decomposed,71.24729909999587,71.2465014999907,0.0,1,2,15865.460962360698,295.2709491819056,16160.731911542603,15488.770891968155,15784.041841150061,156519.92247507276,0.0,61.62329915761274,0.0,0.0,0.0,False,False,False
main,tv_dro_rho_0p01,tv_dro,2025-07-01,46,True,True,20,,0.01,0.7,20.0,optimal_decomposed,71.24729909999587,71.2465014999907,0.0,1,2,15865.460962360698,295.2709491819056,16160.731911542603,16414.76256777249,16710.033516954394,166070.78747515546,0.0,60.58502585476722,0.0,0.0,0.0,False,False,False
main,tv_dro_rho_0p01,tv_dro,2025-07-01,47,True,True,20,,0.01,0.7,20.0,optimal_decomposed,71.24729909999587,71.2465014999907,0.0,1,2,15865.460962360698,295.2709491819056,16160.731911542603,16057.176703951114,16352.44765313302,170494.6449372269,0.0,59.85806079580247,0.0,0.0,0.0,False,False,False
main,tv_dro_rho_0p01,tv_dro,2025-07-01,48,True,True,20,,0.01,0.7,20.0,optimal_decomposed,71.24729909999587,71.2465014999907,0.0,1,2,15865.460962360698,295.2709491819056,16160.731911542603,16385.465483966935,16680.73643314884,174478.69625443078,0.0,57.57318273771147,0.0,0.0,0.0,False,False,False
main,tv_dro_rho_0p01,tv_dro,2025-07-01,49,True,True,20,,0.01,0.7,20.0,optimal_decomposed,71.24729909999587,71.2465014999907,0.0,1,2,15865.460962360698,295.2709491819056,16160.731911542603,15690.752012037623,15986.022961219529,158736.72497705376,0.0,65.22768409606986,0.0,0.0,0.0,False,False,False
main,tv_dro_rho_0p01,tv_dro,2025-07-01,50,True,True,20,,0.01,0.7,20.0,optimal_decomposed,71.24729909999587,71.2465014999907,0.0,1,2,15865.460962360698,295.2709491819056,16160.731911542603,15808.305468837623,16103.57641801953,168973.69344725768,0.0,67.35211430668782,0.0,0.0,0.0,False,False,False
main,tv_dro_rho_0p01,tv_dro,2025-07-01,51,True,True,20,,0.01,0.7,20.0,optimal_decomposed,71.24729909999587,71.2465014999907,0.0,1,2,15865.460962360698,295.2709491819056,16160.731911542603,15667.218383240377,15962.489332422283,157120.20270745698,0.0,61.77790687865622,0.0,0.0,0.0,False,False,False
main,tv_dro_rho_0p01,tv_dro,2025-07-01,52,True,True,20,,0.01,0.7,20.0,optimal_decomposed,71.24729909999587,71.2465014999907,0.0,1,2,15865.460962360698,295.2709491819056,16160.731911542603,15063.37058016726,15358.641529349166,149658.4854556427,0.0,62.337044994666485,0.0,0.0,0.0,False,False,False
main,tv_dro_rho_0p01,tv_dro,2025-07-01,53,True,True,20,,0.01,0.7,20.0,optimal_decomposed,71.24729909999587,71.2465014999907,0.0,1,2,15865.460962360698,295.2709491819056,16160.731911542603,16395.224645535523,16690.495594717428,174242.55752362328,0.0,52.84759309038439,0.0,0.0,0.0,False,False,False
main,tv_dro_rho_0p01,tv_dro,2025-07-01,54,True,True,20,,0.01,0.7,20.0,optimal_decomposed,71.24729909999587,71.2465014999907,0.0,1,2,15865.460962360698,295.2709491819056,16160.731911542603,16435.2278643117,16730.498813493603,175071.8127625174,0.0,53.328971651125414,0.0,0.0,0.0,False,False,False
main,tv_dro_rho_0p01,tv_dro,2025-07-01,55,True,True,20,,0.01,0.7,20.0,optimal_decomposed,71.24729909999587,71.2465014999907,0.0,1,2,15865.460962360698,295.2709491819056,16160.731911542603,16125.567485870133,16420.83843505204,176658.57610609283,0.0,64.80090098200073,0.0,0.0,0.0,False,False,False
main,tv_dro_rho_0p01,tv_dro,2025-07-01,56,True,True,20,,0.01,0.7,20.0,optimal_decomposed,71.24729909999587,71.2465014999907,0.0,1,2,15865.460962360698,295.2709491819056,16160.731911542603,15462.797619315574,15758.06856849748,150096.7673209294,0.0,50.408554853331225,0.0,0.0,0.0,False,False,False
main,tv_dro_rho_0p01,tv_dro,2025-07-01,57,True,True,20,,0.01,0.7,20.0,optimal_decomposed,71.24729909999587,71.2465014999907,0.0,1,2,15865.460962360698,295.2709491819056,16160.731911542603,16264.88524403155,16560.156193213454,170940.85410061266,0.0,57.41171455718208,0.0,0.0,0.0,False,False,False
main,tv_dro_rho_0p01,tv_dro,2025-07-01,58,True,True,20,,0.01,0.7,20.0,optimal_decomposed,71.24729909999587,71.2465014999907,0.0,1,2,15865.460962360698,295.2709491819056,16160.731911542603,15707.495900234162,16002.766849416068,163624.68264592427,0.02297129147056226,63.305271081940795,0.0,0.0,0.0,False,False,False
main,tv_dro_rho_0p01,tv_dro,2025-07-01,59,True,True,20,,0.01,0.7,20.0,optimal_decomposed,71.24729909999587,71.2465014999907,0.0,1,2,15865.460962360698,295.2709491819056,16160.731911542603,16046.410059506723,16341.681008688629,170377.8207946562,0.0,64.63099277527509,0.0,0.0,0.0,False,False,False
main,tv_dro_rho_0p01,tv_dro,2025-07-01,60,True,True,20,,0.01,0.7,20.0,optimal_decomposed,71.24729909999587,71.2465014999907,0.0,1,2,15865.460962360698,295.2709491819056,16160.731911542603,15914.205126010898,16209.476075192804,170780.16557957462,0.27931823964523167,61.67411424639894,0.0,0.0,0.0,False,False,False
main,tv_dro_rho_0p01,tv_dro,2025-07-01,61,True,True,20,,0.01,0.7,20.0,optimal_decomposed,71.24729909999587,71.2465014999907,0.0,1,2,15865.460962360698,295.2709491819056,16160.731911542603,16376.875619183702,16672.146568365606,175767.32855689668,0.0,47.404527490260904,0.0,0.0,0.0,False,False,False
main,tv_dro_rho_0p01,tv_dro,2025-07-01,62,True,True,20,,0.01,0.7,20.0,optimal_decomposed,71.24729909999587,71.2465014999907,0.0,1,2,15865.460962360698,295.2709491819056,16160.731911542603,15755.92243686479,16051.193386046696,158365.40364381968,0.0,63.047113084613684,0.0,0.0,0.0,False,False,False
main,tv_dro_rho_0p01,tv_dro,2025-07-01,63,True,True,20,,0.01,0.7,20.0,optimal_decomposed,71.24729909999587,71.2465014999907,0.0,1,2,15865.460962360698,295.2709491819056,16160.731911542603,15955.787706138539,16251.058655320445,156468.35919056687,0.0,65.67213429438755,0.0,0.0,0.0,False,False,False
main,tv_dro_rho_0p01,tv_dro,2025-07-01,64,True,True,20,,0.01,0.7,20.0,optimal_decomposed,71.24729909999587,71.2465014999907,0.0,1,2,15865.460962360698,295.2709491819056,16160.731911542603,16603.094828808495,16898.3657779904,175485.6768374269,0.0,56.423145830946794,0.0,0.0,0.0,False,False,False
main,tv_dro_rho_0p01,tv_dro,2025-07-01,65,True,True,20,,0.01,0.7,20.0,optimal_decomposed,71.24729909999587,71.2465014999907,0.0,1,2,15865.460962360698,295.2709491819056,16160.731911542603,15924.323957299075,16219.594906480981,166787.92297031247,0.0,57.99904039813055,0.0,0.0,0.0,False,False,False
main,tv_dro_rho_0p01,tv_dro,2025-07-01,66,True,True,20,,0.01,0.7,20.0,optimal_decomposed,71.24729909999587,71.2465014999907,0.0,1,2,15865.460962360698,295.2709491819056,16160.731911542603,16721.196093277664,17016.467042459568,183341.5031035785,0.0,68.49428575286134,0.0,0.0,0.0,False,False,False
main,tv_dro_rho_0p01,tv_dro,2025-07-01,67,True,True,20,,0.01,0.7,20.0,optimal_decomposed,71.24729909999587,71.2465014999907,0.0,1,2,15865.460962360698,295.2709491819056,16160.731911542603,15494.44650809367,15789.717457275576,161172.18212222948,0.013603318660420749,54.79271314371459,0.0,0.0,0.0,False,False,False
main,tv_dro_rho_0p01,tv_dro,2025-07-01,68,True,True,20,,0.01,0.7,20.0,optimal_decomposed,71.24729909999587,71.2465014999907,0.0,1,2,15865.460962360698,295.2709491819056,16160.731911542603,16347.708146968796,16642.979096150702,168304.0116515626,0.0,61.828081001593766,0.0,0.0,0.0,False,False,False
main,tv_dro_rho_0p01,tv_dro,2025-07-01,69,True,True,20,,0.01,0.7,20.0,optimal_decomposed,71.24729909999587,71.2465014999907,0.0,1,2,15865.460962360698,295.2709491819056,16160.731911542603,16094.094282703758,16389.365231885662,164558.55958395317,0.0,60.235235551887534,0.0,0.0,0.0,False,False,False
main,tv_dro_rho_0p01,tv_dro,2025-07-01,70,True,True,20,,0.01,0.7,20.0,optimal_decomposed,71.24729909999587,71.2465014999907,0.0,1,2,15865.460962360698,295.2709491819056,16160.731911542603,16245.215294769265,16540.48624395117,176859.64338250773,0.0,61.86455458536813,0.0,0.0,0.0,False,False,False
main,tv_dro_rho_0p01,tv_dro,2025-07-01,71,True,True,20,,0.01,0.7,20.0,optimal_decomposed,71.24729909999587,71.2465014999907,0.0,1,2,15865.460962360698,295.2709491819056,16160.731911542603,16348.119217401685,16643.39016658359,176480.41379043038,0.0,70.8276266336424,0.0,0.0,0.0,False,False,False
main,tv_dro_rho_0p01,tv_dro,2025-07-01,72,True,True,20,,0.01,0.7,20.0,optimal_decomposed,71.24729909999587,71.2465014999907,0.0,1,2,15865.460962360698,295.2709491819056,16160.731911542603,17446.141500831625,17741.41245001353,197865.65112090958,0.0,66.62012124260139,0.0,0.0,0.0,False,False,False
main,tv_dro_rho_0p01,tv_dro,2025-07-01,73,True,True,20,,0.01,0.7,20.0,optimal_decomposed,71.24729909999587,71.2465014999907,0.0,1,2,15865.460962360698,295.2709491819056,16160.731911542603,17622.600780332694,17917.871729514598,200855.5871593073,0.0,61.14746852935948,0.0,0.0,0.0,False,False,False
main,tv_dro_rho_0p01,tv_dro,2025-07-01,74,True,True,20,,0.01,0.7,20.0,optimal_decomposed,71.24729909999587,71.2465014999907,0.0,1,2,15865.460962360698,295.2709491819056,16160.731911542603,16345.0201979125,16640.291147094405,172977.33002909872,0.0,58.70439118543322,0.0,0.0,0.0,False,False,False
main,tv_dro_rho_0p01,tv_dro,2025-07-01,75,True,True,20,,0.01,0.7,20.0,optimal_decomposed,71.24729909999587,71.2465014999907,0.0,1,2,15865.460962360698,295.2709491819056,16160.731911542603,16076.963545001145,16372.23449418305,170069.29809931284,0.0,58.619486108548834,0.0,0.0,0.0,False,False,False
main,tv_dro_rho_0p01,tv_dro,2025-07-01,76,True,True,20,,0.01,0.7,20.0,optimal_decomposed,71.24729909999587,71.2465014999907,0.0,1,2,15865.460962360698,295.2709491819056,16160.731911542603,16410.933090759023,16706.204039940927,172948.69952144203,0.039977499508338066,54.877579246284945,0.0,0.0,0.0,False,False,False
main,tv_dro_rho_0p01,tv_dro,2025-07-01,77,True,True,20,,0.01,0.7,20.0,optimal_decomposed,71.24729909999587,71.2465014999907,0.0,1,2,15865.460962360698,295.2709491819056,16160.731911542603,15648.405861994845,15943.67681117675,162388.82693391622,0.0,58.24627178988623,0.0,0.0,0.0,False,False,False
main,tv_dro_rho_0p01,tv_dro,2025-07-01,78,True,True,20,,0.01,0.7,20.0,optimal_decomposed,71.24729909999587,71.2465014999907,0.0,1,2,15865.460962360698,295.2709491819056,16160.731911542603,16360.389747399358,16655.660696581264,179303.39827717168,0.0,61.79864989038489,0.0,0.0,0.0,False,False,False
main,tv_dro_rho_0p01,tv_dro,2025-07-01,79,True,True,20,,0.01,0.7,20.0,optimal_decomposed,71.24729909999587,71.2465014999907,0.0,1,2,15865.460962360698,295.2709491819056,16160.731911542603,16269.456444767318,16564.727393949222,170709.20132621186,0.0,53.864964671181205,0.0,0.0,0.0,False,False,False
main,tv_dro_rho_0p01,tv_dro,2025-07-01,80,True,True,20,,0.01,0.7,20.0,optimal_decomposed,71.24729909999587,71.2465014999907,0.0,1,2,15865.460962360698,295.2709491819056,16160.731911542603,15698.07883713892,15993.349786320827,157853.36558907712,0.0,56.162342721622444,0.0,0.0,0.0,False,False,False
main,tv_dro_rho_0p01,tv_dro,2025-07-01,81,True,True,20,,0.01,0.7,20.0,optimal_decomposed,71.24729909999587,71.2465014999907,0.0,1,2,15865.460962360698,295.2709491819056,16160.731911542603,16089.61183923085,16384.882788412757,167431.92137754004,0.0,66.20371500775893,0.0,0.0,0.0,False,False,False
main,tv_dro_rho_0p01,tv_dro,2025-07-01,82,True,True,20,,0.01,0.7,20.0,optimal_decomposed,71.24729909999587,71.2465014999907,0.0,1,2,15865.460962360698,295.2709491819056,16160.731911542603,16541.477784218147,16836.74873340005,182725.8909482534,0.0,49.238234732739244,0.0,0.0,0.0,False,False,False
main,tv_dro_rho_0p01,tv_dro,2025-07-01,83,True,True,20,,0.01,0.7,20.0,optimal_decomposed,71.24729909999587,71.2465014999907,0.0,1,2,15865.460962360698,295.2709491819056,16160.731911542603,16547.606543925904,16842.877493107808,177342.24966904623,0.0,56.05023336405389,0.0,0.0,0.0,False,False,False
main,tv_dro_rho_0p01,tv_dro,2025-07-01,84,True,True,20,,0.01,0.7,20.0,optimal_decomposed,71.24729909999587,71.2465014999907,0.0,1,2,15865.460962360698,295.2709491819056,16160.731911542603,16300.471688827025,16595.74263800893,164019.7004788975,0.0,58.71367024704926,0.0,0.0,0.0,False,False,False
main,tv_dro_rho_0p01,tv_dro,2025-07-01,85,True,True,20,,0.01,0.7,20.0,optimal_decomposed,71.24729909999587,71.2465014999907,0.0,1,2,15865.460962360698,295.2709491819056,16160.731911542603,16806.58274564194,17101.853694823843,186749.10533811915,0.0,66.36005952701665,0.0,0.0,0.0,False,False,False
main,tv_dro_rho_0p01,tv_dro,2025-07-01,86,True,True,20,,0.01,0.7,20.0,optimal_decomposed,71.24729909999587,71.2465014999907,0.0,1,2,15865.460962360698,295.2709491819056,16160.731911542603,16283.026166892738,16578.297116074642,172904.22757055098,0.0,51.97640960751156,0.0,0.0,0.0,False,False,False
main,tv_dro_rho_0p01,tv_dro,2025-07-01,87,True,True,20,,0.01,0.7,20.0,optimal_decomposed,71.24729909999587,71.2465014999907,0.0,1,2,15865.460962360698,295.2709491819056,16160.731911542603,16168.543217324559,16463.814166506465,165672.6390730066,0.0,59.593800196727976,0.0,0.0,0.0,False,False,False
main,tv_dro_rho_0p01,tv_dro,2025-07-01,88,True,True,20,,0.01,0.7,20.0,optimal_decomposed,71.24729909999587,71.2465014999907,0.0,1,2,15865.460962360698,295.2709491819056,16160.731911542603,16670.425131128617,16965.69608031052,177050.63062126472,0.0,67.91037499357469,0.0,0.0,0.0,False,False,False
main,tv_dro_rho_0p01,tv_dro,2025-07-01,89,True,True,20,,0.01,0.7,20.0,optimal_decomposed,71.24729909999587,71.2465014999907,0.0,1,2,15865.460962360698,295.2709491819056,16160.731911542603,15572.003942559779,15867.274891741685,159229.6393241799,0.0,57.68543566438802,0.0,0.0,0.0,False,False,False
main,tv_dro_rho_0p01,tv_dro,2025-07-01,90,True,True,20,,0.01,0.7,20.0,optimal_decomposed,71.24729909999587,71.2465014999907,0.0,1,2,15865.460962360698,295.2709491819056,16160.731911542603,16784.13243691856,17079.403386100465,183223.9639717791,0.0,61.34628985500437,0.0,0.0,0.0,False,False,False
main,tv_dro_rho_0p01,tv_dro,2025-07-01,91,True,True,20,,0.01,0.7,20.0,optimal_decomposed,71.24729909999587,71.2465014999907,0.0,1,2,15865.460962360698,295.2709491819056,16160.731911542603,15126.255556862867,15421.526506044773,149379.41694289926,0.0028575278833815054,58.24104718599664,0.0,0.0,0.0,False,False,False
main,tv_dro_rho_0p01,tv_dro,2025-07-01,92,True,True,20,,0.01,0.7,20.0,optimal_decomposed,71.24729909999587,71.2465014999907,0.0,1,2,15865.460962360698,295.2709491819056,16160.731911542603,15386.475537199849,15681.746486381755,154398.6577800696,0.0,49.07818031163141,0.0,0.0,0.0,False,False,False
main,tv_dro_rho_0p01,tv_dro,2025-07-01,93,True,True,20,,0.01,0.7,20.0,optimal_decomposed,71.24729909999587,71.2465014999907,0.0,1,2,15865.460962360698,295.2709491819056,16160.731911542603,16673.0339348765,16968.304884058405,182497.42690469194,0.0,61.57751401948399,0.0,0.0,0.0,False,False,False
main,tv_dro_rho_0p01,tv_dro,2025-07-01,94,True,True,20,,0.01,0.7,20.0,optimal_decomposed,71.24729909999587,71.2465014999907,0.0,1,2,15865.460962360698,295.2709491819056,16160.731911542603,15911.778744085204,16207.04969326711,160026.6333220021,0.0,55.32133366150923,0.0,0.0,0.0,False,False,False
main,tv_dro_rho_0p01,tv_dro,2025-07-01,95,True,True,20,,0.01,0.7,20.0,optimal_decomposed,71.24729909999587,71.2465014999907,0.0,1,2,15865.460962360698,295.2709491819056,16160.731911542603,16125.15819054426,16420.429139726166,166730.81179633286,0.0,55.61215645691927,0.0,0.0,0.0,False,False,False
main,tv_dro_rho_0p01,tv_dro,2025-07-01,96,True,True,20,,0.01,0.7,20.0,optimal_decomposed,71.24729909999587,71.2465014999907,0.0,1,2,15865.460962360698,295.2709491819056,16160.731911542603,15775.766345637394,16071.0372948193,170760.380874731,0.0,52.615678671132066,0.0,0.0,0.0,False,False,False
main,tv_dro_rho_0p01,tv_dro,2025-07-01,97,True,True,20,,0.01,0.7,20.0,optimal_decomposed,71.24729909999587,71.2465014999907,0.0,1,2,15865.460962360698,295.2709491819056,16160.731911542603,16202.401990316815,16497.67293949872,176237.57215187946,0.0,59.28887509945193,0.0,0.0,0.0,False,False,False
main,tv_dro_rho_0p01,tv_dro,2025-07-01,98,True,True,20,,0.01,0.7,20.0,optimal_decomposed,71.24729909999587,71.2465014999907,0.0,1,2,15865.460962360698,295.2709491819056,16160.731911542603,16884.67298571091,17179.943934892814,189696.40806172742,0.0,46.887541189837606,0.0,0.0,0.0,False,False,False
main,tv_dro_rho_0p01,tv_dro,2025-07-01,99,True,True,20,,0.01,0.7,20.0,optimal_decomposed,71.24729909999587,71.2465014999907,0.0,1,2,15865.460962360698,295.2709491819056,16160.731911542603,16137.92786419153,16433.198813373434,167542.70087773312,0.0,59.38561719684741,0.0,0.0,0.0,False,False,False
main,tv_dro_rho_0p01,tv_dro,2025-10-01,0,True,True,20,,0.01,0.7,20.0,optimal_decomposed,69.17957670000033,69.17877600000065,0.0,1,2,16307.664624421883,533.9055933035839,16841.570217725468,16555.11140527449,17089.016998578074,199626.06400115497,0.14318276325353718,54.420895110032596,0.0,0.0,0.0,False,False,False
main,tv_dro_rho_0p01,tv_dro,2025-10-01,1,True,True,20,,0.01,0.7,20.0,optimal_decomposed,69.17957670000033,69.17877600000065,0.0,1,2,16307.664624421883,533.9055933035839,16841.570217725468,16680.62700037586,17214.532593679443,197975.33478043013,0.02626527648883953,65.39298208216108,0.0,0.0,0.0,False,False,False
main,tv_dro_rho_0p01,tv_dro,2025-10-01,2,True,True,20,,0.01,0.7,20.0,optimal_decomposed,69.17957670000033,69.17877600000065,0.0,1,2,16307.664624421883,533.9055933035839,16841.570217725468,15561.124822472759,16095.030415776342,174777.9539788146,0.08332063348277266,49.135926258377616,0.0,0.0,0.0,False,False,False
main,tv_dro_rho_0p01,tv_dro,2025-10-01,3,True,True,20,,0.01,0.7,20.0,optimal_decomposed,69.17957670000033,69.17877600000065,0.0,1,2,16307.664624421883,533.9055933035839,16841.570217725468,16015.394555169676,16549.30014847326,178240.99380994053,0.08955411126576751,54.63389751179731,0.0,0.0,0.0,False,False,False
main,tv_dro_rho_0p01,tv_dro,2025-10-01,4,True,True,20,,0.01,0.7,20.0,optimal_decomposed,69.17957670000033,69.17877600000065,0.0,1,2,16307.664624421883,533.9055933035839,16841.570217725468,16414.370851454434,16948.27644475802,194573.28194420223,0.06803069977375387,51.5273320887744,0.0,0.0,0.0,False,False,False
main,tv_dro_rho_0p01,tv_dro,2025-10-01,5,True,True,20,,0.01,0.7,20.0,optimal_decomposed,69.17957670000033,69.17877600000065,0.0,1,2,16307.664624421883,533.9055933035839,16841.570217725468,16224.481163863824,16758.38675716741,190113.75458473366,0.11085643127109784,58.44845719550375,0.0,0.0,0.0,False,False,False
main,tv_dro_rho_0p01,tv_dro,2025-10-01,6,True,True,20,,0.01,0.7,20.0,optimal_decomposed,69.17957670000033,69.17877600000065,0.0,1,2,16307.664624421883,533.9055933035839,16841.570217725468,15578.70196002277,16112.607553326354,167732.1598449868,0.0,49.34341965512255,0.0,0.0,0.0,False,False,False
main,tv_dro_rho_0p01,tv_dro,2025-10-01,7,True,True,20,,0.01,0.7,20.0,optimal_decomposed,69.17957670000033,69.17877600000065,0.0,1,2,16307.664624421883,533.9055933035839,16841.570217725468,16350.962306999247,16884.86790030283,182533.29312914424,0.0,53.43821042959671,0.0,0.0,0.0,False,False,False
main,tv_dro_rho_0p01,tv_dro,2025-10-01,8,True,True,20,,0.01,0.7,20.0,optimal_decomposed,69.17957670000033,69.17877600000065,0.0,1,2,16307.664624421883,533.9055933035839,16841.570217725468,16171.376696411273,16705.282289714858,195808.41361107232,0.179200343160289,50.635487008014884,0.0,0.0,0.0,False,False,False
main,tv_dro_rho_0p01,tv_dro,2025-10-01,9,True,True,20,,0.01,0.7,20.0,optimal_decomposed,69.17957670000033,69.17877600000065,0.0,1,2,16307.664624421883,533.9055933035839,16841.570217725468,16200.172733967462,16734.078327271047,186518.80847359152,0.01626020080254431,63.96200034957597,0.0,0.0,0.0,False,False,False
main,tv_dro_rho_0p01,tv_dro,2025-10-01,10,True,True,20,,0.01,0.7,20.0,optimal_decomposed,69.17957670000033,69.17877600000065,0.0,1,2,16307.664624421883,533.9055933035839,16841.570217725468,15935.269930535726,16469.17552383931,182400.88381707968,0.0,54.65267129769502,0.0,0.0,0.0,False,False,False
main,tv_dro_rho_0p01,tv_dro,2025-10-01,11,True,True,20,,0.01,0.7,20.0,optimal_decomposed,69.17957670000033,69.17877600000065,0.0,1,2,16307.664624421883,533.9055933035839,16841.570217725468,16110.197928002757,16644.10352130634,189916.15555943904,0.0,49.87427863422085,0.0,0.0,0.0,False,False,False
main,tv_dro_rho_0p01,tv_dro,2025-10-01,12,True,True,20,,0.01,0.7,20.0,optimal_decomposed,69.17957670000033,69.17877600000065,0.0,1,2,16307.664624421883,533.9055933035839,16841.570217725468,16157.001458356413,16690.907051659997,186822.1435966816,0.05960698290802677,49.059402838604214,0.0,0.0,0.0,False,False,False
main,tv_dro_rho_0p01,tv_dro,2025-10-01,13,True,True,20,,0.01,0.7,20.0,optimal_decomposed,69.17957670000033,69.17877600000065,0.0,1,2,16307.664624421883,533.9055933035839,16841.570217725468,16273.397576370378,16807.303169673964,187908.23405695945,0.0214901680233692,58.16005416218863,0.0,0.0,0.0,False,False,False
main,tv_dro_rho_0p01,tv_dro,2025-10-01,14,True,True,20,,0.01,0.7,20.0,optimal_decomposed,69.17957670000033,69.17877600000065,0.0,1,2,16307.664624421883,533.9055933035839,16841.570217725468,16137.865301836307,16671.770895139893,184212.51664921595,0.0,52.143071469984086,0.0,0.0,0.0,False,False,False
main,tv_dro_rho_0p01,tv_dro,2025-10-01,15,True,True,20,,0.01,0.7,20.0,optimal_decomposed,69.17957670000033,69.17877600000065,0.0,1,2,16307.664624421883,533.9055933035839,16841.570217725468,16601.86438926942,17135.769982573005,203471.09089566357,0.0,48.21239697036495,0.0,0.0,0.0,False,False,False
main,tv_dro_rho_0p01,tv_dro,2025-10-01,16,True,True,20,,0.01,0.7,20.0,optimal_decomposed,69.17957670000033,69.17877600000065,0.0,1,2,16307.664624421883,533.9055933035839,16841.570217725468,16553.533080675843,17087.438673979428,204011.1398102536,0.09797624542382624,53.23528771885651,0.0,0.0,0.0,False,False,False
main,tv_dro_rho_0p01,tv_dro,2025-10-01,17,True,True,20,,0.01,0.7,20.0,optimal_decomposed,69.17957670000033,69.17877600000065,0.0,1,2,16307.664624421883,533.9055933035839,16841.570217725468,17090.611410724923,17624.51700402851,216262.19560971143,0.0,64.38766763075988,0.0,0.0,0.0,False,False,False
main,tv_dro_rho_0p01,tv_dro,2025-10-01,18,True,True,20,,0.01,0.7,20.0,optimal_decomposed,69.17957670000033,69.17877600000065,0.0,1,2,16307.664624421883,533.9055933035839,16841.570217725468,17260.40703329182,17794.312626595405,209499.59617456497,0.0,59.03185414509374,0.0,0.0,0.0,False,False,False
main,tv_dro_rho_0p01,tv_dro,2025-10-01,19,True,True,20,,0.01,0.7,20.0,optimal_decomposed,69.17957670000033,69.17877600000065,0.0,1,2,16307.664624421883,533.9055933035839,16841.570217725468,16211.980542406749,16745.886135710334,188276.45816074242,0.09977241000168041,54.589767396989544,0.0,0.0,0.0,False,False,False
main,tv_dro_rho_0p01,tv_dro,2025-10-01,20,True,True,20,,0.01,0.7,20.0,optimal_decomposed,69.17957670000033,69.17877600000065,0.0,1,2,16307.664624421883,533.9055933035839,16841.570217725468,15977.483531394191,16511.389124697776,186548.2746079529,0.07741087373889918,52.291906140063766,0.0,0.0,0.0,False,False,False
main,tv_dro_rho_0p01,tv_dro,2025-10-01,21,True,True,20,,0.01,0.7,20.0,optimal_decomposed,69.17957670000033,69.17877600000065,0.0,1,2,16307.664624421883,533.9055933035839,16841.570217725468,16371.0260517644,16904.931645067983,198844.26016913072,0.0,49.110971743781256,0.0,0.0,0.0,False,False,False
main,tv_dro_rho_0p01,tv_dro,2025-10-01,22,True,True,20,,0.01,0.7,20.0,optimal_decomposed,69.17957670000033,69.17877600000065,0.0,1,2,16307.664624421883,533.9055933035839,16841.570217725468,17643.653377961513,18177.558971265098,221300.02799609807,0.0,52.442495573154275,0.0,0.0,0.0,False,False,False
main,tv_dro_rho_0p01,tv_dro,2025-10-01,23,True,True,20,,0.01,0.7,20.0,optimal_decomposed,69.17957670000033,69.17877600000065,0.0,1,2,16307.664624421883,533.9055933035839,16841.570217725468,16784.58292587003,17318.488519173614,201095.6569229067,0.00427987659057788,55.5754419005223,0.0,0.0,0.0,False,False,False
main,tv_dro_rho_0p01,tv_dro,2025-10-01,24,True,True,20,,0.01,0.7,20.0,optimal_decomposed,69.17957670000033,69.17877600000065,0.0,1,2,16307.664624421883,533.9055933035839,16841.570217725468,16938.01433979746,17471.919933101046,208337.75025974947,0.0,58.541405556625456,0.0,0.0,0.0,False,False,False
main,tv_dro_rho_0p01,tv_dro,2025-10-01,25,True,True,20,,0.01,0.7,20.0,optimal_decomposed,69.17957670000033,69.17877600000065,0.0,1,2,16307.664624421883,533.9055933035839,16841.570217725468,16127.381456985568,16661.287050289153,193271.35933785915,0.044541941991814965,48.20477367344693,0.0,0.0,0.0,False,False,False
main,tv_dro_rho_0p01,tv_dro,2025-10-01,26,True,True,20,,0.01,0.7,20.0,optimal_decomposed,69.17957670000033,69.17877600000065,0.0,1,2,16307.664624421883,533.9055933035839,16841.570217725468,16599.119538733008,17133.025132036593,195937.7546493162,0.0,61.645260817824585,0.0,0.0,0.0,False,False,False
main,tv_dro_rho_0p01,tv_dro,2025-10-01,27,True,True,20,,0.01,0.7,20.0,optimal_decomposed,69.17957670000033,69.17877600000065,0.0,1,2,16307.664624421883,533.9055933035839,16841.570217725468,16636.702098261296,17170.60769156488,197616.20526264305,0.0,57.7665580648329,0.0,0.0,0.0,False,False,False
main,tv_dro_rho_0p01,tv_dro,2025-10-01,28,True,True,20,,0.01,0.7,20.0,optimal_decomposed,69.17957670000033,69.17877600000065,0.0,1,2,16307.664624421883,533.9055933035839,16841.570217725468,16354.161466425827,16888.067059729412,191790.01464961228,0.0,46.055673320958086,0.0,0.0,0.0,False,False,False
main,tv_dro_rho_0p01,tv_dro,2025-10-01,29,True,True,20,,0.01,0.7,20.0,optimal_decomposed,69.17957670000033,69.17877600000065,0.0,1,2,16307.664624421883,533.9055933035839,16841.570217725468,16465.881713608167,16999.787306911752,186605.16887054703,0.0,43.47291406554529,0.0,0.0,0.0,False,False,False
main,tv_dro_rho_0p01,tv_dro,2025-10-01,30,True,True,20,,0.01,0.7,20.0,optimal_decomposed,69.17957670000033,69.17877600000065,0.0,1,2,16307.664624421883,533.9055933035839,16841.570217725468,16403.70629789611,16937.611891199696,200937.27786023935,0.006235988084066557,51.787948143352345,0.0,0.0,0.0,False,False,False
main,tv_dro_rho_0p01,tv_dro,2025-10-01,31,True,True,20,,0.01,0.7,20.0,optimal_decomposed,69.17957670000033,69.17877600000065,0.0,1,2,16307.664624421883,533.9055933035839,16841.570217725468,16357.297199362354,16891.20279266594,198175.0707351129,0.10332699116963442,51.26268869484827,0.0,0.0,0.0,False,False,False
main,tv_dro_rho_0p01,tv_dro,2025-10-01,32,True,True,20,,0.01,0.7,20.0,optimal_decomposed,69.17957670000033,69.17877600000065,0.0,1,2,16307.664624421883,533.9055933035839,16841.570217725468,16317.839022377259,16851.744615680844,187369.1216272132,0.04892124279042931,54.809757301944806,0.0,0.0,0.0,False,False,False
main,tv_dro_rho_0p01,tv_dro,2025-10-01,33,True,True,20,,0.01,0.7,20.0,optimal_decomposed,69.17957670000033,69.17877600000065,0.0,1,2,16307.664624421883,533.9055933035839,16841.570217725468,16057.623834899608,16591.529428203194,192949.22891530645,0.08635471026585675,65.73115524736428,0.0,0.0,0.0,False,False,False
main,tv_dro_rho_0p01,tv_dro,2025-10-01,34,True,True,20,,0.01,0.7,20.0,optimal_decomposed,69.17957670000033,69.17877600000065,0.0,1,2,16307.664624421883,533.9055933035839,16841.570217725468,16553.562629370866,17087.46822267445,194623.1002047339,0.042327310117193484,52.17804815373102,0.0,0.0,0.0,False,False,False
main,tv_dro_rho_0p01,tv_dro,2025-10-01,35,True,True,20,,0.01,0.7,20.0,optimal_decomposed,69.17957670000033,69.17877600000065,0.0,1,2,16307.664624421883,533.9055933035839,16841.570217725468,16077.018314700628,16610.923908004213,181744.0015483638,0.0,57.16227757887496,0.0,0.0,0.0,False,False,False
main,tv_dro_rho_0p01,tv_dro,2025-10-01,36,True,True,20,,0.01,0.7,20.0,optimal_decomposed,69.17957670000033,69.17877600000065,0.0,1,2,16307.664624421883,533.9055933035839,16841.570217725468,15612.825593585188,16146.731186888772,173277.81519792325,0.0,60.627321235887926,0.0,0.0,0.0,False,False,False
main,tv_dro_rho_0p01,tv_dro,2025-10-01,37,True,True,20,,0.01,0.7,20.0,optimal_decomposed,69.17957670000033,69.17877600000065,0.0,1,2,16307.664624421883,533.9055933035839,16841.570217725468,16130.333228090012,16664.238821393596,184945.87807929126,0.02165584939999521,45.27992981243337,0.0,0.0,0.0,False,False,False
main,tv_dro_rho_0p01,tv_dro,2025-10-01,38,True,True,20,,0.01,0.7,20.0,optimal_decomposed,69.17957670000033,69.17877600000065,0.0,1,2,16307.664624421883,533.9055933035839,16841.570217725468,16158.894933027828,16692.80052633141,185216.54534707245,0.0,52.313299261336724,0.0,0.0,0.0,False,False,False
main,tv_dro_rho_0p01,tv_dro,2025-10-01,39,True,True,20,,0.01,0.7,20.0,optimal_decomposed,69.17957670000033,69.17877600000065,0.0,1,2,16307.664624421883,533.9055933035839,16841.570217725468,16156.878260139996,16690.78385344358,181875.72254769347,0.0,43.68529108042257,0.0,0.0,0.0,False,False,False
main,tv_dro_rho_0p01,tv_dro,2025-10-01,40,True,True,20,,0.01,0.7,20.0,optimal_decomposed,69.17957670000033,69.17877600000065,0.0,1,2,16307.664624421883,533.9055933035839,16841.570217725468,16479.37734308768,17013.282936391264,193648.0104930277,0.0,46.41077117418253,0.0,0.0,0.0,False,False,False
main,tv_dro_rho_0p01,tv_dro,2025-10-01,41,True,True,20,,0.01,0.7,20.0,optimal_decomposed,69.17957670000033,69.17877600000065,0.0,1,2,16307.664624421883,533.9055933035839,16841.570217725468,17486.24018989584,18020.145783199427,226939.72089585033,0.0,39.744726637787515,0.0,0.0,0.0,False,False,False
main,tv_dro_rho_0p01,tv_dro,2025-10-01,42,True,True,20,,0.01,0.7,20.0,optimal_decomposed,69.17957670000033,69.17877600000065,0.0,1,2,16307.664624421883,533.9055933035839,16841.570217725468,16738.38370703932,17272.289300342905,201407.08863825086,0.0,55.03905456950854,0.0,0.0,0.0,False,False,False
main,tv_dro_rho_0p01,tv_dro,2025-10-01,43,True,True,20,,0.01,0.7,20.0,optimal_decomposed,69.17957670000033,69.17877600000065,0.0,1,2,16307.664624421883,533.9055933035839,16841.570217725468,16499.113506742153,17033.019100045738,199812.41042556183,0.011685373517862557,55.09710157331331,0.0,0.0,0.0,False,False,False
main,tv_dro_rho_0p01,tv_dro,2025-10-01,44,True,True,20,,0.01,0.7,20.0,optimal_decomposed,69.17957670000033,69.17877600000065,0.0,1,2,16307.664624421883,533.9055933035839,16841.570217725468,16434.03065232898,16967.936245632565,196865.71096180065,0.0,53.868648144203185,0.0,0.0,0.0,False,False,False
main,tv_dro_rho_0p01,tv_dro,2025-10-01,45,True,True,20,,0.01,0.7,20.0,optimal_decomposed,69.17957670000033,69.17877600000065,0.0,1,2,16307.664624421883,533.9055933035839,16841.570217725468,15865.204248596405,16399.10984189999,181814.20585071397,0.014925007123314349,58.544016334194026,0.0,0.0,0.0,False,False,False
main,tv_dro_rho_0p01,tv_dro,2025-10-01,46,True,True,20,,0.01,0.7,20.0,optimal_decomposed,69.17957670000033,69.17877600000065,0.0,1,2,16307.664624421883,533.9055933035839,16841.570217725468,16547.955560251245,17081.86115355483,192856.49257809215,0.0,53.661947775380604,0.0,0.0,0.0,False,False,False
main,tv_dro_rho_0p01,tv_dro,2025-10-01,47,True,True,20,,0.01,0.7,20.0,optimal_decomposed,69.17957670000033,69.17877600000065,0.0,1,2,16307.664624421883,533.9055933035839,16841.570217725468,16285.311649514675,16819.21724281826,197152.87154388535,0.0,54.761263057188316,0.0,0.0,0.0,False,False,False
main,tv_dro_rho_0p01,tv_dro,2025-10-01,48,True,True,20,,0.01,0.7,20.0,optimal_decomposed,69.17957670000033,69.17877600000065,0.0,1,2,16307.664624421883,533.9055933035839,16841.570217725468,16544.52189340299,17078.427486706576,201536.894038902,0.06037489545306696,53.08903601696016,0.0,0.0,0.0,False,False,False
main,tv_dro_rho_0p01,tv_dro,2025-10-01,49,True,True,20,,0.01,0.7,20.0,optimal_decomposed,69.17957670000033,69.17877600000065,0.0,1,2,16307.664624421883,533.9055933035839,16841.570217725468,15971.05851695675,16504.964110260335,184314.21567033493,0.0,58.03295906485169,0.0,0.0,0.0,False,False,False
main,tv_dro_rho_0p01,tv_dro,2025-10-01,50,True,True,20,,0.01,0.7,20.0,optimal_decomposed,69.17957670000033,69.17877600000065,0.0,1,2,16307.664624421883,533.9055933035839,16841.570217725468,16307.771833750436,16841.67742705402,194810.02731671438,0.06978076361250718,59.950896803397825,0.0,0.0,0.0,False,False,False
main,tv_dro_rho_0p01,tv_dro,2025-10-01,51,True,True,20,,0.01,0.7,20.0,optimal_decomposed,69.17957670000033,69.17877600000065,0.0,1,2,16307.664624421883,533.9055933035839,16841.570217725468,16083.323073060204,16617.22866636379,183601.3855094134,0.15860617470906263,55.44750609889663,0.0,0.0,0.0,False,False,False
main,tv_dro_rho_0p01,tv_dro,2025-10-01,52,True,True,20,,0.01,0.7,20.0,optimal_decomposed,69.17957670000033,69.17877600000065,0.0,1,2,16307.664624421883,533.9055933035839,16841.570217725468,15401.714019612333,15935.619612915916,174287.0285576301,0.0,61.25737303200515,0.0,0.0,0.0,False,False,False
main,tv_dro_rho_0p01,tv_dro,2025-10-01,53,True,True,20,,0.01,0.7,20.0,optimal_decomposed,69.17957670000033,69.17877600000065,0.0,1,2,16307.664624421883,533.9055933035839,16841.570217725468,16569.255293029095,17103.16088633268,199778.64036906254,0.0,54.27206316759096,0.0,0.0,0.0,False,False,False
main,tv_dro_rho_0p01,tv_dro,2025-10-01,54,True,True,20,,0.01,0.7,20.0,optimal_decomposed,69.17957670000033,69.17877600000065,0.0,1,2,16307.664624421883,533.9055933035839,16841.570217725468,16479.026417622943,17012.932010926528,200936.6743211648,0.06087848634170795,49.46073523698522,0.0,0.0,0.0,False,False,False
main,tv_dro_rho_0p01,tv_dro,2025-10-01,55,True,True,20,,0.01,0.7,20.0,optimal_decomposed,69.17957670000033,69.17877600000065,0.0,1,2,16307.664624421883,533.9055933035839,16841.570217725468,16734.47576778923,17268.381361092815,202397.3496374004,0.0,57.92291361165696,0.0,0.0,0.0,False,False,False
main,tv_dro_rho_0p01,tv_dro,2025-10-01,56,True,True,20,,0.01,0.7,20.0,optimal_decomposed,69.17957670000033,69.17877600000065,0.0,1,2,16307.664624421883,533.9055933035839,16841.570217725468,15908.846331799392,16442.751925102977,173652.47792851698,0.0,43.04806055329168,0.0,0.0,0.0,False,False,False
main,tv_dro_rho_0p01,tv_dro,2025-10-01,57,True,True,20,,0.01,0.7,20.0,optimal_decomposed,69.17957670000033,69.17877600000065,0.0,1,2,16307.664624421883,533.9055933035839,16841.570217725468,16390.656676572686,16924.56226987627,197923.50416030863,0.0,55.302561958861865,0.0,0.0,0.0,False,False,False
main,tv_dro_rho_0p01,tv_dro,2025-10-01,58,True,True,20,,0.01,0.7,20.0,optimal_decomposed,69.17957670000033,69.17877600000065,0.0,1,2,16307.664624421883,533.9055933035839,16841.570217725468,15978.114014011946,16512.01960731553,190468.9891109112,0.15766414897468417,59.93125747964129,0.0,0.0,0.0,False,False,False
main,tv_dro_rho_0p01,tv_dro,2025-10-01,59,True,True,20,,0.01,0.7,20.0,optimal_decomposed,69.17957670000033,69.17877600000065,0.0,1,2,16307.664624421883,533.9055933035839,16841.570217725468,16459.770131539997,16993.675724843582,196001.68216351996,0.0,53.954851250554604,0.0,0.0,0.0,False,False,False
main,tv_dro_rho_0p01,tv_dro,2025-10-01,60,True,True,20,,0.01,0.7,20.0,optimal_decomposed,69.17957670000033,69.17877600000065,0.0,1,2,16307.664624421883,533.9055933035839,16841.570217725468,16240.954172531863,16774.85976583545,196296.51568315265,0.06597138969467808,56.4227299014484,0.0,0.0,0.0,False,False,False
main,tv_dro_rho_0p01,tv_dro,2025-10-01,61,True,True,20,,0.01,0.7,20.0,optimal_decomposed,69.17957670000033,69.17877600000065,0.0,1,2,16307.664624421883,533.9055933035839,16841.570217725468,16743.523288798166,17277.42888210175,202037.4505057673,0.011870905455114183,42.70613198640476,0.0,0.0,0.0,False,False,False
main,tv_dro_rho_0p01,tv_dro,2025-10-01,62,True,True,20,,0.01,0.7,20.0,optimal_decomposed,69.17957670000033,69.17877600000065,0.0,1,2,16307.664624421883,533.9055933035839,16841.570217725468,16006.585382020836,16540.49097532442,183811.4485578453,0.0,58.16187095788175,0.0,0.0,0.0,False,False,False
main,tv_dro_rho_0p01,tv_dro,2025-10-01,63,True,True,20,,0.01,0.7,20.0,optimal_decomposed,69.17957670000033,69.17877600000065,0.0,1,2,16307.664624421883,533.9055933035839,16841.570217725468,15994.94104250244,16528.846635806025,181657.68625157204,0.0,60.53506974837599,0.0,0.0,0.0,False,False,False
main,tv_dro_rho_0p01,tv_dro,2025-10-01,64,True,True,20,,0.01,0.7,20.0,optimal_decomposed,69.17957670000033,69.17877600000065,0.0,1,2,16307.664624421883,533.9055933035839,16841.570217725468,16549.303324861357,17083.208918164943,200873.7707196317,0.0,51.628401687083255,0.0,0.0,0.0,False,False,False
main,tv_dro_rho_0p01,tv_dro,2025-10-01,65,True,True,20,,0.01,0.7,20.0,optimal_decomposed,69.17957670000033,69.17877600000065,0.0,1,2,16307.664624421883,533.9055933035839,16841.570217725468,16031.247270204436,16565.15286350802,192690.02463628602,0.0,57.73671141409207,0.0,0.0,0.0,False,False,False
main,tv_dro_rho_0p01,tv_dro,2025-10-01,66,True,True,20,,0.01,0.7,20.0,optimal_decomposed,69.17957670000033,69.17877600000065,0.0,1,2,16307.664624421883,533.9055933035839,16841.570217725468,16872.15533644971,17406.060929753294,209629.31088001627,0.0,63.175539285919584,0.0,0.0,0.0,False,False,False
main,tv_dro_rho_0p01,tv_dro,2025-10-01,67,True,True,20,,0.01,0.7,20.0,optimal_decomposed,69.17957670000033,69.17877600000065,0.0,1,2,16307.664624421883,533.9055933035839,16841.570217725468,16137.9477173129,16671.853310616483,186147.5361365035,0.0,55.54123434254608,0.0,0.0,0.0,False,False,False
main,tv_dro_rho_0p01,tv_dro,2025-10-01,68,True,True,20,,0.01,0.7,20.0,optimal_decomposed,69.17957670000033,69.17877600000065,0.0,1,2,16307.664624421883,533.9055933035839,16841.570217725468,16422.98709659777,16956.892689901357,195451.48427960183,0.09176069898217087,57.13294218508252,0.0,0.0,0.0,False,False,False
main,tv_dro_rho_0p01,tv_dro,2025-10-01,69,True,True,20,,0.01,0.7,20.0,optimal_decomposed,69.17957670000033,69.17877600000065,0.0,1,2,16307.664624421883,533.9055933035839,16841.570217725468,16228.453020541609,16762.358613845194,190210.62168816614,0.03590522623353909,58.39292964228353,0.0,0.0,0.0,False,False,False
main,tv_dro_rho_0p01,tv_dro,2025-10-01,70,True,True,20,,0.01,0.7,20.0,optimal_decomposed,69.17957670000033,69.17877600000065,0.0,1,2,16307.664624421883,533.9055933035839,16841.570217725468,16739.733791116538,17273.639384420123,202241.4749166548,0.0,58.9695242238707,0.0,0.0,0.0,False,False,False
main,tv_dro_rho_0p01,tv_dro,2025-10-01,71,True,True,20,,0.01,0.7,20.0,optimal_decomposed,69.17957670000033,69.17877600000065,0.0,1,2,16307.664624421883,533.9055933035839,16841.570217725468,16764.60324982826,17298.508843131844,202785.93355547963,0.15618353564964949,63.59431104358127,0.0,0.0,0.0,False,False,False
main,tv_dro_rho_0p01,tv_dro,2025-10-01,72,True,True,20,,0.01,0.7,20.0,optimal_decomposed,69.17957670000033,69.17877600000065,0.0,1,2,16307.664624421883,533.9055933035839,16841.570217725468,17415.70865614494,17949.614249448525,224231.25280893655,0.05992190266723307,60.5904368478301,0.0,0.0,0.0,False,False,False
main,tv_dro_rho_0p01,tv_dro,2025-10-01,73,True,True,20,,0.01,0.7,20.0,optimal_decomposed,69.17957670000033,69.17877600000065,0.0,1,2,16307.664624421883,533.9055933035839,16841.570217725468,17678.903753833114,18212.8093471367,227562.82315194263,0.0,52.87927703338802,0.0,0.0,0.0,False,False,False
main,tv_dro_rho_0p01,tv_dro,2025-10-01,74,True,True,20,,0.01,0.7,20.0,optimal_decomposed,69.17957670000033,69.17877600000065,0.0,1,2,16307.664624421883,533.9055933035839,16841.570217725468,16482.792351259406,17016.69794456299,198761.28343579322,0.04137224607882445,55.650649496057824,0.0,0.0,0.0,False,False,False
main,tv_dro_rho_0p01,tv_dro,2025-10-01,75,True,True,20,,0.01,0.7,20.0,optimal_decomposed,69.17957670000033,69.17877600000065,0.0,1,2,16307.664624421883,533.9055933035839,16841.570217725468,16615.853294855777,17149.758888159362,194875.35231429912,0.023050056476046882,54.515652826876,0.0,0.0,0.0,False,False,False
main,tv_dro_rho_0p01,tv_dro,2025-10-01,76,True,True,20,,0.01,0.7,20.0,optimal_decomposed,69.17957670000033,69.17877600000065,0.0,1,2,16307.664624421883,533.9055933035839,16841.570217725468,16719.51779825076,17253.423391554345,200549.13615201737,0.0,55.93775769212655,0.0,0.0,0.0,False,False,False
main,tv_dro_rho_0p01,tv_dro,2025-10-01,77,True,True,20,,0.01,0.7,20.0,optimal_decomposed,69.17957670000033,69.17877600000065,0.0,1,2,16307.664624421883,533.9055933035839,16841.570217725468,16183.669863965035,16717.57545726862,187275.81130196026,0.2567030068423159,52.820796118876494,0.0,0.0,0.0,False,False,False
main,tv_dro_rho_0p01,tv_dro,2025-10-01,78,True,True,20,,0.01,0.7,20.0,optimal_decomposed,69.17957670000033,69.17877600000065,0.0,1,2,16307.664624421883,533.9055933035839,16841.570217725468,16531.032795929288,17064.938389232873,206105.30115828445,0.0,58.3459893375553,0.0,0.0,0.0,False,False,False
main,tv_dro_rho_0p01,tv_dro,2025-10-01,79,True,True,20,,0.01,0.7,20.0,optimal_decomposed,69.17957670000033,69.17877600000065,0.0,1,2,16307.664624421883,533.9055933035839,16841.570217725468,16447.570982057372,16981.476575360957,197957.15426458317,0.05938009968407798,53.54779829065096,0.0,0.0,0.0,False,False,False
main,tv_dro_rho_0p01,tv_dro,2025-10-01,80,True,True,20,,0.01,0.7,20.0,optimal_decomposed,69.17957670000033,69.17877600000065,0.0,1,2,16307.664624421883,533.9055933035839,16841.570217725468,16300.89098759897,16834.796580902555,183810.23551999085,0.0,51.56566347983619,0.0,0.0,0.0,False,False,False
main,tv_dro_rho_0p01,tv_dro,2025-10-01,81,True,True,20,,0.01,0.7,20.0,optimal_decomposed,69.17957670000033,69.17877600000065,0.0,1,2,16307.664624421883,533.9055933035839,16841.570217725468,16282.97816415157,16816.883757455154,193106.2838918734,0.3315700186893653,63.31411341100174,0.0,0.0,0.0,False,False,False
main,tv_dro_rho_0p01,tv_dro,2025-10-01,82,True,True,20,,0.01,0.7,20.0,optimal_decomposed,69.17957670000033,69.17877600000065,0.0,1,2,16307.664624421883,533.9055933035839,16841.570217725468,16913.929428050826,17447.83502135441,208636.55367368084,0.0,47.75935973713552,0.0,0.0,0.0,False,False,False
main,tv_dro_rho_0p01,tv_dro,2025-10-01,83,True,True,20,,0.01,0.7,20.0,optimal_decomposed,69.17957670000033,69.17877600000065,0.0,1,2,16307.664624421883,533.9055933035839,16841.570217725468,16745.211597783582,17279.117191087167,204039.51804178962,0.0,48.78716438986551,0.0,0.0,0.0,False,False,False
main,tv_dro_rho_0p01,tv_dro,2025-10-01,84,True,True,20,,0.01,0.7,20.0,optimal_decomposed,69.17957670000033,69.17877600000065,0.0,1,2,16307.664624421883,533.9055933035839,16841.570217725468,16319.621656585945,16853.52724988953,189554.4998468806,0.0,49.53854083667185,0.0,0.0,0.0,False,False,False
main,tv_dro_rho_0p01,tv_dro,2025-10-01,85,True,True,20,,0.01,0.7,20.0,optimal_decomposed,69.17957670000033,69.17877600000065,0.0,1,2,16307.664624421883,533.9055933035839,16841.570217725468,16992.693104731814,17526.5986980354,212625.44028027085,0.0,61.608816836356084,0.0,0.0,0.0,False,False,False
main,tv_dro_rho_0p01,tv_dro,2025-10-01,86,True,True,20,,0.01,0.7,20.0,optimal_decomposed,69.17957670000033,69.17877600000065,0.0,1,2,16307.664624421883,533.9055933035839,16841.570217725468,16143.325575816516,16677.2311691201,199606.9410030409,0.0,52.02982081678502,0.0,0.0,0.0,False,False,False
main,tv_dro_rho_0p01,tv_dro,2025-10-01,87,True,True,20,,0.01,0.7,20.0,optimal_decomposed,69.17957670000033,69.17877600000065,0.0,1,2,16307.664624421883,533.9055933035839,16841.570217725468,16404.084537037583,16937.990130341168,191394.36057110326,0.19083056126518821,54.321275812155605,0.0,0.0,0.0,False,False,False
main,tv_dro_rho_0p01,tv_dro,2025-10-01,88,True,True,20,,0.01,0.7,20.0,optimal_decomposed,69.17957670000033,69.17877600000065,0.0,1,2,16307.664624421883,533.9055933035839,16841.570217725468,16939.61049968674,17473.516092990325,203475.81181395185,0.03278458987616406,61.22738408419332,0.0,0.0,0.0,False,False,False
main,tv_dro_rho_0p01,tv_dro,2025-10-01,89,True,True,20,,0.01,0.7,20.0,optimal_decomposed,69.17957670000033,69.17877600000065,0.0,1,2,16307.664624421883,533.9055933035839,16841.570217725468,15569.004071964779,16102.909665268362,184092.269001547,0.0,54.72929596540319,0.0,0.0,0.0,False,False,False
main,tv_dro_rho_0p01,tv_dro,2025-10-01,90,True,True,20,,0.01,0.7,20.0,optimal_decomposed,69.17957670000033,69.17877600000065,0.0,1,2,16307.664624421883,533.9055933035839,16841.570217725468,16970.560368509887,17504.465961813472,210277.28281698265,0.12977700355148603,58.817763479954806,0.0,0.0,0.0,False,False,False
main,tv_dro_rho_0p01,tv_dro,2025-10-01,91,True,True,20,,0.01,0.7,20.0,optimal_decomposed,69.17957670000033,69.17877600000065,0.0,1,2,16307.664624421883,533.9055933035839,16841.570217725468,15755.42598993399,16289.331583237574,174963.3836246256,0.12094018122988143,53.70130429293229,0.0,0.0,0.0,False,False,False
main,tv_dro_rho_0p01,tv_dro,2025-10-01,92,True,True,20,,0.01,0.7,20.0,optimal_decomposed,69.17957670000033,69.17877600000065,0.0,1,2,16307.664624421883,533.9055933035839,16841.570217725468,15780.475211278876,16314.380804582459,179561.08559533206,0.0,47.320190413832286,0.0,0.0,0.0,False,False,False
main,tv_dro_rho_0p01,tv_dro,2025-10-01,93,True,True,20,,0.01,0.7,20.0,optimal_decomposed,69.17957670000033,69.17877600000065,0.0,1,2,16307.664624421883,533.9055933035839,16841.570217725468,17141.693807120097,17675.59940042368,209987.7287223476,0.0,57.26136851568245,0.0,0.0,0.0,False,False,False
main,tv_dro_rho_0p01,tv_dro,2025-10-01,94,True,True,20,,0.01,0.7,20.0,optimal_decomposed,69.17957670000033,69.17877600000065,0.0,1,2,16307.664624421883,533.9055933035839,16841.570217725468,16155.961531315355,16689.86712461894,185413.99655368517,0.057235387884413375,49.62871571680692,0.0,0.0,0.0,False,False,False
main,tv_dro_rho_0p01,tv_dro,2025-10-01,95,True,True,20,,0.01,0.7,20.0,optimal_decomposed,69.17957670000033,69.17877600000065,0.0,1,2,16307.664624421883,533.9055933035839,16841.570217725468,16218.827347299444,16752.73294060303,193370.5839024789,0.0,58.063015623763576,0.0,0.0,0.0,False,False,False
main,tv_dro_rho_0p01,tv_dro,2025-10-01,96,True,True,20,,0.01,0.7,20.0,optimal_decomposed,69.17957670000033,69.17877600000065,0.0,1,2,16307.664624421883,533.9055933035839,16841.570217725468,16157.988595181927,16691.894188485512,197696.94291023616,0.0,50.127034841204384,0.0,0.0,0.0,False,False,False
main,tv_dro_rho_0p01,tv_dro,2025-10-01,97,True,True,20,,0.01,0.7,20.0,optimal_decomposed,69.17957670000033,69.17877600000065,0.0,1,2,16307.664624421883,533.9055933035839,16841.570217725468,16575.57272607312,17109.478319376703,202195.15487513688,0.0,57.73870495018222,0.0,0.0,0.0,False,False,False
main,tv_dro_rho_0p01,tv_dro,2025-10-01,98,True,True,20,,0.01,0.7,20.0,optimal_decomposed,69.17957670000033,69.17877600000065,0.0,1,2,16307.664624421883,533.9055933035839,16841.570217725468,17028.654278249895,17562.55987155348,217971.98948850753,0.0002912613177358525,44.59324842670944,0.0,0.0,0.0,False,False,False
main,tv_dro_rho_0p01,tv_dro,2025-10-01,99,True,True,20,,0.01,0.7,20.0,optimal_decomposed,69.17957670000033,69.17877600000065,0.0,1,2,16307.664624421883,533.9055933035839,16841.570217725468,16366.511599194397,16900.417192497982,194022.23933985186,0.1001130695429816,55.05689467470452,0.0,0.0,0.0,False,False,False
