suite,configuration,method,window,workload_replay_id,energy_uncertainty,workload_uncertainty,sample_size,gamma,rho,effective_capacity_fraction,bess_degradation_cost_usd_per_mwh_throughput,solver_status,solve_wall_time_seconds,solver_runtime_seconds,mip_gap,decomposition_iterations,active_scenario_count,nominal_grid_cost_usd,nominal_bess_degradation_cost_usd,nominal_operating_cost_usd,actual_grid_cost_usd,actual_operating_cost_usd,actual_carbon_kg,actual_curtailment_mwh,batch_adjustment_mwh,workload_envelope_violation_mwh,grid_limit_violation_mw,ramp_violation_mw,workload_violation,grid_limit_violation,ramp_violation
ablation,tv_dro_energy_0_workload_0,tv_dro,2025-01-01,0,False,False,20,,0.01,0.7,20.0,optimal_decomposed,17.346889699998428,17.346755899998243,0.0,1,1,15664.811973990276,174.34157851920932,15839.153552509486,14832.918345418051,15007.259923937261,170165.22405459834,0.728113768663242,51.32411355028956,0.0,0.0,0.0,False,False,False
ablation,tv_dro_energy_0_workload_0,tv_dro,2025-01-01,1,False,False,20,,0.01,0.7,20.0,optimal_decomposed,17.346889699998428,17.346755899998243,0.0,1,1,15664.811973990276,174.34157851920932,15839.153552509486,15839.958407203965,16014.299985723175,190419.23671110644,0.08684864855887026,57.712825788374765,0.0,0.0,0.0,False,False,False
ablation,tv_dro_energy_0_workload_0,tv_dro,2025-01-01,2,False,False,20,,0.01,0.7,20.0,optimal_decomposed,17.346889699998428,17.346755899998243,0.0,1,1,15664.811973990276,174.34157851920932,15839.153552509486,15498.118729688547,15672.460308207757,180761.9183568811,0.08188014820472636,45.01047324421197,0.0,0.0,0.0,False,False,False
ablation,tv_dro_energy_0_workload_0,tv_dro,2025-01-01,3,False,False,20,,0.01,0.7,20.0,optimal_decomposed,17.346889699998428,17.346755899998243,0.0,1,1,15664.811973990276,174.34157851920932,15839.153552509486,15724.42126545929,15898.7628439785,189716.8042020206,0.0,52.2118982867161,0.0,0.0,0.0,False,False,False
ablation,tv_dro_energy_0_workload_0,tv_dro,2025-01-01,4,False,False,20,,0.01,0.7,20.0,optimal_decomposed,17.346889699998428,17.346755899998243,0.0,1,1,15664.811973990276,174.34157851920932,15839.153552509486,15643.10453165428,15817.44611017349,185353.32767884206,0.0632302808889269,49.80168245262597,0.0,0.0,0.0,False,False,False
ablation,tv_dro_energy_0_workload_0,tv_dro,2025-01-01,5,False,False,20,,0.01,0.7,20.0,optimal_decomposed,17.346889699998428,17.346755899998243,0.0,1,1,15664.811973990276,174.34157851920932,15839.153552509486,16040.19048647721,16214.53206499642,200959.38579913526,0.0,53.72953698092679,0.0,0.0,0.0,False,False,False
ablation,tv_dro_energy_0_workload_0,tv_dro,2025-01-01,6,False,False,20,,0.01,0.7,20.0,optimal_decomposed,17.346889699998428,17.346755899998243,0.0,1,1,15664.811973990276,174.34157851920932,15839.153552509486,15935.237553002662,16109.579131521872,194211.6377868391,0.10345948892605139,46.97036776206118,0.0,0.0,0.0,False,False,False
ablation,tv_dro_energy_0_workload_0,tv_dro,2025-01-01,7,False,False,20,,0.01,0.7,20.0,optimal_decomposed,17.346889699998428,17.346755899998243,0.0,1,1,15664.811973990276,174.34157851920932,15839.153552509486,15292.953005746193,15467.294584265403,175694.7914561358,0.019384031851351097,49.81176462819849,0.0,0.0,0.0,False,False,False
ablation,tv_dro_energy_0_workload_0,tv_dro,2025-01-01,8,False,False,20,,0.01,0.7,20.0,optimal_decomposed,17.346889699998428,17.346755899998243,0.0,1,1,15664.811973990276,174.34157851920932,15839.153552509486,15837.614788240086,16011.956366759296,190243.61463764662,0.15842303005788594,52.43117158142317,0.0,0.0,0.0,False,False,False
ablation,tv_dro_energy_0_workload_0,tv_dro,2025-01-01,9,False,False,20,,0.01,0.7,20.0,optimal_decomposed,17.346889699998428,17.346755899998243,0.0,1,1,15664.811973990276,174.34157851920932,15839.153552509486,15840.21439295263,16014.55597147184,192723.12785691486,0.03048439621611926,59.64787894893477,0.0,0.0,0.0,False,False,False
ablation,tv_dro_energy_0_workload_0,tv_dro,2025-01-01,10,False,False,20,,0.01,0.7,20.0,optimal_decomposed,17.346889699998428,17.346755899998243,0.0,1,1,15664.811973990276,174.34157851920932,15839.153552509486,15510.630717075623,15684.972295594833,183548.09556853602,0.34215915109334005,52.07498686257296,0.0,0.0,0.0,False,False,False
ablation,tv_dro_energy_0_workload_0,tv_dro,2025-01-01,11,False,False,20,,0.01,0.7,20.0,optimal_decomposed,17.346889699998428,17.346755899998243,0.0,1,1,15664.811973990276,174.34157851920932,15839.153552509486,15265.106994364778,15439.448572883988,183433.83297074633,0.00316026190620744,42.93071003908483,0.0,0.0,0.0,False,False,False
ablation,tv_dro_energy_0_workload_0,tv_dro,2025-01-01,12,False,False,20,,0.01,0.7,20.0,optimal_decomposed,17.346889699998428,17.346755899998243,0.0,1,1,15664.811973990276,174.34157851920932,15839.153552509486,15855.217049743544,16029.558628262754,195921.47023121116,0.0,44.83895567543806,0.0,0.0,0.0,False,False,False
ablation,tv_dro_energy_0_workload_0,tv_dro,2025-01-01,13,False,False,20,,0.01,0.7,20.0,optimal_decomposed,17.346889699998428,17.346755899998243,0.0,1,1,15664.811973990276,174.34157851920932,15839.153552509486,16096.761089129195,16271.102667648405,198453.1626048167,0.34109448079980786,53.47508780415513,0.0,0.0,0.0,False,False,False
ablation,tv_dro_energy_0_workload_0,tv_dro,2025-01-01,14,False,False,20,,0.01,0.7,20.0,optimal_decomposed,17.346889699998428,17.346755899998243,0.0,1,1,15664.811973990276,174.34157851920932,15839.153552509486,15340.603048715791,15514.944627235001,178107.3969657525,0.0,50.945370296659696,0.0,0.0,0.0,False,False,False
ablation,tv_dro_energy_0_workload_0,tv_dro,2025-01-01,15,False,False,20,,0.01,0.7,20.0,optimal_decomposed,17.346889699998428,17.346755899998243,0.0,1,1,15664.811973990276,174.34157851920932,15839.153552509486,15347.870118177045,15522.211696696255,174287.0074873228,0.021678658843421378,44.951295586446555,0.0,0.0,0.0,False,False,False
ablation,tv_dro_energy_0_workload_0,tv_dro,2025-01-01,16,False,False,20,,0.01,0.7,20.0,optimal_decomposed,17.346889699998428,17.346755899998243,0.0,1,1,15664.811973990276,174.34157851920932,15839.153552509486,15074.829149815017,15249.170728334228,170881.4432556968,0.03606366855062573,47.34246668674656,0.0,0.0,0.0,False,False,False
ablation,tv_dro_energy_0_workload_0,tv_dro,2025-01-01,17,False,False,20,,0.01,0.7,20.0,optimal_decomposed,17.346889699998428,17.346755899998243,0.0,1,1,15664.811973990276,174.34157851920932,15839.153552509486,15323.9094115795,15498.25099009871,177969.295219127,0.11524822563323323,56.56980303072509,0.0,0.0,0.0,False,False,False
ablation,tv_dro_energy_0_workload_0,tv_dro,2025-01-01,18,False,False,20,,0.01,0.7,20.0,optimal_decomposed,17.346889699998428,17.346755899998243,0.0,1,1,15664.811973990276,174.34157851920932,15839.153552509486,15704.644931471763,15878.986509990973,190247.76377209075,0.0,55.26864743146646,0.0,0.0,0.0,False,False,False
ablation,tv_dro_energy_0_workload_0,tv_dro,2025-01-01,19,False,False,20,,0.01,0.7,20.0,optimal_decomposed,17.346889699998428,17.346755899998243,0.0,1,1,15664.811973990276,174.34157851920932,15839.153552509486,15573.067755241143,15747.409333760354,189498.1317074153,0.09807599050495619,52.00789632299377,0.0,0.0,0.0,False,False,False
ablation,tv_dro_energy_0_workload_0,tv_dro,2025-01-01,20,False,False,20,,0.01,0.7,20.0,optimal_decomposed,17.346889699998428,17.346755899998243,0.0,1,1,15664.811973990276,174.34157851920932,15839.153552509486,16104.250713747979,16278.592292267189,193990.46277868873,0.0,47.12702295638594,0.0,0.0,0.0,False,False,False
ablation,tv_dro_energy_0_workload_0,tv_dro,2025-01-01,21,False,False,20,,0.01,0.7,20.0,optimal_decomposed,17.346889699998428,17.346755899998243,0.0,1,1,15664.811973990276,174.34157851920932,15839.153552509486,15162.467849990317,15336.809428509527,174882.56448794948,0.14558437698452803,44.99898010287958,0.0,0.0,0.0,False,False,False
ablation,tv_dro_energy_0_workload_0,tv_dro,2025-01-01,22,False,False,20,,0.01,0.7,20.0,optimal_decomposed,17.346889699998428,17.346755899998243,0.0,1,1,15664.811973990276,174.34157851920932,15839.153552509486,15833.092866219042,16007.434444738252,190411.56708046328,0.026577831514697392,50.07762956412819,0.0,0.0,0.0,False,False,False
ablation,tv_dro_energy_0_workload_0,tv_dro,2025-01-01,23,False,False,20,,0.01,0.7,20.0,optimal_decomposed,17.346889699998428,17.346755899998243,0.0,1,1,15664.811973990276,174.34157851920932,15839.153552509486,15915.998433820223,16090.340012339433,189928.68133835093,0.0,48.715701987443964,0.0,0.0,0.0,False,False,False
ablation,tv_dro_energy_0_workload_0,tv_dro,2025-01-01,24,False,False,20,,0.01,0.7,20.0,optimal_decomposed,17.346889699998428,17.346755899998243,0.0,1,1,15664.811973990276,174.34157851920932,15839.153552509486,15316.758482788571,15491.100061307781,180448.6999282944,0.10567313604808662,53.13860089987426,0.0,0.0,0.0,False,False,False
ablation,tv_dro_energy_0_workload_0,tv_dro,2025-01-01,25,False,False,20,,0.01,0.7,20.0,optimal_decomposed,17.346889699998428,17.346755899998243,0.0,1,1,15664.811973990276,174.34157851920932,15839.153552509486,16809.762934059025,16984.104512578233,221320.78740498258,0.0,46.29941016861248,0.0,0.0,0.0,False,False,False
ablation,tv_dro_energy_0_workload_0,tv_dro,2025-01-01,26,False,False,20,,0.01,0.7,20.0,optimal_decomposed,17.346889699998428,17.346755899998243,0.0,1,1,15664.811973990276,174.34157851920932,15839.153552509486,15817.075462108367,15991.417040627577,186486.16703898608,0.14134358605981936,55.40352094343986,0.0,0.0,0.0,False,False,False
ablation,tv_dro_energy_0_workload_0,tv_dro,2025-01-01,27,False,False,20,,0.01,0.7,20.0,optimal_decomposed,17.346889699998428,17.346755899998243,0.0,1,1,15664.811973990276,174.34157851920932,15839.153552509486,14544.46779589217,14718.80937441138,169096.5774941371,0.4106204855595155,54.74634057261751,0.0,0.0,0.0,False,False,False
ablation,tv_dro_energy_0_workload_0,tv_dro,2025-01-01,28,False,False,20,,0.01,0.7,20.0,optimal_decomposed,17.346889699998428,17.346755899998243,0.0,1,1,15664.811973990276,174.34157851920932,15839.153552509486,15616.045125576873,15790.386704096083,185804.54826266528,0.013328971990677202,40.914777765068195,0.0,0.0,0.0,False,False,False
ablation,tv_dro_energy_0_workload_0,tv_dro,2025-01-01,29,False,False,20,,0.01,0.7,20.0,optimal_decomposed,17.346889699998428,17.346755899998243,0.0,1,1,15664.811973990276,174.34157851920932,15839.153552509486,15882.641477965577,16056.983056484787,195775.8025379242,0.030916769877295164,40.19336536634452,0.0,0.0,0.0,False,False,False
ablation,tv_dro_energy_0_workload_0,tv_dro,2025-01-01,30,False,False,20,,0.01,0.7,20.0,optimal_decomposed,17.346889699998428,17.346755899998243,0.0,1,1,15664.811973990276,174.34157851920932,15839.153552509486,14999.704039494307,15174.045618013517,165164.07291442764,0.0,46.48922422207619,0.0,0.0,0.0,False,False,False
ablation,tv_dro_energy_0_workload_0,tv_dro,2025-01-01,31,False,False,20,,0.01,0.7,20.0,optimal_decomposed,17.346889699998428,17.346755899998243,0.0,1,1,15664.811973990276,174.34157851920932,15839.153552509486,15898.413903634217,16072.755482153427,202144.3776024504,0.01646459864005423,50.46391458983373,0.0,0.0,0.0,False,False,False
ablation,tv_dro_energy_0_workload_0,tv_dro,2025-01-01,32,False,False,20,,0.01,0.7,20.0,optimal_decomposed,17.346889699998428,17.346755899998243,0.0,1,1,15664.811973990276,174.34157851920932,15839.153552509486,15676.00221065637,15850.34378917558,184442.21410085572,0.0,49.309438772964484,0.0,0.0,0.0,False,False,False
ablation,tv_dro_energy_0_workload_0,tv_dro,2025-01-01,33,False,False,20,,0.01,0.7,20.0,optimal_decomposed,17.346889699998428,17.346755899998243,0.0,1,1,15664.811973990276,174.34157851920932,15839.153552509486,16908.25027952067,17082.59185803988,219905.1756206233,0.04697440711880671,62.23855264822355,0.0,0.0,0.0,False,False,False
ablation,tv_dro_energy_0_workload_0,tv_dro,2025-01-01,34,False,False,20,,0.01,0.7,20.0,optimal_decomposed,17.346889699998428,17.346755899998243,0.0,1,1,15664.811973990276,174.34157851920932,15839.153552509486,16127.631028045716,16301.972606564927,194288.1912570169,0.3795327665813169,52.33346842317238,0.0,0.0,0.0,False,False,False
ablation,tv_dro_energy_0_workload_0,tv_dro,2025-01-01,35,False,False,20,,0.01,0.7,20.0,optimal_decomposed,17.346889699998428,17.346755899998243,0.0,1,1,15664.811973990276,174.34157851920932,15839.153552509486,14897.365326642352,15071.706905161562,176517.58302372167,0.0,55.037705885937235,0.0,0.0,0.0,False,False,False
ablation,tv_dro_energy_0_workload_0,tv_dro,2025-01-01,36,False,False,20,,0.01,0.7,20.0,optimal_decomposed,17.346889699998428,17.346755899998243,0.0,1,1,15664.811973990276,174.34157851920932,15839.153552509486,15202.256880134784,15376.598458653994,174606.0392744645,0.0,54.943045213348476,0.0,0.0,0.0,False,False,False
ablation,tv_dro_energy_0_workload_0,tv_dro,2025-01-01,37,False,False,20,,0.01,0.7,20.0,optimal_decomposed,17.346889699998428,17.346755899998243,0.0,1,1,15664.811973990276,174.34157851920932,15839.153552509486,15480.869985669282,15655.211564188492,183196.7843999479,0.0,41.58486310106827,0.0,0.0,0.0,False,False,False
ablation,tv_dro_energy_0_workload_0,tv_dro,2025-01-01,38,False,False,20,,0.01,0.7,20.0,optimal_decomposed,17.346889699998428,17.346755899998243,0.0,1,1,15664.811973990276,174.34157851920932,15839.153552509486,15440.913177169417,15615.254755688627,184874.8988697393,0.0,49.08685365911267,0.0,0.0,0.0,False,False,False
ablation,tv_dro_energy_0_workload_0,tv_dro,2025-01-01,39,False,False,20,,0.01,0.7,20.0,optimal_decomposed,17.346889699998428,17.346755899998243,0.0,1,1,15664.811973990276,174.34157851920932,15839.153552509486,15663.78098126868,15838.12255978789,195308.81752995917,0.057814929904075885,41.09134869299157,0.0,0.0,0.0,False,False,False
ablation,tv_dro_energy_0_workload_0,tv_dro,2025-01-01,40,False,False,20,,0.01,0.7,20.0,optimal_decomposed,17.346889699998428,17.346755899998243,0.0,1,1,15664.811973990276,174.34157851920932,15839.153552509486,16158.722336778175,16333.063915297385,196305.0005483094,0.0,43.40763041012373,0.0,0.0,0.0,False,False,False
ablation,tv_dro_energy_0_workload_0,tv_dro,2025-01-01,41,False,False,20,,0.01,0.7,20.0,optimal_decomposed,17.346889699998428,17.346755899998243,0.0,1,1,15664.811973990276,174.34157851920932,15839.153552509486,15604.811849824222,15779.153428343432,191147.0278809692,0.012079899653787085,37.28125795035329,0.0,0.0,0.0,False,False,False
ablation,tv_dro_energy_0_workload_0,tv_dro,2025-01-01,42,False,False,20,,0.01,0.7,20.0,optimal_decomposed,17.346889699998428,17.346755899998243,0.0,1,1,15664.811973990276,174.34157851920932,15839.153552509486,16261.728053042723,16436.06963156193,192146.89321606606,0.0,54.9862443509602,0.0,0.0,0.0,False,False,False
ablation,tv_dro_energy_0_workload_0,tv_dro,2025-01-01,43,False,False,20,,0.01,0.7,20.0,optimal_decomposed,17.346889699998428,17.346755899998243,0.0,1,1,15664.811973990276,174.34157851920932,15839.153552509486,15072.875306091602,15247.216884610812,172272.32602256627,0.13724718452205356,53.11939442133519,0.0,0.0,0.0,False,False,False
ablation,tv_dro_energy_0_workload_0,tv_dro,2025-01-01,44,False,False,20,,0.01,0.7,20.0,optimal_decomposed,17.346889699998428,17.346755899998243,0.0,1,1,15664.811973990276,174.34157851920932,15839.153552509486,15252.07966089172,15426.42123941093,180060.97694217344,0.14222632282577624,50.14627902962295,0.0,0.0,0.0,False,False,False
ablation,tv_dro_energy_0_workload_0,tv_dro,2025-01-01,45,False,False,20,,0.01,0.7,20.0,optimal_decomposed,17.346889699998428,17.346755899998243,0.0,1,1,15664.811973990276,174.34157851920932,15839.153552509486,16332.643258245818,16506.984836765027,196695.1435145366,0.16684420096528796,55.04365178599061,0.0,0.0,0.0,False,False,False
ablation,tv_dro_energy_0_workload_0,tv_dro,2025-01-01,46,False,False,20,,0.01,0.7,20.0,optimal_decomposed,17.346889699998428,17.346755899998243,0.0,1,1,15664.811973990276,174.34157851920932,15839.153552509486,15790.139407294075,15964.480985813285,188936.39528882934,0.15199288085734108,51.05511853006996,0.0,0.0,0.0,False,False,False
ablation,tv_dro_energy_0_workload_0,tv_dro,2025-01-01,47,False,False,20,,0.01,0.7,20.0,optimal_decomposed,17.346889699998428,17.346755899998243,0.0,1,1,15664.811973990276,174.34157851920932,15839.153552509486,15733.323126722242,15907.664705241452,195745.64653533805,0.0,51.70290749500692,0.0,0.0,0.0,False,False,False
ablation,tv_dro_energy_0_workload_0,tv_dro,2025-01-01,48,False,False,20,,0.01,0.7,20.0,optimal_decomposed,17.346889699998428,17.346755899998243,0.0,1,1,15664.811973990276,174.34157851920932,15839.153552509486,16098.36473948053,16272.70631799974,206764.6135994507,0.0,48.2931757049633,0.0,0.0,0.0,False,False,False
ablation,tv_dro_energy_0_workload_0,tv_dro,2025-01-01,49,False,False,20,,0.01,0.7,20.0,optimal_decomposed,17.346889699998428,17.346755899998243,0.0,1,1,15664.811973990276,174.34157851920932,15839.153552509486,16017.218877528645,16191.560456047855,200927.30816289556,0.04570459077504027,51.664710909013515,0.0,0.0,0.0,False,False,False
ablation,tv_dro_energy_0_workload_0,tv_dro,2025-01-01,50,False,False,20,,0.01,0.7,20.0,optimal_decomposed,17.346889699998428,17.346755899998243,0.0,1,1,15664.811973990276,174.34157851920932,15839.153552509486,15657.72312153261,15832.06470005182,188888.86850102976,0.0,56.03325495402996,0.0,0.0,0.0,False,False,False
ablation,tv_dro_energy_0_workload_0,tv_dro,2025-01-01,51,False,False,20,,0.01,0.7,20.0,optimal_decomposed,17.346889699998428,17.346755899998243,0.0,1,1,15664.811973990276,174.34157851920932,15839.153552509486,15582.865425838625,15757.207004357835,179699.44105315604,0.0,49.24747493142956,0.0,0.0,0.0,False,False,False
ablation,tv_dro_energy_0_workload_0,tv_dro,2025-01-01,52,False,False,20,,0.01,0.7,20.0,optimal_decomposed,17.346889699998428,17.346755899998243,0.0,1,1,15664.811973990276,174.34157851920932,15839.153552509486,16237.310857421764,16411.652435940974,201677.95215211672,0.4611612647832961,56.47706507478851,0.0,0.0,0.0,False,False,False
ablation,tv_dro_energy_0_workload_0,tv_dro,2025-01-01,53,False,False,20,,0.01,0.7,20.0,optimal_decomposed,17.346889699998428,17.346755899998243,0.0,1,1,15664.811973990276,174.34157851920932,15839.153552509486,15447.390721610951,15621.732300130161,183049.79936040434,0.0,44.14370085628572,0.0,0.0,0.0,False,False,False
ablation,tv_dro_energy_0_workload_0,tv_dro,2025-01-01,54,False,False,20,,0.01,0.7,20.0,optimal_decomposed,17.346889699998428,17.346755899998243,0.0,1,1,15664.811973990276,174.34157851920932,15839.153552509486,15992.375271857829,16166.716850377039,201203.23534657568,0.0,46.515185776422996,0.0,0.0,0.0,False,False,False
ablation,tv_dro_energy_0_workload_0,tv_dro,2025-01-01,55,False,False,20,,0.01,0.7,20.0,optimal_decomposed,17.346889699998428,17.346755899998243,0.0,1,1,15664.811973990276,174.34157851920932,15839.153552509486,15637.989846761115,15812.331425280325,185333.1767565374,0.14655144358040362,55.27642301210367,0.0,0.0,0.0,False,False,False
ablation,tv_dro_energy_0_workload_0,tv_dro,2025-01-01,56,False,False,20,,0.01,0.7,20.0,optimal_decomposed,17.346889699998428,17.346755899998243,0.0,1,1,15664.811973990276,174.34157851920932,15839.153552509486,15956.95993684038,16131.30151535959,192509.3909703313,0.00531490235267737,40.37239557249502,0.0,0.0,0.0,False,False,False
ablation,tv_dro_energy_0_workload_0,tv_dro,2025-01-01,57,False,False,20,,0.01,0.7,20.0,optimal_decomposed,17.346889699998428,17.346755899998243,0.0,1,1,15664.811973990276,174.34157851920932,15839.153552509486,15631.073496257895,15805.415074777105,184838.85749247455,0.0,50.31690975494701,0.0,0.0,0.0,False,False,False
ablation,tv_dro_energy_0_workload_0,tv_dro,2025-01-01,58,False,False,20,,0.01,0.7,20.0,optimal_decomposed,17.346889699998428,17.346755899998243,0.0,1,1,15664.811973990276,174.34157851920932,15839.153552509486,16233.079676470988,16407.421254990197,205804.1002387025,0.08597395316052237,57.59849835450047,0.0,0.0,0.0,False,False,False
ablation,tv_dro_energy_0_workload_0,tv_dro,2025-01-01,59,False,False,20,,0.01,0.7,20.0,optimal_decomposed,17.346889699998428,17.346755899998243,0.0,1,1,15664.811973990276,174.34157851920932,15839.153552509486,16304.495077613194,16478.836656132404,206633.46533143427,0.0,53.07238552824391,0.0,0.0,0.0,False,False,False
ablation,tv_dro_energy_0_workload_0,tv_dro,2025-01-01,60,False,False,20,,0.01,0.7,20.0,optimal_decomposed,17.346889699998428,17.346755899998243,0.0,1,1,15664.811973990276,174.34157851920932,15839.153552509486,15718.348223680368,15892.689802199578,194471.13894929911,0.07273788038766604,51.78891637192398,0.0,0.0,0.0,False,False,False
ablation,tv_dro_energy_0_workload_0,tv_dro,2025-01-01,61,False,False,20,,0.01,0.7,20.0,optimal_decomposed,17.346889699998428,17.346755899998243,0.0,1,1,15664.811973990276,174.34157851920932,15839.153552509486,15605.06553995201,15779.40711847122,190452.28336283998,0.03200460281438236,42.27155884073038,0.0,0.0,0.0,False,False,False
ablation,tv_dro_energy_0_workload_0,tv_dro,2025-01-01,62,False,False,20,,0.01,0.7,20.0,optimal_decomposed,17.346889699998428,17.346755899998243,0.0,1,1,15664.811973990276,174.34157851920932,15839.153552509486,15030.341477899836,15204.683056419046,175714.1388029274,0.06485982645957789,55.6571445612619,0.0,0.0,0.0,False,False,False
ablation,tv_dro_energy_0_workload_0,tv_dro,2025-01-01,63,False,False,20,,0.01,0.7,20.0,optimal_decomposed,17.346889699998428,17.346755899998243,0.0,1,1,15664.811973990276,174.34157851920932,15839.153552509486,15702.696836041045,15877.038414560255,184952.80652820575,0.06944797364690239,55.78822164412577,0.0,0.0,0.0,False,False,False
ablation,tv_dro_energy_0_workload_0,tv_dro,2025-01-01,64,False,False,20,,0.01,0.7,20.0,optimal_decomposed,17.346889699998428,17.346755899998243,0.0,1,1,15664.811973990276,174.34157851920932,15839.153552509486,15408.57967627411,15582.92125479332,173845.13986775707,0.08966490463199886,50.09687196099682,0.0,0.0,0.0,False,False,False
ablation,tv_dro_energy_0_workload_0,tv_dro,2025-01-01,65,False,False,20,,0.01,0.7,20.0,optimal_decomposed,17.346889699998428,17.346755899998243,0.0,1,1,15664.811973990276,174.34157851920932,15839.153552509486,15900.871985552194,16075.213564071404,189650.5598987902,0.05654274215479815,53.864756871127646,0.0,0.0,0.0,False,False,False
ablation,tv_dro_energy_0_workload_0,tv_dro,2025-01-01,66,False,False,20,,0.01,0.7,20.0,optimal_decomposed,17.346889699998428,17.346755899998243,0.0,1,1,15664.811973990276,174.34157851920932,15839.153552509486,15807.741318514672,15982.082897033883,193214.46523181867,0.0,57.378309032518615,0.0,0.0,0.0,False,False,False
ablation,tv_dro_energy_0_workload_0,tv_dro,2025-01-01,67,False,False,20,,0.01,0.7,20.0,optimal_decomposed,17.346889699998428,17.346755899998243,0.0,1,1,15664.811973990276,174.34157851920932,15839.153552509486,15110.49682088217,15284.83839940138,169658.14352857022,0.0,50.606545553174485,0.0,0.0,0.0,False,False,False
ablation,tv_dro_energy_0_workload_0,tv_dro,2025-01-01,68,False,False,20,,0.01,0.7,20.0,optimal_decomposed,17.346889699998428,17.346755899998243,0.0,1,1,15664.811973990276,174.34157851920932,15839.153552509486,16870.493345506555,17044.834924025763,214166.87519384795,0.0,55.349119466170585,0.0,0.0,0.0,False,False,False
ablation,tv_dro_energy_0_workload_0,tv_dro,2025-01-01,69,False,False,20,,0.01,0.7,20.0,optimal_decomposed,17.346889699998428,17.346755899998243,0.0,1,1,15664.811973990276,174.34157851920932,15839.153552509486,16151.823855553557,16326.165434072767,208063.2733329101,0.0,52.055350713837726,0.0,0.0,0.0,False,False,False
ablation,tv_dro_energy_0_workload_0,tv_dro,2025-01-01,70,False,False,20,,0.01,0.7,20.0,optimal_decomposed,17.346889699998428,17.346755899998243,0.0,1,1,15664.811973990276,174.34157851920932,15839.153552509486,15969.729634190726,16144.071212709936,201939.84862187412,0.0,55.05683770733102,0.0,0.0,0.0,False,False,False
ablation,tv_dro_energy_0_workload_0,tv_dro,2025-01-01,71,False,False,20,,0.01,0.7,20.0,optimal_decomposed,17.346889699998428,17.346755899998243,0.0,1,1,15664.811973990276,174.34157851920932,15839.153552509486,15661.780799025311,15836.122377544521,182005.00885224732,0.008352711610149222,57.66203611789,0.0,0.0,0.0,False,False,False
ablation,tv_dro_energy_0_workload_0,tv_dro,2025-01-01,72,False,False,20,,0.01,0.7,20.0,optimal_decomposed,17.346889699998428,17.346755899998243,0.0,1,1,15664.811973990276,174.34157851920932,15839.153552509486,15329.425871370027,15503.767449889237,181514.83144668827,0.0,58.33495546176649,0.0,0.0,0.0,False,False,False
ablation,tv_dro_energy_0_workload_0,tv_dro,2025-01-01,73,False,False,20,,0.01,0.7,20.0,optimal_decomposed,17.346889699998428,17.346755899998243,0.0,1,1,15664.811973990276,174.34157851920932,15839.153552509486,15438.853295459696,15613.194873978906,184151.92985649352,0.02226089584332297,48.83980112799911,0.0,0.0,0.0,False,False,False
ablation,tv_dro_energy_0_workload_0,tv_dro,2025-01-01,74,False,False,20,,0.01,0.7,20.0,optimal_decomposed,17.346889699998428,17.346755899998243,0.0,1,1,15664.811973990276,174.34157851920932,15839.153552509486,15223.29414563141,15397.63572415062,172657.51638821495,0.0,53.256681655875134,0.0,0.0,0.0,False,False,False
ablation,tv_dro_energy_0_workload_0,tv_dro,2025-01-01,75,False,False,20,,0.01,0.7,20.0,optimal_decomposed,17.346889699998428,17.346755899998243,0.0,1,1,15664.811973990276,174.34157851920932,15839.153552509486,15660.28388991985,15834.62546843906,191039.8155795096,0.17896047596245424,50.9866690768622,0.0,0.0,0.0,False,False,False
ablation,tv_dro_energy_0_workload_0,tv_dro,2025-01-01,76,False,False,20,,0.01,0.7,20.0,optimal_decomposed,17.346889699998428,17.346755899998243,0.0,1,1,15664.811973990276,174.34157851920932,15839.153552509486,15926.958349301118,16101.299927820328,210811.56015662284,0.0,51.21610558204217,0.0,0.0,0.0,False,False,False
ablation,tv_dro_energy_0_workload_0,tv_dro,2025-01-01,77,False,False,20,,0.01,0.7,20.0,optimal_decomposed,17.346889699998428,17.346755899998243,0.0,1,1,15664.811973990276,174.34157851920932,15839.153552509486,15295.481997422206,15469.823575941416,173049.67697905726,0.0,46.12988334125898,0.0,0.0,0.0,False,False,False
ablation,tv_dro_energy_0_workload_0,tv_dro,2025-01-01,78,False,False,20,,0.01,0.7,20.0,optimal_decomposed,17.346889699998428,17.346755899998243,0.0,1,1,15664.811973990276,174.34157851920932,15839.153552509486,15291.25201392335,15465.59359244256,178132.2032691703,0.0,49.95675684815126,0.0,0.0,0.0,False,False,False
ablation,tv_dro_energy_0_workload_0,tv_dro,2025-01-01,79,False,False,20,,0.01,0.7,20.0,optimal_decomposed,17.346889699998428,17.346755899998243,0.0,1,1,15664.811973990276,174.34157851920932,15839.153552509486,16276.601014027114,16450.942592546322,199961.6619459384,0.20388819006813175,48.46736761467194,0.0,0.0,0.0,False,False,False
ablation,tv_dro_energy_0_workload_0,tv_dro,2025-01-01,80,False,False,20,,0.01,0.7,20.0,optimal_decomposed,17.346889699998428,17.346755899998243,0.0,1,1,15664.811973990276,174.34157851920932,15839.153552509486,16055.519862120656,16229.861440639866,201181.41348962637,0.0,49.42184913768878,0.0,0.0,0.0,False,False,False
ablation,tv_dro_energy_0_workload_0,tv_dro,2025-01-01,81,False,False,20,,0.01,0.7,20.0,optimal_decomposed,17.346889699998428,17.346755899998243,0.0,1,1,15664.811973990276,174.34157851920932,15839.153552509486,15666.528144497062,15840.869723016272,185238.02090668594,0.124687834387083,58.78550999343595,0.0,0.0,0.0,False,False,False
ablation,tv_dro_energy_0_workload_0,tv_dro,2025-01-01,82,False,False,20,,0.01,0.7,20.0,optimal_decomposed,17.346889699998428,17.346755899998243,0.0,1,1,15664.811973990276,174.34157851920932,15839.153552509486,15355.188405235163,15529.529983754373,183184.66654503235,0.07305403701739724,45.14336235153565,0.0,0.0,0.0,False,False,False
ablation,tv_dro_energy_0_workload_0,tv_dro,2025-01-01,83,False,False,20,,0.01,0.7,20.0,optimal_decomposed,17.346889699998428,17.346755899998243,0.0,1,1,15664.811973990276,174.34157851920932,15839.153552509486,16040.295062585703,16214.636641104913,202868.52974176683,0.04106225130651758,44.24849953616699,0.0,0.0,0.0,False,False,False
ablation,tv_dro_energy_0_workload_0,tv_dro,2025-01-01,84,False,False,20,,0.01,0.7,20.0,optimal_decomposed,17.346889699998428,17.346755899998243,0.0,1,1,15664.811973990276,174.34157851920932,15839.153552509486,15888.35979249949,16062.7013710187,203507.60751749628,0.11651222011883869,41.95377246685644,0.0,0.0,0.0,False,False,False
ablation,tv_dro_energy_0_workload_0,tv_dro,2025-01-01,85,False,False,20,,0.01,0.7,20.0,optimal_decomposed,17.346889699998428,17.346755899998243,0.0,1,1,15664.811973990276,174.34157851920932,15839.153552509486,15848.407808271166,16022.749386790376,192809.1380425734,0.0,54.08278159488459,0.0,0.0,0.0,False,False,False
ablation,tv_dro_energy_0_workload_0,tv_dro,2025-01-01,86,False,False,20,,0.01,0.7,20.0,optimal_decomposed,17.346889699998428,17.346755899998243,0.0,1,1,15664.811973990276,174.34157851920932,15839.153552509486,16051.744534667483,16226.086113186693,194991.6023927501,0.07687092651645885,44.75868946572482,0.0,0.0,0.0,False,False,False
ablation,tv_dro_energy_0_workload_0,tv_dro,2025-01-01,87,False,False,20,,0.01,0.7,20.0,optimal_decomposed,17.346889699998428,17.346755899998243,0.0,1,1,15664.811973990276,174.34157851920932,15839.153552509486,15151.243314993151,15325.584893512361,171245.55114008993,0.15755769463181557,49.4602229053867,0.0,0.0,0.0,False,False,False
ablation,tv_dro_energy_0_workload_0,tv_dro,2025-01-01,88,False,False,20,,0.01,0.7,20.0,optimal_decomposed,17.346889699998428,17.346755899998243,0.0,1,1,15664.811973990276,174.34157851920932,15839.153552509486,15816.416194898693,15990.757773417903,171894.06000778548,0.442482479348262,57.88789669991983,0.0,0.0,0.0,False,False,False
ablation,tv_dro_energy_0_workload_0,tv_dro,2025-01-01,89,False,False,20,,0.01,0.7,20.0,optimal_decomposed,17.346889699998428,17.346755899998243,0.0,1,1,15664.811973990276,174.34157851920932,15839.153552509486,16180.136570879597,16354.478149398807,190013.28374795406,0.0,49.72793962536304,0.0,0.0,0.0,False,False,False
ablation,tv_dro_energy_0_workload_0,tv_dro,2025-01-01,90,False,False,20,,0.01,0.7,20.0,optimal_decomposed,17.346889699998428,17.346755899998243,0.0,1,1,15664.811973990276,174.34157851920932,15839.153552509486,15307.982603670222,15482.324182189432,184218.40590534345,0.14272223111062188,55.43497356045252,0.0,0.0,0.0,False,False,False
ablation,tv_dro_energy_0_workload_0,tv_dro,2025-01-01,91,False,False,20,,0.01,0.7,20.0,optimal_decomposed,17.346889699998428,17.346755899998243,0.0,1,1,15664.811973990276,174.34157851920932,15839.153552509486,14932.79348573361,15107.13506425282,163149.79662749264,0.0,48.286769982498576,0.0,0.0,0.0,False,False,False
ablation,tv_dro_energy_0_workload_0,tv_dro,2025-01-01,92,False,False,20,,0.01,0.7,20.0,optimal_decomposed,17.346889699998428,17.346755899998243,0.0,1,1,15664.811973990276,174.34157851920932,15839.153552509486,15792.451986833164,15966.793565352375,178304.50316351987,0.0,43.11249371804687,0.0,0.0,0.0,False,False,False
ablation,tv_dro_energy_0_workload_0,tv_dro,2025-01-01,93,False,False,20,,0.01,0.7,20.0,optimal_decomposed,17.346889699998428,17.346755899998243,0.0,1,1,15664.811973990276,174.34157851920932,15839.153552509486,15556.95019218615,15731.29177070536,190597.19243768623,0.5418844684824644,50.918036423348305,0.0,0.0,0.0,False,False,False
ablation,tv_dro_energy_0_workload_0,tv_dro,2025-01-01,94,False,False,20,,0.01,0.7,20.0,optimal_decomposed,17.346889699998428,17.346755899998243,0.0,1,1,15664.811973990276,174.34157851920932,15839.153552509486,15214.948272276353,15389.289850795563,180968.8026395833,0.021764084787162047,46.133523517055835,0.0,0.0,0.0,False,False,False
ablation,tv_dro_energy_0_workload_0,tv_dro,2025-01-01,95,False,False,20,,0.01,0.7,20.0,optimal_decomposed,17.346889699998428,17.346755899998243,0.0,1,1,15664.811973990276,174.34157851920932,15839.153552509486,14972.721087178326,15147.062665697536,174706.18195678765,0.03120652959486822,51.301947993681104,0.0,0.0,0.0,False,False,False
ablation,tv_dro_energy_0_workload_0,tv_dro,2025-01-01,96,False,False,20,,0.01,0.7,20.0,optimal_decomposed,17.346889699998428,17.346755899998243,0.0,1,1,15664.811973990276,174.34157851920932,15839.153552509486,15524.054448275332,15698.396026794542,182062.22720305593,0.07874070332594343,48.53857479690043,0.0,0.0,0.0,False,False,False
ablation,tv_dro_energy_0_workload_0,tv_dro,2025-01-01,97,False,False,20,,0.01,0.7,20.0,optimal_decomposed,17.346889699998428,17.346755899998243,0.0,1,1,15664.811973990276,174.34157851920932,15839.153552509486,15554.213544880762,15728.555123399972,181130.25208702075,0.003488051370054812,50.87828109266828,0.0,0.0,0.0,False,False,False
ablation,tv_dro_energy_0_workload_0,tv_dro,2025-01-01,98,False,False,20,,0.01,0.7,20.0,optimal_decomposed,17.346889699998428,17.346755899998243,0.0,1,1,15664.811973990276,174.34157851920932,15839.153552509486,15695.655687732426,15869.997266251636,182404.58121388275,0.101202988710867,46.050104851627,0.0,0.0,0.0,False,False,False
ablation,tv_dro_energy_0_workload_0,tv_dro,2025-01-01,99,False,False,20,,0.01,0.7,20.0,optimal_decomposed,17.346889699998428,17.346755899998243,0.0,1,1,15664.811973990276,174.34157851920932,15839.153552509486,15547.82479874581,15722.16637726502,179233.93519762933,0.06784896363151327,52.569136667013986,0.0,0.0,0.0,False,False,False
ablation,tv_dro_energy_0_workload_0,tv_dro,2025-04-01,0,False,False,20,,0.01,0.7,20.0,optimal_decomposed,17.376608200007468,17.376481500003138,0.0,1,1,15462.571691668618,498.33225108841935,15960.903942757037,14852.605069571408,15350.937320659827,119870.9933262184,0.0,56.63433651841311,0.0,0.0,0.0,False,False,False
ablation,tv_dro_energy_0_workload_0,tv_dro,2025-04-01,1,False,False,20,,0.01,0.7,20.0,optimal_decomposed,17.376608200007468,17.376481500003138,0.0,1,1,15462.571691668618,498.33225108841935,15960.903942757037,15813.347016326872,16311.679267415291,134804.25675740698,0.04752185802827391,62.00569127251274,0.0,0.0,0.0,False,False,False
ablation,tv_dro_energy_0_workload_0,tv_dro,2025-04-01,2,False,False,20,,0.01,0.7,20.0,optimal_decomposed,17.376608200007468,17.376481500003138,0.0,1,1,15462.571691668618,498.33225108841935,15960.903942757037,15331.999686148065,15830.331937236484,128684.25545025727,0.0,50.30052041717413,0.0,0.0,0.0,False,False,False
ablation,tv_dro_energy_0_workload_0,tv_dro,2025-04-01,3,False,False,20,,0.01,0.7,20.0,optimal_decomposed,17.376608200007468,17.376481500003138,0.0,1,1,15462.571691668618,498.33225108841935,15960.903942757037,15835.634407847665,16333.966658936084,135753.76846183566,0.0,54.8546580982701,0.0,0.0,0.0,False,False,False
ablation,tv_dro_energy_0_workload_0,tv_dro,2025-04-01,4,False,False,20,,0.01,0.7,20.0,optimal_decomposed,17.376608200007468,17.376481500003138,0.0,1,1,15462.571691668618,498.33225108841935,15960.903942757037,15638.209863883003,16136.542114971422,133010.7313394909,0.0,52.47950971645785,0.0,0.0,0.0,False,False,False
ablation,tv_dro_energy_0_workload_0,tv_dro,2025-04-01,5,False,False,20,,0.01,0.7,20.0,optimal_decomposed,17.376608200007468,17.376481500003138,0.0,1,1,15462.571691668618,498.33225108841935,15960.903942757037,16051.511885773993,16549.84413686241,146158.90835855316,0.01291534670809713,57.819866650363586,0.0,0.0,0.0,False,False,False
ablation,tv_dro_energy_0_workload_0,tv_dro,2025-04-01,6,False,False,20,,0.01,0.7,20.0,optimal_decomposed,17.376608200007468,17.376481500003138,0.0,1,1,15462.571691668618,498.33225108841935,15960.903942757037,15886.675092528878,16385.007343617297,138835.05602983237,0.042418241978285476,53.845301474486746,0.0,0.0,0.0,False,False,False
ablation,tv_dro_energy_0_workload_0,tv_dro,2025-04-01,7,False,False,20,,0.01,0.7,20.0,optimal_decomposed,17.376608200007468,17.376481500003138,0.0,1,1,15462.571691668618,498.33225108841935,15960.903942757037,15299.269067792393,15797.601318880812,124479.09099409687,0.0,52.592872228400125,0.0,0.0,0.0,False,False,False
ablation,tv_dro_energy_0_workload_0,tv_dro,2025-04-01,8,False,False,20,,0.01,0.7,20.0,optimal_decomposed,17.376608200007468,17.376481500003138,0.0,1,1,15462.571691668618,498.33225108841935,15960.903942757037,15935.213507164404,16433.545758252825,137459.58497611474,0.0642777756174896,53.67411564823331,0.0,0.0,0.0,False,False,False
ablation,tv_dro_energy_0_workload_0,tv_dro,2025-04-01,9,False,False,20,,0.01,0.7,20.0,optimal_decomposed,17.376608200007468,17.376481500003138,0.0,1,1,15462.571691668618,498.33225108841935,15960.903942757037,16060.908799490564,16559.241050578985,137877.27330410518,0.20726041951031782,61.7877872143498,0.0,0.0,0.0,False,False,False
ablation,tv_dro_energy_0_workload_0,tv_dro,2025-04-01,10,False,False,20,,0.01,0.7,20.0,optimal_decomposed,17.376608200007468,17.376481500003138,0.0,1,1,15462.571691668618,498.33225108841935,15960.903942757037,15563.465014067817,16061.797265156236,129583.61945567759,0.0,50.6984953235515,0.0,0.0,0.0,False,False,False
ablation,tv_dro_energy_0_workload_0,tv_dro,2025-04-01,11,False,False,20,,0.01,0.7,20.0,optimal_decomposed,17.376608200007468,17.376481500003138,0.0,1,1,15462.571691668618,498.33225108841935,15960.903942757037,15562.717130667135,16061.049381755554,129176.4165833129,0.0,46.22695978858736,0.0,0.0,0.0,False,False,False
ablation,tv_dro_energy_0_workload_0,tv_dro,2025-04-01,12,False,False,20,,0.01,0.7,20.0,optimal_decomposed,17.376608200007468,17.376481500003138,0.0,1,1,15462.571691668618,498.33225108841935,15960.903942757037,15644.533361766411,16142.86561285483,141981.44850636655,0.0,47.71362572044557,0.0,0.0,0.0,False,False,False
ablation,tv_dro_energy_0_workload_0,tv_dro,2025-04-01,13,False,False,20,,0.01,0.7,20.0,optimal_decomposed,17.376608200007468,17.376481500003138,0.0,1,1,15462.571691668618,498.33225108841935,15960.903942757037,16083.851104993533,16582.183356081954,142292.7230311358,0.15100516633316693,55.05566524337303,0.0,0.0,0.0,False,False,False
ablation,tv_dro_energy_0_workload_0,tv_dro,2025-04-01,14,False,False,20,,0.01,0.7,20.0,optimal_decomposed,17.376608200007468,17.376481500003138,0.0,1,1,15462.571691668618,498.33225108841935,15960.903942757037,15229.075952779167,15727.408203867586,125503.6325414509,0.0,51.29148420048984,0.0,0.0,0.0,False,False,False
ablation,tv_dro_energy_0_workload_0,tv_dro,2025-04-01,15,False,False,20,,0.01,0.7,20.0,optimal_decomposed,17.376608200007468,17.376481500003138,0.0,1,1,15462.571691668618,498.33225108841935,15960.903942757037,15131.569196023827,15629.901447112246,123156.32027888556,0.0,50.6887123932796,0.0,0.0,0.0,False,False,False
ablation,tv_dro_energy_0_workload_0,tv_dro,2025-04-01,16,False,False,20,,0.01,0.7,20.0,optimal_decomposed,17.376608200007468,17.376481500003138,0.0,1,1,15462.571691668618,498.33225108841935,15960.903942757037,14965.42512914922,15463.75738023764,119311.53322083605,0.0,49.561889237204085,0.0,0.0,0.0,False,False,False
ablation,tv_dro_energy_0_workload_0,tv_dro,2025-04-01,17,False,False,20,,0.01,0.7,20.0,optimal_decomposed,17.376608200007468,17.376481500003138,0.0,1,1,15462.571691668618,498.33225108841935,15960.903942757037,15436.503603901687,15934.835854990106,126383.99776660244,0.0,62.68951248675734,0.0,0.0,0.0,False,False,False
ablation,tv_dro_energy_0_workload_0,tv_dro,2025-04-01,18,False,False,20,,0.01,0.7,20.0,optimal_decomposed,17.376608200007468,17.376481500003138,0.0,1,1,15462.571691668618,498.33225108841935,15960.903942757037,16011.234035933847,16509.566287022266,135275.35859300557,0.1415858778727349,57.35347618379234,0.0,0.0,0.0,False,False,False
ablation,tv_dro_energy_0_workload_0,tv_dro,2025-04-01,19,False,False,20,,0.01,0.7,20.0,optimal_decomposed,17.376608200007468,17.376481500003138,0.0,1,1,15462.571691668618,498.33225108841935,15960.903942757037,15528.874121975296,16027.206373063715,135981.26546465623,0.0,52.333053892946765,0.0,0.0,0.0,False,False,False
ablation,tv_dro_energy_0_workload_0,tv_dro,2025-04-01,20,False,False,20,,0.01,0.7,20.0,optimal_decomposed,17.376608200007468,17.376481500003138,0.0,1,1,15462.571691668618,498.33225108841935,15960.903942757037,15915.096102317024,16413.428353405445,139478.22479358394,0.0,48.913628369893736,0.0,0.0,0.0,False,False,False
ablation,tv_dro_energy_0_workload_0,tv_dro,2025-04-01,21,False,False,20,,0.01,0.7,20.0,optimal_decomposed,17.376608200007468,17.376481500003138,0.0,1,1,15462.571691668618,498.33225108841935,15960.903942757037,15525.196967458258,16023.529218546677,123499.5444507923,0.1058903971999186,49.92338543243676,0.0,0.0,0.0,False,False,False
ablation,tv_dro_energy_0_workload_0,tv_dro,2025-04-01,22,False,False,20,,0.01,0.7,20.0,optimal_decomposed,17.376608200007468,17.376481500003138,0.0,1,1,15462.571691668618,498.33225108841935,15960.903942757037,15748.790179648759,16247.122430737178,135925.65205356685,0.0,54.01745859057011,0.0,0.0,0.0,False,False,False
ablation,tv_dro_energy_0_workload_0,tv_dro,2025-04-01,23,False,False,20,,0.01,0.7,20.0,optimal_decomposed,17.376608200007468,17.376481500003138,0.0,1,1,15462.571691668618,498.33225108841935,15960.903942757037,15728.002737539064,16226.334988627483,134763.893863963,0.09526305252579204,51.061398710953235,0.0,0.0,0.0,False,False,False
ablation,tv_dro_energy_0_workload_0,tv_dro,2025-04-01,24,False,False,20,,0.01,0.7,20.0,optimal_decomposed,17.376608200007468,17.376481500003138,0.0,1,1,15462.571691668618,498.33225108841935,15960.903942757037,15207.786131312161,15706.11838240058,127817.36251991404,0.16370681972403034,60.73006841683163,0.0,0.0,0.0,False,False,False
ablation,tv_dro_energy_0_workload_0,tv_dro,2025-04-01,25,False,False,20,,0.01,0.7,20.0,optimal_decomposed,17.376608200007468,17.376481500003138,0.0,1,1,15462.571691668618,498.33225108841935,15960.903942757037,17060.302258322325,17558.634509410746,163191.19170188453,0.0,49.72828023669412,0.0,0.0,0.0,False,False,False
ablation,tv_dro_energy_0_workload_0,tv_dro,2025-04-01,26,False,False,20,,0.01,0.7,20.0,optimal_decomposed,17.376608200007468,17.376481500003138,0.0,1,1,15462.571691668618,498.33225108841935,15960.903942757037,15516.098802456654,16014.431053545073,133758.43197488374,0.0,60.572157570751166,0.0,0.0,0.0,False,False,False
ablation,tv_dro_energy_0_workload_0,tv_dro,2025-04-01,27,False,False,20,,0.01,0.7,20.0,optimal_decomposed,17.376608200007468,17.376481500003138,0.0,1,1,15462.571691668618,498.33225108841935,15960.903942757037,14989.200055400346,15487.532306488765,118878.29682568442,0.0,59.68906778357834,0.0,0.0,0.0,False,False,False
ablation,tv_dro_energy_0_workload_0,tv_dro,2025-04-01,28,False,False,20,,0.01,0.7,20.0,optimal_decomposed,17.376608200007468,17.376481500003138,0.0,1,1,15462.571691668618,498.33225108841935,15960.903942757037,15699.496862266353,16197.829113354772,132279.68877982462,0.0,45.186222301274995,0.0,0.0,0.0,False,False,False
ablation,tv_dro_energy_0_workload_0,tv_dro,2025-04-01,29,False,False,20,,0.01,0.7,20.0,optimal_decomposed,17.376608200007468,17.376481500003138,0.0,1,1,15462.571691668618,498.33225108841935,15960.903942757037,16105.416541934097,16603.748793022518,141532.82292460537,0.0,41.03225063227782,0.0,0.0,0.0,False,False,False
ablation,tv_dro_energy_0_workload_0,tv_dro,2025-04-01,30,False,False,20,,0.01,0.7,20.0,optimal_decomposed,17.376608200007468,17.376481500003138,0.0,1,1,15462.571691668618,498.33225108841935,15960.903942757037,14879.969315294002,15378.30156638242,113546.7170807568,0.0,46.7215622546238,0.0,0.0,0.0,False,False,False
ablation,tv_dro_energy_0_workload_0,tv_dro,2025-04-01,31,False,False,20,,0.01,0.7,20.0,optimal_decomposed,17.376608200007468,17.376481500003138,0.0,1,1,15462.571691668618,498.33225108841935,15960.903942757037,15979.810382670019,16478.142633758438,147682.45065168428,0.0,50.33989194767209,0.0,0.0,0.0,False,False,False
ablation,tv_dro_energy_0_workload_0,tv_dro,2025-04-01,32,False,False,20,,0.01,0.7,20.0,optimal_decomposed,17.376608200007468,17.376481500003138,0.0,1,1,15462.571691668618,498.33225108841935,15960.903942757037,15119.741374674077,15618.073625762496,131089.47618842564,0.0,50.649540826998624,0.0,0.0,0.0,False,False,False
ablation,tv_dro_energy_0_workload_0,tv_dro,2025-04-01,33,False,False,20,,0.01,0.7,20.0,optimal_decomposed,17.376608200007468,17.376481500003138,0.0,1,1,15462.571691668618,498.33225108841935,15960.903942757037,16933.319205216827,17431.651456305248,161750.9262664592,0.008294093379874523,65.27269807340919,0.0,0.0,0.0,False,False,False
ablation,tv_dro_energy_0_workload_0,tv_dro,2025-04-01,34,False,False,20,,0.01,0.7,20.0,optimal_decomposed,17.376608200007468,17.376481500003138,0.0,1,1,15462.571691668618,498.33225108841935,15960.903942757037,15970.112239448763,16468.444490537182,138695.306072337,0.09172424026744852,56.39404113121498,0.0,0.0,0.0,False,False,False
ablation,tv_dro_energy_0_workload_0,tv_dro,2025-04-01,35,False,False,20,,0.01,0.7,20.0,optimal_decomposed,17.376608200007468,17.376481500003138,0.0,1,1,15462.571691668618,498.33225108841935,15960.903942757037,15396.832552191061,15895.16480327948,123983.5101537791,0.0,58.54527124093204,0.0,0.0,0.0,False,False,False
ablation,tv_dro_energy_0_workload_0,tv_dro,2025-04-01,36,False,False,20,,0.01,0.7,20.0,optimal_decomposed,17.376608200007468,17.376481500003138,0.0,1,1,15462.571691668618,498.33225108841935,15960.903942757037,15081.51407914075,15579.84633022917,123235.020220012,0.11397970993541606,65.17276760927166,0.0,0.0,0.0,False,False,False
ablation,tv_dro_energy_0_workload_0,tv_dro,2025-04-01,37,False,False,20,,0.01,0.7,20.0,optimal_decomposed,17.376608200007468,17.376481500003138,0.0,1,1,15462.571691668618,498.33225108841935,15960.903942757037,15240.284746431844,15738.616997520263,130796.48930425674,0.0,44.39079799072812,0.0,0.0,0.0,False,False,False
ablation,tv_dro_energy_0_workload_0,tv_dro,2025-04-01,38,False,False,20,,0.01,0.7,20.0,optimal_decomposed,17.376608200007468,17.376481500003138,0.0,1,1,15462.571691668618,498.33225108841935,15960.903942757037,15427.684919193198,15926.017170281617,131534.41580056152,0.0,50.33814896143747,0.0,0.0,0.0,False,False,False
ablation,tv_dro_energy_0_workload_0,tv_dro,2025-04-01,39,False,False,20,,0.01,0.7,20.0,optimal_decomposed,17.376608200007468,17.376481500003138,0.0,1,1,15462.571691668618,498.33225108841935,15960.903942757037,15886.048112944252,16384.380364032673,141944.91575195684,0.0,47.11839880505437,0.0,0.0,0.0,False,False,False
ablation,tv_dro_energy_0_workload_0,tv_dro,2025-04-01,40,False,False,20,,0.01,0.7,20.0,optimal_decomposed,17.376608200007468,17.376481500003138,0.0,1,1,15462.571691668618,498.33225108841935,15960.903942757037,15884.162416192961,16382.49466728138,141272.62163939734,0.0,49.449332707807145,0.0,0.0,0.0,False,False,False
ablation,tv_dro_energy_0_workload_0,tv_dro,2025-04-01,41,False,False,20,,0.01,0.7,20.0,optimal_decomposed,17.376608200007468,17.376481500003138,0.0,1,1,15462.571691668618,498.33225108841935,15960.903942757037,16093.284815377194,16591.617066465613,137811.81129290097,0.4487359570800691,43.644175756954986,0.0,0.0,0.0,False,False,False
ablation,tv_dro_energy_0_workload_0,tv_dro,2025-04-01,42,False,False,20,,0.01,0.7,20.0,optimal_decomposed,17.376608200007468,17.376481500003138,0.0,1,1,15462.571691668618,498.33225108841935,15960.903942757037,15622.033947293869,16120.366198382288,137879.77863337664,0.16541935761339782,60.313764288357014,0.0,0.0,0.0,False,False,False
ablation,tv_dro_energy_0_workload_0,tv_dro,2025-04-01,43,False,False,20,,0.01,0.7,20.0,optimal_decomposed,17.376608200007468,17.376481500003138,0.0,1,1,15462.571691668618,498.33225108841935,15960.903942757037,14993.11494658447,15491.44719767289,120383.19365035956,0.008640729781678402,53.318745539501855,0.0,0.0,0.0,False,False,False
ablation,tv_dro_energy_0_workload_0,tv_dro,2025-04-01,44,False,False,20,,0.01,0.7,20.0,optimal_decomposed,17.376608200007468,17.376481500003138,0.0,1,1,15462.571691668618,498.33225108841935,15960.903942757037,15502.698612016802,16001.030863105221,126233.62970975628,0.0019256684169632887,54.903030842311935,0.0,0.0,0.0,False,False,False
ablation,tv_dro_energy_0_workload_0,tv_dro,2025-04-01,45,False,False,20,,0.01,0.7,20.0,optimal_decomposed,17.376608200007468,17.376481500003138,0.0,1,1,15462.571691668618,498.33225108841935,15960.903942757037,16240.052895294135,16738.385146382556,142517.68704010983,0.037303922965252756,56.54996883302386,0.0,0.0,0.0,False,False,False
ablation,tv_dro_energy_0_workload_0,tv_dro,2025-04-01,46,False,False,20,,0.01,0.7,20.0,optimal_decomposed,17.376608200007468,17.376481500003138,0.0,1,1,15462.571691668618,498.33225108841935,15960.903942757037,15646.773880051036,16145.106131139455,135056.61939739995,0.0,54.86104041254568,0.0,0.0,0.0,False,False,False
ablation,tv_dro_energy_0_workload_0,tv_dro,2025-04-01,47,False,False,20,,0.01,0.7,20.0,optimal_decomposed,17.376608200007468,17.376481500003138,0.0,1,1,15462.571691668618,498.33225108841935,15960.903942757037,15866.153737259057,16364.485988347476,141936.9306182629,0.06805825158514445,52.803413403153705,0.0,0.0,0.0,False,False,False
ablation,tv_dro_energy_0_workload_0,tv_dro,2025-04-01,48,False,False,20,,0.01,0.7,20.0,optimal_decomposed,17.376608200007468,17.376481500003138,0.0,1,1,15462.571691668618,498.33225108841935,15960.903942757037,16475.162604408135,16973.494855496556,149865.5832984358,0.0014028538914787614,49.07958354732756,0.0,0.0,0.0,False,False,False
ablation,tv_dro_energy_0_workload_0,tv_dro,2025-04-01,49,False,False,20,,0.01,0.7,20.0,optimal_decomposed,17.376608200007468,17.376481500003138,0.0,1,1,15462.571691668618,498.33225108841935,15960.903942757037,16120.989943667075,16619.322194755496,145910.22456975636,0.06591144175837971,60.00225341358624,0.0,0.0,0.0,False,False,False
ablation,tv_dro_energy_0_workload_0,tv_dro,2025-04-01,50,False,False,20,,0.01,0.7,20.0,optimal_decomposed,17.376608200007468,17.376481500003138,0.0,1,1,15462.571691668618,498.33225108841935,15960.903942757037,15296.757948059416,15795.090199147835,135559.43569224447,0.04638534000941896,57.01505193830654,0.0,0.0,0.0,False,False,False
ablation,tv_dro_energy_0_workload_0,tv_dro,2025-04-01,51,False,False,20,,0.01,0.7,20.0,optimal_decomposed,17.376608200007468,17.376481500003138,0.0,1,1,15462.571691668618,498.33225108841935,15960.903942757037,15102.375350537483,15600.707601625902,126705.07560868622,0.0,52.34208030655437,0.0,0.0,0.0,False,False,False
ablation,tv_dro_energy_0_workload_0,tv_dro,2025-04-01,52,False,False,20,,0.01,0.7,20.0,optimal_decomposed,17.376608200007468,17.376481500003138,0.0,1,1,15462.571691668618,498.33225108841935,15960.903942757037,16231.974637648693,16730.306888737112,145006.45877032937,0.2189096995169031,55.98869139088625,0.0,0.0,0.0,False,False,False
ablation,tv_dro_energy_0_workload_0,tv_dro,2025-04-01,53,False,False,20,,0.01,0.7,20.0,optimal_decomposed,17.376608200007468,17.376481500003138,0.0,1,1,15462.571691668618,498.33225108841935,15960.903942757037,15617.35481598212,16115.68706707054,130560.66309760699,0.0,48.055912997549484,0.0,0.0,0.0,False,False,False
ablation,tv_dro_energy_0_workload_0,tv_dro,2025-04-01,54,False,False,20,,0.01,0.7,20.0,optimal_decomposed,17.376608200007468,17.376481500003138,0.0,1,1,15462.571691668618,498.33225108841935,15960.903942757037,16312.466952993236,16810.799204081657,144596.67032502245,0.0,52.14773298390537,0.0,0.0,0.0,False,False,False
ablation,tv_dro_energy_0_workload_0,tv_dro,2025-04-01,55,False,False,20,,0.01,0.7,20.0,optimal_decomposed,17.376608200007468,17.376481500003138,0.0,1,1,15462.571691668618,498.33225108841935,15960.903942757037,15513.875358583138,16012.207609671557,132328.70341746652,0.0,56.02267964102976,0.0,0.0,0.0,False,False,False
ablation,tv_dro_energy_0_workload_0,tv_dro,2025-04-01,56,False,False,20,,0.01,0.7,20.0,optimal_decomposed,17.376608200007468,17.376481500003138,0.0,1,1,15462.571691668618,498.33225108841935,15960.903942757037,15800.934949139228,16299.267200227647,137339.13583612474,0.0,41.123402066718455,0.0,0.0,0.0,False,False,False
ablation,tv_dro_energy_0_workload_0,tv_dro,2025-04-01,57,False,False,20,,0.01,0.7,20.0,optimal_decomposed,17.376608200007468,17.376481500003138,0.0,1,1,15462.571691668618,498.33225108841935,15960.903942757037,15431.641305348527,15929.973556436946,131451.0719536106,0.09913264331494154,52.25743791604054,0.0,0.0,0.0,False,False,False
ablation,tv_dro_energy_0_workload_0,tv_dro,2025-04-01,58,False,False,20,,0.01,0.7,20.0,optimal_decomposed,17.376608200007468,17.376481500003138,0.0,1,1,15462.571691668618,498.33225108841935,15960.903942757037,16534.05862696746,17032.39087805588,150052.89946348674,0.0,61.73090342304408,0.0,0.0,0.0,False,False,False
ablation,tv_dro_energy_0_workload_0,tv_dro,2025-04-01,59,False,False,20,,0.01,0.7,20.0,optimal_decomposed,17.376608200007468,17.376481500003138,0.0,1,1,15462.571691668618,498.33225108841935,15960.903942757037,16424.359751751792,16922.692002840213,150126.04459204798,0.0,54.17980674573009,0.0,0.0,0.0,False,False,False
ablation,tv_dro_energy_0_workload_0,tv_dro,2025-04-01,60,False,False,20,,0.01,0.7,20.0,optimal_decomposed,17.376608200007468,17.376481500003138,0.0,1,1,15462.571691668618,498.33225108841935,15960.903942757037,15780.687254209339,16279.019505297758,140259.38863376487,0.11680680504132179,55.97206948251664,0.0,0.0,0.0,False,False,False
ablation,tv_dro_energy_0_workload_0,tv_dro,2025-04-01,61,False,False,20,,0.01,0.7,20.0,optimal_decomposed,17.376608200007468,17.376481500003138,0.0,1,1,15462.571691668618,498.33225108841935,15960.903942757037,15737.26506438776,16235.59731547618,137623.35032595703,0.0,44.540900101999995,0.0,0.0,0.0,False,False,False
ablation,tv_dro_energy_0_workload_0,tv_dro,2025-04-01,62,False,False,20,,0.01,0.7,20.0,optimal_decomposed,17.376608200007468,17.376481500003138,0.0,1,1,15462.571691668618,498.33225108841935,15960.903942757037,15089.165101903847,15587.497352992266,123422.50709190576,0.0,58.0358890751876,0.0,0.0,0.0,False,False,False
ablation,tv_dro_energy_0_workload_0,tv_dro,2025-04-01,63,False,False,20,,0.01,0.7,20.0,optimal_decomposed,17.376608200007468,17.376481500003138,0.0,1,1,15462.571691668618,498.33225108841935,15960.903942757037,15739.210965288385,16237.543216376804,130647.66636186397,0.0,62.06309295458247,0.0,0.0,0.0,False,False,False
ablation,tv_dro_energy_0_workload_0,tv_dro,2025-04-01,64,False,False,20,,0.01,0.7,20.0,optimal_decomposed,17.376608200007468,17.376481500003138,0.0,1,1,15462.571691668618,498.33225108841935,15960.903942757037,15358.837969019949,15857.170220108368,122464.16036696844,0.15980737172350334,49.480582193620094,0.0,0.0,0.0,False,False,False
ablation,tv_dro_energy_0_workload_0,tv_dro,2025-04-01,65,False,False,20,,0.01,0.7,20.0,optimal_decomposed,17.376608200007468,17.376481500003138,0.0,1,1,15462.571691668618,498.33225108841935,15960.903942757037,15988.868505303222,16487.20075639164,134628.60593792406,0.05113987082685312,58.85284126698351,0.0,0.0,0.0,False,False,False
ablation,tv_dro_energy_0_workload_0,tv_dro,2025-04-01,66,False,False,20,,0.01,0.7,20.0,optimal_decomposed,17.376608200007468,17.376481500003138,0.0,1,1,15462.571691668618,498.33225108841935,15960.903942757037,15914.411285635739,16412.74353672416,139402.2730472442,0.0,61.212223574139735,0.0,0.0,0.0,False,False,False
ablation,tv_dro_energy_0_workload_0,tv_dro,2025-04-01,67,False,False,20,,0.01,0.7,20.0,optimal_decomposed,17.376608200007468,17.376481500003138,0.0,1,1,15462.571691668618,498.33225108841935,15960.903942757037,14746.8716449031,15245.203895991519,119684.32759896827,0.0,56.65894976036382,0.0,0.0,0.0,False,False,False
ablation,tv_dro_energy_0_workload_0,tv_dro,2025-04-01,68,False,False,20,,0.01,0.7,20.0,optimal_decomposed,17.376608200007468,17.376481500003138,0.0,1,1,15462.571691668618,498.33225108841935,15960.903942757037,16715.117680645788,17213.44993173421,157585.95967708464,0.022163613513101366,55.4427664341038,0.0,0.0,0.0,False,False,False
ablation,tv_dro_energy_0_workload_0,tv_dro,2025-04-01,69,False,False,20,,0.01,0.7,20.0,optimal_decomposed,17.376608200007468,17.376481500003138,0.0,1,1,15462.571691668618,498.33225108841935,15960.903942757037,16926.372544499856,17424.704795588277,152323.711578597,0.015108774415871773,57.76934292803984,0.0,0.0,0.0,False,False,False
ablation,tv_dro_energy_0_workload_0,tv_dro,2025-04-01,70,False,False,20,,0.01,0.7,20.0,optimal_decomposed,17.376608200007468,17.376481500003138,0.0,1,1,15462.571691668618,498.33225108841935,15960.903942757037,16032.268504300519,16530.60075538894,145546.1231808283,0.0,61.50907413069377,0.0,0.0,0.0,False,False,False
ablation,tv_dro_energy_0_workload_0,tv_dro,2025-04-01,71,False,False,20,,0.01,0.7,20.0,optimal_decomposed,17.376608200007468,17.376481500003138,0.0,1,1,15462.571691668618,498.33225108841935,15960.903942757037,15008.4858389617,15506.81809005012,129326.60837270557,0.21398565977315331,58.15968957765935,0.0,0.0,0.0,False,False,False
ablation,tv_dro_energy_0_workload_0,tv_dro,2025-04-01,72,False,False,20,,0.01,0.7,20.0,optimal_decomposed,17.376608200007468,17.376481500003138,0.0,1,1,15462.571691668618,498.33225108841935,15960.903942757037,15498.659521920792,15996.991773009211,129442.36011037695,0.19926382312534585,60.03904137147883,0.0,0.0,0.0,False,False,False
ablation,tv_dro_energy_0_workload_0,tv_dro,2025-04-01,73,False,False,20,,0.01,0.7,20.0,optimal_decomposed,17.376608200007468,17.376481500003138,0.0,1,1,15462.571691668618,498.33225108841935,15960.903942757037,15646.860792482807,16145.193043571226,130576.1466651961,0.04527746328874316,51.29695362963293,0.0,0.0,0.0,False,False,False
ablation,tv_dro_energy_0_workload_0,tv_dro,2025-04-01,74,False,False,20,,0.01,0.7,20.0,optimal_decomposed,17.376608200007468,17.376481500003138,0.0,1,1,15462.571691668618,498.33225108841935,15960.903942757037,15348.956316169782,15847.288567258202,121344.7444537249,0.06118192863047267,54.63896194361634,0.0,0.0,0.0,False,False,False
ablation,tv_dro_energy_0_workload_0,tv_dro,2025-04-01,75,False,False,20,,0.01,0.7,20.0,optimal_decomposed,17.376608200007468,17.376481500003138,0.0,1,1,15462.571691668618,498.33225108841935,15960.903942757037,15873.58686744556,16371.919118533979,136008.40439560334,0.03785945621054801,48.69813689861089,0.0,0.0,0.0,False,False,False
ablation,tv_dro_energy_0_workload_0,tv_dro,2025-04-01,76,False,False,20,,0.01,0.7,20.0,optimal_decomposed,17.376608200007468,17.376481500003138,0.0,1,1,15462.571691668618,498.33225108841935,15960.903942757037,16407.34688693873,16905.67913802715,153485.0165176675,0.07978477323423072,53.11258746611224,0.0,0.0,0.0,False,False,False
ablation,tv_dro_energy_0_workload_0,tv_dro,2025-04-01,77,False,False,20,,0.01,0.7,20.0,optimal_decomposed,17.376608200007468,17.376481500003138,0.0,1,1,15462.571691668618,498.33225108841935,15960.903942757037,14916.86053439129,15415.192785479709,121568.97453823352,0.08220673716496085,48.185420741923686,0.0,0.0,0.0,False,False,False
ablation,tv_dro_energy_0_workload_0,tv_dro,2025-04-01,78,False,False,20,,0.01,0.7,20.0,optimal_decomposed,17.376608200007468,17.376481500003138,0.0,1,1,15462.571691668618,498.33225108841935,15960.903942757037,15420.239027231255,15918.571278319674,126317.67360497394,0.2048258550334371,53.79612630448209,0.0,0.0,0.0,False,False,False
ablation,tv_dro_energy_0_workload_0,tv_dro,2025-04-01,79,False,False,20,,0.01,0.7,20.0,optimal_decomposed,17.376608200007468,17.376481500003138,0.0,1,1,15462.571691668618,498.33225108841935,15960.903942757037,16156.80593765757,16655.13818874599,144961.60013613245,0.0,49.26494699696634,0.0,0.0,0.0,False,False,False
ablation,tv_dro_energy_0_workload_0,tv_dro,2025-04-01,80,False,False,20,,0.01,0.7,20.0,optimal_decomposed,17.376608200007468,17.376481500003138,0.0,1,1,15462.571691668618,498.33225108841935,15960.903942757037,16292.248322129317,16790.580573217736,145614.7750408296,0.0,50.11280296441545,0.0,0.0,0.0,False,False,False
ablation,tv_dro_energy_0_workload_0,tv_dro,2025-04-01,81,False,False,20,,0.01,0.7,20.0,optimal_decomposed,17.376608200007468,17.376481500003138,0.0,1,1,15462.571691668618,498.33225108841935,15960.903942757037,15700.614697324334,16198.946948412753,131391.56874066143,0.0,59.096019764591624,0.0,0.0,0.0,False,False,False
ablation,tv_dro_energy_0_workload_0,tv_dro,2025-04-01,82,False,False,20,,0.01,0.7,20.0,optimal_decomposed,17.376608200007468,17.376481500003138,0.0,1,1,15462.571691668618,498.33225108841935,15960.903942757037,15362.729695483142,15861.06194657156,130518.19541741075,0.0,48.63575842508908,0.0,0.0,0.0,False,False,False
ablation,tv_dro_energy_0_workload_0,tv_dro,2025-04-01,83,False,False,20,,0.01,0.7,20.0,optimal_decomposed,17.376608200007468,17.376481500003138,0.0,1,1,15462.571691668618,498.33225108841935,15960.903942757037,16236.597636757608,16734.92988784603,149128.79303109224,0.21518430436017005,48.0211462110198,0.0,0.0,0.0,False,False,False
ablation,tv_dro_energy_0_workload_0,tv_dro,2025-04-01,84,False,False,20,,0.01,0.7,20.0,optimal_decomposed,17.376608200007468,17.376481500003138,0.0,1,1,15462.571691668618,498.33225108841935,15960.903942757037,16314.024482684341,16812.35673377276,148188.27877114568,0.0,49.489071982228836,0.0,0.0,0.0,False,False,False
ablation,tv_dro_energy_0_workload_0,tv_dro,2025-04-01,85,False,False,20,,0.01,0.7,20.0,optimal_decomposed,17.376608200007468,17.376481500003138,0.0,1,1,15462.571691668618,498.33225108841935,15960.903942757037,16029.84712436673,16528.17937545515,137011.486493181,0.04915455533137725,62.66233244335287,0.0,0.0,0.0,False,False,False
ablation,tv_dro_energy_0_workload_0,tv_dro,2025-04-01,86,False,False,20,,0.01,0.7,20.0,optimal_decomposed,17.376608200007468,17.376481500003138,0.0,1,1,15462.571691668618,498.33225108841935,15960.903942757037,15876.377631851507,16374.709882939926,138000.34510496526,0.0,45.51954214368767,0.0,0.0,0.0,False,False,False
ablation,tv_dro_energy_0_workload_0,tv_dro,2025-04-01,87,False,False,20,,0.01,0.7,20.0,optimal_decomposed,17.376608200007468,17.376481500003138,0.0,1,1,15462.571691668618,498.33225108841935,15960.903942757037,14777.671455042335,15276.003706130754,118994.2658927139,0.06408065243671185,49.697218120043956,0.0,0.0,0.0,False,False,False
ablation,tv_dro_energy_0_workload_0,tv_dro,2025-04-01,88,False,False,20,,0.01,0.7,20.0,optimal_decomposed,17.376608200007468,17.376481500003138,0.0,1,1,15462.571691668618,498.33225108841935,15960.903942757037,15184.897082463724,15683.229333552143,121229.00431978052,0.0,61.227859662458336,0.0,0.0,0.0,False,False,False
ablation,tv_dro_energy_0_workload_0,tv_dro,2025-04-01,89,False,False,20,,0.01,0.7,20.0,optimal_decomposed,17.376608200007468,17.376481500003138,0.0,1,1,15462.571691668618,498.33225108841935,15960.903942757037,16007.955484301898,16506.287735390317,136165.4654380855,0.0,51.431800559993434,0.0,0.0,0.0,False,False,False
ablation,tv_dro_energy_0_workload_0,tv_dro,2025-04-01,90,False,False,20,,0.01,0.7,20.0,optimal_decomposed,17.376608200007468,17.376481500003138,0.0,1,1,15462.571691668618,498.33225108841935,15960.903942757037,15683.713912689707,16182.046163778126,131272.41031874827,0.30561935869646367,58.47855951040493,0.0,0.0,0.0,False,False,False
ablation,tv_dro_energy_0_workload_0,tv_dro,2025-04-01,91,False,False,20,,0.01,0.7,20.0,optimal_decomposed,17.376608200007468,17.376481500003138,0.0,1,1,15462.571691668618,498.33225108841935,15960.903942757037,14837.717405437024,15336.049656525443,113309.77673699093,0.0,54.47714250577652,0.0,0.0,0.0,False,False,False
ablation,tv_dro_energy_0_workload_0,tv_dro,2025-04-01,92,False,False,20,,0.01,0.7,20.0,optimal_decomposed,17.376608200007468,17.376481500003138,0.0,1,1,15462.571691668618,498.33225108841935,15960.903942757037,15299.121911690852,15797.454162779271,125055.90175512245,0.0,45.20445100265717,0.0,0.0,0.0,False,False,False
ablation,tv_dro_energy_0_workload_0,tv_dro,2025-04-01,93,False,False,20,,0.01,0.7,20.0,optimal_decomposed,17.376608200007468,17.376481500003138,0.0,1,1,15462.571691668618,498.33225108841935,15960.903942757037,15417.763271963648,15916.095523052067,135439.9521164913,0.0,55.862170200743,0.0,0.0,0.0,False,False,False
ablation,tv_dro_energy_0_workload_0,tv_dro,2025-04-01,94,False,False,20,,0.01,0.7,20.0,optimal_decomposed,17.376608200007468,17.376481500003138,0.0,1,1,15462.571691668618,498.33225108841935,15960.903942757037,15314.87623204062,15813.20848312904,127322.0616928689,0.03714274419457464,49.59891793798031,0.0,0.0,0.0,False,False,False
ablation,tv_dro_energy_0_workload_0,tv_dro,2025-04-01,95,False,False,20,,0.01,0.7,20.0,optimal_decomposed,17.376608200007468,17.376481500003138,0.0,1,1,15462.571691668618,498.33225108841935,15960.903942757037,15072.23127917551,15570.56353026393,124236.53451855008,0.05785956326561492,54.847737370136656,0.0,0.0,0.0,False,False,False
ablation,tv_dro_energy_0_workload_0,tv_dro,2025-04-01,96,False,False,20,,0.01,0.7,20.0,optimal_decomposed,17.376608200007468,17.376481500003138,0.0,1,1,15462.571691668618,498.33225108841935,15960.903942757037,15165.547374489233,15663.879625577652,130649.75006969189,0.0,53.57535284237698,0.0,0.0,0.0,False,False,False
ablation,tv_dro_energy_0_workload_0,tv_dro,2025-04-01,97,False,False,20,,0.01,0.7,20.0,optimal_decomposed,17.376608200007468,17.376481500003138,0.0,1,1,15462.571691668618,498.33225108841935,15960.903942757037,15388.16448301357,15886.49673410199,128110.22034766007,0.0,56.50604490642226,0.0,0.0,0.0,False,False,False
ablation,tv_dro_energy_0_workload_0,tv_dro,2025-04-01,98,False,False,20,,0.01,0.7,20.0,optimal_decomposed,17.376608200007468,17.376481500003138,0.0,1,1,15462.571691668618,498.33225108841935,15960.903942757037,15492.04677194424,15990.37902303266,129005.11771484812,0.0,45.736666542005146,0.0,0.0,0.0,False,False,False
ablation,tv_dro_energy_0_workload_0,tv_dro,2025-04-01,99,False,False,20,,0.01,0.7,20.0,optimal_decomposed,17.376608200007468,17.376481500003138,0.0,1,1,15462.571691668618,498.33225108841935,15960.903942757037,15126.980910522683,15625.313161611102,125102.65749263139,0.0,56.49162319680851,0.0,0.0,0.0,False,False,False
ablation,tv_dro_energy_0_workload_0,tv_dro,2025-07-01,0,False,False,20,,0.01,0.7,20.0,optimal_decomposed,13.952996599997277,13.95291440001165,0.0,1,1,15865.46096236075,295.2709491819086,16160.731911542658,15013.245561219477,15308.516510401385,151728.9915894301,0.024899057179365136,60.70226933341818,0.0,0.0,0.0,False,False,False
ablation,tv_dro_energy_0_workload_0,tv_dro,2025-07-01,1,False,False,20,,0.01,0.7,20.0,optimal_decomposed,13.952996599997277,13.95291440001165,0.0,1,1,15865.46096236075,295.2709491819086,16160.731911542658,16289.641749331851,16584.91269851376,168789.30976868593,0.10409303161003575,68.48037352877756,0.0,0.0,0.0,False,False,False
ablation,tv_dro_energy_0_workload_0,tv_dro,2025-07-01,2,False,False,20,,0.01,0.7,20.0,optimal_decomposed,13.952996599997277,13.95291440001165,0.0,1,1,15865.46096236075,295.2709491819086,16160.731911542658,15591.908591996384,15887.179541178291,161572.28468644855,0.0991245312558918,54.34334978731019,0.0,0.0,0.0,False,False,False
ablation,tv_dro_energy_0_workload_0,tv_dro,2025-07-01,3,False,False,20,,0.01,0.7,20.0,optimal_decomposed,13.952996599997277,13.95291440001165,0.0,1,1,15865.46096236075,295.2709491819086,16160.731911542658,16016.77056619546,16312.041515377368,169108.0447245867,0.06433926037646343,61.92123330094605,0.0,0.0,0.0,False,False,False
ablation,tv_dro_energy_0_workload_0,tv_dro,2025-07-01,4,False,False,20,,0.01,0.7,20.0,optimal_decomposed,13.952996599997277,13.95291440001165,0.0,1,1,15865.46096236075,295.2709491819086,16160.731911542658,15723.24663329892,16018.517582480828,167455.34190206396,0.05618064533505007,53.838512248246325,0.0,0.0,0.0,False,False,False
ablation,tv_dro_energy_0_workload_0,tv_dro,2025-07-01,5,False,False,20,,0.01,0.7,20.0,optimal_decomposed,13.952996599997277,13.95291440001165,0.0,1,1,15865.46096236075,295.2709491819086,16160.731911542658,16224.28708272961,16519.558031911518,179959.1824936094,0.0,61.09908830619454,0.0,0.0,0.0,False,False,False
ablation,tv_dro_energy_0_workload_0,tv_dro,2025-07-01,6,False,False,20,,0.01,0.7,20.0,optimal_decomposed,13.952996599997277,13.95291440001165,0.0,1,1,15865.46096236075,295.2709491819086,16160.731911542658,16619.142312123844,16914.41326130575,172693.16891090054,0.0,58.009229840096026,0.0,0.0,0.0,False,False,False
ablation,tv_dro_energy_0_workload_0,tv_dro,2025-07-01,7,False,False,20,,0.01,0.7,20.0,optimal_decomposed,13.952996599997277,13.95291440001165,0.0,1,1,15865.46096236075,295.2709491819086,16160.731911542658,15894.77254412555,16190.043493307458,156624.93810657013,0.03662841490251659,56.544588487742566,0.0,0.0,0.0,False,False,False
ablation,tv_dro_energy_0_workload_0,tv_dro,2025-07-01,8,False,False,20,,0.01,0.7,20.0,optimal_decomposed,13.952996599997277,13.95291440001165,0.0,1,1,15865.46096236075,295.2709491819086,16160.731911542658,16020.673395947308,16315.944345129215,170004.19566814977,0.18789212418935958,58.7215994051002,0.0,0.0,0.0,False,False,False
ablation,tv_dro_energy_0_workload_0,tv_dro,2025-07-01,9,False,False,20,,0.01,0.7,20.0,optimal_decomposed,13.952996599997277,13.95291440001165,0.0,1,1,15865.46096236075,295.2709491819086,16160.731911542658,16340.934798492117,16636.205747674026,172713.99138453754,0.15869293802444273,65.7146804805361,0.0,0.0,0.0,False,False,False
ablation,tv_dro_energy_0_workload_0,tv_dro,2025-07-01,10,False,False,20,,0.01,0.7,20.0,optimal_decomposed,13.952996599997277,13.95291440001165,0.0,1,1,15865.46096236075,295.2709491819086,16160.731911542658,15810.55181803519,16105.822767217098,163203.26466838873,0.0,55.76165741780229,0.0,0.0,0.0,False,False,False
ablation,tv_dro_energy_0_workload_0,tv_dro,2025-07-01,11,False,False,20,,0.01,0.7,20.0,optimal_decomposed,13.952996599997277,13.95291440001165,0.0,1,1,15865.46096236075,295.2709491819086,16160.731911542658,15894.153239081468,16189.424188263376,162636.15098335515,0.0,52.76166422889802,0.0,0.0,0.0,False,False,False
ablation,tv_dro_energy_0_workload_0,tv_dro,2025-07-01,12,False,False,20,,0.01,0.7,20.0,optimal_decomposed,13.952996599997277,13.95291440001165,0.0,1,1,15865.46096236075,295.2709491819086,16160.731911542658,16281.170070655467,16576.441019837377,175746.18984348836,0.0,54.31970761190756,0.0,0.0,0.0,False,False,False
ablation,tv_dro_energy_0_workload_0,tv_dro,2025-07-01,13,False,False,20,,0.01,0.7,20.0,optimal_decomposed,13.952996599997277,13.95291440001165,0.0,1,1,15865.46096236075,295.2709491819086,16160.731911542658,16604.071885897178,16899.342835079085,176953.36206436713,0.16538045712084698,61.74103703961799,0.0,0.0,0.0,False,False,False
ablation,tv_dro_energy_0_workload_0,tv_dro,2025-07-01,14,False,False,20,,0.01,0.7,20.0,optimal_decomposed,13.952996599997277,13.95291440001165,0.0,1,1,15865.46096236075,295.2709491819086,16160.731911542658,15611.247919109514,15906.518868291421,158914.57700238077,0.046219161254959784,58.05101251671129,0.0,0.0,0.0,False,False,False
ablation,tv_dro_energy_0_workload_0,tv_dro,2025-07-01,15,False,False,20,,0.01,0.7,20.0,optimal_decomposed,13.952996599997277,13.95291440001165,0.0,1,1,15865.46096236075,295.2709491819086,16160.731911542658,15376.88850527261,15672.159454454517,154556.86824367655,0.03892304189458676,53.05925829882825,0.0,0.0,0.0,False,False,False
ablation,tv_dro_energy_0_workload_0,tv_dro,2025-07-01,16,False,False,20,,0.01,0.7,20.0,optimal_decomposed,13.952996599997277,13.95291440001165,0.0,1,1,15865.46096236075,295.2709491819086,16160.731911542658,15339.376749443312,15634.64769862522,151842.3154120542,0.05330805160179122,56.40167520581969,0.0,0.0,0.0,False,False,False
ablation,tv_dro_energy_0_workload_0,tv_dro,2025-07-01,17,False,False,20,,0.01,0.7,20.0,optimal_decomposed,13.952996599997277,13.95291440001165,0.0,1,1,15865.46096236075,295.2709491819086,16160.731911542658,16037.770936260173,16333.04188544208,157889.8257439587,0.0,66.67274570508145,0.0,0.0,0.0,False,False,False
ablation,tv_dro_energy_0_workload_0,tv_dro,2025-07-01,18,False,False,20,,0.01,0.7,20.0,optimal_decomposed,13.952996599997277,13.95291440001165,0.0,1,1,15865.46096236075,295.2709491819086,16160.731911542658,16535.03576831215,16830.30671749406,168320.56106113686,0.0,61.22983097827203,0.0,0.0,0.0,False,False,False
ablation,tv_dro_energy_0_workload_0,tv_dro,2025-07-01,19,False,False,20,,0.01,0.7,20.0,optimal_decomposed,13.952996599997277,13.95291440001165,0.0,1,1,15865.46096236075,295.2709491819086,16160.731911542658,15719.870041481403,16015.14099066331,168187.43823237446,0.0982226165947444,56.47158931216926,0.0,0.0,0.0,False,False,False
ablation,tv_dro_energy_0_workload_0,tv_dro,2025-07-01,20,False,False,20,,0.01,0.7,20.0,optimal_decomposed,13.952996599997277,13.95291440001165,0.0,1,1,15865.46096236075,295.2709491819086,16160.731911542658,16517.229941418853,16812.50089060076,173451.5806964194,0.0,54.45044573099939,0.0,0.0,0.0,False,False,False
ablation,tv_dro_energy_0_workload_0,tv_dro,2025-07-01,21,False,False,20,,0.01,0.7,20.0,optimal_decomposed,13.952996599997277,13.95291440001165,0.0,1,1,15865.46096236075,295.2709491819086,16160.731911542658,15790.427342361683,16085.698291543591,155917.88738821383,0.16282876003569352,51.71057497945528,0.0,0.0,0.0,False,False,False
ablation,tv_dro_energy_0_workload_0,tv_dro,2025-07-01,22,False,False,20,,0.01,0.7,20.0,optimal_decomposed,13.952996599997277,13.95291440001165,0.0,1,1,15865.46096236075,295.2709491819086,16160.731911542658,16266.955731898195,16562.226681080105,170091.13438155453,0.0037261903763918247,57.52013892027767,0.0,0.0,0.0,False,False,False
ablation,tv_dro_energy_0_workload_0,tv_dro,2025-07-01,23,False,False,20,,0.01,0.7,20.0,optimal_decomposed,13.952996599997277,13.95291440001165,0.0,1,1,15865.46096236075,295.2709491819086,16160.731911542658,16050.093572174766,16345.364521356674,169300.38894649385,0.0,58.248973113856216,0.0,0.0,0.0,False,False,False
ablation,tv_dro_energy_0_workload_0,tv_dro,2025-07-01,24,False,False,20,,0.01,0.7,20.0,optimal_decomposed,13.952996599997277,13.95291440001165,0.0,1,1,15865.46096236075,295.2709491819086,16160.731911542658,16069.501948677087,16364.772897858995,160524.960741314,0.12291751909925211,66.79435794052266,0.0,0.0,0.0,False,False,False
ablation,tv_dro_energy_0_workload_0,tv_dro,2025-07-01,25,False,False,20,,0.01,0.7,20.0,optimal_decomposed,13.952996599997277,13.95291440001165,0.0,1,1,15865.46096236075,295.2709491819086,16160.731911542658,17571.729905781493,17867.0008549634,199090.17370086547,0.0,53.985429017444325,0.0,0.0,0.0,False,False,False
ablation,tv_dro_energy_0_workload_0,tv_dro,2025-07-01,26,False,False,20,,0.01,0.7,20.0,optimal_decomposed,13.952996599997277,13.95291440001165,0.0,1,1,15865.46096236075,295.2709491819086,16160.731911542658,15831.929987938414,16127.200937120322,166686.09494107563,0.16341604341335672,64.04432781285189,0.0,0.0,0.0,False,False,False
ablation,tv_dro_energy_0_workload_0,tv_dro,2025-07-01,27,False,False,20,,0.01,0.7,20.0,optimal_decomposed,13.952996599997277,13.95291440001165,0.0,1,1,15865.46096236075,295.2709491819086,16160.731911542658,15202.525582215843,15497.796531397751,151457.5645283838,0.29195969009207134,64.6709012627683,0.0,0.0,0.0,False,False,False
ablation,tv_dro_energy_0_workload_0,tv_dro,2025-07-01,28,False,False,20,,0.01,0.7,20.0,optimal_decomposed,13.952996599997277,13.95291440001165,0.0,1,1,15865.46096236075,295.2709491819086,16160.731911542658,16141.042945149642,16436.31389433155,166199.64251306388,0.03057335504184258,50.781105262768115,0.0,0.0,0.0,False,False,False
ablation,tv_dro_energy_0_workload_0,tv_dro,2025-07-01,29,False,False,20,,0.01,0.7,20.0,optimal_decomposed,13.952996599997277,13.95291440001165,0.0,1,1,15865.46096236075,295.2709491819086,16160.731911542658,16160.336788476154,16455.60773765806,175780.55328102031,0.048161152928460654,47.76352580398262,0.0,0.0,0.0,False,False,False
ablation,tv_dro_energy_0_workload_0,tv_dro,2025-07-01,30,False,False,20,,0.01,0.7,20.0,optimal_decomposed,13.952996599997277,13.95291440001165,0.0,1,1,15865.46096236075,295.2709491819086,16160.731911542658,15449.901161284977,15745.172110466885,145576.39289934075,0.09923312893045103,54.178143223706314,0.0,0.0,0.0,False,False,False
ablation,tv_dro_energy_0_workload_0,tv_dro,2025-07-01,31,False,False,20,,0.01,0.7,20.0,optimal_decomposed,13.952996599997277,13.95291440001165,0.0,1,1,15865.46096236075,295.2709491819086,16160.731911542658,16545.23255160171,16840.50350078362,183218.2717673864,0.0,56.53531444806693,0.0,0.0,0.0,False,False,False
ablation,tv_dro_energy_0_workload_0,tv_dro,2025-07-01,32,False,False,20,,0.01,0.7,20.0,optimal_decomposed,13.952996599997277,13.95291440001165,0.0,1,1,15865.46096236075,295.2709491819086,16160.731911542658,15668.698479740538,15963.969428922446,163981.07783524581,0.0,62.71300726917994,0.0,0.0,0.0,False,False,False
ablation,tv_dro_energy_0_workload_0,tv_dro,2025-07-01,33,False,False,20,,0.01,0.7,20.0,optimal_decomposed,13.952996599997277,13.95291440001165,0.0,1,1,15865.46096236075,295.2709491819086,16160.731911542658,17106.086814462455,17401.357763644362,198804.70862782648,0.06421879016997209,72.64612805634556,0.0,0.0,0.0,False,False,False
ablation,tv_dro_energy_0_workload_0,tv_dro,2025-07-01,34,False,False,20,,0.01,0.7,20.0,optimal_decomposed,13.952996599997277,13.95291440001165,0.0,1,1,15865.46096236075,295.2709491819086,16160.731911542658,16483.571586463608,16778.842535645515,173578.4557617777,0.0,61.74288943413967,0.0,0.0,0.0,False,False,False
ablation,tv_dro_energy_0_workload_0,tv_dro,2025-07-01,35,False,False,20,,0.01,0.7,20.0,optimal_decomposed,13.952996599997277,13.95291440001165,0.0,1,1,15865.46096236075,295.2709491819086,16160.731911542658,16034.24703091896,16329.517980100867,156002.46462811818,0.0,61.83580969359196,0.0,0.0,0.0,False,False,False
ablation,tv_dro_energy_0_workload_0,tv_dro,2025-07-01,36,False,False,20,,0.01,0.7,20.0,optimal_decomposed,13.952996599997277,13.95291440001165,0.0,1,1,15865.46096236075,295.2709491819086,16160.731911542658,15378.207574880616,15673.478524062524,155305.49847651977,0.0,66.47308933336721,0.0,0.0,0.0,False,False,False
ablation,tv_dro_energy_0_workload_0,tv_dro,2025-07-01,37,False,False,20,,0.01,0.7,20.0,optimal_decomposed,13.952996599997277,13.95291440001165,0.0,1,1,15865.46096236075,295.2709491819086,16160.731911542658,15671.359547880307,15966.630497062215,163133.68985686052,0.0,48.182817795030516,0.0,0.0,0.0,False,False,False
ablation,tv_dro_energy_0_workload_0,tv_dro,2025-07-01,38,False,False,20,,0.01,0.7,20.0,optimal_decomposed,13.952996599997277,13.95291440001165,0.0,1,1,15865.46096236075,295.2709491819086,16160.731911542658,15799.11275997241,16094.383709154317,165534.74102485392,0.11501517680455553,51.37474518949199,0.0,0.0,0.0,False,False,False
ablation,tv_dro_energy_0_workload_0,tv_dro,2025-07-01,39,False,False,20,,0.01,0.7,20.0,optimal_decomposed,13.952996599997277,13.95291440001165,0.0,1,1,15865.46096236075,295.2709491819086,16160.731911542658,15983.51907393307,16278.790023114978,175129.47140191987,0.07505931295524138,52.47227911346884,0.0,0.0,0.0,False,False,False
ablation,tv_dro_energy_0_workload_0,tv_dro,2025-07-01,40,False,False,20,,0.01,0.7,20.0,optimal_decomposed,13.952996599997277,13.95291440001165,0.0,1,1,15865.46096236075,295.2709491819086,16160.731911542658,16342.134447795645,16637.405396977552,176206.2513807892,0.0,47.26111868955441,0.0,0.0,0.0,False,False,False
ablation,tv_dro_energy_0_workload_0,tv_dro,2025-07-01,41,False,False,20,,0.01,0.7,20.0,optimal_decomposed,13.952996599997277,13.95291440001165,0.0,1,1,15865.46096236075,295.2709491819086,16160.731911542658,16001.803420082666,16297.074369264574,171271.01536788742,0.0248711264275826,43.98639528473892,0.0,0.0,0.0,False,False,False
ablation,tv_dro_energy_0_workload_0,tv_dro,2025-07-01,42,False,False,20,,0.01,0.7,20.0,optimal_decomposed,13.952996599997277,13.95291440001165,0.0,1,1,15865.46096236075,295.2709491819086,16160.731911542658,16406.257369943592,16701.5283191255,170991.01444899014,0.3042219625080619,66.02427258214388,0.0,0.0,0.0,False,False,False
ablation,tv_dro_energy_0_workload_0,tv_dro,2025-07-01,43,False,False,20,,0.01,0.7,20.0,optimal_decomposed,13.952996599997277,13.95291440001165,0.0,1,1,15865.46096236075,295.2709491819086,16160.731911542658,15270.026089897496,15565.297039079403,152555.6964556372,0.22525950036143064,59.03380522789885,0.0,0.0,0.0,False,False,False
ablation,tv_dro_energy_0_workload_0,tv_dro,2025-07-01,44,False,False,20,,0.01,0.7,20.0,optimal_decomposed,13.952996599997277,13.95291440001165,0.0,1,1,15865.46096236075,295.2709491819086,16160.731911542658,15829.012317208453,16124.283266390361,160357.39141063046,0.1351766872718994,58.29242061942221,0.0,0.0,0.0,False,False,False
ablation,tv_dro_energy_0_workload_0,tv_dro,2025-07-01,45,False,False,20,,0.01,0.7,20.0,optimal_decomposed,13.952996599997277,13.95291440001165,0.0,1,1,15865.46096236075,295.2709491819086,16160.731911542658,16388.99081706909,16684.261766251,177388.26935493402,0.1127671444920777,65.6149836656145,0.0,0.0,0.0,False,False,False
ablation,tv_dro_energy_0_workload_0,tv_dro,2025-07-01,46,False,False,20,,0.01,0.7,20.0,optimal_decomposed,13.952996599997277,13.95291440001165,0.0,1,1,15865.46096236075,295.2709491819086,16160.731911542658,16440.732537515687,16736.003486697595,168854.0033601139,0.1793834421622867,59.800038857180354,0.0,0.0,0.0,False,False,False
ablation,tv_dro_energy_0_workload_0,tv_dro,2025-07-01,47,False,False,20,,0.01,0.7,20.0,optimal_decomposed,13.952996599997277,13.95291440001165,0.0,1,1,15865.46096236075,295.2709491819086,16160.731911542658,16508.120072305548,16803.391021487456,175506.18768366208,0.0,59.7795390363489,0.0,0.0,0.0,False,False,False
ablation,tv_dro_energy_0_workload_0,tv_dro,2025-07-01,48,False,False,20,,0.01,0.7,20.0,optimal_decomposed,13.952996599997277,13.95291440001165,0.0,1,1,15865.46096236075,295.2709491819086,16160.731911542658,16939.0751155735,17234.34606475541,184358.03400870244,0.0,56.24069018080773,0.0,0.0,0.0,False,False,False
ablation,tv_dro_energy_0_workload_0,tv_dro,2025-07-01,49,False,False,20,,0.01,0.7,20.0,optimal_decomposed,13.952996599997277,13.95291440001165,0.0,1,1,15865.46096236075,295.2709491819086,16160.731911542658,16647.39933553665,16942.67028471856,180804.8195363054,0.6216993511689821,65.96558174951902,0.0,0.0,0.0,False,False,False
ablation,tv_dro_energy_0_workload_0,tv_dro,2025-07-01,50,False,False,20,,0.01,0.7,20.0,optimal_decomposed,13.952996599997277,13.95291440001165,0.0,1,1,15865.46096236075,295.2709491819086,16160.731911542658,15681.698262514596,15976.969211696503,169011.86960236658,0.09581328402373068,63.039941690860644,0.0,0.0,0.0,False,False,False
ablation,tv_dro_energy_0_workload_0,tv_dro,2025-07-01,51,False,False,20,,0.01,0.7,20.0,optimal_decomposed,13.952996599997277,13.95291440001165,0.0,1,1,15865.46096236075,295.2709491819086,16160.731911542658,15666.380087169855,15961.651036351763,159783.75814920972,0.0,57.83274052167066,0.0,0.0,0.0,False,False,False
ablation,tv_dro_energy_0_workload_0,tv_dro,2025-07-01,52,False,False,20,,0.01,0.7,20.0,optimal_decomposed,13.952996599997277,13.95291440001165,0.0,1,1,15865.46096236075,295.2709491819086,16160.731911542658,16789.688127135676,17084.959076317584,181344.12021747843,0.0,59.65926153019744,0.0,0.0,0.0,False,False,False
ablation,tv_dro_energy_0_workload_0,tv_dro,2025-07-01,53,False,False,20,,0.01,0.7,20.0,optimal_decomposed,13.952996599997277,13.95291440001165,0.0,1,1,15865.46096236075,295.2709491819086,16160.731911542658,15864.02988899291,16159.300838174819,162990.7138300424,0.0,50.57016324492535,0.0,0.0,0.0,False,False,False
ablation,tv_dro_energy_0_workload_0,tv_dro,2025-07-01,54,False,False,20,,0.01,0.7,20.0,optimal_decomposed,13.952996599997277,13.95291440001165,0.0,1,1,15865.46096236075,295.2709491819086,16160.731911542658,16963.381672878484,17258.652622060392,178321.82410040603,0.0,56.33869062141668,0.0,0.0,0.0,False,False,False
ablation,tv_dro_energy_0_workload_0,tv_dro,2025-07-01,55,False,False,20,,0.01,0.7,20.0,optimal_decomposed,13.952996599997277,13.95291440001165,0.0,1,1,15865.46096236075,295.2709491819086,16160.731911542658,16006.957249822042,16302.22819900395,165778.5161911756,0.0,61.00914368187665,0.0,0.0,0.0,False,False,False
ablation,tv_dro_energy_0_workload_0,tv_dro,2025-07-01,56,False,False,20,,0.01,0.7,20.0,optimal_decomposed,13.952996599997277,13.95291440001165,0.0,1,1,15865.46096236075,295.2709491819086,16160.731911542658,16240.038612403067,16535.309561584974,169372.69783490404,0.02255928540384286,48.56225009667678,0.0,0.0,0.0,False,False,False
ablation,tv_dro_energy_0_workload_0,tv_dro,2025-07-01,57,False,False,20,,0.01,0.7,20.0,optimal_decomposed,13.952996599997277,13.95291440001165,0.0,1,1,15865.46096236075,295.2709491819086,16160.731911542658,16202.494295094326,16497.765244276234,163585.09251306523,0.0,54.3224334300655,0.0,0.0,0.0,False,False,False
ablation,tv_dro_energy_0_workload_0,tv_dro,2025-07-01,58,False,False,20,,0.01,0.7,20.0,optimal_decomposed,13.952996599997277,13.95291440001165,0.0,1,1,15865.46096236075,295.2709491819086,16160.731911542658,16771.701156737072,17066.97210591898,185640.0893933143,0.0,65.63918605471173,0.0,0.0,0.0,False,False,False
ablation,tv_dro_energy_0_workload_0,tv_dro,2025-07-01,59,False,False,20,,0.01,0.7,20.0,optimal_decomposed,13.952996599997277,13.95291440001165,0.0,1,1,15865.46096236075,295.2709491819086,16160.731911542658,17086.265442074797,17381.536391256705,186133.40548351867,0.0,59.82276554989331,0.0,0.0,0.0,False,False,False
ablation,tv_dro_energy_0_workload_0,tv_dro,2025-07-01,60,False,False,20,,0.01,0.7,20.0,optimal_decomposed,13.952996599997277,13.95291440001165,0.0,1,1,15865.46096236075,295.2709491819086,16160.731911542658,16028.760888475592,16324.0318376575,173450.06048247084,0.17162430883432533,56.65366617549821,0.0,0.0,0.0,False,False,False
ablation,tv_dro_energy_0_workload_0,tv_dro,2025-07-01,61,False,False,20,,0.01,0.7,20.0,optimal_decomposed,13.952996599997277,13.95291440001165,0.0,1,1,15865.46096236075,295.2709491819086,16160.731911542658,16134.437951002295,16429.708900184203,170755.44201499128,0.04924898586554774,45.433963492681556,0.0,0.0,0.0,False,False,False
ablation,tv_dro_energy_0_workload_0,tv_dro,2025-07-01,62,False,False,20,,0.01,0.7,20.0,optimal_decomposed,13.952996599997277,13.95291440001165,0.0,1,1,15865.46096236075,295.2709491819086,16160.731911542658,15452.355233674827,15747.626182856735,154904.78864276933,0.0,61.14326818879163,0.0,0.0,0.0,False,False,False
ablation,tv_dro_energy_0_workload_0,tv_dro,2025-07-01,63,False,False,20,,0.01,0.7,20.0,optimal_decomposed,13.952996599997277,13.95291440001165,0.0,1,1,15865.46096236075,295.2709491819086,16160.731911542658,16079.250683569908,16374.521632751816,165915.81451845894,0.04748209321944655,66.24246675015304,0.0,0.0,0.0,False,False,False
ablation,tv_dro_energy_0_workload_0,tv_dro,2025-07-01,64,False,False,20,,0.01,0.7,20.0,optimal_decomposed,13.952996599997277,13.95291440001165,0.0,1,1,15865.46096236075,295.2709491819086,16160.731911542658,15842.970854273055,16138.241803454963,156245.0931422239,0.03231391895383154,55.31027506659825,0.0,0.0,0.0,False,False,False
ablation,tv_dro_energy_0_workload_0,tv_dro,2025-07-01,65,False,False,20,,0.01,0.7,20.0,optimal_decomposed,13.952996599997277,13.95291440001165,0.0,1,1,15865.46096236075,295.2709491819086,16160.731911542658,16638.410953254148,16933.681902436056,168736.12041405754,0.0,58.0700874524249,0.0,0.0,0.0,False,False,False
ablation,tv_dro_energy_0_workload_0,tv_dro,2025-07-01,66,False,False,20,,0.01,0.7,20.0,optimal_decomposed,13.952996599997277,13.95291440001165,0.0,1,1,15865.46096236075,295.2709491819086,16160.731911542658,16260.528918572303,16555.799867754213,174272.79848983933,0.0,68.40485145063616,0.0,0.0,0.0,False,False,False
ablation,tv_dro_energy_0_workload_0,tv_dro,2025-07-01,67,False,False,20,,0.01,0.7,20.0,optimal_decomposed,13.952996599997277,13.95291440001165,0.0,1,1,15865.46096236075,295.2709491819086,16160.731911542658,15157.33831175715,15452.609260939058,151653.3966933564,0.0,53.46254701027467,0.0,0.0,0.0,False,False,False
ablation,tv_dro_energy_0_workload_0,tv_dro,2025-07-01,68,False,False,20,,0.01,0.7,20.0,optimal_decomposed,13.952996599997277,13.95291440001165,0.0,1,1,15865.46096236075,295.2709491819086,16160.731911542658,17231.971543817992,17527.2424929999,192140.09451056813,0.0,59.58122015118973,0.0,0.0,0.0,False,False,False
ablation,tv_dro_energy_0_workload_0,tv_dro,2025-07-01,69,False,False,20,,0.01,0.7,20.0,optimal_decomposed,13.952996599997277,13.95291440001165,0.0,1,1,15865.46096236075,295.2709491819086,16160.731911542658,17313.770946879984,17609.04189606189,187855.88453363834,0.0,61.75641736380699,0.0,0.0,0.0,False,False,False
ablation,tv_dro_energy_0_workload_0,tv_dro,2025-07-01,70,False,False,20,,0.01,0.7,20.0,optimal_decomposed,13.952996599997277,13.95291440001165,0.0,1,1,15865.46096236075,295.2709491819086,16160.731911542658,16535.28882562722,16830.559774809128,179911.06290532995,0.0,64.48185420061222,0.0,0.0,0.0,False,False,False
ablation,tv_dro_energy_0_workload_0,tv_dro,2025-07-01,71,False,False,20,,0.01,0.7,20.0,optimal_decomposed,13.952996599997277,13.95291440001165,0.0,1,1,15865.46096236075,295.2709491819086,16160.731911542658,15234.176345357435,15529.447294539343,162768.26493444992,0.025597094661314657,70.34289166120769,0.0,0.0,0.0,False,False,False
ablation,tv_dro_energy_0_workload_0,tv_dro,2025-07-01,72,False,False,20,,0.01,0.7,20.0,optimal_decomposed,13.952996599997277,13.95291440001165,0.0,1,1,15865.46096236075,295.2709491819086,16160.731911542658,15825.367676368085,16120.638625549993,162419.94179684957,0.0,65.13734805554927,0.0,0.0,0.0,False,False,False
ablation,tv_dro_energy_0_workload_0,tv_dro,2025-07-01,73,False,False,20,,0.01,0.7,20.0,optimal_decomposed,13.952996599997277,13.95291440001165,0.0,1,1,15865.46096236075,295.2709491819086,16160.731911542658,16079.02657446582,16374.297523647729,164909.2609415472,0.03950527889448846,60.67752923187716,0.0,0.0,0.0,False,False,False
ablation,tv_dro_energy_0_workload_0,tv_dro,2025-07-01,74,False,False,20,,0.01,0.7,20.0,optimal_decomposed,13.952996599997277,13.95291440001165,0.0,1,1,15865.46096236075,295.2709491819086,16160.731911542658,15848.364843287516,16143.635792469424,153519.37091370882,0.0035015823501056142,56.03563552098608,0.0,0.0,0.0,False,False,False
ablation,tv_dro_energy_0_workload_0,tv_dro,2025-07-01,75,False,False,20,,0.01,0.7,20.0,optimal_decomposed,13.952996599997277,13.95291440001165,0.0,1,1,15865.46096236075,295.2709491819086,16160.731911542658,16430.19840265759,16725.469351839496,170240.15863895603,0.18423548169889847,57.84182866918341,0.0,0.0,0.0,False,False,False
ablation,tv_dro_energy_0_workload_0,tv_dro,2025-07-01,76,False,False,20,,0.01,0.7,20.0,optimal_decomposed,13.952996599997277,13.95291440001165,0.0,1,1,15865.46096236075,295.2709491819086,16160.731911542658,16564.611550248705,16859.882499430612,186807.25845406286,0.0,56.744428583755756,0.0,0.0,0.0,False,False,False
ablation,tv_dro_energy_0_workload_0,tv_dro,2025-07-01,77,False,False,20,,0.01,0.7,20.0,optimal_decomposed,13.952996599997277,13.95291440001165,0.0,1,1,15865.46096236075,295.2709491819086,16160.731911542658,15513.244002982581,15808.514952164489,153823.26137338212,0.0,55.91788079253442,0.0,0.0,0.0,False,False,False
ablation,tv_dro_energy_0_workload_0,tv_dro,2025-07-01,78,False,False,20,,0.01,0.7,20.0,optimal_decomposed,13.952996599997277,13.95291440001165,0.0,1,1,15865.46096236075,295.2709491819086,16160.731911542658,15504.327571764989,15799.598520946896,159710.72599243786,0.05025184305971053,63.47218414590807,0.0,0.0,0.0,False,False,False
ablation,tv_dro_energy_0_workload_0,tv_dro,2025-07-01,79,False,False,20,,0.01,0.7,20.0,optimal_decomposed,13.952996599997277,13.95291440001165,0.0,1,1,15865.46096236075,295.2709491819086,16160.731911542658,16669.81299680484,16965.08394598675,180426.11087847143,0.0,53.72794594228274,0.0,0.0,0.0,False,False,False
ablation,tv_dro_energy_0_workload_0,tv_dro,2025-07-01,80,False,False,20,,0.01,0.7,20.0,optimal_decomposed,13.952996599997277,13.95291440001165,0.0,1,1,15865.46096236075,295.2709491819086,16160.731911542658,16797.07535962578,17092.346308807686,179221.08460915793,0.0,57.45680695500862,0.0,0.0,0.0,False,False,False
ablation,tv_dro_energy_0_workload_0,tv_dro,2025-07-01,81,False,False,20,,0.01,0.7,20.0,optimal_decomposed,13.952996599997277,13.95291440001165,0.0,1,1,15865.46096236075,295.2709491819086,16160.731911542658,16030.998088932989,16326.269038114897,165436.99652778902,0.1419322174382485,68.31475882931024,0.0,0.0,0.0,False,False,False
ablation,tv_dro_energy_0_workload_0,tv_dro,2025-07-01,82,False,False,20,,0.01,0.7,20.0,optimal_decomposed,13.952996599997277,13.95291440001165,0.0,1,1,15865.46096236075,295.2709491819086,16160.731911542658,15779.983163282375,16075.254112464283,163434.9285812085,0.14288168500704104,51.30498054877904,0.0,0.0,0.0,False,False,False
ablation,tv_dro_energy_0_workload_0,tv_dro,2025-07-01,83,False,False,20,,0.01,0.7,20.0,optimal_decomposed,13.952996599997277,13.95291440001165,0.0,1,1,15865.46096236075,295.2709491819086,16160.731911542658,16758.73961982196,17054.01056900387,183650.56676789108,0.058306634357683074,57.6064340994395,0.0,0.0,0.0,False,False,False
ablation,tv_dro_energy_0_workload_0,tv_dro,2025-07-01,84,False,False,20,,0.01,0.7,20.0,optimal_decomposed,13.952996599997277,13.95291440001165,0.0,1,1,15865.46096236075,295.2709491819086,16160.731911542658,16720.296605364136,17015.567554546044,183283.2129550859,0.13607192674363522,55.40804261727191,0.0,0.0,0.0,False,False,False
ablation,tv_dro_energy_0_workload_0,tv_dro,2025-07-01,85,False,False,20,,0.01,0.7,20.0,optimal_decomposed,13.952996599997277,13.95291440001165,0.0,1,1,15865.46096236075,295.2709491819086,16160.731911542658,16378.12879981978,16673.399749001688,171741.8533953374,0.0,68.82362075958574,0.0,0.0,0.0,False,False,False
ablation,tv_dro_energy_0_workload_0,tv_dro,2025-07-01,86,False,False,20,,0.01,0.7,20.0,optimal_decomposed,13.952996599997277,13.95291440001165,0.0,1,1,15865.46096236075,295.2709491819086,16160.731911542658,16200.495146688905,16495.766095870815,172155.33373309817,0.09411530956762434,52.82153704961461,0.0,0.0,0.0,False,False,False
ablation,tv_dro_energy_0_workload_0,tv_dro,2025-07-01,87,False,False,20,,0.01,0.7,20.0,optimal_decomposed,13.952996599997277,13.95291440001165,0.0,1,1,15865.46096236075,295.2709491819086,16160.731911542658,15580.736427975377,15876.007377157284,150538.92861774127,0.21898089374129415,58.1132315091258,0.0,0.0,0.0,False,False,False
ablation,tv_dro_energy_0_workload_0,tv_dro,2025-07-01,88,False,False,20,,0.01,0.7,20.0,optimal_decomposed,13.952996599997277,13.95291440001165,0.0,1,1,15865.46096236075,295.2709491819086,16160.731911542658,15340.863261397642,15636.13421057955,153883.29343463457,0.10109760957596792,65.42444247031094,0.0,0.0,0.0,False,False,False
ablation,tv_dro_energy_0_workload_0,tv_dro,2025-07-01,89,False,False,20,,0.01,0.7,20.0,optimal_decomposed,13.952996599997277,13.95291440001165,0.0,1,1,15865.46096236075,295.2709491819086,16160.731911542658,16331.212680537672,16626.48362971958,168911.22251500282,0.0,57.74421694867147,0.0,0.0,0.0,False,False,False
ablation,tv_dro_energy_0_workload_0,tv_dro,2025-07-01,90,False,False,20,,0.01,0.7,20.0,optimal_decomposed,13.952996599997277,13.95291440001165,0.0,1,1,15865.46096236075,295.2709491819086,16160.731911542658,15862.806634921606,16158.077584103514,164404.22992428727,0.13567259555674505,63.098951307508976,0.0,0.0,0.0,False,False,False
ablation,tv_dro_energy_0_workload_0,tv_dro,2025-07-01,91,False,False,20,,0.01,0.7,20.0,optimal_decomposed,13.952996599997277,13.95291440001165,0.0,1,1,15865.46096236075,295.2709491819086,16160.731911542658,14933.42898024224,15228.699929424149,143869.3845029276,0.0,56.94551599682228,0.0,0.0,0.0,False,False,False
ablation,tv_dro_energy_0_workload_0,tv_dro,2025-07-01,92,False,False,20,,0.01,0.7,20.0,optimal_decomposed,13.952996599997277,13.95291440001165,0.0,1,1,15865.46096236075,295.2709491819086,16160.731911542658,15597.744116562744,15893.015065744652,158028.5369061845,0.0,44.59918355739216,0.0,0.0,0.0,False,False,False
ablation,tv_dro_energy_0_workload_0,tv_dro,2025-07-01,93,False,False,20,,0.01,0.7,20.0,optimal_decomposed,13.952996599997277,13.95291440001165,0.0,1,1,15865.46096236075,295.2709491819086,16160.731911542658,15737.44361032189,16032.714559503798,168713.16277579314,0.03470770052744265,58.627899735126576,0.0,0.0,0.0,False,False,False
ablation,tv_dro_energy_0_workload_0,tv_dro,2025-07-01,94,False,False,20,,0.01,0.7,20.0,optimal_decomposed,13.952996599997277,13.95291440001165,0.0,1,1,15865.46096236075,295.2709491819086,16160.731911542658,15792.263563735396,16087.534512917304,160563.44092334775,0.03900846783832754,54.02484717058846,0.0,0.0,0.0,False,False,False
ablation,tv_dro_energy_0_workload_0,tv_dro,2025-07-01,95,False,False,20,,0.01,0.7,20.0,optimal_decomposed,13.952996599997277,13.95291440001165,0.0,1,1,15865.46096236075,295.2709491819086,16160.731911542658,15425.005488655737,15720.276437837645,157209.89508087756,0.04845091264603371,58.639052737398444,0.0,0.0,0.0,False,False,False
ablation,tv_dro_energy_0_workload_0,tv_dro,2025-07-01,96,False,False,20,,0.01,0.7,20.0,optimal_decomposed,13.952996599997277,13.95291440001165,0.0,1,1,15865.46096236075,295.2709491819086,16160.731911542658,15955.342760484507,16250.613709666415,163581.50491277382,0.09598508637710881,57.116413951818465,0.0,0.0,0.0,False,False,False
ablation,tv_dro_energy_0_workload_0,tv_dro,2025-07-01,97,False,False,20,,0.01,0.7,20.0,optimal_decomposed,13.952996599997277,13.95291440001165,0.0,1,1,15865.46096236075,295.2709491819086,16160.731911542658,15728.588444175903,16023.85939335781,160692.51336979732,0.08107377490406914,59.69278419877065,0.0,0.0,0.0,False,False,False
ablation,tv_dro_energy_0_workload_0,tv_dro,2025-07-01,98,False,False,20,,0.01,0.7,20.0,optimal_decomposed,13.952996599997277,13.95291440001165,0.0,1,1,15865.46096236075,295.2709491819086,16160.731911542658,15759.156691733508,16054.427640915415,162699.13693776628,0.11844737176203249,48.425594107926436,0.0,0.0,0.0,False,False,False
ablation,tv_dro_energy_0_workload_0,tv_dro,2025-07-01,99,False,False,20,,0.01,0.7,20.0,optimal_decomposed,13.952996599997277,13.95291440001165,0.0,1,1,15865.46096236075,295.2709491819086,16160.731911542658,15558.92890597819,15854.199855160097,158005.20713185868,0.0850933466826787,59.04364938673754,0.0,0.0,0.0,False,False,False
ablation,tv_dro_energy_0_workload_0,tv_dro,2025-10-01,0,False,False,20,,0.01,0.7,20.0,optimal_decomposed,13.897302500001388,13.897143099995446,0.0,1,1,16307.664624421875,533.9055933035863,16841.57021772546,15383.29573246486,15917.201325768447,175857.07852037236,0.030144987438577298,57.20646876773932,0.0,0.0,0.0,False,False,False
ablation,tv_dro_energy_0_workload_0,tv_dro,2025-10-01,1,False,False,20,,0.01,0.7,20.0,optimal_decomposed,13.897302500001388,13.897143099995446,0.0,1,1,16307.664624421875,533.9055933035863,16841.57021772546,16673.587340429312,17207.492933732898,196172.39859785698,0.03330193529835973,64.91257399926248,0.0,0.0,0.0,False,False,False
ablation,tv_dro_energy_0_workload_0,tv_dro,2025-10-01,2,False,False,20,,0.01,0.7,20.0,optimal_decomposed,13.897302500001388,13.897143099995446,0.0,1,1,16307.664624421875,533.9055933035863,16841.57021772546,15857.33126499584,16391.236858299428,187546.82417035179,0.028333434944215835,48.433804217212135,0.0,0.0,0.0,False,False,False
ablation,tv_dro_energy_0_workload_0,tv_dro,2025-10-01,3,False,False,20,,0.01,0.7,20.0,optimal_decomposed,13.897302500001388,13.897143099995446,0.0,1,1,16307.664624421875,533.9055933035863,16841.57021772546,16541.33527694191,17075.240870245496,196128.46556960145,0.0,57.04614853923035,0.0,0.0,0.0,False,False,False
ablation,tv_dro_energy_0_workload_0,tv_dro,2025-10-01,4,False,False,20,,0.01,0.7,20.0,optimal_decomposed,13.897302500001388,13.897143099995446,0.0,1,1,16307.664624421875,533.9055933035863,16841.57021772546,16144.459396743923,16678.36499004751,192301.10143197677,0.12036905073532228,52.93633555246539,0.0,0.0,0.0,False,False,False
ablation,tv_dro_energy_0_workload_0,tv_dro,2025-10-01,5,False,False,20,,0.01,0.7,20.0,optimal_decomposed,13.897302500001388,13.897143099995446,0.0,1,1,16307.664624421875,533.9055933035863,16841.57021772546,16578.130323681526,17112.03591698511,206326.71863909982,0.0,61.32346235566844,0.0,0.0,0.0,False,False,False
ablation,tv_dro_energy_0_workload_0,tv_dro,2025-10-01,6,False,False,20,,0.01,0.7,20.0,optimal_decomposed,13.897302500001388,13.897143099995446,0.0,1,1,16307.664624421875,533.9055933035863,16841.57021772546,16771.606649243742,17305.512242547327,198019.61520002875,0.0,51.30630862668401,0.0,0.0,0.0,False,False,False
ablation,tv_dro_energy_0_workload_0,tv_dro,2025-10-01,7,False,False,20,,0.01,0.7,20.0,optimal_decomposed,13.897302500001388,13.897143099995446,0.0,1,1,16307.664624421875,533.9055933035863,16841.57021772546,15823.137564898003,16357.04315820159,182318.9659068458,0.0,55.05349184768373,0.0,0.0,0.0,False,False,False
ablation,tv_dro_energy_0_workload_0,tv_dro,2025-10-01,8,False,False,20,,0.01,0.7,20.0,optimal_decomposed,13.897302500001388,13.897143099995446,0.0,1,1,16307.664624421875,533.9055933035863,16841.57021772546,16273.22550378504,16807.131097088626,195879.11761189785,0.15645936875731326,52.14080282587905,0.0,0.0,0.0,False,False,False
ablation,tv_dro_energy_0_workload_0,tv_dro,2025-10-01,9,False,False,20,,0.01,0.7,20.0,optimal_decomposed,13.897302500001388,13.897143099995446,0.0,1,1,16307.664624421875,533.9055933035863,16841.57021772546,16624.34151470168,17158.247108005264,199101.55547625094,0.034188497612976265,62.72200818616963,0.0,0.0,0.0,False,False,False
ablation,tv_dro_energy_0_workload_0,tv_dro,2025-10-01,10,False,False,20,,0.01,0.7,20.0,optimal_decomposed,13.897302500001388,13.897143099995446,0.0,1,1,16307.664624421875,533.9055933035863,16841.57021772546,16083.788194405894,16617.69378770948,190119.232664003,0.0,55.33734704076674,0.0,0.0,0.0,False,False,False
ablation,tv_dro_energy_0_workload_0,tv_dro,2025-10-01,11,False,False,20,,0.01,0.7,20.0,optimal_decomposed,13.897302500001388,13.897143099995446,0.0,1,1,16307.664624421875,533.9055933035863,16841.57021772546,16375.13799503851,16909.043588342098,188836.6816150704,0.0,52.13727824507502,0.0,0.0,0.0,False,False,False
ablation,tv_dro_energy_0_workload_0,tv_dro,2025-10-01,12,False,False,20,,0.01,0.7,20.0,optimal_decomposed,13.897302500001388,13.897143099995446,0.0,1,1,16307.664624421875,533.9055933035863,16841.57021772546,16393.208368475625,16927.11396177921,201830.73240322902,0.0,49.71690532108148,0.0,0.0,0.0,False,False,False
ablation,tv_dro_energy_0_workload_0,tv_dro,2025-10-01,13,False,False,20,,0.01,0.7,20.0,optimal_decomposed,13.897302500001388,13.897143099995446,0.0,1,1,16307.664624421875,533.9055933035863,16841.57021772546,16894.309136120744,17428.21472942433,202891.75121548804,0.09122929881697803,56.94107328136812,0.0,0.0,0.0,False,False,False
ablation,tv_dro_energy_0_workload_0,tv_dro,2025-10-01,14,False,False,20,,0.01,0.7,20.0,optimal_decomposed,13.897302500001388,13.897143099995446,0.0,1,1,16307.664624421875,533.9055933035863,16841.57021772546,15919.240581156424,16453.14617446001,183436.6425989106,0.0,51.415994510159116,0.0,0.0,0.0,False,False,False
ablation,tv_dro_energy_0_workload_0,tv_dro,2025-10-01,15,False,False,20,,0.01,0.7,20.0,optimal_decomposed,13.897302500001388,13.897143099995446,0.0,1,1,16307.664624421875,533.9055933035863,16841.57021772546,15703.511052596108,16237.416645899695,179488.33508341387,0.0,48.88846585953131,0.0,0.0,0.0,False,False,False
ablation,tv_dro_energy_0_workload_0,tv_dro,2025-10-01,16,False,False,20,,0.01,0.7,20.0,optimal_decomposed,13.897302500001388,13.897143099995446,0.0,1,1,16307.664624421875,533.9055933035863,16841.57021772546,15606.724365713808,16140.629959017395,175204.75294603652,0.0,52.54044282587245,0.0,0.0,0.0,False,False,False
ablation,tv_dro_energy_0_workload_0,tv_dro,2025-10-01,17,False,False,20,,0.01,0.7,20.0,optimal_decomposed,13.897302500001388,13.897143099995446,0.0,1,1,16307.664624421875,533.9055933035863,16841.57021772546,16098.974932330462,16632.88052563405,182420.72188165126,0.0,62.25494889439418,0.0,0.0,0.0,False,False,False
ablation,tv_dro_energy_0_workload_0,tv_dro,2025-10-01,18,False,False,20,,0.01,0.7,20.0,optimal_decomposed,13.897302500001388,13.897143099995446,0.0,1,1,16307.664624421875,533.9055933035863,16841.57021772546,16655.23583741849,17189.141430722077,194119.75976519854,0.0,58.63027169096784,0.0,0.0,0.0,False,False,False
ablation,tv_dro_energy_0_workload_0,tv_dro,2025-10-01,19,False,False,20,,0.01,0.7,20.0,optimal_decomposed,13.897302500001388,13.897143099995446,0.0,1,1,16307.664624421875,533.9055933035863,16841.57021772546,16004.692074055592,16538.59766735918,194198.12732943107,0.02743152028306839,53.8009049142646,0.0,0.0,0.0,False,False,False
ablation,tv_dro_energy_0_workload_0,tv_dro,2025-10-01,20,False,False,20,,0.01,0.7,20.0,optimal_decomposed,13.897302500001388,13.897143099995446,0.0,1,1,16307.664624421875,533.9055933035863,16841.57021772546,16585.30159386116,17119.207187164746,200123.70506375836,0.0,50.83196670734568,0.0,0.0,0.0,False,False,False
ablation,tv_dro_energy_0_workload_0,tv_dro,2025-10-01,21,False,False,20,,0.01,0.7,20.0,optimal_decomposed,13.897302500001388,13.897143099995446,0.0,1,1,16307.664624421875,533.9055933035863,16841.57021772546,15922.820574698093,16456.726168001678,181337.83302895466,0.10164540550136864,50.67257860478128,0.0,0.0,0.0,False,False,False
ablation,tv_dro_energy_0_workload_0,tv_dro,2025-10-01,22,False,False,20,,0.01,0.7,20.0,optimal_decomposed,13.897302500001388,13.897143099995446,0.0,1,1,16307.664624421875,533.9055933035863,16841.57021772546,16466.184934104287,17000.090527407872,195823.95492716323,0.00023228420709120456,53.566549658342794,0.0,0.0,0.0,False,False,False
ablation,tv_dro_energy_0_workload_0,tv_dro,2025-10-01,23,False,False,20,,0.01,0.7,20.0,optimal_decomposed,13.897302500001388,13.897143099995446,0.0,1,1,16307.664624421875,533.9055933035863,16841.57021772546,16662.837372044352,17196.742965347938,195220.7396297939,0.0,53.01954134207189,0.0,0.0,0.0,False,False,False
ablation,tv_dro_energy_0_workload_0,tv_dro,2025-10-01,24,False,False,20,,0.01,0.7,20.0,optimal_decomposed,13.897302500001388,13.897143099995446,0.0,1,1,16307.664624421875,533.9055933035863,16841.57021772546,16284.149339312518,16818.054932616105,186411.60218817843,0.05212642278757615,60.174376368448705,0.0,0.0,0.0,False,False,False
ablation,tv_dro_energy_0_workload_0,tv_dro,2025-10-01,25,False,False,20,,0.01,0.7,20.0,optimal_decomposed,13.897302500001388,13.897143099995446,0.0,1,1,16307.664624421875,533.9055933035863,16841.57021772546,17725.069883092827,18258.975476396412,226497.45853458642,0.0,49.570997134232734,0.0,0.0,0.0,False,False,False
ablation,tv_dro_energy_0_workload_0,tv_dro,2025-10-01,26,False,False,20,,0.01,0.7,20.0,optimal_decomposed,13.897302500001388,13.897143099995446,0.0,1,1,16307.664624421875,533.9055933035863,16841.57021772546,16074.698816600865,16608.604409904452,192853.2292960871,0.06528090917943333,61.31349158340828,0.0,0.0,0.0,False,False,False
ablation,tv_dro_energy_0_workload_0,tv_dro,2025-10-01,27,False,False,20,,0.01,0.7,20.0,optimal_decomposed,13.897302500001388,13.897143099995446,0.0,1,1,16307.664624421875,533.9055933035863,16841.57021772546,15359.528776952311,15893.434370255898,176050.65181475691,0.08829035703225518,61.90802139704679,0.0,0.0,0.0,False,False,False
ablation,tv_dro_energy_0_workload_0,tv_dro,2025-10-01,28,False,False,20,,0.01,0.7,20.0,optimal_decomposed,13.897302500001388,13.897143099995446,0.0,1,1,16307.664624421875,533.9055933035863,16841.57021772546,16442.112220686922,16976.017813990507,191574.04076816878,0.0,46.7702514067657,0.0,0.0,0.0,False,False,False
ablation,tv_dro_energy_0_workload_0,tv_dro,2025-10-01,29,False,False,20,,0.01,0.7,20.0,optimal_decomposed,13.897302500001388,13.897143099995446,0.0,1,1,16307.664624421875,533.9055933035863,16841.57021772546,16522.62021596531,17056.525809268896,202918.93110356422,0.0,43.876271093380424,0.0,0.0,0.0,False,False,False
ablation,tv_dro_energy_0_workload_0,tv_dro,2025-10-01,30,False,False,20,,0.01,0.7,20.0,optimal_decomposed,13.897302500001388,13.897143099995446,0.0,1,1,16307.664624421875,533.9055933035863,16841.57021772546,15605.31798687981,16139.223580183398,169587.36258696503,0.08560901847588442,51.897045260560525,0.0,0.0,0.0,False,False,False
ablation,tv_dro_energy_0_workload_0,tv_dro,2025-10-01,31,False,False,20,,0.01,0.7,20.0,optimal_decomposed,13.897302500001388,13.897143099995446,0.0,1,1,16307.664624421875,533.9055933035863,16841.57021772546,16800.18535336197,17334.090946665554,210545.27944505264,0.0,51.3518064671648,0.0,0.0,0.0,False,False,False
ablation,tv_dro_energy_0_workload_0,tv_dro,2025-10-01,32,False,False,20,,0.01,0.7,20.0,optimal_decomposed,13.897302500001388,13.897143099995446,0.0,1,1,16307.664624421875,533.9055933035863,16841.57021772546,16192.155223475645,16726.06081677923,189642.3410185569,0.0,59.494894187561265,0.0,0.0,0.0,False,False,False
ablation,tv_dro_energy_0_workload_0,tv_dro,2025-10-01,33,False,False,20,,0.01,0.7,20.0,optimal_decomposed,13.897302500001388,13.897143099995446,0.0,1,1,16307.664624421875,533.9055933035863,16841.57021772546,17612.007675834975,18145.91326913856,225520.2973228733,0.0,68.41090991986053,0.0,0.0,0.0,False,False,False
ablation,tv_dro_energy_0_workload_0,tv_dro,2025-10-01,34,False,False,20,,0.01,0.7,20.0,optimal_decomposed,13.897302500001388,13.897143099995446,0.0,1,1,16307.664624421875,533.9055933035863,16841.57021772546,16689.275591930058,17223.181185233643,199206.97244980317,0.07682949194620403,54.70124731212761,0.0,0.0,0.0,False,False,False
ablation,tv_dro_energy_0_workload_0,tv_dro,2025-10-01,35,False,False,20,,0.01,0.7,20.0,optimal_decomposed,13.897302500001388,13.897143099995446,0.0,1,1,16307.664624421875,533.9055933035863,16841.57021772546,16050.231558066089,16584.137151369676,182366.1983432906,0.0,59.195697809496245,0.0,0.0,0.0,False,False,False
ablation,tv_dro_energy_0_workload_0,tv_dro,2025-10-01,36,False,False,20,,0.01,0.7,20.0,optimal_decomposed,13.897302500001388,13.897143099995446,0.0,1,1,16307.664624421875,533.9055933035863,16841.57021772546,15798.178725150003,16332.08431845359,180070.4614829521,0.0,64.73115126564886,0.0,0.0,0.0,False,False,False
ablation,tv_dro_energy_0_workload_0,tv_dro,2025-10-01,37,False,False,20,,0.01,0.7,20.0,optimal_decomposed,13.897302500001388,13.897143099995446,0.0,1,1,16307.664624421875,533.9055933035863,16841.57021772546,16157.20508945394,16691.110682757528,189738.832733468,0.0,44.18532967509971,0.0,0.0,0.0,False,False,False
ablation,tv_dro_energy_0_workload_0,tv_dro,2025-10-01,38,False,False,20,,0.01,0.7,20.0,optimal_decomposed,13.897302500001388,13.897143099995446,0.0,1,1,16307.664624421875,533.9055933035863,16841.57021772546,15997.70058699592,16531.606180299506,189948.71257947123,0.0,51.973537003494116,0.0,0.0,0.0,False,False,False
ablation,tv_dro_energy_0_workload_0,tv_dro,2025-10-01,39,False,False,20,,0.01,0.7,20.0,optimal_decomposed,13.897302500001388,13.897143099995446,0.0,1,1,16307.664624421875,533.9055933035863,16841.57021772546,16566.24193895834,17100.147532261926,200154.3943870546,0.004268216643565359,43.9936152207889,0.0,0.0,0.0,False,False,False
ablation,tv_dro_energy_0_workload_0,tv_dro,2025-10-01,40,False,False,20,,0.01,0.7,20.0,optimal_decomposed,13.897302500001388,13.897143099995446,0.0,1,1,16307.664624421875,533.9055933035863,16841.57021772546,16883.47974685061,17417.385340154196,201860.97845652187,0.0,48.414729377172456,0.0,0.0,0.0,False,False,False
ablation,tv_dro_energy_0_workload_0,tv_dro,2025-10-01,41,False,False,20,,0.01,0.7,20.0,optimal_decomposed,13.897302500001388,13.897143099995446,0.0,1,1,16307.664624421875,533.9055933035863,16841.57021772546,16414.490508696083,16948.396101999668,196967.13867821815,0.0,41.72962560033624,0.0,0.0,0.0,False,False,False
ablation,tv_dro_energy_0_workload_0,tv_dro,2025-10-01,42,False,False,20,,0.01,0.7,20.0,optimal_decomposed,13.897302500001388,13.897143099995446,0.0,1,1,16307.664624421875,533.9055933035863,16841.57021772546,16654.522871458736,17188.42846476232,197828.96897754254,0.05430906467261315,59.42594858077109,0.0,0.0,0.0,False,False,False
ablation,tv_dro_energy_0_workload_0,tv_dro,2025-10-01,43,False,False,20,,0.01,0.7,20.0,optimal_decomposed,13.897302500001388,13.897143099995446,0.0,1,1,16307.664624421875,533.9055933035863,16841.57021772546,15662.600582843239,16196.506176146826,177689.47722527137,0.08698571381843043,59.848912530658055,0.0,0.0,0.0,False,False,False
ablation,tv_dro_energy_0_workload_0,tv_dro,2025-10-01,44,False,False,20,,0.01,0.7,20.0,optimal_decomposed,13.897302500001388,13.897143099995446,0.0,1,1,16307.664624421875,533.9055933035863,16841.57021772546,16111.309916886798,16645.215510190385,185683.05424669952,0.09183515110650342,57.2838733626299,0.0,0.0,0.0,False,False,False
ablation,tv_dro_energy_0_workload_0,tv_dro,2025-10-01,45,False,False,20,,0.01,0.7,20.0,optimal_decomposed,13.897302500001388,13.897143099995446,0.0,1,1,16307.664624421875,533.9055933035863,16841.57021772546,16801.382901921497,17335.288495225082,203227.0787787371,0.0,57.8837811538715,0.0,0.0,0.0,False,False,False
ablation,tv_dro_energy_0_workload_0,tv_dro,2025-10-01,46,False,False,20,,0.01,0.7,20.0,optimal_decomposed,13.897302500001388,13.897143099995446,0.0,1,1,16307.664624421875,533.9055933035863,16841.57021772546,16423.247310245333,16957.15290354892,194730.32739103638,0.09427565987137368,55.67743918929142,0.0,0.0,0.0,False,False,False
ablation,tv_dro_energy_0_workload_0,tv_dro,2025-10-01,47,False,False,20,,0.01,0.7,20.0,optimal_decomposed,13.897302500001388,13.897143099995446,0.0,1,1,16307.664624421875,533.9055933035863,16841.57021772546,16476.84685439971,17010.752447703297,202296.85019737744,0.0,54.65156108025128,0.0,0.0,0.0,False,False,False
ablation,tv_dro_energy_0_workload_0,tv_dro,2025-10-01,48,False,False,20,,0.01,0.7,20.0,optimal_decomposed,13.897302500001388,13.897143099995446,0.0,1,1,16307.664624421875,533.9055933035863,16841.57021772546,17134.782972565983,17668.68856586957,212293.26704297925,0.12288006348826741,53.91236886698896,0.0,0.0,0.0,False,False,False
ablation,tv_dro_energy_0_workload_0,tv_dro,2025-10-01,49,False,False,20,,0.01,0.7,20.0,optimal_decomposed,13.897302500001388,13.897143099995446,0.0,1,1,16307.664624421875,533.9055933035863,16841.57021772546,16550.448604682937,17084.354197986522,206938.32572234093,0.005094019407151373,59.74797298804131,0.0,0.0,0.0,False,False,False
ablation,tv_dro_energy_0_workload_0,tv_dro,2025-10-01,50,False,False,20,,0.01,0.7,20.0,optimal_decomposed,13.897302500001388,13.897143099995446,0.0,1,1,16307.664624421875,533.9055933035863,16841.57021772546,16203.718802127929,16737.624395431514,195073.63524713597,0.0,60.04760179187874,0.0,0.0,0.0,False,False,False
ablation,tv_dro_energy_0_workload_0,tv_dro,2025-10-01,51,False,False,20,,0.01,0.7,20.0,optimal_decomposed,13.897302500001388,13.897143099995446,0.0,1,1,16307.664624421875,533.9055933035863,16841.57021772546,15866.198475110035,16400.10406841362,184730.8308058846,0.030662901895292416,55.15634612225696,0.0,0.0,0.0,False,False,False
ablation,tv_dro_energy_0_workload_0,tv_dro,2025-10-01,52,False,False,20,,0.01,0.7,20.0,optimal_decomposed,13.897302500001388,13.897143099995446,0.0,1,1,16307.664624421875,533.9055933035863,16841.57021772546,16986.980356636497,17520.885949940082,209010.5114268759,0.0,59.72894806809882,0.0,0.0,0.0,False,False,False
ablation,tv_dro_energy_0_workload_0,tv_dro,2025-10-01,53,False,False,20,,0.01,0.7,20.0,optimal_decomposed,13.897302500001388,13.897143099995446,0.0,1,1,16307.664624421875,533.9055933035863,16841.57021772546,16362.921812796996,16896.827406100583,189526.91403936266,0.0,51.72001222971959,0.0,0.0,0.0,False,False,False
ablation,tv_dro_energy_0_workload_0,tv_dro,2025-10-01,54,False,False,20,,0.01,0.7,20.0,optimal_decomposed,13.897302500001388,13.897143099995446,0.0,1,1,16307.664624421875,533.9055933035863,16841.57021772546,16939.914257037926,17473.81985034151,205136.97436596936,0.0,52.53484471191568,0.0,0.0,0.0,False,False,False
ablation,tv_dro_energy_0_workload_0,tv_dro,2025-10-01,55,False,False,20,,0.01,0.7,20.0,optimal_decomposed,13.897302500001388,13.897143099995446,0.0,1,1,16307.664624421875,533.9055933035863,16841.57021772546,16415.241917841147,16949.147511144733,192589.89649566312,0.0,60.549960538174254,0.0,0.0,0.0,False,False,False
ablation,tv_dro_energy_0_workload_0,tv_dro,2025-10-01,56,False,False,20,,0.01,0.7,20.0,optimal_decomposed,13.897302500001388,13.897143099995446,0.0,1,1,16307.664624421875,533.9055933035863,16841.57021772546,16405.642004676865,16939.54759798045,196143.0036757633,0.0,44.709428534978535,0.0,0.0,0.0,False,False,False
ablation,tv_dro_energy_0_workload_0,tv_dro,2025-10-01,57,False,False,20,,0.01,0.7,20.0,optimal_decomposed,13.897302500001388,13.897143099995446,0.0,1,1,16307.664624421875,533.9055933035863,16841.57021772546,16281.175685300248,16815.081278603833,190542.07954808627,0.0,52.12652641502509,0.0,0.0,0.0,False,False,False
ablation,tv_dro_energy_0_workload_0,tv_dro,2025-10-01,58,False,False,20,,0.01,0.7,20.0,optimal_decomposed,13.897302500001388,13.897143099995446,0.0,1,1,16307.664624421875,533.9055933035863,16841.57021772546,17185.29273046134,17719.198323764926,212627.96661767707,0.07236941140794495,62.79149498857673,0.0,0.0,0.0,False,False,False
ablation,tv_dro_energy_0_workload_0,tv_dro,2025-10-01,59,False,False,20,,0.01,0.7,20.0,optimal_decomposed,13.897302500001388,13.897143099995446,0.0,1,1,16307.664624421875,533.9055933035863,16841.57021772546,17170.648226713663,17704.55382001725,212436.92110332404,0.0,56.26806768197166,0.0,0.0,0.0,False,False,False
ablation,tv_dro_energy_0_workload_0,tv_dro,2025-10-01,60,False,False,20,,0.01,0.7,20.0,optimal_decomposed,13.897302500001388,13.897143099995446,0.0,1,1,16307.664624421875,533.9055933035863,16841.57021772546,16363.129970470052,16897.03556377364,199480.79537561125,0.0760995405794056,52.050544591155926,0.0,0.0,0.0,False,False,False
ablation,tv_dro_energy_0_workload_0,tv_dro,2025-10-01,61,False,False,20,,0.01,0.7,20.0,optimal_decomposed,13.897302500001388,13.897143099995446,0.0,1,1,16307.664624421875,533.9055933035863,16841.57021772546,16408.105823862956,16942.01141716654,197277.78271899547,0.0,43.26310308161173,0.0,0.0,0.0,False,False,False
ablation,tv_dro_energy_0_workload_0,tv_dro,2025-10-01,62,False,False,20,,0.01,0.7,20.0,optimal_decomposed,13.897302500001388,13.897143099995446,0.0,1,1,16307.664624421875,533.9055933035863,16841.57021772546,15772.584134643497,16306.489727947084,179793.9341199371,0.0,58.70315522029106,0.0,0.0,0.0,False,False,False
ablation,tv_dro_energy_0_workload_0,tv_dro,2025-10-01,63,False,False,20,,0.01,0.7,20.0,optimal_decomposed,13.897302500001388,13.897143099995446,0.0,1,1,16307.664624421875,533.9055933035863,16841.57021772546,16687.07603778402,17220.981631087605,192586.26144923465,0.0,62.917022604502904,0.0,0.0,0.0,False,False,False
ablation,tv_dro_energy_0_workload_0,tv_dro,2025-10-01,64,False,False,20,,0.01,0.7,20.0,optimal_decomposed,13.897302500001388,13.897143099995446,0.0,1,1,16307.664624421875,533.9055933035863,16841.57021772546,15976.02417258403,16509.929765887617,181231.52061804183,0.0,51.074861275375255,0.0,0.0,0.0,False,False,False
ablation,tv_dro_energy_0_workload_0,tv_dro,2025-10-01,65,False,False,20,,0.01,0.7,20.0,optimal_decomposed,13.897302500001388,13.897143099995446,0.0,1,1,16307.664624421875,533.9055933035863,16841.57021772546,16848.419649998974,17382.32524330256,194591.2148754073,0.0,59.061881196444595,0.0,0.0,0.0,False,False,False
ablation,tv_dro_energy_0_workload_0,tv_dro,2025-10-01,66,False,False,20,,0.01,0.7,20.0,optimal_decomposed,13.897302500001388,13.897143099995446,0.0,1,1,16307.664624421875,533.9055933035863,16841.57021772546,16690.900208635983,17224.80580193957,202180.56349980368,0.0,66.16442011001968,0.0,0.0,0.0,False,False,False
ablation,tv_dro_energy_0_workload_0,tv_dro,2025-10-01,67,False,False,20,,0.01,0.7,20.0,optimal_decomposed,13.897302500001388,13.897143099995446,0.0,1,1,16307.664624421875,533.9055933035863,16841.57021772546,15774.771968125462,16308.67756142905,175907.67066798627,0.0,55.60373194105836,0.0,0.0,0.0,False,False,False
ablation,tv_dro_energy_0_workload_0,tv_dro,2025-10-01,68,False,False,20,,0.01,0.7,20.0,optimal_decomposed,13.897302500001388,13.897143099995446,0.0,1,1,16307.664624421875,533.9055933035863,16841.57021772546,17389.205205991842,17923.110799295428,219708.04728770765,0.051583126885832886,57.42759440382093,0.0,0.0,0.0,False,False,False
ablation,tv_dro_energy_0_workload_0,tv_dro,2025-10-01,69,False,False,20,,0.01,0.7,20.0,optimal_decomposed,13.897302500001388,13.897143099995446,0.0,1,1,16307.664624421875,533.9055933035863,16841.57021772546,17146.036123661404,17679.94171696499,215049.11529279893,0.0,60.74185824383109,0.0,0.0,0.0,False,False,False
ablation,tv_dro_energy_0_workload_0,tv_dro,2025-10-01,70,False,False,20,,0.01,0.7,20.0,optimal_decomposed,13.897302500001388,13.897143099995446,0.0,1,1,16307.664624421875,533.9055933035863,16841.57021772546,16773.802228193996,17307.70782149758,206220.53480254704,0.0,58.25125693766386,0.0,0.0,0.0,False,False,False
ablation,tv_dro_energy_0_workload_0,tv_dro,2025-10-01,71,False,False,20,,0.01,0.7,20.0,optimal_decomposed,13.897302500001388,13.897143099995446,0.0,1,1,16307.664624421875,533.9055933035863,16841.57021772546,15886.820496693806,16420.72608999739,186766.5397431009,0.15153533247422335,62.99970956488421,0.0,0.0,0.0,False,False,False
ablation,tv_dro_energy_0_workload_0,tv_dro,2025-10-01,72,False,False,20,,0.01,0.7,20.0,optimal_decomposed,13.897302500001388,13.897143099995446,0.0,1,1,16307.664624421875,533.9055933035863,16841.57021772546,16122.814249852827,16656.719843156414,188487.1691854494,0.05158313039896045,61.80166414686776,0.0,0.0,0.0,False,False,False
ablation,tv_dro_energy_0_workload_0,tv_dro,2025-10-01,73,False,False,20,,0.01,0.7,20.0,optimal_decomposed,13.897302500001388,13.897143099995446,0.0,1,1,16307.664624421875,533.9055933035863,16841.57021772546,16390.789997369215,16924.6955906728,191415.24135522125,0.0,54.349806933628095,0.0,0.0,0.0,False,False,False
ablation,tv_dro_energy_0_workload_0,tv_dro,2025-10-01,74,False,False,20,,0.01,0.7,20.0,optimal_decomposed,13.897302500001388,13.897143099995446,0.0,1,1,16307.664624421875,533.9055933035863,16841.57021772546,16060.825596788016,16594.731190091603,179432.96380904087,0.0,57.648237311588865,0.0,0.0,0.0,False,False,False
ablation,tv_dro_energy_0_workload_0,tv_dro,2025-10-01,75,False,False,20,,0.01,0.7,20.0,optimal_decomposed,13.897302500001388,13.897143099995446,0.0,1,1,16307.664624421875,533.9055933035863,16841.57021772546,16559.59301630909,17093.498609612674,197223.46735536205,0.12898846405826928,53.13263381476294,0.0,0.0,0.0,False,False,False
ablation,tv_dro_energy_0_workload_0,tv_dro,2025-10-01,76,False,False,20,,0.01,0.7,20.0,optimal_decomposed,13.897302500001388,13.897143099995446,0.0,1,1,16307.664624421875,533.9055933035863,16841.57021772546,17020.76341235322,17554.669005656804,213651.5583361127,0.0,56.445433300692095,0.0,0.0,0.0,False,False,False
ablation,tv_dro_energy_0_workload_0,tv_dro,2025-10-01,77,False,False,20,,0.01,0.7,20.0,optimal_decomposed,13.897302500001388,13.897143099995446,0.0,1,1,16307.664624421875,533.9055933035863,16841.57021772546,16048.919747037859,16582.825340341446,179418.70096888443,0.04503654885965369,55.54602852462417,0.0,0.0,0.0,False,False,False
ablation,tv_dro_energy_0_workload_0,tv_dro,2025-10-01,78,False,False,20,,0.01,0.7,20.0,optimal_decomposed,13.897302500001388,13.897143099995446,0.0,1,1,16307.664624421875,533.9055933035863,16841.57021772546,15981.606193399839,16515.511786703424,183944.87462613752,0.08302072881581846,54.03385528614935,0.0,0.0,0.0,False,False,False
ablation,tv_dro_energy_0_workload_0,tv_dro,2025-10-01,79,False,False,20,,0.01,0.7,20.0,optimal_decomposed,13.897302500001388,13.897143099995446,0.0,1,1,16307.664624421875,533.9055933035863,16841.57021772546,17050.14185486218,17584.047448165766,207173.68106695364,0.0,53.665597495670596,0.0,0.0,0.0,False,False,False
ablation,tv_dro_energy_0_workload_0,tv_dro,2025-10-01,80,False,False,20,,0.01,0.7,20.0,optimal_decomposed,13.897302500001388,13.897143099995446,0.0,1,1,16307.664624421875,533.9055933035863,16841.57021772546,16819.76757849949,17353.673171803075,206421.44178093458,0.0,53.054387945786914,0.0,0.0,0.0,False,False,False
ablation,tv_dro_energy_0_workload_0,tv_dro,2025-10-01,81,False,False,20,,0.01,0.7,20.0,optimal_decomposed,13.897302500001388,13.897143099995446,0.0,1,1,16307.664624421875,533.9055933035863,16841.57021772546,16569.130957930975,17103.03655123456,192169.29250151044,0.07114112112657242,63.10204367407494,0.0,0.0,0.0,False,False,False
ablation,tv_dro_energy_0_workload_0,tv_dro,2025-10-01,82,False,False,20,,0.01,0.7,20.0,optimal_decomposed,13.897302500001388,13.897143099995446,0.0,1,1,16307.664624421875,533.9055933035863,16841.57021772546,16050.514257755554,16584.41985105914,187348.27837129458,0.019507323756886713,49.51706089585513,0.0,0.0,0.0,False,False,False
ablation,tv_dro_energy_0_workload_0,tv_dro,2025-10-01,83,False,False,20,,0.01,0.7,20.0,optimal_decomposed,13.897302500001388,13.897143099995446,0.0,1,1,16307.664624421875,533.9055933035863,16841.57021772546,16918.74284698081,17452.648440284396,209546.4578385784,0.0,52.8418128299217,0.0,0.0,0.0,False,False,False
ablation,tv_dro_energy_0_workload_0,tv_dro,2025-10-01,84,False,False,20,,0.01,0.7,20.0,optimal_decomposed,13.897302500001388,13.897143099995446,0.0,1,1,16307.664624421875,533.9055933035863,16841.57021772546,17245.80667510573,17779.712268409316,209449.7074277929,0.06531101817531212,51.527506882177065,0.0,0.0,0.0,False,False,False
ablation,tv_dro_energy_0_workload_0,tv_dro,2025-10-01,85,False,False,20,,0.01,0.7,20.0,optimal_decomposed,13.897302500001388,13.897143099995446,0.0,1,1,16307.664624421875,533.9055933035863,16841.57021772546,16663.31947581022,17197.225069113807,198937.73351231057,0.0,61.246775647345665,0.0,0.0,0.0,False,False,False
ablation,tv_dro_energy_0_workload_0,tv_dro,2025-10-01,86,False,False,20,,0.01,0.7,20.0,optimal_decomposed,13.897302500001388,13.897143099995446,0.0,1,1,16307.664624421875,533.9055933035863,16841.57021772546,16678.902696034922,17212.808289338507,197671.80977190562,0.02332421325594833,48.816042258299326,0.0,0.0,0.0,False,False,False
ablation,tv_dro_energy_0_workload_0,tv_dro,2025-10-01,87,False,False,20,,0.01,0.7,20.0,optimal_decomposed,13.897302500001388,13.897143099995446,0.0,1,1,16307.664624421875,533.9055933035863,16841.57021772546,15607.918419883685,16141.824013187272,175028.8858295361,0.13713358617999966,54.62748420589888,0.0,0.0,0.0,False,False,False
ablation,tv_dro_energy_0_workload_0,tv_dro,2025-10-01,88,False,False,20,,0.01,0.7,20.0,optimal_decomposed,13.897302500001388,13.897143099995446,0.0,1,1,16307.664624421875,533.9055933035863,16841.57021772546,16010.373538431668,16544.279131735253,177978.89623573472,0.003119475641962799,60.39608006078487,0.0,0.0,0.0,False,False,False
ablation,tv_dro_energy_0_workload_0,tv_dro,2025-10-01,89,False,False,20,,0.01,0.7,20.0,optimal_decomposed,13.897302500001388,13.897143099995446,0.0,1,1,16307.664624421875,533.9055933035863,16841.57021772546,16438.50840849758,16972.414001801164,194496.00612697884,0.0,54.30019916629559,0.0,0.0,0.0,False,False,False
ablation,tv_dro_energy_0_workload_0,tv_dro,2025-10-01,90,False,False,20,,0.01,0.7,20.0,optimal_decomposed,13.897302500001388,13.897143099995446,0.0,1,1,16307.664624421875,533.9055933035863,16841.57021772546,16221.44344394078,16755.349037244367,189803.84838654994,0.19281190040593837,59.08337491530465,0.0,0.0,0.0,False,False,False
ablation,tv_dro_energy_0_workload_0,tv_dro,2025-10-01,91,False,False,20,,0.01,0.7,20.0,optimal_decomposed,13.897302500001388,13.897143099995446,0.0,1,1,16307.664624421875,533.9055933035863,16841.57021772546,15512.038069384394,16045.943662687981,167908.3416715436,0.04657349542650069,54.632219002948,0.0,0.0,0.0,False,False,False
ablation,tv_dro_energy_0_workload_0,tv_dro,2025-10-01,92,False,False,20,,0.01,0.7,20.0,optimal_decomposed,13.897302500001388,13.897143099995446,0.0,1,1,16307.664624421875,533.9055933035863,16841.57021772546,16317.332416272748,16851.238009576333,182843.22815992983,0.0,45.39316613727797,0.0,0.0,0.0,False,False,False
ablation,tv_dro_energy_0_workload_0,tv_dro,2025-10-01,93,False,False,20,,0.01,0.7,20.0,optimal_decomposed,13.897302500001388,13.897143099995446,0.0,1,1,16307.664624421875,533.9055933035863,16841.57021772546,16207.374734548519,16741.280327852106,195367.8175964881,0.0,57.52767790463322,0.0,0.0,0.0,False,False,False
ablation,tv_dro_energy_0_workload_0,tv_dro,2025-10-01,94,False,False,20,,0.01,0.7,20.0,optimal_decomposed,13.897302500001388,13.897143099995446,0.0,1,1,16307.664624421875,533.9055933035863,16841.57021772546,16216.481037783047,16750.386631086632,186615.570948036,0.0,51.04681877798069,0.0,0.0,0.0,False,False,False
ablation,tv_dro_energy_0_workload_0,tv_dro,2025-10-01,95,False,False,20,,0.01,0.7,20.0,optimal_decomposed,13.897302500001388,13.897143099995446,0.0,1,1,16307.664624421875,533.9055933035863,16841.57021772546,15941.692962777024,16475.59855608061,182899.57699758583,0.0,58.103259747066566,0.0,0.0,0.0,False,False,False
ablation,tv_dro_energy_0_workload_0,tv_dro,2025-10-01,96,False,False,20,,0.01,0.7,20.0,optimal_decomposed,13.897302500001388,13.897143099995446,0.0,1,1,16307.664624421875,533.9055933035863,16841.57021772546,16139.010715116769,16672.916308420354,189139.76901658624,0.025193990065432798,54.15301388357237,0.0,0.0,0.0,False,False,False
ablation,tv_dro_energy_0_workload_0,tv_dro,2025-10-01,97,False,False,20,,0.01,0.7,20.0,optimal_decomposed,13.897302500001388,13.897143099995446,0.0,1,1,16307.664624421875,533.9055933035863,16841.57021772546,16165.807890567705,16699.713483871292,187323.8385232022,0.0,56.62691788096732,0.0,0.0,0.0,False,False,False
ablation,tv_dro_energy_0_workload_0,tv_dro,2025-10-01,98,False,False,20,,0.01,0.7,20.0,optimal_decomposed,13.897302500001388,13.897143099995446,0.0,1,1,16307.664624421875,533.9055933035863,16841.57021772546,16294.15375841797,16828.059351721557,187804.81628611186,0.04765627545035647,49.29770202017218,0.0,0.0,0.0,False,False,False
ablation,tv_dro_energy_0_workload_0,tv_dro,2025-10-01,99,False,False,20,,0.01,0.7,20.0,optimal_decomposed,13.897302500001388,13.897143099995446,0.0,1,1,16307.664624421875,533.9055933035863,16841.57021772546,16034.013505970799,16567.919099274386,184767.24830217496,0.060503008955701376,55.61639947119845,0.0,0.0,0.0,False,False,False
ablation,tv_dro_energy_1_workload_0,tv_dro,2025-01-01,0,True,False,20,,0.01,0.7,20.0,optimal_decomposed,70.3879503999924,70.38724919999368,0.0,1,2,15664.811973990281,174.34157851920813,15839.15355250949,14834.878947075133,15009.22052559434,170319.33353431983,1.2881890838736005,51.04820390208187,0.0,0.0,0.0,False,False,False
ablation,tv_dro_energy_1_workload_0,tv_dro,2025-01-01,1,True,False,20,,0.01,0.7,20.0,optimal_decomposed,70.3879503999924,70.38724919999368,0.0,1,2,15664.811973990281,174.34157851920813,15839.15355250949,15838.85854847641,16013.200126995618,190458.22127103098,0.08684864855887026,57.1313548444295,0.0,0.0,0.0,False,False,False
ablation,tv_dro_energy_1_workload_0,tv_dro,2025-01-01,2,True,False,20,,0.01,0.7,20.0,optimal_decomposed,70.3879503999924,70.38724919999368,0.0,1,2,15664.811973990281,174.34157851920813,15839.15355250949,15498.120690291238,15672.462268810446,180766.73582184708,0.08188014820472636,45.54771239115119,0.0,0.0,0.0,False,False,False
ablation,tv_dro_energy_1_workload_0,tv_dro,2025-01-01,3,True,False,20,,0.01,0.7,20.0,optimal_decomposed,70.3879503999924,70.38724919999368,0.0,1,2,15664.811973990281,174.34157851920813,15839.15355250949,15725.248871834414,15899.590450353622,189841.59400264776,0.3331967708709079,51.74753413670369,0.0,0.0,0.0,False,False,False
ablation,tv_dro_energy_1_workload_0,tv_dro,2025-01-01,4,True,False,20,,0.01,0.7,20.0,optimal_decomposed,70.3879503999924,70.38724919999368,0.0,1,2,15664.811973990281,174.34157851920813,15839.15355250949,15643.077021594812,15817.41860011402,185369.70755345235,0.0632302808889269,49.60722063489822,0.0,0.0,0.0,False,False,False
ablation,tv_dro_energy_1_workload_0,tv_dro,2025-01-01,5,True,False,20,,0.01,0.7,20.0,optimal_decomposed,70.3879503999924,70.38724919999368,0.0,1,2,15664.811973990281,174.34157851920813,15839.15355250949,16038.63723028528,16212.978808804488,200953.73350550208,0.0,53.25075974729189,0.0,0.0,0.0,False,False,False
ablation,tv_dro_energy_1_workload_0,tv_dro,2025-01-01,6,True,False,20,,0.01,0.7,20.0,optimal_decomposed,70.3879503999924,70.38724919999368,0.0,1,2,15664.811973990281,174.34157851920813,15839.15355250949,15936.216436773999,16110.558015293207,194243.68548682198,0.2853949683910522,47.23675734934369,0.0,0.0,0.0,False,False,False
ablation,tv_dro_energy_1_workload_0,tv_dro,2025-01-01,7,True,False,20,,0.01,0.7,20.0,optimal_decomposed,70.3879503999924,70.38724919999368,0.0,1,2,15664.811973990281,174.34157851920813,15839.15355250949,15294.046968318755,15468.388546837963,175713.23215254233,0.019384031851351097,50.34073253590741,0.0,0.0,0.0,False,False,False
ablation,tv_dro_energy_1_workload_0,tv_dro,2025-01-01,8,True,False,20,,0.01,0.7,20.0,optimal_decomposed,70.3879503999924,70.38724919999368,0.0,1,2,15664.811973990281,174.34157851920813,15839.15355250949,15837.55956691046,16011.901145429669,190242.9319505657,0.15842303005788594,52.41016844072804,0.0,0.0,0.0,False,False,False
ablation,tv_dro_energy_1_workload_0,tv_dro,2025-01-01,9,True,False,20,,0.01,0.7,20.0,optimal_decomposed,70.3879503999924,70.38724919999368,0.0,1,2,15664.811973990281,174.34157851920813,15839.15355250949,15837.81669488298,16012.158273402189,192706.65242402407,0.10980510225080364,59.350873104501375,0.0,0.0,0.0,False,False,False
ablation,tv_dro_energy_1_workload_0,tv_dro,2025-01-01,10,True,False,20,,0.01,0.7,20.0,optimal_decomposed,70.3879503999924,70.38724919999368,0.0,1,2,15664.811973990281,174.34157851920813,15839.15355250949,15510.35477099119,15684.6963495104,183646.2676424048,0.6294418002763915,51.556343080215555,0.0,0.0,0.0,False,False,False
ablation,tv_dro_energy_1_workload_0,tv_dro,2025-01-01,11,True,False,20,,0.01,0.7,20.0,optimal_decomposed,70.3879503999924,70.38724919999368,0.0,1,2,15664.811973990281,174.34157851920813,15839.15355250949,15263.439264085746,15437.780842604954,183437.75043233958,0.0,42.96709100035067,0.0,0.0,0.0,False,False,False
ablation,tv_dro_energy_1_workload_0,tv_dro,2025-01-01,12,True,False,20,,0.01,0.7,20.0,optimal_decomposed,70.3879503999924,70.38724919999368,0.0,1,2,15664.811973990281,174.34157851920813,15839.15355250949,15856.30210234221,16030.643680861418,195931.20694478977,0.0,45.09218331988398,0.0,0.0,0.0,False,False,False
ablation,tv_dro_energy_1_workload_0,tv_dro,2025-01-01,13,True,False,20,,0.01,0.7,20.0,optimal_decomposed,70.3879503999924,70.38724919999368,0.0,1,2,15664.811973990281,174.34157851920813,15839.15355250949,16094.240863045223,16268.582441564431,198491.11013662186,0.48803097912239396,52.54911905324784,0.0,0.0,0.0,False,False,False
ablation,tv_dro_energy_1_workload_0,tv_dro,2025-01-01,14,True,False,20,,0.01,0.7,20.0,optimal_decomposed,70.3879503999924,70.38724919999368,0.0,1,2,15664.811973990281,174.34157851920813,15839.15355250949,15113.87031135147,15288.211889870678,178259.73024392733,0.3090028902263973,108.87884657314231,0.0,0.8464736364428271,1.3080871850094833,False,True,True
ablation,tv_dro_energy_1_workload_0,tv_dro,2025-01-01,15,True,False,20,,0.01,0.7,20.0,optimal_decomposed,70.3879503999924,70.38724919999368,0.0,1,2,15664.811973990281,174.34157851920813,15839.15355250949,15347.873354578738,15522.214933097946,174296.21541347468,0.021678658843421378,45.01276789757691,0.0,0.0,0.0,False,False,False
ablation,tv_dro_energy_1_workload_0,tv_dro,2025-01-01,16,True,False,20,,0.01,0.7,20.0,optimal_decomposed,70.3879503999924,70.38724919999368,0.0,1,2,15664.811973990281,174.34157851920813,15839.15355250949,15072.626078072568,15246.967656591776,170868.65241554962,0.03606366855062573,46.91581632357876,0.0,0.0,0.0,False,False,False
ablation,tv_dro_energy_1_workload_0,tv_dro,2025-01-01,17,True,False,20,,0.01,0.7,20.0,optimal_decomposed,70.3879503999924,70.38724919999368,0.0,1,2,15664.811973990281,174.34157851920813,15839.15355250949,15322.310398074354,15496.651976593563,178061.8075929522,0.28666265692567683,55.7189533797611,0.0,0.0,0.0,False,False,False
ablation,tv_dro_energy_1_workload_0,tv_dro,2025-01-01,18,True,False,20,,0.01,0.7,20.0,optimal_decomposed,70.3879503999924,70.38724919999368,0.0,1,2,15664.811973990281,174.34157851920813,15839.15355250949,15704.710062664992,15879.0516411842,190268.29476946508,0.0,55.11927045133469,0.0,0.0,0.0,False,False,False
ablation,tv_dro_energy_1_workload_0,tv_dro,2025-01-01,19,True,False,20,,0.01,0.7,20.0,optimal_decomposed,70.3879503999924,70.38724919999368,0.0,1,2,15664.811973990281,174.34157851920813,15839.15355250949,15572.856886878488,15747.198465397696,189490.3305172095,0.08097823354357891,51.941981921056545,0.0,0.0,0.0,False,False,False
ablation,tv_dro_energy_1_workload_0,tv_dro,2025-01-01,20,True,False,20,,0.01,0.7,20.0,optimal_decomposed,70.3879503999924,70.38724919999368,0.0,1,2,15664.811973990281,174.34157851920813,15839.15355250949,16102.100496858986,16276.442075378194,193971.00123759246,0.0,46.56561732532325,0.0,0.0,0.0,False,False,False
ablation,tv_dro_energy_1_workload_0,tv_dro,2025-01-01,21,True,False,20,,0.01,0.7,20.0,optimal_decomposed,70.3879503999924,70.38724919999368,0.0,1,2,15664.811973990281,174.34157851920813,15839.15355250949,15160.627095503754,15334.968674022963,174899.45650982793,0.14558437698452803,44.82025631257112,0.0,0.0,0.0,False,False,False
ablation,tv_dro_energy_1_workload_0,tv_dro,2025-01-01,22,True,False,20,,0.01,0.7,20.0,optimal_decomposed,70.3879503999924,70.38724919999368,0.0,1,2,15664.811973990281,174.34157851920813,15839.15355250949,15831.679901357458,16006.021479876666,190420.8970941852,0.013773742885957896,49.86045656070431,0.0,0.0,0.0,False,False,False
ablation,tv_dro_energy_1_workload_0,tv_dro,2025-01-01,23,True,False,20,,0.01,0.7,20.0,optimal_decomposed,70.3879503999924,70.38724919999368,0.0,1,2,15664.811973990281,174.34157851920813,15839.15355250949,15914.729363854694,16089.070942373903,189972.8287345586,0.0,48.32871215823171,0.0,0.0,0.0,False,False,False
ablation,tv_dro_energy_1_workload_0,tv_dro,2025-01-01,24,True,False,20,,0.01,0.7,20.0,optimal_decomposed,70.3879503999924,70.38724919999368,0.0,1,2,15664.811973990281,174.34157851920813,15839.15355250949,15314.776675922289,15489.118254441497,180434.95836418786,0.10567313604808662,52.18002690072413,0.0,0.0,0.0,False,False,False
ablation,tv_dro_energy_1_workload_0,tv_dro,2025-01-01,25,True,False,20,,0.01,0.7,20.0,optimal_decomposed,70.3879503999924,70.38724919999368,0.0,1,2,15664.811973990281,174.34157851920813,15839.15355250949,16807.545360608732,16981.88693912794,221307.3462482022,0.0,46.324150306820805,0.0,0.0,0.0,False,False,False
ablation,tv_dro_energy_1_workload_0,tv_dro,2025-01-01,26,True,False,20,,0.01,0.7,20.0,optimal_decomposed,70.3879503999924,70.38724919999368,0.0,1,2,15664.811973990281,174.34157851920813,15839.15355250949,15819.3377189241,15993.679297443308,186576.06381168915,0.5791860011962765,55.201850685987395,0.0,0.0,0.0,False,False,False
ablation,tv_dro_energy_1_workload_0,tv_dro,2025-01-01,27,True,False,20,,0.01,0.7,20.0,optimal_decomposed,70.3879503999924,70.38724919999368,0.0,1,2,15664.811973990281,174.34157851920813,15839.15355250949,14544.97579612116,14719.317374640368,169075.48904801055,0.5321119056580681,55.728787283582875,0.0,0.0,0.0,False,False,False
ablation,tv_dro_energy_1_workload_0,tv_dro,2025-01-01,28,True,False,20,,0.01,0.7,20.0,optimal_decomposed,70.3879503999924,70.38724919999368,0.0,1,2,15664.811973990281,174.34157851920813,15839.15355250949,15615.007906251325,15789.349484770533,185818.67547518812,0.0421883548134159,40.923577034050155,0.0,0.0,0.0,False,False,False
ablation,tv_dro_energy_1_workload_0,tv_dro,2025-01-01,29,True,False,20,,0.01,0.7,20.0,optimal_decomposed,70.3879503999924,70.38724919999368,0.0,1,2,15664.811973990281,174.34157851920813,15839.15355250949,15880.199514510221,16054.54109302943,195763.16715675438,0.030916769877295164,39.36964137089935,0.0,0.0,0.0,False,False,False
ablation,tv_dro_energy_1_workload_0,tv_dro,2025-01-01,30,True,False,20,,0.01,0.7,20.0,optimal_decomposed,70.3879503999924,70.38724919999368,0.0,1,2,15664.811973990281,174.34157851920813,15839.15355250949,14996.863287208374,15171.204865727583,165181.00614676374,0.0,46.05277661391582,0.0,0.0,0.0,False,False,False
ablation,tv_dro_energy_1_workload_0,tv_dro,2025-01-01,31,True,False,20,,0.01,0.7,20.0,optimal_decomposed,70.3879503999924,70.38724919999368,0.0,1,2,15664.811973990281,174.34157851920813,15839.15355250949,15896.735281076277,16071.076859595485,202225.0532266395,0.07072160806128847,50.06171463347296,0.0,0.0,0.0,False,False,False
ablation,tv_dro_energy_1_workload_0,tv_dro,2025-01-01,32,True,False,20,,0.01,0.7,20.0,optimal_decomposed,70.3879503999924,70.38724919999368,0.0,1,2,15664.811973990281,174.34157851920813,15839.15355250949,15673.190896347092,15847.5324748663,184441.38033088384,0.0,48.851899489172034,0.0,0.0,0.0,False,False,False
ablation,tv_dro_energy_1_workload_0,tv_dro,2025-01-01,33,True,False,20,,0.01,0.7,20.0,optimal_decomposed,70.3879503999924,70.38724919999368,0.0,1,2,15664.811973990281,174.34157851920813,15839.15355250949,16911.245134105204,17085.586712624412,220083.71633060806,0.5388432211255527,61.27671783883617,0.0,0.0,0.0,False,False,False
ablation,tv_dro_energy_1_workload_0,tv_dro,2025-01-01,34,True,False,20,,0.01,0.7,20.0,optimal_decomposed,70.3879503999924,70.38724919999368,0.0,1,2,15664.811973990281,174.34157851920813,15839.15355250949,16135.604003441817,16309.945581961025,194632.35401418747,1.3014075668631209,51.890692981773824,0.0,0.0,0.0,False,False,False
ablation,tv_dro_energy_1_workload_0,tv_dro,2025-01-01,35,True,False,20,,0.01,0.7,20.0,optimal_decomposed,70.3879503999924,70.38724919999368,0.0,1,2,15664.811973990281,174.34157851920813,15839.15355250949,14899.610922286121,15073.95250080533,176642.9680474912,0.16265842378374773,55.1005308469847,0.0,0.0,0.0,False,False,False
ablation,tv_dro_energy_1_workload_0,tv_dro,2025-01-01,36,True,False,20,,0.01,0.7,20.0,optimal_decomposed,70.3879503999924,70.38724919999368,0.0,1,2,15664.811973990281,174.34157851920813,15839.15355250949,15200.810207452372,15375.15178597158,174606.99834285516,0.0,54.527548197846,0.0,0.0,0.0,False,False,False
ablation,tv_dro_energy_1_workload_0,tv_dro,2025-01-01,37,True,False,20,,0.01,0.7,20.0,optimal_decomposed,70.3879503999924,70.38724919999368,0.0,1,2,15664.811973990281,174.34157851920813,15839.15355250949,15481.05525245736,15655.396830976568,183199.85067051084,0.0,41.71527969451704,0.0,0.0,0.0,False,False,False
ablation,tv_dro_energy_1_workload_0,tv_dro,2025-01-01,38,True,False,20,,0.01,0.7,20.0,optimal_decomposed,70.3879503999924,70.38724919999368,0.0,1,2,15664.811973990281,174.34157851920813,15839.15355250949,15439.513998486183,15613.855577005392,184895.68308033235,0.0,48.7728350367689,0.0,0.0,0.0,False,False,False
ablation,tv_dro_energy_1_workload_0,tv_dro,2025-01-01,39,True,False,20,,0.01,0.7,20.0,optimal_decomposed,70.3879503999924,70.38724919999368,0.0,1,2,15664.811973990281,174.34157851920813,15839.15355250949,15661.224734693875,15835.566313213083,195309.8949583596,0.057814929904075885,40.60264914013854,0.0,0.0,0.0,False,False,False
ablation,tv_dro_energy_1_workload_0,tv_dro,2025-01-01,40,True,False,20,,0.01,0.7,20.0,optimal_decomposed,70.3879503999924,70.38724919999368,0.0,1,2,15664.811973990281,174.34157851920813,15839.15355250949,16165.73249627422,16340.074074793429,196499.4396728054,0.5470174449661275,43.147349724066586,0.0,0.0,0.0,False,False,False
ablation,tv_dro_energy_1_workload_0,tv_dro,2025-01-01,41,True,False,20,,0.01,0.7,20.0,optimal_decomposed,70.3879503999924,70.38724919999368,0.0,1,2,15664.811973990281,174.34157851920813,15839.15355250949,15605.052753297357,15779.394331816566,191145.2526579354,0.012079899654208304,37.36022277282213,0.0,0.0,0.0,False,False,False
ablation,tv_dro_energy_1_workload_0,tv_dro,2025-01-01,42,True,False,20,,0.01,0.7,20.0,optimal_decomposed,70.3879503999924,70.38724919999368,0.0,1,2,15664.811973990281,174.34157851920813,15839.15355250949,16260.486276459795,16434.827854979,192151.9365054006,0.0,55.02383897536878,0.0,0.0,0.0,False,False,False
ablation,tv_dro_energy_1_workload_0,tv_dro,2025-01-01,43,True,False,20,,0.01,0.7,20.0,optimal_decomposed,70.3879503999924,70.38724919999368,0.0,1,2,15664.811973990281,174.34157851920813,15839.15355250949,15070.117216597933,15244.458795117142,172295.8952292083,0.13724718452205356,52.545004475050085,0.0,0.0,0.0,False,False,False
ablation,tv_dro_energy_1_workload_0,tv_dro,2025-01-01,44,True,False,20,,0.01,0.7,20.0,optimal_decomposed,70.3879503999924,70.38724919999368,0.0,1,2,15664.811973990281,174.34157851920813,15839.15355250949,15260.821141379176,15435.162719898384,180345.33699318292,0.9283686539022025,49.55019329225196,0.0,0.0,0.0,False,False,False
ablation,tv_dro_energy_1_workload_0,tv_dro,2025-01-01,45,True,False,20,,0.01,0.7,20.0,optimal_decomposed,70.3879503999924,70.38724919999368,0.0,1,2,15664.811973990281,174.34157851920813,15839.15355250949,16337.808621459348,16512.150199978554,196856.79819545298,0.672102460772013,54.971005983951684,0.0,0.0,0.0,False,False,False
ablation,tv_dro_energy_1_workload_0,tv_dro,2025-01-01,46,True,False,20,,0.01,0.7,20.0,optimal_decomposed,70.3879503999924,70.38724919999368,0.0,1,2,15664.811973990281,174.34157851920813,15839.15355250949,15793.046522519608,15967.388101038816,189072.7590636289,0.6116550685774915,50.346068619562494,0.0,0.0,0.0,False,False,False
ablation,tv_dro_energy_1_workload_0,tv_dro,2025-01-01,47,True,False,20,,0.01,0.7,20.0,optimal_decomposed,70.3879503999924,70.38724919999368,0.0,1,2,15664.811973990281,174.34157851920813,15839.15355250949,15732.948318429351,15907.28989694856,195736.97318167004,0.0,51.70784921370784,0.0,0.0,0.0,False,False,False
ablation,tv_dro_energy_1_workload_0,tv_dro,2025-01-01,48,True,False,20,,0.01,0.7,20.0,optimal_decomposed,70.3879503999924,70.38724919999368,0.0,1,2,15664.811973990281,174.34157851920813,15839.15355250949,16096.607151117889,16270.948729637097,206784.30683799458,0.0,48.33349069738925,0.0,0.0,0.0,False,False,False
ablation,tv_dro_energy_1_workload_0,tv_dro,2025-01-01,49,True,False,20,,0.01,0.7,20.0,optimal_decomposed,70.3879503999924,70.38724919999368,0.0,1,2,15664.811973990281,174.34157851920813,15839.15355250949,16015.055322139793,16189.396900659001,200914.2732874375,0.04570459077504027,50.9048162002507,0.0,0.0,0.0,False,False,False
ablation,tv_dro_energy_1_workload_0,tv_dro,2025-01-01,50,True,False,20,,0.01,0.7,20.0,optimal_decomposed,70.3879503999924,70.38724919999368,0.0,1,2,15664.811973990281,174.34157851920813,15839.15355250949,15654.913773586306,15829.255352105514,188880.97161560864,0.0,55.95383503646853,0.0,0.0,0.0,False,False,False
ablation,tv_dro_energy_1_workload_0,tv_dro,2025-01-01,51,True,False,20,,0.01,0.7,20.0,optimal_decomposed,70.3879503999924,70.38724919999368,0.0,1,2,15664.811973990281,174.34157851920813,15839.15355250949,15580.653373708117,15754.994952227325,179698.05802109363,0.0,48.84230358908752,0.0,0.0,0.0,False,False,False
ablation,tv_dro_energy_1_workload_0,tv_dro,2025-01-01,52,True,False,20,,0.01,0.7,20.0,optimal_decomposed,70.3879503999924,70.38724919999368,0.0,1,2,15664.811973990281,174.34157851920813,15839.15355250949,16237.667661667856,16412.009240187064,201737.68424024322,0.8234349419158067,56.36128487168181,0.0,0.0,0.0,False,False,False
ablation,tv_dro_energy_1_workload_0,tv_dro,2025-01-01,53,True,False,20,,0.01,0.7,20.0,optimal_decomposed,70.3879503999924,70.38724919999368,0.0,1,2,15664.811973990281,174.34157851920813,15839.15355250949,15448.35467701466,15622.696255533869,183232.84393671644,0.0,44.7922342833778,0.0,0.0,0.0,False,False,False
ablation,tv_dro_energy_1_workload_0,tv_dro,2025-01-01,54,True,False,20,,0.01,0.7,20.0,optimal_decomposed,70.3879503999924,70.38724919999368,0.0,1,2,15664.811973990281,174.34157851920813,15839.15355250949,15992.36702036614,16166.708598885349,201223.39388352426,0.0,46.50708677098882,0.0,0.0,0.0,False,False,False
ablation,tv_dro_energy_1_workload_0,tv_dro,2025-01-01,55,True,False,20,,0.01,0.7,20.0,optimal_decomposed,70.3879503999924,70.38724919999368,0.0,1,2,15664.811973990281,174.34157851920813,15839.15355250949,15636.614649263149,15810.956227782357,185333.57497887107,0.11850575489596782,55.273163947749914,0.0,0.0,0.0,False,False,False
ablation,tv_dro_energy_1_workload_0,tv_dro,2025-01-01,56,True,False,20,,0.01,0.7,20.0,optimal_decomposed,70.3879503999924,70.38724919999368,0.0,1,2,15664.811973990281,174.34157851920813,15839.15355250949,15954.9939085014,16129.335487020608,192487.99291268873,0.00531490235267737,40.196593110137194,0.0,0.0,0.0,False,False,False
ablation,tv_dro_energy_1_workload_0,tv_dro,2025-01-01,57,True,False,20,,0.01,0.7,20.0,optimal_decomposed,70.3879503999924,70.38724919999368,0.0,1,2,15664.811973990281,174.34157851920813,15839.15355250949,15636.346815330415,15810.688393849623,184976.63128582944,0.41038353448183457,50.16001695790393,0.0,0.0,0.0,False,False,False
ablation,tv_dro_energy_1_workload_0,tv_dro,2025-01-01,58,True,False,20,,0.01,0.7,20.0,optimal_decomposed,70.3879503999924,70.38724919999368,0.0,1,2,15664.811973990281,174.34157851920813,15839.15355250949,16231.721368393217,16406.062946912425,205836.0846793845,0.07452162511885652,57.153082913111184,0.0,0.0,0.0,False,False,False
ablation,tv_dro_energy_1_workload_0,tv_dro,2025-01-01,59,True,False,20,,0.01,0.7,20.0,optimal_decomposed,70.3879503999924,70.38724919999368,0.0,1,2,15664.811973990281,174.34157851920813,15839.15355250949,16303.151887109067,16477.493465628275,206651.64023421076,0.0,53.05996160695714,0.0,0.0,0.0,False,False,False
ablation,tv_dro_energy_1_workload_0,tv_dro,2025-01-01,60,True,False,20,,0.01,0.7,20.0,optimal_decomposed,70.3879503999924,70.38724919999368,0.0,1,2,15664.811973990281,174.34157851920813,15839.15355250949,15718.629654152817,15892.971232672026,194510.17404800977,0.07273788038766604,51.9240792115292,0.0,0.0,0.0,False,False,False
ablation,tv_dro_energy_1_workload_0,tv_dro,2025-01-01,61,True,False,20,,0.01,0.7,20.0,optimal_decomposed,70.3879503999924,70.38724919999368,0.0,1,2,15664.811973990281,174.34157851920813,15839.15355250949,15605.07073582345,15779.412314342659,190485.76311329514,0.03200460281438236,42.06304267873373,0.0,0.0,0.0,False,False,False
ablation,tv_dro_energy_1_workload_0,tv_dro,2025-01-01,62,True,False,20,,0.01,0.7,20.0,optimal_decomposed,70.3879503999924,70.38724919999368,0.0,1,2,15664.811973990281,174.34157851920813,15839.15355250949,15039.906072830523,15214.247651349731,176007.91891776706,0.8438242652632428,55.55401867725457,0.0,0.0,0.0,False,False,False
ablation,tv_dro_energy_1_workload_0,tv_dro,2025-01-01,63,True,False,20,,0.01,0.7,20.0,optimal_decomposed,70.3879503999924,70.38724919999368,0.0,1,2,15664.811973990281,174.34157851920813,15839.15355250949,15701.889199574849,15876.230778094057,184922.78547014773,0.030237710168281057,55.63742806038058,0.0,0.0,0.0,False,False,False
ablation,tv_dro_energy_1_workload_0,tv_dro,2025-01-01,64,True,False,20,,0.01,0.7,20.0,optimal_decomposed,70.3879503999924,70.38724919999368,0.0,1,2,15664.811973990281,174.34157851920813,15839.15355250949,15408.618534174131,15582.96011269334,173892.40813827244,0.1036049700708708,49.670121165012695,0.0,0.0,0.0,False,False,False
ablation,tv_dro_energy_1_workload_0,tv_dro,2025-01-01,65,True,False,20,,0.01,0.7,20.0,optimal_decomposed,70.3879503999924,70.38724919999368,0.0,1,2,15664.811973990281,174.34157851920813,15839.15355250949,15902.963851484543,16077.305430003751,189729.2768423332,0.19296842296319938,53.912711985939985,0.0,0.0,0.0,False,False,False
ablation,tv_dro_energy_1_workload_0,tv_dro,2025-01-01,66,True,False,20,,0.01,0.7,20.0,optimal_decomposed,70.3879503999924,70.38724919999368,0.0,1,2,15664.811973990281,174.34157851920813,15839.15355250949,15805.746094981194,15980.087673500402,193229.3903701894,0.0,57.05609160579368,0.0,0.0,0.0,False,False,False
ablation,tv_dro_energy_1_workload_0,tv_dro,2025-01-01,67,True,False,20,,0.01,0.7,20.0,optimal_decomposed,70.3879503999924,70.38724919999368,0.0,1,2,15664.811973990281,174.34157851920813,15839.15355250949,15109.098935408365,15283.440513927573,169690.03814229913,0.0,50.079354442949324,0.0,0.0,0.0,False,False,False
ablation,tv_dro_energy_1_workload_0,tv_dro,2025-01-01,68,True,False,20,,0.01,0.7,20.0,optimal_decomposed,70.3879503999924,70.38724919999368,0.0,1,2,15664.811973990281,174.34157851920813,15839.15355250949,16868.379526097957,17042.721104617165,214181.85659383578,0.0,55.39556276368478,0.0,0.0,0.0,False,False,False
ablation,tv_dro_energy_1_workload_0,tv_dro,2025-01-01,69,True,False,20,,0.01,0.7,20.0,optimal_decomposed,70.3879503999924,70.38724919999368,0.0,1,2,15664.811973990281,174.34157851920813,15839.15355250949,16149.957415351682,16324.29899387089,208057.73078639628,0.0,51.863253180081216,0.0,0.0,0.0,False,False,False
ablation,tv_dro_energy_1_workload_0,tv_dro,2025-01-01,70,True,False,20,,0.01,0.7,20.0,optimal_decomposed,70.3879503999924,70.38724919999368,0.0,1,2,15664.811973990281,174.34157851920813,15839.15355250949,15969.378261694848,16143.719840214057,201943.53564692393,0.0,55.211027991264665,0.0,0.0,0.0,False,False,False
ablation,tv_dro_energy_1_workload_0,tv_dro,2025-01-01,71,True,False,20,,0.01,0.7,20.0,optimal_decomposed,70.3879503999924,70.38724919999368,0.0,1,2,15664.811973990281,174.34157851920813,15839.15355250949,15660.18068059112,15834.522259110328,182073.6130993868,0.008352711610149222,56.518999411738264,0.0,0.0,0.0,False,False,False
ablation,tv_dro_energy_1_workload_0,tv_dro,2025-01-01,72,True,False,20,,0.01,0.7,20.0,optimal_decomposed,70.3879503999924,70.38724919999368,0.0,1,2,15664.811973990281,174.34157851920813,15839.15355250949,15329.609016523096,15503.950595042304,181509.34199237428,0.0,58.442727356232155,0.0,0.0,0.0,False,False,False
ablation,tv_dro_energy_1_workload_0,tv_dro,2025-01-01,73,True,False,20,,0.01,0.7,20.0,optimal_decomposed,70.3879503999924,70.38724919999368,0.0,1,2,15664.811973990281,174.34157851920813,15839.15355250949,15440.815068330945,15615.156646850153,184221.42600979784,0.19455210857617605,49.00318946889554,0.0,0.0,0.0,False,False,False
ablation,tv_dro_energy_1_workload_0,tv_dro,2025-01-01,74,True,False,20,,0.01,0.7,20.0,optimal_decomposed,70.3879503999924,70.38724919999368,0.0,1,2,15664.811973990281,174.34157851920813,15839.15355250949,15221.927213958748,15396.268792477957,172721.1699461829,0.14310545982978384,52.790662791126145,0.0,0.0,0.0,False,False,False
ablation,tv_dro_energy_1_workload_0,tv_dro,2025-01-01,75,True,False,20,,0.01,0.7,20.0,optimal_decomposed,70.3879503999924,70.38724919999368,0.0,1,2,15664.811973990281,174.34157851920813,15839.15355250949,15658.206958556588,15832.548537075796,191037.92493588795,0.17896047596245424,50.08475353543908,0.0,0.0,0.0,False,False,False
ablation,tv_dro_energy_1_workload_0,tv_dro,2025-01-01,76,True,False,20,,0.01,0.7,20.0,optimal_decomposed,70.3879503999924,70.38724919999368,0.0,1,2,15664.811973990281,174.34157851920813,15839.15355250949,15926.805039511504,16101.146618030712,210855.10647015172,0.07566712646798868,51.04966185959009,0.0,0.0,0.0,False,False,False
ablation,tv_dro_energy_1_workload_0,tv_dro,2025-01-01,77,True,False,20,,0.01,0.7,20.0,optimal_decomposed,70.3879503999924,70.38724919999368,0.0,1,2,15664.811973990281,174.34157851920813,15839.15355250949,15293.082674318259,15467.424252837467,173067.38471478142,0.0,45.79716582583353,0.0,0.0,0.0,False,False,False
ablation,tv_dro_energy_1_workload_0,tv_dro,2025-01-01,78,True,False,20,,0.01,0.7,20.0,optimal_decomposed,70.3879503999924,70.38724919999368,0.0,1,2,15664.811973990281,174.34157851920813,15839.15355250949,15289.203388077665,15463.544966596874,178140.51012198604,0.0,49.54229602716306,0.0,0.0,0.0,False,False,False
ablation,tv_dro_energy_1_workload_0,tv_dro,2025-01-01,79,True,False,20,,0.01,0.7,20.0,optimal_decomposed,70.3879503999924,70.38724919999368,0.0,1,2,15664.811973990281,174.34157851920813,15839.15355250949,16274.903994330727,16449.245572849934,199974.57433175703,0.363373131750815,48.016027881912784,0.0,0.0,0.0,False,False,False
ablation,tv_dro_energy_1_workload_0,tv_dro,2025-01-01,80,True,False,20,,0.01,0.7,20.0,optimal_decomposed,70.3879503999924,70.38724919999368,0.0,1,2,15664.811973990281,174.34157851920813,15839.15355250949,16053.569954339866,16227.911532859074,201195.06938455222,0.0,48.69896492576032,0.0,0.0,0.0,False,False,False
ablation,tv_dro_energy_1_workload_0,tv_dro,2025-01-01,81,True,False,20,,0.01,0.7,20.0,optimal_decomposed,70.3879503999924,70.38724919999368,0.0,1,2,15664.811973990281,174.34157851920813,15839.15355250949,15667.052331446648,15841.393909965856,185246.18360230487,0.124687834387083,58.979696994658546,0.0,0.0,0.0,False,False,False
ablation,tv_dro_energy_1_workload_0,tv_dro,2025-01-01,82,True,False,20,,0.01,0.7,20.0,optimal_decomposed,70.3879503999924,70.38724919999368,0.0,1,2,15664.811973990281,174.34157851920813,15839.15355250949,15352.587498429219,15526.929076948427,183190.21954849188,0.07305403701739724,44.73781209017465,0.0,0.0,0.0,False,False,False
ablation,tv_dro_energy_1_workload_0,tv_dro,2025-01-01,83,True,False,20,,0.01,0.7,20.0,optimal_decomposed,70.3879503999924,70.38724919999368,0.0,1,2,15664.811973990281,174.34157851920813,15839.15355250949,16043.51140072467,16217.852979243879,203008.0417713062,0.4283616358872674,43.69605584191027,0.0,0.0,0.0,False,False,False
ablation,tv_dro_energy_1_workload_0,tv_dro,2025-01-01,84,True,False,20,,0.01,0.7,20.0,optimal_decomposed,70.3879503999924,70.38724919999368,0.0,1,2,15664.811973990281,174.34157851920813,15839.15355250949,15886.753190965439,16061.094769484647,203516.38002222177,0.11651222011883869,41.630029791041274,0.0,0.0,0.0,False,False,False
ablation,tv_dro_energy_1_workload_0,tv_dro,2025-01-01,85,True,False,20,,0.01,0.7,20.0,optimal_decomposed,70.3879503999924,70.38724919999368,0.0,1,2,15664.811973990281,174.34157851920813,15839.15355250949,15847.710467401774,16022.052045920982,192814.41305036706,0.0,54.283956972797455,0.0,0.0,0.0,False,False,False
ablation,tv_dro_energy_1_workload_0,tv_dro,2025-01-01,86,True,False,20,,0.01,0.7,20.0,optimal_decomposed,70.3879503999924,70.38724919999368,0.0,1,2,15664.811973990281,174.34157851920813,15839.15355250949,16049.716701463647,16224.058279982855,194955.13099849614,0.07687092651645885,44.51876594170125,0.0,0.0,0.0,False,False,False
ablation,tv_dro_energy_1_workload_0,tv_dro,2025-01-01,87,True,False,20,,0.01,0.7,20.0,optimal_decomposed,70.3879503999924,70.38724919999368,0.0,1,2,15664.811973990281,174.34157851920813,15839.15355250949,15148.699978352079,15323.041556871287,171232.53938895155,0.15755769463181557,49.20329224890172,0.0,0.0,0.0,False,False,False
ablation,tv_dro_energy_1_workload_0,tv_dro,2025-01-01,88,True,False,20,,0.01,0.7,20.0,optimal_decomposed,70.3879503999924,70.38724919999368,0.0,1,2,15664.811973990281,174.34157851920813,15839.15355250949,15823.118982691358,15997.460561210566,172195.28307733027,1.3417437775795205,57.804059694639044,0.0,0.0,0.0,False,False,False
ablation,tv_dro_energy_1_workload_0,tv_dro,2025-01-01,89,True,False,20,,0.01,0.7,20.0,optimal_decomposed,70.3879503999924,70.38724919999368,0.0,1,2,15664.811973990281,174.34157851920813,15839.15355250949,16180.068843795227,16354.410422314435,190012.950637924,0.0,50.21203796506599,0.0,0.0,0.0,False,False,False
ablation,tv_dro_energy_1_workload_0,tv_dro,2025-01-01,90,True,False,20,,0.01,0.7,20.0,optimal_decomposed,70.3879503999924,70.38724919999368,0.0,1,2,15664.811973990281,174.34157851920813,15839.15355250949,15306.954386536252,15481.29596505546,184271.88419565922,0.14272223111062188,54.523524046575,0.0,0.0,0.0,False,False,False
ablation,tv_dro_energy_1_workload_0,tv_dro,2025-01-01,91,True,False,20,,0.01,0.7,20.0,optimal_decomposed,70.3879503999924,70.38724919999368,0.0,1,2,15664.811973990281,174.34157851920813,15839.15355250949,14932.689807210632,15107.03138572984,163146.63478960205,0.0,48.21129399160973,0.0,0.0,0.0,False,False,False
ablation,tv_dro_energy_1_workload_0,tv_dro,2025-01-01,92,True,False,20,,0.01,0.7,20.0,optimal_decomposed,70.3879503999924,70.38724919999368,0.0,1,2,15664.811973990281,174.34157851920813,15839.15355250949,15794.032505321198,15968.374083840406,178393.94719377896,0.21228787954707307,42.886632894053136,0.0,0.0,0.0,False,False,False
ablation,tv_dro_energy_1_workload_0,tv_dro,2025-01-01,93,True,False,20,,0.01,0.7,20.0,optimal_decomposed,70.3879503999924,70.38724919999368,0.0,1,2,15664.811973990281,174.34157851920813,15839.15355250949,15556.014380852663,15730.355959371871,190648.63435336936,0.9338356286085198,50.55180875771032,0.0,0.0,0.0,False,False,False
ablation,tv_dro_energy_1_workload_0,tv_dro,2025-01-01,94,True,False,20,,0.01,0.7,20.0,optimal_decomposed,70.3879503999924,70.38724919999368,0.0,1,2,15664.811973990281,174.34157851920813,15839.15355250949,15221.89822250995,15396.239801029158,181270.3836233301,0.5126975498071396,46.796365923542865,0.0,0.09729614037497836,0.0,False,True,False
ablation,tv_dro_energy_1_workload_0,tv_dro,2025-01-01,95,True,False,20,,0.01,0.7,20.0,optimal_decomposed,70.3879503999924,70.38724919999368,0.0,1,2,15664.811973990281,174.34157851920813,15839.15355250949,14971.778016002616,15146.119594521824,174704.8473662495,0.03120652959486822,51.61147769691026,0.0,0.0,0.0,False,False,False
ablation,tv_dro_energy_1_workload_0,tv_dro,2025-01-01,96,True,False,20,,0.01,0.7,20.0,optimal_decomposed,70.3879503999924,70.38724919999368,0.0,1,2,15664.811973990281,174.34157851920813,15839.15355250949,15524.333508467946,15698.675086987154,182085.58328334795,0.07874070332594343,48.22147863615144,0.0,0.0,0.0,False,False,False
ablation,tv_dro_energy_1_workload_0,tv_dro,2025-01-01,97,True,False,20,,0.01,0.7,20.0,optimal_decomposed,70.3879503999924,70.38724919999368,0.0,1,2,15664.811973990281,174.34157851920813,15839.15355250949,15551.30232619385,15725.643904713059,181110.83523917221,0.0002974048120270023,50.31063961670684,0.0,0.0,0.0,False,False,False
ablation,tv_dro_energy_1_workload_0,tv_dro,2025-01-01,98,True,False,20,,0.01,0.7,20.0,optimal_decomposed,70.3879503999924,70.38724919999368,0.0,1,2,15664.811973990281,174.34157851920813,15839.15355250949,15695.688522113824,15870.030100633032,182422.25363806318,0.101202988710867,46.30210674870447,0.0,0.0,0.0,False,False,False
ablation,tv_dro_energy_1_workload_0,tv_dro,2025-01-01,99,True,False,20,,0.01,0.7,20.0,optimal_decomposed,70.3879503999924,70.38724919999368,0.0,1,2,15664.811973990281,174.34157851920813,15839.15355250949,15548.670527163342,15723.01210568255,179312.3297627088,0.2981951754924969,52.013714095066206,0.0,0.0,0.0,False,False,False
ablation,tv_dro_energy_1_workload_0,tv_dro,2025-04-01,0,True,False,20,,0.01,0.7,20.0,optimal_decomposed,70.4453663000022,70.44451440000557,0.0,1,2,15462.571691668618,498.33225108842146,15960.903942757039,14848.847199519882,15347.179450608302,119875.4590866811,0.0,57.56524133977171,0.0,0.0,0.0,False,False,False
ablation,tv_dro_energy_1_workload_0,tv_dro,2025-04-01,1,True,False,20,,0.01,0.7,20.0,optimal_decomposed,70.4453663000022,70.44451440000557,0.0,1,2,15462.571691668618,498.33225108842146,15960.903942757039,15822.949724925531,16321.281976013952,134767.18242673087,0.0043809758897618845,62.54962334756428,0.0,0.0,0.0,False,False,False
ablation,tv_dro_energy_1_workload_0,tv_dro,2025-04-01,2,True,False,20,,0.01,0.7,20.0,optimal_decomposed,70.4453663000022,70.44451440000557,0.0,1,2,15462.571691668618,498.33225108842146,15960.903942757039,15319.646842064465,15817.979093152886,128517.57450378596,0.0,50.14059240285551,0.0,0.0,0.0,False,False,False
ablation,tv_dro_energy_1_workload_0,tv_dro,2025-04-01,3,True,False,20,,0.01,0.7,20.0,optimal_decomposed,70.4453663000022,70.44451440000557,0.0,1,2,15462.571691668618,498.33225108842146,15960.903942757039,15838.231555036346,16336.563806124766,135753.30890330957,0.0,55.00425417269009,0.0,0.0,0.0,False,False,False
ablation,tv_dro_energy_1_workload_0,tv_dro,2025-04-01,4,True,False,20,,0.01,0.7,20.0,optimal_decomposed,70.4453663000022,70.44451440000557,0.0,1,2,15462.571691668618,498.33225108842146,15960.903942757039,15632.360525887923,16130.692776976344,132930.59274587536,0.0,52.59770249035121,0.0,0.0,0.0,False,False,False
ablation,tv_dro_energy_1_workload_0,tv_dro,2025-04-01,5,True,False,20,,0.01,0.7,20.0,optimal_decomposed,70.4453663000022,70.44451440000557,0.0,1,2,15462.571691668618,498.33225108842146,15960.903942757039,16060.124157891483,16558.456408979906,146129.67451290146,0.0,59.87021791928016,0.0,0.0,0.0,False,False,False
ablation,tv_dro_energy_1_workload_0,tv_dro,2025-04-01,6,True,False,20,,0.01,0.7,20.0,optimal_decomposed,70.4453663000022,70.44451440000557,0.0,1,2,15462.571691668618,498.33225108842146,15960.903942757039,15898.584011242521,16396.916262330942,138876.86949481248,0.11641794926487964,54.170266919655624,0.0,0.0,0.0,False,False,False
ablation,tv_dro_energy_1_workload_0,tv_dro,2025-04-01,7,True,False,20,,0.01,0.7,20.0,optimal_decomposed,70.4453663000022,70.44451440000557,0.0,1,2,15462.571691668618,498.33225108842146,15960.903942757039,15296.805049816428,15795.13730090485,124433.10067127101,0.0574327909563605,52.87541171372362,0.0,0.0,0.0,False,False,False
ablation,tv_dro_energy_1_workload_0,tv_dro,2025-04-01,8,True,False,20,,0.01,0.7,20.0,optimal_decomposed,70.4453663000022,70.44451440000557,0.0,1,2,15462.571691668618,498.33225108842146,15960.903942757039,15937.802303231389,16436.13455431981,137517.95391480383,0.1675368353839547,53.123756229102845,0.0,0.0,0.0,False,False,False
ablation,tv_dro_energy_1_workload_0,tv_dro,2025-04-01,9,True,False,20,,0.01,0.7,20.0,optimal_decomposed,70.4453663000022,70.44451440000557,0.0,1,2,15462.571691668618,498.33225108842146,15960.903942757039,16067.65603464908,16565.9882857375,137926.26429854077,0.054071869104597825,61.459809924473134,0.0,0.0,0.0,False,False,False
ablation,tv_dro_energy_1_workload_0,tv_dro,2025-04-01,10,True,False,20,,0.01,0.7,20.0,optimal_decomposed,70.4453663000022,70.44451440000557,0.0,1,2,15462.571691668618,498.33225108842146,15960.903942757039,15562.610294462082,16060.942545550502,129554.84724612995,0.0,50.76147748307432,0.0,0.0,0.0,False,False,False
ablation,tv_dro_energy_1_workload_0,tv_dro,2025-04-01,11,True,False,20,,0.01,0.7,20.0,optimal_decomposed,70.4453663000022,70.44451440000557,0.0,1,2,15462.571691668618,498.33225108842146,15960.903942757039,15565.69195124589,16064.02420233431,129127.6487976852,0.0,46.71531545468878,0.0,0.0,0.0,False,False,False
ablation,tv_dro_energy_1_workload_0,tv_dro,2025-04-01,12,True,False,20,,0.01,0.7,20.0,optimal_decomposed,70.4453663000022,70.44451440000557,0.0,1,2,15462.571691668618,498.33225108842146,15960.903942757039,15650.91533335375,16149.247584442172,142007.4817128268,0.0016865181436224175,48.1106880477865,0.0,0.0,0.0,False,False,False
ablation,tv_dro_energy_1_workload_0,tv_dro,2025-04-01,13,True,False,20,,0.01,0.7,20.0,optimal_decomposed,70.4453663000022,70.44451440000557,0.0,1,2,15462.571691668618,498.33225108842146,15960.903942757039,16090.020079899672,16588.352330988095,142194.6919708894,0.12296449421054506,55.37754272797329,0.0,0.0,0.0,False,False,False
ablation,tv_dro_energy_1_workload_0,tv_dro,2025-04-01,14,True,False,20,,0.01,0.7,20.0,optimal_decomposed,70.4453663000022,70.44451440000557,0.0,1,2,15462.571691668618,498.33225108842146,15960.903942757039,15229.12146331593,15727.453714404352,125529.04298651955,0.0,51.37671488701047,0.0,0.0,0.0,False,False,False
ablation,tv_dro_energy_1_workload_0,tv_dro,2025-04-01,15,True,False,20,,0.01,0.7,20.0,optimal_decomposed,70.4453663000022,70.44451440000557,0.0,1,2,15462.571691668618,498.33225108842146,15960.903942757039,15143.855254516968,15642.187505605389,123205.68855909043,0.0,50.20216226272784,0.0,0.0,0.0,False,False,False
ablation,tv_dro_energy_1_workload_0,tv_dro,2025-04-01,16,True,False,20,,0.01,0.7,20.0,optimal_decomposed,70.4453663000022,70.44451440000557,0.0,1,2,15462.571691668618,498.33225108842146,15960.903942757039,14966.732673915398,15465.064925003819,119246.9731292106,0.0,50.12024657964352,0.0,0.0,0.0,False,False,False
ablation,tv_dro_energy_1_workload_0,tv_dro,2025-04-01,17,True,False,20,,0.01,0.7,20.0,optimal_decomposed,70.4453663000022,70.44451440000557,0.0,1,2,15462.571691668618,498.33225108842146,15960.903942757039,15505.418173689752,16003.750424778173,126598.71738488069,0.6263928506537177,62.11359412021428,0.0,0.0,0.0,False,False,False
ablation,tv_dro_energy_1_workload_0,tv_dro,2025-04-01,18,True,False,20,,0.01,0.7,20.0,optimal_decomposed,70.4453663000022,70.44451440000557,0.0,1,2,15462.571691668618,498.33225108842146,15960.903942757039,16011.77063180642,16510.10288289484,135193.23377765538,0.0,57.971167312684045,0.0,0.0,0.0,False,False,False
ablation,tv_dro_energy_1_workload_0,tv_dro,2025-04-01,19,True,False,20,,0.01,0.7,20.0,optimal_decomposed,70.4453663000022,70.44451440000557,0.0,1,2,15462.571691668618,498.33225108842146,15960.903942757039,15533.187857017841,16031.520108106262,135994.87496987722,0.0,52.31609887181966,0.0,0.0,0.0,False,False,False
ablation,tv_dro_energy_1_workload_0,tv_dro,2025-04-01,20,True,False,20,,0.01,0.7,20.0,optimal_decomposed,70.4453663000022,70.44451440000557,0.0,1,2,15462.571691668618,498.33225108842146,15960.903942757039,15921.345440151923,16419.677691240344,139444.3487483956,0.026873592252484757,49.059181399706745,0.0,0.0,0.0,False,False,False
ablation,tv_dro_energy_1_workload_0,tv_dro,2025-04-01,21,True,False,20,,0.01,0.7,20.0,optimal_decomposed,70.4453663000022,70.44451440000557,0.0,1,2,15462.571691668618,498.33225108842146,15960.903942757039,15532.329714314465,16030.661965402885,123435.0693408967,0.3124772767848726,49.454515269696444,0.0,0.0,0.0,False,False,False
ablation,tv_dro_energy_1_workload_0,tv_dro,2025-04-01,22,True,False,20,,0.01,0.7,20.0,optimal_decomposed,70.4453663000022,70.44451440000557,0.0,1,2,15462.571691668618,498.33225108842146,15960.903942757039,15755.850509500726,16254.182760589147,135868.5497677878,0.0,54.090299073867506,0.0,0.0,0.0,False,False,False
ablation,tv_dro_energy_1_workload_0,tv_dro,2025-04-01,23,True,False,20,,0.01,0.7,20.0,optimal_decomposed,70.4453663000022,70.44451440000557,0.0,1,2,15462.571691668618,498.33225108842146,15960.903942757039,15728.808728309914,16227.140979398335,134691.26721711794,0.01593878744220345,52.059461433930124,0.0,0.0,0.0,False,False,False
ablation,tv_dro_energy_1_workload_0,tv_dro,2025-04-01,24,True,False,20,,0.01,0.7,20.0,optimal_decomposed,70.4453663000022,70.44451440000557,0.0,1,2,15462.571691668618,498.33225108842146,15960.903942757039,15224.51542031316,15722.847671401581,127820.08909584723,0.0704004859012064,61.51571478656417,0.0,0.0,0.0,False,False,False
ablation,tv_dro_energy_1_workload_0,tv_dro,2025-04-01,25,True,False,20,,0.01,0.7,20.0,optimal_decomposed,70.4453663000022,70.44451440000557,0.0,1,2,15462.571691668618,498.33225108842146,15960.903942757039,17064.739980735696,17563.072231824117,163206.24604303215,0.016629396033609144,49.30404298056643,0.0,0.0,0.0,False,False,False
ablation,tv_dro_energy_1_workload_0,tv_dro,2025-04-01,26,True,False,20,,0.01,0.7,20.0,optimal_decomposed,70.4453663000022,70.44451440000557,0.0,1,2,15462.571691668618,498.33225108842146,15960.903942757039,15521.955996225171,16020.288247313592,133847.28309892613,0.13115634801638304,59.78153909354468,0.0,0.0,0.0,False,False,False
ablation,tv_dro_energy_1_workload_0,tv_dro,2025-04-01,27,True,False,20,,0.01,0.7,20.0,optimal_decomposed,70.4453663000022,70.44451440000557,0.0,1,2,15462.571691668618,498.33225108842146,15960.903942757039,14991.648603311958,15489.980854400379,118931.95894142325,0.11125126583783052,58.9753113937321,0.0,0.0,0.0,False,False,False
ablation,tv_dro_energy_1_workload_0,tv_dro,2025-04-01,28,True,False,20,,0.01,0.7,20.0,optimal_decomposed,70.4453663000022,70.44451440000557,0.0,1,2,15462.571691668618,498.33225108842146,15960.903942757039,15695.166505223919,16193.49875631234,132277.55900395958,0.0,44.687146949552634,0.0,0.0,0.0,False,False,False
ablation,tv_dro_energy_1_workload_0,tv_dro,2025-04-01,29,True,False,20,,0.01,0.7,20.0,optimal_decomposed,70.4453663000022,70.44451440000557,0.0,1,2,15462.571691668618,498.33225108842146,15960.903942757039,16124.665632832799,16622.99788392122,141464.92100454684,0.013651411146723358,42.41605088547559,0.0,0.0,0.0,False,False,False
ablation,tv_dro_energy_1_workload_0,tv_dro,2025-04-01,30,True,False,20,,0.01,0.7,20.0,optimal_decomposed,70.4453663000022,70.44451440000557,0.0,1,2,15462.571691668618,498.33225108842146,15960.903942757039,14876.664009582677,15374.996260671098,113482.15418489886,0.0,47.37473924294933,0.0,0.0,0.0,False,False,False
ablation,tv_dro_energy_1_workload_0,tv_dro,2025-04-01,31,True,False,20,,0.01,0.7,20.0,optimal_decomposed,70.4453663000022,70.44451440000557,0.0,1,2,15462.571691668618,498.33225108842146,15960.903942757039,15980.54206190911,16478.87431299753,147650.03691580714,0.0,50.286977733844346,0.0,0.0,0.0,False,False,False
ablation,tv_dro_energy_1_workload_0,tv_dro,2025-04-01,32,True,False,20,,0.01,0.7,20.0,optimal_decomposed,70.4453663000022,70.44451440000557,0.0,1,2,15462.571691668618,498.33225108842146,15960.903942757039,15124.241760428318,15622.57401151674,131124.53218577907,0.0,50.46489891206442,0.0,0.0,0.0,False,False,False
ablation,tv_dro_energy_1_workload_0,tv_dro,2025-04-01,33,True,False,20,,0.01,0.7,20.0,optimal_decomposed,70.4453663000022,70.44451440000557,0.0,1,2,15462.571691668618,498.33225108842146,15960.903942757039,16962.72864992486,17461.06090101328,161677.016148687,0.0,65.30106532305672,0.0,0.0,0.0,False,False,False
ablation,tv_dro_energy_1_workload_0,tv_dro,2025-04-01,34,True,False,20,,0.01,0.7,20.0,optimal_decomposed,70.4453663000022,70.44451440000557,0.0,1,2,15462.571691668618,498.33225108842146,15960.903942757039,15969.45374678684,16467.78599787526,138652.38860993323,0.0,56.27790179733809,0.0,0.0,0.0,False,False,False
ablation,tv_dro_energy_1_workload_0,tv_dro,2025-04-01,35,True,False,20,,0.01,0.7,20.0,optimal_decomposed,70.4453663000022,70.44451440000557,0.0,1,2,15462.571691668618,498.33225108842146,15960.903942757039,15401.580566972942,15899.912818061362,123878.1222302995,0.0,58.40262983047661,0.0,0.0,0.0,False,False,False
ablation,tv_dro_energy_1_workload_0,tv_dro,2025-04-01,36,True,False,20,,0.01,0.7,20.0,optimal_decomposed,70.4453663000022,70.44451440000557,0.0,1,2,15462.571691668618,498.33225108842146,15960.903942757039,15083.532430577874,15581.864681666295,123297.43388636832,0.0,63.889443936159516,0.0,0.0,0.0,False,False,False
ablation,tv_dro_energy_1_workload_0,tv_dro,2025-04-01,37,True,False,20,,0.01,0.7,20.0,optimal_decomposed,70.4453663000022,70.44451440000557,0.0,1,2,15462.571691668618,498.33225108842146,15960.903942757039,15244.026194402768,15742.358445491189,130786.08469926422,0.0,45.33022042827823,0.0,0.0,0.0,False,False,False
ablation,tv_dro_energy_1_workload_0,tv_dro,2025-04-01,38,True,False,20,,0.01,0.7,20.0,optimal_decomposed,70.4453663000022,70.44451440000557,0.0,1,2,15462.571691668618,498.33225108842146,15960.903942757039,15427.812627948464,15926.144879036885,131482.22316299504,0.0,50.08183242261185,0.0,0.0,0.0,False,False,False
ablation,tv_dro_energy_1_workload_0,tv_dro,2025-04-01,39,True,False,20,,0.01,0.7,20.0,optimal_decomposed,70.4453663000022,70.44451440000557,0.0,1,2,15462.571691668618,498.33225108842146,15960.903942757039,15888.775522690741,16387.107773779164,142014.39547101775,0.09158966454067108,47.5732459819588,0.0,0.0,0.0,False,False,False
ablation,tv_dro_energy_1_workload_0,tv_dro,2025-04-01,40,True,False,20,,0.01,0.7,20.0,optimal_decomposed,70.4453663000022,70.44451440000557,0.0,1,2,15462.571691668618,498.33225108842146,15960.903942757039,15883.202755993132,16381.535007081553,141241.41592826633,0.0,48.75519035203992,0.0,0.0,0.0,False,False,False
ablation,tv_dro_energy_1_workload_0,tv_dro,2025-04-01,41,True,False,20,,0.01,0.7,20.0,optimal_decomposed,70.4453663000022,70.44451440000557,0.0,1,2,15462.571691668618,498.33225108842146,15960.903942757039,16092.37464595268,16590.706897041102,137822.52473886323,0.47010411318617623,44.565083742183944,0.0,0.0,0.0,False,False,False
ablation,tv_dro_energy_1_workload_0,tv_dro,2025-04-01,42,True,False,20,,0.01,0.7,20.0,optimal_decomposed,70.4453663000022,70.44451440000557,0.0,1,2,15462.571691668618,498.33225108842146,15960.903942757039,15603.151948476718,16101.484199565139,137766.20152630057,0.0,60.03438712465714,0.0,0.0,0.0,False,False,False
ablation,tv_dro_energy_1_workload_0,tv_dro,2025-04-01,43,True,False,20,,0.01,0.7,20.0,optimal_decomposed,70.4453663000022,70.44451440000557,0.0,1,2,15462.571691668618,498.33225108842146,15960.903942757039,14988.425738810296,15486.757989898717,120418.31970684676,0.004818200820480345,55.216644392446334,0.0,0.0,0.0,False,False,False
ablation,tv_dro_energy_1_workload_0,tv_dro,2025-04-01,44,True,False,20,,0.01,0.7,20.0,optimal_decomposed,70.4453663000022,70.44451440000557,0.0,1,2,15462.571691668618,498.33225108842146,15960.903942757039,15508.93388631799,16007.26613740641,126237.86155383124,0.018902111422837264,55.27285964086696,0.0,0.0,0.0,False,False,False
ablation,tv_dro_energy_1_workload_0,tv_dro,2025-04-01,45,True,False,20,,0.01,0.7,20.0,optimal_decomposed,70.4453663000022,70.44451440000557,0.0,1,2,15462.571691668618,498.33225108842146,15960.903942757039,16242.264056657532,16740.596307745953,142391.63985974868,0.0048727701181625616,57.07562926608555,0.0,0.0,0.0,False,False,False
ablation,tv_dro_energy_1_workload_0,tv_dro,2025-04-01,46,True,False,20,,0.01,0.7,20.0,optimal_decomposed,70.4453663000022,70.44451440000557,0.0,1,2,15462.571691668618,498.33225108842146,15960.903942757039,15654.102971044793,16152.435222133214,135031.50559521074,0.125828871760699,54.02105272339455,0.0,0.0,0.0,False,False,False
ablation,tv_dro_energy_1_workload_0,tv_dro,2025-04-01,47,True,False,20,,0.01,0.7,20.0,optimal_decomposed,70.4453663000022,70.44451440000557,0.0,1,2,15462.571691668618,498.33225108842146,15960.903942757039,15873.668382229092,16372.000633317513,142043.12233555733,0.0,52.902851816582476,0.0,0.0,0.0,False,False,False
ablation,tv_dro_energy_1_workload_0,tv_dro,2025-04-01,48,True,False,20,,0.01,0.7,20.0,optimal_decomposed,70.4453663000022,70.44451440000557,0.0,1,2,15462.571691668618,498.33225108842146,15960.903942757039,16474.603135039484,16972.935386127905,149845.8380329398,0.0014027974244614771,49.47139650901549,0.0,0.0,0.0,False,False,False
ablation,tv_dro_energy_1_workload_0,tv_dro,2025-04-01,49,True,False,20,,0.01,0.7,20.0,optimal_decomposed,70.4453663000022,70.44451440000557,0.0,1,2,15462.571691668618,498.33225108842146,15960.903942757039,16124.232864799282,16622.565115887704,145968.53270481518,0.09600113675317701,60.02755853625683,0.0,0.0,0.0,False,False,False
ablation,tv_dro_energy_1_workload_0,tv_dro,2025-04-01,50,True,False,20,,0.01,0.7,20.0,optimal_decomposed,70.4453663000022,70.44451440000557,0.0,1,2,15462.571691668618,498.33225108842146,15960.903942757039,15303.356035641036,15801.688286729457,135532.50108546883,0.0,58.00125621774792,0.0,0.0,0.0,False,False,False
ablation,tv_dro_energy_1_workload_0,tv_dro,2025-04-01,51,True,False,20,,0.01,0.7,20.0,optimal_decomposed,70.4453663000022,70.44451440000557,0.0,1,2,15462.571691668618,498.33225108842146,15960.903942757039,15109.959526589108,15608.291777677528,126695.74879237059,0.0,52.15898565227467,0.0,0.0,0.0,False,False,False
ablation,tv_dro_energy_1_workload_0,tv_dro,2025-04-01,52,True,False,20,,0.01,0.7,20.0,optimal_decomposed,70.4453663000022,70.44451440000557,0.0,1,2,15462.571691668618,498.33225108842146,15960.903942757039,16241.518690668316,16739.850941756737,144993.68685124948,0.08942003621560524,56.39179733661627,0.0,0.0,0.0,False,False,False
ablation,tv_dro_energy_1_workload_0,tv_dro,2025-04-01,53,True,False,20,,0.01,0.7,20.0,optimal_decomposed,70.4453663000022,70.44451440000557,0.0,1,2,15462.571691668618,498.33225108842146,15960.903942757039,15615.858809588954,16114.191060677374,130565.09353301975,0.0,47.79204392545504,0.0,0.0,0.0,False,False,False
ablation,tv_dro_energy_1_workload_0,tv_dro,2025-04-01,54,True,False,20,,0.01,0.7,20.0,optimal_decomposed,70.4453663000022,70.44451440000557,0.0,1,2,15462.571691668618,498.33225108842146,15960.903942757039,16316.098179395147,16814.430430483568,144590.11515367526,0.0,51.79635191577778,0.0,0.0,0.0,False,False,False
ablation,tv_dro_energy_1_workload_0,tv_dro,2025-04-01,55,True,False,20,,0.01,0.7,20.0,optimal_decomposed,70.4453663000022,70.44451440000557,0.0,1,2,15462.571691668618,498.33225108842146,15960.903942757039,15515.38685637453,16013.719107462952,132284.92761880258,0.0,56.39059124090144,0.0,0.0,0.0,False,False,False
ablation,tv_dro_energy_1_workload_0,tv_dro,2025-04-01,56,True,False,20,,0.01,0.7,20.0,optimal_decomposed,70.4453663000022,70.44451440000557,0.0,1,2,15462.571691668618,498.33225108842146,15960.903942757039,15808.453703727257,16306.785954815678,137387.17864837393,0.0,41.446012936799555,0.0,0.0,0.0,False,False,False
ablation,tv_dro_energy_1_workload_0,tv_dro,2025-04-01,57,True,False,20,,0.01,0.7,20.0,optimal_decomposed,70.4453663000022,70.44451440000557,0.0,1,2,15462.571691668618,498.33225108842146,15960.903942757039,15428.114151921578,15926.446403009999,131429.79746113747,0.0,52.00957103118073,0.0,0.0,0.0,False,False,False
ablation,tv_dro_energy_1_workload_0,tv_dro,2025-04-01,58,True,False,20,,0.01,0.7,20.0,optimal_decomposed,70.4453663000022,70.44451440000557,0.0,1,2,15462.571691668618,498.33225108842146,15960.903942757039,16535.272056943755,17033.604308032176,150072.43356714715,0.013184374335133087,60.578035092531806,0.0,0.0,0.0,False,False,False
ablation,tv_dro_energy_1_workload_0,tv_dro,2025-04-01,59,True,False,20,,0.01,0.7,20.0,optimal_decomposed,70.4453663000022,70.44451440000557,0.0,1,2,15462.571691668618,498.33225108842146,15960.903942757039,16426.120301174848,16924.45255226327,150086.0569883235,0.0,53.705991729307904,0.0,0.0,0.0,False,False,False
ablation,tv_dro_energy_1_workload_0,tv_dro,2025-04-01,60,True,False,20,,0.01,0.7,20.0,optimal_decomposed,70.4453663000022,70.44451440000557,0.0,1,2,15462.571691668618,498.33225108842146,15960.903942757039,15783.113896004426,16281.446147092847,140149.78602307357,0.057975989790853055,55.44879695558912,0.0,0.0,0.0,False,False,False
ablation,tv_dro_energy_1_workload_0,tv_dro,2025-04-01,61,True,False,20,,0.01,0.7,20.0,optimal_decomposed,70.4453663000022,70.44451440000557,0.0,1,2,15462.571691668618,498.33225108842146,15960.903942757039,15739.688883176159,16238.02113426458,137563.80544857628,0.0,44.74431985489625,0.0,0.0,0.0,False,False,False
ablation,tv_dro_energy_1_workload_0,tv_dro,2025-04-01,62,True,False,20,,0.01,0.7,20.0,optimal_decomposed,70.4453663000022,70.44451440000557,0.0,1,2,15462.571691668618,498.33225108842146,15960.903942757039,15091.37969365641,15589.711944744831,123346.51543184614,0.0,56.956185221691804,0.0,0.0,0.0,False,False,False
ablation,tv_dro_energy_1_workload_0,tv_dro,2025-04-01,63,True,False,20,,0.01,0.7,20.0,optimal_decomposed,70.4453663000022,70.44451440000557,0.0,1,2,15462.571691668618,498.33225108842146,15960.903942757039,15744.998796090918,16243.33104717934,130588.20064632941,0.0,61.928895318646774,0.0,0.0,0.0,False,False,False
ablation,tv_dro_energy_1_workload_0,tv_dro,2025-04-01,64,True,False,20,,0.01,0.7,20.0,optimal_decomposed,70.4453663000022,70.44451440000557,0.0,1,2,15462.571691668618,498.33225108842146,15960.903942757039,15380.105214850631,15878.437465939052,122463.20010878485,0.0,50.39066596802425,0.0,0.0,0.0,False,False,False
ablation,tv_dro_energy_1_workload_0,tv_dro,2025-04-01,65,True,False,20,,0.01,0.7,20.0,optimal_decomposed,70.4453663000022,70.44451440000557,0.0,1,2,15462.571691668618,498.33225108842146,15960.903942757039,15991.487575092302,16489.819826180723,134580.20582568014,0.0,59.159007984215876,0.0,0.0,0.0,False,False,False
ablation,tv_dro_energy_1_workload_0,tv_dro,2025-04-01,66,True,False,20,,0.01,0.7,20.0,optimal_decomposed,70.4453663000022,70.44451440000557,0.0,1,2,15462.571691668618,498.33225108842146,15960.903942757039,15914.39869254445,16412.730943632872,139363.44153723447,0.0,60.86056874206761,0.0,0.0,0.0,False,False,False
ablation,tv_dro_energy_1_workload_0,tv_dro,2025-04-01,67,True,False,20,,0.01,0.7,20.0,optimal_decomposed,70.4453663000022,70.44451440000557,0.0,1,2,15462.571691668618,498.33225108842146,15960.903942757039,14750.234015690465,15248.566266778886,119601.99386343286,0.0,57.28883610698937,0.0,0.0,0.0,False,False,False
ablation,tv_dro_energy_1_workload_0,tv_dro,2025-04-01,68,True,False,20,,0.01,0.7,20.0,optimal_decomposed,70.4453663000022,70.44451440000557,0.0,1,2,15462.571691668618,498.33225108842146,15960.903942757039,16713.222934260764,17211.555185349185,157542.1782632273,0.03542576295262356,54.781821747839125,0.0,0.0,0.0,False,False,False
ablation,tv_dro_energy_1_workload_0,tv_dro,2025-04-01,69,True,False,20,,0.01,0.7,20.0,optimal_decomposed,70.4453663000022,70.44451440000557,0.0,1,2,15462.571691668618,498.33225108842146,15960.903942757039,16930.305675377174,17428.637926465595,152355.899938674,0.0,57.60370185864495,0.0,0.0,0.0,False,False,False
ablation,tv_dro_energy_1_workload_0,tv_dro,2025-04-01,70,True,False,20,,0.01,0.7,20.0,optimal_decomposed,70.4453663000022,70.44451440000557,0.0,1,2,15462.571691668618,498.33225108842146,15960.903942757039,16066.06070179307,16564.39295288149,145474.7326362874,0.16511065473912045,61.333580150780925,0.0,0.0,0.0,False,False,False
ablation,tv_dro_energy_1_workload_0,tv_dro,2025-04-01,71,True,False,20,,0.01,0.7,20.0,optimal_decomposed,70.4453663000022,70.44451440000557,0.0,1,2,15462.571691668618,498.33225108842146,15960.903942757039,15017.50736777277,15515.839618861191,129254.33957790019,0.040099445176743576,58.802578823686375,0.0,0.0,0.0,False,False,False
ablation,tv_dro_energy_1_workload_0,tv_dro,2025-04-01,72,True,False,20,,0.01,0.7,20.0,optimal_decomposed,70.4453663000022,70.44451440000557,0.0,1,2,15462.571691668618,498.33225108842146,15960.903942757039,15500.147726128238,15998.479977216659,129492.69278659638,0.08699579933684543,60.35163359664667,0.0,0.0,0.0,False,False,False
ablation,tv_dro_energy_1_workload_0,tv_dro,2025-04-01,73,True,False,20,,0.01,0.7,20.0,optimal_decomposed,70.4453663000022,70.44451440000557,0.0,1,2,15462.571691668618,498.33225108842146,15960.903942757039,15647.827875418072,16146.160126506493,130470.41072053107,0.0,52.34073927207642,0.0,0.0,0.0,False,False,False
ablation,tv_dro_energy_1_workload_0,tv_dro,2025-04-01,74,True,False,20,,0.01,0.7,20.0,optimal_decomposed,70.4453663000022,70.44451440000557,0.0,1,2,15462.571691668618,498.33225108842146,15960.903942757039,15354.32336747575,15852.655618564171,121358.10938152159,0.0,54.583211188093784,0.0,0.0,0.0,False,False,False
ablation,tv_dro_energy_1_workload_0,tv_dro,2025-04-01,75,True,False,20,,0.01,0.7,20.0,optimal_decomposed,70.4453663000022,70.44451440000557,0.0,1,2,15462.571691668618,498.33225108842146,15960.903942757039,15881.209912361937,16379.542163450358,136011.43171263605,0.1597081736228953,49.332234620351215,0.0,0.0,0.0,False,False,False
ablation,tv_dro_energy_1_workload_0,tv_dro,2025-04-01,76,True,False,20,,0.01,0.7,20.0,optimal_decomposed,70.4453663000022,70.44451440000557,0.0,1,2,15462.571691668618,498.33225108842146,15960.903942757039,16406.387948743137,16904.720199831558,153443.36169238438,0.0,53.6642877774906,0.0,0.0,0.0,False,False,False
ablation,tv_dro_energy_1_workload_0,tv_dro,2025-04-01,77,True,False,20,,0.01,0.7,20.0,optimal_decomposed,70.4453663000022,70.44451440000557,0.0,1,2,15462.571691668618,498.33225108842146,15960.903942757039,14916.102154482127,15414.434405570548,121444.55987740186,0.0,48.58562437744378,0.0,0.0,0.0,False,False,False
ablation,tv_dro_energy_1_workload_0,tv_dro,2025-04-01,78,True,False,20,,0.01,0.7,20.0,optimal_decomposed,70.4453663000022,70.44451440000557,0.0,1,2,15462.571691668618,498.33225108842146,15960.903942757039,15426.026747693357,15924.358998781778,126326.73230628815,0.31647818359810437,54.6844681855528,0.0,0.0,0.0,False,False,False
ablation,tv_dro_energy_1_workload_0,tv_dro,2025-04-01,79,True,False,20,,0.01,0.7,20.0,optimal_decomposed,70.4453663000022,70.44451440000557,0.0,1,2,15462.571691668618,498.33225108842146,15960.903942757039,16163.02302295213,16661.35527404055,144884.21385685276,0.0,50.370267467152864,0.0,0.0,0.0,False,False,False
ablation,tv_dro_energy_1_workload_0,tv_dro,2025-04-01,80,True,False,20,,0.01,0.7,20.0,optimal_decomposed,70.4453663000022,70.44451440000557,0.0,1,2,15462.571691668618,498.33225108842146,15960.903942757039,16292.650382034664,16790.982633123087,145547.9505901235,0.0,49.3607199327968,0.0,0.0,0.0,False,False,False
ablation,tv_dro_energy_1_workload_0,tv_dro,2025-04-01,81,True,False,20,,0.01,0.7,20.0,optimal_decomposed,70.4453663000022,70.44451440000557,0.0,1,2,15462.571691668618,498.33225108842146,15960.903942757039,15707.862705488025,16206.194956576446,131438.04603372404,0.09762773621919624,57.76961315474411,0.0,0.0,0.0,False,False,False
ablation,tv_dro_energy_1_workload_0,tv_dro,2025-04-01,82,True,False,20,,0.01,0.7,20.0,optimal_decomposed,70.4453663000022,70.44451440000557,0.0,1,2,15462.571691668618,498.33225108842146,15960.903942757039,15366.629880380977,15864.962131469398,130508.76568875831,0.02539680133483252,47.13778234380964,0.0,0.0,0.0,False,False,False
ablation,tv_dro_energy_1_workload_0,tv_dro,2025-04-01,83,True,False,20,,0.01,0.7,20.0,optimal_decomposed,70.4453663000022,70.44451440000557,0.0,1,2,15462.571691668618,498.33225108842146,15960.903942757039,16237.595086441557,16735.927337529978,149114.45672162416,0.22258887514486947,47.79008635803088,0.0,0.0,0.0,False,False,False
ablation,tv_dro_energy_1_workload_0,tv_dro,2025-04-01,84,True,False,20,,0.01,0.7,20.0,optimal_decomposed,70.4453663000022,70.44451440000557,0.0,1,2,15462.571691668618,498.33225108842146,15960.903942757039,16322.482345833623,16820.814596922046,148127.76572848434,0.10043779977838457,50.13701182139849,0.0,0.0,0.0,False,False,False
ablation,tv_dro_energy_1_workload_0,tv_dro,2025-04-01,85,True,False,20,,0.01,0.7,20.0,optimal_decomposed,70.4453663000022,70.44451440000557,0.0,1,2,15462.571691668618,498.33225108842146,15960.903942757039,16034.892158674076,16533.224409762497,136853.77599839956,0.0,63.51253725728653,0.0,0.0,0.0,False,False,False
ablation,tv_dro_energy_1_workload_0,tv_dro,2025-04-01,86,True,False,20,,0.01,0.7,20.0,optimal_decomposed,70.4453663000022,70.44451440000557,0.0,1,2,15462.571691668618,498.33225108842146,15960.903942757039,15877.396751008942,16375.729002097363,137974.00406951597,0.06411372640579055,45.96934760683144,0.0,0.0,0.0,False,False,False
ablation,tv_dro_energy_1_workload_0,tv_dro,2025-04-01,87,True,False,20,,0.01,0.7,20.0,optimal_decomposed,70.4453663000022,70.44451440000557,0.0,1,2,15462.571691668618,498.33225108842146,15960.903942757039,14781.500519371393,15279.832770459814,118987.54695992214,0.11395169013283357,49.66848014655588,0.0,0.0,0.0,False,False,False
ablation,tv_dro_energy_1_workload_0,tv_dro,2025-04-01,88,True,False,20,,0.01,0.7,20.0,optimal_decomposed,70.4453663000022,70.44451440000557,0.0,1,2,15462.571691668618,498.33225108842146,15960.903942757039,15186.893725166092,15685.225976254513,121100.59233084871,0.0,62.92915548956747,0.0,0.0,0.0,False,False,False
ablation,tv_dro_energy_1_workload_0,tv_dro,2025-04-01,89,True,False,20,,0.01,0.7,20.0,optimal_decomposed,70.4453663000022,70.44451440000557,0.0,1,2,15462.571691668618,498.33225108842146,15960.903942757039,16011.934221665622,16510.266472754043,136232.62043560165,0.0,52.72935290439365,0.0,0.0,0.0,False,False,False
ablation,tv_dro_energy_1_workload_0,tv_dro,2025-04-01,90,True,False,20,,0.01,0.7,20.0,optimal_decomposed,70.4453663000022,70.44451440000557,0.0,1,2,15462.571691668618,498.33225108842146,15960.903942757039,15688.984344668377,16187.316595756798,131259.80570315843,0.18138666257104558,58.72083484846232,0.0,0.0,0.0,False,False,False
ablation,tv_dro_energy_1_workload_0,tv_dro,2025-04-01,91,True,False,20,,0.01,0.7,20.0,optimal_decomposed,70.4453663000022,70.44451440000557,0.0,1,2,15462.571691668618,498.33225108842146,15960.903942757039,14841.34711215401,15339.67936324243,113300.54666993214,0.0,54.384491013234125,0.0,0.0,0.0,False,False,False
ablation,tv_dro_energy_1_workload_0,tv_dro,2025-04-01,92,True,False,20,,0.01,0.7,20.0,optimal_decomposed,70.4453663000022,70.44451440000557,0.0,1,2,15462.571691668618,498.33225108842146,15960.903942757039,15293.416688760231,15791.748939848652,125001.56901112912,0.0,43.94480849406287,0.0,0.0,0.0,False,False,False
ablation,tv_dro_energy_1_workload_0,tv_dro,2025-04-01,93,True,False,20,,0.01,0.7,20.0,optimal_decomposed,70.4453663000022,70.44451440000557,0.0,1,2,15462.571691668618,498.33225108842146,15960.903942757039,15423.791627934153,15922.123879022574,135387.8553161782,0.0,53.97792874384577,0.0,0.0,0.0,False,False,False
ablation,tv_dro_energy_1_workload_0,tv_dro,2025-04-01,94,True,False,20,,0.01,0.7,20.0,optimal_decomposed,70.4453663000022,70.44451440000557,0.0,1,2,15462.571691668618,498.33225108842146,15960.903942757039,15320.54236159381,15818.874612682232,127165.38702865005,0.0,48.79837959682596,0.0,0.0,0.0,False,False,False
ablation,tv_dro_energy_1_workload_0,tv_dro,2025-04-01,95,True,False,20,,0.01,0.7,20.0,optimal_decomposed,70.4453663000022,70.44451440000557,0.0,1,2,15462.571691668618,498.33225108842146,15960.903942757039,15077.662377695708,15575.994628784129,124146.23683678932,0.0,55.582929720300044,0.0,0.0,0.0,False,False,False
ablation,tv_dro_energy_1_workload_0,tv_dro,2025-04-01,96,True,False,20,,0.01,0.7,20.0,optimal_decomposed,70.4453663000022,70.44451440000557,0.0,1,2,15462.571691668618,498.33225108842146,15960.903942757039,15200.93379085035,15699.26604193877,130592.56932092518,0.031799561529071485,55.653925144574146,0.0,0.0,0.0,False,False,False
ablation,tv_dro_energy_1_workload_0,tv_dro,2025-04-01,97,True,False,20,,0.01,0.7,20.0,optimal_decomposed,70.4453663000022,70.44451440000557,0.0,1,2,15462.571691668618,498.33225108842146,15960.903942757039,15386.832688790017,15885.164939878438,128133.16385308915,0.06261382561243223,55.058142175568264,0.0,0.0,0.0,False,False,False
ablation,tv_dro_energy_1_workload_0,tv_dro,2025-04-01,98,True,False,20,,0.01,0.7,20.0,optimal_decomposed,70.4453663000022,70.44451440000557,0.0,1,2,15462.571691668618,498.33225108842146,15960.903942757039,15493.136501610066,15991.468752698487,129042.50552517403,0.05731456618557612,44.87388558776115,0.0,0.0,0.0,False,False,False
ablation,tv_dro_energy_1_workload_0,tv_dro,2025-04-01,99,True,False,20,,0.01,0.7,20.0,optimal_decomposed,70.4453663000022,70.44451440000557,0.0,1,2,15462.571691668618,498.33225108842146,15960.903942757039,15131.095680681387,15629.427931769807,125077.5829812192,0.0,56.32686209312846,0.0,0.0,0.0,False,False,False
ablation,tv_dro_energy_1_workload_0,tv_dro,2025-07-01,0,True,False,20,,0.01,0.7,20.0,optimal_decomposed,72.1959790999972,72.19506980000006,0.0,1,2,15865.46096236071,295.27094918192586,16160.731911542636,15016.125403942855,15311.396353124781,151738.20221793035,0.024899057179365136,60.70451776470467,0.0,0.0,0.0,False,False,False
ablation,tv_dro_energy_1_workload_0,tv_dro,2025-07-01,1,True,False,20,,0.01,0.7,20.0,optimal_decomposed,72.1959790999972,72.19506980000006,0.0,1,2,15865.46096236071,295.27094918192586,16160.731911542636,16290.315695364006,16585.586644545932,168738.8576762648,0.10409303161003575,68.34806078907124,0.0,0.0,0.0,False,False,False
ablation,tv_dro_energy_1_workload_0,tv_dro,2025-07-01,2,True,False,20,,0.01,0.7,20.0,optimal_decomposed,72.1959790999972,72.19506980000006,0.0,1,2,15865.46096236071,295.27094918192586,16160.731911542636,15574.13956053051,15869.410509712436,161616.95792427138,0.17665758691436892,54.21592264687594,0.0,0.0,0.0,False,False,False
ablation,tv_dro_energy_1_workload_0,tv_dro,2025-07-01,3,True,False,20,,0.01,0.7,20.0,optimal_decomposed,72.1959790999972,72.19506980000006,0.0,1,2,15865.46096236071,295.27094918192586,16160.731911542636,16014.870568800745,16310.14151798267,169193.01966301806,0.0,61.263064868012975,0.0,0.0,0.0,False,False,False
ablation,tv_dro_energy_1_workload_0,tv_dro,2025-07-01,4,True,False,20,,0.01,0.7,20.0,optimal_decomposed,72.1959790999972,72.19506980000006,0.0,1,2,15865.46096236071,295.27094918192586,16160.731911542636,15696.052994287544,15991.32394346947,167426.33499261178,0.05618064533505007,54.42767371968652,0.0,0.0,0.0,False,False,False
ablation,tv_dro_energy_1_workload_0,tv_dro,2025-07-01,5,True,False,20,,0.01,0.7,20.0,optimal_decomposed,72.1959790999972,72.19506980000006,0.0,1,2,15865.46096236071,295.27094918192586,16160.731911542636,16242.981418266641,16538.252367448567,180052.19245659016,0.7952371915895642,61.59542005477388,0.0,0.0,0.0,False,False,False
ablation,tv_dro_energy_1_workload_0,tv_dro,2025-07-01,6,True,False,20,,0.01,0.7,20.0,optimal_decomposed,72.1959790999972,72.19506980000006,0.0,1,2,15865.46096236071,295.27094918192586,16160.731911542636,16616.40358952422,16911.674538706146,172723.21156180382,0.0,58.08309641293266,0.0,0.0,0.0,False,False,False
ablation,tv_dro_energy_1_workload_0,tv_dro,2025-07-01,7,True,False,20,,0.01,0.7,20.0,optimal_decomposed,72.1959790999972,72.19506980000006,0.0,1,2,15865.46096236071,295.27094918192586,16160.731911542636,15906.583216651608,16201.854165833534,156655.33574328368,0.03662841490251659,57.081275641990395,0.0,0.0,0.0,False,False,False
ablation,tv_dro_energy_1_workload_0,tv_dro,2025-07-01,8,True,False,20,,0.01,0.7,20.0,optimal_decomposed,72.1959790999972,72.19506980000006,0.0,1,2,15865.46096236071,295.27094918192586,16160.731911542636,16051.375954689018,16346.646903870944,170198.5839398084,1.016314725713933,58.58865166662743,0.0,0.0,0.0,False,False,False
ablation,tv_dro_energy_1_workload_0,tv_dro,2025-07-01,9,True,False,20,,0.01,0.7,20.0,optimal_decomposed,72.1959790999972,72.19506980000006,0.0,1,2,15865.46096236071,295.27094918192586,16160.731911542636,16367.368251814092,16662.63920099602,172990.6385938512,0.9386546097459052,66.351693560408,0.0,0.0,0.0,False,False,False
ablation,tv_dro_energy_1_workload_0,tv_dro,2025-07-01,10,True,False,20,,0.01,0.7,20.0,optimal_decomposed,72.1959790999972,72.19506980000006,0.0,1,2,15865.46096236071,295.27094918192586,16160.731911542636,15814.798387848405,16110.06933703033,163193.36707166152,0.0,55.92387153321421,0.0,0.0,0.0,False,False,False
ablation,tv_dro_energy_1_workload_0,tv_dro,2025-07-01,11,True,False,20,,0.01,0.7,20.0,optimal_decomposed,72.1959790999972,72.19506980000006,0.0,1,2,15865.46096236071,295.27094918192586,16160.731911542636,15902.285857016275,16197.556806198201,162608.28839152033,0.08362083140401777,53.24935690368395,0.0,0.0,0.0,False,False,False
ablation,tv_dro_energy_1_workload_0,tv_dro,2025-07-01,12,True,False,20,,0.01,0.7,20.0,optimal_decomposed,72.1959790999972,72.19506980000006,0.0,1,2,15865.46096236071,295.27094918192586,16160.731911542636,16254.235077119274,16549.5060263012,175842.38004431647,0.0,54.00153715149675,0.0,0.0,0.0,False,False,False
ablation,tv_dro_energy_1_workload_0,tv_dro,2025-07-01,13,True,False,20,,0.01,0.7,20.0,optimal_decomposed,72.1959790999972,72.19506980000006,0.0,1,2,15865.46096236071,295.27094918192586,16160.731911542636,16603.324946684406,16898.595895866332,176930.8740654236,0.16538045712084698,61.648426330000234,0.0,0.0,0.0,False,False,False
ablation,tv_dro_energy_1_workload_0,tv_dro,2025-07-01,14,True,False,20,,0.01,0.7,20.0,optimal_decomposed,72.1959790999972,72.19506980000006,0.0,1,2,15865.46096236071,295.27094918192586,16160.731911542636,15631.174436562957,15926.445385744883,159134.2947679996,0.44608295220343797,57.81192341270143,0.0,0.0,0.0,False,False,False
ablation,tv_dro_energy_1_workload_0,tv_dro,2025-07-01,15,True,False,20,,0.01,0.7,20.0,optimal_decomposed,72.1959790999972,72.19506980000006,0.0,1,2,15865.46096236071,295.27094918192586,16160.731911542636,15385.17669644595,15680.447645627875,154542.83776784525,0.03892304189458676,53.133836159477895,0.0,0.0,0.0,False,False,False
ablation,tv_dro_energy_1_workload_0,tv_dro,2025-07-01,16,True,False,20,,0.01,0.7,20.0,optimal_decomposed,72.1959790999972,72.19506980000006,0.0,1,2,15865.46096236071,295.27094918192586,16160.731911542636,15340.853175105367,15636.124124287293,151626.89775370387,0.05330805160179122,56.92893395568631,0.0,0.0,0.0,False,False,False
ablation,tv_dro_energy_1_workload_0,tv_dro,2025-07-01,17,True,False,20,,0.01,0.7,20.0,optimal_decomposed,72.1959790999972,72.19506980000006,0.0,1,2,15865.46096236071,295.27094918192586,16160.731911542636,16035.469962823454,16330.74091200538,157854.96943939425,0.0,66.79647454396813,0.0,0.0,0.0,False,False,False
ablation,tv_dro_energy_1_workload_0,tv_dro,2025-07-01,18,True,False,20,,0.01,0.7,20.0,optimal_decomposed,72.1959790999972,72.19506980000006,0.0,1,2,15865.46096236071,295.27094918192586,16160.731911542636,16529.04928660468,16824.320235786607,168304.46854658745,0.0,62.25735268721751,0.0,0.0,0.0,False,False,False
ablation,tv_dro_energy_1_workload_0,tv_dro,2025-07-01,19,True,False,20,,0.01,0.7,20.0,optimal_decomposed,72.1959790999972,72.19506980000006,0.0,1,2,15865.46096236071,295.27094918192586,16160.731911542636,15724.33227019545,16019.603219377375,168322.5751422279,0.4814396456963761,55.86209120819614,0.0,0.0,0.0,False,False,False
ablation,tv_dro_energy_1_workload_0,tv_dro,2025-07-01,20,True,False,20,,0.01,0.7,20.0,optimal_decomposed,72.1959790999972,72.19506980000006,0.0,1,2,15865.46096236071,295.27094918192586,16160.731911542636,16503.882232141837,16799.153181323763,173524.69834017075,0.30210222568950174,54.00590216920131,0.0,0.0,0.0,False,False,False
ablation,tv_dro_energy_1_workload_0,tv_dro,2025-07-01,21,True,False,20,,0.01,0.7,20.0,optimal_decomposed,72.1959790999972,72.19506980000006,0.0,1,2,15865.46096236071,295.27094918192586,16160.731911542636,15782.714676077592,16077.985625259518,156009.72530871234,0.16282876003569352,53.17644055244712,0.0,0.0,0.0,False,False,False
ablation,tv_dro_energy_1_workload_0,tv_dro,2025-07-01,22,True,False,20,,0.01,0.7,20.0,optimal_decomposed,72.1959790999972,72.19506980000006,0.0,1,2,15865.46096236071,295.27094918192586,16160.731911542636,16269.121697063387,16564.392646245313,170330.88761871227,0.653872624555131,58.133278884804746,0.0,0.0,0.0,False,False,False
ablation,tv_dro_energy_1_workload_0,tv_dro,2025-07-01,23,True,False,20,,0.01,0.7,20.0,optimal_decomposed,72.1959790999972,72.19506980000006,0.0,1,2,15865.46096236071,295.27094918192586,16160.731911542636,16059.278429364125,16354.549378546051,169238.780435716,0.0,58.172165525856755,0.0,0.0,0.0,False,False,False
ablation,tv_dro_energy_1_workload_0,tv_dro,2025-07-01,24,True,False,20,,0.01,0.7,20.0,optimal_decomposed,72.1959790999972,72.19506980000006,0.0,1,2,15865.46096236071,295.27094918192586,16160.731911542636,16062.190106325072,16357.461055506998,160313.71662631602,0.24752054312317964,66.43570438315423,0.0,0.0,0.0,False,False,False
ablation,tv_dro_energy_1_workload_0,tv_dro,2025-07-01,25,True,False,20,,0.01,0.7,20.0,optimal_decomposed,72.1959790999972,72.19506980000006,0.0,1,2,15865.46096236071,295.27094918192586,16160.731911542636,17569.99754910169,17865.268498283614,199156.92150171488,0.0,54.56099279994888,0.0,0.0,0.0,False,False,False
ablation,tv_dro_energy_1_workload_0,tv_dro,2025-07-01,26,True,False,20,,0.01,0.7,20.0,optimal_decomposed,72.1959790999972,72.19506980000006,0.0,1,2,15865.46096236071,295.27094918192586,16160.731911542636,15834.082271339128,16129.353220521054,166635.93129693586,0.13607200549110934,66.0032853247839,0.0,0.0,0.0,False,False,False
ablation,tv_dro_energy_1_workload_0,tv_dro,2025-07-01,27,True,False,20,,0.01,0.7,20.0,optimal_decomposed,72.1959790999972,72.19506980000006,0.0,1,2,15865.46096236071,295.27094918192586,16160.731911542636,15200.281687306264,15495.55263648819,151458.96385823272,0.16498791626907439,65.12317923638182,0.0,0.0,0.0,False,False,False
ablation,tv_dro_energy_1_workload_0,tv_dro,2025-07-01,28,True,False,20,,0.01,0.7,20.0,optimal_decomposed,72.1959790999972,72.19506980000006,0.0,1,2,15865.46096236071,295.27094918192586,16160.731911542636,16122.572943271774,16417.8438924537,166170.89622387628,0.03057335504184258,50.453330689088865,0.0,0.0,0.0,False,False,False
ablation,tv_dro_energy_1_workload_0,tv_dro,2025-07-01,29,True,False,20,,0.01,0.7,20.0,optimal_decomposed,72.1959790999972,72.19506980000006,0.0,1,2,15865.46096236071,295.27094918192586,16160.731911542636,16169.437403877964,16464.70835305989,175818.84842298954,0.3482426440599601,47.943650460296155,0.0,0.0,0.0,False,False,False
ablation,tv_dro_energy_1_workload_0,tv_dro,2025-07-01,30,True,False,20,,0.01,0.7,20.0,optimal_decomposed,72.1959790999972,72.19506980000006,0.0,1,2,15865.46096236071,295.27094918192586,16160.731911542636,15465.595747074793,15760.866696256719,145715.9490287655,0.5868519154353428,53.81814260861718,0.0,0.0,0.0,False,False,False
ablation,tv_dro_energy_1_workload_0,tv_dro,2025-07-01,31,True,False,20,,0.01,0.7,20.0,optimal_decomposed,72.1959790999972,72.19506980000006,0.0,1,2,15865.46096236071,295.27094918192586,16160.731911542636,16546.06537665644,16841.336325838365,183179.7224920425,0.0,56.541899442345645,0.0,0.0,0.0,False,False,False
ablation,tv_dro_energy_1_workload_0,tv_dro,2025-07-01,32,True,False,20,,0.01,0.7,20.0,optimal_decomposed,72.1959790999972,72.19506980000006,0.0,1,2,15865.46096236071,295.27094918192586,16160.731911542636,15669.98958199698,15965.260531178907,164051.1241333662,0.0,64.77043838416506,0.0,0.0,0.0,False,False,False
ablation,tv_dro_energy_1_workload_0,tv_dro,2025-07-01,33,True,False,20,,0.01,0.7,20.0,optimal_decomposed,72.1959790999972,72.19506980000006,0.0,1,2,15865.46096236071,295.27094918192586,16160.731911542636,17107.576267563465,17402.84721674539,199053.49924212942,0.7406985627861287,72.3247813749729,0.0,0.07326003278243998,0.0,False,True,False
ablation,tv_dro_energy_1_workload_0,tv_dro,2025-07-01,34,True,False,20,,0.01,0.7,20.0,optimal_decomposed,72.1959790999972,72.19506980000006,0.0,1,2,15865.46096236071,295.27094918192586,16160.731911542636,16483.263885580684,16778.53483476261,173533.24734801412,0.0,61.78332045967482,0.0,0.0,0.0,False,False,False
ablation,tv_dro_energy_1_workload_0,tv_dro,2025-07-01,35,True,False,20,,0.01,0.7,20.0,optimal_decomposed,72.1959790999972,72.19506980000006,0.0,1,2,15865.46096236071,295.27094918192586,16160.731911542636,16028.487044189464,16323.75799337139,155958.40849883686,0.0,61.20971072853524,0.0,0.0,0.0,False,False,False
ablation,tv_dro_energy_1_workload_0,tv_dro,2025-07-01,36,True,False,20,,0.01,0.7,20.0,optimal_decomposed,72.1959790999972,72.19506980000006,0.0,1,2,15865.46096236071,295.27094918192586,16160.731911542636,15370.467025361982,15665.737974543908,155353.35510695586,0.0,67.58242890033793,0.0,0.0,0.0,False,False,False
ablation,tv_dro_energy_1_workload_0,tv_dro,2025-07-01,37,True,False,20,,0.01,0.7,20.0,optimal_decomposed,72.1959790999972,72.19506980000006,0.0,1,2,15865.46096236071,295.27094918192586,16160.731911542636,15670.96631693555,15966.237266117476,163096.2166668499,0.0,48.00961399010588,0.0,0.0,0.0,False,False,False
ablation,tv_dro_energy_1_workload_0,tv_dro,2025-07-01,38,True,False,20,,0.01,0.7,20.0,optimal_decomposed,72.1959790999972,72.19506980000006,0.0,1,2,15865.46096236071,295.27094918192586,16160.731911542636,15819.592410164612,16114.863359346538,165611.47890067575,0.12618024966930919,51.49781639579249,0.0,0.0,0.0,False,False,False
ablation,tv_dro_energy_1_workload_0,tv_dro,2025-07-01,39,True,False,20,,0.01,0.7,20.0,optimal_decomposed,72.1959790999972,72.19506980000006,0.0,1,2,15865.46096236071,295.27094918192586,16160.731911542636,16000.32216002653,16295.593109208456,175354.3008374775,0.5457410534934095,51.782039612362816,0.0,0.0,0.0,False,False,False
ablation,tv_dro_energy_1_workload_0,tv_dro,2025-07-01,40,True,False,20,,0.01,0.7,20.0,optimal_decomposed,72.1959790999972,72.19506980000006,0.0,1,2,15865.46096236071,295.27094918192586,16160.731911542636,16351.76351302392,16647.034462205844,176291.12448287645,0.07536421140097138,48.61135054295868,0.0,0.0,0.0,False,False,False
ablation,tv_dro_energy_1_workload_0,tv_dro,2025-07-01,41,True,False,20,,0.01,0.7,20.0,optimal_decomposed,72.1959790999972,72.19506980000006,0.0,1,2,15865.46096236071,295.27094918192586,16160.731911542636,16002.459642495412,16297.730591677338,171261.0475541542,0.0248711264275826,44.04142944986417,0.0,0.0,0.0,False,False,False
ablation,tv_dro_energy_1_workload_0,tv_dro,2025-07-01,42,True,False,20,,0.01,0.7,20.0,optimal_decomposed,72.1959790999972,72.19506980000006,0.0,1,2,15865.46096236071,295.27094918192586,16160.731911542636,16388.060414372954,16683.33136355488,170866.16146465117,0.051126683958591435,65.87140813709429,0.0,0.0,0.0,False,False,False
ablation,tv_dro_energy_1_workload_0,tv_dro,2025-07-01,43,True,False,20,,0.01,0.7,20.0,optimal_decomposed,72.1959790999972,72.19506980000006,0.0,1,2,15865.46096236071,295.27094918192586,16160.731911542636,15262.132787791426,15557.403736973352,152632.1112005415,0.13019754896817673,58.14830436018753,0.0,0.0,0.0,False,False,False
ablation,tv_dro_energy_1_workload_0,tv_dro,2025-07-01,44,True,False,20,,0.01,0.7,20.0,optimal_decomposed,72.1959790999972,72.19506980000006,0.0,1,2,15865.46096236071,295.27094918192586,16160.731911542636,15821.835396990653,16117.106346172579,160379.72641122894,0.1351766872718994,59.25780205440585,0.0,0.0,0.0,False,False,False
ablation,tv_dro_energy_1_workload_0,tv_dro,2025-07-01,45,True,False,20,,0.01,0.7,20.0,optimal_decomposed,72.1959790999972,72.19506980000006,0.0,1,2,15865.46096236071,295.27094918192586,16160.731911542636,16379.276722043016,16674.54767122494,177402.83252662575,0.023959417384020132,67.08125517868882,0.0,0.0,0.0,False,False,False
ablation,tv_dro_energy_1_workload_0,tv_dro,2025-07-01,46,True,False,20,,0.01,0.7,20.0,optimal_decomposed,72.1959790999972,72.19506980000006,0.0,1,2,15865.46096236071,295.27094918192586,16160.731911542636,16445.01372623458,16740.284675416508,168824.95541411146,0.1793834421622867,61.393191239138226,0.0,0.0,0.0,False,False,False
ablation,tv_dro_energy_1_workload_0,tv_dro,2025-07-01,47,True,False,20,,0.01,0.7,20.0,optimal_decomposed,72.1959790999972,72.19506980000006,0.0,1,2,15865.46096236071,295.27094918192586,16160.731911542636,16510.59991623705,16805.870865418976,175520.35923758632,0.03713437004317033,60.32473428508456,0.0,0.0,0.0,False,False,False
ablation,tv_dro_energy_1_workload_0,tv_dro,2025-07-01,48,True,False,20,,0.01,0.7,20.0,optimal_decomposed,72.1959790999972,72.19506980000006,0.0,1,2,15865.46096236071,295.27094918192586,16160.731911542636,16950.35165459751,17245.622603779437,184587.7483331359,0.6760579166398936,56.32531052431971,0.0,0.0,0.0,False,False,False
ablation,tv_dro_energy_1_workload_0,tv_dro,2025-07-01,49,True,False,20,,0.01,0.7,20.0,optimal_decomposed,72.1959790999972,72.19506980000006,0.0,1,2,15865.46096236071,295.27094918192586,16160.731911542636,16673.966624453496,16969.237573635422,180976.3805546123,1.3473379569415855,67.15933086096807,0.0,0.0,0.0,False,False,False
ablation,tv_dro_energy_1_workload_0,tv_dro,2025-07-01,50,True,False,20,,0.01,0.7,20.0,optimal_decomposed,72.1959790999972,72.19506980000006,0.0,1,2,15865.46096236071,295.27094918192586,16160.731911542636,15674.612772000452,15969.883721182377,169043.6893781494,0.0,63.95650341892557,0.0,0.0,0.0,False,False,False
ablation,tv_dro_energy_1_workload_0,tv_dro,2025-07-01,51,True,False,20,,0.01,0.7,20.0,optimal_decomposed,72.1959790999972,72.19506980000006,0.0,1,2,15865.46096236071,295.27094918192586,16160.731911542636,15657.809236279003,15953.080185460929,159714.6035503883,0.0,58.470742642002946,0.0,0.0,0.0,False,False,False
ablation,tv_dro_energy_1_workload_0,tv_dro,2025-07-01,52,True,False,20,,0.01,0.7,20.0,optimal_decomposed,72.1959790999972,72.19506980000006,0.0,1,2,15865.46096236071,295.27094918192586,16160.731911542636,16812.29349159486,17107.564440776787,181328.84042556497,0.23279539458288084,59.72517815271247,0.0,0.0,0.0,False,False,False
ablation,tv_dro_energy_1_workload_0,tv_dro,2025-07-01,53,True,False,20,,0.01,0.7,20.0,optimal_decomposed,72.1959790999972,72.19506980000006,0.0,1,2,15865.46096236071,295.27094918192586,16160.731911542636,15861.816447536685,16157.08739671861,162997.1896184977,0.0,51.367198955109274,0.0,0.0,0.0,False,False,False
ablation,tv_dro_energy_1_workload_0,tv_dro,2025-07-01,54,True,False,20,,0.01,0.7,20.0,optimal_decomposed,72.1959790999972,72.19506980000006,0.0,1,2,15865.46096236071,295.27094918192586,16160.731911542636,16963.159091500078,17258.430040682004,178325.33769886428,0.0,56.17482450327442,0.0,0.0,0.0,False,False,False
ablation,tv_dro_energy_1_workload_0,tv_dro,2025-07-01,55,True,False,20,,0.01,0.7,20.0,optimal_decomposed,72.1959790999972,72.19506980000006,0.0,1,2,15865.46096236071,295.27094918192586,16160.731911542636,16013.917218560351,16309.188167742277,165773.81560615223,0.0,62.39580544499705,0.0,0.0,0.0,False,False,False
ablation,tv_dro_energy_1_workload_0,tv_dro,2025-07-01,56,True,False,20,,0.01,0.7,20.0,optimal_decomposed,72.1959790999972,72.19506980000006,0.0,1,2,15865.46096236071,295.27094918192586,16160.731911542636,16234.596123185345,16529.86707236727,169356.8239401006,0.02255928540384286,48.90648817294121,0.0,0.0,0.0,False,False,False
ablation,tv_dro_energy_1_workload_0,tv_dro,2025-07-01,57,True,False,20,,0.01,0.7,20.0,optimal_decomposed,72.1959790999972,72.19506980000006,0.0,1,2,15865.46096236071,295.27094918192586,16160.731911542636,16208.805092470731,16504.076041652657,163579.5486124352,0.0,56.44391081335668,0.0,0.0,0.0,False,False,False
ablation,tv_dro_energy_1_workload_0,tv_dro,2025-07-01,58,True,False,20,,0.01,0.7,20.0,optimal_decomposed,72.1959790999972,72.19506980000006,0.0,1,2,15865.46096236071,295.27094918192586,16160.731911542636,16774.75373175798,17070.024680939907,185632.47103795933,0.0,65.47290024375633,0.0,0.0,0.0,False,False,False
ablation,tv_dro_energy_1_workload_0,tv_dro,2025-07-01,59,True,False,20,,0.01,0.7,20.0,optimal_decomposed,72.1959790999972,72.19506980000006,0.0,1,2,15865.46096236071,295.27094918192586,16160.731911542636,17080.523647146343,17375.79459632827,186142.71132397174,0.16163798759715248,61.19095619965688,0.0,0.0,0.0,False,False,False
ablation,tv_dro_energy_1_workload_0,tv_dro,2025-07-01,60,True,False,20,,0.01,0.7,20.0,optimal_decomposed,72.1959790999972,72.19506980000006,0.0,1,2,15865.46096236071,295.27094918192586,16160.731911542636,16042.249130913555,16337.52008009548,173744.99471803813,0.8373614830542973,58.38144807987345,0.0,0.0,0.0,False,False,False
ablation,tv_dro_energy_1_workload_0,tv_dro,2025-07-01,61,True,False,20,,0.01,0.7,20.0,optimal_decomposed,72.1959790999972,72.19506980000006,0.0,1,2,15865.46096236071,295.27094918192586,16160.731911542636,16134.37810425099,16429.649053432917,170800.92573188752,0.1033187369482236,45.79475480589828,0.0,0.0,0.0,False,False,False
ablation,tv_dro_energy_1_workload_0,tv_dro,2025-07-01,62,True,False,20,,0.01,0.7,20.0,optimal_decomposed,72.1959790999972,72.19506980000006,0.0,1,2,15865.46096236071,295.27094918192586,16160.731911542636,15464.605023137634,15759.87597231956,154947.0059588795,0.0,62.387501463685034,0.0,0.0,0.0,False,False,False
ablation,tv_dro_energy_1_workload_0,tv_dro,2025-07-01,63,True,False,20,,0.01,0.7,20.0,optimal_decomposed,72.1959790999972,72.19506980000006,0.0,1,2,15865.46096236071,295.27094918192586,16160.731911542636,16079.717667563922,16374.988616745848,165938.43159114645,0.21433369787459872,66.57792752519475,0.0,0.0,0.0,False,False,False
ablation,tv_dro_energy_1_workload_0,tv_dro,2025-07-01,64,True,False,20,,0.01,0.7,20.0,optimal_decomposed,72.1959790999972,72.19506980000006,0.0,1,2,15865.46096236071,295.27094918192586,16160.731911542636,15839.852585446843,16135.123534628769,156222.95848852608,0.03231391895383154,54.96582269917535,0.0,0.0,0.0,False,False,False
ablation,tv_dro_energy_1_workload_0,tv_dro,2025-07-01,65,True,False,20,,0.01,0.7,20.0,optimal_decomposed,72.1959790999972,72.19506980000006,0.0,1,2,15865.46096236071,295.27094918192586,16160.731911542636,16637.44671365423,16932.717662836156,168757.8776312704,0.0,58.32148657426497,0.0,0.0,0.0,False,False,False
ablation,tv_dro_energy_1_workload_0,tv_dro,2025-07-01,66,True,False,20,,0.01,0.7,20.0,optimal_decomposed,72.1959790999972,72.19506980000006,0.0,1,2,15865.46096236071,295.27094918192586,16160.731911542636,16262.29599330341,16557.566942485337,174395.62850144587,0.000496636205377321,70.72441100666484,0.0,0.0,0.0,False,False,False
ablation,tv_dro_energy_1_workload_0,tv_dro,2025-07-01,67,True,False,20,,0.01,0.7,20.0,optimal_decomposed,72.1959790999972,72.19506980000006,0.0,1,2,15865.46096236071,295.27094918192586,16160.731911542636,15152.869729663553,15448.140678845479,151625.84102346454,0.0,53.842405849977695,0.0,0.0,0.0,False,False,False
ablation,tv_dro_energy_1_workload_0,tv_dro,2025-07-01,68,True,False,20,,0.01,0.7,20.0,optimal_decomposed,72.1959790999972,72.19506980000006,0.0,1,2,15865.46096236071,295.27094918192586,16160.731911542636,17222.339375175292,17517.610324357218,192088.3586879601,0.0,59.83273109757073,0.0,0.0,0.0,False,False,False
ablation,tv_dro_energy_1_workload_0,tv_dro,2025-07-01,69,True,False,20,,0.01,0.7,20.0,optimal_decomposed,72.1959790999972,72.19506980000006,0.0,1,2,15865.46096236071,295.27094918192586,16160.731911542636,17313.26389462697,17608.534843808895,187928.4816417115,0.0,62.069777820921885,0.0,0.0,0.0,False,False,False
ablation,tv_dro_energy_1_workload_0,tv_dro,2025-07-01,70,True,False,20,,0.01,0.7,20.0,optimal_decomposed,72.1959790999972,72.19506980000006,0.0,1,2,15865.46096236071,295.27094918192586,16160.731911542636,16550.158022407097,16845.428971589023,180012.32267688325,0.2971141051111611,65.69602178119135,0.0,0.0,0.0,False,False,False
ablation,tv_dro_energy_1_workload_0,tv_dro,2025-07-01,71,True,False,20,,0.01,0.7,20.0,optimal_decomposed,72.1959790999972,72.19506980000006,0.0,1,2,15865.46096236071,295.27094918192586,16160.731911542636,15234.76264281675,15530.033591998676,162729.11251033182,0.025597094661314657,70.44231494541235,0.0,0.0,0.0,False,False,False
ablation,tv_dro_energy_1_workload_0,tv_dro,2025-07-01,72,True,False,20,,0.01,0.7,20.0,optimal_decomposed,72.1959790999972,72.19506980000006,0.0,1,2,15865.46096236071,295.27094918192586,16160.731911542636,15815.817789909035,16111.088739090961,162307.52456368602,0.026072159110082038,65.32457129670867,0.0,0.0,0.0,False,False,False
ablation,tv_dro_energy_1_workload_0,tv_dro,2025-07-01,73,True,False,20,,0.01,0.7,20.0,optimal_decomposed,72.1959790999972,72.19506980000006,0.0,1,2,15865.46096236071,295.27094918192586,16160.731911542636,16093.410543800685,16388.68149298261,165080.45428567467,0.45344603556597707,61.402964510653064,0.0,0.0,0.0,False,False,False
ablation,tv_dro_energy_1_workload_0,tv_dro,2025-07-01,74,True,False,20,,0.01,0.7,20.0,optimal_decomposed,72.1959790999972,72.19506980000006,0.0,1,2,15865.46096236071,295.27094918192586,16160.731911542636,15860.492568954953,16155.763518136879,153617.54627235525,0.5745298868550704,57.25676335670019,0.0,0.0,0.0,False,False,False
ablation,tv_dro_energy_1_workload_0,tv_dro,2025-07-01,75,True,False,20,,0.01,0.7,20.0,optimal_decomposed,72.1959790999972,72.19506980000006,0.0,1,2,15865.46096236071,295.27094918192586,16160.731911542636,16425.709897095727,16720.980846277653,170239.73084583847,0.18423548169889847,59.40970424869324,0.0,0.0,0.0,False,False,False
ablation,tv_dro_energy_1_workload_0,tv_dro,2025-07-01,76,True,False,20,,0.01,0.7,20.0,optimal_decomposed,72.1959790999972,72.19506980000006,0.0,1,2,15865.46096236071,295.27094918192586,16160.731911542636,16561.12968703248,16856.400636214406,186859.88304692606,0.2589257257000037,56.681927361608366,0.0,0.0,0.0,False,False,False
ablation,tv_dro_energy_1_workload_0,tv_dro,2025-07-01,77,True,False,20,,0.01,0.7,20.0,optimal_decomposed,72.1959790999972,72.19506980000006,0.0,1,2,15865.46096236071,295.27094918192586,16160.731911542636,15504.476204818693,15799.747154000619,153783.383303574,0.0,57.341135719675016,0.0,0.0,0.0,False,False,False
ablation,tv_dro_energy_1_workload_0,tv_dro,2025-07-01,78,True,False,20,,0.01,0.7,20.0,optimal_decomposed,72.1959790999972,72.19506980000006,0.0,1,2,15865.46096236071,295.27094918192586,16160.731911542636,15498.386017001088,15793.656966183014,159704.6738346854,0.0,63.92358648922132,0.0,0.0,0.0,False,False,False
ablation,tv_dro_energy_1_workload_0,tv_dro,2025-07-01,79,True,False,20,,0.01,0.7,20.0,optimal_decomposed,72.1959790999972,72.19506980000006,0.0,1,2,15865.46096236071,295.27094918192586,16160.731911542636,16651.22172729852,16946.492676480448,180516.46832305603,0.29057245481847305,53.71568759586922,0.0,0.0,0.0,False,False,False
ablation,tv_dro_energy_1_workload_0,tv_dro,2025-07-01,80,True,False,20,,0.01,0.7,20.0,optimal_decomposed,72.1959790999972,72.19506980000006,0.0,1,2,15865.46096236071,295.27094918192586,16160.731911542636,16803.91889558772,17099.189844769648,179213.482815137,0.0,58.1845791154712,0.0,0.0,0.0,False,False,False
ablation,tv_dro_energy_1_workload_0,tv_dro,2025-07-01,81,True,False,20,,0.01,0.7,20.0,optimal_decomposed,72.1959790999972,72.19506980000006,0.0,1,2,15865.46096236071,295.27094918192586,16160.731911542636,16029.233939510686,16324.504888692612,165374.1156981564,0.1419322174382485,67.71475709442953,0.0,0.0,0.0,False,False,False
ablation,tv_dro_energy_1_workload_0,tv_dro,2025-07-01,82,True,False,20,,0.01,0.7,20.0,optimal_decomposed,72.1959790999972,72.19506980000006,0.0,1,2,15865.46096236071,295.27094918192586,16160.731911542636,15778.837692627594,16074.10864180952,163378.43509324457,0.09029842006856273,51.32866793072504,0.0,0.0,0.0,False,False,False
ablation,tv_dro_energy_1_workload_0,tv_dro,2025-07-01,83,True,False,20,,0.01,0.7,20.0,optimal_decomposed,72.1959790999972,72.19506980000006,0.0,1,2,15865.46096236071,295.27094918192586,16160.731911542636,16769.42419569607,17064.695144877995,183892.62132289525,0.6588820027484293,58.82387743860475,0.0,0.0,0.0,False,False,False
ablation,tv_dro_energy_1_workload_0,tv_dro,2025-07-01,84,True,False,20,,0.01,0.7,20.0,optimal_decomposed,72.1959790999972,72.19506980000006,0.0,1,2,15865.46096236071,295.27094918192586,16160.731911542636,16706.94807370875,17002.219022890677,183309.64702730766,0.13607192674363522,56.98663323650751,0.0,0.0,0.0,False,False,False
ablation,tv_dro_energy_1_workload_0,tv_dro,2025-07-01,85,True,False,20,,0.01,0.7,20.0,optimal_decomposed,72.1959790999972,72.19506980000006,0.0,1,2,15865.46096236071,295.27094918192586,16160.731911542636,16376.703298916827,16671.97424809875,171703.08923619386,0.0,68.9097998301683,0.0,0.0,0.0,False,False,False
ablation,tv_dro_energy_1_workload_0,tv_dro,2025-07-01,86,True,False,20,,0.01,0.7,20.0,optimal_decomposed,72.1959790999972,72.19506980000006,0.0,1,2,15865.46096236071,295.27094918192586,16160.731911542636,16199.833371550843,16495.104320732768,172172.72114069047,0.09411530956762434,52.379164819701636,0.0,0.0,0.0,False,False,False
ablation,tv_dro_energy_1_workload_0,tv_dro,2025-07-01,87,True,False,20,,0.01,0.7,20.0,optimal_decomposed,72.1959790999972,72.19506980000006,0.0,1,2,15865.46096236071,295.27094918192586,16160.731911542636,15597.911910041728,15893.182859223654,150722.10116737307,0.90210342897093,57.49400810589336,0.0,0.0,0.0,False,False,False
ablation,tv_dro_energy_1_workload_0,tv_dro,2025-07-01,88,True,False,20,,0.01,0.7,20.0,optimal_decomposed,72.1959790999972,72.19506980000006,0.0,1,2,15865.46096236071,295.27094918192586,16160.731911542636,15335.102584009743,15630.373533191669,153982.1017463044,0.07764597661712924,65.83904450952322,0.0,0.0,0.0,False,False,False
ablation,tv_dro_energy_1_workload_0,tv_dro,2025-07-01,89,True,False,20,,0.01,0.7,20.0,optimal_decomposed,72.1959790999972,72.19506980000006,0.0,1,2,15865.46096236071,295.27094918192586,16160.731911542636,16328.296848201197,16623.567797383123,168893.6340969717,0.0,58.330217280710976,0.0,0.0,0.0,False,False,False
ablation,tv_dro_energy_1_workload_0,tv_dro,2025-07-01,90,True,False,20,,0.01,0.7,20.0,optimal_decomposed,72.1959790999972,72.19506980000006,0.0,1,2,15865.46096236071,295.27094918192586,16160.731911542636,15877.409943454366,16172.680892636292,164591.70176491418,0.7398269512784037,62.902465445947875,0.0,0.0,0.0,False,False,False
ablation,tv_dro_energy_1_workload_0,tv_dro,2025-07-01,91,True,False,20,,0.01,0.7,20.0,optimal_decomposed,72.1959790999972,72.19506980000006,0.0,1,2,15865.46096236071,295.27094918192586,16160.731911542636,14931.918581361371,15227.189530543297,143837.45362992477,0.0,57.17291250871657,0.0,0.0,0.0,False,False,False
ablation,tv_dro_energy_1_workload_0,tv_dro,2025-07-01,92,True,False,20,,0.01,0.7,20.0,optimal_decomposed,72.1959790999972,72.19506980000006,0.0,1,2,15865.46096236071,295.27094918192586,16160.731911542636,15583.529867136083,15878.80081631801,157987.577747031,0.0,44.41914988628507,0.0,0.0,0.0,False,False,False
ablation,tv_dro_energy_1_workload_0,tv_dro,2025-07-01,93,True,False,20,,0.01,0.7,20.0,optimal_decomposed,72.1959790999972,72.19506980000006,0.0,1,2,15865.46096236071,295.27094918192586,16160.731911542636,15737.467887222403,16032.738836404329,168738.56856083695,0.03470770052744265,58.63375202607951,0.0,0.0,0.0,False,False,False
ablation,tv_dro_energy_1_workload_0,tv_dro,2025-07-01,94,True,False,20,,0.01,0.7,20.0,optimal_decomposed,72.1959790999972,72.19506980000006,0.0,1,2,15865.46096236071,295.27094918192586,16160.731911542636,15786.464049999051,16081.734999180977,160541.76255042298,0.03900846783832754,53.8161839807081,0.0,0.0,0.0,False,False,False
ablation,tv_dro_energy_1_workload_0,tv_dro,2025-07-01,95,True,False,20,,0.01,0.7,20.0,optimal_decomposed,72.1959790999972,72.19506980000006,0.0,1,2,15865.46096236071,295.27094918192586,16160.731911542636,15425.404548882743,15720.67549806467,157376.32346207608,0.4135878247716619,59.41676608089648,0.0,0.0,0.0,False,False,False
ablation,tv_dro_energy_1_workload_0,tv_dro,2025-07-01,96,True,False,20,,0.01,0.7,20.0,optimal_decomposed,72.1959790999972,72.19506980000006,0.0,1,2,15865.46096236071,295.27094918192586,16160.731911542636,15947.660336595387,16242.931285777313,163566.8253121963,0.09598508637710881,56.941410557566016,0.0,0.0,0.0,False,False,False
ablation,tv_dro_energy_1_workload_0,tv_dro,2025-07-01,97,True,False,20,,0.01,0.7,20.0,optimal_decomposed,72.1959790999972,72.19506980000006,0.0,1,2,15865.46096236071,295.27094918192586,16160.731911542636,15713.927026557849,16009.197975739775,160590.26501671787,0.009577515490698352,59.58166472558897,0.0,0.0,0.0,False,False,False
ablation,tv_dro_energy_1_workload_0,tv_dro,2025-07-01,98,True,False,20,,0.01,0.7,20.0,optimal_decomposed,72.1959790999972,72.19506980000006,0.0,1,2,15865.46096236071,295.27094918192586,16160.731911542636,15754.054708439939,16049.325657621865,162721.82773629244,0.11844737176203249,50.04939183281566,0.0,0.0,0.0,False,False,False
ablation,tv_dro_energy_1_workload_0,tv_dro,2025-07-01,99,True,False,20,,0.01,0.7,20.0,optimal_decomposed,72.1959790999972,72.19506980000006,0.0,1,2,15865.46096236071,295.27094918192586,16160.731911542636,15560.018321919391,15855.289271101317,158023.60128322573,0.1571049218718606,58.68440709276908,0.0,0.0,0.0,False,False,False
ablation,tv_dro_energy_1_workload_0,tv_dro,2025-10-01,0,True,False,20,,0.01,0.7,20.0,optimal_decomposed,70.8592392999999,70.85853959999804,0.0,1,2,16307.664624421874,533.9055933035855,16841.57021772546,15380.077329530917,15913.982922834502,175812.3641502146,0.17949157372933633,58.074422207327736,0.0,0.0,0.0,False,False,False
ablation,tv_dro_energy_1_workload_0,tv_dro,2025-10-01,1,True,False,20,,0.01,0.7,20.0,optimal_decomposed,70.8592392999999,70.85853959999804,0.0,1,2,16307.664624421874,533.9055933035855,16841.57021772546,16671.809929874824,17205.71552317841,196138.7499002415,0.056634190754246305,63.168108143983325,0.0,0.0,0.0,False,False,False
ablation,tv_dro_energy_1_workload_0,tv_dro,2025-10-01,2,True,False,20,,0.01,0.7,20.0,optimal_decomposed,70.8592392999999,70.85853959999804,0.0,1,2,16307.664624421874,533.9055933035855,16841.57021772546,15856.823712165018,16390.729305468605,187431.46955116803,0.07721238519810544,48.48381322707484,0.0,0.0,0.0,False,False,False
ablation,tv_dro_energy_1_workload_0,tv_dro,2025-10-01,3,True,False,20,,0.01,0.7,20.0,optimal_decomposed,70.8592392999999,70.85853959999804,0.0,1,2,16307.664624421874,533.9055933035855,16841.57021772546,16545.076522066818,17078.982115370403,196200.34717480055,0.2836498034918922,57.68497396180369,0.0,0.0,0.0,False,False,False
ablation,tv_dro_energy_1_workload_0,tv_dro,2025-10-01,4,True,False,20,,0.01,0.7,20.0,optimal_decomposed,70.8592392999999,70.85853959999804,0.0,1,2,16307.664624421874,533.9055933035855,16841.57021772546,16150.346276962136,16684.25187026572,192166.9248947697,0.12582014495320076,52.21831959488753,0.0,0.0,0.0,False,False,False
ablation,tv_dro_energy_1_workload_0,tv_dro,2025-10-01,5,True,False,20,,0.01,0.7,20.0,optimal_decomposed,70.8592392999999,70.85853959999804,0.0,1,2,16307.664624421874,533.9055933035855,16841.57021772546,16579.856446962887,17113.762040266472,206534.3953074132,0.3650823141736001,60.082878926431015,0.0,0.0407673852028283,0.0,False,True,False
ablation,tv_dro_energy_1_workload_0,tv_dro,2025-10-01,6,True,False,20,,0.01,0.7,20.0,optimal_decomposed,70.8592392999999,70.85853959999804,0.0,1,2,16307.664624421874,533.9055933035855,16841.57021772546,16768.502546922122,17302.408140225707,197988.93793593213,0.0,50.25475296817289,0.0,0.0,0.0,False,False,False
ablation,tv_dro_energy_1_workload_0,tv_dro,2025-10-01,7,True,False,20,,0.01,0.7,20.0,optimal_decomposed,70.8592392999999,70.85853959999804,0.0,1,2,16307.664624421874,533.9055933035855,16841.57021772546,15820.762160223529,16354.667753527114,182239.71532558074,0.0,53.64849717133253,0.0,0.0,0.0,False,False,False
ablation,tv_dro_energy_1_workload_0,tv_dro,2025-10-01,8,True,False,20,,0.01,0.7,20.0,optimal_decomposed,70.8592392999999,70.85853959999804,0.0,1,2,16307.664624421874,533.9055933035855,16841.57021772546,16265.820724747187,16799.726318050773,195895.45246411374,0.10487631679737541,52.103736516521465,0.0,0.0,0.0,False,False,False
ablation,tv_dro_energy_1_workload_0,tv_dro,2025-10-01,9,True,False,20,,0.01,0.7,20.0,optimal_decomposed,70.8592392999999,70.85853959999804,0.0,1,2,16307.664624421874,533.9055933035855,16841.57021772546,16623.45810017967,17157.363693483254,199016.50535887922,0.017730904228191013,62.26935278944521,0.0,0.0,0.0,False,False,False
ablation,tv_dro_energy_1_workload_0,tv_dro,2025-10-01,10,True,False,20,,0.01,0.7,20.0,optimal_decomposed,70.8592392999999,70.85853959999804,0.0,1,2,16307.664624421874,533.9055933035855,16841.57021772546,16080.442435761759,16614.348029065346,190178.58869477254,0.0,54.76719475846287,0.0,0.0,0.0,False,False,False
ablation,tv_dro_energy_1_workload_0,tv_dro,2025-10-01,11,True,False,20,,0.01,0.7,20.0,optimal_decomposed,70.8592392999999,70.85853959999804,0.0,1,2,16307.664624421874,533.9055933035855,16841.57021772546,16374.307015308641,16908.212608612226,188638.65847679187,0.0814711296495263,50.45258196816515,0.0,0.03738806134849182,0.0,False,True,False
ablation,tv_dro_energy_1_workload_0,tv_dro,2025-10-01,12,True,False,20,,0.01,0.7,20.0,optimal_decomposed,70.8592392999999,70.85853959999804,0.0,1,2,16307.664624421874,533.9055933035855,16841.57021772546,16379.610674890837,16913.516268194424,201802.32686891197,0.08043243845431886,49.205534252191256,0.0,0.0,0.0,False,False,False
ablation,tv_dro_energy_1_workload_0,tv_dro,2025-10-01,13,True,False,20,,0.01,0.7,20.0,optimal_decomposed,70.8592392999999,70.85853959999804,0.0,1,2,16307.664624421874,533.9055933035855,16841.57021772546,16895.262637144213,17429.168230447798,202960.9218033082,0.3907210640143285,56.15738478493742,0.0,0.0,0.0,False,False,False
ablation,tv_dro_energy_1_workload_0,tv_dro,2025-10-01,14,True,False,20,,0.01,0.7,20.0,optimal_decomposed,70.8592392999999,70.85853959999804,0.0,1,2,16307.664624421874,533.9055933035855,16841.57021772546,15920.479283342247,16454.384876645832,183338.6183813475,0.0,50.6079183654436,0.0,0.0,0.0,False,False,False
ablation,tv_dro_energy_1_workload_0,tv_dro,2025-10-01,15,True,False,20,,0.01,0.7,20.0,optimal_decomposed,70.8592392999999,70.85853959999804,0.0,1,2,16307.664624421874,533.9055933035855,16841.57021772546,15705.54337373705,16239.448967040635,179618.38072770837,0.4944539624961091,46.896298873208835,0.0,0.0,0.0,False,False,False
ablation,tv_dro_energy_1_workload_0,tv_dro,2025-10-01,16,True,False,20,,0.01,0.7,20.0,optimal_decomposed,70.8592392999999,70.85853959999804,0.0,1,2,16307.664624421874,533.9055933035855,16841.57021772546,15612.013634871839,16145.919228175424,175347.71061223833,0.4014750237103166,50.3029706346148,0.0,0.08745797676085099,0.0,False,True,False
ablation,tv_dro_energy_1_workload_0,tv_dro,2025-10-01,17,True,False,20,,0.01,0.7,20.0,optimal_decomposed,70.8592392999999,70.85853959999804,0.0,1,2,16307.664624421874,533.9055933035855,16841.57021772546,16089.913300714321,16623.818894017906,182411.78776450065,0.14433070746396892,62.51469090958918,0.0,0.0,0.0,False,False,False
ablation,tv_dro_energy_1_workload_0,tv_dro,2025-10-01,18,True,False,20,,0.01,0.7,20.0,optimal_decomposed,70.8592392999999,70.85853959999804,0.0,1,2,16307.664624421874,533.9055933035855,16841.57021772546,16653.52977817653,17187.435371480115,194087.6716040807,0.0,57.98838800144086,0.0,0.0,0.0,False,False,False
ablation,tv_dro_energy_1_workload_0,tv_dro,2025-10-01,19,True,False,20,,0.01,0.7,20.0,optimal_decomposed,70.8592392999999,70.85853959999804,0.0,1,2,16307.664624421874,533.9055933035855,16841.57021772546,15996.233225681637,16530.138818985222,194197.18762562014,0.05972568027947811,53.291520970112806,0.0,0.0,0.0,False,False,False
ablation,tv_dro_energy_1_workload_0,tv_dro,2025-10-01,20,True,False,20,,0.01,0.7,20.0,optimal_decomposed,70.8592392999999,70.85853959999804,0.0,1,2,16307.664624421874,533.9055933035855,16841.57021772546,16580.847316393985,17114.75290969757,200125.38278278423,0.0,49.792933272136665,0.0,0.0,0.0,False,False,False
ablation,tv_dro_energy_1_workload_0,tv_dro,2025-10-01,21,True,False,20,,0.01,0.7,20.0,optimal_decomposed,70.8592392999999,70.85853959999804,0.0,1,2,16307.664624421874,533.9055933035855,16841.57021772546,15921.393952238463,16455.29954554205,181268.93118580096,0.0920376637240175,49.14294016205143,0.0,0.0,0.0,False,False,False
ablation,tv_dro_energy_1_workload_0,tv_dro,2025-10-01,22,True,False,20,,0.01,0.7,20.0,optimal_decomposed,70.8592392999999,70.85853959999804,0.0,1,2,16307.664624421874,533.9055933035855,16841.57021772546,16461.421246421207,16995.326839724792,195890.9884993646,0.0,51.6616111346894,0.0,0.0,0.0,False,False,False
ablation,tv_dro_energy_1_workload_0,tv_dro,2025-10-01,23,True,False,20,,0.01,0.7,20.0,optimal_decomposed,70.8592392999999,70.85853959999804,0.0,1,2,16307.664624421874,533.9055933035855,16841.57021772546,16662.660260341665,17196.56585364525,195215.85852180963,0.0,50.75013276897544,0.0,0.0,0.0,False,False,False
ablation,tv_dro_energy_1_workload_0,tv_dro,2025-10-01,24,True,False,20,,0.01,0.7,20.0,optimal_decomposed,70.8592392999999,70.85853959999804,0.0,1,2,16307.664624421874,533.9055933035855,16841.57021772546,16272.984493866123,16806.890087169708,186394.02300350493,0.05212642278757615,60.021041521453505,0.0,0.0,0.0,False,False,False
ablation,tv_dro_energy_1_workload_0,tv_dro,2025-10-01,25,True,False,20,,0.01,0.7,20.0,optimal_decomposed,70.8592392999999,70.85853959999804,0.0,1,2,16307.664624421874,533.9055933035855,16841.57021772546,17717.17212915952,18251.077722463106,226381.79475253797,0.0,49.98589644262591,0.0,0.0,0.0,False,False,False
ablation,tv_dro_energy_1_workload_0,tv_dro,2025-10-01,26,True,False,20,,0.01,0.7,20.0,optimal_decomposed,70.8592392999999,70.85853959999804,0.0,1,2,16307.664624421874,533.9055933035855,16841.57021772546,16071.261095454007,16605.166688757592,192803.28169846593,0.06528090917943333,59.88879278540765,0.0,0.0,0.0,False,False,False
ablation,tv_dro_energy_1_workload_0,tv_dro,2025-10-01,27,True,False,20,,0.01,0.7,20.0,optimal_decomposed,70.8592392999999,70.85853959999804,0.0,1,2,16307.664624421874,533.9055933035855,16841.57021772546,15357.960617204693,15891.866210508279,175948.04494885626,0.09308479584389728,59.78295944278289,0.0,0.0,0.0,False,False,False
ablation,tv_dro_energy_1_workload_0,tv_dro,2025-10-01,28,True,False,20,,0.01,0.7,20.0,optimal_decomposed,70.8592392999999,70.85853959999804,0.0,1,2,16307.664624421874,533.9055933035855,16841.57021772546,16434.9877203081,16968.893313611687,191621.1205804488,0.0,45.39977607048056,0.0,0.0,0.0,False,False,False
ablation,tv_dro_energy_1_workload_0,tv_dro,2025-10-01,29,True,False,20,,0.01,0.7,20.0,optimal_decomposed,70.8592392999999,70.85853959999804,0.0,1,2,16307.664624421874,533.9055933035855,16841.57021772546,16519.035895576526,17052.94148888011,202880.1039272181,0.0,42.475375968320286,0.0,0.0,0.0,False,False,False
ablation,tv_dro_energy_1_workload_0,tv_dro,2025-10-01,30,True,False,20,,0.01,0.7,20.0,optimal_decomposed,70.8592392999999,70.85853959999804,0.0,1,2,16307.664624421874,533.9055933035855,16841.57021772546,15602.887474599067,16136.793067902652,169533.66142262498,0.12746416665212057,51.057332609724,0.0,0.0,0.0,False,False,False
ablation,tv_dro_energy_1_workload_0,tv_dro,2025-10-01,31,True,False,20,,0.01,0.7,20.0,optimal_decomposed,70.8592392999999,70.85853959999804,0.0,1,2,16307.664624421874,533.9055933035855,16841.57021772546,16797.12862549136,17331.034218794946,210471.84532313072,0.0,51.078074371679286,0.0,0.0,0.0,False,False,False
ablation,tv_dro_energy_1_workload_0,tv_dro,2025-10-01,32,True,False,20,,0.01,0.7,20.0,optimal_decomposed,70.8592392999999,70.85853959999804,0.0,1,2,16307.664624421874,533.9055933035855,16841.57021772546,16199.872934750134,16733.77852805372,189613.23605348368,0.05158293543608927,59.396845509919615,0.0,0.0,0.0,False,False,False
ablation,tv_dro_energy_1_workload_0,tv_dro,2025-10-01,33,True,False,20,,0.01,0.7,20.0,optimal_decomposed,70.8592392999999,70.85853959999804,0.0,1,2,16307.664624421874,533.9055933035855,16841.57021772546,17604.392284986407,18138.29787828999,225455.79425836084,0.021843746345213022,66.61394721085094,0.0,0.0,0.0,False,False,False
ablation,tv_dro_energy_1_workload_0,tv_dro,2025-10-01,34,True,False,20,,0.01,0.7,20.0,optimal_decomposed,70.8592392999999,70.85853959999804,0.0,1,2,16307.664624421874,533.9055933035855,16841.57021772546,16678.24766185723,17212.153255160814,199250.9070131051,0.15904446006835493,54.915066282935136,0.0,0.0,0.0,False,False,False
ablation,tv_dro_energy_1_workload_0,tv_dro,2025-10-01,35,True,False,20,,0.01,0.7,20.0,optimal_decomposed,70.8592392999999,70.85853959999804,0.0,1,2,16307.664624421874,533.9055933035855,16841.57021772546,16045.74103476386,16579.646628067447,182406.33612399202,0.0976028218753398,58.05851409745558,0.0,0.0,0.0,False,False,False
ablation,tv_dro_energy_1_workload_0,tv_dro,2025-10-01,36,True,False,20,,0.01,0.7,20.0,optimal_decomposed,70.8592392999999,70.85853959999804,0.0,1,2,16307.664624421874,533.9055933035855,16841.57021772546,15789.07970999318,16322.985303296766,180015.6946321257,0.0,62.59654573393883,0.0,0.0,0.0,False,False,False
ablation,tv_dro_energy_1_workload_0,tv_dro,2025-10-01,37,True,False,20,,0.01,0.7,20.0,optimal_decomposed,70.8592392999999,70.85853959999804,0.0,1,2,16307.664624421874,533.9055933035855,16841.57021772546,16153.016898848515,16686.9224921521,189671.90554691016,0.0507407259720154,44.41299957115138,0.0,0.0,0.0,False,False,False
ablation,tv_dro_energy_1_workload_0,tv_dro,2025-10-01,38,True,False,20,,0.01,0.7,20.0,optimal_decomposed,70.8592392999999,70.85853959999804,0.0,1,2,16307.664624421874,533.9055933035855,16841.57021772546,16010.847004416513,16544.7525977201,189756.51240368737,0.0,51.852594484403824,0.0,0.0,0.0,False,False,False
ablation,tv_dro_energy_1_workload_0,tv_dro,2025-10-01,39,True,False,20,,0.01,0.7,20.0,optimal_decomposed,70.8592392999999,70.85853959999804,0.0,1,2,16307.664624421874,533.9055933035855,16841.57021772546,16563.708876771183,17097.614470074768,200125.95433701674,0.004268216643565359,43.220552580706354,0.0,0.0,0.0,False,False,False
ablation,tv_dro_energy_1_workload_0,tv_dro,2025-10-01,40,True,False,20,,0.01,0.7,20.0,optimal_decomposed,70.8592392999999,70.85853959999804,0.0,1,2,16307.664624421874,533.9055933035855,16841.57021772546,16889.116224511825,17423.02181781541,201778.85212727025,0.048686103986127605,47.21083431236048,0.0,0.0,0.0,False,False,False
ablation,tv_dro_energy_1_workload_0,tv_dro,2025-10-01,41,True,False,20,,0.01,0.7,20.0,optimal_decomposed,70.8592392999999,70.85853959999804,0.0,1,2,16307.664624421874,533.9055933035855,16841.57021772546,16413.86530561307,16947.770898916657,196934.38700811344,0.021633703694857953,39.401458576780136,0.0,0.0,0.0,False,False,False
ablation,tv_dro_energy_1_workload_0,tv_dro,2025-10-01,42,True,False,20,,0.01,0.7,20.0,optimal_decomposed,70.8592392999999,70.85853959999804,0.0,1,2,16307.664624421874,533.9055933035855,16841.57021772546,16641.114415818534,17175.02000912212,197865.3858663052,0.0,58.480096775370704,0.0,0.0,0.0,False,False,False
ablation,tv_dro_energy_1_workload_0,tv_dro,2025-10-01,43,True,False,20,,0.01,0.7,20.0,optimal_decomposed,70.8592392999999,70.85853959999804,0.0,1,2,16307.664624421874,533.9055933035855,16841.57021772546,15653.76089658964,16187.666489893225,177623.42415229508,0.08698571381843043,59.4752857856859,0.0,0.0,0.0,False,False,False
ablation,tv_dro_energy_1_workload_0,tv_dro,2025-10-01,44,True,False,20,,0.01,0.7,20.0,optimal_decomposed,70.8592392999999,70.85853959999804,0.0,1,2,16307.664624421874,533.9055933035855,16841.57021772546,16107.70831384886,16641.613907152445,185631.31707043463,0.09183515110650342,56.768796323938005,0.0,0.0,0.0,False,False,False
ablation,tv_dro_energy_1_workload_0,tv_dro,2025-10-01,45,True,False,20,,0.01,0.7,20.0,optimal_decomposed,70.8592392999999,70.85853959999804,0.0,1,2,16307.664624421874,533.9055933035855,16841.57021772546,16810.946568254592,17344.852161558178,203550.40418255626,0.8442246081226803,56.92057494133226,0.0,0.06946397639055069,0.0,False,True,False
ablation,tv_dro_energy_1_workload_0,tv_dro,2025-10-01,46,True,False,20,,0.01,0.7,20.0,optimal_decomposed,70.8592392999999,70.85853959999804,0.0,1,2,16307.664624421874,533.9055933035855,16841.57021772546,16441.511263117853,16975.416856421438,195102.6957696596,1.365530384456959,55.78499782264969,0.0,0.07846170615992887,0.0,False,True,False
ablation,tv_dro_energy_1_workload_0,tv_dro,2025-10-01,47,True,False,20,,0.01,0.7,20.0,optimal_decomposed,70.8592392999999,70.85853959999804,0.0,1,2,16307.664624421874,533.9055933035855,16841.57021772546,16474.47593856064,17008.381531864226,202426.89148513487,0.31498013581300144,54.311460405124976,0.0,0.0963034732902941,0.0,False,True,False
ablation,tv_dro_energy_1_workload_0,tv_dro,2025-10-01,48,True,False,20,,0.01,0.7,20.0,optimal_decomposed,70.8592392999999,70.85853959999804,0.0,1,2,16307.664624421874,533.9055933035855,16841.57021772546,17123.487316077128,17657.392909380713,212271.16030736404,0.15566209036146872,53.203959043014784,0.0,0.0,0.0,False,False,False
ablation,tv_dro_energy_1_workload_0,tv_dro,2025-10-01,49,True,False,20,,0.01,0.7,20.0,optimal_decomposed,70.8592392999999,70.85853959999804,0.0,1,2,16307.664624421874,533.9055933035855,16841.57021772546,16546.57323365131,17080.478826954895,206790.57421188892,0.0,59.55784457931645,0.0,0.0,0.0,False,False,False
ablation,tv_dro_energy_1_workload_0,tv_dro,2025-10-01,50,True,False,20,,0.01,0.7,20.0,optimal_decomposed,70.8592392999999,70.85853959999804,0.0,1,2,16307.664624421874,533.9055933035855,16841.57021772546,16202.488867966063,16736.39446126965,195081.73675929944,0.2957746992896486,60.34346158392552,0.0,0.15292899898237766,0.0,False,True,False
ablation,tv_dro_energy_1_workload_0,tv_dro,2025-10-01,51,True,False,20,,0.01,0.7,20.0,optimal_decomposed,70.8592392999999,70.85853959999804,0.0,1,2,16307.664624421874,533.9055933035855,16841.57021772546,15858.83734698271,16392.742940286294,184757.93862030032,0.050559753535724394,54.91867491490032,0.0,0.21290850982370801,0.0,False,True,False
ablation,tv_dro_energy_1_workload_0,tv_dro,2025-10-01,52,True,False,20,,0.01,0.7,20.0,optimal_decomposed,70.8592392999999,70.85853959999804,0.0,1,2,16307.664624421874,533.9055933035855,16841.57021772546,16983.14846331816,17517.054056621746,208895.57811198552,0.0,58.51673027790988,0.0,0.0,0.0,False,False,False
ablation,tv_dro_energy_1_workload_0,tv_dro,2025-10-01,53,True,False,20,,0.01,0.7,20.0,optimal_decomposed,70.8592392999999,70.85853959999804,0.0,1,2,16307.664624421874,533.9055933035855,16841.57021772546,16359.07212439668,16892.977717700265,189540.4725045172,0.0,50.4305319323463,0.0,0.0,0.0,False,False,False
ablation,tv_dro_energy_1_workload_0,tv_dro,2025-10-01,54,True,False,20,,0.01,0.7,20.0,optimal_decomposed,70.8592392999999,70.85853959999804,0.0,1,2,16307.664624421874,533.9055933035855,16841.57021772546,16935.048688175106,17468.95428147869,205061.60345779787,0.0,52.053598425817576,0.0,0.0,0.0,False,False,False
ablation,tv_dro_energy_1_workload_0,tv_dro,2025-10-01,55,True,False,20,,0.01,0.7,20.0,optimal_decomposed,70.8592392999999,70.85853959999804,0.0,1,2,16307.664624421874,533.9055933035855,16841.57021772546,16419.003887295145,16952.90948059873,192722.76314693468,0.3316739477084149,58.629245585945064,0.0,0.0,0.0,False,False,False
ablation,tv_dro_energy_1_workload_0,tv_dro,2025-10-01,56,True,False,20,,0.01,0.7,20.0,optimal_decomposed,70.8592392999999,70.85853959999804,0.0,1,2,16307.664624421874,533.9055933035855,16841.57021772546,16395.60511276356,16929.510706067143,196221.5904540267,0.0,44.320900428566176,0.0,0.0,0.0,False,False,False
ablation,tv_dro_energy_1_workload_0,tv_dro,2025-10-01,57,True,False,20,,0.01,0.7,20.0,optimal_decomposed,70.8592392999999,70.85853959999804,0.0,1,2,16307.664624421874,533.9055933035855,16841.57021772546,16287.880303740418,16821.785897044003,190651.03778025525,0.4315639397444,50.4087939767483,0.0,0.05262672135842705,0.0,False,True,False
ablation,tv_dro_energy_1_workload_0,tv_dro,2025-10-01,58,True,False,20,,0.01,0.7,20.0,optimal_decomposed,70.8592392999999,70.85853959999804,0.0,1,2,16307.664624421874,533.9055933035855,16841.57021772546,17189.1381163,17723.043709603586,212722.1008386464,0.3836544663264694,60.35352958959293,0.0,0.0,0.0,False,False,False
ablation,tv_dro_energy_1_workload_0,tv_dro,2025-10-01,59,True,False,20,,0.01,0.7,20.0,optimal_decomposed,70.8592392999999,70.85853959999804,0.0,1,2,16307.664624421874,533.9055933035855,16841.57021772546,17172.205126894507,17706.110720198092,212721.88628202846,0.6074223484779945,55.50926401087635,0.0,0.0963034732902941,0.0,False,True,False
ablation,tv_dro_energy_1_workload_0,tv_dro,2025-10-01,60,True,False,20,,0.01,0.7,20.0,optimal_decomposed,70.8592392999999,70.85853959999804,0.0,1,2,16307.664624421874,533.9055933035855,16841.57021772546,16362.795338785187,16896.700932088774,199398.20134646664,0.019191167127155406,52.31460206078563,0.0,0.0,0.0,False,False,False
ablation,tv_dro_energy_1_workload_0,tv_dro,2025-10-01,61,True,False,20,,0.01,0.7,20.0,optimal_decomposed,70.8592392999999,70.85853959999804,0.0,1,2,16307.664624421874,533.9055933035855,16841.57021772546,16397.075477459523,16930.981070763108,197335.20230367547,0.0,42.92707847392496,0.0,0.0,0.0,False,False,False
ablation,tv_dro_energy_1_workload_0,tv_dro,2025-10-01,62,True,False,20,,0.01,0.7,20.0,optimal_decomposed,70.8592392999999,70.85853959999804,0.0,1,2,16307.664624421874,533.9055933035855,16841.57021772546,15770.065952082803,16303.971545386388,179787.41580515067,0.0,57.73372408414635,0.0,0.0,0.0,False,False,False
ablation,tv_dro_energy_1_workload_0,tv_dro,2025-10-01,63,True,False,20,,0.01,0.7,20.0,optimal_decomposed,70.8592392999999,70.85853959999804,0.0,1,2,16307.664624421874,533.9055933035855,16841.57021772546,16676.30212509552,17210.207718399106,192503.55420360446,0.0,61.34571573326181,0.0,0.0,0.0,False,False,False
ablation,tv_dro_energy_1_workload_0,tv_dro,2025-10-01,64,True,False,20,,0.01,0.7,20.0,optimal_decomposed,70.8592392999999,70.85853959999804,0.0,1,2,16307.664624421874,533.9055933035855,16841.57021772546,15969.87428066742,16503.779873971005,181207.328548669,0.0,50.40951432814974,0.0,0.0,0.0,False,False,False
ablation,tv_dro_energy_1_workload_0,tv_dro,2025-10-01,65,True,False,20,,0.01,0.7,20.0,optimal_decomposed,70.8592392999999,70.85853959999804,0.0,1,2,16307.664624421874,533.9055933035855,16841.57021772546,16840.609075654425,17374.51466895801,194614.7533598794,0.035015827828213886,58.27290960914153,0.0,0.0,0.0,False,False,False
ablation,tv_dro_energy_1_workload_0,tv_dro,2025-10-01,66,True,False,20,,0.01,0.7,20.0,optimal_decomposed,70.8592392999999,70.85853959999804,0.0,1,2,16307.664624421874,533.9055933035855,16841.57021772546,16691.387659416367,17225.293252719952,202142.38052036386,0.0,63.84237608949483,0.0,0.0,0.0,False,False,False
ablation,tv_dro_energy_1_workload_0,tv_dro,2025-10-01,67,True,False,20,,0.01,0.7,20.0,optimal_decomposed,70.8592392999999,70.85853959999804,0.0,1,2,16307.664624421874,533.9055933035855,16841.57021772546,15770.804537861313,16304.710131164898,175764.90374862903,0.0,54.513289561936325,0.0,0.0,0.0,False,False,False
ablation,tv_dro_energy_1_workload_0,tv_dro,2025-10-01,68,True,False,20,,0.01,0.7,20.0,optimal_decomposed,70.8592392999999,70.85853959999804,0.0,1,2,16307.664624421874,533.9055933035855,16841.57021772546,17379.33797938702,17913.243572690604,219599.71021987812,0.0,57.83756575924812,0.0,0.0,0.0,False,False,False
ablation,tv_dro_energy_1_workload_0,tv_dro,2025-10-01,69,True,False,20,,0.01,0.7,20.0,optimal_decomposed,70.8592392999999,70.85853959999804,0.0,1,2,16307.664624421874,533.9055933035855,16841.57021772546,17140.276717972487,17674.182311276072,215106.84694149368,0.026787698956102446,59.31055863959706,0.0,0.0,0.0,False,False,False
ablation,tv_dro_energy_1_workload_0,tv_dro,2025-10-01,70,True,False,20,,0.01,0.7,20.0,optimal_decomposed,70.8592392999999,70.85853959999804,0.0,1,2,16307.664624421874,533.9055933035855,16841.57021772546,16766.870636647353,17300.776229950938,206211.89846355515,0.0,57.77548827307363,0.0,0.0,0.0,False,False,False
ablation,tv_dro_energy_1_workload_0,tv_dro,2025-10-01,71,True,False,20,,0.01,0.7,20.0,optimal_decomposed,70.8592392999999,70.85853959999804,0.0,1,2,16307.664624421874,533.9055933035855,16841.57021772546,15882.89965022711,16416.805243530696,186769.7276023981,0.09525805482632199,62.06450224629563,0.0,0.0,0.0,False,False,False
ablation,tv_dro_energy_1_workload_0,tv_dro,2025-10-01,72,True,False,20,,0.01,0.7,20.0,optimal_decomposed,70.8592392999999,70.85853959999804,0.0,1,2,16307.664624421874,533.9055933035855,16841.57021772546,16119.149624497566,16653.055217801153,188329.31441815294,0.0,60.344925632418146,0.0,0.0,0.0,False,False,False
ablation,tv_dro_energy_1_workload_0,tv_dro,2025-10-01,73,True,False,20,,0.01,0.7,20.0,optimal_decomposed,70.8592392999999,70.85853959999804,0.0,1,2,16307.664624421874,533.9055933035855,16841.57021772546,16388.24921236954,16922.154805673126,191162.15457199913,0.16488194668299783,51.761526419082024,0.0,0.0,0.0,False,False,False
ablation,tv_dro_energy_1_workload_0,tv_dro,2025-10-01,74,True,False,20,,0.01,0.7,20.0,optimal_decomposed,70.8592392999999,70.85853959999804,0.0,1,2,16307.664624421874,533.9055933035855,16841.57021772546,16060.783474449638,16594.689067753225,179444.24700131948,0.0,57.3247274016969,0.0,0.0,0.0,False,False,False
ablation,tv_dro_energy_1_workload_0,tv_dro,2025-10-01,75,True,False,20,,0.01,0.7,20.0,optimal_decomposed,70.8592392999999,70.85853959999804,0.0,1,2,16307.664624421874,533.9055933035855,16841.57021772546,16562.771676228233,17096.677269531818,197376.04393051215,0.47375020603203377,52.01944476823458,0.0,0.0,0.0,False,False,False
ablation,tv_dro_energy_1_workload_0,tv_dro,2025-10-01,76,True,False,20,,0.01,0.7,20.0,optimal_decomposed,70.8592392999999,70.85853959999804,0.0,1,2,16307.664624421874,533.9055933035855,16841.57021772546,17024.50048925644,17558.406082560025,213779.90063660452,0.2868902309555234,54.593102631935935,0.0,0.06557781399782736,0.0,False,True,False
ablation,tv_dro_energy_1_workload_0,tv_dro,2025-10-01,77,True,False,20,,0.01,0.7,20.0,optimal_decomposed,70.8592392999999,70.85853959999804,0.0,1,2,16307.664624421874,533.9055933035855,16841.57021772546,16040.84099461949,16574.746587923077,179363.43068460037,0.05158311187592535,53.405491691914804,0.0,0.0,0.0,False,False,False
ablation,tv_dro_energy_1_workload_0,tv_dro,2025-10-01,78,True,False,20,,0.01,0.7,20.0,optimal_decomposed,70.8592392999999,70.85853959999804,0.0,1,2,16307.664624421874,533.9055933035855,16841.57021772546,15978.833010950837,16512.738604254424,183915.48470571457,0.005599453195149762,53.00135784527735,0.0,0.0,0.0,False,False,False
ablation,tv_dro_energy_1_workload_0,tv_dro,2025-10-01,79,True,False,20,,0.01,0.7,20.0,optimal_decomposed,70.8592392999999,70.85853959999804,0.0,1,2,16307.664624421874,533.9055933035855,16841.57021772546,17047.158410168297,17581.06400347188,207165.56346599542,0.0,51.47846476278659,0.0,0.0,0.0,False,False,False
ablation,tv_dro_energy_1_workload_0,tv_dro,2025-10-01,80,True,False,20,,0.01,0.7,20.0,optimal_decomposed,70.8592392999999,70.85853959999804,0.0,1,2,16307.664624421874,533.9055933035855,16841.57021772546,16816.972703239855,17350.87829654344,206397.68900860954,0.0,53.07667977149517,0.0,0.09195662532264048,0.0,False,True,False
ablation,tv_dro_energy_1_workload_0,tv_dro,2025-10-01,81,True,False,20,,0.01,0.7,20.0,optimal_decomposed,70.8592392999999,70.85853959999804,0.0,1,2,16307.664624421874,533.9055933035855,16841.57021772546,16558.585061601887,17092.490654905472,192266.60129668904,0.21683227326744212,60.549420868454064,0.0,0.0,0.0,False,False,False
ablation,tv_dro_energy_1_workload_0,tv_dro,2025-10-01,82,True,False,20,,0.01,0.7,20.0,optimal_decomposed,70.8592392999999,70.85853959999804,0.0,1,2,16307.664624421874,533.9055933035855,16841.57021772546,16042.75265223825,16576.658245541836,187261.01353570473,0.019507323756886713,49.45628985135403,0.0,0.0,0.0,False,False,False
ablation,tv_dro_energy_1_workload_0,tv_dro,2025-10-01,83,True,False,20,,0.01,0.7,20.0,optimal_decomposed,70.8592392999999,70.85853959999804,0.0,1,2,16307.664624421874,533.9055933035855,16841.57021772546,16915.54882791365,17449.454421217237,209626.02698815204,0.17242602702415272,51.319953845212325,0.0,0.19414143947692275,0.0,False,True,False
ablation,tv_dro_energy_1_workload_0,tv_dro,2025-10-01,84,True,False,20,,0.01,0.7,20.0,optimal_decomposed,70.8592392999999,70.85853959999804,0.0,1,2,16307.664624421874,533.9055933035855,16841.57021772546,17241.434724917264,17775.34031822085,209339.87470768465,0.13204018860213615,49.5755757929343,0.0,0.0,0.0,False,False,False
ablation,tv_dro_energy_1_workload_0,tv_dro,2025-10-01,85,True,False,20,,0.01,0.7,20.0,optimal_decomposed,70.8592392999999,70.85853959999804,0.0,1,2,16307.664624421874,533.9055933035855,16841.57021772546,16661.967371534272,17195.872964837858,198887.4540746717,0.0,60.36298386306016,0.0,0.0,0.0,False,False,False
ablation,tv_dro_energy_1_workload_0,tv_dro,2025-10-01,86,True,False,20,,0.01,0.7,20.0,optimal_decomposed,70.8592392999999,70.85853959999804,0.0,1,2,16307.664624421874,533.9055933035855,16841.57021772546,16676.3198032437,17210.225396547285,197719.02660861722,0.02332421325594833,47.8971609024453,0.0,0.0,0.0,False,False,False
ablation,tv_dro_energy_1_workload_0,tv_dro,2025-10-01,87,True,False,20,,0.01,0.7,20.0,optimal_decomposed,70.8592392999999,70.85853959999804,0.0,1,2,16307.664624421874,533.9055933035855,16841.57021772546,15605.376575366741,16139.282168670326,174944.3418065512,0.09465243301605769,55.07359394629304,0.0,0.0,0.0,False,False,False
ablation,tv_dro_energy_1_workload_0,tv_dro,2025-10-01,88,True,False,20,,0.01,0.7,20.0,optimal_decomposed,70.8592392999999,70.85853959999804,0.0,1,2,16307.664624421874,533.9055933035855,16841.57021772546,16010.228579517465,16544.13417282105,177934.59231397096,0.0495556128958885,59.36270773823655,0.0,0.0,0.0,False,False,False
ablation,tv_dro_energy_1_workload_0,tv_dro,2025-10-01,89,True,False,20,,0.01,0.7,20.0,optimal_decomposed,70.8592392999999,70.85853959999804,0.0,1,2,16307.664624421874,533.9055933035855,16841.57021772546,16438.982413865677,16972.888007169262,194546.50652531066,0.36631970258368757,53.431947039811256,0.0,0.002781424094913776,0.0,False,True,False
ablation,tv_dro_energy_1_workload_0,tv_dro,2025-10-01,90,True,False,20,,0.01,0.7,20.0,optimal_decomposed,70.8592392999999,70.85853959999804,0.0,1,2,16307.664624421874,533.9055933035855,16841.57021772546,16215.031963805599,16748.937557109184,189775.8520076538,0.11958092732245068,57.53796667149758,0.0,0.0,0.0,False,False,False
ablation,tv_dro_energy_1_workload_0,tv_dro,2025-10-01,91,True,False,20,,0.01,0.7,20.0,optimal_decomposed,70.8592392999999,70.85853959999804,0.0,1,2,16307.664624421874,533.9055933035855,16841.57021772546,15502.758035264837,16036.663628568422,168034.47827749906,0.27721439213654414,54.06326087327037,0.0,0.0,0.0,False,False,False
ablation,tv_dro_energy_1_workload_0,tv_dro,2025-10-01,92,True,False,20,,0.01,0.7,20.0,optimal_decomposed,70.8592392999999,70.85853959999804,0.0,1,2,16307.664624421874,533.9055933035855,16841.57021772546,16308.669094707166,16842.57468801075,182760.72502762862,0.0,44.37616782907099,0.0,0.0,0.0,False,False,False
ablation,tv_dro_energy_1_workload_0,tv_dro,2025-10-01,93,True,False,20,,0.01,0.7,20.0,optimal_decomposed,70.8592392999999,70.85853959999804,0.0,1,2,16307.664624421874,533.9055933035855,16841.57021772546,16208.820790588154,16742.72638389174,195301.1163333146,0.0,56.61582096330158,0.0,0.0,0.0,False,False,False
ablation,tv_dro_energy_1_workload_0,tv_dro,2025-10-01,94,True,False,20,,0.01,0.7,20.0,optimal_decomposed,70.8592392999999,70.85853959999804,0.0,1,2,16307.664624421874,533.9055933035855,16841.57021772546,16210.972962056194,16744.87855535978,186595.87983341457,0.0,49.64755327616832,0.0,0.0,0.0,False,False,False
ablation,tv_dro_energy_1_workload_0,tv_dro,2025-10-01,95,True,False,20,,0.01,0.7,20.0,optimal_decomposed,70.8592392999999,70.85853959999804,0.0,1,2,16307.664624421874,533.9055933035855,16841.57021772546,15935.602378875641,16469.507972179228,182888.1033362989,0.0,55.80709363705385,0.0,0.0,0.0,False,False,False
ablation,tv_dro_energy_1_workload_0,tv_dro,2025-10-01,96,True,False,20,,0.01,0.7,20.0,optimal_decomposed,70.8592392999999,70.85853959999804,0.0,1,2,16307.664624421874,533.9055933035855,16841.57021772546,16139.2192277491,16673.124821052686,189419.97044833482,0.4065501128878012,51.26784471832007,0.0,0.0,0.0,False,False,False
ablation,tv_dro_energy_1_workload_0,tv_dro,2025-10-01,97,True,False,20,,0.01,0.7,20.0,optimal_decomposed,70.8592392999999,70.85853959999804,0.0,1,2,16307.664624421874,533.9055933035855,16841.57021772546,16166.676076083531,16700.581669387117,187248.14894295932,0.0,55.756377247453706,0.0,0.0,0.0,False,False,False
ablation,tv_dro_energy_1_workload_0,tv_dro,2025-10-01,98,True,False,20,,0.01,0.7,20.0,optimal_decomposed,70.8592392999999,70.85853959999804,0.0,1,2,16307.664624421874,533.9055933035855,16841.57021772546,16297.299824365435,16831.20541766902,187805.89882757675,0.04765627545035647,46.921392602978905,0.0,0.0,0.0,False,False,False
ablation,tv_dro_energy_1_workload_0,tv_dro,2025-10-01,99,True,False,20,,0.01,0.7,20.0,optimal_decomposed,70.8592392999999,70.85853959999804,0.0,1,2,16307.664624421874,533.9055933035855,16841.57021772546,16029.55165436643,16563.457247670016,184728.74151911287,0.13113058335573335,55.15127423048886,0.0,0.0,0.0,False,False,False
ablation,tv_dro_energy_0_workload_1,tv_dro,2025-01-01,0,False,True,20,,0.01,0.7,20.0,optimal_decomposed,68.48523010000645,68.48431169999822,0.0,1,2,15664.811973990287,174.34157851920764,15839.153552509495,14832.627010608992,15006.9685891282,170350.56155795633,1.3307926312448903,51.03114944252911,0.0,0.0,0.0,False,False,False
ablation,tv_dro_energy_0_workload_1,tv_dro,2025-01-01,1,False,True,20,,0.01,0.7,20.0,optimal_decomposed,68.48523010000645,68.48431169999822,0.0,1,2,15664.811973990287,174.34157851920764,15839.153552509495,15838.642169496108,16012.983748015316,190430.93208540557,0.08684864855887026,57.39541359598873,0.0,0.0,0.0,False,False,False
ablation,tv_dro_energy_0_workload_1,tv_dro,2025-01-01,2,False,True,20,,0.01,0.7,20.0,optimal_decomposed,68.48523010000645,68.48431169999822,0.0,1,2,15664.811973990287,174.34157851920764,15839.153552509495,15498.503648927246,15672.845227446454,180771.0679969638,0.08188014820472636,45.71735117533238,0.0,0.0,0.0,False,False,False
ablation,tv_dro_energy_0_workload_1,tv_dro,2025-01-01,3,False,True,20,,0.01,0.7,20.0,optimal_decomposed,68.48523010000645,68.48431169999822,0.0,1,2,15664.811973990287,174.34157851920764,15839.153552509495,15720.125043566024,15894.466622085232,189741.37824328768,0.0,51.57226383594755,0.0,0.0,0.0,False,False,False
ablation,tv_dro_energy_0_workload_1,tv_dro,2025-01-01,4,False,True,20,,0.01,0.7,20.0,optimal_decomposed,68.48523010000645,68.48431169999822,0.0,1,2,15664.811973990287,174.34157851920764,15839.153552509495,15641.021958946316,15815.363537465524,185319.53754527975,0.0632302808889269,49.56380839846285,0.0,0.0,0.0,False,False,False
ablation,tv_dro_energy_0_workload_1,tv_dro,2025-01-01,5,False,True,20,,0.01,0.7,20.0,optimal_decomposed,68.48523010000645,68.48431169999822,0.0,1,2,15664.811973990287,174.34157851920764,15839.153552509495,16037.859716199528,16212.201294718736,200929.42527045577,0.008075147878510824,53.34442416186624,0.0,0.0,0.0,False,False,False
ablation,tv_dro_energy_0_workload_1,tv_dro,2025-01-01,6,False,True,20,,0.01,0.7,20.0,optimal_decomposed,68.48523010000645,68.48431169999822,0.0,1,2,15664.811973990287,174.34157851920764,15839.153552509495,15937.242117168718,16111.583695687927,194230.69714207287,0.28607595537829367,47.42124925489737,0.0,0.0,0.0,False,False,False
ablation,tv_dro_energy_0_workload_1,tv_dro,2025-01-01,7,False,True,20,,0.01,0.7,20.0,optimal_decomposed,68.48523010000645,68.48431169999822,0.0,1,2,15664.811973990287,174.34157851920764,15839.153552509495,15294.190850211122,15468.53242873033,175695.82114079891,0.019384031851351097,49.843164577842586,0.0,0.0,0.0,False,False,False
ablation,tv_dro_energy_0_workload_1,tv_dro,2025-01-01,8,False,True,20,,0.01,0.7,20.0,optimal_decomposed,68.48523010000645,68.48431169999822,0.0,1,2,15664.811973990287,174.34157851920764,15839.153552509495,15838.530059305975,16012.871637825183,190245.9839313777,0.15842303005788594,52.449332136838606,0.0,0.0,0.0,False,False,False
ablation,tv_dro_energy_0_workload_1,tv_dro,2025-01-01,9,False,True,20,,0.01,0.7,20.0,optimal_decomposed,68.48523010000645,68.48431169999822,0.0,1,2,15664.811973990287,174.34157851920764,15839.153552509495,15837.93368036413,16012.27525888334,192738.19950275542,0.1788928481337071,59.33589480544891,0.0,0.0,0.0,False,False,False
ablation,tv_dro_energy_0_workload_1,tv_dro,2025-01-01,10,False,True,20,,0.01,0.7,20.0,optimal_decomposed,68.48523010000645,68.48431169999822,0.0,1,2,15664.811973990287,174.34157851920764,15839.153552509495,15508.795386880174,15683.136965399382,183640.50095998056,0.648487042280138,51.58009867502399,0.0,0.0,0.0,False,False,False
ablation,tv_dro_energy_0_workload_1,tv_dro,2025-01-01,11,False,True,20,,0.01,0.7,20.0,optimal_decomposed,68.48523010000645,68.48431169999822,0.0,1,2,15664.811973990287,174.34157851920764,15839.153552509495,15262.781590107576,15437.123168626784,183444.44838010755,0.0,43.07770526747323,0.0,0.0,0.0,False,False,False
ablation,tv_dro_energy_0_workload_1,tv_dro,2025-01-01,12,False,True,20,,0.01,0.7,20.0,optimal_decomposed,68.48523010000645,68.48431169999822,0.0,1,2,15664.811973990287,174.34157851920764,15839.153552509495,15856.359417676875,16030.700996196083,195901.2508378087,0.0,44.739091564268335,0.0,0.0,0.0,False,False,False
ablation,tv_dro_energy_0_workload_1,tv_dro,2025-01-01,13,False,True,20,,0.01,0.7,20.0,optimal_decomposed,68.48523010000645,68.48431169999822,0.0,1,2,15664.811973990287,174.34157851920764,15839.153552509495,16094.160339461609,16268.501917980817,198511.9046936949,0.5867723580880949,52.60905963874559,0.0,0.0,0.0,False,False,False
ablation,tv_dro_energy_0_workload_1,tv_dro,2025-01-01,14,False,True,20,,0.01,0.7,20.0,optimal_decomposed,68.48523010000645,68.48431169999822,0.0,1,2,15664.811973990287,174.34157851920764,15839.153552509495,15341.949116759228,15516.290695278436,178094.32245257514,0.0,51.61397999795376,0.0,0.0,0.0,False,False,False
ablation,tv_dro_energy_0_workload_1,tv_dro,2025-01-01,15,False,True,20,,0.01,0.7,20.0,optimal_decomposed,68.48523010000645,68.48431169999822,0.0,1,2,15664.811973990287,174.34157851920764,15839.153552509495,15348.177361472759,15522.518939991967,174285.15574669326,0.021678658843421378,45.17673594808797,0.0,0.0,0.0,False,False,False
ablation,tv_dro_energy_0_workload_1,tv_dro,2025-01-01,16,False,True,20,,0.01,0.7,20.0,optimal_decomposed,68.48523010000645,68.48431169999822,0.0,1,2,15664.811973990287,174.34157851920764,15839.153552509495,15071.640513847102,15245.98209236631,170852.83955059477,0.03606366855062573,46.89754511570928,0.0,0.0,0.0,False,False,False
ablation,tv_dro_energy_0_workload_1,tv_dro,2025-01-01,17,False,True,20,,0.01,0.7,20.0,optimal_decomposed,68.48523010000645,68.48431169999822,0.0,1,2,15664.811973990287,174.34157851920764,15839.153552509495,15320.925966091376,15495.267544610584,178014.7375506268,0.31432986155467446,55.383227912254156,0.0,0.0,0.0,False,False,False
ablation,tv_dro_energy_0_workload_1,tv_dro,2025-01-01,18,False,True,20,,0.01,0.7,20.0,optimal_decomposed,68.48523010000645,68.48431169999822,0.0,1,2,15664.811973990287,174.34157851920764,15839.153552509495,15705.290043353742,15879.63162187295,190242.22031331097,0.0,55.19824762391771,0.0,0.0,0.0,False,False,False
ablation,tv_dro_energy_0_workload_1,tv_dro,2025-01-01,19,False,True,20,,0.01,0.7,20.0,optimal_decomposed,68.48523010000645,68.48431169999822,0.0,1,2,15664.811973990287,174.34157851920764,15839.153552509495,15572.20463001145,15746.546208530659,189486.16054324814,0.08097823354357891,52.03766095453523,0.0,0.0,0.0,False,False,False
ablation,tv_dro_energy_0_workload_1,tv_dro,2025-01-01,20,False,True,20,,0.01,0.7,20.0,optimal_decomposed,68.48523010000645,68.48431169999822,0.0,1,2,15664.811973990287,174.34157851920764,15839.153552509495,16101.545538438377,16275.887116957585,193978.1885263511,0.0,46.28158186794603,0.0,0.0,0.0,False,False,False
ablation,tv_dro_energy_0_workload_1,tv_dro,2025-01-01,21,False,True,20,,0.01,0.7,20.0,optimal_decomposed,68.48523010000645,68.48431169999822,0.0,1,2,15664.811973990287,174.34157851920764,15839.153552509495,15160.02938399825,15334.370962517458,174896.08218589288,0.14558437698452803,44.840699799016825,0.0,0.0,0.0,False,False,False
ablation,tv_dro_energy_0_workload_1,tv_dro,2025-01-01,22,False,True,20,,0.01,0.7,20.0,optimal_decomposed,68.48523010000645,68.48431169999822,0.0,1,2,15664.811973990287,174.34157851920764,15839.153552509495,15831.30399419132,16005.645572710528,190404.89973762946,0.026577845958551727,49.58925199384164,0.0,0.0,0.0,False,False,False
ablation,tv_dro_energy_0_workload_1,tv_dro,2025-01-01,23,False,True,20,,0.01,0.7,20.0,optimal_decomposed,68.48523010000645,68.48431169999822,0.0,1,2,15664.811973990287,174.34157851920764,15839.153552509495,15913.964802813814,16088.306381333023,189958.18561091003,0.0,48.4283820854458,0.0,0.0,0.0,False,False,False
ablation,tv_dro_energy_0_workload_1,tv_dro,2025-01-01,24,False,True,20,,0.01,0.7,20.0,optimal_decomposed,68.48523010000645,68.48431169999822,0.0,1,2,15664.811973990287,174.34157851920764,15839.153552509495,15312.768362063553,15487.10994058276,180415.05709606552,0.10567313604808662,52.180133279126466,0.0,0.0,0.0,False,False,False
ablation,tv_dro_energy_0_workload_1,tv_dro,2025-01-01,25,False,True,20,,0.01,0.7,20.0,optimal_decomposed,68.48523010000645,68.48431169999822,0.0,1,2,15664.811973990287,174.34157851920764,15839.153552509495,16807.150170466623,16981.49174898583,221299.98690899802,0.0,46.210813359498076,0.0,0.0,0.0,False,False,False
ablation,tv_dro_energy_0_workload_1,tv_dro,2025-01-01,26,False,True,20,,0.01,0.7,20.0,optimal_decomposed,68.48523010000645,68.48431169999822,0.0,1,2,15664.811973990287,174.34157851920764,15839.153552509495,15815.132839097345,15989.474417616553,186510.11010789446,0.24614665569125319,55.11226498110006,0.0,0.0,0.0,False,False,False
ablation,tv_dro_energy_0_workload_1,tv_dro,2025-01-01,27,False,True,20,,0.01,0.7,20.0,optimal_decomposed,68.48523010000645,68.48431169999822,0.0,1,2,15664.811973990287,174.34157851920764,15839.153552509495,14543.102438560796,14717.444017080004,169096.9472379735,0.5858549621327369,55.83167973879915,0.0,0.0,0.0,False,False,False
ablation,tv_dro_energy_0_workload_1,tv_dro,2025-01-01,28,False,True,20,,0.01,0.7,20.0,optimal_decomposed,68.48523010000645,68.48431169999822,0.0,1,2,15664.811973990287,174.34157851920764,15839.153552509495,15615.559710416528,15789.901288935736,185804.18011395444,0.013328971990677202,40.80838155329455,0.0,0.0,0.0,False,False,False
ablation,tv_dro_energy_0_workload_1,tv_dro,2025-01-01,29,False,True,20,,0.01,0.7,20.0,optimal_decomposed,68.48523010000645,68.48431169999822,0.0,1,2,15664.811973990287,174.34157851920764,15839.153552509495,15880.201617765988,16054.543196285196,195764.12561146336,0.030916769877295164,39.203352062624795,0.0,0.0,0.0,False,False,False
ablation,tv_dro_energy_0_workload_1,tv_dro,2025-01-01,30,False,True,20,,0.01,0.7,20.0,optimal_decomposed,68.48523010000645,68.48431169999822,0.0,1,2,15664.811973990287,174.34157851920764,15839.153552509495,14995.179728828825,15169.521307348034,165184.08323656247,0.0,46.3522189271826,0.0,0.0,0.0,False,False,False
ablation,tv_dro_energy_0_workload_1,tv_dro,2025-01-01,31,False,True,20,,0.01,0.7,20.0,optimal_decomposed,68.48523010000645,68.48431169999822,0.0,1,2,15664.811973990287,174.34157851920764,15839.153552509495,15896.316906212618,16070.658484731826,202214.77513527533,0.06064340402246904,49.877208206046284,0.0,0.0,0.0,False,False,False
ablation,tv_dro_energy_0_workload_1,tv_dro,2025-01-01,32,False,True,20,,0.01,0.7,20.0,optimal_decomposed,68.48523010000645,68.48431169999822,0.0,1,2,15664.811973990287,174.34157851920764,15839.153552509495,15672.616215111335,15846.957793630543,184432.67149274677,0.0,49.24259550402694,0.0,0.0,0.0,False,False,False
ablation,tv_dro_energy_0_workload_1,tv_dro,2025-01-01,33,False,True,20,,0.01,0.7,20.0,optimal_decomposed,68.48523010000645,68.48431169999822,0.0,1,2,15664.811973990287,174.34157851920764,15839.153552509495,16904.09748878834,17078.439067307547,219898.4777358697,0.04697440711880671,61.07248941737325,0.0,0.0,0.0,False,False,False
ablation,tv_dro_energy_0_workload_1,tv_dro,2025-01-01,34,False,True,20,,0.01,0.7,20.0,optimal_decomposed,68.48523010000645,68.48431169999822,0.0,1,2,15664.811973990287,174.34157851920764,15839.153552509495,16126.22003793068,16300.561616449888,194405.62157371794,0.7970541378804517,51.264212384275744,0.0,0.0,0.0,False,False,False
ablation,tv_dro_energy_0_workload_1,tv_dro,2025-01-01,35,False,True,20,,0.01,0.7,20.0,optimal_decomposed,68.48523010000645,68.48431169999822,0.0,1,2,15664.811973990287,174.34157851920764,15839.153552509495,14897.920893105094,15072.262471624303,176563.16412228992,0.20835406677013535,54.992682694570064,0.0,0.0,0.0,False,False,False
ablation,tv_dro_energy_0_workload_1,tv_dro,2025-01-01,36,False,True,20,,0.01,0.7,20.0,optimal_decomposed,68.48523010000645,68.48431169999822,0.0,1,2,15664.811973990287,174.34157851920764,15839.153552509495,15199.295787916559,15373.637366435767,174620.61496684008,0.06923304696126376,54.20098971654664,0.0,0.0,0.0,False,False,False
ablation,tv_dro_energy_0_workload_1,tv_dro,2025-01-01,37,False,True,20,,0.01,0.7,20.0,optimal_decomposed,68.48523010000645,68.48431169999822,0.0,1,2,15664.811973990287,174.34157851920764,15839.153552509495,15480.748879384004,15655.090457903212,183207.09622701287,0.0,41.62635694931427,0.0,0.0,0.0,False,False,False
ablation,tv_dro_energy_0_workload_1,tv_dro,2025-01-01,38,False,True,20,,0.01,0.7,20.0,optimal_decomposed,68.48523010000645,68.48431169999822,0.0,1,2,15664.811973990287,174.34157851920764,15839.153552509495,15435.43459257107,15609.776171090278,184903.8950374582,0.0,48.5148669374876,0.0,0.0,0.0,False,False,False
ablation,tv_dro_energy_0_workload_1,tv_dro,2025-01-01,39,False,True,20,,0.01,0.7,20.0,optimal_decomposed,68.48523010000645,68.48431169999822,0.0,1,2,15664.811973990287,174.34157851920764,15839.153552509495,15661.155768112789,15835.497346631997,195314.70421647353,0.057814929904075885,40.69081879963595,0.0,0.0,0.0,False,False,False
ablation,tv_dro_energy_0_workload_1,tv_dro,2025-01-01,40,False,True,20,,0.01,0.7,20.0,optimal_decomposed,68.48523010000645,68.48431169999822,0.0,1,2,15664.811973990287,174.34157851920764,15839.153552509495,16158.48232955289,16332.823908072098,196297.4901354994,0.0,43.12289085126657,0.0,0.0,0.0,False,False,False
ablation,tv_dro_energy_0_workload_1,tv_dro,2025-01-01,41,False,True,20,,0.01,0.7,20.0,optimal_decomposed,68.48523010000645,68.48431169999822,0.0,1,2,15664.811973990287,174.34157851920764,15839.153552509495,15604.742334439152,15779.08391295836,191143.35172030432,0.012079899653884785,37.483629301385236,0.0,0.0,0.0,False,False,False
ablation,tv_dro_energy_0_workload_1,tv_dro,2025-01-01,42,False,True,20,,0.01,0.7,20.0,optimal_decomposed,68.48523010000645,68.48431169999822,0.0,1,2,15664.811973990287,174.34157851920764,15839.153552509495,16260.055655357457,16434.397233876665,192146.56031373094,0.0,55.08377712862719,0.0,0.0,0.0,False,False,False
ablation,tv_dro_energy_0_workload_1,tv_dro,2025-01-01,43,False,True,20,,0.01,0.7,20.0,optimal_decomposed,68.48523010000645,68.48431169999822,0.0,1,2,15664.811973990287,174.34157851920764,15839.153552509495,15068.41045492984,15242.75203344905,172305.26220301617,0.13724718452205356,52.256584551652416,0.0,0.0,0.0,False,False,False
ablation,tv_dro_energy_0_workload_1,tv_dro,2025-01-01,44,False,True,20,,0.01,0.7,20.0,optimal_decomposed,68.48523010000645,68.48431169999822,0.0,1,2,15664.811973990287,174.34157851920764,15839.153552509495,15250.586984599815,15424.928563119023,180087.20614073885,0.14222632282577624,49.52792400898344,0.0,0.0,0.0,False,False,False
ablation,tv_dro_energy_0_workload_1,tv_dro,2025-01-01,45,False,True,20,,0.01,0.7,20.0,optimal_decomposed,68.48523010000645,68.48431169999822,0.0,1,2,15664.811973990287,174.34157851920764,15839.153552509495,16327.537758800256,16501.879337319464,196675.05679151864,0.1686502000587371,54.748967600340904,0.0,0.0,0.0,False,False,False
ablation,tv_dro_energy_0_workload_1,tv_dro,2025-01-01,46,False,True,20,,0.01,0.7,20.0,optimal_decomposed,68.48523010000645,68.48431169999822,0.0,1,2,15664.811973990287,174.34157851920764,15839.153552509495,15788.585700832195,15962.927279351403,188942.82735918747,0.15199288085734108,50.147643569313026,0.0,0.0,0.0,False,False,False
ablation,tv_dro_energy_0_workload_1,tv_dro,2025-01-01,47,False,True,20,,0.01,0.7,20.0,optimal_decomposed,68.48523010000645,68.48431169999822,0.0,1,2,15664.811973990287,174.34157851920764,15839.153552509495,15733.971493098263,15908.313071617471,195733.8989405674,0.0,51.57042713752838,0.0,0.0,0.0,False,False,False
ablation,tv_dro_energy_0_workload_1,tv_dro,2025-01-01,48,False,True,20,,0.01,0.7,20.0,optimal_decomposed,68.48523010000645,68.48431169999822,0.0,1,2,15664.811973990287,174.34157851920764,15839.153552509495,16096.058196184593,16270.399774703801,206779.2605752232,0.0,48.26082949968073,0.0,0.0,0.0,False,False,False
ablation,tv_dro_energy_0_workload_1,tv_dro,2025-01-01,49,False,True,20,,0.01,0.7,20.0,optimal_decomposed,68.48523010000645,68.48431169999822,0.0,1,2,15664.811973990287,174.34157851920764,15839.153552509495,16012.39828716397,16186.739865683177,200902.6158975165,0.08682906619277006,50.98184074465369,0.0,0.0,0.0,False,False,False
ablation,tv_dro_energy_0_workload_1,tv_dro,2025-01-01,50,False,True,20,,0.01,0.7,20.0,optimal_decomposed,68.48523010000645,68.48431169999822,0.0,1,2,15664.811973990287,174.34157851920764,15839.153552509495,15653.110732350748,15827.452310869956,188876.54048624844,0.0,56.011477641788034,0.0,0.0,0.0,False,False,False
ablation,tv_dro_energy_0_workload_1,tv_dro,2025-01-01,51,False,True,20,,0.01,0.7,20.0,optimal_decomposed,68.48523010000645,68.48431169999822,0.0,1,2,15664.811973990287,174.34157851920764,15839.153552509495,15581.544652346762,15755.88623086597,179698.58108934414,0.0,48.552024294209964,0.0,0.0,0.0,False,False,False
ablation,tv_dro_energy_0_workload_1,tv_dro,2025-01-01,52,False,True,20,,0.01,0.7,20.0,optimal_decomposed,68.48523010000645,68.48431169999822,0.0,1,2,15664.811973990287,174.34157851920764,15839.153552509495,16236.706091866949,16411.047670386157,201759.7019851718,0.8883770316201174,56.09266711626275,0.0,0.0,0.0,False,False,False
ablation,tv_dro_energy_0_workload_1,tv_dro,2025-01-01,53,False,True,20,,0.01,0.7,20.0,optimal_decomposed,68.48523010000645,68.48431169999822,0.0,1,2,15664.811973990287,174.34157851920764,15839.153552509495,15447.640930075726,15621.982508594934,183205.70418440475,0.0,45.0937936308293,0.0,0.0,0.0,False,False,False
ablation,tv_dro_energy_0_workload_1,tv_dro,2025-01-01,54,False,True,20,,0.01,0.7,20.0,optimal_decomposed,68.48523010000645,68.48431169999822,0.0,1,2,15664.811973990287,174.34157851920764,15839.153552509495,15991.697114357139,16166.038692876347,201209.23416834633,0.0,46.20222959884168,0.0,0.0,0.0,False,False,False
ablation,tv_dro_energy_0_workload_1,tv_dro,2025-01-01,55,False,True,20,,0.01,0.7,20.0,optimal_decomposed,68.48523010000645,68.48431169999822,0.0,1,2,15664.811973990287,174.34157851920764,15839.153552509495,15636.398129307594,15810.739707826802,185332.34289753507,0.14655144358015137,55.397656368557904,0.0,0.0,0.0,False,False,False
ablation,tv_dro_energy_0_workload_1,tv_dro,2025-01-01,56,False,True,20,,0.01,0.7,20.0,optimal_decomposed,68.48523010000645,68.48431169999822,0.0,1,2,15664.811973990287,174.34157851920764,15839.153552509495,15954.063445636282,16128.40502415549,192485.38755207838,0.00531490235267737,40.20585933979914,0.0,0.0,0.0,False,False,False
ablation,tv_dro_energy_0_workload_1,tv_dro,2025-01-01,57,False,True,20,,0.01,0.7,20.0,optimal_decomposed,68.48523010000645,68.48431169999822,0.0,1,2,15664.811973990287,174.34157851920764,15839.153552509495,15630.038073862886,15804.379652382095,184857.61675422787,0.0,50.153535945422014,0.0,0.0,0.0,False,False,False
ablation,tv_dro_energy_0_workload_1,tv_dro,2025-01-01,58,False,True,20,,0.01,0.7,20.0,optimal_decomposed,68.48523010000645,68.48431169999822,0.0,1,2,15664.811973990287,174.34157851920764,15839.153552509495,16229.9903185132,16404.331897032407,205804.18938906296,0.08597395316163636,57.157804932014024,0.0,0.0,0.0,False,False,False
ablation,tv_dro_energy_0_workload_1,tv_dro,2025-01-01,59,False,True,20,,0.01,0.7,20.0,optimal_decomposed,68.48523010000645,68.48431169999822,0.0,1,2,15664.811973990287,174.34157851920764,15839.153552509495,16303.660463706992,16478.0020422262,206648.98458882028,0.0,53.11212974489579,0.0,0.0,0.0,False,False,False
ablation,tv_dro_energy_0_workload_1,tv_dro,2025-01-01,60,False,True,20,,0.01,0.7,20.0,optimal_decomposed,68.48523010000645,68.48431169999822,0.0,1,2,15664.811973990287,174.34157851920764,15839.153552509495,15716.316492944108,15890.658071463316,194480.72780332548,0.07273788038766604,51.708639217401455,0.0,0.0,0.0,False,False,False
ablation,tv_dro_energy_0_workload_1,tv_dro,2025-01-01,61,False,True,20,,0.01,0.7,20.0,optimal_decomposed,68.48523010000645,68.48431169999822,0.0,1,2,15664.811973990287,174.34157851920764,15839.153552509495,15601.539646758094,15775.881225277302,190453.8988927345,0.03200460281438236,41.88855903106384,0.0,0.0,0.0,False,False,False
ablation,tv_dro_energy_0_workload_1,tv_dro,2025-01-01,62,False,True,20,,0.01,0.7,20.0,optimal_decomposed,68.48523010000645,68.48431169999822,0.0,1,2,15664.811973990287,174.34157851920764,15839.153552509495,15029.965634991597,15204.307213510805,175740.3047280375,0.1953923969565804,55.26012731276571,0.0,0.0,0.0,False,False,False
ablation,tv_dro_energy_0_workload_1,tv_dro,2025-01-01,63,False,True,20,,0.01,0.7,20.0,optimal_decomposed,68.48523010000645,68.48431169999822,0.0,1,2,15664.811973990287,174.34157851920764,15839.153552509495,15701.850229730455,15876.191808249663,184924.618962441,0.030237710168281057,55.7118927591009,0.0,0.0,0.0,False,False,False
ablation,tv_dro_energy_0_workload_1,tv_dro,2025-01-01,64,False,True,20,,0.01,0.7,20.0,optimal_decomposed,68.48523010000645,68.48431169999822,0.0,1,2,15664.811973990287,174.34157851920764,15839.153552509495,15408.564331346495,15582.905909865704,173850.21609783685,0.08966492530931494,49.81165176581968,0.0,0.0,0.0,False,False,False
ablation,tv_dro_energy_0_workload_1,tv_dro,2025-01-01,65,False,True,20,,0.01,0.7,20.0,optimal_decomposed,68.48523010000645,68.48431169999822,0.0,1,2,15664.811973990287,174.34157851920764,15839.153552509495,15899.773070929634,16074.114649448842,189682.46130340596,0.17481576683136946,53.90973294999465,0.0,0.0,0.0,False,False,False
ablation,tv_dro_energy_0_workload_1,tv_dro,2025-01-01,66,False,True,20,,0.01,0.7,20.0,optimal_decomposed,68.48523010000645,68.48431169999822,0.0,1,2,15664.811973990287,174.34157851920764,15839.153552509495,15805.211624315873,15979.55320283508,193238.5845314777,0.0,56.92125254297797,0.0,0.0,0.0,False,False,False
ablation,tv_dro_energy_0_workload_1,tv_dro,2025-01-01,67,False,True,20,,0.01,0.7,20.0,optimal_decomposed,68.48523010000645,68.48431169999822,0.0,1,2,15664.811973990287,174.34157851920764,15839.153552509495,15109.037803289675,15283.379381808883,169673.94676631023,0.0,50.55807393035868,0.0,0.0,0.0,False,False,False
ablation,tv_dro_energy_0_workload_1,tv_dro,2025-01-01,68,False,True,20,,0.01,0.7,20.0,optimal_decomposed,68.48523010000645,68.48431169999822,0.0,1,2,15664.811973990287,174.34157851920764,15839.153552509495,16868.56970683621,17042.911285355418,214190.2679185139,0.0,55.27469146211852,0.0,0.0,0.0,False,False,False
ablation,tv_dro_energy_0_workload_1,tv_dro,2025-01-01,69,False,True,20,,0.01,0.7,20.0,optimal_decomposed,68.48523010000645,68.48431169999822,0.0,1,2,15664.811973990287,174.34157851920764,15839.153552509495,16151.345724488892,16325.6873030081,208058.33003420435,0.0,51.44811509109684,0.0,0.0,0.0,False,False,False
ablation,tv_dro_energy_0_workload_1,tv_dro,2025-01-01,70,False,True,20,,0.01,0.7,20.0,optimal_decomposed,68.48523010000645,68.48431169999822,0.0,1,2,15664.811973990287,174.34157851920764,15839.153552509495,15968.733412259277,16143.074990778485,201952.39290319665,0.0,54.948293698611536,0.0,0.0,0.0,False,False,False
ablation,tv_dro_energy_0_workload_1,tv_dro,2025-01-01,71,False,True,20,,0.01,0.7,20.0,optimal_decomposed,68.48523010000645,68.48431169999822,0.0,1,2,15664.811973990287,174.34157851920764,15839.153552509495,15659.480359748799,15833.821938268007,182031.4893603049,0.008352711610149222,57.164414584782705,0.0,0.0,0.0,False,False,False
ablation,tv_dro_energy_0_workload_1,tv_dro,2025-01-01,72,False,True,20,,0.01,0.7,20.0,optimal_decomposed,68.48523010000645,68.48431169999822,0.0,1,2,15664.811973990287,174.34157851920764,15839.153552509495,15329.639607021203,15503.981185540411,181504.25767545885,0.0,58.56718016286602,0.0,0.0,0.0,False,False,False
ablation,tv_dro_energy_0_workload_1,tv_dro,2025-01-01,73,False,True,20,,0.01,0.7,20.0,optimal_decomposed,68.48523010000645,68.48431169999822,0.0,1,2,15664.811973990287,174.34157851920764,15839.153552509495,15438.83738077131,15613.178959290519,184149.09191653976,0.02226089584332297,48.755125868059466,0.0,0.0,0.0,False,False,False
ablation,tv_dro_energy_0_workload_1,tv_dro,2025-01-01,74,False,True,20,,0.01,0.7,20.0,optimal_decomposed,68.48523010000645,68.48431169999822,0.0,1,2,15664.811973990287,174.34157851920764,15839.153552509495,15220.409716599086,15394.751295118294,172680.6549555054,0.0,52.51909576753189,0.0,0.0,0.0,False,False,False
ablation,tv_dro_energy_0_workload_1,tv_dro,2025-01-01,75,False,True,20,,0.01,0.7,20.0,optimal_decomposed,68.48523010000645,68.48431169999822,0.0,1,2,15664.811973990287,174.34157851920764,15839.153552509495,15658.757264488297,15833.098843007505,191023.6163027186,0.17896047596245424,50.294763852889645,0.0,0.0,0.0,False,False,False
ablation,tv_dro_energy_0_workload_1,tv_dro,2025-01-01,76,False,True,20,,0.01,0.7,20.0,optimal_decomposed,68.48523010000645,68.48431169999822,0.0,1,2,15664.811973990287,174.34157851920764,15839.153552509495,15925.8227168714,16100.164295390608,210857.76721147503,0.1349377832736668,51.17960763406737,0.0,0.0,0.0,False,False,False
ablation,tv_dro_energy_0_workload_1,tv_dro,2025-01-01,77,False,True,20,,0.01,0.7,20.0,optimal_decomposed,68.48523010000645,68.48431169999822,0.0,1,2,15664.811973990287,174.34157851920764,15839.153552509495,15291.544073556759,15465.885652075967,173043.3340838819,0.0,46.23915420720929,0.0,0.0,0.0,False,False,False
ablation,tv_dro_energy_0_workload_1,tv_dro,2025-01-01,78,False,True,20,,0.01,0.7,20.0,optimal_decomposed,68.48523010000645,68.48431169999822,0.0,1,2,15664.811973990287,174.34157851920764,15839.153552509495,15286.857978165692,15461.1995566849,178132.32593126642,0.0,49.362777548190934,0.0,0.0,0.0,False,False,False
ablation,tv_dro_energy_0_workload_1,tv_dro,2025-01-01,79,False,True,20,,0.01,0.7,20.0,optimal_decomposed,68.48523010000645,68.48431169999822,0.0,1,2,15664.811973990287,174.34157851920764,15839.153552509495,16274.414129455186,16448.755707974393,199977.2861892591,0.3633731318511295,47.915710297191644,0.0,0.0,0.0,False,False,False
ablation,tv_dro_energy_0_workload_1,tv_dro,2025-01-01,80,False,True,20,,0.01,0.7,20.0,optimal_decomposed,68.48523010000645,68.48431169999822,0.0,1,2,15664.811973990287,174.34157851920764,15839.153552509495,16052.885294582013,16227.226873101221,201185.09667378038,0.0,48.86924045275369,0.0,0.0,0.0,False,False,False
ablation,tv_dro_energy_0_workload_1,tv_dro,2025-01-01,81,False,True,20,,0.01,0.7,20.0,optimal_decomposed,68.48523010000645,68.48431169999822,0.0,1,2,15664.811973990287,174.34157851920764,15839.153552509495,15665.486593906735,15839.828172425943,185229.85894194082,0.124687834387083,58.99056972116498,0.0,0.0,0.0,False,False,False
ablation,tv_dro_energy_0_workload_1,tv_dro,2025-01-01,82,False,True,20,,0.01,0.7,20.0,optimal_decomposed,68.48523010000645,68.48431169999822,0.0,1,2,15664.811973990287,174.34157851920764,15839.153552509495,15349.555302781242,15523.89688130045,183174.46147313705,0.07305403701739724,44.84381956488211,0.0,0.0,0.0,False,False,False
ablation,tv_dro_energy_0_workload_1,tv_dro,2025-01-01,83,False,True,20,,0.01,0.7,20.0,optimal_decomposed,68.48523010000645,68.48431169999822,0.0,1,2,15664.811973990287,174.34157851920764,15839.153552509495,16036.282900792818,16210.624479312026,202835.4754438899,0.04106225130651758,43.690207779116776,0.0,0.0,0.0,False,False,False
ablation,tv_dro_energy_0_workload_1,tv_dro,2025-01-01,84,False,True,20,,0.01,0.7,20.0,optimal_decomposed,68.48523010000645,68.48431169999822,0.0,1,2,15664.811973990287,174.34157851920764,15839.153552509495,15886.490733353548,16060.832311872757,203515.47802966431,0.11651222011883869,41.5861574977296,0.0,0.0,0.0,False,False,False
ablation,tv_dro_energy_0_workload_1,tv_dro,2025-01-01,85,False,True,20,,0.01,0.7,20.0,optimal_decomposed,68.48523010000645,68.48431169999822,0.0,1,2,15664.811973990287,174.34157851920764,15839.153552509495,15844.956300655325,16019.297879174534,192787.86650200808,0.0,54.41326426601366,0.0,0.0,0.0,False,False,False
ablation,tv_dro_energy_0_workload_1,tv_dro,2025-01-01,86,False,True,20,,0.01,0.7,20.0,optimal_decomposed,68.48523010000645,68.48431169999822,0.0,1,2,15664.811973990287,174.34157851920764,15839.153552509495,16050.180690009976,16224.522268529185,194957.53853994876,0.07687092651645885,44.2941807596889,0.0,0.0,0.0,False,False,False
ablation,tv_dro_energy_0_workload_1,tv_dro,2025-01-01,87,False,True,20,,0.01,0.7,20.0,optimal_decomposed,68.48523010000645,68.48431169999822,0.0,1,2,15664.811973990287,174.34157851920764,15839.153552509495,15148.313519310123,15322.65509782933,171229.05445309047,0.15755769463181557,49.26022458440755,0.0,0.0,0.0,False,False,False
ablation,tv_dro_energy_0_workload_1,tv_dro,2025-01-01,88,False,True,20,,0.01,0.7,20.0,optimal_decomposed,68.48523010000645,68.48431169999822,0.0,1,2,15664.811973990287,174.34157851920764,15839.153552509495,15816.11201683019,15990.453595349398,172107.5851716573,1.0120681827194868,57.71058462726237,0.0,0.0,0.0,False,False,False
ablation,tv_dro_energy_0_workload_1,tv_dro,2025-01-01,89,False,True,20,,0.01,0.7,20.0,optimal_decomposed,68.48523010000645,68.48431169999822,0.0,1,2,15664.811973990287,174.34157851920764,15839.153552509495,16179.889604345573,16354.231182864782,190005.05662320272,0.0,50.32243172467667,0.0,0.0,0.0,False,False,False
ablation,tv_dro_energy_0_workload_1,tv_dro,2025-01-01,90,False,True,20,,0.01,0.7,20.0,optimal_decomposed,68.48523010000645,68.48431169999822,0.0,1,2,15664.811973990287,174.34157851920764,15839.153552509495,15306.39252012029,15480.734098639497,184249.80217968434,0.14272223111062188,54.558487941754834,0.0,0.0,0.0,False,False,False
ablation,tv_dro_energy_0_workload_1,tv_dro,2025-01-01,91,False,True,20,,0.01,0.7,20.0,optimal_decomposed,68.48523010000645,68.48431169999822,0.0,1,2,15664.811973990287,174.34157851920764,15839.153552509495,14932.304036814494,15106.645615333702,163155.3940459693,0.0,48.26308456192029,0.0,0.0,0.0,False,False,False
ablation,tv_dro_energy_0_workload_1,tv_dro,2025-01-01,92,False,True,20,,0.01,0.7,20.0,optimal_decomposed,68.48523010000645,68.48431169999822,0.0,1,2,15664.811973990287,174.34157851920764,15839.153552509495,15791.03966107642,15965.381239595628,178312.06401100964,0.0,43.127863949984004,0.0,0.0,0.0,False,False,False
ablation,tv_dro_energy_0_workload_1,tv_dro,2025-01-01,93,False,True,20,,0.01,0.7,20.0,optimal_decomposed,68.48523010000645,68.48431169999822,0.0,1,2,15664.811973990287,174.34157851920764,15839.153552509495,15555.572324676645,15729.913903195853,190661.15016135984,0.9575225933970721,50.612397479182206,0.0,0.0,0.0,False,False,False
ablation,tv_dro_energy_0_workload_1,tv_dro,2025-01-01,94,False,True,20,,0.01,0.7,20.0,optimal_decomposed,68.48523010000645,68.48431169999822,0.0,1,2,15664.811973990287,174.34157851920764,15839.153552509495,15215.076985287333,15389.418563806541,181057.78288818942,0.021764084787162047,46.88949106536872,0.0,0.0,0.0,False,False,False
ablation,tv_dro_energy_0_workload_1,tv_dro,2025-01-01,95,False,True,20,,0.01,0.7,20.0,optimal_decomposed,68.48523010000645,68.48431169999822,0.0,1,2,15664.811973990287,174.34157851920764,15839.153552509495,14970.167643610073,15144.509222129282,174690.9195181711,0.03120652959486822,51.32515884268808,0.0,0.0,0.0,False,False,False
ablation,tv_dro_energy_0_workload_1,tv_dro,2025-01-01,96,False,True,20,,0.01,0.7,20.0,optimal_decomposed,68.48523010000645,68.48431169999822,0.0,1,2,15664.811973990287,174.34157851920764,15839.153552509495,15524.05031744732,15698.391895966528,182052.92864278954,0.07874070332594343,48.75026354765385,0.0,0.0,0.0,False,False,False
ablation,tv_dro_energy_0_workload_1,tv_dro,2025-01-01,97,False,True,20,,0.01,0.7,20.0,optimal_decomposed,68.48523010000645,68.48431169999822,0.0,1,2,15664.811973990287,174.34157851920764,15839.153552509495,15549.377973965955,15723.719552485163,181152.73148595952,0.05915255861231172,50.419611964645526,0.0,0.0,0.0,False,False,False
ablation,tv_dro_energy_0_workload_1,tv_dro,2025-01-01,98,False,True,20,,0.01,0.7,20.0,optimal_decomposed,68.48523010000645,68.48431169999822,0.0,1,2,15664.811973990287,174.34157851920764,15839.153552509495,15695.310057385777,15869.651635904986,182414.07666023463,0.101202988710867,46.53145517828949,0.0,0.0,0.0,False,False,False
ablation,tv_dro_energy_0_workload_1,tv_dro,2025-01-01,99,False,True,20,,0.01,0.7,20.0,optimal_decomposed,68.48523010000645,68.48431169999822,0.0,1,2,15664.811973990287,174.34157851920764,15839.153552509495,15545.015580632042,15719.35715915125,179240.5789203458,0.06784896363151327,51.915368262004705,0.0,0.0,0.0,False,False,False
ablation,tv_dro_energy_0_workload_1,tv_dro,2025-04-01,0,False,True,20,,0.01,0.7,20.0,optimal_decomposed,68.47877990000416,68.47794859998976,0.0,1,2,15462.571691668643,498.3322510884205,15960.903942757064,14852.801506676919,15351.13375776534,119879.18076027841,0.0,57.00347420863222,0.0,0.0,0.0,False,False,False
ablation,tv_dro_energy_0_workload_1,tv_dro,2025-04-01,1,False,True,20,,0.01,0.7,20.0,optimal_decomposed,68.47877990000416,68.47794859998976,0.0,1,2,15462.571691668643,498.3322510884205,15960.903942757064,15818.027929208345,16316.360180296766,134808.78688375003,0.019270785438901372,61.05630422729032,0.0,0.0,0.0,False,False,False
ablation,tv_dro_energy_0_workload_1,tv_dro,2025-04-01,2,False,True,20,,0.01,0.7,20.0,optimal_decomposed,68.47877990000416,68.47794859998976,0.0,1,2,15462.571691668643,498.3322510884205,15960.903942757064,15322.11711988135,15820.44937096977,128585.63392354376,0.0,50.65874217807595,0.0,0.0,0.0,False,False,False
ablation,tv_dro_energy_0_workload_1,tv_dro,2025-04-01,3,False,True,20,,0.01,0.7,20.0,optimal_decomposed,68.47877990000416,68.47794859998976,0.0,1,2,15462.571691668643,498.3322510884205,15960.903942757064,15841.613756516488,16339.946007604909,135727.73252797284,0.0,55.25505181298452,0.0,0.0,0.0,False,False,False
ablation,tv_dro_energy_0_workload_1,tv_dro,2025-04-01,4,False,True,20,,0.01,0.7,20.0,optimal_decomposed,68.47877990000416,68.47794859998976,0.0,1,2,15462.571691668643,498.3322510884205,15960.903942757064,15641.476354761071,16139.808605849492,132917.96370183662,0.0,52.21201342945049,0.0,0.0,0.0,False,False,False
ablation,tv_dro_energy_0_workload_1,tv_dro,2025-04-01,5,False,True,20,,0.01,0.7,20.0,optimal_decomposed,68.47877990000416,68.47794859998976,0.0,1,2,15462.571691668643,498.3322510884205,15960.903942757064,16055.751514663507,16554.083765751926,146149.2494860868,0.012915398627344477,57.61792374030166,0.0,0.0,0.0,False,False,False
ablation,tv_dro_energy_0_workload_1,tv_dro,2025-04-01,6,False,True,20,,0.01,0.7,20.0,optimal_decomposed,68.47877990000416,68.47794859998976,0.0,1,2,15462.571691668643,498.3322510884205,15960.903942757064,15867.714814964142,16366.047066052563,138832.12119755393,0.0,53.38663324188227,0.0,0.0,0.0,False,False,False
ablation,tv_dro_energy_0_workload_1,tv_dro,2025-04-01,7,False,True,20,,0.01,0.7,20.0,optimal_decomposed,68.47877990000416,68.47794859998976,0.0,1,2,15462.571691668643,498.3322510884205,15960.903942757064,15302.587916011147,15800.920167099568,124489.40238764136,0.00882391980429148,52.107949212424536,0.0,0.0,0.0,False,False,False
ablation,tv_dro_energy_0_workload_1,tv_dro,2025-04-01,8,False,True,20,,0.01,0.7,20.0,optimal_decomposed,68.47877990000416,68.47794859998976,0.0,1,2,15462.571691668643,498.3322510884205,15960.903942757064,15944.696469602954,16443.028720691374,137345.49468717483,0.1298535560996842,54.18691144395986,0.0,0.0,0.0,False,False,False
ablation,tv_dro_energy_0_workload_1,tv_dro,2025-04-01,9,False,True,20,,0.01,0.7,20.0,optimal_decomposed,68.47877990000416,68.47794859998976,0.0,1,2,15462.571691668643,498.3322510884205,15960.903942757064,16067.856911385039,16566.18916247346,137929.3966798108,0.1921443445582458,59.86148412048188,0.0,0.0,0.0,False,False,False
ablation,tv_dro_energy_0_workload_1,tv_dro,2025-04-01,10,False,True,20,,0.01,0.7,20.0,optimal_decomposed,68.47877990000416,68.47794859998976,0.0,1,2,15462.571691668643,498.3322510884205,15960.903942757064,15567.71489261115,16066.04714369957,129475.04082932431,0.0,50.11889653959924,0.0,0.0,0.0,False,False,False
ablation,tv_dro_energy_0_workload_1,tv_dro,2025-04-01,11,False,True,20,,0.01,0.7,20.0,optimal_decomposed,68.47877990000416,68.47794859998976,0.0,1,2,15462.571691668643,498.3322510884205,15960.903942757064,15567.534642666003,16065.866893754424,129171.2202572286,0.0,46.300334978003484,0.0,0.0,0.0,False,False,False
ablation,tv_dro_energy_0_workload_1,tv_dro,2025-04-01,12,False,True,20,,0.01,0.7,20.0,optimal_decomposed,68.47877990000416,68.47794859998976,0.0,1,2,15462.571691668643,498.3322510884205,15960.903942757064,15652.675559856007,16151.007810944428,141977.07693630958,0.0,47.93013915597656,0.0,0.0,0.0,False,False,False
ablation,tv_dro_energy_0_workload_1,tv_dro,2025-04-01,13,False,True,20,,0.01,0.7,20.0,optimal_decomposed,68.47877990000416,68.47794859998976,0.0,1,2,15462.571691668643,498.3322510884205,15960.903942757064,16091.304486648978,16589.636737737397,142278.76474890704,0.18756059049476087,55.48926549186677,0.0,0.0,0.0,False,False,False
ablation,tv_dro_energy_0_workload_1,tv_dro,2025-04-01,14,False,True,20,,0.01,0.7,20.0,optimal_decomposed,68.47877990000416,68.47794859998976,0.0,1,2,15462.571691668643,498.3322510884205,15960.903942757064,15228.72855130765,15727.06080239607,125495.323229933,0.0,50.60723545584709,0.0,0.0,0.0,False,False,False
ablation,tv_dro_energy_0_workload_1,tv_dro,2025-04-01,15,False,True,20,,0.01,0.7,20.0,optimal_decomposed,68.47877990000416,68.47794859998976,0.0,1,2,15462.571691668643,498.3322510884205,15960.903942757064,15144.661219069052,15642.993470157473,123175.62575690274,0.0,50.39816741449684,0.0,0.0,0.0,False,False,False
ablation,tv_dro_energy_0_workload_1,tv_dro,2025-04-01,16,False,True,20,,0.01,0.7,20.0,optimal_decomposed,68.47877990000416,68.47794859998976,0.0,1,2,15462.571691668643,498.3322510884205,15960.903942757064,14966.632598197697,15464.964849286118,119220.92491536486,0.0,49.95585590696099,0.0,0.0,0.0,False,False,False
ablation,tv_dro_energy_0_workload_1,tv_dro,2025-04-01,17,False,True,20,,0.01,0.7,20.0,optimal_decomposed,68.47877990000416,68.47794859998976,0.0,1,2,15462.571691668643,498.3322510884205,15960.903942757064,15441.21282300999,15939.54507409841,126385.68231881234,0.0,62.40255025974909,0.0,0.0,0.0,False,False,False
ablation,tv_dro_energy_0_workload_1,tv_dro,2025-04-01,18,False,True,20,,0.01,0.7,20.0,optimal_decomposed,68.47877990000416,68.47794859998976,0.0,1,2,15462.571691668643,498.3322510884205,15960.903942757064,16008.365736856531,16506.69798794495,135203.51003743874,0.08697763737351061,55.83949484369422,0.0,0.0,0.0,False,False,False
ablation,tv_dro_energy_0_workload_1,tv_dro,2025-04-01,19,False,True,20,,0.01,0.7,20.0,optimal_decomposed,68.47877990000416,68.47794859998976,0.0,1,2,15462.571691668643,498.3322510884205,15960.903942757064,15535.116728832929,16033.44897992135,135890.06581246117,0.0,51.765551434002425,0.0,0.0,0.0,False,False,False
ablation,tv_dro_energy_0_workload_1,tv_dro,2025-04-01,20,False,True,20,,0.01,0.7,20.0,optimal_decomposed,68.47877990000416,68.47794859998976,0.0,1,2,15462.571691668643,498.3322510884205,15960.903942757064,15917.0824725246,16415.41472361302,139258.4472853694,0.0,48.986810815847235,0.0,0.0,0.0,False,False,False
ablation,tv_dro_energy_0_workload_1,tv_dro,2025-04-01,21,False,True,20,,0.01,0.7,20.0,optimal_decomposed,68.47877990000416,68.47794859998976,0.0,1,2,15462.571691668643,498.3322510884205,15960.903942757064,15527.89548757889,16026.22773866731,123439.71743002607,0.06842716385163072,49.593935005549945,0.0,0.0,0.0,False,False,False
ablation,tv_dro_energy_0_workload_1,tv_dro,2025-04-01,22,False,True,20,,0.01,0.7,20.0,optimal_decomposed,68.47877990000416,68.47794859998976,0.0,1,2,15462.571691668643,498.3322510884205,15960.903942757064,15753.246707955908,16251.57895904433,135831.19313551532,0.0,53.5796168238469,0.0,0.0,0.0,False,False,False
ablation,tv_dro_energy_0_workload_1,tv_dro,2025-04-01,23,False,True,20,,0.01,0.7,20.0,optimal_decomposed,68.47877990000416,68.47794859998976,0.0,1,2,15462.571691668643,498.3322510884205,15960.903942757064,15730.194031662326,16228.526282750747,134814.05808009786,0.07417463732430751,50.59526577141406,0.0,0.0,0.0,False,False,False
ablation,tv_dro_energy_0_workload_1,tv_dro,2025-04-01,24,False,True,20,,0.01,0.7,20.0,optimal_decomposed,68.47877990000416,68.47794859998976,0.0,1,2,15462.571691668643,498.3322510884205,15960.903942757064,15212.265417162369,15710.59766825079,127836.85093457827,0.21275712826285087,60.55591612360119,0.0,0.0,0.0,False,False,False
ablation,tv_dro_energy_0_workload_1,tv_dro,2025-04-01,25,False,True,20,,0.01,0.7,20.0,optimal_decomposed,68.47877990000416,68.47794859998976,0.0,1,2,15462.571691668643,498.3322510884205,15960.903942757064,17065.26474057679,17563.59699166521,163252.74288785039,0.0,48.996392718107984,0.0,0.0,0.0,False,False,False
ablation,tv_dro_energy_0_workload_1,tv_dro,2025-04-01,26,False,True,20,,0.01,0.7,20.0,optimal_decomposed,68.47877990000416,68.47794859998976,0.0,1,2,15462.571691668643,498.3322510884205,15960.903942757064,15524.42232664788,16022.754577736301,133826.00325331872,0.08254747686431413,59.73564226160644,0.0,0.0,0.0,False,False,False
ablation,tv_dro_energy_0_workload_1,tv_dro,2025-04-01,27,False,True,20,,0.01,0.7,20.0,optimal_decomposed,68.47877990000416,68.47794859998976,0.0,1,2,15462.571691668643,498.3322510884205,15960.903942757064,14993.755620698597,15492.087871787018,118931.01432369447,0.0626423946857616,59.556024184815655,0.0,0.0,0.0,False,False,False
ablation,tv_dro_energy_0_workload_1,tv_dro,2025-04-01,28,False,True,20,,0.01,0.7,20.0,optimal_decomposed,68.47877990000416,68.47794859998976,0.0,1,2,15462.571691668643,498.3322510884205,15960.903942757064,15691.843646941563,16190.175898029984,132206.9622684248,0.0,45.68934850366575,0.0,0.0,0.0,False,False,False
ablation,tv_dro_energy_0_workload_1,tv_dro,2025-04-01,29,False,True,20,,0.01,0.7,20.0,optimal_decomposed,68.47877990000416,68.47794859998976,0.0,1,2,15462.571691668643,498.3322510884205,15960.903942757064,16109.718347647578,16608.050598735997,141548.45248881355,0.0,40.846520571331276,0.0,0.0,0.0,False,False,False
ablation,tv_dro_energy_0_workload_1,tv_dro,2025-04-01,30,False,True,20,,0.01,0.7,20.0,optimal_decomposed,68.47877990000416,68.47794859998976,0.0,1,2,15462.571691668643,498.3322510884205,15960.903942757064,14883.469469213187,15381.801720301608,113405.17017500063,0.0,45.813206418476476,0.0,0.0,0.0,False,False,False
ablation,tv_dro_energy_0_workload_1,tv_dro,2025-04-01,31,False,True,20,,0.01,0.7,20.0,optimal_decomposed,68.47877990000416,68.47794859998976,0.0,1,2,15462.571691668643,498.3322510884205,15960.903942757064,15981.296907271893,16479.629158360312,147644.48575742077,0.0,49.505765033610025,0.0,0.0,0.0,False,False,False
ablation,tv_dro_energy_0_workload_1,tv_dro,2025-04-01,32,False,True,20,,0.01,0.7,20.0,optimal_decomposed,68.47877990000416,68.47794859998976,0.0,1,2,15462.571691668643,498.3322510884205,15960.903942757064,15124.158803507511,15622.491054595932,131124.07930354815,0.0,50.157988316021815,0.0,0.0,0.0,False,False,False
ablation,tv_dro_energy_0_workload_1,tv_dro,2025-04-01,33,False,True,20,,0.01,0.7,20.0,optimal_decomposed,68.47877990000416,68.47794859998976,0.0,1,2,15462.571691668643,498.3322510884205,15960.903942757064,16937.312557749323,17435.644808837744,161683.24529271433,0.008294093906248357,65.92850148599086,0.0,0.0,0.0,False,False,False
ablation,tv_dro_energy_0_workload_1,tv_dro,2025-04-01,34,False,True,20,,0.01,0.7,20.0,optimal_decomposed,68.47877990000416,68.47794859998976,0.0,1,2,15462.571691668643,498.3322510884205,15960.903942757064,15972.612549710288,16470.94480079871,138680.41496416955,0.0017276525639793316,55.50272782379599,0.0,0.0,0.0,False,False,False
ablation,tv_dro_energy_0_workload_1,tv_dro,2025-04-01,35,False,True,20,,0.01,0.7,20.0,optimal_decomposed,68.47877990000416,68.47794859998976,0.0,1,2,15462.571691668643,498.3322510884205,15960.903942757064,15401.442487963268,15899.774739051689,123811.43154321017,0.0,59.272379486816156,0.0,0.0,0.0,False,False,False
ablation,tv_dro_energy_0_workload_1,tv_dro,2025-04-01,36,False,True,20,,0.01,0.7,20.0,optimal_decomposed,68.47877990000416,68.47794859998976,0.0,1,2,15462.571691668643,498.3322510884205,15960.903942757064,15083.100297075569,15581.43254816399,123279.7131804917,0.039283223566563885,64.51656152317739,0.0,0.0,0.0,False,False,False
ablation,tv_dro_energy_0_workload_1,tv_dro,2025-04-01,37,False,True,20,,0.01,0.7,20.0,optimal_decomposed,68.47877990000416,68.47794859998976,0.0,1,2,15462.571691668643,498.3322510884205,15960.903942757064,15244.6749204613,15743.007171549722,130818.24192913821,0.0,43.889963546311186,0.0,0.0,0.0,False,False,False
ablation,tv_dro_energy_0_workload_1,tv_dro,2025-04-01,38,False,True,20,,0.01,0.7,20.0,optimal_decomposed,68.47877990000416,68.47794859998976,0.0,1,2,15462.571691668643,498.3322510884205,15960.903942757064,15430.266846094075,15928.599097182496,131523.17889196912,0.0,50.70827071893754,0.0,0.0,0.0,False,False,False
ablation,tv_dro_energy_0_workload_1,tv_dro,2025-04-01,39,False,True,20,,0.01,0.7,20.0,optimal_decomposed,68.47877990000416,68.47794859998976,0.0,1,2,15462.571691668643,498.3322510884205,15960.903942757064,15877.252607392636,16375.584858481057,141937.93394914898,0.0,47.177794271100176,0.0,0.0,0.0,False,False,False
ablation,tv_dro_energy_0_workload_1,tv_dro,2025-04-01,40,False,True,20,,0.01,0.7,20.0,optimal_decomposed,68.47877990000416,68.47794859998976,0.0,1,2,15462.571691668643,498.3322510884205,15960.903942757064,15886.0286059094,16384.36085699782,141231.76718995356,0.0,48.91320797412215,0.0,0.0,0.0,False,False,False
ablation,tv_dro_energy_0_workload_1,tv_dro,2025-04-01,41,False,True,20,,0.01,0.7,20.0,optimal_decomposed,68.47877990000416,68.47794859998976,0.0,1,2,15462.571691668643,498.3322510884205,15960.903942757064,16063.050337640216,16561.382588728637,137699.40114579114,0.0,42.65122484377576,0.0,0.0,0.0,False,False,False
ablation,tv_dro_energy_0_workload_1,tv_dro,2025-04-01,42,False,True,20,,0.01,0.7,20.0,optimal_decomposed,68.47877990000416,68.47794859998976,0.0,1,2,15462.571691668643,498.3322510884205,15960.903942757064,15605.833510335005,16104.165761423426,137775.53237563162,0.0,60.084479704201215,0.0,0.0,0.0,False,False,False
ablation,tv_dro_energy_0_workload_1,tv_dro,2025-04-01,43,False,True,20,,0.01,0.7,20.0,optimal_decomposed,68.47877990000416,68.47794859998976,0.0,1,2,15462.571691668643,498.3322510884205,15960.903942757064,14992.890347391953,15491.222598480374,120425.68202846259,0.0,53.559233341804365,0.0,0.0,0.0,False,False,False
ablation,tv_dro_energy_0_workload_1,tv_dro,2025-04-01,44,False,True,20,,0.01,0.7,20.0,optimal_decomposed,68.47877990000416,68.47794859998976,0.0,1,2,15462.571691668643,498.3322510884205,15960.903942757064,15505.76792623976,16004.10017732818,126213.38278729025,0.0019256684169632887,55.624440933450096,0.0,0.0,0.0,False,False,False
ablation,tv_dro_energy_0_workload_1,tv_dro,2025-04-01,45,False,True,20,,0.01,0.7,20.0,optimal_decomposed,68.47877990000416,68.47794859998976,0.0,1,2,15462.571691668643,498.3322510884205,15960.903942757064,16242.07649224495,16740.40874333337,142468.7848578734,0.0,56.76985596038275,0.0,0.0,0.0,False,False,False
ablation,tv_dro_energy_0_workload_1,tv_dro,2025-04-01,46,False,True,20,,0.01,0.7,20.0,optimal_decomposed,68.47877990000416,68.47794859998976,0.0,1,2,15462.571691668643,498.3322510884205,15960.903942757064,15662.948056747038,16161.28030783546,135177.42150794473,0.5596135563436464,54.88907910302781,0.0,0.0,0.0,False,False,False
ablation,tv_dro_energy_0_workload_1,tv_dro,2025-04-01,47,False,True,20,,0.01,0.7,20.0,optimal_decomposed,68.47877990000416,68.47794859998976,0.0,1,2,15462.571691668643,498.3322510884205,15960.903942757064,15866.075866159397,16364.408117247818,141929.4247832703,0.0,53.03765828723042,0.0,0.0,0.0,False,False,False
ablation,tv_dro_energy_0_workload_1,tv_dro,2025-04-01,48,False,True,20,,0.01,0.7,20.0,optimal_decomposed,68.47877990000416,68.47794859998976,0.0,1,2,15462.571691668643,498.3322510884205,15960.903942757064,16476.49010374002,16974.82235482844,149709.83900397606,0.0,48.505065153427076,0.0,0.0,0.0,False,False,False
ablation,tv_dro_energy_0_workload_1,tv_dro,2025-04-01,49,False,True,20,,0.01,0.7,20.0,optimal_decomposed,68.47877990000416,68.47794859998976,0.0,1,2,15462.571691668643,498.3322510884205,15960.903942757064,16124.613750350467,16622.946001438886,145900.39570573423,0.10880450354885962,59.94693527868715,0.0,0.0,0.0,False,False,False
ablation,tv_dro_energy_0_workload_1,tv_dro,2025-04-01,50,False,True,20,,0.01,0.7,20.0,optimal_decomposed,68.47877990000416,68.47794859998976,0.0,1,2,15462.571691668643,498.3322510884205,15960.903942757064,15303.165780989939,15801.49803207836,135543.24606641402,0.04638534000941741,57.26362089436582,0.0,0.0,0.0,False,False,False
ablation,tv_dro_energy_0_workload_1,tv_dro,2025-04-01,51,False,True,20,,0.01,0.7,20.0,optimal_decomposed,68.47877990000416,68.47794859998976,0.0,1,2,15462.571691668643,498.3322510884205,15960.903942757064,15111.133550871486,15609.465801959906,126634.52028041097,0.0,52.36775137935498,0.0,0.0,0.0,False,False,False
ablation,tv_dro_energy_0_workload_1,tv_dro,2025-04-01,52,False,True,20,,0.01,0.7,20.0,optimal_decomposed,68.47877990000416,68.47794859998976,0.0,1,2,15462.571691668643,498.3322510884205,15960.903942757064,16238.610431547782,16736.942682636203,145071.54823175,0.30104577548929035,56.35406323832016,0.0,0.0,0.0,False,False,False
ablation,tv_dro_energy_0_workload_1,tv_dro,2025-04-01,53,False,True,20,,0.01,0.7,20.0,optimal_decomposed,68.47877990000416,68.47794859998976,0.0,1,2,15462.571691668643,498.3322510884205,15960.903942757064,15619.384345074217,16117.716596162638,130536.29100910862,0.0,47.929075532588186,0.0,0.0,0.0,False,False,False
ablation,tv_dro_energy_0_workload_1,tv_dro,2025-04-01,54,False,True,20,,0.01,0.7,20.0,optimal_decomposed,68.47877990000416,68.47794859998976,0.0,1,2,15462.571691668643,498.3322510884205,15960.903942757064,16315.661520832027,16813.993771920446,144563.9124840467,0.0,52.96545759572253,0.0,0.0,0.0,False,False,False
ablation,tv_dro_energy_0_workload_1,tv_dro,2025-04-01,55,False,True,20,,0.01,0.7,20.0,optimal_decomposed,68.47877990000416,68.47794859998976,0.0,1,2,15462.571691668643,498.3322510884205,15960.903942757064,15516.25285364544,16014.58510473386,132318.5393852904,0.0,55.42593452683727,0.0,0.0,0.0,False,False,False
ablation,tv_dro_energy_0_workload_1,tv_dro,2025-04-01,56,False,True,20,,0.01,0.7,20.0,optimal_decomposed,68.47877990000416,68.47794859998976,0.0,1,2,15462.571691668643,498.3322510884205,15960.903942757064,15806.712832722993,16305.045083811414,137344.89236357762,0.0,41.66986955269767,0.0,0.0,0.0,False,False,False
ablation,tv_dro_energy_0_workload_1,tv_dro,2025-04-01,57,False,True,20,,0.01,0.7,20.0,optimal_decomposed,68.47877990000416,68.47794859998976,0.0,1,2,15462.571691668643,498.3322510884205,15960.903942757064,15433.022221165482,15931.354472253903,131441.29129698005,0.015534541999837836,52.23402338014334,0.0,0.0,0.0,False,False,False
ablation,tv_dro_energy_0_workload_1,tv_dro,2025-04-01,58,False,True,20,,0.01,0.7,20.0,optimal_decomposed,68.47877990000416,68.47794859998976,0.0,1,2,15462.571691668643,498.3322510884205,15960.903942757064,16539.08134317034,17037.41359425876,150099.57786721186,0.0,60.286004580857636,0.0,0.0,0.0,False,False,False
ablation,tv_dro_energy_0_workload_1,tv_dro,2025-04-01,59,False,True,20,,0.01,0.7,20.0,optimal_decomposed,68.47877990000416,68.47794859998976,0.0,1,2,15462.571691668643,498.3322510884205,15960.903942757064,16427.882748228065,16926.214999316486,150121.577684112,0.0,54.34000844945839,0.0,0.0,0.0,False,False,False
ablation,tv_dro_energy_0_workload_1,tv_dro,2025-04-01,60,False,True,20,,0.01,0.7,20.0,optimal_decomposed,68.47877990000416,68.47794859998976,0.0,1,2,15462.571691668643,498.3322510884205,15960.903942757064,15787.403245109794,16285.735496198215,139957.86084365996,0.0954274329778746,54.530211402559516,0.0,0.0,0.0,False,False,False
ablation,tv_dro_energy_0_workload_1,tv_dro,2025-04-01,61,False,True,20,,0.01,0.7,20.0,optimal_decomposed,68.47877990000416,68.47794859998976,0.0,1,2,15462.571691668643,498.3322510884205,15960.903942757064,15739.653655313454,16237.985906401875,137487.45523236378,0.0,44.94188479340104,0.0,0.0,0.0,False,False,False
ablation,tv_dro_energy_0_workload_1,tv_dro,2025-04-01,62,False,True,20,,0.01,0.7,20.0,optimal_decomposed,68.47877990000416,68.47794859998976,0.0,1,2,15462.571691668643,498.3322510884205,15960.903942757064,15092.88314845136,15591.21539953978,123328.53270100152,0.0,58.24178041309685,0.0,0.0,0.0,False,False,False
ablation,tv_dro_energy_0_workload_1,tv_dro,2025-04-01,63,False,True,20,,0.01,0.7,20.0,optimal_decomposed,68.47877990000416,68.47794859998976,0.0,1,2,15462.571691668643,498.3322510884205,15960.903942757064,15745.933442961845,16244.265694050266,130636.99473532873,0.0,61.557507351803416,0.0,0.0,0.0,False,False,False
ablation,tv_dro_energy_0_workload_1,tv_dro,2025-04-01,64,False,True,20,,0.01,0.7,20.0,optimal_decomposed,68.47877990000416,68.47794859998976,0.0,1,2,15462.571691668643,498.3322510884205,15960.903942757064,15361.558557932727,15859.890809021148,122424.56895630261,0.024701698974699093,49.61170888512543,0.0,0.0,0.0,False,False,False
ablation,tv_dro_energy_0_workload_1,tv_dro,2025-04-01,65,False,True,20,,0.01,0.7,20.0,optimal_decomposed,68.47877990000416,68.47794859998976,0.0,1,2,15462.571691668643,498.3322510884205,15960.903942757064,15975.873241334159,16474.205492422578,134570.80512325128,0.011084346162953285,58.72971693196829,0.0,0.0,0.0,False,False,False
ablation,tv_dro_energy_0_workload_1,tv_dro,2025-04-01,66,False,True,20,,0.01,0.7,20.0,optimal_decomposed,68.47877990000416,68.47794859998976,0.0,1,2,15462.571691668643,498.3322510884205,15960.903942757064,15919.850375619111,16418.18262670753,139332.35803389756,0.0,60.322012997571576,0.0,0.0,0.0,False,False,False
ablation,tv_dro_energy_0_workload_1,tv_dro,2025-04-01,67,False,True,20,,0.01,0.7,20.0,optimal_decomposed,68.47877990000416,68.47794859998976,0.0,1,2,15462.571691668643,498.3322510884205,15960.903942757064,14750.026565098156,15248.358816186577,119661.13460970586,0.0,57.112547726505845,0.0,0.0,0.0,False,False,False
ablation,tv_dro_energy_0_workload_1,tv_dro,2025-04-01,68,False,True,20,,0.01,0.7,20.0,optimal_decomposed,68.47877990000416,68.47794859998976,0.0,1,2,15462.571691668643,498.3322510884205,15960.903942757064,16714.14207361902,17212.47432470744,157574.69992161484,0.0,54.69358826294031,0.0,0.0,0.0,False,False,False
ablation,tv_dro_energy_0_workload_1,tv_dro,2025-04-01,69,False,True,20,,0.01,0.7,20.0,optimal_decomposed,68.47877990000416,68.47794859998976,0.0,1,2,15462.571691668643,498.3322510884205,15960.903942757064,16929.166426366864,17427.498677455285,152324.11688669154,0.04294763919912992,57.358723509793265,0.0,0.0,0.0,False,False,False
ablation,tv_dro_energy_0_workload_1,tv_dro,2025-04-01,70,False,True,20,,0.01,0.7,20.0,optimal_decomposed,68.47877990000416,68.47794859998976,0.0,1,2,15462.571691668643,498.3322510884205,15960.903942757064,16033.47436083305,16531.80661192147,145466.04708108676,0.0,61.24886584112214,0.0,0.0,0.0,False,False,False
ablation,tv_dro_energy_0_workload_1,tv_dro,2025-04-01,71,False,True,20,,0.01,0.7,20.0,optimal_decomposed,68.47877990000416,68.47794859998976,0.0,1,2,15462.571691668643,498.3322510884205,15960.903942757064,15021.746089300277,15520.078340388698,129223.40049421371,0.09446968666149425,57.49897425894724,0.0,0.0,0.0,False,False,False
ablation,tv_dro_energy_0_workload_1,tv_dro,2025-04-01,72,False,True,20,,0.01,0.7,20.0,optimal_decomposed,68.47877990000416,68.47794859998976,0.0,1,2,15462.571691668643,498.3322510884205,15960.903942757064,15498.325565254288,15996.65781634271,129462.75419982556,0.16349652629883238,58.554085700108644,0.0,0.0,0.0,False,False,False
ablation,tv_dro_energy_0_workload_1,tv_dro,2025-04-01,73,False,True,20,,0.01,0.7,20.0,optimal_decomposed,68.47877990000416,68.47794859998976,0.0,1,2,15462.571691668643,498.3322510884205,15960.903942757064,15647.776880672176,16146.109131760597,130533.8706173884,0.058998301151294896,51.7248102173907,0.0,0.0,0.0,False,False,False
ablation,tv_dro_energy_0_workload_1,tv_dro,2025-04-01,74,False,True,20,,0.01,0.7,20.0,optimal_decomposed,68.47877990000416,68.47794859998976,0.0,1,2,15462.571691668643,498.3322510884205,15960.903942757064,15355.17663639246,15853.50888748088,121343.19126990705,0.0,52.89181762385074,0.0,0.0,0.0,False,False,False
ablation,tv_dro_energy_0_workload_1,tv_dro,2025-04-01,75,False,True,20,,0.01,0.7,20.0,optimal_decomposed,68.47877990000416,68.47794859998976,0.0,1,2,15462.571691668643,498.3322510884205,15960.903942757064,15881.040690872975,16379.372941961396,136062.07046020136,0.11109930247082639,48.8144174871474,0.0,0.0,0.0,False,False,False
ablation,tv_dro_energy_0_workload_1,tv_dro,2025-04-01,76,False,True,20,,0.01,0.7,20.0,optimal_decomposed,68.47877990000416,68.47794859998976,0.0,1,2,15462.571691668643,498.3322510884205,15960.903942757064,16411.233865557468,16909.56611664589,153487.69519518004,0.05998546468018984,53.35468454656446,0.0,0.0,0.0,False,False,False
ablation,tv_dro_energy_0_workload_1,tv_dro,2025-04-01,77,False,True,20,,0.01,0.7,20.0,optimal_decomposed,68.47877990000416,68.47794859998976,0.0,1,2,15462.571691668643,498.3322510884205,15960.903942757064,14918.459405859881,15416.791656948302,121561.95284613056,0.06836414195606588,47.99789484255585,0.0,0.0,0.0,False,False,False
ablation,tv_dro_energy_0_workload_1,tv_dro,2025-04-01,78,False,True,20,,0.01,0.7,20.0,optimal_decomposed,68.47877990000416,68.47794859998976,0.0,1,2,15462.571691668643,498.3322510884205,15960.903942757064,15405.926106364761,15904.258357453182,126264.54845355249,0.1397036176321555,54.668672176110306,0.0,0.0,0.0,False,False,False
ablation,tv_dro_energy_0_workload_1,tv_dro,2025-04-01,79,False,True,20,,0.01,0.7,20.0,optimal_decomposed,68.47877990000416,68.47794859998976,0.0,1,2,15462.571691668643,498.3322510884205,15960.903942757064,16157.49342810121,16655.82567918963,144906.1050433551,0.0,49.762539311254535,0.0,0.0,0.0,False,False,False
ablation,tv_dro_energy_0_workload_1,tv_dro,2025-04-01,80,False,True,20,,0.01,0.7,20.0,optimal_decomposed,68.47877990000416,68.47794859998976,0.0,1,2,15462.571691668643,498.3322510884205,15960.903942757064,16294.257233331426,16792.589484419845,145602.70109747167,0.0,49.957706150228745,0.0,0.0,0.0,False,False,False
ablation,tv_dro_energy_0_workload_1,tv_dro,2025-04-01,81,False,True,20,,0.01,0.7,20.0,optimal_decomposed,68.47877990000416,68.47794859998976,0.0,1,2,15462.571691668643,498.3322510884205,15960.903942757064,15705.515869002716,16203.848120091137,131278.17889017577,0.049018865067127326,58.075505104688276,0.0,0.0,0.0,False,False,False
ablation,tv_dro_energy_0_workload_1,tv_dro,2025-04-01,82,False,True,20,,0.01,0.7,20.0,optimal_decomposed,68.47877990000416,68.47794859998976,0.0,1,2,15462.571691668643,498.3322510884205,15960.903942757064,15356.504693959872,15854.836945048293,130455.73183004993,0.0,47.561033933087955,0.0,0.0,0.0,False,False,False
ablation,tv_dro_energy_0_workload_1,tv_dro,2025-04-01,83,False,True,20,,0.01,0.7,20.0,optimal_decomposed,68.47877990000416,68.47794859998976,0.0,1,2,15462.571691668643,498.3322510884205,15960.903942757064,16225.393846849562,16723.726097937983,149044.6729063921,0.032453598786943205,47.45042776339025,0.0,0.0,0.0,False,False,False
ablation,tv_dro_energy_0_workload_1,tv_dro,2025-04-01,84,False,True,20,,0.01,0.7,20.0,optimal_decomposed,68.47877990000416,68.47794859998976,0.0,1,2,15462.571691668643,498.3322510884205,15960.903942757064,16317.358245424433,16815.690496512852,148132.10031069993,0.05182892862631572,50.38494593315651,0.0,0.0,0.0,False,False,False
ablation,tv_dro_energy_0_workload_1,tv_dro,2025-04-01,85,False,True,20,,0.01,0.7,20.0,optimal_decomposed,68.47877990000416,68.47794859998976,0.0,1,2,15462.571691668643,498.3322510884205,15960.903942757064,16033.985584003227,16532.317835091646,136970.55944344675,0.04915455533137725,62.49981690119935,0.0,0.0,0.0,False,False,False
ablation,tv_dro_energy_0_workload_1,tv_dro,2025-04-01,86,False,True,20,,0.01,0.7,20.0,optimal_decomposed,68.47877990000416,68.47794859998976,0.0,1,2,15462.571691668643,498.3322510884205,15960.903942757064,15877.512649202938,16375.844900291358,138046.02618199965,0.015504855253721639,44.71155044195464,0.0,0.0,0.0,False,False,False
ablation,tv_dro_energy_0_workload_1,tv_dro,2025-04-01,87,False,True,20,,0.01,0.7,20.0,optimal_decomposed,68.47877990000416,68.47794859998976,0.0,1,2,15462.571691668643,498.3322510884205,15960.903942757064,14781.893879693731,15280.226130782152,118925.73027346813,0.06534281898076466,49.94318275410413,0.0,0.0,0.0,False,False,False
ablation,tv_dro_energy_0_workload_1,tv_dro,2025-04-01,88,False,True,20,,0.01,0.7,20.0,optimal_decomposed,68.47877990000416,68.47794859998976,0.0,1,2,15462.571691668643,498.3322510884205,15960.903942757064,15188.097200896016,15686.429451984437,121083.79454467141,0.0,61.90963241080883,0.0,0.0,0.0,False,False,False
ablation,tv_dro_energy_0_workload_1,tv_dro,2025-04-01,89,False,True,20,,0.01,0.7,20.0,optimal_decomposed,68.47877990000416,68.47794859998976,0.0,1,2,15462.571691668643,498.3322510884205,15960.903942757064,16014.083856212384,16512.416107300804,136225.77496015272,0.0,50.518275323291796,0.0,0.0,0.0,False,False,False
ablation,tv_dro_energy_0_workload_1,tv_dro,2025-04-01,90,False,True,20,,0.01,0.7,20.0,optimal_decomposed,68.47877990000416,68.47794859998976,0.0,1,2,15462.571691668643,498.3322510884205,15960.903942757064,15687.33621694675,16185.66846803517,131225.89165145025,0.3489799051910329,58.41970265343539,0.0,0.0,0.0,False,False,False
ablation,tv_dro_energy_0_workload_1,tv_dro,2025-04-01,91,False,True,20,,0.01,0.7,20.0,optimal_decomposed,68.47877990000416,68.47794859998976,0.0,1,2,15462.571691668643,498.3322510884205,15960.903942757064,14843.515965984341,15341.848217072762,113232.48345387955,0.0,54.58177482886649,0.0,0.0,0.0,False,False,False
ablation,tv_dro_energy_0_workload_1,tv_dro,2025-04-01,92,False,True,20,,0.01,0.7,20.0,optimal_decomposed,68.47877990000416,68.47794859998976,0.0,1,2,15462.571691668643,498.3322510884205,15960.903942757064,15294.660086930133,15792.992338018554,125008.12007464118,0.0,43.003447146692615,0.0,0.0,0.0,False,False,False
ablation,tv_dro_energy_0_workload_1,tv_dro,2025-04-01,93,False,True,20,,0.01,0.7,20.0,optimal_decomposed,68.47877990000416,68.47794859998976,0.0,1,2,15462.571691668643,498.3322510884205,15960.903942757064,15425.614694075188,15923.946945163609,135439.8799104185,0.0,54.567254137495524,0.0,0.0,0.0,False,False,False
ablation,tv_dro_energy_0_workload_1,tv_dro,2025-04-01,94,False,True,20,,0.01,0.7,20.0,optimal_decomposed,68.47877990000416,68.47794859998976,0.0,1,2,15462.571691668643,498.3322510884205,15960.903942757064,15319.876544617979,15818.2087957064,127256.26095569444,0.037142744199125666,48.78796136609314,0.0,0.0,0.0,False,False,False
ablation,tv_dro_energy_0_workload_1,tv_dro,2025-04-01,95,False,True,20,,0.01,0.7,20.0,optimal_decomposed,68.47877990000416,68.47794859998976,0.0,1,2,15462.571691668643,498.3322510884205,15960.903942757064,15077.338398386406,15575.670649474827,124140.13173791136,0.0578593359819064,55.42472157503397,0.0,0.0,0.0,False,False,False
ablation,tv_dro_energy_0_workload_1,tv_dro,2025-04-01,96,False,True,20,,0.01,0.7,20.0,optimal_decomposed,68.47877990000416,68.47794859998976,0.0,1,2,15462.571691668643,498.3322510884205,15960.903942757064,15161.45035782121,15659.78260890963,130544.49732717928,0.0,53.451318545378854,0.0,0.0,0.0,False,False,False
ablation,tv_dro_energy_0_workload_1,tv_dro,2025-04-01,97,False,True,20,,0.01,0.7,20.0,optimal_decomposed,68.47877990000416,68.47794859998976,0.0,1,2,15462.571691668643,498.3322510884205,15960.903942757064,15390.132334942165,15888.464586030586,128185.59496050738,0.0,55.15897494060704,0.0,0.0,0.0,False,False,False
ablation,tv_dro_energy_0_workload_1,tv_dro,2025-04-01,98,False,True,20,,0.01,0.7,20.0,optimal_decomposed,68.47877990000416,68.47794859998976,0.0,1,2,15462.571691668643,498.3322510884205,15960.903942757064,15493.139327034256,15991.471578122677,129093.98708486503,0.008705695033507266,44.08928940672214,0.0,0.0,0.0,False,False,False
ablation,tv_dro_energy_0_workload_1,tv_dro,2025-04-01,99,False,True,20,,0.01,0.7,20.0,optimal_decomposed,68.47877990000416,68.47794859998976,0.0,1,2,15462.571691668643,498.3322510884205,15960.903942757064,15133.697465432173,15632.029716520594,124983.41397212201,0.0,54.889923992369205,0.0,0.0,0.0,False,False,False
ablation,tv_dro_energy_0_workload_1,tv_dro,2025-07-01,0,False,True,20,,0.01,0.7,20.0,optimal_decomposed,71.90943199998583,71.9085250999924,0.0,1,2,15865.460962360714,295.2709491819092,16160.731911542623,15014.440638901551,15309.71158808346,151732.31575385985,0.024899057179365136,60.510554647870876,0.0,0.0,0.0,False,False,False
ablation,tv_dro_energy_0_workload_1,tv_dro,2025-07-01,1,False,True,20,,0.01,0.7,20.0,optimal_decomposed,71.90943199998583,71.9085250999924,0.0,1,2,15865.460962360714,295.2709491819092,16160.731911542623,16296.829958385426,16592.100907567336,168825.36366823193,0.4962554414197598,67.74570384733924,0.0,0.0,0.0,False,False,False
ablation,tv_dro_energy_0_workload_1,tv_dro,2025-07-01,2,False,True,20,,0.01,0.7,20.0,optimal_decomposed,71.90943199998583,71.9085250999924,0.0,1,2,15865.460962360714,295.2709491819092,16160.731911542623,15582.55893312763,15877.82988230954,161640.4451055534,0.41595917743355443,53.043095388416155,0.0,0.0,0.0,False,False,False
ablation,tv_dro_energy_0_workload_1,tv_dro,2025-07-01,3,False,True,20,,0.01,0.7,20.0,optimal_decomposed,71.90943199998583,71.9085250999924,0.0,1,2,15865.460962360714,295.2709491819092,16160.731911542623,16015.13220384882,16310.40315303073,169208.32586831975,0.006126622476777754,61.60106377863205,0.0,0.0,0.0,False,False,False
ablation,tv_dro_energy_0_workload_1,tv_dro,2025-07-01,4,False,True,20,,0.01,0.7,20.0,optimal_decomposed,71.90943199998583,71.9085250999924,0.0,1,2,15865.460962360714,295.2709491819092,16160.731911542623,15698.807195071518,15994.078144253428,167422.2808787928,0.05618064533505007,53.88180704923074,0.0,0.0,0.0,False,False,False
ablation,tv_dro_energy_0_workload_1,tv_dro,2025-07-01,5,False,True,20,,0.01,0.7,20.0,optimal_decomposed,71.90943199998583,71.9085250999924,0.0,1,2,15865.460962360714,295.2709491819092,16160.731911542623,16223.342895160251,16518.61384434216,179976.23089950441,0.0,60.6371027855721,0.0,0.0,0.0,False,False,False
ablation,tv_dro_energy_0_workload_1,tv_dro,2025-07-01,6,False,True,20,,0.01,0.7,20.0,optimal_decomposed,71.90943199998583,71.9085250999924,0.0,1,2,15865.460962360714,295.2709491819092,16160.731911542623,16619.79062327237,16915.061572454277,172697.34219885705,0.0,57.31363994579748,0.0,0.0,0.0,False,False,False
ablation,tv_dro_energy_0_workload_1,tv_dro,2025-07-01,7,False,True,20,,0.01,0.7,20.0,optimal_decomposed,71.90943199998583,71.9085250999924,0.0,1,2,15865.460962360714,295.2709491819092,16160.731911542623,15907.710373201862,16202.981322383772,156722.2980878913,0.21407056209722827,56.7451970688905,0.0,0.0,0.0,False,False,False
ablation,tv_dro_energy_0_workload_1,tv_dro,2025-07-01,8,False,True,20,,0.01,0.7,20.0,optimal_decomposed,71.90943199998583,71.9085250999924,0.0,1,2,15865.460962360714,295.2709491819092,16160.731911542623,16033.189297106102,16328.460246288012,169969.771713678,0.18789212418935958,57.961385879064444,0.0,0.0,0.0,False,False,False
ablation,tv_dro_energy_0_workload_1,tv_dro,2025-07-01,9,False,True,20,,0.01,0.7,20.0,optimal_decomposed,71.90943199998583,71.9085250999924,0.0,1,2,15865.460962360714,295.2709491819092,16160.731911542623,16028.190594119214,16323.461543301124,171951.9387167722,0.0,113.52727241922733,0.0,0.0,0.7986772465179817,False,False,True
ablation,tv_dro_energy_0_workload_1,tv_dro,2025-07-01,10,False,True,20,,0.01,0.7,20.0,optimal_decomposed,71.90943199998583,71.9085250999924,0.0,1,2,15865.460962360714,295.2709491819092,16160.731911542623,15816.82596942934,16112.096918611249,163205.0192942884,0.0,56.189133341504906,0.0,0.0,0.0,False,False,False
ablation,tv_dro_energy_0_workload_1,tv_dro,2025-07-01,11,False,True,20,,0.01,0.7,20.0,optimal_decomposed,71.90943199998583,71.9085250999924,0.0,1,2,15865.460962360714,295.2709491819092,16160.731911542623,15909.484301545752,16204.755250727661,162794.3427799319,0.4693972383672714,53.0918804868524,0.0,0.0,0.0,False,False,False
ablation,tv_dro_energy_0_workload_1,tv_dro,2025-07-01,12,False,True,20,,0.01,0.7,20.0,optimal_decomposed,71.90943199998583,71.9085250999924,0.0,1,2,15865.460962360714,295.2709491819092,16160.731911542623,16259.739711012733,16555.010660194643,175993.44458030007,0.36628315515148435,54.32274019808928,0.0,0.0,0.0,False,False,False
ablation,tv_dro_energy_0_workload_1,tv_dro,2025-07-01,13,False,True,20,,0.01,0.7,20.0,optimal_decomposed,71.90943199998583,71.9085250999924,0.0,1,2,15865.460962360714,295.2709491819092,16160.731911542623,16609.55770053789,16904.8286497198,177066.28175923522,0.541255943939507,62.05090731861791,0.0,0.0,0.0,False,False,False
ablation,tv_dro_energy_0_workload_1,tv_dro,2025-07-01,14,False,True,20,,0.01,0.7,20.0,optimal_decomposed,71.90943199998583,71.9085250999924,0.0,1,2,15865.460962360714,295.2709491819092,16160.731911542623,15639.868716643095,15935.139665825005,159261.19193707596,0.8281366631513026,56.8204324258708,0.0,0.0,0.0,False,False,False
ablation,tv_dro_energy_0_workload_1,tv_dro,2025-07-01,15,False,True,20,,0.01,0.7,20.0,optimal_decomposed,71.90943199998583,71.9085250999924,0.0,1,2,15865.460962360714,295.2709491819092,16160.731911542623,15386.231170552912,15681.502119734821,154509.37550843146,0.03892304189458676,51.70761443467354,0.0,0.0,0.0,False,False,False
ablation,tv_dro_energy_0_workload_1,tv_dro,2025-07-01,16,False,True,20,,0.01,0.7,20.0,optimal_decomposed,71.90943199998583,71.9085250999924,0.0,1,2,15865.460962360714,295.2709491819092,16160.731911542623,15355.382261086843,15650.653210268752,151892.3173140336,0.5390416296996133,54.416845689500626,0.0,0.0099907620523072,0.0,False,True,False
ablation,tv_dro_energy_0_workload_1,tv_dro,2025-07-01,17,False,True,20,,0.01,0.7,20.0,optimal_decomposed,71.90943199998583,71.9085250999924,0.0,1,2,15865.460962360714,295.2709491819092,16160.731911542623,16037.112178444557,16332.383127626466,157742.35412632744,0.0,65.51896114029994,0.0,0.0,0.0,False,False,False
ablation,tv_dro_energy_0_workload_1,tv_dro,2025-07-01,18,False,True,20,,0.01,0.7,20.0,optimal_decomposed,71.90943199998583,71.9085250999924,0.0,1,2,15865.460962360714,295.2709491819092,16160.731911542623,16536.437931911518,16831.708881093426,168337.93460819882,0.33414571492841444,62.14118232656642,0.0,0.0,0.0,False,False,False
ablation,tv_dro_energy_0_workload_1,tv_dro,2025-07-01,19,False,True,20,,0.01,0.7,20.0,optimal_decomposed,71.90943199998583,71.9085250999924,0.0,1,2,15865.460962360714,295.2709491819092,16160.731911542623,15719.987741376584,16015.258690558494,168168.39459375883,0.0982226165947444,56.143539742273525,0.0,0.0,0.0,False,False,False
ablation,tv_dro_energy_0_workload_1,tv_dro,2025-07-01,20,False,True,20,,0.01,0.7,20.0,optimal_decomposed,71.90943199998583,71.9085250999924,0.0,1,2,15865.460962360714,295.2709491819092,16160.731911542623,16496.984904584948,16792.255853766856,173463.92316236778,0.0,53.79026138347019,0.0,0.0,0.0,False,False,False
ablation,tv_dro_energy_0_workload_1,tv_dro,2025-07-01,21,False,True,20,,0.01,0.7,20.0,optimal_decomposed,71.90943199998583,71.9085250999924,0.0,1,2,15865.460962360714,295.2709491819092,16160.731911542623,15783.690605852942,16078.961555034852,155934.50852070548,0.16282876003569352,52.54481847823436,0.0,0.0,0.0,False,False,False
ablation,tv_dro_energy_0_workload_1,tv_dro,2025-07-01,22,False,True,20,,0.01,0.7,20.0,optimal_decomposed,71.90943199998583,71.9085250999924,0.0,1,2,15865.460962360714,295.2709491819092,16160.731911542623,16263.994245875547,16559.265195057455,170092.12739764198,0.0037261903763918247,57.110312201053254,0.0,0.02928643065687475,0.0,False,True,False
ablation,tv_dro_energy_0_workload_1,tv_dro,2025-07-01,23,False,True,20,,0.01,0.7,20.0,optimal_decomposed,71.90943199998583,71.9085250999924,0.0,1,2,15865.460962360714,295.2709491819092,16160.731911542623,16073.5772651027,16368.84821428461,169500.34799903494,0.5169969654340248,58.77761616173637,0.0,0.0,0.0,False,False,False
ablation,tv_dro_energy_0_workload_1,tv_dro,2025-07-01,24,False,True,20,,0.01,0.7,20.0,optimal_decomposed,71.90943199998583,71.9085250999924,0.0,1,2,15865.460962360714,295.2709491819092,16160.731911542623,16079.087374846598,16374.358324028508,160684.13314191598,0.9319654055904318,66.08844094186668,0.0,0.0,0.0,False,False,False
ablation,tv_dro_energy_0_workload_1,tv_dro,2025-07-01,25,False,True,20,,0.01,0.7,20.0,optimal_decomposed,71.90943199998583,71.9085250999924,0.0,1,2,15865.460962360714,295.2709491819092,16160.731911542623,17573.230483889183,17868.50143307109,199037.70914274614,0.0,53.07990752219299,0.0,0.0,0.0,False,False,False
ablation,tv_dro_energy_0_workload_1,tv_dro,2025-07-01,26,False,True,20,,0.01,0.7,20.0,optimal_decomposed,71.90943199998583,71.9085250999924,0.0,1,2,15865.460962360714,295.2709491819092,16160.731911542623,15842.516243561766,16137.787192743675,166646.34253549966,0.254742384739277,64.20324630683524,0.0,0.004447747428691473,0.0,False,True,False
ablation,tv_dro_energy_0_workload_1,tv_dro,2025-07-01,27,False,True,20,,0.01,0.7,20.0,optimal_decomposed,71.90943199998583,71.9085250999924,0.0,1,2,15865.460962360714,295.2709491819092,16160.731911542623,15204.257053251116,15499.528002433026,151433.00232744377,0.2374563509539347,63.62442556240834,0.0,0.0,0.0,False,False,False
ablation,tv_dro_energy_0_workload_1,tv_dro,2025-07-01,28,False,True,20,,0.01,0.7,20.0,optimal_decomposed,71.90943199998583,71.9085250999924,0.0,1,2,15865.460962360714,295.2709491819092,16160.731911542623,16126.333366907298,16421.604316089208,166150.12116533128,0.03057335504184258,50.288774545376924,0.0,0.0,0.0,False,False,False
ablation,tv_dro_energy_0_workload_1,tv_dro,2025-07-01,29,False,True,20,,0.01,0.7,20.0,optimal_decomposed,71.90943199998583,71.9085250999924,0.0,1,2,15865.460962360714,295.2709491819092,16160.731911542623,16177.91751503616,16473.18846421807,176029.07903654457,0.7978662716206848,48.141332381305546,0.0,0.0,0.0,False,False,False
ablation,tv_dro_energy_0_workload_1,tv_dro,2025-07-01,30,False,True,20,,0.01,0.7,20.0,optimal_decomposed,71.90943199998583,71.9085250999924,0.0,1,2,15865.460962360714,295.2709491819092,16160.731911542623,15455.604577782637,15750.875526964546,145483.6346217086,0.01369903953869836,53.43495071045085,0.0,0.0,0.0,False,False,False
ablation,tv_dro_energy_0_workload_1,tv_dro,2025-07-01,31,False,True,20,,0.01,0.7,20.0,optimal_decomposed,71.90943199998583,71.9085250999924,0.0,1,2,15865.460962360714,295.2709491819092,16160.731911542623,16550.70690718804,16845.977856369947,183353.6315362628,0.2970785300911436,56.73525121404107,0.0,0.0,0.0,False,False,False
ablation,tv_dro_energy_0_workload_1,tv_dro,2025-07-01,32,False,True,20,,0.01,0.7,20.0,optimal_decomposed,71.90943199998583,71.9085250999924,0.0,1,2,15865.460962360714,295.2709491819092,16160.731911542623,15670.570549213197,15965.841498395106,163871.5184121763,0.004356772437881018,63.04020584316441,0.0,0.0,0.0,False,False,False
ablation,tv_dro_energy_0_workload_1,tv_dro,2025-07-01,33,False,True,20,,0.01,0.7,20.0,optimal_decomposed,71.90943199998583,71.9085250999924,0.0,1,2,15865.460962360714,295.2709491819092,16160.731911542623,17090.790949292514,17386.06189847442,198662.0493440868,0.06421879016997209,71.59023758720751,0.0,0.0,0.0,False,False,False
ablation,tv_dro_energy_0_workload_1,tv_dro,2025-07-01,34,False,True,20,,0.01,0.7,20.0,optimal_decomposed,71.90943199998583,71.9085250999924,0.0,1,2,15865.460962360714,295.2709491819092,16160.731911542623,16482.554629972157,16777.825579154065,173553.1775766633,0.035090214533525566,61.59527400482977,0.0,0.0,0.0,False,False,False
ablation,tv_dro_energy_0_workload_1,tv_dro,2025-07-01,35,False,True,20,,0.01,0.7,20.0,optimal_decomposed,71.90943199998583,71.9085250999924,0.0,1,2,15865.460962360714,295.2709491819092,16160.731911542623,16035.605251674746,16330.876200856655,155947.81238096775,0.0,60.941829748683425,0.0,0.0,0.0,False,False,False
ablation,tv_dro_energy_0_workload_1,tv_dro,2025-07-01,36,False,True,20,,0.01,0.7,20.0,optimal_decomposed,71.90943199998583,71.9085250999924,0.0,1,2,15865.460962360714,295.2709491819092,16160.731911542623,15374.338505931131,15669.60945511304,155341.19484428584,0.0,66.77009708693133,0.0,0.0,0.0,False,False,False
ablation,tv_dro_energy_0_workload_1,tv_dro,2025-07-01,37,False,True,20,,0.01,0.7,20.0,optimal_decomposed,71.90943199998583,71.9085250999924,0.0,1,2,15865.460962360714,295.2709491819092,16160.731911542623,15669.222646453316,15964.493595635226,163020.38977894644,0.0,47.211691878952564,0.0,0.0,0.0,False,False,False
ablation,tv_dro_energy_0_workload_1,tv_dro,2025-07-01,38,False,True,20,,0.01,0.7,20.0,optimal_decomposed,71.90943199998583,71.9085250999924,0.0,1,2,15865.460962360714,295.2709491819092,16160.731911542623,15829.099302712037,16124.370251893946,165854.95350591038,0.5375682354850306,51.325608232573394,0.0,0.029530968355734544,0.0,False,True,False
ablation,tv_dro_energy_0_workload_1,tv_dro,2025-07-01,39,False,True,20,,0.01,0.7,20.0,optimal_decomposed,71.90943199998583,71.9085250999924,0.0,1,2,15865.460962360714,295.2709491819092,16160.731911542623,15994.155642545295,16289.426591727204,175114.32565905436,0.07505931295524138,50.83572912225062,0.0,0.0,0.0,False,False,False
ablation,tv_dro_energy_0_workload_1,tv_dro,2025-07-01,40,False,True,20,,0.01,0.7,20.0,optimal_decomposed,71.90943199998583,71.9085250999924,0.0,1,2,15865.460962360714,295.2709491819092,16160.731911542623,16093.747698000368,16389.018647182278,175682.7034986884,0.0,103.44053619727099,0.0,0.0,0.9260313249816745,False,False,True
ablation,tv_dro_energy_0_workload_1,tv_dro,2025-07-01,41,False,True,20,,0.01,0.7,20.0,optimal_decomposed,71.90943199998583,71.9085250999924,0.0,1,2,15865.460962360714,295.2709491819092,16160.731911542623,16001.837376428039,16297.108325609948,171269.3102208843,0.0248711264275826,43.788429562156324,0.0,0.0,0.0,False,False,False
ablation,tv_dro_energy_0_workload_1,tv_dro,2025-07-01,42,False,True,20,,0.01,0.7,20.0,optimal_decomposed,71.90943199998583,71.9085250999924,0.0,1,2,15865.460962360714,295.2709491819092,16160.731911542623,16395.085697368755,16690.356646550663,170840.40903212145,0.3304781329912372,65.08307174169535,0.0,0.0,0.0,False,False,False
ablation,tv_dro_energy_0_workload_1,tv_dro,2025-07-01,43,False,True,20,,0.01,0.7,20.0,optimal_decomposed,71.90943199998583,71.9085250999924,0.0,1,2,15865.460962360714,295.2709491819092,16160.731911542623,15259.846124273345,15555.117073455254,152564.14136390062,0.13019754896817673,58.852126860189685,0.0,0.0,0.0,False,False,False
ablation,tv_dro_energy_0_workload_1,tv_dro,2025-07-01,44,False,True,20,,0.01,0.7,20.0,optimal_decomposed,71.90943199998583,71.9085250999924,0.0,1,2,15865.460962360714,295.2709491819092,16160.731911542623,15822.295378914525,16117.566328096435,160349.54400858987,0.1351766872718994,57.972677080522324,0.0,0.0,0.0,False,False,False
ablation,tv_dro_energy_0_workload_1,tv_dro,2025-07-01,45,False,True,20,,0.01,0.7,20.0,optimal_decomposed,71.90943199998583,71.9085250999924,0.0,1,2,15865.460962360714,295.2709491819092,16160.731911542623,16113.443942080883,16408.714891262793,176587.57056142623,0.0,111.49868386445728,0.0,0.0,0.7741602098289273,False,False,True
ablation,tv_dro_energy_0_workload_1,tv_dro,2025-07-01,46,False,True,20,,0.01,0.7,20.0,optimal_decomposed,71.90943199998583,71.9085250999924,0.0,1,2,15865.460962360714,295.2709491819092,16160.731911542623,16452.155660712517,16747.426609894424,168937.13891754652,0.43986125878117716,59.83479502199711,0.0,0.0,0.0,False,False,False
ablation,tv_dro_energy_0_workload_1,tv_dro,2025-07-01,47,False,True,20,,0.01,0.7,20.0,optimal_decomposed,71.90943199998583,71.9085250999924,0.0,1,2,15865.460962360714,295.2709491819092,16160.731911542623,16521.04554656336,16816.31649574527,175696.53431919677,0.5092197642342127,59.468786469777825,0.0,0.0,0.0,False,False,False
ablation,tv_dro_energy_0_workload_1,tv_dro,2025-07-01,48,False,True,20,,0.01,0.7,20.0,optimal_decomposed,71.90943199998583,71.9085250999924,0.0,1,2,15865.460962360714,295.2709491819092,16160.731911542623,16937.796911048023,17233.06786022993,184354.61381911472,0.08883579317074464,56.2801422926006,0.0,0.0,0.0,False,False,False
ablation,tv_dro_energy_0_workload_1,tv_dro,2025-07-01,49,False,True,20,,0.01,0.7,20.0,optimal_decomposed,71.90943199998583,71.9085250999924,0.0,1,2,15865.460962360714,295.2709491819092,16160.731911542623,16681.38008194269,16976.6510311246,181130.55939000845,1.7347727781235338,66.23914767489279,0.0,0.0,0.0,False,False,False
ablation,tv_dro_energy_0_workload_1,tv_dro,2025-07-01,50,False,True,20,,0.01,0.7,20.0,optimal_decomposed,71.90943199998583,71.9085250999924,0.0,1,2,15865.460962360714,295.2709491819092,16160.731911542623,15683.613092555916,15978.884041737825,168999.73476036417,0.0,63.58772399757774,0.0,0.0,0.0,False,False,False
ablation,tv_dro_energy_0_workload_1,tv_dro,2025-07-01,51,False,True,20,,0.01,0.7,20.0,optimal_decomposed,71.90943199998583,71.9085250999924,0.0,1,2,15865.460962360714,295.2709491819092,16160.731911542623,15663.271026352584,15958.541975534494,159877.05261994936,0.3268733658465199,56.953393198557364,0.0,0.0,0.0,False,False,False
ablation,tv_dro_energy_0_workload_1,tv_dro,2025-07-01,52,False,True,20,,0.01,0.7,20.0,optimal_decomposed,71.90943199998583,71.9085250999924,0.0,1,2,15865.460962360714,295.2709491819092,16160.731911542623,16818.34673184587,17113.61768102778,181581.62195507548,0.6203346170504792,59.82646609260553,0.0,0.0,0.0,False,False,False
ablation,tv_dro_energy_0_workload_1,tv_dro,2025-07-01,53,False,True,20,,0.01,0.7,20.0,optimal_decomposed,71.90943199998583,71.9085250999924,0.0,1,2,15865.460962360714,295.2709491819092,16160.731911542623,15864.024173602204,16159.295122784113,162977.01448758092,0.0,50.20488300788766,0.0,0.0,0.0,False,False,False
ablation,tv_dro_energy_0_workload_1,tv_dro,2025-07-01,54,False,True,20,,0.01,0.7,20.0,optimal_decomposed,71.90943199998583,71.9085250999924,0.0,1,2,15865.460962360714,295.2709491819092,16160.731911542623,16964.477249255036,17259.748198436944,178271.95415796197,0.0,55.753037789285,0.0,0.0,0.0,False,False,False
ablation,tv_dro_energy_0_workload_1,tv_dro,2025-07-01,55,False,True,20,,0.01,0.7,20.0,optimal_decomposed,71.90943199998583,71.9085250999924,0.0,1,2,15865.460962360714,295.2709491819092,16160.731911542623,16015.642774825972,16310.913724007882,165715.89671134073,0.0,61.551161300321716,0.0,0.0,0.0,False,False,False
ablation,tv_dro_energy_0_workload_1,tv_dro,2025-07-01,56,False,True,20,,0.01,0.7,20.0,optimal_decomposed,71.90943199998583,71.9085250999924,0.0,1,2,15865.460962360714,295.2709491819092,16160.731911542623,16238.867877899245,16534.138827081155,169300.6267727646,0.02255928540384286,47.508066696386585,0.0,0.0,0.0,False,False,False
ablation,tv_dro_energy_0_workload_1,tv_dro,2025-07-01,57,False,True,20,,0.01,0.7,20.0,optimal_decomposed,71.90943199998583,71.9085250999924,0.0,1,2,15865.460962360714,295.2709491819092,16160.731911542623,16216.784901383879,16512.055850565786,163709.47065576055,0.3559503721464961,55.953180037585156,0.0,0.0,0.0,False,False,False
ablation,tv_dro_energy_0_workload_1,tv_dro,2025-07-01,58,False,True,20,,0.01,0.7,20.0,optimal_decomposed,71.90943199998583,71.9085250999924,0.0,1,2,15865.460962360714,295.2709491819092,16160.731911542623,16772.686249580154,17067.957198762062,185581.5577140895,0.0,65.3703893202246,0.0,0.0,0.0,False,False,False
ablation,tv_dro_energy_0_workload_1,tv_dro,2025-07-01,59,False,True,20,,0.01,0.7,20.0,optimal_decomposed,71.90943199998583,71.9085250999924,0.0,1,2,15865.460962360714,295.2709491819092,16160.731911542623,17084.451487322516,17379.722436504424,186092.72027689917,0.11623286120671389,60.89963070680519,0.0,0.0,0.0,False,False,False
ablation,tv_dro_energy_0_workload_1,tv_dro,2025-07-01,60,False,True,20,,0.01,0.7,20.0,optimal_decomposed,71.90943199998583,71.9085250999924,0.0,1,2,15865.460962360714,295.2709491819092,16160.731911542623,16029.556840214447,16324.827789396357,173505.06140529976,0.08998226343883153,57.02509994298472,0.0,0.0,0.0,False,False,False
ablation,tv_dro_energy_0_workload_1,tv_dro,2025-07-01,61,False,True,20,,0.01,0.7,20.0,optimal_decomposed,71.90943199998583,71.9085250999924,0.0,1,2,15865.460962360714,295.2709491819092,16160.731911542623,16132.681378407735,16427.952327589643,170765.98044062377,0.04924898586554774,44.1310163116961,0.0,0.0,0.0,False,False,False
ablation,tv_dro_energy_0_workload_1,tv_dro,2025-07-01,62,False,True,20,,0.01,0.7,20.0,optimal_decomposed,71.90943199998583,71.9085250999924,0.0,1,2,15865.460962360714,295.2709491819092,16160.731911542623,15464.529434964994,15759.800384146904,154868.75046035327,0.0,61.32175816433218,0.0,0.0,0.0,False,False,False
ablation,tv_dro_energy_0_workload_1,tv_dro,2025-07-01,63,False,True,20,,0.01,0.7,20.0,optimal_decomposed,71.90943199998583,71.9085250999924,0.0,1,2,15865.460962360714,295.2709491819092,16160.731911542623,15787.964770634982,16083.235719816892,165495.10450858565,0.0,111.92106733083048,0.0,0.0,0.7523520955210543,False,False,True
ablation,tv_dro_energy_0_workload_1,tv_dro,2025-07-01,64,False,True,20,,0.01,0.7,20.0,optimal_decomposed,71.90943199998583,71.9085250999924,0.0,1,2,15865.460962360714,295.2709491819092,16160.731911542623,15840.577839550573,16135.848788732483,156246.057752838,0.05061487278649898,55.100288285373765,0.0,0.0,0.0,False,False,False
ablation,tv_dro_energy_0_workload_1,tv_dro,2025-07-01,65,False,True,20,,0.01,0.7,20.0,optimal_decomposed,71.90943199998583,71.9085250999924,0.0,1,2,15865.460962360714,295.2709491819092,16160.731911542623,16639.40735150609,16934.678300688,168685.4710475688,0.0,56.894559429941054,0.0,0.0,0.0,False,False,False
ablation,tv_dro_energy_0_workload_1,tv_dro,2025-07-01,66,False,True,20,,0.01,0.7,20.0,optimal_decomposed,71.90943199998583,71.9085250999924,0.0,1,2,15865.460962360714,295.2709491819092,16160.731911542623,16274.663022384055,16569.933971565963,174563.67084714395,0.5716092016114137,70.03758584657277,0.0,0.0,0.0,False,False,False
ablation,tv_dro_energy_0_workload_1,tv_dro,2025-07-01,67,False,True,20,,0.01,0.7,20.0,optimal_decomposed,71.90943199998583,71.9085250999924,0.0,1,2,15865.460962360714,295.2709491819092,16160.731911542623,15156.722528070812,15451.993477252721,151632.79564315462,0.0,52.97239978968081,0.0,0.0,0.0,False,False,False
ablation,tv_dro_energy_0_workload_1,tv_dro,2025-07-01,68,False,True,20,,0.01,0.7,20.0,optimal_decomposed,71.90943199998583,71.9085250999924,0.0,1,2,15865.460962360714,295.2709491819092,16160.731911542623,17230.056768950304,17525.327718132212,192219.88839836963,0.2559677003552133,58.99064409996465,0.0,0.0,0.0,False,False,False
ablation,tv_dro_energy_0_workload_1,tv_dro,2025-07-01,69,False,True,20,,0.01,0.7,20.0,optimal_decomposed,71.90943199998583,71.9085250999924,0.0,1,2,15865.460962360714,295.2709491819092,16160.731911542623,17315.115722348786,17610.386671530694,187877.42507268896,0.0,60.54703371535236,0.0,0.0,0.0,False,False,False
ablation,tv_dro_energy_0_workload_1,tv_dro,2025-07-01,70,False,True,20,,0.01,0.7,20.0,optimal_decomposed,71.90943199998583,71.9085250999924,0.0,1,2,15865.460962360714,295.2709491819092,16160.731911542623,16544.8591226764,16840.130071858308,179898.7871026183,0.0,64.9735069478571,0.0,0.0,0.0,False,False,False
ablation,tv_dro_energy_0_workload_1,tv_dro,2025-07-01,71,False,True,20,,0.01,0.7,20.0,optimal_decomposed,71.90943199998583,71.9085250999924,0.0,1,2,15865.460962360714,295.2709491819092,16160.731911542623,15236.02154383206,15531.292493013969,162806.2965550324,0.14078550417949204,69.82168965735903,0.0,0.0,0.0,False,False,False
ablation,tv_dro_energy_0_workload_1,tv_dro,2025-07-01,72,False,True,20,,0.01,0.7,20.0,optimal_decomposed,71.90943199998583,71.9085250999924,0.0,1,2,15865.460962360714,295.2709491819092,16160.731911542623,15814.166980725115,16109.437929907024,162346.25136112986,0.0,64.82023672822763,0.0,0.0,0.0,False,False,False
ablation,tv_dro_energy_0_workload_1,tv_dro,2025-07-01,73,False,True,20,,0.01,0.7,20.0,optimal_decomposed,71.90943199998583,71.9085250999924,0.0,1,2,15865.460962360714,295.2709491819092,16160.731911542623,16084.951393587371,16380.22234276928,164901.1731931912,0.03950527889448846,60.91511789101376,0.0,0.0,0.0,False,False,False
ablation,tv_dro_energy_0_workload_1,tv_dro,2025-07-01,74,False,True,20,,0.01,0.7,20.0,optimal_decomposed,71.90943199998583,71.9085250999924,0.0,1,2,15865.460962360714,295.2709491819092,16160.731911542623,15863.443651188032,16158.714600369942,153656.09308622745,0.6515490301468239,56.908974984273165,0.0,0.0,0.0,False,False,False
ablation,tv_dro_energy_0_workload_1,tv_dro,2025-07-01,75,False,True,20,,0.01,0.7,20.0,optimal_decomposed,71.90943199998583,71.9085250999924,0.0,1,2,15865.460962360714,295.2709491819092,16160.731911542623,16436.8870790794,16732.158028261307,170269.23711989092,0.5179146377528829,58.1857319796415,0.0,0.0,0.0,False,False,False
ablation,tv_dro_energy_0_workload_1,tv_dro,2025-07-01,76,False,True,20,,0.01,0.7,20.0,optimal_decomposed,71.90943199998583,71.9085250999924,0.0,1,2,15865.460962360714,295.2709491819092,16160.731911542623,16577.28911572499,16872.5600649069,187103.2221554663,0.8593255744064334,56.075517655753245,0.0,0.0,0.0,False,False,False
ablation,tv_dro_energy_0_workload_1,tv_dro,2025-07-01,77,False,True,20,,0.01,0.7,20.0,optimal_decomposed,71.90943199998583,71.9085250999924,0.0,1,2,15865.460962360714,295.2709491819092,16160.731911542623,15507.437852714553,15802.708801896462,153763.91742602584,0.0,54.99802149187937,0.0,0.0,0.0,False,False,False
ablation,tv_dro_energy_0_workload_1,tv_dro,2025-07-01,78,False,True,20,,0.01,0.7,20.0,optimal_decomposed,71.90943199998583,71.9085250999924,0.0,1,2,15865.460962360714,295.2709491819092,16160.731911542623,15505.204497228136,15800.475446410046,159674.5126248309,0.008401797387486809,62.913955093156034,0.0,0.0,0.0,False,False,False
ablation,tv_dro_energy_0_workload_1,tv_dro,2025-07-01,79,False,True,20,,0.01,0.7,20.0,optimal_decomposed,71.90943199998583,71.9085250999924,0.0,1,2,15865.460962360714,295.2709491819092,16160.731911542623,16649.92335184026,16945.19430102217,180444.71375767892,0.0,54.16051989933017,0.0,0.0,0.0,False,False,False
ablation,tv_dro_energy_0_workload_1,tv_dro,2025-07-01,80,False,True,20,,0.01,0.7,20.0,optimal_decomposed,71.90943199998583,71.9085250999924,0.0,1,2,15865.460962360714,295.2709491819092,16160.731911542623,16809.843310058943,17105.11425924085,179267.48538304385,0.2473489523526557,57.242984794032466,0.0,0.0,0.0,False,False,False
ablation,tv_dro_energy_0_workload_1,tv_dro,2025-07-01,81,False,True,20,,0.01,0.7,20.0,optimal_decomposed,71.90943199998583,71.9085250999924,0.0,1,2,15865.460962360714,295.2709491819092,16160.731911542623,16031.684887233447,16326.955836415356,165438.0013281203,0.1419322174382485,67.56626314048057,0.0,0.0,0.0,False,False,False
ablation,tv_dro_energy_0_workload_1,tv_dro,2025-07-01,82,False,True,20,,0.01,0.7,20.0,optimal_decomposed,71.90943199998583,71.9085250999924,0.0,1,2,15865.460962360714,295.2709491819092,16160.731911542623,15776.32086287917,16071.59181206108,163397.57194778102,0.15011391433740698,51.87242325152627,0.0,0.0,0.0,False,False,False
ablation,tv_dro_energy_0_workload_1,tv_dro,2025-07-01,83,False,True,20,,0.01,0.7,20.0,optimal_decomposed,71.90943199998583,71.9085250999924,0.0,1,2,15865.460962360714,295.2709491819092,16160.731911542623,16759.472413383937,17054.743362565845,183724.28725207687,0.058306634357683074,58.63668782678514,0.0,0.0,0.0,False,False,False
ablation,tv_dro_energy_0_workload_1,tv_dro,2025-07-01,84,False,True,20,,0.01,0.7,20.0,optimal_decomposed,71.90943199998583,71.9085250999924,0.0,1,2,15865.460962360714,295.2709491819092,16160.731911542623,16714.253238901485,17009.524188083393,183255.2259611967,0.13607192674363522,56.63943018381421,0.0,0.0,0.0,False,False,False
ablation,tv_dro_energy_0_workload_1,tv_dro,2025-07-01,85,False,True,20,,0.01,0.7,20.0,optimal_decomposed,71.90943199998583,71.9085250999924,0.0,1,2,15865.460962360714,295.2709491819092,16160.731911542623,16382.325918594166,16677.596867776076,171701.48691666935,0.0,67.98025057140944,0.0,0.0,0.0,False,False,False
ablation,tv_dro_energy_0_workload_1,tv_dro,2025-07-01,86,False,True,20,,0.01,0.7,20.0,optimal_decomposed,71.90943199998583,71.9085250999924,0.0,1,2,15865.460962360714,295.2709491819092,16160.731911542623,16202.652081803211,16497.92303098512,172206.18720569034,0.09411530956762434,52.69834324479348,0.0,0.0,0.0,False,False,False
ablation,tv_dro_energy_0_workload_1,tv_dro,2025-07-01,87,False,True,20,,0.01,0.7,20.0,optimal_decomposed,71.90943199998583,71.9085250999924,0.0,1,2,15865.460962360714,295.2709491819092,16160.731911542623,15591.01510238538,15886.28605156729,150670.71731698717,0.4754303262752919,57.674092286732325,0.0,0.0,0.0,False,False,False
ablation,tv_dro_energy_0_workload_1,tv_dro,2025-07-01,88,False,True,20,,0.01,0.7,20.0,optimal_decomposed,71.90943199998583,71.9085250999924,0.0,1,2,15865.460962360714,295.2709491819092,16160.731911542623,15340.616759134706,15635.887708316615,153936.24918453032,0.03675819878584896,64.63888578344135,0.0,0.0,0.0,False,False,False
ablation,tv_dro_energy_0_workload_1,tv_dro,2025-07-01,89,False,True,20,,0.01,0.7,20.0,optimal_decomposed,71.90943199998583,71.9085250999924,0.0,1,2,15865.460962360714,295.2709491819092,16160.731911542623,16327.775740735593,16623.0466899175,168875.2215475449,0.0,58.19766194652197,0.0,0.0,0.0,False,False,False
ablation,tv_dro_energy_0_workload_1,tv_dro,2025-07-01,90,False,True,20,,0.01,0.7,20.0,optimal_decomposed,71.90943199998583,71.9085250999924,0.0,1,2,15865.460962360714,295.2709491819092,16160.731911542623,15876.261516096787,16171.532465278697,164563.02236430574,0.5834166612915119,62.22027292932543,0.0,0.0,0.0,False,False,False
ablation,tv_dro_energy_0_workload_1,tv_dro,2025-07-01,91,False,True,20,,0.01,0.7,20.0,optimal_decomposed,71.90943199998583,71.9085250999924,0.0,1,2,15865.460962360714,295.2709491819092,16160.731911542623,14933.945546198167,15229.216495380077,143848.4002373937,0.0,55.9912610818427,0.0,0.0,0.0,False,False,False
ablation,tv_dro_energy_0_workload_1,tv_dro,2025-07-01,92,False,True,20,,0.01,0.7,20.0,optimal_decomposed,71.90943199998583,71.9085250999924,0.0,1,2,15865.460962360714,295.2709491819092,16160.731911542623,15585.826959400725,15881.097908582635,157978.4542615607,0.0,44.66126685228284,0.0,0.0,0.0,False,False,False
ablation,tv_dro_energy_0_workload_1,tv_dro,2025-07-01,93,False,True,20,,0.01,0.7,20.0,optimal_decomposed,71.90943199998583,71.9085250999924,0.0,1,2,15865.460962360714,295.2709491819092,16160.731911542623,15744.811589929863,16040.082539111772,168850.7874987653,0.37059237131452566,58.99150891201078,0.0,0.0,0.0,False,False,False
ablation,tv_dro_energy_0_workload_1,tv_dro,2025-07-01,94,False,True,20,,0.01,0.7,20.0,optimal_decomposed,71.90943199998583,71.9085250999924,0.0,1,2,15865.460962360714,295.2709491819092,16160.731911542623,15785.248216332064,16080.519165513973,160559.0841745101,0.03900846783832754,54.20375349169631,0.0,0.0,0.0,False,False,False
ablation,tv_dro_energy_0_workload_1,tv_dro,2025-07-01,95,False,True,20,,0.01,0.7,20.0,optimal_decomposed,71.90943199998583,71.9085250999924,0.0,1,2,15865.460962360714,295.2709491819092,16160.731911542623,15422.546886934659,15717.817836116568,157199.42044967634,0.04845091264603371,57.25543745511392,0.0,0.0,0.0,False,False,False
ablation,tv_dro_energy_0_workload_1,tv_dro,2025-07-01,96,False,True,20,,0.01,0.7,20.0,optimal_decomposed,71.90943199998583,71.9085250999924,0.0,1,2,15865.460962360714,295.2709491819092,16160.731911542623,15950.703974660635,16245.974923842545,163518.17437589547,0.09598508637710881,56.04533190240549,0.0,0.0,0.0,False,False,False
ablation,tv_dro_energy_0_workload_1,tv_dro,2025-07-01,97,False,True,20,,0.01,0.7,20.0,optimal_decomposed,71.90943199998583,71.9085250999924,0.0,1,2,15865.460962360714,295.2709491819092,16160.731911542623,15718.50546292982,16013.776412111729,160630.34362134154,0.05260115693790529,59.76186821032392,0.0,0.0,0.0,False,False,False
ablation,tv_dro_energy_0_workload_1,tv_dro,2025-07-01,98,False,True,20,,0.01,0.7,20.0,optimal_decomposed,71.90943199998583,71.9085250999924,0.0,1,2,15865.460962360714,295.2709491819092,16160.731911542623,15756.788562493502,16052.059511675412,162644.01348272106,0.11844737176203249,48.38646127220972,0.0,0.0,0.0,False,False,False
ablation,tv_dro_energy_0_workload_1,tv_dro,2025-07-01,99,False,True,20,,0.01,0.7,20.0,optimal_decomposed,71.90943199998583,71.9085250999924,0.0,1,2,15865.460962360714,295.2709491819092,16160.731911542623,15557.121771934446,15852.392721116355,157986.48046415992,0.0850933466826787,58.65598047817543,0.0,0.0,0.0,False,False,False
ablation,tv_dro_energy_0_workload_1,tv_dro,2025-10-01,0,False,True,20,,0.01,0.7,20.0,optimal_decomposed,70.22700709999481,70.22610440000426,0.0,1,2,16307.664624421886,533.9055933035844,16841.57021772547,15386.801671462861,15920.707264766446,175864.74874366054,0.05818549234405168,57.18249747319546,0.0,0.0,0.0,False,False,False
ablation,tv_dro_energy_0_workload_1,tv_dro,2025-10-01,1,False,True,20,,0.01,0.7,20.0,optimal_decomposed,70.22700709999481,70.22610440000426,0.0,1,2,16307.664624421886,533.9055933035844,16841.57021772547,16672.3060786605,17206.211671964084,196148.8986577656,0.086559655775231,63.85322658522393,0.0,0.0,0.0,False,False,False
ablation,tv_dro_energy_0_workload_1,tv_dro,2025-10-01,2,False,True,20,,0.01,0.7,20.0,optimal_decomposed,70.22700709999481,70.22610440000426,0.0,1,2,16307.664624421886,533.9055933035844,16841.57021772547,15856.857083469558,16390.76267677314,187523.80578031144,0.028333434944215835,47.80285450684155,0.0,0.0,0.0,False,False,False
ablation,tv_dro_energy_0_workload_1,tv_dro,2025-10-01,3,False,True,20,,0.01,0.7,20.0,optimal_decomposed,70.22700709999481,70.22610440000426,0.0,1,2,16307.664624421886,533.9055933035844,16841.57021772547,16539.94710505343,17073.852698357015,196072.88270041256,0.0,57.46916902654702,0.0,0.0,0.0,False,False,False
ablation,tv_dro_energy_0_workload_1,tv_dro,2025-10-01,4,False,True,20,,0.01,0.7,20.0,optimal_decomposed,70.22700709999481,70.22610440000426,0.0,1,2,16307.664624421886,533.9055933035844,16841.57021772547,16150.354533756257,16684.260127059842,192304.82050618515,0.0740828561385582,51.56557619387124,0.0,0.0,0.0,False,False,False
ablation,tv_dro_energy_0_workload_1,tv_dro,2025-10-01,5,False,True,20,,0.01,0.7,20.0,optimal_decomposed,70.22700709999481,70.22610440000426,0.0,1,2,16307.664624421886,533.9055933035844,16841.57021772547,16575.887137320962,17109.792730624547,206417.87844170813,0.0,60.180529857277875,0.0,0.0,0.0,False,False,False
ablation,tv_dro_energy_0_workload_1,tv_dro,2025-10-01,6,False,True,20,,0.01,0.7,20.0,optimal_decomposed,70.22700709999481,70.22610440000426,0.0,1,2,16307.664624421886,533.9055933035844,16841.57021772547,16770.722559511825,17304.62815281541,198013.0564380139,0.0,49.408020489685875,0.0,0.0,0.0,False,False,False
ablation,tv_dro_energy_0_workload_1,tv_dro,2025-10-01,7,False,True,20,,0.01,0.7,20.0,optimal_decomposed,70.22700709999481,70.22610440000426,0.0,1,2,16307.664624421886,533.9055933035844,16841.57021772547,15822.876843574808,16356.782436878393,182346.8661571501,0.0,54.16121710514679,0.0,0.0,0.0,False,False,False
ablation,tv_dro_energy_0_workload_1,tv_dro,2025-10-01,8,False,True,20,,0.01,0.7,20.0,optimal_decomposed,70.22700709999481,70.22610440000426,0.0,1,2,16307.664624421886,533.9055933035844,16841.57021772547,16270.919757538173,16804.82535084176,195884.329053695,0.17150406675616248,51.47114638980889,0.0,0.0,0.0,False,False,False
ablation,tv_dro_energy_0_workload_1,tv_dro,2025-10-01,9,False,True,20,,0.01,0.7,20.0,optimal_decomposed,70.22700709999481,70.22610440000426,0.0,1,2,16307.664624421886,533.9055933035844,16841.57021772547,16628.72218061671,17162.627773920296,199073.7402236266,0.0,62.13792258992584,0.0,0.0,0.0,False,False,False
ablation,tv_dro_energy_0_workload_1,tv_dro,2025-10-01,10,False,True,20,,0.01,0.7,20.0,optimal_decomposed,70.22700709999481,70.22610440000426,0.0,1,2,16307.664624421886,533.9055933035844,16841.57021772547,16084.654283376733,16618.559876680316,190153.92754566943,0.0,54.06515772536027,0.0,0.0,0.0,False,False,False
ablation,tv_dro_energy_0_workload_1,tv_dro,2025-10-01,11,False,True,20,,0.01,0.7,20.0,optimal_decomposed,70.22700709999481,70.22610440000426,0.0,1,2,16307.664624421886,533.9055933035844,16841.57021772547,16376.426765627844,16910.332358931428,188825.19448287814,0.026646319689896947,50.85920906819075,0.0,0.0,0.0,False,False,False
ablation,tv_dro_energy_0_workload_1,tv_dro,2025-10-01,12,False,True,20,,0.01,0.7,20.0,optimal_decomposed,70.22700709999481,70.22610440000426,0.0,1,2,16307.664624421886,533.9055933035844,16841.57021772547,16384.16185269899,16918.067446002577,201743.57053220575,0.0,48.50107518127273,0.0,0.0,0.0,False,False,False
ablation,tv_dro_energy_0_workload_1,tv_dro,2025-10-01,13,False,True,20,,0.01,0.7,20.0,optimal_decomposed,70.22700709999481,70.22610440000426,0.0,1,2,16307.664624421886,533.9055933035844,16841.57021772547,16892.763809388696,17426.66940269228,202845.26458508018,0.09122929881697803,56.10411253901069,0.0,0.0,0.0,False,False,False
ablation,tv_dro_energy_0_workload_1,tv_dro,2025-10-01,14,False,True,20,,0.01,0.7,20.0,optimal_decomposed,70.22700709999481,70.22610440000426,0.0,1,2,16307.664624421886,533.9055933035844,16841.57021772547,15917.358313180397,16451.263906483982,183465.7561424123,0.0,50.31830896686124,0.0,0.0,0.0,False,False,False
ablation,tv_dro_energy_0_workload_1,tv_dro,2025-10-01,15,False,True,20,,0.01,0.7,20.0,optimal_decomposed,70.22700709999481,70.22610440000426,0.0,1,2,16307.664624421886,533.9055933035844,16841.57021772547,15699.514321181488,16233.419914485074,179530.12474699502,0.0,47.00110493891408,0.0,0.0,0.0,False,False,False
ablation,tv_dro_energy_0_workload_1,tv_dro,2025-10-01,16,False,True,20,,0.01,0.7,20.0,optimal_decomposed,70.22700709999481,70.22610440000426,0.0,1,2,16307.664624421886,533.9055933035844,16841.57021772547,15607.85789574126,16141.763489044844,175175.09700117237,0.0,49.871921567886154,0.0,0.0,0.0,False,False,False
ablation,tv_dro_energy_0_workload_1,tv_dro,2025-10-01,17,False,True,20,,0.01,0.7,20.0,optimal_decomposed,70.22700709999481,70.22610440000426,0.0,1,2,16307.664624421886,533.9055933035844,16841.57021772547,16094.722796351174,16628.628389654757,182357.4818813974,0.0,61.31238232179547,0.0,0.0,0.0,False,False,False
ablation,tv_dro_energy_0_workload_1,tv_dro,2025-10-01,18,False,True,20,,0.01,0.7,20.0,optimal_decomposed,70.22700709999481,70.22610440000426,0.0,1,2,16307.664624421886,533.9055933035844,16841.57021772547,16654.13352773342,17188.039121037003,194090.05792903312,0.0,57.96943510829479,0.0,0.0,0.0,False,False,False
ablation,tv_dro_energy_0_workload_1,tv_dro,2025-10-01,19,False,True,20,,0.01,0.7,20.0,optimal_decomposed,70.22700709999481,70.22610440000426,0.0,1,2,16307.664624421886,533.9055933035844,16841.57021772547,16002.173997338716,16536.0795906423,194212.42059087087,0.02743152028306839,52.60302592118493,0.0,0.0,0.0,False,False,False
ablation,tv_dro_energy_0_workload_1,tv_dro,2025-10-01,20,False,True,20,,0.01,0.7,20.0,optimal_decomposed,70.22700709999481,70.22610440000426,0.0,1,2,16307.664624421886,533.9055933035844,16841.57021772547,16583.13299093403,17117.038584237616,200196.01115998466,0.0,49.850826369393715,0.0,0.0,0.0,False,False,False
ablation,tv_dro_energy_0_workload_1,tv_dro,2025-10-01,21,False,True,20,,0.01,0.7,20.0,optimal_decomposed,70.22700709999481,70.22610440000426,0.0,1,2,16307.664624421886,533.9055933035844,16841.57021772547,15923.432514360362,16457.338107663945,181364.1527550996,0.0920376637240175,48.841855015682896,0.0,0.0,0.0,False,False,False
ablation,tv_dro_energy_0_workload_1,tv_dro,2025-10-01,22,False,True,20,,0.01,0.7,20.0,optimal_decomposed,70.22700709999481,70.22610440000426,0.0,1,2,16307.664624421886,533.9055933035844,16841.57021772547,16462.287584464302,16996.193177767887,195860.21103840822,0.0,51.12841464885127,0.0,0.0,0.0,False,False,False
ablation,tv_dro_energy_0_workload_1,tv_dro,2025-10-01,23,False,True,20,,0.01,0.7,20.0,optimal_decomposed,70.22700709999481,70.22610440000426,0.0,1,2,16307.664624421886,533.9055933035844,16841.57021772547,16660.77203997484,17194.677633278425,195294.38979648243,0.0,51.28613547844807,0.0,0.0,0.0,False,False,False
ablation,tv_dro_energy_0_workload_1,tv_dro,2025-10-01,24,False,True,20,,0.01,0.7,20.0,optimal_decomposed,70.22700709999481,70.22610440000426,0.0,1,2,16307.664624421886,533.9055933035844,16841.57021772547,16278.178123066537,16812.08371637012,186447.55154717874,0.05212642278757615,58.64323527617166,0.0,0.0,0.0,False,False,False
ablation,tv_dro_energy_0_workload_1,tv_dro,2025-10-01,25,False,True,20,,0.01,0.7,20.0,optimal_decomposed,70.22700709999481,70.22610440000426,0.0,1,2,16307.664624421886,533.9055933035844,16841.57021772547,17724.078407606998,18257.984000910583,226489.91080355656,0.0,48.93929413732906,0.0,0.0,0.0,False,False,False
ablation,tv_dro_energy_0_workload_1,tv_dro,2025-10-01,26,False,True,20,,0.01,0.7,20.0,optimal_decomposed,70.22700709999481,70.22610440000426,0.0,1,2,16307.664624421886,533.9055933035844,16841.57021772547,16076.8187573343,16610.724350637884,192837.36918275288,0.06528090917943333,59.80902325526473,0.0,0.0,0.0,False,False,False
ablation,tv_dro_energy_0_workload_1,tv_dro,2025-10-01,27,False,True,20,,0.01,0.7,20.0,optimal_decomposed,70.22700709999481,70.22610440000426,0.0,1,2,16307.664624421886,533.9055933035844,16841.57021772547,15364.896395616763,15898.801988920348,175972.5582803273,0.08829035703225518,58.91531639694679,0.0,0.0,0.0,False,False,False
ablation,tv_dro_energy_0_workload_1,tv_dro,2025-10-01,28,False,True,20,,0.01,0.7,20.0,optimal_decomposed,70.22700709999481,70.22610440000426,0.0,1,2,16307.664624421886,533.9055933035844,16841.57021772547,16441.07626286153,16974.981856165115,191663.77080567877,0.0,45.02897440777246,0.0,0.0,0.0,False,False,False
ablation,tv_dro_energy_0_workload_1,tv_dro,2025-10-01,29,False,True,20,,0.01,0.7,20.0,optimal_decomposed,70.22700709999481,70.22610440000426,0.0,1,2,16307.664624421886,533.9055933035844,16841.57021772547,16515.95596437637,17049.861557679957,202890.19177310757,0.0,42.32201577337039,0.0,0.0,0.0,False,False,False
ablation,tv_dro_energy_0_workload_1,tv_dro,2025-10-01,30,False,True,20,,0.01,0.7,20.0,optimal_decomposed,70.22700709999481,70.22610440000426,0.0,1,2,16307.664624421886,533.9055933035844,16841.57021772547,15606.926603937345,16140.83219724093,169529.17512604233,0.08552907454031988,50.66090451781997,0.0,0.0,0.0,False,False,False
ablation,tv_dro_energy_0_workload_1,tv_dro,2025-10-01,31,False,True,20,,0.01,0.7,20.0,optimal_decomposed,70.22700709999481,70.22610440000426,0.0,1,2,16307.664624421886,533.9055933035844,16841.57021772547,16804.546845847366,17338.45243915095,210492.76876346968,0.0,50.75691441362025,0.0,0.0,0.0,False,False,False
ablation,tv_dro_energy_0_workload_1,tv_dro,2025-10-01,32,False,True,20,,0.01,0.7,20.0,optimal_decomposed,70.22700709999481,70.22610440000426,0.0,1,2,16307.664624421886,533.9055933035844,16841.57021772547,16185.824751731248,16719.730345034834,189613.52086560143,0.0,56.70430773604862,0.0,0.0,0.0,False,False,False
ablation,tv_dro_energy_0_workload_1,tv_dro,2025-10-01,33,False,True,20,,0.01,0.7,20.0,optimal_decomposed,70.22700709999481,70.22610440000426,0.0,1,2,16307.664624421886,533.9055933035844,16841.57021772547,17612.61262141979,18146.518214723375,225538.19727328428,0.0,65.52910695468492,0.0,0.0,0.0,False,False,False
ablation,tv_dro_energy_0_workload_1,tv_dro,2025-10-01,34,False,True,20,,0.01,0.7,20.0,optimal_decomposed,70.22700709999481,70.22610440000426,0.0,1,2,16307.664624421886,533.9055933035844,16841.57021772547,16687.492348796844,17221.39794210043,199262.5059406264,0.025617137247780253,54.45948854976996,0.0,0.0,0.0,False,False,False
ablation,tv_dro_energy_0_workload_1,tv_dro,2025-10-01,35,False,True,20,,0.01,0.7,20.0,optimal_decomposed,70.22700709999481,70.22610440000426,0.0,1,2,16307.664624421886,533.9055933035844,16841.57021772547,16048.314436357432,16582.220029661017,182441.25461270867,0.0,57.037116293514494,0.0,0.0,0.0,False,False,False
ablation,tv_dro_energy_0_workload_1,tv_dro,2025-10-01,36,False,True,20,,0.01,0.7,20.0,optimal_decomposed,70.22700709999481,70.22610440000426,0.0,1,2,16307.664624421886,533.9055933035844,16841.57021772547,15790.325671371089,16324.231264674674,180053.09331659254,0.0,61.99017434813483,0.0,0.0,0.0,False,False,False
ablation,tv_dro_energy_0_workload_1,tv_dro,2025-10-01,37,False,True,20,,0.01,0.7,20.0,optimal_decomposed,70.22700709999481,70.22610440000426,0.0,1,2,16307.664624421886,533.9055933035844,16841.57021772547,16155.006751005492,16688.912344309076,189774.22315227686,0.051583083974541255,44.72972635555848,0.0,0.0,0.0,False,False,False
ablation,tv_dro_energy_0_workload_1,tv_dro,2025-10-01,38,False,True,20,,0.01,0.7,20.0,optimal_decomposed,70.22700709999481,70.22610440000426,0.0,1,2,16307.664624421886,533.9055933035844,16841.57021772547,16000.076231930852,16533.981825234438,189847.55071089006,0.0,51.11014325769247,0.0,0.0,0.0,False,False,False
ablation,tv_dro_energy_0_workload_1,tv_dro,2025-10-01,39,False,True,20,,0.01,0.7,20.0,optimal_decomposed,70.22700709999481,70.22610440000426,0.0,1,2,16307.664624421886,533.9055933035844,16841.57021772547,16563.15926814491,17097.064861448496,200189.95513503105,0.004268216643565359,42.507929961300384,0.0,0.0,0.0,False,False,False
ablation,tv_dro_energy_0_workload_1,tv_dro,2025-10-01,40,False,True,20,,0.01,0.7,20.0,optimal_decomposed,70.22700709999481,70.22610440000426,0.0,1,2,16307.664624421886,533.9055933035844,16841.57021772547,16880.591815098735,17414.49740840232,201851.32815313872,0.0,46.318846885075345,0.0,0.0,0.0,False,False,False
ablation,tv_dro_energy_0_workload_1,tv_dro,2025-10-01,41,False,True,20,,0.01,0.7,20.0,optimal_decomposed,70.22700709999481,70.22610440000426,0.0,1,2,16307.664624421886,533.9055933035844,16841.57021772547,16417.509606938787,16951.415200242373,197005.22320657683,0.008417097255812855,39.19289784757532,0.0,0.0,0.0,False,False,False
ablation,tv_dro_energy_0_workload_1,tv_dro,2025-10-01,42,False,True,20,,0.01,0.7,20.0,optimal_decomposed,70.22700709999481,70.22610440000426,0.0,1,2,16307.664624421886,533.9055933035844,16841.57021772547,16645.71584748817,17179.621440791754,197940.54623943678,0.010177661874243016,57.96406314871054,0.0,0.0,0.0,False,False,False
ablation,tv_dro_energy_0_workload_1,tv_dro,2025-10-01,43,False,True,20,,0.01,0.7,20.0,optimal_decomposed,70.22700709999481,70.22610440000426,0.0,1,2,16307.664624421886,533.9055933035844,16841.57021772547,15664.053783371799,16197.959376675384,177773.1927484972,0.08698571381843043,58.40349580266744,0.0,0.0,0.0,False,False,False
ablation,tv_dro_energy_0_workload_1,tv_dro,2025-10-01,44,False,True,20,,0.01,0.7,20.0,optimal_decomposed,70.22700709999481,70.22610440000426,0.0,1,2,16307.664624421886,533.9055933035844,16841.57021772547,16111.460424814111,16645.366018117697,185687.64271521062,0.09183515110650342,56.35117394277153,0.0,0.0,0.0,False,False,False
ablation,tv_dro_energy_0_workload_1,tv_dro,2025-10-01,45,False,True,20,,0.01,0.7,20.0,optimal_decomposed,70.22700709999481,70.22610440000426,0.0,1,2,16307.664624421886,533.9055933035844,16841.57021772547,16801.175912881194,17335.08150618478,203244.18359123907,0.0,56.514490322999784,0.0,0.0,0.0,False,False,False
ablation,tv_dro_energy_0_workload_1,tv_dro,2025-10-01,46,False,True,20,,0.01,0.7,20.0,optimal_decomposed,70.22700709999481,70.22610440000426,0.0,1,2,16307.664624421886,533.9055933035844,16841.57021772547,16422.71473206743,16956.620325371015,194635.3479468662,0.12393473248581136,54.65482815214498,0.0,0.0,0.0,False,False,False
ablation,tv_dro_energy_0_workload_1,tv_dro,2025-10-01,47,False,True,20,,0.01,0.7,20.0,optimal_decomposed,70.22700709999481,70.22610440000426,0.0,1,2,16307.664624421886,533.9055933035844,16841.57021772547,16477.172653091548,17011.078246395133,202334.06957824485,0.0,54.31007183925759,0.0,0.0,0.0,False,False,False
ablation,tv_dro_energy_0_workload_1,tv_dro,2025-10-01,48,False,True,20,,0.01,0.7,20.0,optimal_decomposed,70.22700709999481,70.22610440000426,0.0,1,2,16307.664624421886,533.9055933035844,16841.57021772547,17136.12963456996,17670.035227873544,212229.67495820846,0.053181752579578134,53.23500524355595,0.0,0.0,0.0,False,False,False
ablation,tv_dro_energy_0_workload_1,tv_dro,2025-10-01,49,False,True,20,,0.01,0.7,20.0,optimal_decomposed,70.22700709999481,70.22610440000426,0.0,1,2,16307.664624421886,533.9055933035844,16841.57021772547,16547.223222958346,17081.12881626193,206868.40102002164,0.0,59.96103836765519,0.0,0.0,0.0,False,False,False
ablation,tv_dro_energy_0_workload_1,tv_dro,2025-10-01,50,False,True,20,,0.01,0.7,20.0,optimal_decomposed,70.22700709999481,70.22610440000426,0.0,1,2,16307.664624421886,533.9055933035844,16841.57021772547,16209.522201188662,16743.427794492247,194977.12474239126,0.0,59.981199012672214,0.0,0.0,0.0,False,False,False
ablation,tv_dro_energy_0_workload_1,tv_dro,2025-10-01,51,False,True,20,,0.01,0.7,20.0,optimal_decomposed,70.22700709999481,70.22610440000426,0.0,1,2,16307.664624421886,533.9055933035844,16841.57021772547,15867.746873244841,16401.652466548425,184747.71038865906,0.05724926372866457,54.12298698657227,0.0,0.0,0.0,False,False,False
ablation,tv_dro_energy_0_workload_1,tv_dro,2025-10-01,52,False,True,20,,0.01,0.7,20.0,optimal_decomposed,70.22700709999481,70.22610440000426,0.0,1,2,16307.664624421886,533.9055933035844,16841.57021772547,16983.59128983759,17517.496883141175,208966.03758205235,0.0,57.47636039134184,0.0,0.0,0.0,False,False,False
ablation,tv_dro_energy_0_workload_1,tv_dro,2025-10-01,53,False,True,20,,0.01,0.7,20.0,optimal_decomposed,70.22700709999481,70.22610440000426,0.0,1,2,16307.664624421886,533.9055933035844,16841.57021772547,16363.294495427617,16897.200088731202,189547.58822685824,0.0,50.26505019821404,0.0,0.0,0.0,False,False,False
ablation,tv_dro_energy_0_workload_1,tv_dro,2025-10-01,54,False,True,20,,0.01,0.7,20.0,optimal_decomposed,70.22700709999481,70.22610440000426,0.0,1,2,16307.664624421886,533.9055933035844,16841.57021772547,16938.31624287005,17472.221836173634,205196.39785597072,0.0,50.67266887386917,0.0,0.0,0.0,False,False,False
ablation,tv_dro_energy_0_workload_1,tv_dro,2025-10-01,55,False,True,20,,0.01,0.7,20.0,optimal_decomposed,70.22700709999481,70.22610440000426,0.0,1,2,16307.664624421886,533.9055933035844,16841.57021772547,16417.005392442177,16950.910985745762,192597.35794984104,0.0,58.93657217537358,0.0,0.0,0.0,False,False,False
ablation,tv_dro_energy_0_workload_1,tv_dro,2025-10-01,56,False,True,20,,0.01,0.7,20.0,optimal_decomposed,70.22700709999481,70.22610440000426,0.0,1,2,16307.664624421886,533.9055933035844,16841.57021772547,16398.73903317879,16932.644626482375,196278.35911370124,0.0,42.81761288548929,0.0,0.0,0.0,False,False,False
ablation,tv_dro_energy_0_workload_1,tv_dro,2025-10-01,57,False,True,20,,0.01,0.7,20.0,optimal_decomposed,70.22700709999481,70.22610440000426,0.0,1,2,16307.664624421886,533.9055933035844,16841.57021772547,16277.913920969608,16811.819514273193,190517.63665286102,0.0,51.1568612337057,0.0,0.0,0.0,False,False,False
ablation,tv_dro_energy_0_workload_1,tv_dro,2025-10-01,58,False,True,20,,0.01,0.7,20.0,optimal_decomposed,70.22700709999481,70.22610440000426,0.0,1,2,16307.664624421886,533.9055933035844,16841.57021772547,17187.573006045644,17721.47859934923,212665.13706228381,0.05158310348053674,59.97746211275793,0.0,0.0,0.0,False,False,False
ablation,tv_dro_energy_0_workload_1,tv_dro,2025-10-01,59,False,True,20,,0.01,0.7,20.0,optimal_decomposed,70.22700709999481,70.22610440000426,0.0,1,2,16307.664624421886,533.9055933035844,16841.57021772547,17169.238919179388,17703.144512482973,212540.47754116124,0.0,53.64140341985655,0.0,0.0,0.0,False,False,False
ablation,tv_dro_energy_0_workload_1,tv_dro,2025-10-01,60,False,True,20,,0.01,0.7,20.0,optimal_decomposed,70.22700709999481,70.22610440000426,0.0,1,2,16307.664624421886,533.9055933035844,16841.57021772547,16368.168711506449,16902.074304810034,199498.84343398787,0.05368975937187237,51.91804998041023,0.0,0.0,0.0,False,False,False
ablation,tv_dro_energy_0_workload_1,tv_dro,2025-10-01,61,False,True,20,,0.01,0.7,20.0,optimal_decomposed,70.22700709999481,70.22610440000426,0.0,1,2,16307.664624421886,533.9055933035844,16841.57021772547,16403.14328209503,16937.048875398614,197338.45929381717,0.0,43.03990094599758,0.0,0.0,0.0,False,False,False
ablation,tv_dro_energy_0_workload_1,tv_dro,2025-10-01,62,False,True,20,,0.01,0.7,20.0,optimal_decomposed,70.22700709999481,70.22610440000426,0.0,1,2,16307.664624421886,533.9055933035844,16841.57021772547,15770.816904956611,16304.722498260197,179798.62309918218,0.0,56.32226294159632,0.0,0.0,0.0,False,False,False
ablation,tv_dro_energy_0_workload_1,tv_dro,2025-10-01,63,False,True,20,,0.01,0.7,20.0,optimal_decomposed,70.22700709999481,70.22610440000426,0.0,1,2,16307.664624421886,533.9055933035844,16841.57021772547,16682.139314328495,17216.04490763208,192617.1363056459,0.0,60.8221207392349,0.0,0.0,0.0,False,False,False
ablation,tv_dro_energy_0_workload_1,tv_dro,2025-10-01,64,False,True,20,,0.01,0.7,20.0,optimal_decomposed,70.22700709999481,70.22610440000426,0.0,1,2,16307.664624421886,533.9055933035844,16841.57021772547,15974.662227467968,16508.567820771554,181234.30875958252,0.0,49.13723244541495,0.0,0.0,0.0,False,False,False
ablation,tv_dro_energy_0_workload_1,tv_dro,2025-10-01,65,False,True,20,,0.01,0.7,20.0,optimal_decomposed,70.22700709999481,70.22610440000426,0.0,1,2,16307.664624421886,533.9055933035844,16841.57021772547,16844.94063439638,17378.846227699963,194625.37204994232,0.0,58.89051461843654,0.0,0.0,0.0,False,False,False
ablation,tv_dro_energy_0_workload_1,tv_dro,2025-10-01,66,False,True,20,,0.01,0.7,20.0,optimal_decomposed,70.22700709999481,70.22610440000426,0.0,1,2,16307.664624421886,533.9055933035844,16841.57021772547,16688.946877208356,17222.85247051194,202133.31811715662,0.0,63.9664367740984,0.0,0.0,0.0,False,False,False
ablation,tv_dro_energy_0_workload_1,tv_dro,2025-10-01,67,False,True,20,,0.01,0.7,20.0,optimal_decomposed,70.22700709999481,70.22610440000426,0.0,1,2,16307.664624421886,533.9055933035844,16841.57021772547,15773.935215232983,16307.840808536568,175906.97954031068,0.0,54.73410856659478,0.0,0.0,0.0,False,False,False
ablation,tv_dro_energy_0_workload_1,tv_dro,2025-10-01,68,False,True,20,,0.01,0.7,20.0,optimal_decomposed,70.22700709999481,70.22610440000426,0.0,1,2,16307.664624421886,533.9055933035844,16841.57021772547,17390.415433061942,17924.321026365527,219680.28459607647,0.05158307768009207,57.981937197856375,0.0,0.0,0.0,False,False,False
ablation,tv_dro_energy_0_workload_1,tv_dro,2025-10-01,69,False,True,20,,0.01,0.7,20.0,optimal_decomposed,70.22700709999481,70.22610440000426,0.0,1,2,16307.664624421886,533.9055933035844,16841.57021772547,17143.145819599016,17677.0514129026,215100.34641225557,0.0,58.632555518254634,0.0,0.0,0.0,False,False,False
ablation,tv_dro_energy_0_workload_1,tv_dro,2025-10-01,70,False,True,20,,0.01,0.7,20.0,optimal_decomposed,70.22700709999481,70.22610440000426,0.0,1,2,16307.664624421886,533.9055933035844,16841.57021772547,16769.650110123683,17303.555703427268,206293.88912120098,0.0,56.48712621079358,0.0,0.0,0.0,False,False,False
ablation,tv_dro_energy_0_workload_1,tv_dro,2025-10-01,71,False,True,20,,0.01,0.7,20.0,optimal_decomposed,70.22700709999481,70.22610440000426,0.0,1,2,16307.664624421886,533.9055933035844,16841.57021772547,15890.568752279352,16424.474345582938,186742.25088651848,0.04652957243833822,61.649137174186116,0.0,0.0,0.0,False,False,False
ablation,tv_dro_energy_0_workload_1,tv_dro,2025-10-01,72,False,True,20,,0.01,0.7,20.0,optimal_decomposed,70.22700709999481,70.22610440000426,0.0,1,2,16307.664624421886,533.9055933035844,16841.57021772547,16123.779058692293,16657.684651995878,188357.90080535997,0.045476662047382765,60.45060059756108,0.0,0.0,0.0,False,False,False
ablation,tv_dro_energy_0_workload_1,tv_dro,2025-10-01,73,False,True,20,,0.01,0.7,20.0,optimal_decomposed,70.22700709999481,70.22610440000426,0.0,1,2,16307.664624421886,533.9055933035844,16841.57021772547,16392.021282604324,16925.92687590791,191227.14420614016,0.038871982320362486,51.84259446287623,0.0,0.0,0.0,False,False,False
ablation,tv_dro_energy_0_workload_1,tv_dro,2025-10-01,74,False,True,20,,0.01,0.7,20.0,optimal_decomposed,70.22700709999481,70.22610440000426,0.0,1,2,16307.664624421886,533.9055933035844,16841.57021772547,16060.136580403478,16594.04217370706,179465.82859727793,0.0,57.585590561176375,0.0,0.0,0.0,False,False,False
ablation,tv_dro_energy_0_workload_1,tv_dro,2025-10-01,75,False,True,20,,0.01,0.7,20.0,optimal_decomposed,70.22700709999481,70.22610440000426,0.0,1,2,16307.664624421886,533.9055933035844,16841.57021772547,16558.30862867,17092.214221973587,197268.3540015403,0.12898846405826928,51.40263337747575,0.0,0.0,0.0,False,False,False
ablation,tv_dro_energy_0_workload_1,tv_dro,2025-10-01,76,False,True,20,,0.01,0.7,20.0,optimal_decomposed,70.22700709999481,70.22610440000426,0.0,1,2,16307.664624421886,533.9055933035844,16841.57021772547,17019.458563687418,17553.364156991003,213661.47148270375,0.0,55.011244137502246,0.0,0.0,0.0,False,False,False
ablation,tv_dro_energy_0_workload_1,tv_dro,2025-10-01,77,False,True,20,,0.01,0.7,20.0,optimal_decomposed,70.22700709999481,70.22610440000426,0.0,1,2,16307.664624421886,533.9055933035844,16841.57021772547,16047.029714820683,16580.935308124266,179433.68297612976,0.08468407289367641,52.65924552183724,0.0,0.0,0.0,False,False,False
ablation,tv_dro_energy_0_workload_1,tv_dro,2025-10-01,78,False,True,20,,0.01,0.7,20.0,optimal_decomposed,70.22700709999481,70.22610440000426,0.0,1,2,16307.664624421886,533.9055933035844,16841.57021772547,15981.55145417259,16515.457047476175,183916.9201579268,0.04821617342639839,53.1828010096791,0.0,0.0,0.0,False,False,False
ablation,tv_dro_energy_0_workload_1,tv_dro,2025-10-01,79,False,True,20,,0.01,0.7,20.0,optimal_decomposed,70.22700709999481,70.22610440000426,0.0,1,2,16307.664624421886,533.9055933035844,16841.57021772547,17048.60876691673,17582.514360220313,207219.99025999266,0.0,52.26796869542467,0.0,0.0,0.0,False,False,False
ablation,tv_dro_energy_0_workload_1,tv_dro,2025-10-01,80,False,True,20,,0.01,0.7,20.0,optimal_decomposed,70.22700709999481,70.22610440000426,0.0,1,2,16307.664624421886,533.9055933035844,16841.57021772547,16818.11453301161,17352.020126315194,206542.33634103052,0.0,50.91846490122508,0.0,0.0,0.0,False,False,False
ablation,tv_dro_energy_0_workload_1,tv_dro,2025-10-01,81,False,True,20,,0.01,0.7,20.0,optimal_decomposed,70.22700709999481,70.22610440000426,0.0,1,2,16307.664624421886,533.9055933035844,16841.57021772547,16568.197079673377,17102.102672976962,192290.47984146676,0.14768325500548138,60.91460827769338,0.0,0.0,0.0,False,False,False
ablation,tv_dro_energy_0_workload_1,tv_dro,2025-10-01,82,False,True,20,,0.01,0.7,20.0,optimal_decomposed,70.22700709999481,70.22610440000426,0.0,1,2,16307.664624421886,533.9055933035844,16841.57021772547,16051.45991308928,16585.365506392864,187313.1712248291,0.019507323756886713,48.43201549084012,0.0,0.0,0.0,False,False,False
ablation,tv_dro_energy_0_workload_1,tv_dro,2025-10-01,83,False,True,20,,0.01,0.7,20.0,optimal_decomposed,70.22700709999481,70.22610440000426,0.0,1,2,16307.664624421886,533.9055933035844,16841.57021772547,16914.082827372647,17447.988420676233,209610.43683672533,0.0,51.366802115230335,0.0,0.0,0.0,False,False,False
ablation,tv_dro_energy_0_workload_1,tv_dro,2025-10-01,84,False,True,20,,0.01,0.7,20.0,optimal_decomposed,70.22700709999481,70.22610440000426,0.0,1,2,16307.664624421886,533.9055933035844,16841.57021772547,17251.143655817705,17785.04924912129,209356.00650230498,0.095275704118677,49.43469774520423,0.0,0.0,0.0,False,False,False
ablation,tv_dro_energy_0_workload_1,tv_dro,2025-10-01,85,False,True,20,,0.01,0.7,20.0,optimal_decomposed,70.22700709999481,70.22610440000426,0.0,1,2,16307.664624421886,533.9055933035844,16841.57021772547,16663.402375644622,17197.307968948207,198812.14465884148,0.0,60.37955548129834,0.0,0.0,0.0,False,False,False
ablation,tv_dro_energy_0_workload_1,tv_dro,2025-10-01,86,False,True,20,,0.01,0.7,20.0,optimal_decomposed,70.22700709999481,70.22610440000426,0.0,1,2,16307.664624421886,533.9055933035844,16841.57021772547,16678.058051546206,17211.96364484979,197718.6039432115,0.02332421325594833,47.52054616950474,0.0,0.0,0.0,False,False,False
ablation,tv_dro_energy_0_workload_1,tv_dro,2025-10-01,87,False,True,20,,0.01,0.7,20.0,optimal_decomposed,70.22700709999481,70.22610440000426,0.0,1,2,16307.664624421886,533.9055933035844,16841.57021772547,15608.099946548517,16142.005539852102,175017.43380780437,0.1371335858439407,54.81759132123571,0.0,0.0,0.0,False,False,False
ablation,tv_dro_energy_0_workload_1,tv_dro,2025-10-01,88,False,True,20,,0.01,0.7,20.0,optimal_decomposed,70.22700709999481,70.22610440000426,0.0,1,2,16307.664624421886,533.9055933035844,16841.57021772547,16014.259850462517,16548.1654437661,177896.7414798083,0.030956276828989937,58.3227560920952,0.0,0.0,0.0,False,False,False
ablation,tv_dro_energy_0_workload_1,tv_dro,2025-10-01,89,False,True,20,,0.01,0.7,20.0,optimal_decomposed,70.22700709999481,70.22610440000426,0.0,1,2,16307.664624421886,533.9055933035844,16841.57021772547,16432.5681380348,16966.473731338385,194477.52707660806,0.0,53.43019426886376,0.0,0.0,0.0,False,False,False
ablation,tv_dro_energy_0_workload_1,tv_dro,2025-10-01,90,False,True,20,,0.01,0.7,20.0,optimal_decomposed,70.22700709999481,70.22610440000426,0.0,1,2,16307.664624421886,533.9055933035844,16841.57021772547,16221.412503924603,16755.318097228188,189834.40943780972,0.15396551217662152,57.99424601055595,0.0,0.0,0.0,False,False,False
ablation,tv_dro_energy_0_workload_1,tv_dro,2025-10-01,91,False,True,20,,0.01,0.7,20.0,optimal_decomposed,70.22700709999481,70.22610440000426,0.0,1,2,16307.664624421886,533.9055933035844,16841.57021772547,15505.067130560723,16038.972723864308,167925.3140224713,0.01936235568402278,54.03081842331784,0.0,0.0,0.0,False,False,False
ablation,tv_dro_energy_0_workload_1,tv_dro,2025-10-01,92,False,True,20,,0.01,0.7,20.0,optimal_decomposed,70.22700709999481,70.22610440000426,0.0,1,2,16307.664624421886,533.9055933035844,16841.57021772547,16318.651386560878,16852.55697986446,182752.56813947787,0.0,44.23339784669928,0.0,0.0,0.0,False,False,False
ablation,tv_dro_energy_0_workload_1,tv_dro,2025-10-01,93,False,True,20,,0.01,0.7,20.0,optimal_decomposed,70.22700709999481,70.22610440000426,0.0,1,2,16307.664624421886,533.9055933035844,16841.57021772547,16208.104791411808,16742.01038471539,195375.35805212142,0.0,56.651463589512254,0.0,0.0,0.0,False,False,False
ablation,tv_dro_energy_0_workload_1,tv_dro,2025-10-01,94,False,True,20,,0.01,0.7,20.0,optimal_decomposed,70.22700709999481,70.22610440000426,0.0,1,2,16307.664624421886,533.9055933035844,16841.57021772547,16218.040359081573,16751.94595238516,186628.9579613945,0.0,50.965907121819924,0.0,0.0,0.0,False,False,False
ablation,tv_dro_energy_0_workload_1,tv_dro,2025-10-01,95,False,True,20,,0.01,0.7,20.0,optimal_decomposed,70.22700709999481,70.22610440000426,0.0,1,2,16307.664624421886,533.9055933035844,16841.57021772547,15939.807732539717,16473.713325843302,182944.5063516929,0.0,55.96440060948004,0.0,0.0,0.0,False,False,False
ablation,tv_dro_energy_0_workload_1,tv_dro,2025-10-01,96,False,True,20,,0.01,0.7,20.0,optimal_decomposed,70.22700709999481,70.22610440000426,0.0,1,2,16307.664624421886,533.9055933035844,16841.57021772547,16136.82044642822,16670.726039731806,189260.46152044876,0.025193990065432798,51.168761814190425,0.0,0.0,0.0,False,False,False
ablation,tv_dro_energy_0_workload_1,tv_dro,2025-10-01,97,False,True,20,,0.01,0.7,20.0,optimal_decomposed,70.22700709999481,70.22610440000426,0.0,1,2,16307.664624421886,533.9055933035844,16841.57021772547,16167.237775358268,16701.14336866185,187323.69721561123,0.0,55.69146308825515,0.0,0.0,0.0,False,False,False
ablation,tv_dro_energy_0_workload_1,tv_dro,2025-10-01,98,False,True,20,,0.01,0.7,20.0,optimal_decomposed,70.22700709999481,70.22610440000426,0.0,1,2,16307.664624421886,533.9055933035844,16841.57021772547,16292.340899451892,16826.246492755476,187801.55111247773,0.04765627545035647,46.625433813901815,0.0,0.0,0.0,False,False,False
ablation,tv_dro_energy_0_workload_1,tv_dro,2025-10-01,99,False,True,20,,0.01,0.7,20.0,optimal_decomposed,70.22700709999481,70.22610440000426,0.0,1,2,16307.664624421886,533.9055933035844,16841.57021772547,16034.694132422488,16568.59972572607,184805.17825686408,0.04254073134601366,54.44926382357634,0.0,0.0,0.0,False,False,False
ablation,tv_dro_energy_1_workload_1,tv_dro,2025-01-01,0,True,True,20,,0.01,0.7,20.0,optimal_decomposed,68.44582390000869,68.44497169999522,0.0,1,2,15664.81197399028,174.34157851920855,15839.153552509488,14832.11366860157,15006.455247120779,170162.19948329794,0.7281137699844538,51.159390691796304,0.0,0.0,0.0,False,False,False
ablation,tv_dro_energy_1_workload_1,tv_dro,2025-01-01,1,True,True,20,,0.01,0.7,20.0,optimal_decomposed,68.44582390000869,68.44497169999522,0.0,1,2,15664.81197399028,174.34157851920855,15839.153552509488,15841.166186660337,16015.507765179545,190417.2408438494,0.08684864855887026,57.84730729001157,0.0,0.0,0.0,False,False,False
ablation,tv_dro_energy_1_workload_1,tv_dro,2025-01-01,2,True,True,20,,0.01,0.7,20.0,optimal_decomposed,68.44582390000869,68.44497169999522,0.0,1,2,15664.81197399028,174.34157851920855,15839.153552509488,15498.57454135681,15672.916119876018,180773.45696619636,0.08188014820472636,45.05539610327428,0.0,0.0,0.0,False,False,False
ablation,tv_dro_energy_1_workload_1,tv_dro,2025-01-01,3,True,True,20,,0.01,0.7,20.0,optimal_decomposed,68.44582390000869,68.44497169999522,0.0,1,2,15664.81197399028,174.34157851920855,15839.153552509488,15722.802299843232,15897.14387836244,189720.73725189955,0.0,51.80665773721203,0.0,0.0,0.0,False,False,False
ablation,tv_dro_energy_1_workload_1,tv_dro,2025-01-01,4,True,True,20,,0.01,0.7,20.0,optimal_decomposed,68.44582390000869,68.44497169999522,0.0,1,2,15664.81197399028,174.34157851920855,15839.153552509488,15643.0660625444,15817.407641063608,185318.06466310602,0.0632302808889269,49.73661510188082,0.0,0.0,0.0,False,False,False
ablation,tv_dro_energy_1_workload_1,tv_dro,2025-01-01,5,True,True,20,,0.01,0.7,20.0,optimal_decomposed,68.44582390000869,68.44497169999522,0.0,1,2,15664.81197399028,174.34157851920855,15839.153552509488,16040.224227801755,16214.565806320963,200946.49235070666,0.0,53.760333613050534,0.0,0.0,0.0,False,False,False
ablation,tv_dro_energy_1_workload_1,tv_dro,2025-01-01,6,True,True,20,,0.01,0.7,20.0,optimal_decomposed,68.44582390000869,68.44497169999522,0.0,1,2,15664.81197399028,174.34157851920855,15839.153552509488,15936.458788115564,16110.800366634772,194205.93678505198,0.10345948881436584,47.1221658134656,0.0,0.0,0.0,False,False,False
ablation,tv_dro_energy_1_workload_1,tv_dro,2025-01-01,7,True,True,20,,0.01,0.7,20.0,optimal_decomposed,68.44582390000869,68.44497169999522,0.0,1,2,15664.81197399028,174.34157851920855,15839.153552509488,15293.763148071594,15468.104726590802,175692.3507057537,0.019384031851351097,49.78497684817774,0.0,0.0,0.0,False,False,False
ablation,tv_dro_energy_1_workload_1,tv_dro,2025-01-01,8,True,True,20,,0.01,0.7,20.0,optimal_decomposed,68.44582390000869,68.44497169999522,0.0,1,2,15664.81197399028,174.34157851920855,15839.153552509488,15837.50565563411,16011.847234153318,190245.89170855848,0.15842303005788594,52.37663218539484,0.0,0.0,0.0,False,False,False
ablation,tv_dro_energy_1_workload_1,tv_dro,2025-01-01,9,True,True,20,,0.01,0.7,20.0,optimal_decomposed,68.44582390000869,68.44497169999522,0.0,1,2,15664.81197399028,174.34157851920855,15839.153552509488,15840.121984018915,16014.463562538123,192714.05042272745,0.03048439654693924,59.6420627038417,0.0,0.0,0.0,False,False,False
ablation,tv_dro_energy_1_workload_1,tv_dro,2025-01-01,10,True,True,20,,0.01,0.7,20.0,optimal_decomposed,68.44582390000869,68.44497169999522,0.0,1,2,15664.81197399028,174.34157851920855,15839.153552509488,15510.55545506624,15684.897033585448,183554.6653494705,0.3421591516639916,51.97209645569732,0.0,0.0,0.0,False,False,False
ablation,tv_dro_energy_1_workload_1,tv_dro,2025-01-01,11,True,True,20,,0.01,0.7,20.0,optimal_decomposed,68.44582390000869,68.44497169999522,0.0,1,2,15664.81197399028,174.34157851920855,15839.153552509488,15264.539005209477,15438.880583728685,183436.5116832963,0.0031602618891344303,42.83498394822596,0.0,0.0,0.0,False,False,False
ablation,tv_dro_energy_1_workload_1,tv_dro,2025-01-01,12,True,True,20,,0.01,0.7,20.0,optimal_decomposed,68.44582390000869,68.44497169999522,0.0,1,2,15664.81197399028,174.34157851920855,15839.153552509488,15855.989998221927,16030.331576741135,195914.46566953114,0.0,44.58840945527538,0.0,0.0,0.0,False,False,False
ablation,tv_dro_energy_1_workload_1,tv_dro,2025-01-01,13,True,True,20,,0.01,0.7,20.0,optimal_decomposed,68.44582390000869,68.44497169999522,0.0,1,2,15664.81197399028,174.34157851920855,15839.153552509488,16096.646307980756,16270.987886499965,198443.09190530545,0.34109448154627386,53.4750878344012,0.0,0.0,0.0,False,False,False
ablation,tv_dro_energy_1_workload_1,tv_dro,2025-01-01,14,True,True,20,,0.01,0.7,20.0,optimal_decomposed,68.44582390000869,68.44497169999522,0.0,1,2,15664.81197399028,174.34157851920855,15839.153552509488,15343.082290641936,15517.423869161144,178205.45753533096,0.21153771660820653,50.84094139100654,0.0,0.0,0.0,False,False,False
ablation,tv_dro_energy_1_workload_1,tv_dro,2025-01-01,15,True,True,20,,0.01,0.7,20.0,optimal_decomposed,68.44582390000869,68.44497169999522,0.0,1,2,15664.81197399028,174.34157851920855,15839.153552509488,15347.673912867385,15522.015491386594,174292.3700324288,0.021678658843421378,44.97956928470556,0.0,0.0,0.0,False,False,False
ablation,tv_dro_energy_1_workload_1,tv_dro,2025-01-01,16,True,True,20,,0.01,0.7,20.0,optimal_decomposed,68.44582390000869,68.44497169999522,0.0,1,2,15664.81197399028,174.34157851920855,15839.153552509488,15074.10652954462,15248.448108063829,170863.09032539846,0.03606366855062573,47.24928280559114,0.0,0.0,0.0,False,False,False
ablation,tv_dro_energy_1_workload_1,tv_dro,2025-01-01,17,True,True,20,,0.01,0.7,20.0,optimal_decomposed,68.44582390000869,68.44497169999522,0.0,1,2,15664.81197399028,174.34157851920855,15839.153552509488,15323.59490230833,15497.936480827539,177948.9085476734,0.11524823926953065,56.18156142766287,0.0,0.0,0.0,False,False,False
ablation,tv_dro_energy_1_workload_1,tv_dro,2025-01-01,18,True,True,20,,0.01,0.7,20.0,optimal_decomposed,68.44582390000869,68.44497169999522,0.0,1,2,15664.81197399028,174.34157851920855,15839.153552509488,15705.586055196178,15879.927633715386,190225.78121355094,0.0,55.00106248737001,0.0,0.0,0.0,False,False,False
ablation,tv_dro_energy_1_workload_1,tv_dro,2025-01-01,19,True,True,20,,0.01,0.7,20.0,optimal_decomposed,68.44582390000869,68.44497169999522,0.0,1,2,15664.81197399028,174.34157851920855,15839.153552509488,15572.250213089937,15746.591791609146,189493.91932828413,0.09807599001236045,52.04642062305023,0.0,0.0,0.0,False,False,False
ablation,tv_dro_energy_1_workload_1,tv_dro,2025-01-01,20,True,True,20,,0.01,0.7,20.0,optimal_decomposed,68.44582390000869,68.44497169999522,0.0,1,2,15664.81197399028,174.34157851920855,15839.153552509488,16104.037868486323,16278.37944700553,194006.3793300776,0.0,46.89774804738921,0.0,0.0,0.0,False,False,False
ablation,tv_dro_energy_1_workload_1,tv_dro,2025-01-01,21,True,True,20,,0.01,0.7,20.0,optimal_decomposed,68.44582390000869,68.44497169999522,0.0,1,2,15664.81197399028,174.34157851920855,15839.153552509488,15162.006915250302,15336.34849376951,174884.11496966088,0.14558437698452803,44.89157726386787,0.0,0.0,0.0,False,False,False
ablation,tv_dro_energy_1_workload_1,tv_dro,2025-01-01,22,True,True,20,,0.01,0.7,20.0,optimal_decomposed,68.44582390000869,68.44497169999522,0.0,1,2,15664.81197399028,174.34157851920855,15839.153552509488,15833.826074124845,16008.167652644053,190411.54333861542,0.026577831514688732,49.90731521280232,0.0,0.0,0.0,False,False,False
ablation,tv_dro_energy_1_workload_1,tv_dro,2025-01-01,23,True,True,20,,0.01,0.7,20.0,optimal_decomposed,68.44582390000869,68.44497169999522,0.0,1,2,15664.81197399028,174.34157851920855,15839.153552509488,15916.072995086011,16090.41457360522,189947.6912747063,0.0,48.479085276020754,0.0,0.0,0.0,False,False,False
ablation,tv_dro_energy_1_workload_1,tv_dro,2025-01-01,24,True,True,20,,0.01,0.7,20.0,optimal_decomposed,68.44582390000869,68.44497169999522,0.0,1,2,15664.81197399028,174.34157851920855,15839.153552509488,15315.519033335175,15489.860611854383,180406.34431388686,0.10567313604808662,52.676874367954284,0.0,0.0,0.0,False,False,False
ablation,tv_dro_energy_1_workload_1,tv_dro,2025-01-01,25,True,True,20,,0.01,0.7,20.0,optimal_decomposed,68.44582390000869,68.44497169999522,0.0,1,2,15664.81197399028,174.34157851920855,15839.153552509488,16809.519031686403,16983.86061020561,221311.59291952776,0.0,46.135388248111035,0.0,0.0,0.0,False,False,False
ablation,tv_dro_energy_1_workload_1,tv_dro,2025-01-01,26,True,True,20,,0.01,0.7,20.0,optimal_decomposed,68.44582390000869,68.44497169999522,0.0,1,2,15664.81197399028,174.34157851920855,15839.153552509488,15816.113259707501,15990.45483822671,186481.08382319834,0.1600449509612,55.17222759796207,0.0,0.0,0.0,False,False,False
ablation,tv_dro_energy_1_workload_1,tv_dro,2025-01-01,27,True,True,20,,0.01,0.7,20.0,optimal_decomposed,68.44582390000869,68.44497169999522,0.0,1,2,15664.81197399028,174.34157851920855,15839.153552509488,14543.332480017318,14717.674058536526,169093.80635965907,0.4106204869006203,54.71866025245282,0.0,0.0,0.0,False,False,False
ablation,tv_dro_energy_1_workload_1,tv_dro,2025-01-01,28,True,True,20,,0.01,0.7,20.0,optimal_decomposed,68.44582390000869,68.44497169999522,0.0,1,2,15664.81197399028,174.34157851920855,15839.153552509488,15616.39194580107,15790.733524320278,185814.17034959106,0.013328971990677202,40.59944123089265,0.0,0.0,0.0,False,False,False
ablation,tv_dro_energy_1_workload_1,tv_dro,2025-01-01,29,True,True,20,,0.01,0.7,20.0,optimal_decomposed,68.44582390000869,68.44497169999522,0.0,1,2,15664.81197399028,174.34157851920855,15839.153552509488,15882.475610013626,16056.817188532834,195771.88723486813,0.030916769877295164,39.76924600184646,0.0,0.0,0.0,False,False,False
ablation,tv_dro_energy_1_workload_1,tv_dro,2025-01-01,30,True,True,20,,0.01,0.7,20.0,optimal_decomposed,68.44582390000869,68.44497169999522,0.0,1,2,15664.81197399028,174.34157851920855,15839.153552509488,14998.082894158528,15172.424472677736,165161.8411702947,0.0,46.36369072226856,0.0,0.0,0.0,False,False,False
ablation,tv_dro_energy_1_workload_1,tv_dro,2025-01-01,31,True,True,20,,0.01,0.7,20.0,optimal_decomposed,68.44582390000869,68.44497169999522,0.0,1,2,15664.81197399028,174.34157851920855,15839.153552509488,15898.189407073902,16072.53098559311,202141.03606920273,0.016464598640723915,50.270889067950115,0.0,0.0,0.0,False,False,False
ablation,tv_dro_energy_1_workload_1,tv_dro,2025-01-01,32,True,True,20,,0.01,0.7,20.0,optimal_decomposed,68.44582390000869,68.44497169999522,0.0,1,2,15664.81197399028,174.34157851920855,15839.153552509488,15675.807295493587,15850.148874012795,184424.93718113322,0.0,49.00614552626272,0.0,0.0,0.0,False,False,False
ablation,tv_dro_energy_1_workload_1,tv_dro,2025-01-01,33,True,True,20,,0.01,0.7,20.0,optimal_decomposed,68.44582390000869,68.44497169999522,0.0,1,2,15664.81197399028,174.34157851920855,15839.153552509488,16907.317633601375,17081.659212120583,219904.41888504356,0.04697440711880671,61.56254946638796,0.0,0.0,0.0,False,False,False
ablation,tv_dro_energy_1_workload_1,tv_dro,2025-01-01,34,True,True,20,,0.01,0.7,20.0,optimal_decomposed,68.44582390000869,68.44497169999522,0.0,1,2,15664.81197399028,174.34157851920855,15839.153552509488,16128.814797807574,16303.156376326782,194342.29497442566,0.4828073072022199,51.86279791017473,0.0,0.0,0.0,False,False,False
ablation,tv_dro_energy_1_workload_1,tv_dro,2025-01-01,35,True,True,20,,0.01,0.7,20.0,optimal_decomposed,68.44582390000869,68.44497169999522,0.0,1,2,15664.81197399028,174.34157851920855,15839.153552509488,14898.549566924694,15072.891145443902,176506.4297426397,0.0,55.13110315145785,0.0,0.0,0.0,False,False,False
ablation,tv_dro_energy_1_workload_1,tv_dro,2025-01-01,36,True,True,20,,0.01,0.7,20.0,optimal_decomposed,68.44582390000869,68.44497169999522,0.0,1,2,15664.81197399028,174.34157851920855,15839.153552509488,15202.096993703986,15376.438572223195,174600.2082487529,0.0,54.485884436002415,0.0,0.0,0.0,False,False,False
ablation,tv_dro_energy_1_workload_1,tv_dro,2025-01-01,37,True,True,20,,0.01,0.7,20.0,optimal_decomposed,68.44582390000869,68.44497169999522,0.0,1,2,15664.81197399028,174.34157851920855,15839.153552509488,15481.146991856805,15655.488570376014,183204.40772059764,0.0,41.601098174915116,0.0,0.0,0.0,False,False,False
ablation,tv_dro_energy_1_workload_1,tv_dro,2025-01-01,38,True,True,20,,0.01,0.7,20.0,optimal_decomposed,68.44582390000869,68.44497169999522,0.0,1,2,15664.81197399028,174.34157851920855,15839.153552509488,15440.044613755173,15614.386192274382,184868.6924192905,0.0,49.123859283591436,0.0,0.0,0.0,False,False,False
ablation,tv_dro_energy_1_workload_1,tv_dro,2025-01-01,39,True,True,20,,0.01,0.7,20.0,optimal_decomposed,68.44582390000869,68.44497169999522,0.0,1,2,15664.81197399028,174.34157851920855,15839.153552509488,15664.685574325102,15839.02715284431,195320.60574247743,0.057814929904075885,41.06246127018632,0.0,0.0,0.0,False,False,False
ablation,tv_dro_energy_1_workload_1,tv_dro,2025-01-01,40,True,True,20,,0.01,0.7,20.0,optimal_decomposed,68.44582390000869,68.44497169999522,0.0,1,2,15664.81197399028,174.34157851920855,15839.153552509488,16159.558896700539,16333.900475219747,196295.50642587146,0.0,43.10209630247645,0.0,0.0,0.0,False,False,False
ablation,tv_dro_energy_1_workload_1,tv_dro,2025-01-01,41,True,True,20,,0.01,0.7,20.0,optimal_decomposed,68.44582390000869,68.44497169999522,0.0,1,2,15664.81197399028,174.34157851920855,15839.153552509488,15604.910109308621,15779.25168782783,191153.76138524732,0.012079899653622106,37.1897681517571,0.0,0.0,0.0,False,False,False
ablation,tv_dro_energy_1_workload_1,tv_dro,2025-01-01,42,True,True,20,,0.01,0.7,20.0,optimal_decomposed,68.44582390000869,68.44497169999522,0.0,1,2,15664.81197399028,174.34157851920855,15839.153552509488,16260.319187919438,16434.660766438647,192141.15862792963,0.0,55.000385211835756,0.0,0.0,0.0,False,False,False
ablation,tv_dro_energy_1_workload_1,tv_dro,2025-01-01,43,True,True,20,,0.01,0.7,20.0,optimal_decomposed,68.44582390000869,68.44497169999522,0.0,1,2,15664.81197399028,174.34157851920855,15839.153552509488,15071.73366313034,15246.075241649549,172284.31422685014,0.13724718452205356,53.07195892334041,0.0,0.0,0.0,False,False,False
ablation,tv_dro_energy_1_workload_1,tv_dro,2025-01-01,44,True,True,20,,0.01,0.7,20.0,optimal_decomposed,68.44582390000869,68.44497169999522,0.0,1,2,15664.81197399028,174.34157851920855,15839.153552509488,15253.498692708912,15427.84027122812,180100.55275666952,0.2173192735070159,49.881614732122614,0.0,0.0,0.0,False,False,False
ablation,tv_dro_energy_1_workload_1,tv_dro,2025-01-01,45,True,True,20,,0.01,0.7,20.0,optimal_decomposed,68.44582390000869,68.44497169999522,0.0,1,2,15664.81197399028,174.34157851920855,15839.153552509488,16331.09904845771,16505.44062697692,196698.58252843923,0.17832303220151158,54.844694327462065,0.0,0.0,0.0,False,False,False
ablation,tv_dro_energy_1_workload_1,tv_dro,2025-01-01,46,True,True,20,,0.01,0.7,20.0,optimal_decomposed,68.44582390000869,68.44497169999522,0.0,1,2,15664.81197399028,174.34157851920855,15839.153552509488,15790.078630569747,15964.420209088956,188935.5441997303,0.1519928808573402,50.56256641535144,0.0,0.0,0.0,False,False,False
ablation,tv_dro_energy_1_workload_1,tv_dro,2025-01-01,47,True,True,20,,0.01,0.7,20.0,optimal_decomposed,68.44582390000869,68.44497169999522,0.0,1,2,15664.81197399028,174.34157851920855,15839.153552509488,15733.682410092868,15908.023988612076,195727.3294591116,0.0,51.54528110290052,0.0,0.0,0.0,False,False,False
ablation,tv_dro_energy_1_workload_1,tv_dro,2025-01-01,48,True,True,20,,0.01,0.7,20.0,optimal_decomposed,68.44582390000869,68.44497169999522,0.0,1,2,15664.81197399028,174.34157851920855,15839.153552509488,16097.931685799802,16272.27326431901,206765.86318222305,0.0,48.24027164501872,0.0,0.0,0.0,False,False,False
ablation,tv_dro_energy_1_workload_1,tv_dro,2025-01-01,49,True,True,20,,0.01,0.7,20.0,optimal_decomposed,68.44582390000869,68.44497169999522,0.0,1,2,15664.81197399028,174.34157851920855,15839.153552509488,16016.283652605818,16190.625231125026,200926.29143465153,0.04570459077504027,51.403471926214216,0.0,0.0,0.0,False,False,False
ablation,tv_dro_energy_1_workload_1,tv_dro,2025-01-01,50,True,True,20,,0.01,0.7,20.0,optimal_decomposed,68.44582390000869,68.44497169999522,0.0,1,2,15664.81197399028,174.34157851920855,15839.153552509488,15656.605809139543,15830.94738765875,188876.31284614344,0.0,56.09790896471309,0.0,0.0,0.0,False,False,False
ablation,tv_dro_energy_1_workload_1,tv_dro,2025-01-01,51,True,True,20,,0.01,0.7,20.0,optimal_decomposed,68.44582390000869,68.44497169999522,0.0,1,2,15664.81197399028,174.34157851920855,15839.153552509488,15583.926028548705,15758.267607067914,179703.68727711428,0.0,49.01063036303258,0.0,0.0,0.0,False,False,False
ablation,tv_dro_energy_1_workload_1,tv_dro,2025-01-01,52,True,True,20,,0.01,0.7,20.0,optimal_decomposed,68.44582390000869,68.44497169999522,0.0,1,2,15664.81197399028,174.34157851920855,15839.153552509488,16236.650508590707,16410.992087109917,201668.20259939067,0.46116126507228283,56.26228574729269,0.0,0.0,0.0,False,False,False
ablation,tv_dro_energy_1_workload_1,tv_dro,2025-01-01,53,True,True,20,,0.01,0.7,20.0,optimal_decomposed,68.44582390000869,68.44497169999522,0.0,1,2,15664.81197399028,174.34157851920855,15839.153552509488,15447.373268561756,15621.714847080964,183055.6659034743,0.0,44.33926084507775,0.0,0.0,0.0,False,False,False
ablation,tv_dro_energy_1_workload_1,tv_dro,2025-01-01,54,True,True,20,,0.01,0.7,20.0,optimal_decomposed,68.44582390000869,68.44497169999522,0.0,1,2,15664.81197399028,174.34157851920855,15839.153552509488,15992.223003840985,16166.564582360194,201210.82074304172,0.0,46.2390723216923,0.0,0.0,0.0,False,False,False
ablation,tv_dro_energy_1_workload_1,tv_dro,2025-01-01,55,True,True,20,,0.01,0.7,20.0,optimal_decomposed,68.44582390000869,68.44497169999522,0.0,1,2,15664.81197399028,174.34157851920855,15839.153552509488,15638.691185346683,15813.032763865891,185355.734926661,0.14655144358051198,55.221918553295616,0.0,0.0,0.0,False,False,False
ablation,tv_dro_energy_1_workload_1,tv_dro,2025-01-01,56,True,True,20,,0.01,0.7,20.0,optimal_decomposed,68.44582390000869,68.44497169999522,0.0,1,2,15664.81197399028,174.34157851920855,15839.153552509488,15955.453630446475,16129.795208965683,192509.07858530266,0.00531490235267737,40.14603086761506,0.0,0.0,0.0,False,False,False
ablation,tv_dro_energy_1_workload_1,tv_dro,2025-01-01,57,True,True,20,,0.01,0.7,20.0,optimal_decomposed,68.44582390000869,68.44497169999522,0.0,1,2,15664.81197399028,174.34157851920855,15839.153552509488,15630.402495487333,15804.744074006541,184845.3353972196,0.0,50.15024916358456,0.0,0.0,0.0,False,False,False
ablation,tv_dro_energy_1_workload_1,tv_dro,2025-01-01,58,True,True,20,,0.01,0.7,20.0,optimal_decomposed,68.44582390000869,68.44497169999522,0.0,1,2,15664.81197399028,174.34157851920855,15839.153552509488,16232.59124756489,16406.9328260841,205794.5414548842,0.08597395316062584,57.41743299918895,0.0,0.0,0.0,False,False,False
ablation,tv_dro_energy_1_workload_1,tv_dro,2025-01-01,59,True,True,20,,0.01,0.7,20.0,optimal_decomposed,68.44582390000869,68.44497169999522,0.0,1,2,15664.81197399028,174.34157851920855,15839.153552509488,16303.124361718072,16477.46594023728,206631.2162868577,0.0,53.07215579861509,0.0,0.0,0.0,False,False,False
ablation,tv_dro_energy_1_workload_1,tv_dro,2025-01-01,60,True,True,20,,0.01,0.7,20.0,optimal_decomposed,68.44582390000869,68.44497169999522,0.0,1,2,15664.81197399028,174.34157851920855,15839.153552509488,15716.504176818324,15890.845755337532,194461.02060440186,0.07273788038766604,51.74839836679712,0.0,0.0,0.0,False,False,False
ablation,tv_dro_energy_1_workload_1,tv_dro,2025-01-01,61,True,True,20,,0.01,0.7,20.0,optimal_decomposed,68.44582390000869,68.44497169999522,0.0,1,2,15664.81197399028,174.34157851920855,15839.153552509488,15604.25274040618,15778.594318925389,190438.4639975241,0.03200460281438236,42.2585775324138,0.0,0.0,0.0,False,False,False
ablation,tv_dro_energy_1_workload_1,tv_dro,2025-01-01,62,True,True,20,,0.01,0.7,20.0,optimal_decomposed,68.44582390000869,68.44497169999522,0.0,1,2,15664.81197399028,174.34157851920855,15839.153552509488,15030.845182657766,15205.186761176974,175728.81763514175,0.11120945866385201,55.115269296825176,0.0,0.0,0.0,False,False,False
ablation,tv_dro_energy_1_workload_1,tv_dro,2025-01-01,63,True,True,20,,0.01,0.7,20.0,optimal_decomposed,68.44582390000869,68.44497169999522,0.0,1,2,15664.81197399028,174.34157851920855,15839.153552509488,15702.608751180145,15876.950329699353,184957.9021278343,0.06944797355741464,55.70269803497306,0.0,0.0,0.0,False,False,False
ablation,tv_dro_energy_1_workload_1,tv_dro,2025-01-01,64,True,True,20,,0.01,0.7,20.0,optimal_decomposed,68.44582390000869,68.44497169999522,0.0,1,2,15664.81197399028,174.34157851920855,15839.153552509488,15408.633405042967,15582.974983562175,173842.1738393868,0.08966490463243029,49.73691538700554,0.0,0.0,0.0,False,False,False
ablation,tv_dro_energy_1_workload_1,tv_dro,2025-01-01,65,True,True,20,,0.01,0.7,20.0,optimal_decomposed,68.44582390000869,68.44497169999522,0.0,1,2,15664.81197399028,174.34157851920855,15839.153552509488,15900.19371793908,16074.535296458289,189640.88634342386,0.05654274215409427,53.82039121128586,0.0,0.0,0.0,False,False,False
ablation,tv_dro_energy_1_workload_1,tv_dro,2025-01-01,66,True,True,20,,0.01,0.7,20.0,optimal_decomposed,68.44582390000869,68.44497169999522,0.0,1,2,15664.81197399028,174.34157851920855,15839.153552509488,15808.036561782106,15982.378140301314,193218.59974088776,0.0,57.258725807183716,0.0,0.0,0.0,False,False,False
ablation,tv_dro_energy_1_workload_1,tv_dro,2025-01-01,67,True,True,20,,0.01,0.7,20.0,optimal_decomposed,68.44582390000869,68.44497169999522,0.0,1,2,15664.81197399028,174.34157851920855,15839.153552509488,15111.24978800641,15285.591366525618,169652.40991116894,0.0,50.77380989257145,0.0,0.0,0.0,False,False,False
ablation,tv_dro_energy_1_workload_1,tv_dro,2025-01-01,68,True,True,20,,0.01,0.7,20.0,optimal_decomposed,68.44582390000869,68.44497169999522,0.0,1,2,15664.81197399028,174.34157851920855,15839.153552509488,16870.185132715702,17044.52671123491,214168.46719813882,0.0,55.24739093973824,0.0,0.0,0.0,False,False,False
ablation,tv_dro_energy_1_workload_1,tv_dro,2025-01-01,69,True,True,20,,0.01,0.7,20.0,optimal_decomposed,68.44582390000869,68.44497169999522,0.0,1,2,15664.81197399028,174.34157851920855,15839.153552509488,16153.565639734477,16327.907218253686,208064.06886844608,0.0,51.76585686908622,0.0,0.0,0.0,False,False,False
ablation,tv_dro_energy_1_workload_1,tv_dro,2025-01-01,70,True,True,20,,0.01,0.7,20.0,optimal_decomposed,68.44582390000869,68.44497169999522,0.0,1,2,15664.81197399028,174.34157851920855,15839.153552509488,15967.878287910109,16142.219866429317,201933.16142210012,0.0,54.789919767148945,0.0,0.0,0.0,False,False,False
ablation,tv_dro_energy_1_workload_1,tv_dro,2025-01-01,71,True,True,20,,0.01,0.7,20.0,optimal_decomposed,68.44582390000869,68.44497169999522,0.0,1,2,15664.81197399028,174.34157851920855,15839.153552509488,15661.56976401507,15835.911342534278,182017.1711526778,0.008352711610149222,57.066730984448355,0.0,0.0,0.0,False,False,False
ablation,tv_dro_energy_1_workload_1,tv_dro,2025-01-01,72,True,True,20,,0.01,0.7,20.0,optimal_decomposed,68.44582390000869,68.44497169999522,0.0,1,2,15664.81197399028,174.34157851920855,15839.153552509488,15329.678681241543,15504.020259760751,181495.41262824906,0.0,58.486907657241886,0.0,0.0,0.0,False,False,False
ablation,tv_dro_energy_1_workload_1,tv_dro,2025-01-01,73,True,True,20,,0.01,0.7,20.0,optimal_decomposed,68.44582390000869,68.44497169999522,0.0,1,2,15664.81197399028,174.34157851920855,15839.153552509488,15438.457408286367,15612.798986805576,184154.0421887667,0.02226089584332297,48.41079804313067,0.0,0.0,0.0,False,False,False
ablation,tv_dro_energy_1_workload_1,tv_dro,2025-01-01,74,True,True,20,,0.01,0.7,20.0,optimal_decomposed,68.44582390000869,68.44497169999522,0.0,1,2,15664.81197399028,174.34157851920855,15839.153552509488,15223.00562408246,15397.347202601668,172671.1569822574,0.0,52.942064222264015,0.0,0.0,0.0,False,False,False
ablation,tv_dro_energy_1_workload_1,tv_dro,2025-01-01,75,True,True,20,,0.01,0.7,20.0,optimal_decomposed,68.44582390000869,68.44497169999522,0.0,1,2,15664.81197399028,174.34157851920855,15839.153552509488,15660.651401428078,15834.992979947287,191025.1402636335,0.17896047596245424,50.63632132923725,0.0,0.0,0.0,False,False,False
ablation,tv_dro_energy_1_workload_1,tv_dro,2025-01-01,76,True,True,20,,0.01,0.7,20.0,optimal_decomposed,68.44582390000869,68.44497169999522,0.0,1,2,15664.81197399028,174.34157851920855,15839.153552509488,15926.071003179746,16100.412581698954,210807.31707412621,0.0,51.139216777593795,0.0,0.0,0.0,False,False,False
ablation,tv_dro_energy_1_workload_1,tv_dro,2025-01-01,77,True,True,20,,0.01,0.7,20.0,optimal_decomposed,68.44582390000869,68.44497169999522,0.0,1,2,15664.81197399028,174.34157851920855,15839.153552509488,15294.31150177544,15468.653080294649,173021.64374939943,0.0,46.23916576747567,0.0,0.0,0.0,False,False,False
ablation,tv_dro_energy_1_workload_1,tv_dro,2025-01-01,78,True,True,20,,0.01,0.7,20.0,optimal_decomposed,68.44582390000869,68.44497169999522,0.0,1,2,15664.81197399028,174.34157851920855,15839.153552509488,15290.531272854065,15464.872851373273,178129.05001050662,0.0,49.849353990444904,0.0,0.0,0.0,False,False,False
ablation,tv_dro_energy_1_workload_1,tv_dro,2025-01-01,79,True,True,20,,0.01,0.7,20.0,optimal_decomposed,68.44582390000869,68.44497169999522,0.0,1,2,15664.81197399028,174.34157851920855,15839.153552509488,16276.949647375463,16451.29122589467,199956.35441680075,0.2038881904014056,48.25883563887271,0.0,0.0,0.0,False,False,False
ablation,tv_dro_energy_1_workload_1,tv_dro,2025-01-01,80,True,True,20,,0.01,0.7,20.0,optimal_decomposed,68.44582390000869,68.44497169999522,0.0,1,2,15664.81197399028,174.34157851920855,15839.153552509488,16055.014142004015,16229.355720523223,201176.08715618736,0.0,49.375167716483276,0.0,0.0,0.0,False,False,False
ablation,tv_dro_energy_1_workload_1,tv_dro,2025-01-01,81,True,True,20,,0.01,0.7,20.0,optimal_decomposed,68.44582390000869,68.44497169999522,0.0,1,2,15664.81197399028,174.34157851920855,15839.153552509488,15666.453982091798,15840.795560611006,185230.90897175611,0.124687834387083,58.79628385118117,0.0,0.0,0.0,False,False,False
ablation,tv_dro_energy_1_workload_1,tv_dro,2025-01-01,82,True,True,20,,0.01,0.7,20.0,optimal_decomposed,68.44582390000869,68.44497169999522,0.0,1,2,15664.81197399028,174.34157851920855,15839.153552509488,15352.867732919274,15527.209311438482,183161.7428438303,0.07305403701739724,45.031721130329274,0.0,0.0,0.0,False,False,False
ablation,tv_dro_energy_1_workload_1,tv_dro,2025-01-01,83,True,True,20,,0.01,0.7,20.0,optimal_decomposed,68.44582390000869,68.44497169999522,0.0,1,2,15664.81197399028,174.34157851920855,15839.153552509488,16039.567896791708,16213.909475310917,202869.8402928853,0.09065018156939536,43.85141995682757,0.0,0.0,0.0,False,False,False
ablation,tv_dro_energy_1_workload_1,tv_dro,2025-01-01,84,True,True,20,,0.01,0.7,20.0,optimal_decomposed,68.44582390000869,68.44497169999522,0.0,1,2,15664.81197399028,174.34157851920855,15839.153552509488,15888.34753392461,16062.689112443819,203512.68952333392,0.11651222011883869,41.952749855870834,0.0,0.0,0.0,False,False,False
ablation,tv_dro_energy_1_workload_1,tv_dro,2025-01-01,85,True,True,20,,0.01,0.7,20.0,optimal_decomposed,68.44582390000869,68.44497169999522,0.0,1,2,15664.81197399028,174.34157851920855,15839.153552509488,15846.66069372934,16021.002272248548,192788.39484066732,0.0,54.08188122365305,0.0,0.0,0.0,False,False,False
ablation,tv_dro_energy_1_workload_1,tv_dro,2025-01-01,86,True,True,20,,0.01,0.7,20.0,optimal_decomposed,68.44582390000869,68.44497169999522,0.0,1,2,15664.81197399028,174.34157851920855,15839.153552509488,16052.160958896697,16226.502537415905,194991.13249680243,0.07687092651645885,44.659736908514695,0.0,0.0,0.0,False,False,False
ablation,tv_dro_energy_1_workload_1,tv_dro,2025-01-01,87,True,True,20,,0.01,0.7,20.0,optimal_decomposed,68.44582390000869,68.44497169999522,0.0,1,2,15664.81197399028,174.34157851920855,15839.153552509488,15149.223230088137,15323.564808607345,171235.64858477731,0.15755769463181557,49.37728733059629,0.0,0.0,0.0,False,False,False
ablation,tv_dro_energy_1_workload_1,tv_dro,2025-01-01,88,True,True,20,,0.01,0.7,20.0,optimal_decomposed,68.44582390000869,68.44497169999522,0.0,1,2,15664.81197399028,174.34157851920855,15839.153552509488,15814.358559071434,15988.700137590642,171892.4529347719,0.4424824774951537,57.70775400205892,0.0,0.0,0.0,False,False,False
ablation,tv_dro_energy_1_workload_1,tv_dro,2025-01-01,89,True,True,20,,0.01,0.7,20.0,optimal_decomposed,68.44582390000869,68.44497169999522,0.0,1,2,15664.81197399028,174.34157851920855,15839.153552509488,16179.268683226954,16353.610261746162,190006.69279259385,0.0,49.89170151918957,0.0,0.0,0.0,False,False,False
ablation,tv_dro_energy_1_workload_1,tv_dro,2025-01-01,90,True,True,20,,0.01,0.7,20.0,optimal_decomposed,68.44582390000869,68.44497169999522,0.0,1,2,15664.81197399028,174.34157851920855,15839.153552509488,15308.517341395318,15482.858919914526,184245.80679837213,0.14272223111062188,55.06058270560434,0.0,0.0,0.0,False,False,False
ablation,tv_dro_energy_1_workload_1,tv_dro,2025-01-01,91,True,True,20,,0.01,0.7,20.0,optimal_decomposed,68.44582390000869,68.44497169999522,0.0,1,2,15664.81197399028,174.34157851920855,15839.153552509488,14931.895573880958,15106.237152400166,163140.34895363098,0.0,48.14206464661014,0.0,0.0,0.0,False,False,False
ablation,tv_dro_energy_1_workload_1,tv_dro,2025-01-01,92,True,True,20,,0.01,0.7,20.0,optimal_decomposed,68.44582390000869,68.44497169999522,0.0,1,2,15664.81197399028,174.34157851920855,15839.153552509488,15791.596509109293,15965.938087628501,178303.34650168038,0.0,43.04031902488763,0.0,0.0,0.0,False,False,False
ablation,tv_dro_energy_1_workload_1,tv_dro,2025-01-01,93,True,True,20,,0.01,0.7,20.0,optimal_decomposed,68.44582390000869,68.44497169999522,0.0,1,2,15664.81197399028,174.34157851920855,15839.153552509488,15557.27142956859,15731.613008087797,190592.86577266004,0.54188446833906,50.797549496228235,0.0,0.0,0.0,False,False,False
ablation,tv_dro_energy_1_workload_1,tv_dro,2025-01-01,94,True,True,20,,0.01,0.7,20.0,optimal_decomposed,68.44582390000869,68.44497169999522,0.0,1,2,15664.81197399028,174.34157851920855,15839.153552509488,15214.994207607528,15389.335786126736,180970.60763804067,0.021764084787162047,46.18522174433864,0.0,0.0,0.0,False,False,False
ablation,tv_dro_energy_1_workload_1,tv_dro,2025-01-01,95,True,True,20,,0.01,0.7,20.0,optimal_decomposed,68.44582390000869,68.44497169999522,0.0,1,2,15664.81197399028,174.34157851920855,15839.153552509488,14972.329898764267,15146.671477283475,174708.50280634235,0.03120652959486822,51.129446548293764,0.0,0.0,0.0,False,False,False
ablation,tv_dro_energy_1_workload_1,tv_dro,2025-01-01,96,True,True,20,,0.01,0.7,20.0,optimal_decomposed,68.44582390000869,68.44497169999522,0.0,1,2,15664.81197399028,174.34157851920855,15839.153552509488,15524.265989580046,15698.607568099254,182059.0681663121,0.07874070332594343,48.555832105740826,0.0,0.0,0.0,False,False,False
ablation,tv_dro_energy_1_workload_1,tv_dro,2025-01-01,97,True,True,20,,0.01,0.7,20.0,optimal_decomposed,68.44582390000869,68.44497169999522,0.0,1,2,15664.81197399028,174.34157851920855,15839.153552509488,15552.041944377106,15726.383522896314,181099.28613169142,0.0034880513700517035,50.762829115312975,0.0,0.0,0.0,False,False,False
ablation,tv_dro_energy_1_workload_1,tv_dro,2025-01-01,98,True,True,20,,0.01,0.7,20.0,optimal_decomposed,68.44582390000869,68.44497169999522,0.0,1,2,15664.81197399028,174.34157851920855,15839.153552509488,15695.585114265203,15869.926692784411,182406.3587907474,0.101202988710867,46.084131138244175,0.0,0.0,0.0,False,False,False
ablation,tv_dro_energy_1_workload_1,tv_dro,2025-01-01,99,True,True,20,,0.01,0.7,20.0,optimal_decomposed,68.44582390000869,68.44497169999522,0.0,1,2,15664.81197399028,174.34157851920855,15839.153552509488,15547.333847046797,15721.675425566005,179237.75566333492,0.06784896363151327,52.15358846219959,0.0,0.0,0.0,False,False,False
ablation,tv_dro_energy_1_workload_1,tv_dro,2025-04-01,0,True,True,20,,0.01,0.7,20.0,optimal_decomposed,69.91635179999867,69.91556839999976,0.0,1,2,15462.571691668627,498.3322510884225,15960.90394275705,14847.159750317454,15345.492001405877,119823.3687765592,0.06267343170731954,56.39185985785648,0.0,0.0,0.0,False,False,False
ablation,tv_dro_energy_1_workload_1,tv_dro,2025-04-01,1,True,True,20,,0.01,0.7,20.0,optimal_decomposed,69.91635179999867,69.91556839999976,0.0,1,2,15462.571691668627,498.3322510884225,15960.90394275705,15816.884248178758,16315.21649926718,134809.0244635843,0.0,62.517059943451244,0.0,0.0,0.0,False,False,False
ablation,tv_dro_energy_1_workload_1,tv_dro,2025-04-01,2,True,True,20,,0.01,0.7,20.0,optimal_decomposed,69.91635179999867,69.91556839999976,0.0,1,2,15462.571691668627,498.3322510884225,15960.90394275705,15335.889181822697,15834.22143291112,128642.14393404705,0.0,50.94449722555083,0.0,0.0,0.0,False,False,False
ablation,tv_dro_energy_1_workload_1,tv_dro,2025-04-01,3,True,True,20,,0.01,0.7,20.0,optimal_decomposed,69.91635179999867,69.91556839999976,0.0,1,2,15462.571691668627,498.3322510884225,15960.90394275705,15851.310654239891,16349.642905328314,135660.95008996097,0.0,55.76957033713889,0.0,0.0,0.0,False,False,False
ablation,tv_dro_energy_1_workload_1,tv_dro,2025-04-01,4,True,True,20,,0.01,0.7,20.0,optimal_decomposed,69.91635179999867,69.91556839999976,0.0,1,2,15462.571691668627,498.3322510884225,15960.90394275705,15594.388269950297,16092.72052103872,133011.92517216504,0.0,52.392428945413975,0.0,0.0,0.0,False,False,False
ablation,tv_dro_energy_1_workload_1,tv_dro,2025-04-01,5,True,True,20,,0.01,0.7,20.0,optimal_decomposed,69.91635179999867,69.91556839999976,0.0,1,2,15462.571691668627,498.3322510884225,15960.90394275705,16065.973803161138,16564.30605424956,146013.9512495164,0.0,60.29930662934377,0.0,0.0,0.0,False,False,False
ablation,tv_dro_energy_1_workload_1,tv_dro,2025-04-01,6,True,True,20,,0.01,0.7,20.0,optimal_decomposed,69.91635179999867,69.91556839999976,0.0,1,2,15462.571691668627,498.3322510884225,15960.90394275705,15859.345983388605,16357.678234477027,138861.05045055633,0.0,54.077730896335034,0.0,0.0,0.0,False,False,False
ablation,tv_dro_energy_1_workload_1,tv_dro,2025-04-01,7,True,True,20,,0.01,0.7,20.0,optimal_decomposed,69.91635179999867,69.91556839999976,0.0,1,2,15462.571691668627,498.3322510884225,15960.90394275705,15296.850457371782,15795.182708460205,124447.11758143568,0.0,52.6036729456755,0.0,0.0,0.0,False,False,False
ablation,tv_dro_energy_1_workload_1,tv_dro,2025-04-01,8,True,True,20,,0.01,0.7,20.0,optimal_decomposed,69.91635179999867,69.91556839999976,0.0,1,2,15462.571691668627,498.3322510884225,15960.90394275705,15932.618662276996,16430.950913365417,137485.73520239792,0.06427777562879078,53.65006782514197,0.0,0.0,0.0,False,False,False
ablation,tv_dro_energy_1_workload_1,tv_dro,2025-04-01,9,True,True,20,,0.01,0.7,20.0,optimal_decomposed,69.91635179999867,69.91556839999976,0.0,1,2,15462.571691668627,498.3322510884225,15960.90394275705,16067.098070053984,16565.430321142405,137879.33492049648,0.2267513533956229,62.535814641090674,0.0,0.0,0.0,False,False,False
ablation,tv_dro_energy_1_workload_1,tv_dro,2025-04-01,10,True,True,20,,0.01,0.7,20.0,optimal_decomposed,69.91635179999867,69.91556839999976,0.0,1,2,15462.571691668627,498.3322510884225,15960.90394275705,15570.970507279995,16069.302758368418,129490.96790842965,0.0,51.27728671926077,0.0,0.0,0.0,False,False,False
ablation,tv_dro_energy_1_workload_1,tv_dro,2025-04-01,11,True,True,20,,0.01,0.7,20.0,optimal_decomposed,69.91635179999867,69.91556839999976,0.0,1,2,15462.571691668627,498.3322510884225,15960.90394275705,15568.590780688839,16066.923031777262,129139.13815529611,0.0,46.157469800640875,0.0,0.0,0.0,False,False,False
ablation,tv_dro_energy_1_workload_1,tv_dro,2025-04-01,12,True,True,20,,0.01,0.7,20.0,optimal_decomposed,69.91635179999867,69.91556839999976,0.0,1,2,15462.571691668627,498.3322510884225,15960.90394275705,15629.359710011659,16127.691961100081,141916.20029616088,0.0,48.642686621568224,0.0,0.0,0.0,False,False,False
ablation,tv_dro_energy_1_workload_1,tv_dro,2025-04-01,13,True,True,20,,0.01,0.7,20.0,optimal_decomposed,69.91635179999867,69.91556839999976,0.0,1,2,15462.571691668627,498.3322510884225,15960.90394275705,16082.041396707878,16580.3736477963,142167.81132455898,0.19491992904296715,56.23267896621989,0.0,0.0,0.0,False,False,False
ablation,tv_dro_energy_1_workload_1,tv_dro,2025-04-01,14,True,True,20,,0.01,0.7,20.0,optimal_decomposed,69.91635179999867,69.91556839999976,0.0,1,2,15462.571691668627,498.3322510884225,15960.90394275705,15241.98804836144,15740.320299449862,125495.31041630497,0.0,51.01516976154284,0.0,0.0,0.0,False,False,False
ablation,tv_dro_energy_1_workload_1,tv_dro,2025-04-01,15,True,True,20,,0.01,0.7,20.0,optimal_decomposed,69.91635179999867,69.91556839999976,0.0,1,2,15462.571691668627,498.3322510884225,15960.90394275705,15094.756252419684,15593.088503508106,123173.51162740531,0.0,49.37590423013098,0.0,0.0,0.0,False,False,False
ablation,tv_dro_energy_1_workload_1,tv_dro,2025-04-01,16,True,True,20,,0.01,0.7,20.0,optimal_decomposed,69.91635179999867,69.91556839999976,0.0,1,2,15462.571691668627,498.3322510884225,15960.90394275705,14964.343658243713,15462.675909332136,119184.46862117642,0.0,50.66954007036834,0.0,0.0,0.0,False,False,False
ablation,tv_dro_energy_1_workload_1,tv_dro,2025-04-01,17,True,True,20,,0.01,0.7,20.0,optimal_decomposed,69.91635179999867,69.91556839999976,0.0,1,2,15462.571691668627,498.3322510884225,15960.90394275705,15505.58323455766,16003.915485646083,126440.16053172511,0.45655898951311086,62.88813483041892,0.0,0.0,0.0,False,False,False
ablation,tv_dro_energy_1_workload_1,tv_dro,2025-04-01,18,True,True,20,,0.01,0.7,20.0,optimal_decomposed,69.91635179999867,69.91556839999976,0.0,1,2,15462.571691668627,498.3322510884225,15960.90394275705,16013.724255206465,16512.056506294888,135236.95504659656,0.15456800560491313,58.38352407986121,0.0,0.0,0.0,False,False,False
ablation,tv_dro_energy_1_workload_1,tv_dro,2025-04-01,19,True,True,20,,0.01,0.7,20.0,optimal_decomposed,69.91635179999867,69.91556839999976,0.0,1,2,15462.571691668627,498.3322510884225,15960.90394275705,15535.155553800598,16033.48780488902,135901.9521618958,0.03357741706804013,52.39104043085813,0.0,0.0,0.0,False,False,False
ablation,tv_dro_energy_1_workload_1,tv_dro,2025-04-01,20,True,True,20,,0.01,0.7,20.0,optimal_decomposed,69.91635179999867,69.91556839999976,0.0,1,2,15462.571691668627,498.3322510884225,15960.90394275705,15915.388870945024,16413.721122033447,139387.72826585852,0.0,49.515190909064884,0.0,0.0,0.0,False,False,False
ablation,tv_dro_energy_1_workload_1,tv_dro,2025-04-01,21,True,True,20,,0.01,0.7,20.0,optimal_decomposed,69.91635179999867,69.91556839999976,0.0,1,2,15462.571691668627,498.3322510884225,15960.90394275705,15527.783156547517,16026.11540763594,123377.85265568028,0.002128181034477261,49.46434385733093,0.0,0.0,0.0,False,False,False
ablation,tv_dro_energy_1_workload_1,tv_dro,2025-04-01,22,True,True,20,,0.01,0.7,20.0,optimal_decomposed,69.91635179999867,69.91556839999976,0.0,1,2,15462.571691668627,498.3322510884225,15960.90394275705,15762.259817155418,16260.592068243841,135898.63959233253,0.0,54.05514947626097,0.0,0.0,0.0,False,False,False
ablation,tv_dro_energy_1_workload_1,tv_dro,2025-04-01,23,True,True,20,,0.01,0.7,20.0,optimal_decomposed,69.91635179999867,69.91556839999976,0.0,1,2,15462.571691668627,498.3322510884225,15960.90394275705,15731.728046513463,16230.060297601885,134733.48170657584,0.010348792858682732,51.00218156942087,0.0,0.0,0.0,False,False,False
ablation,tv_dro_energy_1_workload_1,tv_dro,2025-04-01,24,True,True,20,,0.01,0.7,20.0,optimal_decomposed,69.91635179999867,69.91556839999976,0.0,1,2,15462.571691668627,498.3322510884225,15960.90394275705,15215.645093586778,15713.9773446752,127810.89655966652,0.2775368767961963,61.197716519192255,0.0,0.0,0.0,False,False,False
ablation,tv_dro_energy_1_workload_1,tv_dro,2025-04-01,25,True,True,20,,0.01,0.7,20.0,optimal_decomposed,69.91635179999867,69.91556839999976,0.0,1,2,15462.571691668627,498.3322510884225,15960.90394275705,17065.163125734012,17563.495376822433,163202.32542987095,0.0,49.71592790998695,0.0,0.0,0.0,False,False,False
ablation,tv_dro_energy_1_workload_1,tv_dro,2025-04-01,26,True,True,20,,0.01,0.7,20.0,optimal_decomposed,69.91635179999867,69.91556839999976,0.0,1,2,15462.571691668627,498.3322510884225,15960.90394275705,15518.453310814075,16016.785561902498,133741.26459907077,0.0,60.150747308647794,0.0,0.0,0.0,False,False,False
ablation,tv_dro_energy_1_workload_1,tv_dro,2025-04-01,27,True,True,20,,0.01,0.7,20.0,optimal_decomposed,69.91635179999867,69.91556839999976,0.0,1,2,15462.571691668627,498.3322510884225,15960.90394275705,14989.938688577162,15488.270939665585,118874.2277943208,0.11993636259854895,58.89586055448288,0.0,0.0,0.0,False,False,False
ablation,tv_dro_energy_1_workload_1,tv_dro,2025-04-01,28,True,True,20,,0.01,0.7,20.0,optimal_decomposed,69.91635179999867,69.91556839999976,0.0,1,2,15462.571691668627,498.3322510884225,15960.90394275705,15696.242255574336,16194.574506662759,132280.92653177748,0.0,45.12164256714944,0.0,0.0,0.0,False,False,False
ablation,tv_dro_energy_1_workload_1,tv_dro,2025-04-01,29,True,True,20,,0.01,0.7,20.0,optimal_decomposed,69.91635179999867,69.91556839999976,0.0,1,2,15462.571691668627,498.3322510884225,15960.90394275705,16120.802830475008,16619.13508156343,141442.16775593953,0.0,43.36330003360219,0.0,0.0,0.0,False,False,False
ablation,tv_dro_energy_1_workload_1,tv_dro,2025-04-01,30,True,True,20,,0.01,0.7,20.0,optimal_decomposed,69.91635179999867,69.91556839999976,0.0,1,2,15462.571691668627,498.3322510884225,15960.90394275705,14879.898507421392,15378.230758509815,113448.80739514898,0.0,46.80351647902885,0.0,0.0,0.0,False,False,False
ablation,tv_dro_energy_1_workload_1,tv_dro,2025-04-01,31,True,True,20,,0.01,0.7,20.0,optimal_decomposed,69.91635179999867,69.91556839999976,0.0,1,2,15462.571691668627,498.3322510884225,15960.90394275705,15995.305326952199,16493.63757804062,147667.7695907844,0.0,51.601722596627766,0.0,0.0,0.0,False,False,False
ablation,tv_dro_energy_1_workload_1,tv_dro,2025-04-01,32,True,True,20,,0.01,0.7,20.0,optimal_decomposed,69.91635179999867,69.91556839999976,0.0,1,2,15462.571691668627,498.3322510884225,15960.90394275705,15127.734112498552,15626.066363586975,131073.36535639188,0.0,50.078820451820235,0.0,0.0,0.0,False,False,False
ablation,tv_dro_energy_1_workload_1,tv_dro,2025-04-01,33,True,True,20,,0.01,0.7,20.0,optimal_decomposed,69.91635179999867,69.91556839999976,0.0,1,2,15462.571691668627,498.3322510884225,15960.90394275705,16952.89511511584,17451.22736620426,161659.87323926136,0.0,65.12103247793175,0.0,0.0,0.0,False,False,False
ablation,tv_dro_energy_1_workload_1,tv_dro,2025-04-01,34,True,True,20,,0.01,0.7,20.0,optimal_decomposed,69.91635179999867,69.91556839999976,0.0,1,2,15462.571691668627,498.3322510884225,15960.90394275705,15964.577839526233,16462.910090614656,138596.51531581636,0.0,55.889663459095836,0.0,0.0,0.0,False,False,False
ablation,tv_dro_energy_1_workload_1,tv_dro,2025-04-01,35,True,True,20,,0.01,0.7,20.0,optimal_decomposed,69.91635179999867,69.91556839999976,0.0,1,2,15462.571691668627,498.3322510884225,15960.90394275705,15404.11553929931,15902.447790387732,123836.93123451255,0.0,58.79443561047027,0.0,0.0,0.0,False,False,False
ablation,tv_dro_energy_1_workload_1,tv_dro,2025-04-01,36,True,True,20,,0.01,0.7,20.0,optimal_decomposed,69.91635179999867,69.91556839999976,0.0,1,2,15462.571691668627,498.3322510884225,15960.90394275705,15086.99753006873,15585.329781157152,123208.51619495664,0.0,64.29413677899532,0.0,0.0,0.0,False,False,False
ablation,tv_dro_energy_1_workload_1,tv_dro,2025-04-01,37,True,True,20,,0.01,0.7,20.0,optimal_decomposed,69.91635179999867,69.91556839999976,0.0,1,2,15462.571691668627,498.3322510884225,15960.90394275705,15239.405378910827,15737.73762999925,130726.8550618491,0.0,45.155980095777196,0.0,0.0,0.0,False,False,False
ablation,tv_dro_energy_1_workload_1,tv_dro,2025-04-01,38,True,True,20,,0.01,0.7,20.0,optimal_decomposed,69.91635179999867,69.91556839999976,0.0,1,2,15462.571691668627,498.3322510884225,15960.90394275705,15426.174669973338,15924.50692106176,131429.55541581067,0.0,50.92643032161276,0.0,0.0,0.0,False,False,False
ablation,tv_dro_energy_1_workload_1,tv_dro,2025-04-01,39,True,True,20,,0.01,0.7,20.0,optimal_decomposed,69.91635179999867,69.91556839999976,0.0,1,2,15462.571691668627,498.3322510884225,15960.90394275705,15879.304492036897,16377.63674312532,141941.55999789576,0.0,47.78808504484197,0.0,0.0,0.0,False,False,False
ablation,tv_dro_energy_1_workload_1,tv_dro,2025-04-01,40,True,True,20,,0.01,0.7,20.0,optimal_decomposed,69.91635179999867,69.91556839999976,0.0,1,2,15462.571691668627,498.3322510884225,15960.90394275705,15885.620151882798,16383.952402971221,141194.56533886658,0.0,48.94821409274207,0.0,0.0,0.0,False,False,False
ablation,tv_dro_energy_1_workload_1,tv_dro,2025-04-01,41,True,True,20,,0.01,0.7,20.0,optimal_decomposed,69.91635179999867,69.91556839999976,0.0,1,2,15462.571691668627,498.3322510884225,15960.90394275705,16095.358624352612,16593.690875441032,137757.6933911328,0.40974411614184,46.012914660924096,0.0,0.0,0.0,False,False,False
ablation,tv_dro_energy_1_workload_1,tv_dro,2025-04-01,42,True,True,20,,0.01,0.7,20.0,optimal_decomposed,69.91635179999867,69.91556839999976,0.0,1,2,15462.571691668627,498.3322510884225,15960.90394275705,15625.828520359915,16124.160771448338,137863.01191372512,0.16541935761334697,60.97541993023884,0.0,0.0,0.0,False,False,False
ablation,tv_dro_energy_1_workload_1,tv_dro,2025-04-01,43,True,True,20,,0.01,0.7,20.0,optimal_decomposed,69.91635179999867,69.91556839999976,0.0,1,2,15462.571691668627,498.3322510884225,15960.90394275705,14991.833527611358,15490.16577869978,120484.0963901486,0.40552579944603495,54.6463859772132,0.0,0.0,0.0,False,False,False
ablation,tv_dro_energy_1_workload_1,tv_dro,2025-04-01,44,True,True,20,,0.01,0.7,20.0,optimal_decomposed,69.91635179999867,69.91556839999976,0.0,1,2,15462.571691668627,498.3322510884225,15960.90394275705,15511.907772974579,16010.240024063001,126262.11893814891,0.21118655196571479,54.90288861469425,0.0,0.0,0.0,False,False,False
ablation,tv_dro_energy_1_workload_1,tv_dro,2025-04-01,45,True,True,20,,0.01,0.7,20.0,optimal_decomposed,69.91635179999867,69.91556839999976,0.0,1,2,15462.571691668627,498.3322510884225,15960.90394275705,16246.38166948822,16744.713920576643,142368.69901570308,0.1526145748679526,57.477414140874295,0.0,0.0,0.0,False,False,False
ablation,tv_dro_energy_1_workload_1,tv_dro,2025-04-01,46,True,True,20,,0.01,0.7,20.0,optimal_decomposed,69.91635179999867,69.91556839999976,0.0,1,2,15462.571691668627,498.3322510884225,15960.90394275705,15655.87929807469,16154.211549163112,135142.37456024266,0.5565381923972567,54.73468649990838,0.0,0.0,0.0,False,False,False
ablation,tv_dro_energy_1_workload_1,tv_dro,2025-04-01,47,True,True,20,,0.01,0.7,20.0,optimal_decomposed,69.91635179999867,69.91556839999976,0.0,1,2,15462.571691668627,498.3322510884225,15960.90394275705,15885.744251924747,16384.07650301317,142025.03687373374,0.20245962445366628,53.166418185839255,0.0,0.0,0.0,False,False,False
ablation,tv_dro_energy_1_workload_1,tv_dro,2025-04-01,48,True,True,20,,0.01,0.7,20.0,optimal_decomposed,69.91635179999867,69.91556839999976,0.0,1,2,15462.571691668627,498.3322510884225,15960.90394275705,16470.706545938003,16969.038797026424,149850.7960473082,0.0,49.093731746141906,0.0,0.0,0.0,False,False,False
ablation,tv_dro_energy_1_workload_1,tv_dro,2025-04-01,49,True,True,20,,0.01,0.7,20.0,optimal_decomposed,69.91635179999867,69.91556839999976,0.0,1,2,15462.571691668627,498.3322510884225,15960.90394275705,16116.717080025323,16615.049331113743,145858.5772824027,0.1782045498700895,60.2652864162755,0.0,0.0,0.0,False,False,False
ablation,tv_dro_energy_1_workload_1,tv_dro,2025-04-01,50,True,True,20,,0.01,0.7,20.0,optimal_decomposed,69.91635179999867,69.91556839999976,0.0,1,2,15462.571691668627,498.3322510884225,15960.90394275705,15315.44070308669,15813.772954175112,135498.12910102573,0.0,56.550236419102845,0.0,0.0,0.0,False,False,False
ablation,tv_dro_energy_1_workload_1,tv_dro,2025-04-01,51,True,True,20,,0.01,0.7,20.0,optimal_decomposed,69.91635179999867,69.91556839999976,0.0,1,2,15462.571691668627,498.3322510884225,15960.90394275705,15101.084624245403,15599.416875333825,126647.54635900115,0.021790972641643425,52.221474129456396,0.0,0.0,0.0,False,False,False
ablation,tv_dro_energy_1_workload_1,tv_dro,2025-04-01,52,True,True,20,,0.01,0.7,20.0,optimal_decomposed,69.91635179999867,69.91556839999976,0.0,1,2,15462.571691668627,498.3322510884225,15960.90394275705,16240.2699730025,16738.602224090922,144961.17136562956,0.32051681140728894,57.52426550861555,0.0,0.0,0.0,False,False,False
ablation,tv_dro_energy_1_workload_1,tv_dro,2025-04-01,53,True,True,20,,0.01,0.7,20.0,optimal_decomposed,69.91635179999867,69.91556839999976,0.0,1,2,15462.571691668627,498.3322510884225,15960.90394275705,15618.772761399026,16117.10501248745,130565.09379144094,0.0,47.724054814413336,0.0,0.0,0.0,False,False,False
ablation,tv_dro_energy_1_workload_1,tv_dro,2025-04-01,54,True,True,20,,0.01,0.7,20.0,optimal_decomposed,69.91635179999867,69.91556839999976,0.0,1,2,15462.571691668627,498.3322510884225,15960.90394275705,16315.744768768353,16814.077019856773,144523.92594848046,0.0,51.69124043164195,0.0,0.0,0.0,False,False,False
ablation,tv_dro_energy_1_workload_1,tv_dro,2025-04-01,55,True,True,20,,0.01,0.7,20.0,optimal_decomposed,69.91635179999867,69.91556839999976,0.0,1,2,15462.571691668627,498.3322510884225,15960.90394275705,15522.161049260008,16020.493300348431,132169.9832915914,0.0,56.05943504006671,0.0,0.0,0.0,False,False,False
ablation,tv_dro_energy_1_workload_1,tv_dro,2025-04-01,56,True,True,20,,0.01,0.7,20.0,optimal_decomposed,69.91635179999867,69.91556839999976,0.0,1,2,15462.571691668627,498.3322510884225,15960.90394275705,15804.233622296648,16302.56587338507,137355.14897327425,0.0,40.80179538192506,0.0,0.0,0.0,False,False,False
ablation,tv_dro_energy_1_workload_1,tv_dro,2025-04-01,57,True,True,20,,0.01,0.7,20.0,optimal_decomposed,69.91635179999867,69.91556839999976,0.0,1,2,15462.571691668627,498.3322510884225,15960.90394275705,15436.529092485902,15934.861343574325,131428.40765488855,0.2511639840525328,52.312298917715516,0.0,0.0,0.0,False,False,False
ablation,tv_dro_energy_1_workload_1,tv_dro,2025-04-01,58,True,True,20,,0.01,0.7,20.0,optimal_decomposed,69.91635179999867,69.91556839999976,0.0,1,2,15462.571691668627,498.3322510884225,15960.90394275705,16537.36543664176,17035.697687730182,150023.82067412577,0.0,61.3659061864645,0.0,0.0,0.0,False,False,False
ablation,tv_dro_energy_1_workload_1,tv_dro,2025-04-01,59,True,True,20,,0.01,0.7,20.0,optimal_decomposed,69.91635179999867,69.91556839999976,0.0,1,2,15462.571691668627,498.3322510884225,15960.90394275705,16427.142524943138,16925.47477603156,150046.59240984527,0.0,54.36344193737873,0.0,0.0,0.0,False,False,False
ablation,tv_dro_energy_1_workload_1,tv_dro,2025-04-01,60,True,True,20,,0.01,0.7,20.0,optimal_decomposed,69.91635179999867,69.91556839999976,0.0,1,2,15462.571691668627,498.3322510884225,15960.90394275705,15780.298367343425,16278.630618431847,140086.8269155237,0.09663663546114343,56.32788795176112,0.0,0.0,0.0,False,False,False
ablation,tv_dro_energy_1_workload_1,tv_dro,2025-04-01,61,True,True,20,,0.01,0.7,20.0,optimal_decomposed,69.91635179999867,69.91556839999976,0.0,1,2,15462.571691668627,498.3322510884225,15960.90394275705,15738.836467737474,16237.168718825897,137458.48304609171,0.0,44.85592005900934,0.0,0.0,0.0,False,False,False
ablation,tv_dro_energy_1_workload_1,tv_dro,2025-04-01,62,True,True,20,,0.01,0.7,20.0,optimal_decomposed,69.91635179999867,69.91556839999976,0.0,1,2,15462.571691668627,498.3322510884225,15960.90394275705,15094.998366951779,15593.330618040201,123344.78161428576,0.0,57.29991646536848,0.0,0.0,0.0,False,False,False
ablation,tv_dro_energy_1_workload_1,tv_dro,2025-04-01,63,True,True,20,,0.01,0.7,20.0,optimal_decomposed,69.91635179999867,69.91556839999976,0.0,1,2,15462.571691668627,498.3322510884225,15960.90394275705,15755.934154051838,16254.26640514026,130596.06741391812,0.0,62.842558486258234,0.0,0.0,0.0,False,False,False
ablation,tv_dro_energy_1_workload_1,tv_dro,2025-04-01,64,True,True,20,,0.01,0.7,20.0,optimal_decomposed,69.91635179999867,69.91556839999976,0.0,1,2,15462.571691668627,498.3322510884225,15960.90394275705,15378.513025332062,15876.845276420485,122441.41303631435,0.23346989163997023,50.337743300983014,0.0,0.0,0.0,False,False,False
ablation,tv_dro_energy_1_workload_1,tv_dro,2025-04-01,65,True,True,20,,0.01,0.7,20.0,optimal_decomposed,69.91635179999867,69.91556839999976,0.0,1,2,15462.571691668627,498.3322510884225,15960.90394275705,15995.251490331664,16493.583741420087,134580.33920681087,0.0,59.120384431563146,0.0,0.0,0.0,False,False,False
ablation,tv_dro_energy_1_workload_1,tv_dro,2025-04-01,66,True,True,20,,0.01,0.7,20.0,optimal_decomposed,69.91635179999867,69.91556839999976,0.0,1,2,15462.571691668627,498.3322510884225,15960.90394275705,15921.48030672515,16419.812557813573,139241.29445270257,0.0,61.36219833865017,0.0,0.0,0.0,False,False,False
ablation,tv_dro_energy_1_workload_1,tv_dro,2025-04-01,67,True,True,20,,0.01,0.7,20.0,optimal_decomposed,69.91635179999867,69.91556839999976,0.0,1,2,15462.571691668627,498.3322510884225,15960.90394275705,14753.080395450877,15251.4126465393,119579.66242650175,0.0,57.730418160662765,0.0,0.0,0.0,False,False,False
ablation,tv_dro_energy_1_workload_1,tv_dro,2025-04-01,68,True,True,20,,0.01,0.7,20.0,optimal_decomposed,69.91635179999867,69.91556839999976,0.0,1,2,15462.571691668627,498.3322510884225,15960.90394275705,16716.355380771754,17214.687631860175,157563.32447069572,0.017277905163955998,54.672180324776946,0.0,0.0,0.0,False,False,False
ablation,tv_dro_energy_1_workload_1,tv_dro,2025-04-01,69,True,True,20,,0.01,0.7,20.0,optimal_decomposed,69.91635179999867,69.91556839999976,0.0,1,2,15462.571691668627,498.3322510884225,15960.90394275705,16930.87349187666,17429.20574296508,152343.9755081061,0.07724978725300907,57.449547582120395,0.0,0.0,0.0,False,False,False
ablation,tv_dro_energy_1_workload_1,tv_dro,2025-04-01,70,True,True,20,,0.01,0.7,20.0,optimal_decomposed,69.91635179999867,69.91556839999976,0.0,1,2,15462.571691668627,498.3322510884225,15960.90394275705,16065.166586955509,16563.49883804393,145419.0197028762,0.029272857390598095,62.00251036645449,0.0,0.0,0.0,False,False,False
ablation,tv_dro_energy_1_workload_1,tv_dro,2025-04-01,71,True,True,20,,0.01,0.7,20.0,optimal_decomposed,69.91635179999867,69.91556839999976,0.0,1,2,15462.571691668627,498.3322510884225,15960.90394275705,14998.083028974344,15496.415280062767,129246.7257757984,0.11324778087471876,59.962611714874846,0.0,0.0,0.0,False,False,False
ablation,tv_dro_energy_1_workload_1,tv_dro,2025-04-01,72,True,True,20,,0.01,0.7,20.0,optimal_decomposed,69.91635179999867,69.91556839999976,0.0,1,2,15462.571691668627,498.3322510884225,15960.90394275705,15508.214448060391,16006.546699148814,129483.7690404491,0.043013944727584796,60.714680784044084,0.0,0.0,0.0,False,False,False
ablation,tv_dro_energy_1_workload_1,tv_dro,2025-04-01,73,True,True,20,,0.01,0.7,20.0,optimal_decomposed,69.91635179999867,69.91556839999976,0.0,1,2,15462.571691668627,498.3322510884225,15960.90394275705,15648.322650108266,16146.654901196689,130399.32931079066,0.0,52.37575171722433,0.0,0.0,0.0,False,False,False
ablation,tv_dro_energy_1_workload_1,tv_dro,2025-04-01,74,True,True,20,,0.01,0.7,20.0,optimal_decomposed,69.91635179999867,69.91556839999976,0.0,1,2,15462.571691668627,498.3322510884225,15960.90394275705,15353.152842672946,15851.485093761368,121335.55596884865,0.09269872859022721,54.88343690248168,0.0,0.0,0.0,False,False,False
ablation,tv_dro_energy_1_workload_1,tv_dro,2025-04-01,75,True,True,20,,0.01,0.7,20.0,optimal_decomposed,69.91635179999867,69.91556839999976,0.0,1,2,15462.571691668627,498.3322510884225,15960.90394275705,15891.874545694847,16390.20679678327,136012.27126329413,0.06707832122676963,49.659408577937135,0.0,0.0,0.0,False,False,False
ablation,tv_dro_energy_1_workload_1,tv_dro,2025-04-01,76,True,True,20,,0.01,0.7,20.0,optimal_decomposed,69.91635179999867,69.91556839999976,0.0,1,2,15462.571691668627,498.3322510884225,15960.90394275705,16410.078293132166,16908.410544220587,153403.3883891416,0.0,53.43217423014247,0.0,0.0,0.0,False,False,False
ablation,tv_dro_energy_1_workload_1,tv_dro,2025-04-01,77,True,True,20,,0.01,0.7,20.0,optimal_decomposed,69.91635179999867,69.91556839999976,0.0,1,2,15462.571691668627,498.3322510884225,15960.90394275705,14919.296046606765,15417.628297695188,121542.60534422444,0.08897348996871624,48.77739601178835,0.0,0.0,0.0,False,False,False
ablation,tv_dro_energy_1_workload_1,tv_dro,2025-04-01,78,True,True,20,,0.01,0.7,20.0,optimal_decomposed,69.91635179999867,69.91556839999976,0.0,1,2,15462.571691668627,498.3322510884225,15960.90394275705,15439.909882416658,15938.24213350508,126370.64701525975,0.7724226530890583,54.456725645317775,0.0,0.0,0.0,False,False,False
ablation,tv_dro_energy_1_workload_1,tv_dro,2025-04-01,79,True,True,20,,0.01,0.7,20.0,optimal_decomposed,69.91635179999867,69.91556839999976,0.0,1,2,15462.571691668627,498.3322510884225,15960.90394275705,16157.628700557301,16655.960951645724,144868.86434428513,0.0,49.90080285973883,0.0,0.0,0.0,False,False,False
ablation,tv_dro_energy_1_workload_1,tv_dro,2025-04-01,80,True,True,20,,0.01,0.7,20.0,optimal_decomposed,69.91635179999867,69.91556839999976,0.0,1,2,15462.571691668627,498.3322510884225,15960.90394275705,16296.13961904725,16794.471870135672,145569.93389202192,0.0,48.79729472191089,0.0,0.0,0.0,False,False,False
ablation,tv_dro_energy_1_workload_1,tv_dro,2025-04-01,81,True,True,20,,0.01,0.7,20.0,optimal_decomposed,69.91635179999867,69.91556839999976,0.0,1,2,15462.571691668627,498.3322510884225,15960.90394275705,15702.248637583642,16200.580888672064,131344.87604091965,0.0,59.838518730139434,0.0,0.0,0.0,False,False,False
ablation,tv_dro_energy_1_workload_1,tv_dro,2025-04-01,82,True,True,20,,0.01,0.7,20.0,optimal_decomposed,69.91635179999867,69.91556839999976,0.0,1,2,15462.571691668627,498.3322510884225,15960.90394275705,15361.351626057418,15859.68387714584,130506.7789595045,0.0,47.96074269747309,0.0,0.0,0.0,False,False,False
ablation,tv_dro_energy_1_workload_1,tv_dro,2025-04-01,83,True,True,20,,0.01,0.7,20.0,optimal_decomposed,69.91635179999867,69.91556839999976,0.0,1,2,15462.571691668627,498.3322510884225,15960.90394275705,16232.639145517023,16730.971396605444,149075.47607329694,0.0,47.74112260661511,0.0,0.03331793582856557,0.0,False,True,False
ablation,tv_dro_energy_1_workload_1,tv_dro,2025-04-01,84,True,True,20,,0.01,0.7,20.0,optimal_decomposed,69.91635179999867,69.91556839999976,0.0,1,2,15462.571691668627,498.3322510884225,15960.90394275705,16327.116735843734,16825.448986932155,148137.10514104355,0.19813330840373683,49.76305504900899,0.0,0.0,0.0,False,False,False
ablation,tv_dro_energy_1_workload_1,tv_dro,2025-04-01,85,True,True,20,,0.01,0.7,20.0,optimal_decomposed,69.91635179999867,69.91556839999976,0.0,1,2,15462.571691668627,498.3322510884225,15960.90394275705,16034.104294159215,16532.436545247638,136839.29565584217,0.0,64.32355751259566,0.0,0.0,0.0,False,False,False
ablation,tv_dro_energy_1_workload_1,tv_dro,2025-04-01,86,True,True,20,,0.01,0.7,20.0,optimal_decomposed,69.91635179999867,69.91556839999976,0.0,1,2,15462.571691668627,498.3322510884225,15960.90394275705,15877.822097321816,16376.154348410239,137937.16583463727,0.0,46.20182205434039,0.0,0.0,0.0,False,False,False
ablation,tv_dro_energy_1_workload_1,tv_dro,2025-04-01,87,True,True,20,,0.01,0.7,20.0,optimal_decomposed,69.91635179999867,69.91556839999976,0.0,1,2,15462.571691668627,498.3322510884225,15960.90394275705,14774.29825638216,15272.630507470583,118952.05803467524,0.17690350174750663,50.48348873411919,0.0,0.0,0.0,False,False,False
ablation,tv_dro_energy_1_workload_1,tv_dro,2025-04-01,88,True,True,20,,0.01,0.7,20.0,optimal_decomposed,69.91635179999867,69.91556839999976,0.0,1,2,15462.571691668627,498.3322510884225,15960.90394275705,15193.355279155092,15691.687530243515,121082.86772626115,0.07657055370938459,63.08613078425569,0.0,0.052034770468540215,0.0,False,True,False
ablation,tv_dro_energy_1_workload_1,tv_dro,2025-04-01,89,True,True,20,,0.01,0.7,20.0,optimal_decomposed,69.91635179999867,69.91556839999976,0.0,1,2,15462.571691668627,498.3322510884225,15960.90394275705,16010.752481033365,16509.084732121788,136152.05468779785,0.0,52.04417092747134,0.0,0.0,0.0,False,False,False
ablation,tv_dro_energy_1_workload_1,tv_dro,2025-04-01,90,True,True,20,,0.01,0.7,20.0,optimal_decomposed,69.91635179999867,69.91556839999976,0.0,1,2,15462.571691668627,498.3322510884225,15960.90394275705,15691.689897585315,16190.022148673737,131287.47060219393,0.42234575751437226,59.312532937454044,0.0,0.0,0.0,False,False,False
ablation,tv_dro_energy_1_workload_1,tv_dro,2025-04-01,91,True,True,20,,0.01,0.7,20.0,optimal_decomposed,69.91635179999867,69.91556839999976,0.0,1,2,15462.571691668627,498.3322510884225,15960.90394275705,14833.687798244748,15332.02004933317,113207.4809484024,0.0,54.518859583782586,0.0,0.0,0.0,False,False,False
ablation,tv_dro_energy_1_workload_1,tv_dro,2025-04-01,92,True,True,20,,0.01,0.7,20.0,optimal_decomposed,69.91635179999867,69.91556839999976,0.0,1,2,15462.571691668627,498.3322510884225,15960.90394275705,15298.473440358253,15796.805691446676,124976.963773931,0.0,44.17351818791746,0.0,0.0,0.0,False,False,False
ablation,tv_dro_energy_1_workload_1,tv_dro,2025-04-01,93,True,True,20,,0.01,0.7,20.0,optimal_decomposed,69.91635179999867,69.91556839999976,0.0,1,2,15462.571691668627,498.3322510884225,15960.90394275705,15384.544388739285,15882.876639827708,135486.87356942138,0.0,53.89948868366854,0.0,0.0,0.0,False,False,False
ablation,tv_dro_energy_1_workload_1,tv_dro,2025-04-01,94,True,True,20,,0.01,0.7,20.0,optimal_decomposed,69.91635179999867,69.91556839999976,0.0,1,2,15462.571691668627,498.3322510884225,15960.90394275705,15313.299896274306,15811.632147362729,127216.91324416419,0.0,49.61261213173686,0.0,0.0,0.0,False,False,False
ablation,tv_dro_energy_1_workload_1,tv_dro,2025-04-01,95,True,True,20,,0.01,0.7,20.0,optimal_decomposed,69.91635179999867,69.91556839999976,0.0,1,2,15462.571691668627,498.3322510884225,15960.90394275705,15081.172207116158,15579.504458204581,124145.58014157203,0.0,55.677054709273754,0.0,0.0,0.0,False,False,False
ablation,tv_dro_energy_1_workload_1,tv_dro,2025-04-01,96,True,True,20,,0.01,0.7,20.0,optimal_decomposed,69.91635179999867,69.91556839999976,0.0,1,2,15462.571691668627,498.3322510884225,15960.90394275705,15195.096459650153,15693.428710738575,130617.9458385347,0.0,55.1968064871979,0.0,0.0,0.0,False,False,False
ablation,tv_dro_energy_1_workload_1,tv_dro,2025-04-01,97,True,True,20,,0.01,0.7,20.0,optimal_decomposed,69.91635179999867,69.91556839999976,0.0,1,2,15462.571691668627,498.3322510884225,15960.90394275705,15385.609047394995,15883.941298483418,128015.32531446965,0.0,55.49240331231658,0.0,0.0,0.0,False,False,False
ablation,tv_dro_energy_1_workload_1,tv_dro,2025-04-01,98,True,True,20,,0.01,0.7,20.0,optimal_decomposed,69.91635179999867,69.91556839999976,0.0,1,2,15462.571691668627,498.3322510884225,15960.90394275705,15493.929973202634,15992.262224291057,128961.66141930154,0.007569312128888672,44.80117680691458,0.0,0.0,0.0,False,False,False
ablation,tv_dro_energy_1_workload_1,tv_dro,2025-04-01,99,True,True,20,,0.01,0.7,20.0,optimal_decomposed,69.91635179999867,69.91556839999976,0.0,1,2,15462.571691668627,498.3322510884225,15960.90394275705,15122.440469823852,15620.772720912275,124982.18561232644,0.0,56.16175483408135,0.0,0.0,0.0,False,False,False
ablation,tv_dro_energy_1_workload_1,tv_dro,2025-07-01,0,True,True,20,,0.01,0.7,20.0,optimal_decomposed,71.00332069999422,71.00256370000716,0.0,1,2,15865.460962360698,295.2709491819056,16160.731911542603,14977.772434409724,15273.04338359163,151720.94800901075,0.0,60.49495741626871,0.0,0.0,0.0,False,False,False
ablation,tv_dro_energy_1_workload_1,tv_dro,2025-07-01,1,True,True,20,,0.01,0.7,20.0,optimal_decomposed,71.00332069999422,71.00256370000716,0.0,1,2,15865.460962360698,295.2709491819056,16160.731911542603,16270.39115667213,16565.662105854037,168641.9319660878,0.0,67.77123938720369,0.0,0.0,0.0,False,False,False
ablation,tv_dro_energy_1_workload_1,tv_dro,2025-07-01,2,True,True,20,,0.01,0.7,20.0,optimal_decomposed,71.00332069999422,71.00256370000716,0.0,1,2,15865.460962360698,295.2709491819056,16160.731911542603,15551.97999766245,15847.250946844357,161504.61027354136,0.0,53.60749029275318,0.0,0.0,0.0,False,False,False
ablation,tv_dro_energy_1_workload_1,tv_dro,2025-07-01,3,True,True,20,,0.01,0.7,20.0,optimal_decomposed,71.00332069999422,71.00256370000716,0.0,1,2,15865.460962360698,295.2709491819056,16160.731911542603,15973.880598206119,16269.151547388024,169094.4549624275,0.0,61.26088746905035,0.0,0.0,0.0,False,False,False
ablation,tv_dro_energy_1_workload_1,tv_dro,2025-07-01,4,True,True,20,,0.01,0.7,20.0,optimal_decomposed,71.00332069999422,71.00256370000716,0.0,1,2,15865.460962360698,295.2709491819056,16160.731911542603,15697.51699656874,15992.787945750646,167411.44684014513,0.0,54.14469374279928,0.0,0.0,0.0,False,False,False
ablation,tv_dro_energy_1_workload_1,tv_dro,2025-07-01,5,True,True,20,,0.01,0.7,20.0,optimal_decomposed,71.00332069999422,71.00256370000716,0.0,1,2,15865.460962360698,295.2709491819056,16160.731911542603,16197.181237477742,16492.452186659648,179987.25804983536,0.0,60.51496842415225,0.0,0.0,0.0,False,False,False
ablation,tv_dro_energy_1_workload_1,tv_dro,2025-07-01,6,True,True,20,,0.01,0.7,20.0,optimal_decomposed,71.00332069999422,71.00256370000716,0.0,1,2,15865.460962360698,295.2709491819056,16160.731911542603,16618.762377264553,16914.033326446457,172660.0760111539,0.0,58.136654404835184,0.0,0.0,0.0,False,False,False
ablation,tv_dro_energy_1_workload_1,tv_dro,2025-07-01,7,True,True,20,,0.01,0.7,20.0,optimal_decomposed,71.00332069999422,71.00256370000716,0.0,1,2,15865.460962360698,295.2709491819056,16160.731911542603,15872.833434138985,16168.104383320891,156549.5977674577,0.0,57.191815212443885,0.0,0.0,0.0,False,False,False
ablation,tv_dro_energy_1_workload_1,tv_dro,2025-07-01,8,True,True,20,,0.01,0.7,20.0,optimal_decomposed,71.00332069999422,71.00256370000716,0.0,1,2,15865.460962360698,295.2709491819056,16160.731911542603,15991.795365197657,16287.066314379563,169753.42254184894,0.0255647053036957,58.81788173478652,0.0,0.0,0.0,False,False,False
ablation,tv_dro_energy_1_workload_1,tv_dro,2025-07-01,9,True,True,20,,0.01,0.7,20.0,optimal_decomposed,71.00332069999422,71.00256370000716,0.0,1,2,15865.460962360698,295.2709491819056,16160.731911542603,16330.411630308181,16625.682579490087,172662.17851260453,0.0,66.69035196115604,0.0,0.0,0.0,False,False,False
ablation,tv_dro_energy_1_workload_1,tv_dro,2025-07-01,10,True,True,20,,0.01,0.7,20.0,optimal_decomposed,71.00332069999422,71.00256370000716,0.0,1,2,15865.460962360698,295.2709491819056,16160.731911542603,15810.911196206865,16106.182145388771,163159.1616874069,0.0,57.242513134466016,0.0,0.0,0.0,False,False,False
ablation,tv_dro_energy_1_workload_1,tv_dro,2025-07-01,11,True,True,20,,0.01,0.7,20.0,optimal_decomposed,71.00332069999422,71.00256370000716,0.0,1,2,15865.460962360698,295.2709491819056,16160.731911542603,15904.395332187465,16199.666281369371,162623.19569233488,0.0,52.99073104027634,0.0,0.0,0.0,False,False,False
ablation,tv_dro_energy_1_workload_1,tv_dro,2025-07-01,12,True,True,20,,0.01,0.7,20.0,optimal_decomposed,71.00332069999422,71.00256370000716,0.0,1,2,15865.460962360698,295.2709491819056,16160.731911542603,16249.542376343079,16544.813325524985,175744.745881227,0.0,55.243665229714935,0.0,0.0,0.0,False,False,False
ablation,tv_dro_energy_1_workload_1,tv_dro,2025-07-01,13,True,True,20,,0.01,0.7,20.0,optimal_decomposed,71.00332069999422,71.00256370000716,0.0,1,2,15865.460962360698,295.2709491819056,16160.731911542603,16556.163901095755,16851.43485027766,176834.13853201756,0.0,61.936280307326314,0.0,0.0,0.0,False,False,False
ablation,tv_dro_energy_1_workload_1,tv_dro,2025-07-01,14,True,True,20,,0.01,0.7,20.0,optimal_decomposed,71.00332069999422,71.00256370000716,0.0,1,2,15865.460962360698,295.2709491819056,16160.731911542603,15614.801432042022,15910.072381223928,158824.44029188863,0.0,57.84210221677507,0.0,0.0,0.0,False,False,False
ablation,tv_dro_energy_1_workload_1,tv_dro,2025-07-01,15,True,True,20,,0.01,0.7,20.0,optimal_decomposed,71.00332069999422,71.00256370000716,0.0,1,2,15865.460962360698,295.2709491819056,16160.731911542603,15383.905984316058,15679.176933497964,154514.82516791602,0.0,52.28880179476168,0.0,0.0,0.0,False,False,False
ablation,tv_dro_energy_1_workload_1,tv_dro,2025-07-01,16,True,True,20,,0.01,0.7,20.0,optimal_decomposed,71.00332069999422,71.00256370000716,0.0,1,2,15865.460962360698,295.2709491819056,16160.731911542603,15308.856471371,15604.127420552906,151673.6879737104,0.0,54.189524327912686,0.0,0.0,0.0,False,False,False
ablation,tv_dro_energy_1_workload_1,tv_dro,2025-07-01,17,True,True,20,,0.01,0.7,20.0,optimal_decomposed,71.00332069999422,71.00256370000716,0.0,1,2,15865.460962360698,295.2709491819056,16160.731911542603,16037.586159241233,16332.857108423139,157775.02102295661,0.0,65.90977738216748,0.0,0.0,0.0,False,False,False
ablation,tv_dro_energy_1_workload_1,tv_dro,2025-07-01,18,True,True,20,,0.01,0.7,20.0,optimal_decomposed,71.00332069999422,71.00256370000716,0.0,1,2,15865.460962360698,295.2709491819056,16160.731911542603,16529.787918099475,16825.05886728138,168235.9875571093,0.0,60.76918281672352,0.0,0.0,0.0,False,False,False
ablation,tv_dro_energy_1_workload_1,tv_dro,2025-07-01,19,True,True,20,,0.01,0.7,20.0,optimal_decomposed,71.00332069999422,71.00256370000716,0.0,1,2,15865.460962360698,295.2709491819056,16160.731911542603,15710.16457953275,16005.435528714655,168108.97094155237,0.0,57.39408985434402,0.0,0.0,0.0,False,False,False
ablation,tv_dro_energy_1_workload_1,tv_dro,2025-07-01,20,True,True,20,,0.01,0.7,20.0,optimal_decomposed,71.00332069999422,71.00256370000716,0.0,1,2,15865.460962360698,295.2709491819056,16160.731911542603,16494.239800300362,16789.510749482266,173475.8932371029,0.0,53.804533169668474,0.0,0.0,0.0,False,False,False
ablation,tv_dro_energy_1_workload_1,tv_dro,2025-07-01,21,True,True,20,,0.01,0.7,20.0,optimal_decomposed,71.00332069999422,71.00256370000716,0.0,1,2,15865.460962360698,295.2709491819056,16160.731911542603,15788.113959118064,16083.38490829997,155897.42905901882,0.01656327298464927,52.225921574098564,0.0,0.0,0.0,False,False,False
ablation,tv_dro_energy_1_workload_1,tv_dro,2025-07-01,22,True,True,20,,0.01,0.7,20.0,optimal_decomposed,71.00332069999422,71.00256370000716,0.0,1,2,15865.460962360698,295.2709491819056,16160.731911542603,16251.642721676093,16546.913670857997,170059.89287084065,0.0,56.85186202115393,0.0,0.0,0.0,False,False,False
ablation,tv_dro_energy_1_workload_1,tv_dro,2025-07-01,23,True,True,20,,0.01,0.7,20.0,optimal_decomposed,71.00332069999422,71.00256370000716,0.0,1,2,15865.460962360698,295.2709491819056,16160.731911542603,16060.24748897927,16355.518438161176,169380.1976521019,0.0,58.14738225777832,0.0,0.0,0.0,False,False,False
ablation,tv_dro_energy_1_workload_1,tv_dro,2025-07-01,24,True,True,20,,0.01,0.7,20.0,optimal_decomposed,71.00332069999422,71.00256370000716,0.0,1,2,15865.460962360698,295.2709491819056,16160.731911542603,16042.64392416876,16337.914873350666,160483.00106438188,0.0,66.78782436450469,0.0,0.0,0.0,False,False,False
ablation,tv_dro_energy_1_workload_1,tv_dro,2025-07-01,25,True,True,20,,0.01,0.7,20.0,optimal_decomposed,71.00332069999422,71.00256370000716,0.0,1,2,15865.460962360698,295.2709491819056,16160.731911542603,17574.973171450714,17870.24412063262,199070.67407855447,0.0,53.52611193046566,0.0,0.0,0.0,False,False,False
ablation,tv_dro_energy_1_workload_1,tv_dro,2025-07-01,26,True,True,20,,0.01,0.7,20.0,optimal_decomposed,71.00332069999422,71.00256370000716,0.0,1,2,15865.460962360698,295.2709491819056,16160.731911542603,15827.982004960393,16123.2529541423,166527.13275838908,0.0,65.6872972566929,0.0,0.0,0.0,False,False,False
ablation,tv_dro_energy_1_workload_1,tv_dro,2025-07-01,27,True,True,20,,0.01,0.7,20.0,optimal_decomposed,71.00332069999422,71.00256370000716,0.0,1,2,15865.460962360698,295.2709491819056,16160.731911542603,15185.664809879207,15480.935759061113,151326.97950346032,0.0,64.147994210687,0.0,0.0,0.0,False,False,False
ablation,tv_dro_energy_1_workload_1,tv_dro,2025-07-01,28,True,True,20,,0.01,0.7,20.0,optimal_decomposed,71.00332069999422,71.00256370000716,0.0,1,2,15865.460962360698,295.2709491819056,16160.731911542603,16120.1701679114,16415.441117093305,166112.08815967824,0.0,50.16836787385929,0.0,0.0,0.0,False,False,False
ablation,tv_dro_energy_1_workload_1,tv_dro,2025-07-01,29,True,True,20,,0.01,0.7,20.0,optimal_decomposed,71.00332069999422,71.00256370000716,0.0,1,2,15865.460962360698,295.2709491819056,16160.731911542603,16152.771216314066,16448.042165495972,175700.46410501585,0.0,48.74050031082366,0.0,0.0,0.0,False,False,False
ablation,tv_dro_energy_1_workload_1,tv_dro,2025-07-01,30,True,True,20,,0.01,0.7,20.0,optimal_decomposed,71.00332069999422,71.00256370000716,0.0,1,2,15865.460962360698,295.2709491819056,16160.731911542603,15409.244773707676,15704.515722889582,145368.130608835,0.0,53.58504883063086,0.0,0.0,0.0,False,False,False
ablation,tv_dro_energy_1_workload_1,tv_dro,2025-07-01,31,True,True,20,,0.01,0.7,20.0,optimal_decomposed,71.00332069999422,71.00256370000716,0.0,1,2,15865.460962360698,295.2709491819056,16160.731911542603,16542.47526413085,16837.746213312756,183214.6684621885,0.0,56.85511011395985,0.0,0.0,0.0,False,False,False
ablation,tv_dro_energy_1_workload_1,tv_dro,2025-07-01,32,True,True,20,,0.01,0.7,20.0,optimal_decomposed,71.00332069999422,71.00256370000716,0.0,1,2,15865.460962360698,295.2709491819056,16160.731911542603,15667.604879197223,15962.875828379129,163963.7286380989,0.0,63.29665736183381,0.0,0.0,0.0,False,False,False
ablation,tv_dro_energy_1_workload_1,tv_dro,2025-07-01,33,True,True,20,,0.01,0.7,20.0,optimal_decomposed,71.00332069999422,71.00256370000716,0.0,1,2,15865.460962360698,295.2709491819056,16160.731911542603,17082.771342402582,17378.042291584487,198684.9887261473,0.0,72.16160595333524,0.0,0.0,0.0,False,False,False
ablation,tv_dro_energy_1_workload_1,tv_dro,2025-07-01,34,True,True,20,,0.01,0.7,20.0,optimal_decomposed,71.00332069999422,71.00256370000716,0.0,1,2,15865.460962360698,295.2709491819056,16160.731911542603,16453.624848053187,16748.89579723509,173571.53944967716,0.0,62.086266853529054,0.0,0.0,0.0,False,False,False
ablation,tv_dro_energy_1_workload_1,tv_dro,2025-07-01,35,True,True,20,,0.01,0.7,20.0,optimal_decomposed,71.00332069999422,71.00256370000716,0.0,1,2,15865.460962360698,295.2709491819056,16160.731911542603,16033.048354888651,16328.319304070557,155992.6339343517,0.0,60.67181310845647,0.0,0.0,0.0,False,False,False
ablation,tv_dro_energy_1_workload_1,tv_dro,2025-07-01,36,True,True,20,,0.01,0.7,20.0,optimal_decomposed,71.00332069999422,71.00256370000716,0.0,1,2,15865.460962360698,295.2709491819056,16160.731911542603,15374.797232038236,15670.068181220142,155333.2246200043,0.0,66.36453295610782,0.0,0.0,0.0,False,False,False
ablation,tv_dro_energy_1_workload_1,tv_dro,2025-07-01,37,True,True,20,,0.01,0.7,20.0,optimal_decomposed,71.00332069999422,71.00256370000716,0.0,1,2,15865.460962360698,295.2709491819056,16160.731911542603,15652.322780964332,15947.593730146238,163044.82312697754,0.0,46.988822754622404,0.0,0.0,0.0,False,False,False
ablation,tv_dro_energy_1_workload_1,tv_dro,2025-07-01,38,True,True,20,,0.01,0.7,20.0,optimal_decomposed,71.00332069999422,71.00256370000716,0.0,1,2,15865.460962360698,295.2709491819056,16160.731911542603,15806.575249435546,16101.846198617452,165481.5283462914,0.0,51.593057652551735,0.0,0.0,0.0,False,False,False
ablation,tv_dro_energy_1_workload_1,tv_dro,2025-07-01,39,True,True,20,,0.01,0.7,20.0,optimal_decomposed,71.00332069999422,71.00256370000716,0.0,1,2,15865.460962360698,295.2709491819056,16160.731911542603,15989.350623242804,16284.62157242471,175077.08511217078,0.0,50.854485135571466,0.0,0.0,0.0,False,False,False
ablation,tv_dro_energy_1_workload_1,tv_dro,2025-07-01,40,True,True,20,,0.01,0.7,20.0,optimal_decomposed,71.00332069999422,71.00256370000716,0.0,1,2,15865.460962360698,295.2709491819056,16160.731911542603,16354.269083652769,16649.540032834673,176203.8693057448,0.0,48.19699455143796,0.0,0.0,0.0,False,False,False
ablation,tv_dro_energy_1_workload_1,tv_dro,2025-07-01,41,True,True,20,,0.01,0.7,20.0,optimal_decomposed,71.00332069999422,71.00256370000716,0.0,1,2,15865.460962360698,295.2709491819056,16160.731911542603,15972.654428652035,16267.92537783394,171260.03640956225,0.0,43.86574471988994,0.0,0.0,0.0,False,False,False
ablation,tv_dro_energy_1_workload_1,tv_dro,2025-07-01,42,True,True,20,,0.01,0.7,20.0,optimal_decomposed,71.00332069999422,71.00256370000716,0.0,1,2,15865.460962360698,295.2709491819056,16160.731911542603,16389.153474334045,16684.42442351595,170746.68901721435,0.08918469898143094,64.5247760036995,0.0,0.0,0.0,False,False,False
ablation,tv_dro_energy_1_workload_1,tv_dro,2025-07-01,43,True,True,20,,0.01,0.7,20.0,optimal_decomposed,71.00332069999422,71.00256370000716,0.0,1,2,15865.460962360698,295.2709491819056,16160.731911542603,15232.552223529688,15527.823172711594,152498.93150608224,0.0,58.7498013515299,0.0,0.0,0.0,False,False,False
ablation,tv_dro_energy_1_workload_1,tv_dro,2025-07-01,44,True,True,20,,0.01,0.7,20.0,optimal_decomposed,71.00332069999422,71.00256370000716,0.0,1,2,15865.460962360698,295.2709491819056,16160.731911542603,15802.846177181318,16098.117126363224,160312.6492996276,0.0,58.53530300445488,0.0,0.0,0.0,False,False,False
ablation,tv_dro_energy_1_workload_1,tv_dro,2025-07-01,45,True,True,20,,0.01,0.7,20.0,optimal_decomposed,71.00332069999422,71.00256370000716,0.0,1,2,15865.460962360698,295.2709491819056,16160.731911542603,16376.308946393789,16671.579895575695,177242.85933029468,0.0,66.09115805539768,0.0,0.0,0.0,False,False,False
ablation,tv_dro_energy_1_workload_1,tv_dro,2025-07-01,46,True,True,20,,0.01,0.7,20.0,optimal_decomposed,71.00332069999422,71.00256370000716,0.0,1,2,15865.460962360698,295.2709491819056,16160.731911542603,16435.045564452077,16730.31651363398,168752.96825087376,0.0052605814655330985,60.8312896934117,0.0,0.0,0.0,False,False,False
ablation,tv_dro_energy_1_workload_1,tv_dro,2025-07-01,47,True,True,20,,0.01,0.7,20.0,optimal_decomposed,71.00332069999422,71.00256370000716,0.0,1,2,15865.460962360698,295.2709491819056,16160.731911542603,16509.17537921312,16804.446328395024,175481.03802416628,0.0,59.10974290650891,0.0,0.0,0.0,False,False,False
ablation,tv_dro_energy_1_workload_1,tv_dro,2025-07-01,48,True,True,20,,0.01,0.7,20.0,optimal_decomposed,71.00332069999422,71.00256370000716,0.0,1,2,15865.460962360698,295.2709491819056,16160.731911542603,16909.05988837625,17204.330837558155,184270.77692769293,0.0,56.56870229058414,0.0,0.0,0.0,False,False,False
ablation,tv_dro_energy_1_workload_1,tv_dro,2025-07-01,49,True,True,20,,0.01,0.7,20.0,optimal_decomposed,71.00332069999422,71.00256370000716,0.0,1,2,15865.460962360698,295.2709491819056,16160.731911542603,16616.179942387134,16911.45089156904,180511.98058879527,0.0,67.92839032183943,0.0,0.0,0.0,False,False,False
ablation,tv_dro_energy_1_workload_1,tv_dro,2025-07-01,50,True,True,20,,0.01,0.7,20.0,optimal_decomposed,71.00332069999422,71.00256370000716,0.0,1,2,15865.460962360698,295.2709491819056,16160.731911542603,15682.891552261653,15978.16250144356,169025.0719195678,0.0,63.50308637021158,0.0,0.0,0.0,False,False,False
ablation,tv_dro_energy_1_workload_1,tv_dro,2025-07-01,51,True,True,20,,0.01,0.7,20.0,optimal_decomposed,71.00332069999422,71.00256370000716,0.0,1,2,15865.460962360698,295.2709491819056,16160.731911542603,15632.839991867686,15928.110941049592,159650.36079945264,0.0,57.89325973797848,0.0,0.0,0.0,False,False,False
ablation,tv_dro_energy_1_workload_1,tv_dro,2025-07-01,52,True,True,20,,0.01,0.7,20.0,optimal_decomposed,71.00332069999422,71.00256370000716,0.0,1,2,15865.460962360698,295.2709491819056,16160.731911542603,16799.3726871703,17094.643636352204,181298.67752645904,0.0,59.86475384550939,0.0,0.0,0.0,False,False,False
ablation,tv_dro_energy_1_workload_1,tv_dro,2025-07-01,53,True,True,20,,0.01,0.7,20.0,optimal_decomposed,71.00332069999422,71.00256370000716,0.0,1,2,15865.460962360698,295.2709491819056,16160.731911542603,15863.958759858311,16159.229709040217,162950.205713418,0.0,49.18543280366529,0.0,0.0,0.0,False,False,False
ablation,tv_dro_energy_1_workload_1,tv_dro,2025-07-01,54,True,True,20,,0.01,0.7,20.0,optimal_decomposed,71.00332069999422,71.00256370000716,0.0,1,2,15865.460962360698,295.2709491819056,16160.731911542603,16965.936653757435,17261.20760293934,178331.2403741252,0.0,55.628175444957556,0.0,0.0,0.0,False,False,False
ablation,tv_dro_energy_1_workload_1,tv_dro,2025-07-01,55,True,True,20,,0.01,0.7,20.0,optimal_decomposed,71.00332069999422,71.00256370000716,0.0,1,2,15865.460962360698,295.2709491819056,16160.731911542603,16011.753186039088,16307.024135220994,165710.92487698788,0.0,62.88555693441938,0.0,0.0,0.0,False,False,False
ablation,tv_dro_energy_1_workload_1,tv_dro,2025-07-01,56,True,True,20,,0.01,0.7,20.0,optimal_decomposed,71.00332069999422,71.00256370000716,0.0,1,2,15865.460962360698,295.2709491819056,16160.731911542603,16221.677831589403,16516.94878077131,169272.8575824734,0.0,48.69775787240074,0.0,0.0,0.0,False,False,False
ablation,tv_dro_energy_1_workload_1,tv_dro,2025-07-01,57,True,True,20,,0.01,0.7,20.0,optimal_decomposed,71.00332069999422,71.00256370000716,0.0,1,2,15865.460962360698,295.2709491819056,16160.731911542603,16206.425549652626,16501.69649883453,163629.13538883338,0.0,55.52089956459843,0.0,0.0,0.0,False,False,False
ablation,tv_dro_energy_1_workload_1,tv_dro,2025-07-01,58,True,True,20,,0.01,0.7,20.0,optimal_decomposed,71.00332069999422,71.00256370000716,0.0,1,2,15865.460962360698,295.2709491819056,16160.731911542603,16760.745112345994,17056.0160615279,185575.7889010396,0.0,65.60803692165848,0.0,0.0,0.0,False,False,False
ablation,tv_dro_energy_1_workload_1,tv_dro,2025-07-01,59,True,True,20,,0.01,0.7,20.0,optimal_decomposed,71.00332069999422,71.00256370000716,0.0,1,2,15865.460962360698,295.2709491819056,16160.731911542603,17081.552727905346,17376.82367708725,186045.16992807007,0.0,60.917140821765535,0.0,0.0,0.0,False,False,False
ablation,tv_dro_energy_1_workload_1,tv_dro,2025-07-01,60,True,True,20,,0.01,0.7,20.0,optimal_decomposed,71.00332069999422,71.00256370000716,0.0,1,2,15865.460962360698,295.2709491819056,16160.731911542603,16028.66733764118,16323.938286823086,173361.42512108074,0.0,58.230552920899996,0.0,0.0,0.0,False,False,False
ablation,tv_dro_energy_1_workload_1,tv_dro,2025-07-01,61,True,True,20,,0.01,0.7,20.0,optimal_decomposed,71.00332069999422,71.00256370000716,0.0,1,2,15865.460962360698,295.2709491819056,16160.731911542603,16131.597654720143,16426.868603902047,170782.90989871917,0.0,44.33719066646728,0.0,0.0,0.0,False,False,False
ablation,tv_dro_energy_1_workload_1,tv_dro,2025-07-01,62,True,True,20,,0.01,0.7,20.0,optimal_decomposed,71.00332069999422,71.00256370000716,0.0,1,2,15865.460962360698,295.2709491819056,16160.731911542603,15474.063486489898,15769.334435671804,154886.1923625033,0.0,60.92944229424601,0.0,0.0,0.0,False,False,False
ablation,tv_dro_energy_1_workload_1,tv_dro,2025-07-01,63,True,True,20,,0.01,0.7,20.0,optimal_decomposed,71.00332069999422,71.00256370000716,0.0,1,2,15865.460962360698,295.2709491819056,16160.731911542603,16071.677001829546,16366.947951011452,165773.84796518783,0.0,66.87459759256224,0.0,0.0,0.0,False,False,False
ablation,tv_dro_energy_1_workload_1,tv_dro,2025-07-01,64,True,True,20,,0.01,0.7,20.0,optimal_decomposed,71.00332069999422,71.00256370000716,0.0,1,2,15865.460962360698,295.2709491819056,16160.731911542603,15847.208968132643,16142.47991731455,156191.35248025137,0.0,55.06302064156544,0.0,0.0,0.0,False,False,False
ablation,tv_dro_energy_1_workload_1,tv_dro,2025-07-01,65,True,True,20,,0.01,0.7,20.0,optimal_decomposed,71.00332069999422,71.00256370000716,0.0,1,2,15865.460962360698,295.2709491819056,16160.731911542603,16639.109482373613,16934.380431555517,168670.9955353607,0.0,57.5075406445261,0.0,0.0,0.0,False,False,False
ablation,tv_dro_energy_1_workload_1,tv_dro,2025-07-01,66,True,True,20,,0.01,0.7,20.0,optimal_decomposed,71.00332069999422,71.00256370000716,0.0,1,2,15865.460962360698,295.2709491819056,16160.731911542603,16257.262614496458,16552.533563678364,174373.13427405595,0.0,69.69903671400083,0.0,0.0,0.0,False,False,False
ablation,tv_dro_energy_1_workload_1,tv_dro,2025-07-01,67,True,True,20,,0.01,0.7,20.0,optimal_decomposed,71.00332069999422,71.00256370000716,0.0,1,2,15865.460962360698,295.2709491819056,16160.731911542603,15153.16002552955,15448.430974711457,151608.20893188822,0.0,53.36377674281951,0.0,0.0,0.0,False,False,False
ablation,tv_dro_energy_1_workload_1,tv_dro,2025-07-01,68,True,True,20,,0.01,0.7,20.0,optimal_decomposed,71.00332069999422,71.00256370000716,0.0,1,2,15865.460962360698,295.2709491819056,16160.731911542603,17217.380588644086,17512.65153782599,192092.86538345963,0.0,59.72754668263781,0.0,0.0,0.0,False,False,False
ablation,tv_dro_energy_1_workload_1,tv_dro,2025-07-01,69,True,True,20,,0.01,0.7,20.0,optimal_decomposed,71.00332069999422,71.00256370000716,0.0,1,2,15865.460962360698,295.2709491819056,16160.731911542603,17313.885873798234,17609.156822980138,187837.41824263267,0.0,59.94911100818657,0.0,0.0,0.0,False,False,False
ablation,tv_dro_energy_1_workload_1,tv_dro,2025-07-01,70,True,True,20,,0.01,0.7,20.0,optimal_decomposed,71.00332069999422,71.00256370000716,0.0,1,2,15865.460962360698,295.2709491819056,16160.731911542603,16545.45371671877,16840.724665900674,180024.06110783436,0.0,63.62284953401564,0.0,0.0,0.0,False,False,False
ablation,tv_dro_energy_1_workload_1,tv_dro,2025-07-01,71,True,True,20,,0.01,0.7,20.0,optimal_decomposed,71.00332069999422,71.00256370000716,0.0,1,2,15865.460962360698,295.2709491819056,16160.731911542603,15198.596422925335,15493.867372107241,162698.12684394675,0.0,70.47648946535665,0.0,0.0,0.0,False,False,False
ablation,tv_dro_energy_1_workload_1,tv_dro,2025-07-01,72,True,True,20,,0.01,0.7,20.0,optimal_decomposed,71.00332069999422,71.00256370000716,0.0,1,2,15865.460962360698,295.2709491819056,16160.731911542603,15817.017241419544,16112.28819060145,162378.97835909852,0.0,65.64889473305372,0.0,0.0,0.0,False,False,False
ablation,tv_dro_energy_1_workload_1,tv_dro,2025-07-01,73,True,True,20,,0.01,0.7,20.0,optimal_decomposed,71.00332069999422,71.00256370000716,0.0,1,2,15865.460962360698,295.2709491819056,16160.731911542603,16077.272281883139,16372.543231065045,164910.3311507817,0.0,60.681816483016675,0.0,0.0,0.0,False,False,False
ablation,tv_dro_energy_1_workload_1,tv_dro,2025-07-01,74,True,True,20,,0.01,0.7,20.0,optimal_decomposed,71.00332069999422,71.00256370000716,0.0,1,2,15865.460962360698,295.2709491819056,16160.731911542603,15854.37693875455,16149.647887936457,153437.71437724418,0.0,57.059021699817826,0.0,0.0,0.0,False,False,False
ablation,tv_dro_energy_1_workload_1,tv_dro,2025-07-01,75,True,True,20,,0.01,0.7,20.0,optimal_decomposed,71.00332069999422,71.00256370000716,0.0,1,2,15865.460962360698,295.2709491819056,16160.731911542603,16412.71513264714,16707.986081829044,170170.79680853322,0.023703068181614745,58.51973098992259,0.0,0.0,0.0,False,False,False
ablation,tv_dro_energy_1_workload_1,tv_dro,2025-07-01,76,True,True,20,,0.01,0.7,20.0,optimal_decomposed,71.00332069999422,71.00256370000716,0.0,1,2,15865.460962360698,295.2709491819056,16160.731911542603,16532.360417089036,16827.63136627094,186784.35314594646,0.0,56.386237136619684,0.0,0.0,0.0,False,False,False
ablation,tv_dro_energy_1_workload_1,tv_dro,2025-07-01,77,True,True,20,,0.01,0.7,20.0,optimal_decomposed,71.00332069999422,71.00256370000716,0.0,1,2,15865.460962360698,295.2709491819056,16160.731911542603,15497.031413601513,15792.302362783419,153777.07921706667,0.0,56.78947468281272,0.0,0.0,0.0,False,False,False
ablation,tv_dro_energy_1_workload_1,tv_dro,2025-07-01,78,True,True,20,,0.01,0.7,20.0,optimal_decomposed,71.00332069999422,71.00256370000716,0.0,1,2,15865.460962360698,295.2709491819056,16160.731911542603,15500.643628030011,15795.914577211917,159614.52895569478,0.0,62.931877129285375,0.0,0.0,0.0,False,False,False
ablation,tv_dro_energy_1_workload_1,tv_dro,2025-07-01,79,True,True,20,,0.01,0.7,20.0,optimal_decomposed,71.00332069999422,71.00256370000716,0.0,1,2,15865.460962360698,295.2709491819056,16160.731911542603,16625.76550745737,16921.036456639275,180410.150079724,0.0,54.17842634367397,0.0,0.0,0.0,False,False,False
ablation,tv_dro_energy_1_workload_1,tv_dro,2025-07-01,80,True,True,20,,0.01,0.7,20.0,optimal_decomposed,71.00332069999422,71.00256370000716,0.0,1,2,15865.460962360698,295.2709491819056,16160.731911542603,16795.154219586788,17090.425168768692,179231.39333245088,0.0,57.77652879736846,0.0,0.0,0.0,False,False,False
ablation,tv_dro_energy_1_workload_1,tv_dro,2025-07-01,81,True,True,20,,0.01,0.7,20.0,optimal_decomposed,71.00332069999422,71.00256370000716,0.0,1,2,15865.460962360698,295.2709491819056,16160.731911542603,15993.645618828295,16288.916568010201,165305.39761442324,0.0,67.9129508543665,0.0,0.0,0.0,False,False,False
ablation,tv_dro_energy_1_workload_1,tv_dro,2025-07-01,82,True,True,20,,0.01,0.7,20.0,optimal_decomposed,71.00332069999422,71.00256370000716,0.0,1,2,15865.460962360698,295.2709491819056,16160.731911542603,15751.907636193235,16047.17858537514,163213.774807448,0.0,52.0759956408308,0.0,0.0,0.0,False,False,False
ablation,tv_dro_energy_1_workload_1,tv_dro,2025-07-01,83,True,True,20,,0.01,0.7,20.0,optimal_decomposed,71.00332069999422,71.00256370000716,0.0,1,2,15865.460962360698,295.2709491819056,16160.731911542603,16754.741741509577,17050.01269069148,183719.7330735985,0.0,58.803779300569666,0.0,0.0,0.0,False,False,False
ablation,tv_dro_energy_1_workload_1,tv_dro,2025-07-01,84,True,True,20,,0.01,0.7,20.0,optimal_decomposed,71.00332069999422,71.00256370000716,0.0,1,2,15865.460962360698,295.2709491819056,16160.731911542603,16709.58730332299,17004.858252504895,183259.86689548855,0.0,57.32218473996824,0.0,0.0,0.0,False,False,False
ablation,tv_dro_energy_1_workload_1,tv_dro,2025-07-01,85,True,True,20,,0.01,0.7,20.0,optimal_decomposed,71.00332069999422,71.00256370000716,0.0,1,2,15865.460962360698,295.2709491819056,16160.731911542603,16378.552448362565,16673.82339754447,171599.78906535517,0.0,67.37877510705987,0.0,0.0,0.0,False,False,False
ablation,tv_dro_energy_1_workload_1,tv_dro,2025-07-01,86,True,True,20,,0.01,0.7,20.0,optimal_decomposed,71.00332069999422,71.00256370000716,0.0,1,2,15865.460962360698,295.2709491819056,16160.731911542603,16200.475724693959,16495.746673875863,172157.94613105262,0.0,52.21738244021736,0.0,0.0,0.0,False,False,False
ablation,tv_dro_energy_1_workload_1,tv_dro,2025-07-01,87,True,True,20,,0.01,0.7,20.0,optimal_decomposed,71.00332069999422,71.00256370000716,0.0,1,2,15865.460962360698,295.2709491819056,16160.731911542603,15544.97493618769,15840.245885369595,150415.6685988636,0.0,58.72884575071338,0.0,0.0,0.0,False,False,False
ablation,tv_dro_energy_1_workload_1,tv_dro,2025-07-01,88,True,True,20,,0.01,0.7,20.0,optimal_decomposed,71.00332069999422,71.00256370000716,0.0,1,2,15865.460962360698,295.2709491819056,16160.731911542603,15327.089626050127,15622.360575232033,153749.87942816305,0.0,64.51656125548084,0.0,0.0,0.0,False,False,False
ablation,tv_dro_energy_1_workload_1,tv_dro,2025-07-01,89,True,True,20,,0.01,0.7,20.0,optimal_decomposed,71.00332069999422,71.00256370000716,0.0,1,2,15865.460962360698,295.2709491819056,16160.731911542603,16330.902269161643,16626.17321834355,168877.53540348294,0.0,57.71928308785798,0.0,0.0,0.0,False,False,False
ablation,tv_dro_energy_1_workload_1,tv_dro,2025-07-01,90,True,True,20,,0.01,0.7,20.0,optimal_decomposed,71.00332069999422,71.00256370000716,0.0,1,2,15865.460962360698,295.2709491819056,16160.731911542603,15860.41032417932,16155.681273361226,164372.75505019008,0.0,63.66365370653121,0.0,0.0,0.0,False,False,False
ablation,tv_dro_energy_1_workload_1,tv_dro,2025-07-01,91,True,True,20,,0.01,0.7,20.0,optimal_decomposed,71.00332069999422,71.00256370000716,0.0,1,2,15865.460962360698,295.2709491819056,16160.731911542603,14904.372552200452,15199.643501382357,143867.91000698568,0.0,56.01749565613859,0.0,0.0,0.0,False,False,False
ablation,tv_dro_energy_1_workload_1,tv_dro,2025-07-01,92,True,True,20,,0.01,0.7,20.0,optimal_decomposed,71.00332069999422,71.00256370000716,0.0,1,2,15865.460962360698,295.2709491819056,16160.731911542603,15578.919889497418,15874.190838679324,157961.73197394848,0.0,44.98069032955426,0.0,0.0,0.0,False,False,False
ablation,tv_dro_energy_1_workload_1,tv_dro,2025-07-01,93,True,True,20,,0.01,0.7,20.0,optimal_decomposed,71.00332069999422,71.00256370000716,0.0,1,2,15865.460962360698,295.2709491819056,16160.731911542603,15703.916845450221,15999.187794632127,168679.85890369889,0.0,58.1693809498222,0.0,0.0,0.0,False,False,False
ablation,tv_dro_energy_1_workload_1,tv_dro,2025-07-01,94,True,True,20,,0.01,0.7,20.0,optimal_decomposed,71.00332069999422,71.00256370000716,0.0,1,2,15865.460962360698,295.2709491819056,16160.731911542603,15770.029543855704,16065.30049303761,160589.1023749086,0.0,54.43410270317917,0.0,0.0,0.0,False,False,False
ablation,tv_dro_energy_1_workload_1,tv_dro,2025-07-01,95,True,True,20,,0.01,0.7,20.0,optimal_decomposed,71.00332069999422,71.00256370000716,0.0,1,2,15865.460962360698,295.2709491819056,16160.731911542603,15415.127867074425,15710.398816256331,157198.27572562837,0.0,58.07189184876165,0.0,0.0,0.0,False,False,False
ablation,tv_dro_energy_1_workload_1,tv_dro,2025-07-01,96,True,True,20,,0.01,0.7,20.0,optimal_decomposed,71.00332069999422,71.00256370000716,0.0,1,2,15865.460962360698,295.2709491819056,16160.731911542603,15953.519619520033,16248.79056870194,163508.4509427896,0.0,55.86224465215467,0.0,0.0,0.0,False,False,False
ablation,tv_dro_energy_1_workload_1,tv_dro,2025-07-01,97,True,True,20,,0.01,0.7,20.0,optimal_decomposed,71.00332069999422,71.00256370000716,0.0,1,2,15865.460962360698,295.2709491819056,16160.731911542603,15707.671925067149,16002.942874249055,160497.15992599868,0.0,58.9286608451163,0.0,0.0,0.0,False,False,False
ablation,tv_dro_energy_1_workload_1,tv_dro,2025-07-01,98,True,True,20,,0.01,0.7,20.0,optimal_decomposed,71.00332069999422,71.00256370000716,0.0,1,2,15865.460962360698,295.2709491819056,16160.731911542603,15752.77581834893,16048.046767530835,162590.64408743705,0.0,48.31938428386414,0.0,0.0,0.0,False,False,False
ablation,tv_dro_energy_1_workload_1,tv_dro,2025-07-01,99,True,True,20,,0.01,0.7,20.0,optimal_decomposed,71.00332069999422,71.00256370000716,0.0,1,2,15865.460962360698,295.2709491819056,16160.731911542603,15526.546288879632,15821.817238061538,157921.77482222667,0.0,58.56608066172514,0.0,0.0,0.0,False,False,False
ablation,tv_dro_energy_1_workload_1,tv_dro,2025-10-01,0,True,True,20,,0.01,0.7,20.0,optimal_decomposed,69.03638350000256,69.03565259999596,0.0,1,2,16307.664624421883,533.9055933035839,16841.570217725468,15383.965121239045,15917.870714542629,175851.40682568046,0.044473551117190535,57.20692407709158,0.0,0.0,0.0,False,False,False
ablation,tv_dro_energy_1_workload_1,tv_dro,2025-10-01,1,True,True,20,,0.01,0.7,20.0,optimal_decomposed,69.03638350000256,69.03565259999596,0.0,1,2,16307.664624421883,533.9055933035839,16841.570217725468,16671.310693268904,17205.21628657249,196219.18558623546,0.05663425630355762,63.168050644310924,0.0,0.0,0.0,False,False,False
ablation,tv_dro_energy_1_workload_1,tv_dro,2025-10-01,2,True,True,20,,0.01,0.7,20.0,optimal_decomposed,69.03638350000256,69.03565259999596,0.0,1,2,16307.664624421883,533.9055933035839,16841.570217725468,15855.114248024094,16389.019841327678,187553.49352608487,0.028333434944215835,48.434015040553696,0.0,0.0,0.0,False,False,False
ablation,tv_dro_energy_1_workload_1,tv_dro,2025-10-01,3,True,True,20,,0.01,0.7,20.0,optimal_decomposed,69.03638350000256,69.03565259999596,0.0,1,2,16307.664624421883,533.9055933035839,16841.570217725468,16536.676663703896,17070.58225700748,196135.16226517607,0.0,56.59122217211549,0.0,0.0,0.0,False,False,False
ablation,tv_dro_energy_1_workload_1,tv_dro,2025-10-01,4,True,True,20,,0.01,0.7,20.0,optimal_decomposed,69.03638350000256,69.03565259999596,0.0,1,2,16307.664624421883,533.9055933035839,16841.570217725468,16139.61717937624,16673.522772679826,192247.27795403978,0.05943448482129837,52.43365605405052,0.0,0.0,0.0,False,False,False
ablation,tv_dro_energy_1_workload_1,tv_dro,2025-10-01,5,True,True,20,,0.01,0.7,20.0,optimal_decomposed,69.03638350000256,69.03565259999596,0.0,1,2,16307.664624421883,533.9055933035839,16841.570217725468,16575.445375161962,17109.350968465547,206423.16368500044,0.0,60.1621189108191,0.0,0.0,0.0,False,False,False
ablation,tv_dro_energy_1_workload_1,tv_dro,2025-10-01,6,True,True,20,,0.01,0.7,20.0,optimal_decomposed,69.03638350000256,69.03565259999596,0.0,1,2,16307.664624421883,533.9055933035839,16841.570217725468,16770.84903930794,17304.754632611526,198017.58073734955,0.0,49.94321193252558,0.0,0.0,0.0,False,False,False
ablation,tv_dro_energy_1_workload_1,tv_dro,2025-10-01,7,True,True,20,,0.01,0.7,20.0,optimal_decomposed,69.03638350000256,69.03565259999596,0.0,1,2,16307.664624421883,533.9055933035839,16841.570217725468,15821.453066162314,16355.358659465897,182373.54249985592,0.0,53.591991792641124,0.0,0.0,0.0,False,False,False
ablation,tv_dro_energy_1_workload_1,tv_dro,2025-10-01,8,True,True,20,,0.01,0.7,20.0,optimal_decomposed,69.03638350000256,69.03565259999596,0.0,1,2,16307.664624421883,533.9055933035839,16841.570217725468,16271.457308627469,16805.362901931054,195905.41585031262,0.15645938607531362,51.97239311288418,0.0,0.0,0.0,False,False,False
ablation,tv_dro_energy_1_workload_1,tv_dro,2025-10-01,9,True,True,20,,0.01,0.7,20.0,optimal_decomposed,69.03638350000256,69.03565259999596,0.0,1,2,16307.664624421883,533.9055933035839,16841.570217725468,16628.700067932114,17162.6056612357,199137.91067366317,0.023819145592028024,62.02403264048393,0.0,0.0,0.0,False,False,False
ablation,tv_dro_energy_1_workload_1,tv_dro,2025-10-01,10,True,True,20,,0.01,0.7,20.0,optimal_decomposed,69.03638350000256,69.03565259999596,0.0,1,2,16307.664624421883,533.9055933035839,16841.570217725468,16081.996235353761,16615.901828657345,190183.69947382028,0.0,55.038261059077705,0.0,0.0,0.0,False,False,False
ablation,tv_dro_energy_1_workload_1,tv_dro,2025-10-01,11,True,True,20,,0.01,0.7,20.0,optimal_decomposed,69.03638350000256,69.03565259999596,0.0,1,2,16307.664624421883,533.9055933035839,16841.570217725468,16372.326725538538,16906.23231884212,188919.49509591892,0.05441380046716948,49.96315412842776,0.0,0.0,0.0,False,False,False
ablation,tv_dro_energy_1_workload_1,tv_dro,2025-10-01,12,True,True,20,,0.01,0.7,20.0,optimal_decomposed,69.03638350000256,69.03565259999596,0.0,1,2,16307.664624421883,533.9055933035839,16841.570217725468,16379.388440264902,16913.294033568487,201869.62433748547,0.0,48.25277206387475,0.0,0.0,0.0,False,False,False
ablation,tv_dro_energy_1_workload_1,tv_dro,2025-10-01,13,True,True,20,,0.01,0.7,20.0,optimal_decomposed,69.03638350000256,69.03565259999596,0.0,1,2,16307.664624421883,533.9055933035839,16841.570217725468,16893.359843110145,17427.26543641373,202911.79966888553,0.09122929881697803,56.02386587482877,0.0,0.0,0.0,False,False,False
ablation,tv_dro_energy_1_workload_1,tv_dro,2025-10-01,14,True,True,20,,0.01,0.7,20.0,optimal_decomposed,69.03638350000256,69.03565259999596,0.0,1,2,16307.664624421883,533.9055933035839,16841.570217725468,15918.561056393584,16452.46664969717,183462.5019941348,0.0,50.701812099753866,0.0,0.0,0.0,False,False,False
ablation,tv_dro_energy_1_workload_1,tv_dro,2025-10-01,15,True,True,20,,0.01,0.7,20.0,optimal_decomposed,69.03638350000256,69.03565259999596,0.0,1,2,16307.664624421883,533.9055933035839,16841.570217725468,15699.166923234734,16233.072516538317,179500.77382161657,0.0,48.31247268253847,0.0,0.0,0.0,False,False,False
ablation,tv_dro_energy_1_workload_1,tv_dro,2025-10-01,16,True,True,20,,0.01,0.7,20.0,optimal_decomposed,69.03638350000256,69.03565259999596,0.0,1,2,16307.664624421883,533.9055933035839,16841.570217725468,15608.751961201919,16142.657554505502,175202.37509145655,0.0,51.057316672351405,0.0,0.0,0.0,False,False,False
ablation,tv_dro_energy_1_workload_1,tv_dro,2025-10-01,17,True,True,20,,0.01,0.7,20.0,optimal_decomposed,69.03638350000256,69.03565259999596,0.0,1,2,16307.664624421883,533.9055933035839,16841.570217725468,16098.484260023548,16632.38985332713,182443.42090886386,0.23897863365752003,62.16658334390974,0.0,0.0,0.0,False,False,False
ablation,tv_dro_energy_1_workload_1,tv_dro,2025-10-01,18,True,True,20,,0.01,0.7,20.0,optimal_decomposed,69.03638350000256,69.03565259999596,0.0,1,2,16307.664624421883,533.9055933035839,16841.570217725468,16653.61839762895,17187.523990932536,194144.03771537793,0.0,57.999254053777435,0.0,0.0,0.0,False,False,False
ablation,tv_dro_energy_1_workload_1,tv_dro,2025-10-01,19,True,True,20,,0.01,0.7,20.0,optimal_decomposed,69.03638350000256,69.03565259999596,0.0,1,2,16307.664624421883,533.9055933035839,16841.570217725468,16004.173554393925,16538.07914769751,194227.64566463503,0.02743152028306839,53.67814091070589,0.0,0.0,0.0,False,False,False
ablation,tv_dro_energy_1_workload_1,tv_dro,2025-10-01,20,True,True,20,,0.01,0.7,20.0,optimal_decomposed,69.03638350000256,69.03565259999596,0.0,1,2,16307.664624421883,533.9055933035839,16841.570217725468,16584.11777886513,17118.023372168715,200210.60428250465,0.0,50.01672723563162,0.0,0.0,0.0,False,False,False
ablation,tv_dro_energy_1_workload_1,tv_dro,2025-10-01,21,True,True,20,,0.01,0.7,20.0,optimal_decomposed,69.03638350000256,69.03565259999596,0.0,1,2,16307.664624421883,533.9055933035839,16841.570217725468,15921.865589470073,16455.771182773657,181302.80965038622,0.0920376637240175,49.20172860708743,0.0,0.0,0.0,False,False,False
ablation,tv_dro_energy_1_workload_1,tv_dro,2025-10-01,22,True,True,20,,0.01,0.7,20.0,optimal_decomposed,69.03638350000256,69.03565259999596,0.0,1,2,16307.664624421883,533.9055933035839,16841.570217725468,16463.718247676585,16997.62384098017,195908.6234557126,0.0,51.60589782390655,0.0,0.0,0.0,False,False,False
ablation,tv_dro_energy_1_workload_1,tv_dro,2025-10-01,23,True,True,20,,0.01,0.7,20.0,optimal_decomposed,69.03638350000256,69.03565259999596,0.0,1,2,16307.664624421883,533.9055933035839,16841.570217725468,16660.50624035195,17194.411833655537,195249.0889866606,0.0,51.28763452256611,0.0,0.0,0.0,False,False,False
ablation,tv_dro_energy_1_workload_1,tv_dro,2025-10-01,24,True,True,20,,0.01,0.7,20.0,optimal_decomposed,69.03638350000256,69.03565259999596,0.0,1,2,16307.664624421883,533.9055933035839,16841.570217725468,16278.346347337694,16812.25194064128,186429.20058746956,0.05212642278757615,58.96761651904389,0.0,0.0,0.0,False,False,False
ablation,tv_dro_energy_1_workload_1,tv_dro,2025-10-01,25,True,True,20,,0.01,0.7,20.0,optimal_decomposed,69.03638350000256,69.03565259999596,0.0,1,2,16307.664624421883,533.9055933035839,16841.570217725468,17723.87349548318,18257.779088786767,226521.6143941098,0.0,48.96297044171598,0.0,0.0,0.0,False,False,False
ablation,tv_dro_energy_1_workload_1,tv_dro,2025-10-01,26,True,True,20,,0.01,0.7,20.0,optimal_decomposed,69.03638350000256,69.03565259999596,0.0,1,2,16307.664624421883,533.9055933035839,16841.570217725468,16074.971491790362,16608.877085093947,192825.83496818427,0.06528090917943333,60.558580507203615,0.0,0.0,0.0,False,False,False
ablation,tv_dro_energy_1_workload_1,tv_dro,2025-10-01,27,True,True,20,,0.01,0.7,20.0,optimal_decomposed,69.03638350000256,69.03565259999596,0.0,1,2,16307.664624421883,533.9055933035839,16841.570217725468,15364.4700230661,15898.375616369683,176013.05176613134,0.16504992455352008,59.79079119902822,0.0,0.0,0.0,False,False,False
ablation,tv_dro_energy_1_workload_1,tv_dro,2025-10-01,28,True,True,20,,0.01,0.7,20.0,optimal_decomposed,69.03638350000256,69.03565259999596,0.0,1,2,16307.664624421883,533.9055933035839,16841.570217725468,16435.445492202536,16969.35108550612,191643.78784612275,0.0,45.16126992463472,0.0,0.0,0.0,False,False,False
ablation,tv_dro_energy_1_workload_1,tv_dro,2025-10-01,29,True,True,20,,0.01,0.7,20.0,optimal_decomposed,69.03638350000256,69.03565259999596,0.0,1,2,16307.664624421883,533.9055933035839,16841.570217725468,16514.5583399672,17048.463933270785,202999.90899989053,0.0,42.94752199289224,0.0,0.0,0.0,False,False,False
ablation,tv_dro_energy_1_workload_1,tv_dro,2025-10-01,30,True,True,20,,0.01,0.7,20.0,optimal_decomposed,69.03638350000256,69.03565259999596,0.0,1,2,16307.664624421883,533.9055933035839,16841.570217725468,15604.541299726709,16138.446893030292,169595.4170976286,0.08286606602110647,51.610858363949596,0.0,0.0,0.0,False,False,False
ablation,tv_dro_energy_1_workload_1,tv_dro,2025-10-01,31,True,True,20,,0.01,0.7,20.0,optimal_decomposed,69.03638350000256,69.03565259999596,0.0,1,2,16307.664624421883,533.9055933035839,16841.570217725468,16800.70176222477,17334.607355528355,210541.28833872985,0.0,50.68993666277961,0.0,0.0,0.0,False,False,False
ablation,tv_dro_energy_1_workload_1,tv_dro,2025-10-01,32,True,True,20,,0.01,0.7,20.0,optimal_decomposed,69.03638350000256,69.03565259999596,0.0,1,2,16307.664624421883,533.9055933035839,16841.570217725468,16186.864660970925,16720.77025427451,189651.2150761454,0.0,58.29187361462512,0.0,0.0,0.0,False,False,False
ablation,tv_dro_energy_1_workload_1,tv_dro,2025-10-01,33,True,True,20,,0.01,0.7,20.0,optimal_decomposed,69.03638350000256,69.03565259999596,0.0,1,2,16307.664624421883,533.9055933035839,16841.570217725468,17613.946592336943,18147.852185640528,225584.66266068397,0.021843779265709795,66.78384843131728,0.0,0.0,0.0,False,False,False
ablation,tv_dro_energy_1_workload_1,tv_dro,2025-10-01,34,True,True,20,,0.01,0.7,20.0,optimal_decomposed,69.03638350000256,69.03565259999596,0.0,1,2,16307.664624421883,533.9055933035839,16841.570217725468,16687.93209562047,17221.837688924054,199272.11683474187,0.03126204047423542,53.81342765714329,0.0,0.0,0.0,False,False,False
ablation,tv_dro_energy_1_workload_1,tv_dro,2025-10-01,35,True,True,20,,0.01,0.7,20.0,optimal_decomposed,69.03638350000256,69.03565259999596,0.0,1,2,16307.664624421883,533.9055933035839,16841.570217725468,16047.173662398372,16581.079255701956,182440.9530958994,0.0,57.665647417764696,0.0,0.0,0.0,False,False,False
ablation,tv_dro_energy_1_workload_1,tv_dro,2025-10-01,36,True,True,20,,0.01,0.7,20.0,optimal_decomposed,69.03638350000256,69.03565259999596,0.0,1,2,16307.664624421883,533.9055933035839,16841.570217725468,15790.772782364786,16324.678375668369,179987.2990148302,0.0,62.63575020942945,0.0,0.0,0.0,False,False,False
ablation,tv_dro_energy_1_workload_1,tv_dro,2025-10-01,37,True,True,20,,0.01,0.7,20.0,optimal_decomposed,69.03638350000256,69.03565259999596,0.0,1,2,16307.664624421883,533.9055933035839,16841.570217725468,16149.849246673939,16683.754839977522,189679.43048758036,0.042326641165073786,43.36697554616678,0.0,0.0,0.0,False,False,False
ablation,tv_dro_energy_1_workload_1,tv_dro,2025-10-01,38,True,True,20,,0.01,0.7,20.0,optimal_decomposed,69.03638350000256,69.03565259999596,0.0,1,2,16307.664624421883,533.9055933035839,16841.570217725468,16000.011123264476,16533.91671656806,189940.60908597976,0.0,51.54862660338711,0.0,0.0,0.0,False,False,False
ablation,tv_dro_energy_1_workload_1,tv_dro,2025-10-01,39,True,True,20,,0.01,0.7,20.0,optimal_decomposed,69.03638350000256,69.03565259999596,0.0,1,2,16307.664624421883,533.9055933035839,16841.570217725468,16564.642646020722,17098.548239324307,200186.54080963554,0.004268216643565359,42.990871281802114,0.0,0.0,0.0,False,False,False
ablation,tv_dro_energy_1_workload_1,tv_dro,2025-10-01,40,True,True,20,,0.01,0.7,20.0,optimal_decomposed,69.03638350000256,69.03565259999596,0.0,1,2,16307.664624421883,533.9055933035839,16841.570217725468,16881.428062777628,17415.333656081213,201879.3715023142,0.0,47.053472747447685,0.0,0.0,0.0,False,False,False
ablation,tv_dro_energy_1_workload_1,tv_dro,2025-10-01,41,True,True,20,,0.01,0.7,20.0,optimal_decomposed,69.03638350000256,69.03565259999596,0.0,1,2,16307.664624421883,533.9055933035839,16841.570217725468,16414.820580080202,16948.726173383788,197006.90862662907,0.009504763194819965,40.59135044012229,0.0,0.0,0.0,False,False,False
ablation,tv_dro_energy_1_workload_1,tv_dro,2025-10-01,42,True,True,20,,0.01,0.7,20.0,optimal_decomposed,69.03638350000256,69.03565259999596,0.0,1,2,16307.664624421883,533.9055933035839,16841.570217725468,16638.007329584616,17171.9129228882,197861.49273227868,0.0,57.91010562969064,0.0,0.0,0.0,False,False,False
ablation,tv_dro_energy_1_workload_1,tv_dro,2025-10-01,43,True,True,20,,0.01,0.7,20.0,optimal_decomposed,69.03638350000256,69.03565259999596,0.0,1,2,16307.664624421883,533.9055933035839,16841.570217725468,15662.196291930311,16196.101885233895,177712.13840450876,0.08698571381843043,58.677736878314846,0.0,0.0,0.0,False,False,False
ablation,tv_dro_energy_1_workload_1,tv_dro,2025-10-01,44,True,True,20,,0.01,0.7,20.0,optimal_decomposed,69.03638350000256,69.03565259999596,0.0,1,2,16307.664624421883,533.9055933035839,16841.570217725468,16110.40104123857,16644.306634542154,185661.99145403886,0.09183515110650342,56.676426898187344,0.0,0.0,0.0,False,False,False
ablation,tv_dro_energy_1_workload_1,tv_dro,2025-10-01,45,True,True,20,,0.01,0.7,20.0,optimal_decomposed,69.03638350000256,69.03565259999596,0.0,1,2,16307.664624421883,533.9055933035839,16841.570217725468,16801.365015187923,17335.270608491508,203248.87009989077,0.0147066656592032,56.96841035521492,0.0,0.0,0.0,False,False,False
ablation,tv_dro_energy_1_workload_1,tv_dro,2025-10-01,46,True,True,20,,0.01,0.7,20.0,optimal_decomposed,69.03638350000256,69.03565259999596,0.0,1,2,16307.664624421883,533.9055933035839,16841.570217725468,16422.36301455609,16956.268607859674,194619.36871287157,0.0890719710830983,55.78591682388189,0.0,0.0,0.0,False,False,False
ablation,tv_dro_energy_1_workload_1,tv_dro,2025-10-01,47,True,True,20,,0.01,0.7,20.0,optimal_decomposed,69.03638350000256,69.03565259999596,0.0,1,2,16307.664624421883,533.9055933035839,16841.570217725468,16468.630720105746,17002.53631340933,202307.17756077196,0.0,53.84264545220208,0.0,0.0,0.0,False,False,False
ablation,tv_dro_energy_1_workload_1,tv_dro,2025-10-01,48,True,True,20,,0.01,0.7,20.0,optimal_decomposed,69.03638350000256,69.03565259999596,0.0,1,2,16307.664624421883,533.9055933035839,16841.570217725468,17133.28085159023,17667.186444893814,212279.70771711293,0.11558116437288612,52.71430559008055,0.0,0.0,0.0,False,False,False
ablation,tv_dro_energy_1_workload_1,tv_dro,2025-10-01,49,True,True,20,,0.01,0.7,20.0,optimal_decomposed,69.03638350000256,69.03565259999596,0.0,1,2,16307.664624421883,533.9055933035839,16841.570217725468,16542.21038849803,17076.115981801617,206859.80445833545,0.0,59.219755548698046,0.0,0.0,0.0,False,False,False
ablation,tv_dro_energy_1_workload_1,tv_dro,2025-10-01,50,True,True,20,,0.01,0.7,20.0,optimal_decomposed,69.03638350000256,69.03565259999596,0.0,1,2,16307.664624421883,533.9055933035839,16841.570217725468,16201.13856940571,16735.044162709295,195120.50374956534,0.008298450621361253,59.190451387455184,0.0,0.0,0.0,False,False,False
ablation,tv_dro_energy_1_workload_1,tv_dro,2025-10-01,51,True,True,20,,0.01,0.7,20.0,optimal_decomposed,69.03638350000256,69.03565259999596,0.0,1,2,16307.664624421883,533.9055933035839,16841.570217725468,15867.166699452206,16401.07229275579,184759.93002671594,0.03066291303336932,54.644598055613265,0.0,0.0,0.0,False,False,False
ablation,tv_dro_energy_1_workload_1,tv_dro,2025-10-01,52,True,True,20,,0.01,0.7,20.0,optimal_decomposed,69.03638350000256,69.03565259999596,0.0,1,2,16307.664624421883,533.9055933035839,16841.570217725468,16983.210264179317,17517.115857482902,209001.9409896867,0.0,58.93746883717732,0.0,0.0,0.0,False,False,False
ablation,tv_dro_energy_1_workload_1,tv_dro,2025-10-01,53,True,True,20,,0.01,0.7,20.0,optimal_decomposed,69.03638350000256,69.03565259999596,0.0,1,2,16307.664624421883,533.9055933035839,16841.570217725468,16363.641726019194,16897.547319322777,189582.52412264424,0.0,50.60684585983601,0.0,0.0,0.0,False,False,False
ablation,tv_dro_energy_1_workload_1,tv_dro,2025-10-01,54,True,True,20,,0.01,0.7,20.0,optimal_decomposed,69.03638350000256,69.03565259999596,0.0,1,2,16307.664624421883,533.9055933035839,16841.570217725468,16936.87414911177,17470.779742415354,205174.49186260128,0.0,50.49083750157869,0.0,0.0,0.0,False,False,False
ablation,tv_dro_energy_1_workload_1,tv_dro,2025-10-01,55,True,True,20,,0.01,0.7,20.0,optimal_decomposed,69.03638350000256,69.03565259999596,0.0,1,2,16307.664624421883,533.9055933035839,16841.570217725468,16414.820731795677,16948.726325099262,192597.31677209953,0.0,60.13818688665118,0.0,0.0,0.0,False,False,False
ablation,tv_dro_energy_1_workload_1,tv_dro,2025-10-01,56,True,True,20,,0.01,0.7,20.0,optimal_decomposed,69.03638350000256,69.03565259999596,0.0,1,2,16307.664624421883,533.9055933035839,16841.570217725468,16396.321342789175,16930.22693609276,196245.30458966474,0.0,42.853341162776054,0.0,0.0,0.0,False,False,False
ablation,tv_dro_energy_1_workload_1,tv_dro,2025-10-01,57,True,True,20,,0.01,0.7,20.0,optimal_decomposed,69.03638350000256,69.03565259999596,0.0,1,2,16307.664624421883,533.9055933035839,16841.570217725468,16279.288320337264,16813.193913640847,190564.19392416652,0.0,51.635536963522064,0.0,0.0,0.0,False,False,False
ablation,tv_dro_energy_1_workload_1,tv_dro,2025-10-01,58,True,True,20,,0.01,0.7,20.0,optimal_decomposed,69.03638350000256,69.03565259999596,0.0,1,2,16307.664624421883,533.9055933035839,16841.570217725468,17183.589356501485,17717.49494980507,212670.6807376723,0.0,61.11318051401485,0.0,0.0,0.0,False,False,False
ablation,tv_dro_energy_1_workload_1,tv_dro,2025-10-01,59,True,True,20,,0.01,0.7,20.0,optimal_decomposed,69.03638350000256,69.03565259999596,0.0,1,2,16307.664624421883,533.9055933035839,16841.570217725468,17169.883937768776,17703.78953107236,212573.24041327852,0.0,54.16824986397863,0.0,0.0,0.0,False,False,False
ablation,tv_dro_energy_1_workload_1,tv_dro,2025-10-01,60,True,True,20,,0.01,0.7,20.0,optimal_decomposed,69.03638350000256,69.03565259999596,0.0,1,2,16307.664624421883,533.9055933035839,16841.570217725468,16368.48145803953,16902.387051343114,199543.99429817422,0.07609954058138158,52.051104573991395,0.0,0.0,0.0,False,False,False
ablation,tv_dro_energy_1_workload_1,tv_dro,2025-10-01,61,True,True,20,,0.01,0.7,20.0,optimal_decomposed,69.03638350000256,69.03565259999596,0.0,1,2,16307.664624421883,533.9055933035839,16841.570217725468,16404.85235375831,16938.757947061895,197305.4119800298,0.0,42.797241231625975,0.0,0.0,0.0,False,False,False
ablation,tv_dro_energy_1_workload_1,tv_dro,2025-10-01,62,True,True,20,,0.01,0.7,20.0,optimal_decomposed,69.03638350000256,69.03565259999596,0.0,1,2,16307.664624421883,533.9055933035839,16841.570217725468,15770.35244060023,16304.258033903814,179776.65260357276,0.0,57.3825487138164,0.0,0.0,0.0,False,False,False
ablation,tv_dro_energy_1_workload_1,tv_dro,2025-10-01,63,True,True,20,,0.01,0.7,20.0,optimal_decomposed,69.03638350000256,69.03565259999596,0.0,1,2,16307.664624421883,533.9055933035839,16841.570217725468,16676.924791292007,17210.830384595592,192530.1784634893,0.0,60.39556518474298,0.0,0.0,0.0,False,False,False
ablation,tv_dro_energy_1_workload_1,tv_dro,2025-10-01,64,True,True,20,,0.01,0.7,20.0,optimal_decomposed,69.03638350000256,69.03565259999596,0.0,1,2,16307.664624421883,533.9055933035839,16841.570217725468,15971.565507172501,16505.471100476087,181277.17944856882,0.0,49.84158292967509,0.0,0.0,0.0,False,False,False
ablation,tv_dro_energy_1_workload_1,tv_dro,2025-10-01,65,True,True,20,,0.01,0.7,20.0,optimal_decomposed,69.03638350000256,69.03565259999596,0.0,1,2,16307.664624421883,533.9055933035839,16841.570217725468,16843.613466648792,17377.519059952378,194654.82606601054,0.0,58.96259768083732,0.0,0.0,0.0,False,False,False
ablation,tv_dro_energy_1_workload_1,tv_dro,2025-10-01,66,True,True,20,,0.01,0.7,20.0,optimal_decomposed,69.03638350000256,69.03565259999596,0.0,1,2,16307.664624421883,533.9055933035839,16841.570217725468,16688.615013853658,17222.520607157243,202208.284866555,0.0,64.14465009482656,0.0,0.0,0.0,False,False,False
ablation,tv_dro_energy_1_workload_1,tv_dro,2025-10-01,67,True,True,20,,0.01,0.7,20.0,optimal_decomposed,69.03638350000256,69.03565259999596,0.0,1,2,16307.664624421883,533.9055933035839,16841.570217725468,15768.062938784335,16301.968532087918,175827.33601879227,0.0,54.90968396474155,0.0,0.0,0.0,False,False,False
ablation,tv_dro_energy_1_workload_1,tv_dro,2025-10-01,68,True,True,20,,0.01,0.7,20.0,optimal_decomposed,69.03638350000256,69.03565259999596,0.0,1,2,16307.664624421883,533.9055933035839,16841.570217725468,17390.00934368634,17923.914936989924,219685.6852094216,0.05158307767854997,57.117853039481595,0.0,0.0,0.0,False,False,False
ablation,tv_dro_energy_1_workload_1,tv_dro,2025-10-01,69,True,True,20,,0.01,0.7,20.0,optimal_decomposed,69.03638350000256,69.03565259999596,0.0,1,2,16307.664624421883,533.9055933035839,16841.570217725468,17142.483443031928,17676.389036335513,215076.51125059897,0.03590533443501709,58.7124972033426,0.0,0.0,0.0,False,False,False
ablation,tv_dro_energy_1_workload_1,tv_dro,2025-10-01,70,True,True,20,,0.01,0.7,20.0,optimal_decomposed,69.03638350000256,69.03565259999596,0.0,1,2,16307.664624421883,533.9055933035839,16841.570217725468,16770.21259592904,17304.118189232624,206222.45118007166,0.0,57.56489675314903,0.0,0.0,0.0,False,False,False
ablation,tv_dro_energy_1_workload_1,tv_dro,2025-10-01,71,True,True,20,,0.01,0.7,20.0,optimal_decomposed,69.03638350000256,69.03565259999596,0.0,1,2,16307.664624421883,533.9055933035839,16841.570217725468,15889.1172254641,16423.022818767684,186763.79342242127,0.1513499475847414,62.08924769288462,0.0,0.0,0.0,False,False,False
ablation,tv_dro_energy_1_workload_1,tv_dro,2025-10-01,72,True,True,20,,0.01,0.7,20.0,optimal_decomposed,69.03638350000256,69.03565259999596,0.0,1,2,16307.664624421883,533.9055933035839,16841.570217725468,16124.552342858558,16658.457936162144,188401.10885819004,0.051583118035919195,60.48627425322541,0.0,0.0,0.0,False,False,False
ablation,tv_dro_energy_1_workload_1,tv_dro,2025-10-01,73,True,True,20,,0.01,0.7,20.0,optimal_decomposed,69.03638350000256,69.03565259999596,0.0,1,2,16307.664624421883,533.9055933035839,16841.570217725468,16387.891717016963,16921.797310320548,191365.23763502363,0.02763130862908203,52.25373219312025,0.0,0.0,0.0,False,False,False
ablation,tv_dro_energy_1_workload_1,tv_dro,2025-10-01,74,True,True,20,,0.01,0.7,20.0,optimal_decomposed,69.03638350000256,69.03565259999596,0.0,1,2,16307.664624421883,533.9055933035839,16841.570217725468,16058.872382676682,16592.777975980265,179447.14096527811,0.0,57.69209359813197,0.0,0.0,0.0,False,False,False
ablation,tv_dro_energy_1_workload_1,tv_dro,2025-10-01,75,True,True,20,,0.01,0.7,20.0,optimal_decomposed,69.03638350000256,69.03565259999596,0.0,1,2,16307.664624421883,533.9055933035839,16841.570217725468,16557.07626902318,17090.981862326764,197289.12459897218,0.12898846405826928,51.97663019194979,0.0,0.0,0.0,False,False,False
ablation,tv_dro_energy_1_workload_1,tv_dro,2025-10-01,76,True,True,20,,0.01,0.7,20.0,optimal_decomposed,69.03638350000256,69.03565259999596,0.0,1,2,16307.664624421883,533.9055933035839,16841.570217725468,17019.80325620824,17553.708849511826,213694.89732763454,0.0,54.53079934865617,0.0,0.0,0.0,False,False,False
ablation,tv_dro_energy_1_workload_1,tv_dro,2025-10-01,77,True,True,20,,0.01,0.7,20.0,optimal_decomposed,69.03638350000256,69.03565259999596,0.0,1,2,16307.664624421883,533.9055933035839,16841.570217725468,16044.22515208662,16578.130745390205,179397.23321815606,0.0842608748066096,53.69202986188296,0.0,0.0,0.0,False,False,False
ablation,tv_dro_energy_1_workload_1,tv_dro,2025-10-01,78,True,True,20,,0.01,0.7,20.0,optimal_decomposed,69.03638350000256,69.03565259999596,0.0,1,2,16307.664624421883,533.9055933035839,16841.570217725468,15981.529230932383,16515.434824235967,183941.93810607475,0.005598810098769169,54.19432264064153,0.0,0.0,0.0,False,False,False
ablation,tv_dro_energy_1_workload_1,tv_dro,2025-10-01,79,True,True,20,,0.01,0.7,20.0,optimal_decomposed,69.03638350000256,69.03565259999596,0.0,1,2,16307.664624421883,533.9055933035839,16841.570217725468,17049.760813570167,17583.666406873752,207238.7684869213,0.0,51.57320583508792,0.0,0.0,0.0,False,False,False
ablation,tv_dro_energy_1_workload_1,tv_dro,2025-10-01,80,True,True,20,,0.01,0.7,20.0,optimal_decomposed,69.03638350000256,69.03565259999596,0.0,1,2,16307.664624421883,533.9055933035839,16841.570217725468,16816.679186736266,17350.58478003985,206481.84909248597,0.0,51.04659075447125,0.0,0.0,0.0,False,False,False
ablation,tv_dro_energy_1_workload_1,tv_dro,2025-10-01,81,True,True,20,,0.01,0.7,20.0,optimal_decomposed,69.03638350000256,69.03565259999596,0.0,1,2,16307.664624421883,533.9055933035839,16841.570217725468,16567.074128624034,17100.97972192762,192272.81008258162,0.14885473840680194,61.02074360422498,0.0,0.0,0.0,False,False,False
ablation,tv_dro_energy_1_workload_1,tv_dro,2025-10-01,82,True,True,20,,0.01,0.7,20.0,optimal_decomposed,69.03638350000256,69.03565259999596,0.0,1,2,16307.664624421883,533.9055933035839,16841.570217725468,16050.63311228723,16584.538705590814,187312.52653465557,0.019507323756886713,48.69049531065316,0.0,0.0,0.0,False,False,False
ablation,tv_dro_energy_1_workload_1,tv_dro,2025-10-01,83,True,True,20,,0.01,0.7,20.0,optimal_decomposed,69.03638350000256,69.03565259999596,0.0,1,2,16307.664624421883,533.9055933035839,16841.570217725468,16914.664929916038,17448.570523219623,209606.3931600153,0.0,51.75038472094128,0.0,0.0,0.0,False,False,False
ablation,tv_dro_energy_1_workload_1,tv_dro,2025-10-01,84,True,True,20,,0.01,0.7,20.0,optimal_decomposed,69.03638350000256,69.03565259999596,0.0,1,2,16307.664624421883,533.9055933035839,16841.570217725468,17250.201927211594,17784.10752051518,209379.49091039706,0.06296550685832822,51.24437814969206,0.0,0.0,0.0,False,False,False
ablation,tv_dro_energy_1_workload_1,tv_dro,2025-10-01,85,True,True,20,,0.01,0.7,20.0,optimal_decomposed,69.03638350000256,69.03565259999596,0.0,1,2,16307.664624421883,533.9055933035839,16841.570217725468,16663.55500819735,17197.460601500934,198923.20293983046,0.0,60.40779457897816,0.0,0.0,0.0,False,False,False
ablation,tv_dro_energy_1_workload_1,tv_dro,2025-10-01,86,True,True,20,,0.01,0.7,20.0,optimal_decomposed,69.03638350000256,69.03565259999596,0.0,1,2,16307.664624421883,533.9055933035839,16841.570217725468,16677.45459315508,17211.360186458664,197721.5724730821,0.02332421325594833,47.30614673604477,0.0,0.0,0.0,False,False,False
ablation,tv_dro_energy_1_workload_1,tv_dro,2025-10-01,87,True,True,20,,0.01,0.7,20.0,optimal_decomposed,69.03638350000256,69.03565259999596,0.0,1,2,16307.664624421883,533.9055933035839,16841.570217725468,15609.038952534314,16142.944545837898,175010.07501990956,0.13713358618064336,55.01875129631828,0.0,0.0,0.0,False,False,False
ablation,tv_dro_energy_1_workload_1,tv_dro,2025-10-01,88,True,True,20,,0.01,0.7,20.0,optimal_decomposed,69.03638350000256,69.03565259999596,0.0,1,2,16307.664624421883,533.9055933035839,16841.570217725468,16013.654666980476,16547.56026028406,177970.14093254704,0.005891897538523372,58.729831805594344,0.0,0.0,0.0,False,False,False
ablation,tv_dro_energy_1_workload_1,tv_dro,2025-10-01,89,True,True,20,,0.01,0.7,20.0,optimal_decomposed,69.03638350000256,69.03565259999596,0.0,1,2,16307.664624421883,533.9055933035839,16841.570217725468,16433.88777676203,16967.793370065614,194466.17657314168,0.0,52.97269634947164,0.0,0.0,0.0,False,False,False
ablation,tv_dro_energy_1_workload_1,tv_dro,2025-10-01,90,True,True,20,,0.01,0.7,20.0,optimal_decomposed,69.03638350000256,69.03565259999596,0.0,1,2,16307.664624421883,533.9055933035839,16841.570217725468,16221.88295974014,16755.788553043723,189893.56837219384,0.19281189856319286,58.184991801983955,0.0,0.0,0.0,False,False,False
ablation,tv_dro_energy_1_workload_1,tv_dro,2025-10-01,91,True,True,20,,0.01,0.7,20.0,optimal_decomposed,69.03638350000256,69.03565259999596,0.0,1,2,16307.664624421883,533.9055933035839,16841.570217725468,15506.56006114814,16040.465654451724,168027.0328424585,0.2004444719289623,54.06422984438737,0.0,0.0,0.0,False,False,False
ablation,tv_dro_energy_1_workload_1,tv_dro,2025-10-01,92,True,True,20,,0.01,0.7,20.0,optimal_decomposed,69.03638350000256,69.03565259999596,0.0,1,2,16307.664624421883,533.9055933035839,16841.570217725468,16317.922078456664,16851.82767176025,182792.3116106919,0.0,45.12014002678525,0.0,0.0,0.0,False,False,False
ablation,tv_dro_energy_1_workload_1,tv_dro,2025-10-01,93,True,True,20,,0.01,0.7,20.0,optimal_decomposed,69.03638350000256,69.03565259999596,0.0,1,2,16307.664624421883,533.9055933035839,16841.570217725468,16207.345299657636,16741.25089296122,195388.41301152558,0.0,55.92833916740448,0.0,0.0,0.0,False,False,False
ablation,tv_dro_energy_1_workload_1,tv_dro,2025-10-01,94,True,True,20,,0.01,0.7,20.0,optimal_decomposed,69.03638350000256,69.03565259999596,0.0,1,2,16307.664624421883,533.9055933035839,16841.570217725468,16217.747590619341,16751.653183922925,186624.28078399305,0.0,50.30933802480144,0.0,0.0,0.0,False,False,False
ablation,tv_dro_energy_1_workload_1,tv_dro,2025-10-01,95,True,True,20,,0.01,0.7,20.0,optimal_decomposed,69.03638350000256,69.03565259999596,0.0,1,2,16307.664624421883,533.9055933035839,16841.570217725468,15940.92464146206,16474.830234765643,182954.83068434783,0.0,57.414293135613725,0.0,0.0,0.0,False,False,False
ablation,tv_dro_energy_1_workload_1,tv_dro,2025-10-01,96,True,True,20,,0.01,0.7,20.0,optimal_decomposed,69.03638350000256,69.03565259999596,0.0,1,2,16307.664624421883,533.9055933035839,16841.570217725468,16132.943635679572,16666.849228983156,189257.6595684644,0.025193990065432798,52.160888941979096,0.0,0.0,0.0,False,False,False
ablation,tv_dro_energy_1_workload_1,tv_dro,2025-10-01,97,True,True,20,,0.01,0.7,20.0,optimal_decomposed,69.03638350000256,69.03565259999596,0.0,1,2,16307.664624421883,533.9055933035839,16841.570217725468,16167.50426386853,16701.409857172115,187251.229548931,0.0,55.53130766077878,0.0,0.0,0.0,False,False,False
ablation,tv_dro_energy_1_workload_1,tv_dro,2025-10-01,98,True,True,20,,0.01,0.7,20.0,optimal_decomposed,69.03638350000256,69.03565259999596,0.0,1,2,16307.664624421883,533.9055933035839,16841.570217725468,16291.436149212102,16825.341742515688,187821.05919173794,0.04765627545035647,47.772300989092386,0.0,0.0,0.0,False,False,False
ablation,tv_dro_energy_1_workload_1,tv_dro,2025-10-01,99,True,True,20,,0.01,0.7,20.0,optimal_decomposed,69.03638350000256,69.03565259999596,0.0,1,2,16307.664624421883,533.9055933035839,16841.570217725468,16032.607263885107,16566.512857188693,184786.63967916876,0.12021575774347604,55.21156331845344,0.0,0.0,0.0,False,False,False
